Student Id Number,Attendance Type,Attendance Date,
="800000348",="Present",="5/12/2025",
="800001553",="Present",="5/12/2025",
="800001563",="Present",="5/12/2025",
="800001580",="Absent",="5/12/2025",
="800001589",="Present",="5/12/2025",
="800001650",="Present",="5/12/2025",
="800001665",="Present",="5/12/2025",
="800001667",="Present",="5/12/2025",
="800001710",="Present",="5/12/2025",
="800001712",="Present",="5/12/2025",
="800001725",="Present",="5/12/2025",
="800001726",="Present",="5/12/2025",
="800001729",="Present",="5/12/2025",
="800001735",="Present",="5/12/2025",
="800001736",="Present",="5/12/2025",
="800001739",="Present",="5/12/2025",
="800001740",="Present",="5/12/2025",
="800001757",="Present",="5/12/2025",
="800001765",="Present",="5/12/2025",
="800001769",="Present",="5/12/2025",
="800001782",="Absent",="5/12/2025",
="800001793",="Present",="5/12/2025",
="800001797",="Present",="5/12/2025",
="800001802",="Present",="5/12/2025",
="800001803",="Present",="5/12/2025",
="800001808",="Absent",="5/12/2025",
="800001810",="Present",="5/12/2025",
="800001813",="Present",="5/12/2025",
="800000289",="Present",="5/12/2025",
="800000722",="Present",="5/12/2025",
="800000774",="Present",="5/12/2025",
="800001513",="Present",="5/12/2025",
="770000323",="Present",="5/12/2025",
="770000409",="Present",="5/12/2025",
="800000927",="Present",="5/12/2025",
="800000941",="Present",="5/12/2025",
="800000957",="Absent",="5/12/2025",
="800001104",="Absent",="5/12/2025",
="800001142",="Present",="5/12/2025",
="800001268",="Absent",="5/12/2025",
="800001292",="Absent",="5/12/2025",
="800001318",="Absent",="5/12/2025",
="800001410",="Absent",="5/12/2025",
="800001562",="Absent",="5/12/2025",
="800001673",="Absent",="5/12/2025",
="770062456",="Present",="5/12/2025",
="800000228",="Present",="5/12/2025",
="800001001",="Present",="5/12/2025",
="800001360",="Present",="5/12/2025",
="800001363",="Present",="5/12/2025",
="800001403",="Present",="5/12/2025",
="800001415",="Present",="5/12/2025",
="800001459",="Present",="5/12/2025",
="800001473",="Present",="5/12/2025",
="800001498",="Present",="5/12/2025",
="800001505",="Present",="5/12/2025",
="800001508",="Present",="5/12/2025",
="800001511",="Present",="5/12/2025",
="800001528",="Present",="5/12/2025",
="800001530",="Present",="5/12/2025",
="800001534",="Present",="5/12/2025",
="800001557",="Present",="5/12/2025",
="800001586",="Present",="5/12/2025",
="800001593",="Present",="5/12/2025",
="800001614",="Absent",="5/12/2025",
="800001619",="Present",="5/12/2025",
="800001644",="Present",="5/12/2025",
="800001657",="Present",="5/12/2025",
="800001668",="Present",="5/12/2025",
="800001681",="Present",="5/12/2025",
="800001695",="Present",="5/12/2025",
="770017870",="Present",="5/12/2025",
="800000957",="Present",="5/12/2025",
="800001268",="Tardy/Late",="5/12/2025",
="800001410",="Present",="5/12/2025",
="800001497",="Absent",="5/12/2025",
="800001673",="Tardy/Late",="5/12/2025",
="800001591",="Present",="5/12/2025",
="770007073",="Present",="5/12/2025",
="800000649",="Present",="5/12/2025",
="800000879",="Present",="5/12/2025",
="800000893",="Present",="5/12/2025",
="800000934",="Present",="5/12/2025",
="800001142",="Tardy/Late",="5/12/2025",
="800001147",="Present",="5/12/2025",
="800001196",="Present",="5/12/2025",
="800001276",="Present",="5/12/2025",
="800001318",="Present",="5/12/2025",
="800001497",="Present",="5/12/2025",
="800001679",="Present",="5/12/2025",
="800000348",="Present",="5/13/2025",
="800001553",="Present",="5/13/2025",
="800001563",="Present",="5/13/2025",
="800001589",="Present",="5/13/2025",
="800001650",="Present",="5/13/2025",
="800001665",="Present",="5/13/2025",
="800001712",="Present",="5/13/2025",
="800001725",="Present",="5/13/2025",
="800001726",="Present",="5/13/2025",
="800001729",="Present",="5/13/2025",
="800001735",="Present",="5/13/2025",
="800001739",="Present",="5/13/2025",
="800001740",="Present",="5/13/2025",
="800001757",="Present",="5/13/2025",
="800001769",="Present",="5/13/2025",
="800001793",="Present",="5/13/2025",
="800001797",="Absent",="5/13/2025",
="800001803",="Present",="5/13/2025",
="800001813",="Present",="5/13/2025",
="800001667",="Present",="5/13/2025",
="800001691",="Present",="5/13/2025",
="800001710",="Present",="5/13/2025",
="800001765",="Present",="5/13/2025",
="800001782",="Absent",="5/13/2025",
="800001802",="Present",="5/13/2025",
="800001808",="Absent",="5/13/2025",
="800001810",="Present",="5/13/2025",
="800001114",="Present",="5/12/2025",
="800001308",="Present",="5/12/2025",
="800001443",="Present",="5/12/2025",
="800001517",="Present",="5/12/2025",
="800001572",="Present",="5/12/2025",
="800001617",="Present",="5/12/2025",
="800001618",="Present",="5/12/2025",
="800001633",="Present",="5/12/2025",
="800001634",="Present",="5/12/2025",
="800001637",="Absent",="5/12/2025",
="800001643",="Present",="5/12/2025",
="800001646",="Present",="5/12/2025",
="800001652",="Present",="5/12/2025",
="800001655",="Present",="5/12/2025",
="800001656",="Present",="5/12/2025",
="800001699",="Present",="5/12/2025",
="800001703",="Present",="5/12/2025",
="800001708",="Present",="5/12/2025",
="800001711",="Present",="5/12/2025",
="800001714",="Present",="5/12/2025",
="800001719",="Present",="5/12/2025",
="800001724",="Present",="5/12/2025",
="800001728",="Absent",="5/12/2025",
="800001731",="Present",="5/12/2025",
="800001733",="Present",="5/12/2025",
="800001736",="Absent",="5/12/2025",
="800001737",="Absent",="5/12/2025",
="800001747",="Absent",="5/12/2025",
="800001751",="Present",="5/12/2025",
="800001752",="Present",="5/12/2025",
="800001761",="Present",="5/12/2025",
="800001771",="Present",="5/12/2025",
="800001775",="Present",="5/12/2025",
="800001776",="Present",="5/12/2025",
="800001778",="Present",="5/12/2025",
="800001783",="Present",="5/12/2025",
="800001784",="Present",="5/12/2025",
="800001787",="Present",="5/12/2025",
="800001789",="Present",="5/12/2025",
="800001791",="Absent",="5/12/2025",
="800001798",="Present",="5/12/2025",
="800001801",="Present",="5/12/2025",
="800001812",="Present",="5/12/2025",
="800001257",="Present",="5/13/2025",
="800001265",="Present",="5/13/2025",
="800001403",="Present",="5/13/2025",
="800001468",="Present",="5/13/2025",
="800001484",="Present",="5/13/2025",
="800001498",="Present",="5/13/2025",
="800001502",="Present",="5/13/2025",
="800001506",="Present",="5/13/2025",
="800001525",="Present",="5/13/2025",
="800001558",="Present",="5/13/2025",
="800001576",="Present",="5/13/2025",
="800001581",="Present",="5/13/2025",
="800001592",="Present",="5/13/2025",
="800001605",="Present",="5/13/2025",
="800001607",="Present",="5/13/2025",
="800001621",="Present",="5/13/2025",
="800001622",="Present",="5/13/2025",
="800001642",="Present",="5/13/2025",
="800001666",="Present",="5/13/2025",
="800001668",="Present",="5/13/2025",
="800001688",="Present",="5/13/2025",
="800001689",="Absent",="5/13/2025",
="800001691",="Absent",="5/13/2025",
="800001696",="Present",="5/13/2025",
="800001697",="Present",="5/13/2025",
="800001701",="Present",="5/13/2025",
="800001405",="Present",="5/13/2025",
="800001434",="Present",="5/13/2025",
="800001580",="Absent",="5/13/2025",
="800001602",="Absent",="5/13/2025",
="800001711",="Present",="5/13/2025",
="800001723",="Present",="5/13/2025",
="800001753",="Absent",="5/13/2025",
="800001815",="Present",="5/13/2025",
="800001580",="Present",="5/13/2025",
="800001617",="Present",="5/13/2025",
="800001618",="Present",="5/13/2025",
="800001633",="Present",="5/13/2025",
="800001634",="Absent",="5/13/2025",
="800001637",="Absent",="5/13/2025",
="800001655",="Present",="5/13/2025",
="800001656",="Present",="5/13/2025",
="800001708",="Present",="5/13/2025",
="800001714",="Present",="5/13/2025",
="800001719",="Present",="5/13/2025",
="800001724",="Present",="5/13/2025",
="800001731",="Present",="5/13/2025",
="800001733",="Present",="5/13/2025",
="800001736",="Absent",="5/13/2025",
="800001737",="Absent",="5/13/2025",
="800001747",="Absent",="5/13/2025",
="800001752",="Present",="5/13/2025",
="800001761",="Present",="5/13/2025",
="800001778",="Present",="5/13/2025",
="800001787",="Present",="5/13/2025",
="800001791",="Absent",="5/13/2025",
="800001798",="Present",="5/13/2025",
="800001801",="Present",="5/13/2025",
="800001114",="Present",="5/13/2025",
="800001308",="Present",="5/13/2025",
="800001517",="Present",="5/13/2025",
="800001572",="Present",="5/13/2025",
="800001643",="Present",="5/13/2025",
="800001646",="Present",="5/13/2025",
="800001652",="Absent",="5/13/2025",
="800001699",="Present",="5/13/2025",
="800001703",="Absent",="5/13/2025",
="800001728",="Present",="5/13/2025",
="800001751",="Present",="5/13/2025",
="800001771",="Present",="5/13/2025",
="800001775",="Present",="5/13/2025",
="800001776",="Present",="5/13/2025",
="800001783",="Present",="5/13/2025",
="800001784",="Present",="5/13/2025",
="800001789",="Present",="5/13/2025",
="800001812",="Present",="5/13/2025",
="800001165",="Present",="5/14/2025",
="800001405",="Absent",="5/14/2025",
="800001419",="Present",="5/14/2025",
="800001434",="Present",="5/14/2025",
="800001553",="Present",="5/14/2025",
="800001579",="Absent",="5/14/2025",
="800001602",="Absent",="5/14/2025",
="800001650",="Present",="5/14/2025",
="800001711",="Present",="5/14/2025",
="800001723",="Present",="5/14/2025",
="800001725",="Present",="5/14/2025",
="800001735",="Present",="5/14/2025",
="800001739",="Present",="5/14/2025",
="800001740",="Present",="5/14/2025",
="800001753",="Absent",="5/14/2025",
="800001757",="Present",="5/14/2025",
="800001769",="Present",="5/14/2025",
="800001772",="Absent",="5/14/2025",
="800001782",="Absent",="5/14/2025",
="800001797",="Absent",="5/14/2025",
="800001802",="Present",="5/14/2025",
="800001803",="Present",="5/14/2025",
="800001808",="Absent",="5/14/2025",
="800001815",="Present",="5/14/2025",
="770000409",="Present",="5/13/2025",
="770007073",="Present",="5/13/2025",
="770017870",="Present",="5/13/2025",
="800000649",="Present",="5/13/2025",
="800001142",="Present",="5/13/2025",
="800001147",="Present",="5/13/2025",
="800001276",="Present",="5/13/2025",
="800001497",="Present",="5/13/2025",
="800001466",="Present",="5/13/2025",
="800001196",="Present",="5/14/2025",
="800001563",="Present",="5/14/2025",
="800001572",="Present",="5/14/2025",
="800001703",="Present",="5/14/2025",
="800001728",="Present",="5/14/2025",
="800001736",="Present",="5/14/2025",
="800001790",="Absent",="5/14/2025",
="800001799",="Absent",="5/14/2025",
="800001801",="Present",="5/14/2025",
="800001812",="Present",="5/14/2025",
="800001591",="Present",="5/14/2025",
="800000934",="Present",="5/14/2025",
="800000941",="Present",="5/14/2025",
="800000957",="Absent",="5/14/2025",
="800001165",="Absent",="5/14/2025",
="800001292",="Present",="5/14/2025",
="800001410",="Present",="5/14/2025",
="800000228",="Present",="5/14/2025",
="800000230",="Present",="5/14/2025",
="800000754",="Present",="5/14/2025",
="800000952",="Present",="5/14/2025",
="800001094",="Present",="5/14/2025",
="800001181",="Present",="5/14/2025",
="800001198",="Present",="5/14/2025",
="800001204",="Present",="5/14/2025",
="800001298",="Present",="5/14/2025",
="800001300",="Tardy/Late",="5/14/2025",
="800001315",="Present",="5/14/2025",
="800001324",="Absent",="5/14/2025",
="800001330",="Present",="5/14/2025",
="800001351",="Present",="5/14/2025",
="800001360",="Present",="5/14/2025",
="800001368",="Present",="5/14/2025",
="800001394",="Present",="5/14/2025",
="800001415",="Present",="5/14/2025",
="800001425",="Present",="5/14/2025",
="800001445",="Present",="5/14/2025",
="800001471",="Present",="5/14/2025",
="800001485",="Present",="5/14/2025",
="800001505",="Present",="5/14/2025",
="800001529",="Present",="5/14/2025",
="800001530",="Present",="5/14/2025",
="800001532",="Present",="5/14/2025",
="800001548",="Present",="5/14/2025",
="800001468",="Absent",="5/13/2025",
="800001558",="Absent",="5/13/2025",
="800001576",="Absent",="5/13/2025",
="800001621",="Absent",="5/13/2025",
="800001622",="Absent",="5/13/2025",
="800001642",="Absent",="5/13/2025",
="800001668",="Absent",="5/13/2025",
="800001681",="Absent",="5/13/2025",
="800001688",="Absent",="5/13/2025",
="800001695",="Absent",="5/13/2025",
="800001696",="Absent",="5/13/2025",
="800001697",="Absent",="5/13/2025",
="800001701",="Absent",="5/13/2025",
="770000745",="Absent",="5/13/2025",
="770062096",="Absent",="5/13/2025",
="770062456",="Present",="5/13/2025",
="800001001",="Present",="5/13/2025",
="800001029",="Present",="5/13/2025",
="800001417",="Present",="5/13/2025",
="800001459",="Present",="5/13/2025",
="800001508",="Tardy/Late",="5/13/2025",
="800001528",="Present",="5/13/2025",
="800001557",="Present",="5/13/2025",
="800001586",="Present",="5/13/2025",
="800001587",="Present",="5/13/2025",
="800001593",="Present",="5/13/2025",
="800001598",="Present",="5/13/2025",
="800001619",="Present",="5/13/2025",
="800001625",="Present",="5/13/2025",
="800001644",="Present",="5/13/2025",
="800001657",="Present",="5/13/2025",
="770000745",="Present",="5/14/2025",
="800000708",="Present",="5/14/2025",
="800001001",="Present",="5/14/2025",
="800001265",="Present",="5/14/2025",
="800001322",="Present",="5/14/2025",
="800001378",="Present",="5/14/2025",
="800001403",="Present",="5/14/2025",
="800001459",="Present",="5/14/2025",
="800001473",="Present",="5/14/2025",
="800001498",="Present",="5/14/2025",
="800001508",="Present",="5/14/2025",
="800001525",="Present",="5/14/2025",
="800001528",="Present",="5/14/2025",
="800001533",="Present",="5/14/2025",
="800001534",="Present",="5/14/2025",
="800001557",="Present",="5/14/2025",
="800001586",="Present",="5/14/2025",
="800001593",="Present",="5/14/2025",
="800001598",="Present",="5/14/2025",
="800001614",="Present",="5/14/2025",
="800001619",="Present",="5/14/2025",
="800001623",="Present",="5/14/2025",
="800001625",="Present",="5/14/2025",
="800001644",="Present",="5/14/2025",
="800001655",="Present",="5/14/2025",
="800001657",="Present",="5/14/2025",
="800001666",="Present",="5/14/2025",
="800001667",="Present",="5/14/2025",
="800001259",="Present",="5/14/2025",
="800001363",="Present",="5/14/2025",
="770000107",="Present",="5/14/2025",
="800000878",="Present",="5/14/2025",
="800000894",="Present",="5/14/2025",
="800001234",="Present",="5/14/2025",
="800001320",="Present",="5/14/2025",
="800001342",="Present",="5/14/2025",
="800001359",="Present",="5/14/2025",
="800001405",="Absent",="5/12/2025",
="800001434",="Absent",="5/12/2025",
="800001581",="Absent",="5/12/2025",
="800001691",="Absent",="5/12/2025",
="800001308",="Present",="5/14/2025",
="800001580",="Present",="5/14/2025",
="800001618",="Present",="5/14/2025",
="800001646",="Present",="5/14/2025",
="800001656",="Present",="5/14/2025",
="800001689",="Present",="5/14/2025",
="800001699",="Present",="5/14/2025",
="800001703",="Absent",="5/14/2025",
="800001787",="Present",="5/14/2025",
="800001789",="Present",="5/14/2025",
="800001798",="Present",="5/14/2025",
="770000107",="Present",="5/12/2025",
="800000894",="Present",="5/12/2025",
="800001234",="Present",="5/12/2025",
="800001320",="Present",="5/12/2025",
="800001342",="Present",="5/12/2025",
="800001359",="Present",="5/12/2025",
="800001030",="Present",="5/14/2025",
="800001257",="Present",="5/14/2025",
="800001417",="Present",="5/14/2025",
="800001420",="Present",="5/14/2025",
="800001468",="Present",="5/14/2025",
="800001502",="Present",="5/14/2025",
="800001592",="Present",="5/14/2025",
="800001642",="Present",="5/14/2025",
="800001688",="Present",="5/14/2025",
="800001696",="Present",="5/14/2025",
="800001697",="Present",="5/14/2025",
="800001701",="Present",="5/14/2025",
="800001165",="Absent",="5/15/2025",
="800001562",="Present",="5/15/2025",
="800001607",="Absent",="5/15/2025",
="800001673",="Present",="5/15/2025",
="800000228",="Present",="5/15/2025",
="800001445",="Present",="5/15/2025",
="800001563",="Present",="5/15/2025",
="800001579",="Absent",="5/15/2025",
="800001656",="Present",="5/15/2025",
="800001711",="Present",="5/15/2025",
="800001725",="Present",="5/15/2025",
="800001735",="Absent",="5/15/2025",
="800001739",="Present",="5/15/2025",
="800001753",="Absent",="5/15/2025",
="800001757",="Present",="5/15/2025",
="800001765",="Present",="5/15/2025",
="800001769",="Present",="5/15/2025",
="800001772",="Absent",="5/15/2025",
="800001782",="Absent",="5/15/2025",
="800001790",="Absent",="5/15/2025",
="800001797",="Absent",="5/15/2025",
="800001802",="Present",="5/15/2025",
="800001803",="Present",="5/15/2025",
="800001808",="Absent",="5/15/2025",
="800001815",="Present",="5/15/2025",
="800000230",="Present",="5/15/2025",
="800001322",="Present",="5/15/2025",
="800001324",="Present",="5/15/2025",
="800001360",="Present",="5/15/2025",
="800001394",="Present",="5/15/2025",
="800001414",="Present",="5/15/2025",
="800001471",="Present",="5/15/2025",
="800001529",="Present",="5/15/2025",
="800001533",="Present",="5/15/2025",
="800001548",="Present",="5/15/2025",
="800000289",="Present",="5/14/2025",
="800000762",="Present",="5/14/2025",
="800000774",="Present",="5/14/2025",
="800000289",="Present",="5/15/2025",
="800000762",="Present",="5/15/2025",
="770000409",="Present",="5/15/2025",
="800000941",="Present",="5/15/2025",
="800000957",="Absent",="5/15/2025",
="800001104",="Present",="5/15/2025",
="800001198",="Present",="5/15/2025",
="800001292",="Present",="5/15/2025",
="800001318",="Present",="5/15/2025",
="800001410",="Present",="5/15/2025",
="800001607",="Present",="5/15/2025",
="800001626",="Present",="5/15/2025",
="770000745",="Present",="5/15/2025",
="770062456",="Present",="5/15/2025",
="800001001",="Present",="5/15/2025",
="800001029",="Present",="5/15/2025",
="800001443",="Present",="5/15/2025",
="800001459",="Present",="5/15/2025",
="800001473",="Present",="5/15/2025",
="800001505",="Present",="5/15/2025",
="800001511",="Present",="5/15/2025",
="800001525",="Absent",="5/15/2025",
="800001557",="Present",="5/15/2025",
="800001586",="Present",="5/15/2025",
="800001593",="Present",="5/15/2025",
="800001598",="Present",="5/15/2025",
="800001614",="Absent",="5/15/2025",
="800001619",="Present",="5/15/2025",
="800001623",="Present",="5/15/2025",
="800001625",="Present",="5/15/2025",
="800001644",="Present",="5/15/2025",
="800001657",="Present",="5/15/2025",
="800001681",="Present",="5/15/2025",
="800001689",="Present",="5/15/2025",
="800001691",="Present",="5/15/2025",
="800001695",="Present",="5/15/2025",
="770062096",="Present",="5/15/2025",
="800001204",="Present",="5/15/2025",
="800001257",="Present",="5/15/2025",
="800001300",="Present",="5/15/2025",
="800001468",="Present",="5/15/2025",
="800001484",="Present",="5/15/2025",
="800001489",="Absent",="5/15/2025",
="800001502",="Present",="5/15/2025",
="800001506",="Present",="5/15/2025",
="800001576",="Present",="5/15/2025",
="800001592",="Present",="5/15/2025",
="800001605",="Present",="5/15/2025",
="800001634",="Absent",="5/15/2025",
="800001642",="Present",="5/15/2025",
="800001665",="Present",="5/15/2025",
="800001668",="Present",="5/15/2025",
="800001688",="Present",="5/15/2025",
="800001696",="Present",="5/15/2025",
="800001697",="Present",="5/15/2025",
="770000107",="Present",="5/15/2025",
="800000722",="Present",="5/15/2025",
="800000878",="Present",="5/15/2025",
="800000894",="Present",="5/15/2025",
="800001196",="Present",="5/15/2025",
="800001320",="Present",="5/15/2025",
="800001342",="Present",="5/15/2025",
="800001359",="Present",="5/15/2025",
="770000323",="Present",="5/13/2025",
="800000879",="Present",="5/13/2025",
="800000893",="Present",="5/13/2025",
="800000934",="Present",="5/13/2025",
="800001142",="Absent",="5/13/2025",
="800001513",="Present",="5/13/2025",
="800001679",="Present",="5/13/2025",
="800000289",="Present",="5/16/2025",
="800000762",="Present",="5/16/2025",
="800000774",="Absent",="5/16/2025",
="770000323",="Present",="5/16/2025",
="800000934",="Present",="5/16/2025",
="800001142",="Present",="5/16/2025",
="800001196",="Present",="5/16/2025",
="800001276",="Present",="5/16/2025",
="800001318",="Absent",="5/16/2025",
="800001443",="Present",="5/16/2025",
="800001497",="Absent",="5/16/2025",
="800001415",="Present",="5/16/2025",
="800001617",="Present",="5/16/2025",
="800001637",="Absent",="5/16/2025",
="800001676",="Present",="5/16/2025",
="800001689",="Present",="5/16/2025",
="800001708",="Present",="5/16/2025",
="800001714",="Present",="5/16/2025",
="800001719",="Present",="5/16/2025",
="800001724",="Present",="5/16/2025",
="800001731",="Present",="5/16/2025",
="800001733",="Present",="5/16/2025",
="800001737",="Absent",="5/16/2025",
="800001745",="Present",="5/16/2025",
="800001747",="Absent",="5/16/2025",
="800001751",="Present",="5/16/2025",
="800001752",="Present",="5/16/2025",
="800001760",="Present",="5/16/2025",
="800001761",="Present",="5/16/2025",
="800001771",="Present",="5/16/2025",
="800001776",="Present",="5/16/2025",
="800001784",="Present",="5/16/2025",
="800001787",="Present",="5/16/2025",
="800001791",="Absent",="5/16/2025",
="800001804",="Absent",="5/16/2025",
="800001617",="Present",="5/15/2025",
="800001637",="Absent",="5/15/2025",
="800001676",="Absent",="5/15/2025",
="800001708",="Present",="5/15/2025",
="800001714",="Present",="5/15/2025",
="800001719",="Present",="5/15/2025",
="800001724",="Present",="5/15/2025",
="800001731",="Present",="5/15/2025",
="800001737",="Absent",="5/15/2025",
="800001745",="Present",="5/15/2025",
="800001747",="Absent",="5/15/2025",
="800001751",="Present",="5/15/2025",
="800001752",="Present",="5/15/2025",
="800001760",="Present",="5/15/2025",
="800001761",="Present",="5/15/2025",
="800001771",="Present",="5/15/2025",
="800001775",="Present",="5/15/2025",
="800001776",="Present",="5/15/2025",
="800001778",="Present",="5/15/2025",
="800001791",="Absent",="5/15/2025",
="800001799",="Present",="5/15/2025",
="800001801",="Present",="5/15/2025",
="800001804",="Absent",="5/15/2025",
="770062456",="Present",="5/17/2025",
="800001114",="Present",="5/17/2025",
="800001265",="Present",="5/17/2025",
="800001308",="Present",="5/17/2025",
="800001415",="Present",="5/17/2025",
="800001459",="Present",="5/17/2025",
="800001489",="Absent",="5/17/2025",
="800001586",="Present",="5/17/2025",
="800001589",="Present",="5/17/2025",
="800001592",="Present",="5/17/2025",
="800001605",="Present",="5/17/2025",
="800001614",="Absent",="5/17/2025",
="800001619",="Present",="5/17/2025",
="800001633",="Present",="5/17/2025",
="800001655",="Present",="5/17/2025",
="800001657",="Present",="5/17/2025",
="800001665",="Present",="5/17/2025",
="800001666",="Present",="5/17/2025",
="800001668",="Present",="5/17/2025",
="800001681",="Present",="5/17/2025",
="800001696",="Present",="5/17/2025",
="800001697",="Present",="5/17/2025",
="800001701",="Present",="5/17/2025",
="800001712",="Present",="5/17/2025",
="800001484",="Present",="5/17/2025",
="800001580",="Present",="5/17/2025",
="800001618",="Present",="5/17/2025",
="800001621",="Present",="5/17/2025",
="800001622",="Present",="5/17/2025",
="800001623",="Present",="5/17/2025",
="800001625",="Present",="5/17/2025",
="800001634",="Present",="5/17/2025",
="800001646",="Present",="5/17/2025",
="800001652",="Present",="5/17/2025",
="800001667",="Present",="5/17/2025",
="800001691",="Present",="5/17/2025",
="800001695",="Present",="5/17/2025",
="800001699",="Present",="5/17/2025",
="800001705",="Present",="5/17/2025",
="800001710",="Present",="5/17/2025",
="800001789",="Present",="5/17/2025",
="800001798",="Present",="5/17/2025",
="800001810",="Present",="5/17/2025",
="800001813",="Present",="5/17/2025",
="770007073",="Present",="5/18/2025",
="770017870",="Present",="5/18/2025",
="800000649",="Present",="5/18/2025",
="800001094",="Present",="5/18/2025",
="800001104",="Present",="5/18/2025",
="800001142",="Present",="5/18/2025",
="800001318",="Present",="5/18/2025",
="800001443",="Present",="5/18/2025",
="800001466",="Present",="5/18/2025",
="800001489",="Present",="5/18/2025",
="800001497",="Present",="5/18/2025",
="800001517",="Present",="5/18/2025",
="800001591",="Present",="5/18/2025",
="800001626",="Present",="5/18/2025",
="800001679",="Present",="5/18/2025",
="800000282",="Absent",="5/18/2025",
="800000428",="Present",="5/18/2025",
="800000461",="Present",="5/18/2025",
="800000625",="Present",="5/18/2025",
="800000289",="Present",="5/19/2025",
="800000722",="Present",="5/19/2025",
="800000774",="Present",="5/19/2025",
="800001513",="Present",="5/19/2025",
="800000282",="Present",="5/17/2025",
="800000428",="Present",="5/17/2025",
="800000461",="Present",="5/17/2025",
="800000625",="Present",="5/17/2025",
="800001029",="Absent",="5/13/2025",
="770007073",="Present",="5/17/2025",
="770017870",="Present",="5/17/2025",
="800000894",="Present",="5/17/2025",
="800000927",="Present",="5/17/2025",
="800001320",="Present",="5/17/2025",
="800001342",="Present",="5/17/2025",
="800001359",="Absent",="5/17/2025",
="800001591",="Present",="5/17/2025",
="800000952",="Present",="5/18/2025",
="800001001",="Present",="5/18/2025",
="800001529",="Present",="5/18/2025",
="800001587",="Present",="5/18/2025",
="800001602",="Present",="5/18/2025",
="800001607",="Present",="5/18/2025",
="800001643",="Present",="5/18/2025",
="800001714",="Present",="5/18/2025",
="800001719",="Present",="5/18/2025",
="800001724",="Present",="5/18/2025",
="800001731",="Present",="5/18/2025",
="800001733",="Present",="5/18/2025",
="800001751",="Present",="5/18/2025",
="800001752",="Present",="5/18/2025",
="800001760",="Present",="5/18/2025",
="800001761",="Present",="5/18/2025",
="800001784",="Present",="5/18/2025",
="800001787",="Present",="5/18/2025",
="800001789",="Present",="5/18/2025",
="800000228",="Present",="5/18/2025",
="800001165",="Present",="5/18/2025",
="800001204",="Present",="5/18/2025",
="800001378",="Present",="5/18/2025",
="800001445",="Present",="5/18/2025",
="800001618",="Present",="5/18/2025",
="800001665",="Present",="5/18/2025",
="800001691",="Present",="5/18/2025",
="800001728",="Present",="5/18/2025",
="800001736",="Absent",="5/18/2025",
="800001783",="Present",="5/18/2025",
="800001801",="Present",="5/18/2025",
="800001812",="Present",="5/18/2025",
="800001587",="Present",="5/17/2025",
="800001617",="Absent",="5/17/2025",
="800001673",="Present",="5/17/2025",
="800001711",="Present",="5/17/2025",
="800001714",="Present",="5/17/2025",
="800001719",="Present",="5/17/2025",
="800001724",="Present",="5/17/2025",
="800001729",="Present",="5/17/2025",
="800001731",="Present",="5/17/2025",
="800001733",="Present",="5/17/2025",
="800001737",="Absent",="5/17/2025",
="800001747",="Absent",="5/17/2025",
="800001760",="Present",="5/17/2025",
="800001761",="Present",="5/17/2025",
="800001771",="Present",="5/17/2025",
="800001775",="Present",="5/17/2025",
="800001776",="Present",="5/17/2025",
="800001778",="Present",="5/17/2025",
="800001783",="Present",="5/17/2025",
="800001787",="Present",="5/17/2025",
="800001791",="Absent",="5/17/2025",
="800001803",="Present",="5/17/2025",
="800001165",="Present",="5/17/2025",
="800001562",="Present",="5/17/2025",
="800001676",="Absent",="5/17/2025",
="800001679",="Present",="5/17/2025",
="800001728",="Present",="5/17/2025",
="800001736",="Present",="5/17/2025",
="800001745",="Present",="5/17/2025",
="800001751",="Present",="5/17/2025",
="800001752",="Present",="5/17/2025",
="800001765",="Present",="5/17/2025",
="800001784",="Present",="5/17/2025",
="800001799",="Absent",="5/17/2025",
="800001801",="Present",="5/17/2025",
="800001812",="Present",="5/17/2025",
="800001815",="Present",="5/17/2025",
="770000409",="Tardy/Late",="5/19/2025",
="800000927",="Tardy/Late",="5/19/2025",
="800001104",="Present",="5/19/2025",
="800001292",="Present",="5/19/2025",
="770017870",="Present",="5/19/2025",
="800000957",="Present",="5/19/2025",
="800001268",="Present",="5/19/2025",
="800001410",="Present",="5/19/2025",
="800001497",="Present",="5/19/2025",
="800001562",="Present",="5/19/2025",
="800001673",="Tardy/Late",="5/19/2025",
="800001591",="Present",="5/19/2025",
="770007073",="Present",="5/19/2025",
="800000649",="Present",="5/19/2025",
="800000879",="Present",="5/19/2025",
="800000893",="Present",="5/19/2025",
="800000934",="Present",="5/19/2025",
="800001142",="Present",="5/19/2025",
="800001147",="Present",="5/19/2025",
="800001196",="Present",="5/19/2025",
="800001276",="Present",="5/19/2025",
="800001318",="Present",="5/19/2025",
="800001679",="Present",="5/19/2025",
="800001292",="Tardy/Late",="5/12/2025",
="770000745",="Present",="5/19/2025",
="770062456",="Present",="5/19/2025",
="800000228",="Present",="5/19/2025",
="800001001",="Present",="5/19/2025",
="800001265",="Present",="5/19/2025",
="800001330",="Present",="5/19/2025",
="800001360",="Present",="5/19/2025",
="800001363",="Present",="5/19/2025",
="800001403",="Present",="5/19/2025",
="800001415",="Present",="5/19/2025",
="800001445",="Present",="5/19/2025",
="800001459",="Present",="5/19/2025",
="800001473",="Present",="5/19/2025",
="800001498",="Present",="5/19/2025",
="800001508",="Present",="5/19/2025",
="800001511",="Present",="5/19/2025",
="800001528",="Present",="5/19/2025",
="800001530",="Present",="5/19/2025",
="800001532",="Present",="5/19/2025",
="800001534",="Present",="5/19/2025",
="800001548",="Present",="5/19/2025",
="800001557",="Present",="5/19/2025",
="800001586",="Present",="5/19/2025",
="800001593",="Present",="5/19/2025",
="800001598",="Present",="5/19/2025",
="800001605",="Present",="5/19/2025",
="800001619",="Present",="5/19/2025",
="800001644",="Present",="5/19/2025",
="800001657",="Present",="5/19/2025",
="800001668",="Present",="5/19/2025",
="800001681",="Present",="5/19/2025",
="800001695",="Present",="5/19/2025",
="800001114",="Present",="5/19/2025",
="800001308",="Present",="5/19/2025",
="800001443",="Present",="5/19/2025",
="800001517",="Present",="5/19/2025",
="800001572",="Present",="5/19/2025",
="800001580",="Present",="5/19/2025",
="800001614",="Present",="5/19/2025",
="800001617",="Present",="5/19/2025",
="800001618",="Absent",="5/19/2025",
="800001623",="Absent",="5/19/2025",
="800001633",="Present",="5/19/2025",
="800001634",="Present",="5/19/2025",
="800001637",="Absent",="5/19/2025",
="800001643",="Present",="5/19/2025",
="800001646",="Present",="5/19/2025",
="800001652",="Present",="5/19/2025",
="800001655",="Present",="5/19/2025",
="800001656",="Present",="5/19/2025",
="800001699",="Present",="5/19/2025",
="800001703",="Present",="5/19/2025",
="800001708",="Present",="5/19/2025",
="800001711",="Present",="5/19/2025",
="800001714",="Present",="5/19/2025",
="800001719",="Present",="5/19/2025",
="800001724",="Present",="5/19/2025",
="800001728",="Present",="5/19/2025",
="800001731",="Present",="5/19/2025",
="800001733",="Present",="5/19/2025",
="800001736",="Present",="5/19/2025",
="800001737",="Absent",="5/19/2025",
="800001747",="Absent",="5/19/2025",
="800001751",="Present",="5/19/2025",
="800001752",="Present",="5/19/2025",
="800001761",="Present",="5/19/2025",
="800001771",="Present",="5/19/2025",
="800001775",="Present",="5/19/2025",
="800001776",="Present",="5/19/2025",
="800001778",="Present",="5/19/2025",
="800001784",="Present",="5/19/2025",
="800001787",="Present",="5/19/2025",
="800001789",="Present",="5/19/2025",
="800001791",="Absent",="5/19/2025",
="800001798",="Present",="5/19/2025",
="800001801",="Present",="5/19/2025",
="800001812",="Present",="5/19/2025",
="800000348",="Present",="5/19/2025",
="800001405",="Present",="5/19/2025",
="800001434",="Present",="5/19/2025",
="800001553",="Present",="5/19/2025",
="800001563",="Present",="5/19/2025",
="800001581",="Present",="5/19/2025",
="800001589",="Present",="5/19/2025",
="800001650",="Present",="5/19/2025",
="800001665",="Present",="5/19/2025",
="800001667",="Present",="5/19/2025",
="800001691",="Present",="5/19/2025",
="800001710",="Present",="5/19/2025",
="800001712",="Present",="5/19/2025",
="800001725",="Present",="5/19/2025",
="800001726",="Present",="5/19/2025",
="800001729",="Present",="5/19/2025",
="800001735",="Present",="5/19/2025",
="800001739",="Present",="5/19/2025",
="800001740",="Present",="5/19/2025",
="800001757",="Present",="5/19/2025",
="800001765",="Present",="5/19/2025",
="800001769",="Present",="5/19/2025",
="800001782",="Present",="5/19/2025",
="800001793",="Present",="5/19/2025",
="800001797",="Present",="5/19/2025",
="800001802",="Present",="5/19/2025",
="800001803",="Present",="5/19/2025",
="800001808",="Present",="5/19/2025",
="800001810",="Present",="5/19/2025",
="800001813",="Present",="5/19/2025",
="770000323",="Present",="5/19/2025",
="770000409",="Present",="5/19/2025",
="800000927",="Present",="5/19/2025",
="800000957",="Absent",="5/19/2025",
="800001673",="Present",="5/19/2025",
="770000107",="Present",="5/19/2025",
="800000894",="Present",="5/19/2025",
="800001234",="Present",="5/19/2025",
="800001320",="Present",="5/19/2025",
="800001342",="Present",="5/19/2025",
="800001359",="Present",="5/19/2025",
="800000228",="Present",="5/16/2025",
="800000230",="Present",="5/16/2025",
="800000708",="Present",="5/16/2025",
="800000754",="Present",="5/16/2025",
="800000952",="Present",="5/16/2025",
="800001030",="Present",="5/16/2025",
="800001204",="Present",="5/16/2025",
="800001298",="Present",="5/16/2025",
="800001300",="Present",="5/16/2025",
="800001315",="Present",="5/16/2025",
="800001322",="Present",="5/16/2025",
="800001351",="Present",="5/16/2025",
="800001360",="Present",="5/16/2025",
="800001394",="Present",="5/16/2025",
="800001414",="Present",="5/16/2025",
="800001417",="Present",="5/16/2025",
="800001419",="Present",="5/16/2025",
="800001420",="Present",="5/16/2025",
="800001425",="Present",="5/16/2025",
="800001445",="Present",="5/16/2025",
="800001471",="Present",="5/16/2025",
="800001485",="Present",="5/16/2025",
="800001505",="Present",="5/16/2025",
="800001511",="Present",="5/16/2025",
="800001529",="Present",="5/16/2025",
="800001532",="Present",="5/16/2025",
="800001548",="Present",="5/16/2025",
="770007073",="Present",="5/15/2025",
="800000649",="Present",="5/15/2025",
="800000879",="Present",="5/15/2025",
="800000893",="Present",="5/15/2025",
="800000934",="Present",="5/15/2025",
="800001147",="Present",="5/15/2025",
="800001276",="Present",="5/15/2025",
="800001497",="Present",="5/15/2025",
="800001679",="Present",="5/15/2025",
="800000348",="Present",="5/20/2025",
="800001553",="Present",="5/20/2025",
="800001563",="Present",="5/20/2025",
="800001581",="Present",="5/20/2025",
="800001589",="Present",="5/20/2025",
="800001650",="Present",="5/20/2025",
="800001665",="Present",="5/20/2025",
="800001712",="Present",="5/20/2025",
="800001725",="Present",="5/20/2025",
="800001726",="Present",="5/20/2025",
="800001729",="Present",="5/20/2025",
="800001735",="Present",="5/20/2025",
="800001739",="Present",="5/20/2025",
="800001740",="Present",="5/20/2025",
="800001757",="Present",="5/20/2025",
="800001769",="Present",="5/20/2025",
="800001793",="Present",="5/20/2025",
="800001797",="Absent",="5/20/2025",
="800001803",="Present",="5/20/2025",
="800001813",="Present",="5/20/2025",
="800001405",="Present",="5/20/2025",
="800001434",="Present",="5/20/2025",
="800001667",="Present",="5/20/2025",
="800001691",="Present",="5/20/2025",
="800001710",="Present",="5/20/2025",
="800001765",="Present",="5/20/2025",
="800001782",="Absent",="5/20/2025",
="800001802",="Present",="5/20/2025",
="800001808",="Absent",="5/20/2025",
="800001810",="Present",="5/20/2025",
="800001257",="Present",="5/20/2025",
="800001265",="Present",="5/20/2025",
="800001403",="Present",="5/20/2025",
="800001466",="Present",="5/20/2025",
="800001468",="Present",="5/20/2025",
="800001484",="Present",="5/20/2025",
="800001498",="Present",="5/20/2025",
="800001502",="Present",="5/20/2025",
="800001506",="Present",="5/20/2025",
="800001525",="Present",="5/20/2025",
="800001558",="Present",="5/20/2025",
="800001592",="Present",="5/20/2025",
="800001605",="Present",="5/20/2025",
="800001607",="Present",="5/20/2025",
="800001621",="Present",="5/20/2025",
="800001622",="Present",="5/20/2025",
="800001642",="Present",="5/20/2025",
="800001666",="Present",="5/20/2025",
="800001668",="Present",="5/20/2025",
="800001688",="Present",="5/20/2025",
="800001696",="Present",="5/20/2025",
="800001697",="Present",="5/20/2025",
="800001701",="Present",="5/20/2025",
="800001466",="Absent",="5/20/2025",
="770000409",="Present",="5/20/2025",
="770007073",="Present",="5/20/2025",
="770017870",="Present",="5/20/2025",
="800000649",="Present",="5/20/2025",
="800001147",="Present",="5/20/2025",
="800001276",="Present",="5/20/2025",
="800001497",="Present",="5/20/2025",
="800001576",="Present",="5/20/2025",
="800001602",="Absent",="5/20/2025",
="800001711",="Present",="5/20/2025",
="800001723",="Present",="5/20/2025",
="800001728",="Present",="5/20/2025",
="800001753",="Absent",="5/20/2025",
="800001815",="Present",="5/20/2025",
="800001484",="Absent",="5/14/2025",
="770000323",="Present",="5/20/2025",
="800000879",="Present",="5/20/2025",
="800000893",="Present",="5/20/2025",
="800000934",="Present",="5/20/2025",
="800001513",="Present",="5/20/2025",
="800001679",="Present",="5/20/2025",
="800001580",="Present",="5/20/2025",
="800001617",="Absent",="5/20/2025",
="800001618",="Absent",="5/20/2025",
="800001633",="Present",="5/20/2025",
="800001634",="Present",="5/20/2025",
="800001637",="Absent",="5/20/2025",
="800001655",="Present",="5/20/2025",
="800001656",="Present",="5/20/2025",
="800001708",="Present",="5/20/2025",
="800001714",="Present",="5/20/2025",
="800001719",="Present",="5/20/2025",
="800001724",="Present",="5/20/2025",
="800001731",="Present",="5/20/2025",
="800001733",="Present",="5/20/2025",
="800001736",="Present",="5/20/2025",
="800001737",="Absent",="5/20/2025",
="800001747",="Absent",="5/20/2025",
="800001752",="Present",="5/20/2025",
="800001761",="Present",="5/20/2025",
="800001778",="Present",="5/20/2025",
="800001787",="Present",="5/20/2025",
="800001791",="Absent",="5/20/2025",
="800001798",="Present",="5/20/2025",
="800001801",="Present",="5/20/2025",
="800001114",="Present",="5/20/2025",
="800001308",="Present",="5/20/2025",
="800001443",="Present",="5/20/2025",
="800001517",="Present",="5/20/2025",
="800001572",="Present",="5/20/2025",
="800001614",="Present",="5/20/2025",
="800001643",="Present",="5/20/2025",
="800001646",="Present",="5/20/2025",
="800001652",="Present",="5/20/2025",
="800001699",="Present",="5/20/2025",
="800001703",="Present",="5/20/2025",
="800001751",="Present",="5/20/2025",
="800001771",="Present",="5/20/2025",
="800001775",="Present",="5/20/2025",
="800001776",="Present",="5/20/2025",
="800001784",="Present",="5/20/2025",
="800001789",="Present",="5/20/2025",
="800001812",="Present",="5/20/2025",
="800001165",="Absent",="5/21/2025",
="800001405",="Tardy/Late",="5/21/2025",
="800001419",="Present",="5/21/2025",
="800001434",="Present",="5/21/2025",
="800001553",="Present",="5/21/2025",
="800001576",="Present",="5/21/2025",
="800001602",="Absent",="5/21/2025",
="800001638",="Tardy/Late",="5/21/2025",
="800001650",="Present",="5/21/2025",
="800001711",="Present",="5/21/2025",
="800001723",="Tardy/Late",="5/21/2025",
="800001725",="Present",="5/21/2025",
="800001735",="Present",="5/21/2025",
="800001740",="Present",="5/21/2025",
="800001753",="Absent",="5/21/2025",
="800001757",="Tardy/Late",="5/21/2025",
="800001769",="Tardy/Late",="5/21/2025",
="800001772",="Absent",="5/21/2025",
="800001782",="Absent",="5/21/2025",
="800001797",="Absent",="5/21/2025",
="800001802",="Present",="5/21/2025",
="800001803",="Present",="5/21/2025",
="800001808",="Absent",="5/21/2025",
="800001815",="Present",="5/21/2025",
="800001029",="Present",="5/20/2025",
="800001558",="Tardy/Late",="5/20/2025",
="800001681",="Absent",="5/20/2025",
="800001695",="Absent",="5/20/2025",
="800001701",="Absent",="5/20/2025",
="770000745",="Present",="5/20/2025",
="770062096",="Present",="5/20/2025",
="770062456",="Present",="5/20/2025",
="800001001",="Present",="5/20/2025",
="800001417",="Present",="5/20/2025",
="800001436",="Absent",="5/20/2025",
="800001459",="Present",="5/20/2025",
="800001508",="Absent",="5/20/2025",
="800001528",="Present",="5/20/2025",
="800001557",="Absent",="5/20/2025",
="800001586",="Present",="5/20/2025",
="800001587",="Present",="5/20/2025",
="800001593",="Present",="5/20/2025",
="800001598",="Present",="5/20/2025",
="800001619",="Present",="5/20/2025",
="800001623",="Absent",="5/20/2025",
="800001625",="Absent",="5/20/2025",
="800001644",="Present",="5/20/2025",
="800001657",="Present",="5/20/2025",
="800001196",="Present",="5/21/2025",
="800001563",="Present",="5/21/2025",
="800001572",="Present",="5/21/2025",
="800001703",="Present",="5/21/2025",
="800001728",="Absent",="5/21/2025",
="800001736",="Present",="5/21/2025",
="800001739",="Present",="5/21/2025",
="800001783",="Present",="5/21/2025",
="800001790",="Absent",="5/21/2025",
="800001799",="Absent",="5/21/2025",
="800001801",="Tardy/Late",="5/21/2025",
="800001812",="Tardy/Late",="5/21/2025",
="770000745",="Present",="5/21/2025",
="800000708",="Present",="5/21/2025",
="800000952",="Present",="5/21/2025",
="800001001",="Present",="5/21/2025",
="800001265",="Present",="5/21/2025",
="800001322",="Present",="5/21/2025",
="800001378",="Present",="5/21/2025",
="800001403",="Present",="5/21/2025",
="800001459",="Present",="5/21/2025",
="800001473",="Present",="5/21/2025",
="800001498",="Present",="5/21/2025",
="800001508",="Present",="5/21/2025",
="800001525",="Present",="5/21/2025",
="800001528",="Present",="5/21/2025",
="800001532",="Present",="5/21/2025",
="800001533",="Present",="5/21/2025",
="800001534",="Present",="5/21/2025",
="800001557",="Present",="5/21/2025",
="800001586",="Present",="5/21/2025",
="800001593",="Present",="5/21/2025",
="800001598",="Present",="5/21/2025",
="800001614",="Present",="5/21/2025",
="800001619",="Present",="5/21/2025",
="800001623",="Present",="5/21/2025",
="800001625",="Present",="5/21/2025",
="800001644",="Present",="5/21/2025",
="800001655",="Present",="5/21/2025",
="800001657",="Present",="5/21/2025",
="800001666",="Present",="5/21/2025",
="800001667",="Present",="5/21/2025",
="800000348",="Present",="5/16/2025",
="800001434",="Present",="5/16/2025",
="800001553",="Present",="5/16/2025",
="800001563",="Present",="5/16/2025",
="800001650",="Present",="5/16/2025",
="800001708",="Absent excused",="5/16/2025",
="800001710",="Present",="5/16/2025",
="800001712",="Present",="5/16/2025",
="800001723",="Present",="5/16/2025",
="800001725",="Present",="5/16/2025",
="800001726",="Present",="5/16/2025",
="800001735",="Present",="5/16/2025",
="800001739",="Present",="5/16/2025",
="800001740",="Present",="5/16/2025",
="800001753",="Absent excused",="5/16/2025",
="800001757",="Present",="5/16/2025",
="800001769",="Present",="5/16/2025",
="800001772",="Absent excused",="5/16/2025",
="800001782",="Absent excused",="5/16/2025",
="800001793",="Present",="5/16/2025",
="800001797",="Absent excused",="5/16/2025",
="800001802",="Present",="5/16/2025",
="800001808",="Absent excused",="5/16/2025",
="800001813",="Present",="5/16/2025",
="800001591",="Present",="5/21/2025",
="800000934",="Present",="5/21/2025",
="800000941",="Present",="5/21/2025",
="800000957",="Present",="5/21/2025",
="800001292",="Present",="5/21/2025",
="800001410",="Present",="5/21/2025",
="800000289",="Present",="5/21/2025",
="800000762",="Present",="5/21/2025",
="800000774",="Present",="5/21/2025",
="800001485",="Present",="5/21/2025",
="800001308",="Present",="5/21/2025",
="800001580",="Present",="5/21/2025",
="800001618",="Absent",="5/21/2025",
="800001638",="Present",="5/21/2025",
="800001646",="Present",="5/21/2025",
="800001656",="Present",="5/21/2025",
="800001689",="Present",="5/21/2025",
="800001699",="Present",="5/21/2025",
="800001787",="Present",="5/21/2025",
="800001789",="Present",="5/21/2025",
="800001798",="Present",="5/21/2025",
="800001812",="Absent",="5/21/2025",
="800000230",="Present",="5/21/2025",
="800000754",="Present",="5/21/2025",
="800001094",="Present",="5/21/2025",
="800001181",="Present",="5/21/2025",
="800001198",="Present",="5/21/2025",
="800001259",="Present",="5/21/2025",
="800001298",="Present",="5/21/2025",
="800001351",="Present",="5/21/2025",
="800001360",="Present",="5/21/2025",
="800001363",="Present",="5/21/2025",
="800001368",="Present",="5/21/2025",
="800001394",="Present",="5/21/2025",
="800001425",="Present",="5/21/2025",
="800001529",="Present",="5/21/2025",
="800001548",="Present",="5/21/2025",
="770000107",="Present",="5/21/2025",
="800000878",="Present",="5/21/2025",
="800000894",="Present",="5/21/2025",
="800001234",="Present",="5/21/2025",
="800001320",="Present",="5/21/2025",
="800001342",="Present",="5/21/2025",
="800001359",="Present",="5/21/2025",
="800001563",="Present",="5/22/2025",
="800001656",="Present",="5/22/2025",
="800001711",="Present",="5/22/2025",
="800001725",="Present",="5/22/2025",
="800001735",="Present",="5/22/2025",
="800001739",="Present",="5/22/2025",
="800001757",="Present",="5/22/2025",
="800001765",="Present",="5/22/2025",
="800001769",="Present",="5/22/2025",
="800001802",="Present",="5/22/2025",
="800001803",="Present",="5/22/2025",
="800001808",="Absent",="5/22/2025",
="800001815",="Present",="5/22/2025",
="800001617",="Present",="5/22/2025",
="800001708",="Present",="5/22/2025",
="800001714",="Present",="5/22/2025",
="800001719",="Present",="5/22/2025",
="800001724",="Present",="5/22/2025",
="800001731",="Absent",="5/22/2025",
="800001737",="Absent",="5/22/2025",
="800001745",="Present",="5/22/2025",
="800001751",="Present",="5/22/2025",
="800001752",="Present",="5/22/2025",
="800001760",="Present",="5/22/2025",
="800001761",="Present",="5/22/2025",
="800001771",="Present",="5/22/2025",
="800001775",="Present",="5/22/2025",
="800001776",="Present",="5/22/2025",
="800001778",="Present",="5/22/2025",
="800001801",="Present",="5/22/2025",
="800001804",="Present",="5/22/2025",
="770000745",="Absent",="5/22/2025",
="770062456",="Present",="5/22/2025",
="800001001",="Present",="5/22/2025",
="800001165",="Absent",="5/22/2025",
="800001443",="Present",="5/22/2025",
="800001459",="Present",="5/22/2025",
="800001473",="Present",="5/22/2025",
="800001505",="Present",="5/22/2025",
="800001508",="Absent",="5/22/2025",
="800001511",="Present",="5/22/2025",
="800001525",="Present",="5/22/2025",
="800001557",="Present",="5/22/2025",
="800001586",="Present",="5/22/2025",
="800001593",="Present",="5/22/2025",
="800001598",="Present",="5/22/2025",
="800001614",="Absent",="5/22/2025",
="800001619",="Present",="5/22/2025",
="800001623",="Present",="5/22/2025",
="800001625",="Present",="5/22/2025",
="800001644",="Present",="5/22/2025",
="800001657",="Present",="5/22/2025",
="800001681",="Present",="5/22/2025",
="800001689",="Present",="5/22/2025",
="800001695",="Present",="5/22/2025",
="800001614",="Present",="5/22/2025",
="800001562",="Present",="5/22/2025",
="800001607",="Present",="5/22/2025",
="800001673",="Present",="5/22/2025",
="770062096",="Absent",="5/22/2025",
="800001204",="Present",="5/22/2025",
="800001257",="Present",="5/22/2025",
="800001300",="Present",="5/22/2025",
="800001436",="Absent",="5/22/2025",
="800001468",="Present",="5/22/2025",
="800001484",="Present",="5/22/2025",
="800001489",="Absent",="5/22/2025",
="800001502",="Present",="5/22/2025",
="800001506",="Present",="5/22/2025",
="800001587",="Present",="5/22/2025",
="800001592",="Present",="5/22/2025",
="800001605",="Present",="5/22/2025",
="800001634",="Present",="5/22/2025",
="800001642",="Present",="5/22/2025",
="800001665",="Present",="5/22/2025",
="800001668",="Present",="5/22/2025",
="800001688",="Present",="5/22/2025",
="800001691",="Present",="5/22/2025",
="800001696",="Present",="5/22/2025",
="800001697",="Present",="5/22/2025",
="800000941",="Present",="5/17/2025",
="800001198",="Present",="5/17/2025",
="800001268",="Present",="5/17/2025",
="800001292",="Present",="5/17/2025",
="800001368",="Present",="5/17/2025",
="800001410",="Present",="5/17/2025",
="800001443",="Present",="5/17/2025",
="800001517",="Present",="5/17/2025",
="800001607",="Present",="5/17/2025",
="800001642",="Present",="5/17/2025",
="770000323",="Present",="5/23/2025",
="800000934",="Present",="5/23/2025",
="800001142",="Present",="5/23/2025",
="800001196",="Absent",="5/23/2025",
="800001276",="Absent",="5/23/2025",
="800001318",="Present",="5/23/2025",
="800001443",="Present",="5/23/2025",
="800001497",="Present",="5/23/2025",
="770007073",="Present",="5/24/2025",
="770017870",="Present",="5/24/2025",
="800000894",="Present",="5/24/2025",
="800000927",="Present",="5/24/2025",
="800001320",="Present",="5/24/2025",
="800001342",="Present",="5/24/2025",
="800001359",="Present",="5/24/2025",
="800001591",="Present",="5/24/2025",
="800001705",="Present",="5/24/2025",
="770062456",="Present",="5/24/2025",
="800001114",="Present",="5/24/2025",
="800001265",="Present",="5/24/2025",
="800001308",="Present",="5/24/2025",
="800001415",="Present",="5/24/2025",
="800001459",="Present",="5/24/2025",
="800001489",="Present",="5/24/2025",
="800001579",="Present",="5/24/2025",
="800001586",="Present",="5/24/2025",
="800001589",="Present",="5/24/2025",
="800001592",="Present",="5/24/2025",
="800001605",="Present",="5/24/2025",
="800001614",="Present",="5/24/2025",
="800001619",="Present",="5/24/2025",
="800001633",="Present",="5/24/2025",
="800001655",="Present",="5/24/2025",
="800001657",="Present",="5/24/2025",
="800001665",="Present",="5/24/2025",
="800001666",="Present",="5/24/2025",
="800001668",="Present",="5/24/2025",
="800001681",="Present",="5/24/2025",
="800001696",="Present",="5/24/2025",
="800001697",="Present",="5/24/2025",
="800001712",="Present",="5/24/2025",
="800001778",="Present",="5/24/2025",
="800001484",="Present",="5/24/2025",
="800001580",="Present",="5/24/2025",
="800001590",="Present",="5/24/2025",
="800001618",="Present",="5/24/2025",
="800001621",="Present",="5/24/2025",
="800001622",="Present",="5/24/2025",
="800001623",="Present",="5/24/2025",
="800001625",="Present",="5/24/2025",
="800001634",="Present",="5/24/2025",
="800001646",="Present",="5/24/2025",
="800001652",="Present",="5/24/2025",
="800001667",="Present",="5/24/2025",
="800001691",="Present",="5/24/2025",
="800001695",="Present",="5/24/2025",
="800001699",="Present",="5/24/2025",
="800001710",="Present",="5/24/2025",
="800001789",="Present",="5/24/2025",
="800001798",="Present",="5/24/2025",
="800001810",="Present",="5/24/2025",
="800001813",="Present",="5/24/2025",
="800001587",="Present",="5/24/2025",
="800001617",="Present",="5/24/2025",
="800001638",="Present",="5/24/2025",
="800001673",="Present",="5/24/2025",
="800001711",="Present",="5/24/2025",
="800001714",="Present",="5/24/2025",
="800001719",="Absent",="5/24/2025",
="800001724",="Present",="5/24/2025",
="800001729",="Present",="5/24/2025",
="800001731",="Absent",="5/24/2025",
="800001733",="Present",="5/24/2025",
="800001737",="Absent",="5/24/2025",
="800001760",="Present",="5/24/2025",
="800001761",="Present",="5/24/2025",
="800001771",="Present",="5/24/2025",
="800001775",="Present",="5/24/2025",
="800001776",="Present",="5/24/2025",
="800001783",="Present",="5/24/2025",
="800001787",="Present",="5/24/2025",
="800001803",="Present",="5/24/2025",
="800001817",="Present",="5/24/2025",
="800001165",="Present",="5/24/2025",
="800001562",="Present",="5/24/2025",
="800001579",="Absent",="5/24/2025",
="800001679",="Present",="5/24/2025",
="800001728",="Present",="5/24/2025",
="800001736",="Present",="5/24/2025",
="800001745",="Present",="5/24/2025",
="800001751",="Present",="5/24/2025",
="800001752",="Absent",="5/24/2025",
="800001765",="Present",="5/24/2025",
="800001784",="Present",="5/24/2025",
="800001801",="Absent",="5/24/2025",
="800001812",="Present",="5/24/2025",
="800001815",="Present",="5/24/2025",
="800000952",="Present",="5/25/2025",
="800001001",="Present",="5/25/2025",
="800001529",="Present",="5/25/2025",
="800001587",="Present",="5/25/2025",
="800001602",="Present",="5/25/2025",
="800001607",="Present",="5/25/2025",
="800001626",="Present",="5/25/2025",
="800001643",="Present",="5/25/2025",
="800001679",="Present",="5/25/2025",
="800001714",="Present",="5/25/2025",
="800001719",="Present",="5/25/2025",
="800001724",="Present",="5/25/2025",
="800001731",="Present",="5/25/2025",
="800001733",="Present",="5/25/2025",
="800001751",="Present",="5/25/2025",
="800001760",="Present",="5/25/2025",
="800001761",="Present",="5/25/2025",
="800001784",="Present",="5/25/2025",
="800001787",="Present",="5/25/2025",
="800001789",="Present",="5/25/2025",
="800000228",="Present",="5/25/2025",
="800001165",="Present",="5/25/2025",
="800001204",="Present",="5/25/2025",
="800001378",="Present",="5/25/2025",
="800001445",="Present",="5/25/2025",
="800001579",="Absent",="5/25/2025",
="800001618",="Present",="5/25/2025",
="800001623",="Present",="5/25/2025",
="800001625",="Present",="5/25/2025",
="800001665",="Present",="5/25/2025",
="800001691",="Present",="5/25/2025",
="800001736",="Present",="5/25/2025",
="800001783",="Present",="5/25/2025",
="800001812",="Present",="5/25/2025",
="800000228",="Present",="5/21/2025",
="800001204",="Present",="5/21/2025",
="800001300",="Absent",="5/21/2025",
="800001315",="Present",="5/21/2025",
="800001330",="Present",="5/21/2025",
="800001415",="Present",="5/21/2025",
="800001427",="Present",="5/21/2025",
="800001445",="Present",="5/21/2025",
="800001471",="Present",="5/21/2025",
="800001505",="Present",="5/21/2025",
="800001530",="Present",="5/21/2025",
="770007073",="Present",="5/25/2025",
="770017870",="Present",="5/25/2025",
="800000649",="Present",="5/25/2025",
="800001094",="Present",="5/25/2025",
="800001104",="Present",="5/25/2025",
="800001142",="Present",="5/25/2025",
="800001318",="Present",="5/25/2025",
="800001443",="Present",="5/25/2025",
="800001466",="Absent",="5/25/2025",
="800001489",="Present",="5/25/2025",
="800001497",="Present",="5/25/2025",
="800001517",="Present",="5/25/2025",
="800001591",="Present",="5/25/2025",
="800001626",="Absent",="5/25/2025",
="800000228",="Present",="5/23/2025",
="800000230",="Absent",="5/23/2025",
="800000708",="Present",="5/23/2025",
="800000754",="Present",="5/23/2025",
="800000952",="Present",="5/23/2025",
="800001030",="Present",="5/23/2025",
="800001204",="Present",="5/23/2025",
="800001298",="Present",="5/23/2025",
="800001300",="Present",="5/23/2025",
="800001315",="Absent",="5/23/2025",
="800001322",="Present",="5/23/2025",
="800001351",="Present",="5/23/2025",
="800001360",="Present",="5/23/2025",
="800001394",="Present",="5/23/2025",
="800001414",="Present",="5/23/2025",
="800001417",="Present",="5/23/2025",
="800001419",="Present",="5/23/2025",
="800001420",="Present",="5/23/2025",
="800001425",="Absent",="5/23/2025",
="800001445",="Present",="5/23/2025",
="800001471",="Present",="5/23/2025",
="800001485",="Present",="5/23/2025",
="800001505",="Present",="5/23/2025",
="800001511",="Present",="5/23/2025",
="800001529",="Present",="5/23/2025",
="800001532",="Present",="5/23/2025",
="800001548",="Present",="5/23/2025",
="770007073",="Present",="5/22/2025",
="800000649",="Present",="5/22/2025",
="800000879",="Present",="5/22/2025",
="800000893",="Present",="5/22/2025",
="800000934",="Present",="5/22/2025",
="800001147",="Present",="5/22/2025",
="800001276",="Present",="5/22/2025",
="800001497",="Present",="5/22/2025",
="800001679",="Present",="5/22/2025",
="800000428",="Present",="5/25/2025",
="800000461",="Present",="5/25/2025",
="800000625",="Present",="5/25/2025",
="800000289",="Present",="5/23/2025",
="800000762",="Present",="5/23/2025",
="800000774",="Present",="5/23/2025",
="800000348",="Present",="5/27/2025",
="800001553",="Present",="5/27/2025",
="800001563",="Present",="5/27/2025",
="800001581",="Absent",="5/27/2025",
="800001589",="Present",="5/27/2025",
="800001650",="Present",="5/27/2025",
="800001665",="Present",="5/27/2025",
="800001712",="Present",="5/27/2025",
="800001725",="Present",="5/27/2025",
="800001726",="Present",="5/27/2025",
="800001729",="Present",="5/27/2025",
="800001735",="Present",="5/27/2025",
="800001739",="Present",="5/27/2025",
="800001740",="Present",="5/27/2025",
="800001757",="Present",="5/27/2025",
="800001769",="Present",="5/27/2025",
="800001793",="Present",="5/27/2025",
="800001803",="Present",="5/27/2025",
="800001813",="Present",="5/27/2025",
="800001817",="Present",="5/27/2025",
="800001405",="Present",="5/27/2025",
="800001434",="Present",="5/27/2025",
="800001667",="Absent",="5/27/2025",
="800001691",="Present",="5/27/2025",
="800001710",="Present",="5/27/2025",
="800001765",="Present",="5/27/2025",
="800001802",="Present",="5/27/2025",
="800001808",="Absent",="5/27/2025",
="800001810",="Present",="5/27/2025",
="800001029",="Absent",="5/27/2025",
="800001257",="Present",="5/27/2025",
="800001265",="Present",="5/27/2025",
="800001403",="Present",="5/27/2025",
="800001466",="Present",="5/27/2025",
="800001468",="Present",="5/27/2025",
="800001484",="Present",="5/27/2025",
="800001498",="Present",="5/27/2025",
="800001502",="Present",="5/27/2025",
="800001506",="Present",="5/27/2025",
="800001525",="Present",="5/27/2025",
="800001558",="Present",="5/27/2025",
="800001592",="Present",="5/27/2025",
="800001605",="Present",="5/27/2025",
="800001607",="Present",="5/27/2025",
="800001621",="Present",="5/27/2025",
="800001622",="Present",="5/27/2025",
="800001642",="Present",="5/27/2025",
="800001666",="Present",="5/27/2025",
="800001668",="Present",="5/27/2025",
="800001688",="Present",="5/27/2025",
="800001696",="Present",="5/27/2025",
="800001697",="Present",="5/27/2025",
="800001701",="Present",="5/27/2025",
="800001576",="Present",="5/27/2025",
="800001602",="Absent",="5/27/2025",
="800001711",="Present",="5/27/2025",
="800001723",="Present",="5/27/2025",
="800001728",="Present",="5/27/2025",
="800001736",="Absent",="5/27/2025",
="800001815",="Present",="5/27/2025",
="800001817",="Absent",="5/27/2025",
="800001580",="Absent",="5/27/2025",
="800001590",="Absent",="5/27/2025",
="800001617",="Absent",="5/27/2025",
="800001618",="Present",="5/27/2025",
="800001633",="Present",="5/27/2025",
="800001634",="Present",="5/27/2025",
="800001655",="Present",="5/27/2025",
="800001656",="Present",="5/27/2025",
="800001689",="Absent",="5/27/2025",
="800001708",="Present",="5/27/2025",
="800001714",="Present",="5/27/2025",
="800001719",="Present",="5/27/2025",
="800001724",="Present",="5/27/2025",
="800001731",="Present",="5/27/2025",
="800001733",="Present",="5/27/2025",
="800001736",="Present",="5/27/2025",
="800001737",="Absent",="5/27/2025",
="800001752",="Present",="5/27/2025",
="800001761",="Present",="5/27/2025",
="800001778",="Present",="5/27/2025",
="800001787",="Present",="5/27/2025",
="800001798",="Present",="5/27/2025",
="800001801",="Present",="5/27/2025",
="770000323",="Present",="5/27/2025",
="770007073",="Present",="5/27/2025",
="800000649",="Present",="5/27/2025",
="800000879",="Present",="5/27/2025",
="800000893",="Present",="5/27/2025",
="800000934",="Present",="5/27/2025",
="800001147",="Present",="5/27/2025",
="800001276",="Present",="5/27/2025",
="800001497",="Present",="5/27/2025",
="800001513",="Present",="5/27/2025",
="800001679",="Present",="5/27/2025",
="770000409",="Present",="5/27/2025",
="770017870",="Present",="5/27/2025",
="800001165",="Present",="5/28/2025",
="800001405",="Absent",="5/28/2025",
="800001419",="Present",="5/28/2025",
="800001434",="Present",="5/28/2025",
="800001553",="Present",="5/28/2025",
="800001576",="Present",="5/28/2025",
="800001602",="Absent",="5/28/2025",
="800001638",="Present",="5/28/2025",
="800001650",="Present",="5/28/2025",
="800001711",="Present",="5/28/2025",
="800001723",="Present",="5/28/2025",
="800001725",="Absent",="5/28/2025",
="800001735",="Tardy/Late",="5/28/2025",
="800001740",="Present",="5/28/2025",
="800001757",="Tardy/Late",="5/28/2025",
="800001769",="Tardy/Late",="5/28/2025",
="800001802",="Absent",="5/28/2025",
="800001803",="Present",="5/28/2025",
="800001808",="Absent",="5/28/2025",
="800001815",="Present",="5/28/2025",
="800001817",="Present",="5/28/2025",
="800000289",="Present",="5/28/2025",
="800000762",="Present",="5/28/2025",
="800000774",="Present",="5/28/2025",
="800001196",="Present",="5/28/2025",
="800001563",="Present",="5/28/2025",
="800001572",="Present",="5/28/2025",
="800001703",="Absent",="5/28/2025",
="800001728",="Absent",="5/28/2025",
="800001736",="Present",="5/28/2025",
="800001739",="Present",="5/28/2025",
="800001783",="Present",="5/28/2025",
="800001812",="Present",="5/28/2025",
="800001114",="Present",="5/27/2025",
="800001308",="Present",="5/27/2025",
="800001443",="Present",="5/27/2025",
="800001517",="Present",="5/27/2025",
="800001572",="Present",="5/27/2025",
="800001614",="Present",="5/27/2025",
="800001643",="Present",="5/27/2025",
="800001646",="Present",="5/27/2025",
="800001652",="Present",="5/27/2025",
="800001699",="Present",="5/27/2025",
="800001703",="Absent",="5/27/2025",
="800001751",="Present",="5/27/2025",
="800001771",="Present",="5/27/2025",
="800001775",="Present",="5/27/2025",
="800001776",="Present",="5/27/2025",
="800001784",="Present",="5/27/2025",
="800001789",="Present",="5/27/2025",
="800001812",="Present",="5/27/2025",
="800001739",="No class",="5/14/2025",
="800001783",="No class",="5/14/2025",
="800001576",="No class",="5/14/2025",
="800001638",="No class",="5/14/2025",
="800001817",="No class",="5/14/2025",
="800001817",="No class",="5/21/2025",
="770000745",="Tardy/Late",="5/28/2025",
="800000708",="Tardy/Late",="5/28/2025",
="800000952",="Tardy/Late",="5/28/2025",
="800001001",="Tardy/Late",="5/28/2025",
="800001265",="Tardy/Late",="5/28/2025",
="800001322",="Tardy/Late",="5/28/2025",
="800001378",="Tardy/Late",="5/28/2025",
="800001403",="Tardy/Late",="5/28/2025",
="800001459",="Tardy/Late",="5/28/2025",
="800001473",="Tardy/Late",="5/28/2025",
="800001498",="Tardy/Late",="5/28/2025",
="800001508",="Tardy/Late",="5/28/2025",
="800001525",="Tardy/Late",="5/28/2025",
="800001528",="Tardy/Late",="5/28/2025",
="800001532",="Tardy/Late",="5/28/2025",
="800001533",="Tardy/Late",="5/28/2025",
="800001534",="Tardy/Late",="5/28/2025",
="800001557",="Tardy/Late",="5/28/2025",
="800001586",="Tardy/Late",="5/28/2025",
="800001593",="Tardy/Late",="5/28/2025",
="800001598",="Tardy/Late",="5/28/2025",
="800001614",="Tardy/Late",="5/28/2025",
="800001619",="Tardy/Late",="5/28/2025",
="800001623",="Tardy/Late",="5/28/2025",
="800001625",="Tardy/Late",="5/28/2025",
="800001644",="Tardy/Late",="5/28/2025",
="800001655",="Tardy/Late",="5/28/2025",
="800001657",="Tardy/Late",="5/28/2025",
="800001666",="Tardy/Late",="5/28/2025",
="800001667",="Tardy/Late",="5/28/2025",
="800001485",="Present",="5/28/2025",
="800000230",="Present",="5/28/2025",
="800000754",="Present",="5/28/2025",
="800001094",="Present",="5/28/2025",
="800001181",="Present",="5/28/2025",
="800001198",="Present",="5/28/2025",
="800001259",="Present",="5/28/2025",
="800001298",="Present",="5/28/2025",
="800001324",="Present",="5/28/2025",
="800001351",="Present",="5/28/2025",
="800001360",="Present",="5/28/2025",
="800001363",="Present",="5/28/2025",
="800001368",="Present",="5/28/2025",
="800001394",="Present",="5/28/2025",
="800001425",="Present",="5/28/2025",
="800001529",="Present",="5/28/2025",
="800001548",="Present",="5/28/2025",
="770000107",="Present",="5/28/2025",
="800000878",="Present",="5/28/2025",
="800000894",="Present",="5/28/2025",
="800001234",="Present",="5/28/2025",
="800001320",="Present",="5/28/2025",
="800001342",="Present",="5/28/2025",
="800001359",="Present",="5/28/2025",
="800001591",="Present",="5/28/2025",
="800000934",="Present",="5/28/2025",
="800000941",="Present",="5/28/2025",
="800000957",="Present",="5/28/2025",
="800001165",="Absent",="5/28/2025",
="800001292",="Present",="5/28/2025",
="800001410",="Present",="5/28/2025",
="800000952",="Present",="5/15/2025",
="800001363",="Present",="5/15/2025",
="800001417",="Present",="5/15/2025",
="800001420",="Present",="5/15/2025",
="800001425",="Present",="5/15/2025",
="800001427",="Present",="5/15/2025",
="800001485",="Present",="5/15/2025",
="800001530",="Present",="5/15/2025",
="800001623",="Present",="5/13/2025",
="770000745",="Present",="5/27/2025",
="770062096",="Present",="5/27/2025",
="770062456",="Present",="5/27/2025",
="800001001",="Present",="5/27/2025",
="800001417",="Present",="5/27/2025",
="800001436",="Tardy/Late excused",="5/27/2025",
="800001459",="Present",="5/27/2025",
="800001508",="Tardy/Late excused",="5/27/2025",
="800001528",="Present",="5/27/2025",
="800001557",="Present",="5/27/2025",
="800001586",="Present",="5/27/2025",
="800001587",="Present",="5/27/2025",
="800001593",="Present",="5/27/2025",
="800001598",="Present",="5/27/2025",
="800001619",="Present",="5/27/2025",
="800001623",="Present",="5/27/2025",
="800001625",="Present",="5/27/2025",
="800001644",="Present",="5/27/2025",
="800001657",="Present",="5/27/2025",
="800001030",="Present",="5/28/2025",
="800001257",="Present",="5/28/2025",
="800001417",="Present",="5/28/2025",
="800001420",="Present",="5/28/2025",
="800001468",="Present",="5/28/2025",
="800001502",="Present",="5/28/2025",
="800001525",="Present",="5/28/2025",
="800001533",="Present",="5/28/2025",
="800001592",="Present",="5/28/2025",
="800001642",="Present",="5/28/2025",
="800001666",="Present",="5/28/2025",
="800001688",="Present",="5/28/2025",
="800001696",="Present",="5/28/2025",
="800001697",="Present",="5/28/2025",
="800001701",="Absent",="5/28/2025",
="800000289",="Present",="5/29/2025",
="800000762",="Present",="5/29/2025",
="800001415",="Present",="5/23/2025",
="800001617",="Present",="5/23/2025",
="800001689",="Present",="5/23/2025",
="800001708",="Present",="5/23/2025",
="800001714",="Present",="5/23/2025",
="800001719",="Present",="5/23/2025",
="800001724",="Present",="5/23/2025",
="800001731",="Present",="5/23/2025",
="800001733",="Present",="5/23/2025",
="800001737",="Absent",="5/23/2025",
="800001745",="Present",="5/23/2025",
="800001751",="Present",="5/23/2025",
="800001760",="Present",="5/23/2025",
="800001761",="Present",="5/23/2025",
="800001771",="Present",="5/23/2025",
="800001776",="Present",="5/23/2025",
="800001784",="Present",="5/23/2025",
="800001787",="Present",="5/23/2025",
="800001804",="Present",="5/23/2025",
="800000941",="Present",="5/24/2025",
="800001198",="Present",="5/24/2025",
="800001268",="Present",="5/24/2025",
="800001292",="Present",="5/24/2025",
="800001368",="Absent",="5/24/2025",
="800001410",="Present",="5/24/2025",
="800001443",="Present",="5/24/2025",
="800001489",="Absent",="5/24/2025",
="800001517",="Present",="5/24/2025",
="800001607",="Present",="5/24/2025",
="800001642",="Present",="5/24/2025",
="800001563",="Present",="5/29/2025",
="800001656",="Present",="5/29/2025",
="800001711",="Present",="5/29/2025",
="800001725",="Absent",="5/29/2025",
="800001735",="Present",="5/29/2025",
="800001739",="Present",="5/29/2025",
="800001757",="Absent",="5/29/2025",
="800001765",="Present",="5/29/2025",
="800001769",="Present",="5/29/2025",
="800001802",="Present",="5/29/2025",
="800001803",="Present",="5/29/2025",
="800001808",="Absent",="5/29/2025",
="800001815",="Present",="5/29/2025",
="800001817",="Absent",="5/29/2025",
="770007073",="Present",="5/29/2025",
="800000649",="Present",="5/29/2025",
="800000879",="Present",="5/29/2025",
="800000893",="Present",="5/29/2025",
="800000934",="Present",="5/29/2025",
="800001147",="Present",="5/29/2025",
="800001276",="Present",="5/29/2025",
="800001497",="Present",="5/29/2025",
="800001679",="Present",="5/29/2025",
="770000745",="Present",="5/22/2025",
="800000230",="Present",="5/22/2025",
="800000952",="Present",="5/22/2025",
="800001322",="Present",="5/22/2025",
="800001324",="Absent",="5/22/2025",
="800001360",="Present",="5/22/2025",
="800001363",="Absent",="5/22/2025",
="800001394",="Present",="5/22/2025",
="800001414",="Present",="5/22/2025",
="800001417",="Present",="5/22/2025",
="800001420",="Absent",="5/22/2025",
="800001425",="Present",="5/22/2025",
="800001427",="Absent",="5/22/2025",
="800001471",="Present",="5/22/2025",
="800001485",="Present",="5/22/2025",
="800001529",="Present",="5/22/2025",
="800001530",="Present",="5/22/2025",
="800001533",="Present",="5/22/2025",
="800001548",="Present",="5/22/2025",
="770000745",="Present",="5/29/2025",
="800000230",="Present",="5/29/2025",
="800000952",="Present",="5/29/2025",
="800001322",="Present",="5/29/2025",
="800001324",="Present",="5/29/2025",
="800001360",="Present",="5/29/2025",
="800001363",="Present",="5/29/2025",
="800001394",="Present",="5/29/2025",
="800001414",="Present",="5/29/2025",
="800001417",="Present",="5/29/2025",
="800001420",="Present",="5/29/2025",
="800001425",="Present",="5/29/2025",
="800001427",="Present",="5/29/2025",
="800001471",="Present",="5/29/2025",
="800001485",="Present",="5/29/2025",
="800001529",="Present",="5/29/2025",
="800001530",="Present",="5/29/2025",
="800001533",="Present",="5/29/2025",
="800001548",="Present",="5/29/2025",
="800000785",="Absent",="5/27/2025",
="800001029",="Present",="5/27/2025",
="800001681",="Present",="5/27/2025",
="800001695",="Present",="5/27/2025",
="800000228",="Present",="5/28/2025",
="800000754",="Absent",="5/28/2025",
="800000952",="Present",="5/28/2025",
="800001204",="Present",="5/28/2025",
="800001300",="Absent",="5/28/2025",
="800001315",="Present",="5/28/2025",
="800001330",="Present",="5/28/2025",
="800001415",="Present",="5/28/2025",
="800001427",="Present",="5/28/2025",
="800001445",="Present",="5/28/2025",
="800001471",="Present",="5/28/2025",
="800001505",="Present",="5/28/2025",
="800001530",="Present",="5/28/2025",
="800001532",="Present",="5/28/2025",
="800000228",="Present",="5/30/2025",
="800000230",="Present",="5/30/2025",
="800000708",="Present",="5/30/2025",
="800000754",="Present",="5/30/2025",
="800000952",="Present",="5/30/2025",
="800001030",="Present",="5/30/2025",
="800001204",="Present",="5/30/2025",
="800001298",="Present",="5/30/2025",
="800001300",="Present",="5/30/2025",
="800001315",="Present",="5/30/2025",
="800001322",="Present",="5/30/2025",
="800001351",="Present",="5/30/2025",
="800001360",="Present",="5/30/2025",
="800001394",="Present",="5/30/2025",
="800001414",="Present",="5/30/2025",
="800001417",="Present",="5/30/2025",
="800001419",="Present",="5/30/2025",
="800001420",="Present",="5/30/2025",
="800001425",="Present",="5/30/2025",
="800001445",="Present",="5/30/2025",
="800001471",="Present",="5/30/2025",
="800001485",="Present",="5/30/2025",
="800001505",="Present",="5/30/2025",
="800001511",="Present",="5/30/2025",
="800001529",="Present",="5/30/2025",
="800001532",="Present",="5/30/2025",
="800001548",="Present",="5/30/2025",
="770000323",="Present",="5/30/2025",
="800000934",="Present",="5/30/2025",
="800001142",="Present",="5/30/2025",
="800001196",="Present",="5/30/2025",
="800001276",="Absent",="5/30/2025",
="800001318",="Present",="5/30/2025",
="800001443",="Present",="5/30/2025",
="800001497",="Present",="5/30/2025",
="770000409",="Present",="5/29/2025",
="800000941",="Present",="5/29/2025",
="800000957",="Present",="5/29/2025",
="800001104",="Present",="5/29/2025",
="800001198",="Present",="5/29/2025",
="800001292",="Present",="5/29/2025",
="800001318",="Present",="5/29/2025",
="800001410",="Present",="5/29/2025",
="800001562",="Present",="5/29/2025",
="800001607",="Present",="5/29/2025",
="800001626",="Present",="5/29/2025",
="800001673",="Present",="5/29/2025",
="770007073",="Present",="5/31/2025",
="770017870",="Present",="5/31/2025",
="800000894",="Present",="5/31/2025",
="800000927",="Present",="5/31/2025",
="800001320",="Present",="5/31/2025",
="800001342",="Present",="5/31/2025",
="800001359",="Present",="5/31/2025",
="800001591",="Present",="5/31/2025",
="800001705",="Present",="5/31/2025",
="770007073",="Present",="6/1/2025",
="770017870",="Present",="6/1/2025",
="800000649",="Present",="6/1/2025",
="800001094",="Present",="6/1/2025",
="800001104",="Present",="6/1/2025",
="800001142",="Present",="6/1/2025",
="800001318",="Present",="6/1/2025",
="800001443",="Present",="6/1/2025",
="800001466",="Absent",="6/1/2025",
="800001489",="Absent",="6/1/2025",
="800001497",="Present",="6/1/2025",
="800001517",="Present",="6/1/2025",
="800001591",="Present",="6/1/2025",
="800001626",="Present",="6/1/2025",
="800001679",="Present",="6/1/2025",
="770062456",="Present",="5/31/2025",
="800001114",="Present",="5/31/2025",
="800001265",="Present",="5/31/2025",
="800001308",="Present",="5/31/2025",
="800001415",="Present",="5/31/2025",
="800001459",="Present",="5/31/2025",
="800001489",="Present",="5/31/2025",
="800001579",="Absent",="5/31/2025",
="800001586",="Present",="5/31/2025",
="800001589",="Present",="5/31/2025",
="800001592",="Present",="5/31/2025",
="800001605",="Present",="5/31/2025",
="800001614",="Absent",="5/31/2025",
="800001619",="Present",="5/31/2025",
="800001633",="Present",="5/31/2025",
="800001655",="Present",="5/31/2025",
="800001657",="Present",="5/31/2025",
="800001665",="Present",="5/31/2025",
="800001666",="Present",="5/31/2025",
="800001668",="Present",="5/31/2025",
="800001681",="Present",="5/31/2025",
="800001696",="Absent",="5/31/2025",
="800001697",="Absent",="5/31/2025",
="800001712",="Present",="5/31/2025",
="800001778",="Present",="5/31/2025",
="800001484",="Present",="5/31/2025",
="800001580",="Present",="5/31/2025",
="800001590",="Present",="5/31/2025",
="800001618",="Present",="5/31/2025",
="800001621",="Present",="5/31/2025",
="800001622",="Present",="5/31/2025",
="800001623",="Present",="5/31/2025",
="800001625",="Present",="5/31/2025",
="800001634",="Present",="5/31/2025",
="800001646",="Absent",="5/31/2025",
="800001652",="Present",="5/31/2025",
="800001667",="Present",="5/31/2025",
="800001691",="Present",="5/31/2025",
="800001695",="Present",="5/31/2025",
="800001699",="Present",="5/31/2025",
="800001710",="Present",="5/31/2025",
="800001775",="Present",="5/31/2025",
="800001789",="Present",="5/31/2025",
="800001798",="Present",="5/31/2025",
="800001810",="Present",="5/31/2025",
="800001813",="Present",="5/31/2025",
="800001617",="Absent",="5/29/2025",
="800001708",="Present",="5/29/2025",
="800001714",="Present",="5/29/2025",
="800001719",="Present",="5/29/2025",
="800001724",="Present",="5/29/2025",
="800001731",="Present",="5/29/2025",
="800001737",="Absent",="5/29/2025",
="800001745",="Present",="5/29/2025",
="800001751",="Present",="5/29/2025",
="800001752",="Present",="5/29/2025",
="800001760",="Present",="5/29/2025",
="800001761",="Present",="5/29/2025",
="800001771",="Present",="5/29/2025",
="800001775",="Present",="5/29/2025",
="800001776",="Present",="5/29/2025",
="800001778",="Present",="5/29/2025",
="800001801",="Present",="5/29/2025",
="800001804",="Absent",="5/29/2025",
="800001308",="Present",="5/28/2025",
="800001580",="Present",="5/28/2025",
="800001618",="Absent",="5/28/2025",
="800001646",="Present",="5/28/2025",
="800001656",="Present",="5/28/2025",
="800001689",="Present",="5/28/2025",
="800001699",="Present",="5/28/2025",
="800001787",="Present",="5/28/2025",
="800001789",="Present",="5/28/2025",
="800001798",="Present",="5/28/2025",
="770000107",="Present",="5/22/2025",
="800000722",="Present",="5/22/2025",
="800000878",="Present",="5/22/2025",
="800000894",="Present",="5/22/2025",
="800001196",="Present",="5/22/2025",
="800001320",="Present",="5/22/2025",
="800001342",="Present",="5/22/2025",
="800001359",="Present",="5/22/2025",
="770000107",="Present",="5/29/2025",
="800000722",="Present",="5/29/2025",
="800000878",="Present",="5/29/2025",
="800000894",="Present",="5/29/2025",
="800001196",="Present",="5/29/2025",
="800001320",="Present",="5/29/2025",
="800001342",="Present",="5/29/2025",
="800001359",="Present",="5/29/2025",
="800000348",="Present",="6/2/2025",
="800001405",="Absent",="6/2/2025",
="800001434",="Absent",="6/2/2025",
="800001553",="Present",="6/2/2025",
="800001563",="Present",="6/2/2025",
="800001581",="Present",="6/2/2025",
="800001589",="Present",="6/2/2025",
="800001650",="Present",="6/2/2025",
="800001665",="Present",="6/2/2025",
="800001667",="Present",="6/2/2025",
="800001691",="Present",="6/2/2025",
="800001710",="Present",="6/2/2025",
="800001712",="Present",="6/2/2025",
="800001725",="Absent",="6/2/2025",
="800001726",="Present",="6/2/2025",
="800001729",="Present",="6/2/2025",
="800001735",="Present",="6/2/2025",
="800001739",="Present",="6/2/2025",
="800001740",="Present",="6/2/2025",
="800001757",="Present",="6/2/2025",
="800001765",="Present",="6/2/2025",
="800001769",="Present",="6/2/2025",
="800001793",="Present",="6/2/2025",
="800001802",="Present",="6/2/2025",
="800001803",="Present",="6/2/2025",
="800001808",="Absent",="6/2/2025",
="800001810",="Present",="6/2/2025",
="800001813",="Present",="6/2/2025",
="800001817",="Present",="6/2/2025",
="800000428",="Present",="5/24/2025",
="800000461",="Present",="5/24/2025",
="800000625",="Present",="5/24/2025",
="800000428",="Present",="5/31/2025",
="800000461",="Present",="5/31/2025",
="800000625",="Present",="5/31/2025",
="800001587",="Present",="5/31/2025",
="800001617",="Present",="5/31/2025",
="800001638",="Present",="5/31/2025",
="800001673",="Present",="5/31/2025",
="800001711",="Present",="5/31/2025",
="800001714",="Present",="5/31/2025",
="800001719",="Present",="5/31/2025",
="800001724",="Present",="5/31/2025",
="800001729",="Present",="5/31/2025",
="800001731",="Present",="5/31/2025",
="800001733",="Present",="5/31/2025",
="800001737",="Absent",="5/31/2025",
="800001760",="Present",="5/31/2025",
="800001761",="Present",="5/31/2025",
="800001771",="Present",="5/31/2025",
="800001776",="Present",="5/31/2025",
="800001783",="Present",="5/31/2025",
="800001787",="Present",="5/31/2025",
="800001803",="Present",="5/31/2025",
="800001817",="Present",="5/31/2025",
="800001165",="Present",="5/31/2025",
="800001562",="Present",="5/31/2025",
="800001679",="Present",="5/31/2025",
="800001728",="Present",="5/31/2025",
="800001736",="Present",="5/31/2025",
="800001745",="Present",="5/31/2025",
="800001751",="Present",="5/31/2025",
="800001752",="Present",="5/31/2025",
="800001765",="Present",="5/31/2025",
="800001784",="Present",="5/31/2025",
="800001801",="Present",="5/31/2025",
="800001812",="Present",="5/31/2025",
="800001815",="Present",="5/31/2025",
="800000952",="Absent",="6/1/2025",
="800001001",="Present",="6/1/2025",
="800001529",="Present",="6/1/2025",
="800001587",="Present",="6/1/2025",
="800001602",="Present",="6/1/2025",
="800001607",="Present",="6/1/2025",
="800001643",="Present",="6/1/2025",
="800001714",="Present",="6/1/2025",
="800001719",="Absent",="6/1/2025",
="800001724",="Present",="6/1/2025",
="800001731",="Present",="6/1/2025",
="800001733",="Present",="6/1/2025",
="800001751",="Present",="6/1/2025",
="800001760",="Present",="6/1/2025",
="800001761",="Present",="6/1/2025",
="800001784",="Present",="6/1/2025",
="800001787",="Present",="6/1/2025",
="800001789",="Present",="6/1/2025",
="800000228",="Present",="6/1/2025",
="800001165",="Absent",="6/1/2025",
="800001204",="Present",="6/1/2025",
="800001378",="Present",="6/1/2025",
="800001445",="Present",="6/1/2025",
="800001579",="Absent",="6/1/2025",
="800001618",="Present",="6/1/2025",
="800001623",="Present",="6/1/2025",
="800001625",="Present",="6/1/2025",
="800001665",="Present",="6/1/2025",
="800001691",="Present",="6/1/2025",
="800001728",="Present",="6/1/2025",
="800001736",="Present",="6/1/2025",
="800001783",="Present",="6/1/2025",
="800001812",="Present",="6/1/2025",
="770000745",="Present",="6/2/2025",
="770062456",="Present",="6/2/2025",
="800000228",="Present",="6/2/2025",
="800001001",="Present",="6/2/2025",
="800001265",="Present",="6/2/2025",
="800001330",="Present",="6/2/2025",
="800001360",="Present",="6/2/2025",
="800001363",="Present",="6/2/2025",
="800001403",="Present",="6/2/2025",
="800001415",="Present",="6/2/2025",
="800001445",="Present",="6/2/2025",
="800001459",="Present",="6/2/2025",
="800001473",="Present",="6/2/2025",
="800001498",="Present",="6/2/2025",
="800001508",="Present",="6/2/2025",
="800001511",="Present",="6/2/2025",
="800001528",="Present",="6/2/2025",
="800001530",="Present",="6/2/2025",
="800001532",="Present",="6/2/2025",
="800001534",="Present",="6/2/2025",
="800001548",="Present",="6/2/2025",
="800001557",="Present",="6/2/2025",
="800001586",="Present",="6/2/2025",
="800001593",="Present",="6/2/2025",
="800001598",="Present",="6/2/2025",
="800001605",="Absent",="6/2/2025",
="800001619",="Present",="6/2/2025",
="800001644",="Present",="6/2/2025",
="800001657",="Present",="6/2/2025",
="800001668",="Present",="6/2/2025",
="800001681",="Present",="6/2/2025",
="800001695",="Present",="6/2/2025",
="800001513",="Present",="6/2/2025",
="800001591",="Present",="6/2/2025",
="770000409",="Present",="6/2/2025",
="800000927",="Present",="6/2/2025",
="800001104",="Present",="6/2/2025",
="800001292",="Present",="6/2/2025",
="770017870",="Present",="6/2/2025",
="800000957",="Absent",="6/2/2025",
="800001268",="Present",="6/2/2025",
="800001410",="Present",="6/2/2025",
="800001497",="Present",="6/2/2025",
="800001562",="Present",="6/2/2025",
="800001673",="Present",="6/2/2025",
="770007073",="Present",="6/2/2025",
="800000649",="Present",="6/2/2025",
="800000879",="Present",="6/2/2025",
="800000893",="Present",="6/2/2025",
="800000934",="Present",="6/2/2025",
="800001142",="Absent",="6/2/2025",
="800001147",="Present",="6/2/2025",
="800001196",="Absent",="6/2/2025",
="800001276",="Present",="6/2/2025",
="800001318",="Present",="6/2/2025",
="800001497",="Absent",="6/2/2025",
="800001679",="Absent",="6/2/2025",
="800001114",="Present",="6/2/2025",
="800001308",="Present",="6/2/2025",
="800001443",="Present",="6/2/2025",
="800001517",="Present",="6/2/2025",
="800001572",="Present",="6/2/2025",
="800001580",="Present",="6/2/2025",
="800001590",="Present",="6/2/2025",
="800001614",="Present",="6/2/2025",
="800001617",="Absent",="6/2/2025",
="800001618",="Present",="6/2/2025",
="800001633",="Present",="6/2/2025",
="800001634",="Present",="6/2/2025",
="800001643",="Absent",="6/2/2025",
="800001646",="Absent",="6/2/2025",
="800001652",="Present",="6/2/2025",
="800001655",="Present",="6/2/2025",
="800001656",="Present",="6/2/2025",
="800001689",="Tardy/Late",="6/2/2025",
="800001699",="Present",="6/2/2025",
="800001708",="Present",="6/2/2025",
="800001711",="Present",="6/2/2025",
="800001714",="Present",="6/2/2025",
="800001719",="Absent",="6/2/2025",
="800001724",="Present",="6/2/2025",
="800001728",="Present",="6/2/2025",
="800001731",="Present",="6/2/2025",
="800001733",="Present",="6/2/2025",
="800001736",="Present",="6/2/2025",
="800001737",="Absent",="6/2/2025",
="800001751",="Present",="6/2/2025",
="800001752",="Present",="6/2/2025",
="800001761",="Present",="6/2/2025",
="800001771",="Present",="6/2/2025",
="800001775",="Present",="6/2/2025",
="800001776",="Present",="6/2/2025",
="800001778",="Present",="6/2/2025",
="800001784",="Present",="6/2/2025",
="800001787",="Present",="6/2/2025",
="800001789",="Absent",="6/2/2025",
="800001798",="Present",="6/2/2025",
="800001801",="Present",="6/2/2025",
="800001812",="Absent",="6/2/2025",
="800001029",="Present",="6/3/2025",
="800001257",="Present",="6/3/2025",
="800001265",="Present",="6/3/2025",
="800001403",="Present",="6/3/2025",
="800001466",="Absent",="6/3/2025",
="800001468",="Present",="6/3/2025",
="800001484",="Present",="6/3/2025",
="800001498",="Present",="6/3/2025",
="800001502",="Present",="6/3/2025",
="800001506",="Present",="6/3/2025",
="800001525",="Present",="6/3/2025",
="800001558",="Present",="6/3/2025",
="800001592",="Present",="6/3/2025",
="800001605",="Present",="6/3/2025",
="800001607",="Present",="6/3/2025",
="800001621",="Present",="6/3/2025",
="800001622",="Absent",="6/3/2025",
="800001642",="Present",="6/3/2025",
="800001666",="Present",="6/3/2025",
="800001668",="Present",="6/3/2025",
="800001688",="Present",="6/3/2025",
="800001696",="Present",="6/3/2025",
="800001697",="Present",="6/3/2025",
="800001701",="Present",="6/3/2025",
="800000348",="Present",="6/3/2025",
="800001405",="Absent",="6/3/2025",
="800001434",="Present",="6/3/2025",
="800001553",="Present",="6/3/2025",
="800001563",="Present",="6/3/2025",
="800001576",="Present",="6/3/2025",
="800001581",="Present",="6/3/2025",
="800001602",="Present",="6/3/2025",
="800001650",="Present",="6/3/2025",
="800001710",="Present",="6/3/2025",
="800001711",="Present",="6/3/2025",
="800001723",="Present",="6/3/2025",
="800001725",="Absent",="6/3/2025",
="800001726",="Present",="6/3/2025",
="800001728",="Present",="6/3/2025",
="800001729",="Present",="6/3/2025",
="800001735",="Present",="6/3/2025",
="800001736",="Absent",="6/3/2025",
="800001739",="Present",="6/3/2025",
="800001740",="Present",="6/3/2025",
="800001757",="Present",="6/3/2025",
="800001765",="Present",="6/3/2025",
="800001769",="Present",="6/3/2025",
="800001793",="Present",="6/3/2025",
="800001802",="Present",="6/3/2025",
="800001803",="Present",="6/3/2025",
="800001808",="Absent",="6/3/2025",
="800001815",="Present",="6/3/2025",
="800001580",="Present",="6/3/2025",
="800001590",="Present",="6/3/2025",
="800001617",="Present",="6/3/2025",
="800001618",="Absent",="6/3/2025",
="800001633",="Present",="6/3/2025",
="800001634",="Present",="6/3/2025",
="800001655",="Present",="6/3/2025",
="800001656",="Present",="6/3/2025",
="800001689",="Present",="6/3/2025",
="800001708",="Present",="6/3/2025",
="800001714",="Present",="6/3/2025",
="800001719",="Absent",="6/3/2025",
="800001724",="Present",="6/3/2025",
="800001731",="Absent",="6/3/2025",
="800001733",="Present",="6/3/2025",
="800001736",="Present",="6/3/2025",
="800001737",="Absent",="6/3/2025",
="800001752",="Present",="6/3/2025",
="800001761",="Present",="6/3/2025",
="800001778",="Present",="6/3/2025",
="800001787",="Present",="6/3/2025",
="800001798",="Present",="6/3/2025",
="800001801",="Present",="6/3/2025",
="800001114",="Present",="6/3/2025",
="800001308",="Present",="6/3/2025",
="800001443",="Present",="6/3/2025",
="800001517",="Present",="6/3/2025",
="800001572",="Present",="6/3/2025",
="800001614",="Absent",="6/3/2025",
="800001643",="Present",="6/3/2025",
="800001646",="Present",="6/3/2025",
="800001652",="Present",="6/3/2025",
="800001699",="Present",="6/3/2025",
="800001728",="Absent",="6/3/2025",
="800001751",="Present",="6/3/2025",
="800001771",="Present",="6/3/2025",
="800001775",="Present",="6/3/2025",
="800001776",="Present",="6/3/2025",
="800001784",="Present",="6/3/2025",
="800001789",="Present",="6/3/2025",
="800001812",="Present",="6/3/2025",
="770000323",="Present",="6/3/2025",
="770007073",="Present",="6/3/2025",
="800000649",="Present",="6/3/2025",
="800000879",="Present",="6/3/2025",
="800000893",="Present",="6/3/2025",
="800000934",="Present",="6/3/2025",
="800001147",="Present",="6/3/2025",
="800001276",="Present",="6/3/2025",
="800001497",="Present",="6/3/2025",
="800001513",="Present",="6/3/2025",
="800001679",="Absent",="6/3/2025",
="770000409",="Present",="6/3/2025",
="770017870",="Present",="6/3/2025",
="800001724",="Present",="5/30/2025",
="800001165",="Absent",="6/4/2025",
="800001405",="Absent",="6/4/2025",
="800001419",="Present",="6/4/2025",
="800001434",="Present",="6/4/2025",
="800001553",="Present",="6/4/2025",
="800001576",="Tardy/Late",="6/4/2025",
="800001602",="Present",="6/4/2025",
="800001638",="Absent",="6/4/2025",
="800001650",="Present",="6/4/2025",
="800001711",="Present",="6/4/2025",
="800001723",="Present",="6/4/2025",
="800001725",="Absent",="6/4/2025",
="800001735",="Tardy/Late",="6/4/2025",
="800001740",="Present",="6/4/2025",
="800001757",="Present",="6/4/2025",
="800001769",="Present",="6/4/2025",
="800001803",="Present",="6/4/2025",
="800001808",="Absent",="6/4/2025",
="800001815",="Present",="6/4/2025",
="800000289",="Present",="6/2/2025",
="800000722",="Present",="6/2/2025",
="800000774",="Present",="6/2/2025",
="800001589",="Present",="6/3/2025",
="800001665",="Present",="6/3/2025",
="800001712",="Present",="6/3/2025",
="800001813",="Present",="6/3/2025",
="800001667",="Absent",="6/3/2025",
="800001691",="Present",="6/3/2025",
="800001765",="Absent",="6/3/2025",
="800001810",="Present",="6/3/2025",
="800001196",="Present",="6/4/2025",
="800001563",="Present",="6/4/2025",
="800001572",="Present",="6/4/2025",
="800001728",="Tardy/Late",="6/4/2025",
="800001736",="Present",="6/4/2025",
="800001739",="Present",="6/4/2025",
="800001783",="Absent",="6/4/2025",
="800001812",="Present",="6/4/2025",
="800001591",="Present",="6/4/2025",
="800000934",="Present",="6/4/2025",
="800000941",="Present",="6/4/2025",
="800000957",="Present",="6/4/2025",
="800001292",="Present",="6/4/2025",
="800001410",="Present",="6/4/2025",
="770000745",="Present",="6/4/2025",
="800000708",="Present",="6/4/2025",
="800000952",="Present",="6/4/2025",
="800001001",="Present",="6/4/2025",
="800001265",="Present",="6/4/2025",
="800001322",="Present",="6/4/2025",
="800001378",="Present",="6/4/2025",
="800001403",="Present",="6/4/2025",
="800001436",="Present",="6/4/2025",
="800001459",="Present",="6/4/2025",
="800001473",="Present",="6/4/2025",
="800001498",="Absent",="6/4/2025",
="800001508",="Present",="6/4/2025",
="800001525",="Present",="6/4/2025",
="800001528",="Present",="6/4/2025",
="800001532",="Present",="6/4/2025",
="800001533",="Present",="6/4/2025",
="800001534",="Present",="6/4/2025",
="800001557",="Present",="6/4/2025",
="800001586",="Present",="6/4/2025",
="800001593",="Present",="6/4/2025",
="800001598",="Present",="6/4/2025",
="800001619",="Present",="6/4/2025",
="800001623",="Present",="6/4/2025",
="800001625",="Present",="6/4/2025",
="800001644",="Present",="6/4/2025",
="800001655",="Present",="6/4/2025",
="800001657",="Present",="6/4/2025",
="800001666",="Present",="6/4/2025",
="800001667",="Present",="6/4/2025",
="800001563",="Present",="6/5/2025",
="800001656",="Present",="6/5/2025",
="800001711",="Present",="6/5/2025",
="800001735",="Present",="6/5/2025",
="800001739",="Present",="6/5/2025",
="800001757",="Present",="6/5/2025",
="800001765",="Present",="6/5/2025",
="800001769",="Present",="6/5/2025",
="800001802",="Present",="6/5/2025",
="800001803",="Present",="6/5/2025",
="800001815",="Present",="6/5/2025",
="800000348",="Present",="6/6/2025",
="800001434",="Present",="6/6/2025",
="800001553",="Present",="6/6/2025",
="800001563",="Present",="6/6/2025",
="800001650",="Present",="6/6/2025",
="800001708",="Absent",="6/6/2025",
="800001710",="Present",="6/6/2025",
="800001712",="Present",="6/6/2025",
="800001723",="Present",="6/6/2025",
="800001726",="Present",="6/6/2025",
="800001735",="Present",="6/6/2025",
="800001739",="Present",="6/6/2025",
="800001740",="Present",="6/6/2025",
="800001757",="Present",="6/6/2025",
="800001769",="Present",="6/6/2025",
="800001793",="Present",="6/6/2025",
="800001802",="Present",="6/6/2025",
="800001813",="Present",="6/6/2025",
="800000348",="Present",="5/30/2025",
="800001434",="Present",="5/30/2025",
="800001553",="Present",="5/30/2025",
="800001563",="Present",="5/30/2025",
="800001650",="Present",="5/30/2025",
="800001708",="Absent",="5/30/2025",
="800001710",="Present",="5/30/2025",
="800001712",="Present",="5/30/2025",
="800001723",="Present",="5/30/2025",
="800001726",="Present",="5/30/2025",
="800001735",="Present",="5/30/2025",
="800001739",="Present",="5/30/2025",
="800001740",="Present",="5/30/2025",
="800001757",="Present",="5/30/2025",
="800001769",="Present",="5/30/2025",
="800001793",="Present",="5/30/2025",
="800001802",="Present",="5/30/2025",
="800001813",="Present",="5/30/2025",
="800000348",="Present",="5/23/2025",
="800001434",="Present",="5/23/2025",
="800001553",="Present",="5/23/2025",
="800001563",="Present",="5/23/2025",
="800001650",="Present",="5/23/2025",
="800001708",="Absent",="5/23/2025",
="800001710",="Present",="5/23/2025",
="800001712",="Present",="5/23/2025",
="800001723",="Present",="5/23/2025",
="800001726",="Present",="5/23/2025",
="800001735",="Present",="5/23/2025",
="800001739",="Present",="5/23/2025",
="800001740",="Present",="5/23/2025",
="800001757",="Present",="5/23/2025",
="800001769",="Present",="5/23/2025",
="800001793",="Present",="5/23/2025",
="800001802",="Present",="5/23/2025",
="800001813",="Present",="5/23/2025",
="800000289",="Present",="6/6/2025",
="800000762",="Present",="6/6/2025",
="800000774",="Present",="6/6/2025",
="770000409",="Present",="6/5/2025",
="800000941",="Present",="6/5/2025",
="800000957",="Present",="6/5/2025",
="800001104",="Present",="6/5/2025",
="800001198",="Present",="6/5/2025",
="800001292",="Present",="6/5/2025",
="800001318",="Present",="6/5/2025",
="800001410",="Present",="6/5/2025",
="800001562",="Present",="6/5/2025",
="800001607",="Present",="6/5/2025",
="800001626",="Present",="6/5/2025",
="800001673",="Present",="6/5/2025",
="800000289",="Present",="6/4/2025",
="800000762",="Present",="6/4/2025",
="800000774",="Present",="6/4/2025",
="800001308",="Present",="6/4/2025",
="800001580",="Present",="6/4/2025",
="800001618",="Present",="6/4/2025",
="800001646",="Present",="6/4/2025",
="800001656",="Present",="6/4/2025",
="800001689",="Present",="6/4/2025",
="800001699",="Present",="6/4/2025",
="800001787",="Present",="6/4/2025",
="800001789",="Present",="6/4/2025",
="800001798",="Present",="6/4/2025",
="800001617",="Absent",="6/5/2025",
="800001708",="Present",="6/5/2025",
="800001714",="Present",="6/5/2025",
="800001719",="Present",="6/5/2025",
="800001724",="Present",="6/5/2025",
="800001731",="Absent",="6/5/2025",
="800001745",="Absent",="6/5/2025",
="800001751",="Present",="6/5/2025",
="800001752",="Present",="6/5/2025",
="800001760",="Present",="6/5/2025",
="800001761",="Present",="6/5/2025",
="800001771",="Present",="6/5/2025",
="800001775",="Present",="6/5/2025",
="800001776",="Present",="6/5/2025",
="800001778",="Present",="6/5/2025",
="800001801",="Present",="6/5/2025",
="800001804",="Absent",="6/5/2025",
="770007073",="Present",="6/7/2025",
="770017870",="Present",="6/7/2025",
="800000894",="Present",="6/7/2025",
="800000927",="Present",="6/7/2025",
="800001320",="Present",="6/7/2025",
="800001342",="Present",="6/7/2025",
="800001359",="Present",="6/7/2025",
="800001591",="Present",="6/7/2025",
="800001705",="Present",="6/7/2025",
="770062456",="Absent",="6/7/2025",
="800001114",="Absent",="6/7/2025",
="800001265",="Present",="6/7/2025",
="800001308",="Present",="6/7/2025",
="800001415",="Present",="6/7/2025",
="800001459",="Present",="6/7/2025",
="800001489",="Present",="6/7/2025",
="800001579",="Absent",="6/7/2025",
="800001586",="Present",="6/7/2025",
="800001589",="Present",="6/7/2025",
="800001592",="Absent",="6/7/2025",
="800001605",="Present",="6/7/2025",
="800001619",="Present",="6/7/2025",
="800001633",="Present",="6/7/2025",
="800001655",="Present",="6/7/2025",
="800001657",="Present",="6/7/2025",
="800001665",="Present",="6/7/2025",
="800001666",="Present",="6/7/2025",
="800001668",="Present",="6/7/2025",
="800001681",="Present",="6/7/2025",
="800001696",="Present",="6/7/2025",
="800001697",="Present",="6/7/2025",
="800001712",="Present",="6/7/2025",
="800001778",="Present",="6/7/2025",
="800001484",="Present",="6/7/2025",
="800001580",="Present",="6/7/2025",
="800001590",="Present",="6/7/2025",
="800001618",="Present",="6/7/2025",
="800001621",="Present",="6/7/2025",
="800001622",="Present",="6/7/2025",
="800001623",="Present",="6/7/2025",
="800001625",="Present",="6/7/2025",
="800001634",="Present",="6/7/2025",
="800001646",="Present",="6/7/2025",
="800001652",="Present",="6/7/2025",
="800001667",="Absent",="6/7/2025",
="800001691",="Present",="6/7/2025",
="800001695",="Present",="6/7/2025",
="800001699",="Present",="6/7/2025",
="800001710",="Present",="6/7/2025",
="800001775",="Present",="6/7/2025",
="800001789",="Present",="6/7/2025",
="800001798",="Present",="6/7/2025",
="800001810",="Present",="6/7/2025",
="800001813",="Present",="6/7/2025",
="800001415",="Present",="6/6/2025",
="800001617",="Absent",="6/6/2025",
="800001689",="Present",="6/6/2025",
="800001708",="Present",="6/6/2025",
="800001714",="Present",="6/6/2025",
="800001719",="Absent",="6/6/2025",
="800001724",="Present",="6/6/2025",
="800001731",="Absent",="6/6/2025",
="800001733",="Present",="6/6/2025",
="800001737",="Absent",="6/6/2025",
="800001745",="Present",="6/6/2025",
="800001751",="Present",="6/6/2025",
="800001760",="Present",="6/6/2025",
="800001761",="Present",="6/6/2025",
="800001771",="Present",="6/6/2025",
="800001776",="Present",="6/6/2025",
="800001784",="Present",="6/6/2025",
="800001787",="Present",="6/6/2025",
="800001804",="Absent",="6/6/2025",
="800001165",="Absent",="6/5/2025",
="800000941",="Present",="6/7/2025",
="800001198",="Present",="6/7/2025",
="800001268",="Present",="6/7/2025",
="800001292",="Present",="6/7/2025",
="800001368",="Present",="6/7/2025",
="800001410",="Present",="6/7/2025",
="800001443",="Present",="6/7/2025",
="800001517",="Present",="6/7/2025",
="800001607",="Present",="6/7/2025",
="800001642",="Present",="6/7/2025",
="800001673",="Present",="6/7/2025",
="770062096",="Present",="6/5/2025",
="770062456",="Present",="6/5/2025",
="800001204",="Present",="6/5/2025",
="800001257",="Present",="6/5/2025",
="800001300",="Present",="6/5/2025",
="800001468",="Present",="6/5/2025",
="800001484",="Present",="6/5/2025",
="800001489",="Absent",="6/5/2025",
="800001502",="Present",="6/5/2025",
="800001506",="Present",="6/5/2025",
="800001587",="Absent",="6/5/2025",
="800001592",="Absent",="6/5/2025",
="800001605",="Absent",="6/5/2025",
="800001634",="Present",="6/5/2025",
="800001642",="Present",="6/5/2025",
="800001665",="Present",="6/5/2025",
="800001668",="Present",="6/5/2025",
="800001681",="Present",="6/5/2025",
="800001688",="Present",="6/5/2025",
="800001691",="Present",="6/5/2025",
="800001695",="Present",="6/5/2025",
="800001696",="Present",="6/5/2025",
="800001697",="Present",="6/5/2025",
="770000745",="Present",="6/5/2025",
="800001001",="Present",="6/5/2025",
="800001443",="Present",="6/5/2025",
="800001459",="Present",="6/5/2025",
="800001473",="Present",="6/5/2025",
="800001505",="Present",="6/5/2025",
="800001508",="Present",="6/5/2025",
="800001511",="Present",="6/5/2025",
="800001557",="Present",="6/5/2025",
="800001586",="Present",="6/5/2025",
="800001593",="Present",="6/5/2025",
="800001598",="Present",="6/5/2025",
="800001619",="Present",="6/5/2025",
="800001623",="Present",="6/5/2025",
="800001625",="Present",="6/5/2025",
="800001644",="Present",="6/5/2025",
="800001657",="Present",="6/5/2025",
="800001689",="Present",="6/5/2025",
="800001525",="Present",="6/5/2025",
="800000289",="Present",="6/9/2025",
="800000722",="Present",="6/9/2025",
="800000774",="Present",="6/9/2025",
="800001513",="Present",="6/9/2025",
="800000428",="Present",="6/7/2025",
="800000461",="Present",="6/7/2025",
="800000625",="Present",="6/7/2025",
="800001485",="Present",="6/4/2025",
="800000230",="Present",="6/4/2025",
="800000754",="Present",="6/4/2025",
="800000942",="Present",="6/4/2025",
="800001094",="Present",="6/4/2025",
="800001181",="Present",="6/4/2025",
="800001198",="Present",="6/4/2025",
="800001259",="Present",="6/4/2025",
="800001298",="Present",="6/4/2025",
="800001324",="Present",="6/4/2025",
="800001351",="Present",="6/4/2025",
="800001360",="Present",="6/4/2025",
="800001363",="Present",="6/4/2025",
="800001368",="Present",="6/4/2025",
="800001394",="Present",="6/4/2025",
="800001425",="Present",="6/4/2025",
="800001529",="Present",="6/4/2025",
="800001548",="Present",="6/4/2025",
="770000107",="Present",="6/4/2025",
="800000894",="Present",="6/4/2025",
="800001234",="Present",="6/4/2025",
="800001320",="Present",="6/4/2025",
="800001342",="Present",="6/4/2025",
="800001359",="Present",="6/4/2025",
="800000348",="Present",="6/9/2025",
="800001405",="Absent",="6/9/2025",
="800001434",="Present",="6/9/2025",
="800001553",="Present",="6/9/2025",
="800001563",="Present",="6/9/2025",
="800001581",="Present",="6/9/2025",
="800001589",="Present",="6/9/2025",
="800001650",="Present",="6/9/2025",
="800001665",="Present",="6/9/2025",
="800001667",="Absent",="6/9/2025",
="800001691",="Present",="6/9/2025",
="800001710",="Present",="6/9/2025",
="800001712",="Present",="6/9/2025",
="800001726",="Present",="6/9/2025",
="800001729",="Present",="6/9/2025",
="800001735",="Present",="6/9/2025",
="800001739",="Present",="6/9/2025",
="800001740",="Present",="6/9/2025",
="800001757",="Present",="6/9/2025",
="800001765",="Present",="6/9/2025",
="800001769",="Present",="6/9/2025",
="800001793",="Present",="6/9/2025",
="800001802",="Present",="6/9/2025",
="800001803",="Present",="6/9/2025",
="800001810",="Present",="6/9/2025",
="800001813",="Present",="6/9/2025",
="770062456",="Present",="6/9/2025",
="800000228",="Present",="6/9/2025",
="800001001",="Present",="6/9/2025",
="800001265",="Present",="6/9/2025",
="800001330",="Present",="6/9/2025",
="800001360",="Present",="6/9/2025",
="800001363",="Present",="6/9/2025",
="800001403",="Present",="6/9/2025",
="800001415",="Present",="6/9/2025",
="800001445",="Present",="6/9/2025",
="800001459",="Present",="6/9/2025",
="800001473",="Present",="6/9/2025",
="800001498",="Present",="6/9/2025",
="800001508",="Present",="6/9/2025",
="800001511",="Present",="6/9/2025",
="800001528",="Present",="6/9/2025",
="800001530",="Present",="6/9/2025",
="800001532",="Present",="6/9/2025",
="800001534",="Present",="6/9/2025",
="800001548",="Present",="6/9/2025",
="800001557",="Present",="6/9/2025",
="800001586",="Present",="6/9/2025",
="800001593",="Present",="6/9/2025",
="800001598",="Present",="6/9/2025",
="800001605",="Absent",="6/9/2025",
="800001619",="Present",="6/9/2025",
="800001644",="Present",="6/9/2025",
="800001657",="Present",="6/9/2025",
="800001668",="Present",="6/9/2025",
="800001681",="Present",="6/9/2025",
="800001695",="Present",="6/9/2025",
="800001558",="Present",="6/9/2025",
="800001580",="Absent",="6/9/2025",
="800001655",="Present",="6/9/2025",
="800001701",="Absent",="6/9/2025",
="800001757",="Absent",="6/9/2025",
="800001765",="Absent",="6/9/2025",
="800001771",="Absent",="6/9/2025",
="800001793",="Absent",="6/9/2025",
="800001591",="Present",="6/9/2025",
="770000409",="Present",="6/9/2025",
="800000927",="Present",="6/9/2025",
="800001104",="Present",="6/9/2025",
="800001292",="Present",="6/9/2025",
="770017870",="Present",="6/9/2025",
="800000957",="Present",="6/9/2025",
="800001268",="Present",="6/9/2025",
="800001318",="Absent",="6/9/2025",
="800001410",="Present",="6/9/2025",
="800001497",="Absent",="6/9/2025",
="800001562",="Present",="6/9/2025",
="800001673",="Present",="6/9/2025",
="770007073",="Present",="6/9/2025",
="800000649",="Present",="6/9/2025",
="800000879",="Present",="6/9/2025",
="800000893",="Present",="6/9/2025",
="800000934",="Absent",="6/9/2025",
="800001142",="Present",="6/9/2025",
="800001147",="Present",="6/9/2025",
="800001276",="Present",="6/9/2025",
="800001497",="Present",="6/9/2025",
="800001679",="Present",="6/9/2025",
="800001114",="Present",="6/9/2025",
="800001308",="Present",="6/9/2025",
="800001443",="Present",="6/9/2025",
="800001517",="Present",="6/9/2025",
="800001572",="Present",="6/9/2025",
="800001580",="Present",="6/9/2025",
="800001590",="Present",="6/9/2025",
="800001617",="Present",="6/9/2025",
="800001618",="Present",="6/9/2025",
="800001633",="Present",="6/9/2025",
="800001634",="Present",="6/9/2025",
="800001643",="Present",="6/9/2025",
="800001646",="Present",="6/9/2025",
="800001652",="Present",="6/9/2025",
="800001656",="Present",="6/9/2025",
="800001689",="Present",="6/9/2025",
="800001699",="Present",="6/9/2025",
="800001708",="Present",="6/9/2025",
="800001711",="Present",="6/9/2025",
="800001714",="Present",="6/9/2025",
="800001719",="Present",="6/9/2025",
="800001724",="Present",="6/9/2025",
="800001728",="Present",="6/9/2025",
="800001731",="Absent",="6/9/2025",
="800001733",="Present",="6/9/2025",
="800001736",="Present",="6/9/2025",
="800001737",="Absent",="6/9/2025",
="800001751",="Present",="6/9/2025",
="800001752",="Present",="6/9/2025",
="800001761",="Present",="6/9/2025",
="800001771",="Present",="6/9/2025",
="800001775",="Present",="6/9/2025",
="800001776",="Present",="6/9/2025",
="800001778",="Present",="6/9/2025",
="800001784",="Present",="6/9/2025",
="800001787",="Present",="6/9/2025",
="800001789",="Present",="6/9/2025",
="800001798",="Present",="6/9/2025",
="800001801",="Present",="6/9/2025",
="800001812",="Present",="6/9/2025",
="800000952",="Present",="6/8/2025",
="800001001",="Present",="6/8/2025",
="800001529",="Absent",="6/8/2025",
="800001587",="Present",="6/8/2025",
="800001602",="Present",="6/8/2025",
="800001607",="Present",="6/8/2025",
="800001626",="Present",="6/8/2025",
="800001643",="Present",="6/8/2025",
="800001679",="Present",="6/8/2025",
="800001714",="Present",="6/8/2025",
="800001719",="Present",="6/8/2025",
="800001724",="Present",="6/8/2025",
="800001731",="Absent",="6/8/2025",
="800001733",="Present",="6/8/2025",
="800001751",="Present",="6/8/2025",
="800001760",="Present",="6/8/2025",
="800001761",="Present",="6/8/2025",
="800001784",="Present",="6/8/2025",
="800001787",="Present",="6/8/2025",
="800001789",="Present",="6/8/2025",
="800000228",="Present",="6/8/2025",
="800001204",="Present",="6/8/2025",
="800001378",="Present",="6/8/2025",
="800001445",="Present",="6/8/2025",
="800001579",="Absent",="6/8/2025",
="800001618",="Present",="6/8/2025",
="800001623",="Present",="6/8/2025",
="800001625",="Present",="6/8/2025",
="800001665",="Present",="6/8/2025",
="800001691",="Present",="6/8/2025",
="800001728",="Present",="6/8/2025",
="800001736",="Present",="6/8/2025",
="800001812",="Present",="6/8/2025",
="800001587",="Present",="6/7/2025",
="800001617",="Present",="6/7/2025",
="800001638",="Absent",="6/7/2025",
="800001708",="Present",="6/7/2025",
="800001711",="Present",="6/7/2025",
="800001714",="Present",="6/7/2025",
="800001719",="Present",="6/7/2025",
="800001724",="Present",="6/7/2025",
="800001729",="Present",="6/7/2025",
="800001731",="Present",="6/7/2025",
="800001733",="Present",="6/7/2025",
="800001760",="Present",="6/7/2025",
="800001761",="Present",="6/7/2025",
="800001771",="Present",="6/7/2025",
="800001776",="Present",="6/7/2025",
="800001783",="Present",="6/7/2025",
="800001787",="Present",="6/7/2025",
="800001803",="Present",="6/7/2025",
="800001562",="Present",="6/7/2025",
="800001679",="Present",="6/7/2025",
="800001728",="Present",="6/7/2025",
="800001736",="Present",="6/7/2025",
="800001745",="Present",="6/7/2025",
="800001751",="Present",="6/7/2025",
="800001752",="Present",="6/7/2025",
="800001765",="Present",="6/7/2025",
="800001784",="Present",="6/7/2025",
="800001801",="Present",="6/7/2025",
="800001812",="Present",="6/7/2025",
="800001815",="Present",="6/7/2025",
="770007073",="Present",="6/8/2025",
="770017870",="Present",="6/8/2025",
="800000649",="Present",="6/8/2025",
="800001094",="Present",="6/8/2025",
="800001104",="Present",="6/8/2025",
="800001142",="Present",="6/8/2025",
="800001318",="Present",="6/8/2025",
="800001443",="Present",="6/8/2025",
="800001466",="Present",="6/8/2025",
="800001489",="Absent",="6/8/2025",
="800001497",="Present",="6/8/2025",
="800001517",="Present",="6/8/2025",
="800001591",="Present",="6/8/2025",
="800000348",="Present",="6/10/2025",
="800001553",="Present",="6/10/2025",
="800001563",="Present",="6/10/2025",
="800001581",="Present",="6/10/2025",
="800001589",="Present",="6/10/2025",
="800001650",="Present",="6/10/2025",
="800001665",="Present",="6/10/2025",
="800001712",="Present",="6/10/2025",
="800001726",="Present",="6/10/2025",
="800001729",="Present",="6/10/2025",
="800001735",="Present",="6/10/2025",
="800001739",="Present",="6/10/2025",
="800001740",="Present",="6/10/2025",
="800001757",="Present",="6/10/2025",
="800001769",="Present",="6/10/2025",
="800001793",="Present",="6/10/2025",
="800001803",="Present",="6/10/2025",
="800001813",="Present",="6/10/2025",
="800001405",="Absent",="6/10/2025",
="800001434",="Present",="6/10/2025",
="800001667",="Absent",="6/10/2025",
="800001691",="Present",="6/10/2025",
="800001710",="Present",="6/10/2025",
="800001765",="Present",="6/10/2025",
="800001802",="Present",="6/10/2025",
="800001810",="Present",="6/10/2025",
="800001029",="Present",="6/10/2025",
="800001257",="Present",="6/10/2025",
="800001265",="Present",="6/10/2025",
="800001403",="Present",="6/10/2025",
="800001466",="Absent",="6/10/2025",
="800001468",="Present",="6/10/2025",
="800001484",="Present",="6/10/2025",
="800001498",="Present",="6/10/2025",
="800001502",="Present",="6/10/2025",
="800001506",="Present",="6/10/2025",
="800001525",="Present",="6/10/2025",
="800001558",="Present",="6/10/2025",
="800001592",="Absent",="6/10/2025",
="800001605",="Present",="6/10/2025",
="800001607",="Present",="6/10/2025",
="800001621",="Present",="6/10/2025",
="800001622",="Present",="6/10/2025",
="800001642",="Present",="6/10/2025",
="800001666",="Present",="6/10/2025",
="800001668",="Present",="6/10/2025",
="800001688",="Present",="6/10/2025",
="800001696",="Present",="6/10/2025",
="800001697",="Present",="6/10/2025",
="800001701",="Present",="6/10/2025",
="800001498",="Absent",="6/10/2025",
="770000323",="Present",="6/10/2025",
="770007073",="Present",="6/10/2025",
="800000649",="Present",="6/10/2025",
="800000879",="Present",="6/10/2025",
="800000893",="Present",="6/10/2025",
="800000934",="Present",="6/10/2025",
="800001147",="Present",="6/10/2025",
="800001276",="Present",="6/10/2025",
="800001497",="Present",="6/10/2025",
="800001513",="Present",="6/10/2025",
="800001679",="Present",="6/10/2025",
="800001576",="Present",="6/10/2025",
="800001602",="Absent",="6/10/2025",
="800001711",="Present",="6/10/2025",
="800001723",="Present",="6/10/2025",
="800001728",="Present",="6/10/2025",
="800001736",="Absent",="6/10/2025",
="800001815",="Present",="6/10/2025",
="800001405",="Absent",="6/11/2025",
="800001419",="Present",="6/11/2025",
="800001434",="Present",="6/11/2025",
="800001553",="Tardy/Late",="6/11/2025",
="800001576",="Present",="6/11/2025",
="800001602",="Absent",="6/11/2025",
="800001638",="Present",="6/11/2025",
="800001650",="Present",="6/11/2025",
="800001711",="Present",="6/11/2025",
="800001723",="Present",="6/11/2025",
="800001735",="Present",="6/11/2025",
="800001740",="Present",="6/11/2025",
="800001757",="Present",="6/11/2025",
="800001769",="Present",="6/11/2025",
="800001803",="Present",="6/11/2025",
="800001815",="Present",="6/11/2025",
="770000409",="Present",="6/10/2025",
="770017870",="Present",="6/10/2025",
="800000649",="Absent",="5/15/2025",
="800000879",="Absent",="5/15/2025",
="800000893",="Absent",="5/15/2025",
="800000934",="Absent",="5/15/2025",
="800001276",="Absent",="5/15/2025",
="800001679",="Absent",="5/15/2025",
="800000893",="Absent",="5/22/2025",
="800001497",="Absent",="5/22/2025",
="800000879",="Absent",="5/29/2025",
="800000934",="Absent",="5/29/2025",
="770007073",="Present",="6/5/2025",
="800000649",="Present",="6/5/2025",
="800000879",="Present",="6/5/2025",
="800000893",="Present",="6/5/2025",
="800000934",="Present",="6/5/2025",
="800001147",="Present",="6/5/2025",
="800001276",="Present",="6/5/2025",
="800001497",="Present",="6/5/2025",
="800001679",="Present",="6/5/2025",
="800001563",="Tardy/Late",="6/11/2025",
="800001572",="Present",="6/11/2025",
="800001728",="Present",="6/11/2025",
="800001736",="Present",="6/11/2025",
="800001739",="Present",="6/11/2025",
="800001783",="Absent",="6/11/2025",
="800001812",="Present",="6/11/2025",
="800000785",="Present",="6/11/2025",
="800001030",="Present",="6/11/2025",
="800001257",="Absent",="6/11/2025",
="800001417",="Present",="6/11/2025",
="800001420",="Present",="6/11/2025",
="800001468",="Present",="6/11/2025",
="800001502",="Present",="6/11/2025",
="800001525",="Absent",="6/11/2025",
="800001533",="Present",="6/11/2025",
="800001592",="Absent",="6/11/2025",
="800001642",="Absent",="6/11/2025",
="800001666",="Present",="6/11/2025",
="800001688",="Present",="6/11/2025",
="800001696",="Present",="6/11/2025",
="800001697",="Present",="6/11/2025",
="800001701",="Present",="6/11/2025",
="800001580",="Present",="6/10/2025",
="800001590",="Present",="6/10/2025",
="800001617",="Present",="6/10/2025",
="800001618",="Absent",="6/10/2025",
="800001633",="Present",="6/10/2025",
="800001634",="Present",="6/10/2025",
="800001655",="Present",="6/10/2025",
="800001656",="Present",="6/10/2025",
="800001689",="Present",="6/10/2025",
="800001708",="Present",="6/10/2025",
="800001714",="Present",="6/10/2025",
="800001719",="Present",="6/10/2025",
="800001724",="Present",="6/10/2025",
="800001731",="Absent",="6/10/2025",
="800001733",="Present",="6/10/2025",
="800001736",="Present",="6/10/2025",
="800001737",="Absent",="6/10/2025",
="800001752",="Present",="6/10/2025",
="800001761",="Present",="6/10/2025",
="800001778",="Present",="6/10/2025",
="800001787",="Present",="6/10/2025",
="800001798",="Present",="6/10/2025",
="800001801",="Present",="6/10/2025",
="800001114",="Present",="6/10/2025",
="800001308",="Present",="6/10/2025",
="800001443",="Present",="6/10/2025",
="800001517",="Present",="6/10/2025",
="800001572",="Present",="6/10/2025",
="800001643",="Present",="6/10/2025",
="800001646",="Present",="6/10/2025",
="800001652",="Present",="6/10/2025",
="800001699",="Present",="6/10/2025",
="800001751",="Present",="6/10/2025",
="800001771",="Present",="6/10/2025",
="800001775",="Present",="6/10/2025",
="800001776",="Present",="6/10/2025",
="800001784",="Present",="6/10/2025",
="800001789",="Present",="6/10/2025",
="800001812",="Present",="6/10/2025",
="800001485",="Present",="6/11/2025",
="800000230",="Present",="6/11/2025",
="800000754",="Present",="6/11/2025",
="800000942",="Present",="6/11/2025",
="800001094",="Present",="6/11/2025",
="800001181",="Present",="6/11/2025",
="800001198",="Present",="6/11/2025",
="800001259",="Present",="6/11/2025",
="800001298",="Present",="6/11/2025",
="800001324",="Present",="6/11/2025",
="800001351",="Present",="6/11/2025",
="800001360",="Present",="6/11/2025",
="800001363",="Present",="6/11/2025",
="800001368",="Present",="6/11/2025",
="800001394",="Present",="6/11/2025",
="800001425",="Present",="6/11/2025",
="800001529",="Present",="6/11/2025",
="800001548",="Present",="6/11/2025",
="770000107",="Present",="6/11/2025",
="800000878",="Present",="6/11/2025",
="800000894",="Present",="6/11/2025",
="800001234",="Present",="6/11/2025",
="800001320",="Present",="6/11/2025",
="800001342",="Present",="6/11/2025",
="800001359",="Present",="6/11/2025",
="800000708",="Present",="6/11/2025",
="800000952",="Present",="6/11/2025",
="800001001",="Present",="6/11/2025",
="800001265",="Present",="6/11/2025",
="800001322",="Present",="6/11/2025",
="800001378",="Present",="6/11/2025",
="800001403",="Present",="6/11/2025",
="800001436",="Present",="6/11/2025",
="800001459",="Present",="6/11/2025",
="800001473",="Present",="6/11/2025",
="800001498",="Present",="6/11/2025",
="800001508",="Present",="6/11/2025",
="800001525",="Present",="6/11/2025",
="800001528",="Present",="6/11/2025",
="800001532",="Present",="6/11/2025",
="800001534",="Present",="6/11/2025",
="800001557",="Present",="6/11/2025",
="800001586",="Present",="6/11/2025",
="800001593",="Present",="6/11/2025",
="800001598",="Present",="6/11/2025",
="800001619",="Present",="6/11/2025",
="800001623",="Present",="6/11/2025",
="800001625",="Present",="6/11/2025",
="800001644",="Present",="6/11/2025",
="800001655",="Present",="6/11/2025",
="800001657",="Present",="6/11/2025",
="800001667",="Present",="6/11/2025",
="800001517",="Present",="6/11/2025",
="800001587",="Present",="6/11/2025",
="800001590",="Present",="6/11/2025",
="800001605",="Absent",="6/11/2025",
="800001617",="Present",="6/11/2025",
="800001633",="Present",="6/11/2025",
="800001643",="No class",="6/11/2025",
="800001705",="Present",="6/11/2025",
="800001708",="Present",="6/11/2025",
="800001714",="Present",="6/11/2025",
="800001719",="Present",="6/11/2025",
="800001724",="Present",="6/11/2025",
="800001731",="Absent",="6/11/2025",
="800001733",="Present",="6/11/2025",
="800001737",="Absent",="6/11/2025",
="800001751",="Present",="6/11/2025",
="800001761",="Present",="6/11/2025",
="800001771",="Present",="6/11/2025",
="800001775",="Present",="6/11/2025",
="800001776",="Present",="6/11/2025",
="800001778",="Present",="6/11/2025",
="800001591",="Present",="6/11/2025",
="800000934",="Present",="6/11/2025",
="800000941",="Present",="6/11/2025",
="800000957",="Present",="6/11/2025",
="800001292",="Present",="6/11/2025",
="800001410",="Present",="6/11/2025",
="800001563",="Present",="6/12/2025",
="800001656",="Present",="6/12/2025",
="800001711",="Present",="6/12/2025",
="800001735",="Present",="6/12/2025",
="800001739",="Present",="6/12/2025",
="800001765",="Present",="6/12/2025",
="800001769",="Present",="6/12/2025",
="800001802",="Present",="6/12/2025",
="800001803",="Present",="6/12/2025",
="800001815",="Present",="6/12/2025",
="800000289",="Present",="6/12/2025",
="800001114",="Present",="6/12/2025",
="800001618",="Absent",="6/12/2025",
="800001646",="Present",="6/12/2025",
="800001699",="Present",="6/12/2025",
="800001784",="Absent",="6/12/2025",
="800001787",="Present",="6/12/2025",
="800001789",="Present",="6/12/2025",
="800001798",="Present",="6/12/2025",
="800001801",="Absent",="6/12/2025",
="800001812",="Present",="6/12/2025",
="770000409",="Present",="6/12/2025",
="800000941",="Present",="6/12/2025",
="800000957",="Absent",="6/12/2025",
="800001104",="Absent",="6/12/2025",
="800001198",="Absent",="6/12/2025",
="800001292",="Present",="6/12/2025",
="800001318",="Present",="6/12/2025",
="800001410",="Absent",="6/12/2025",
="800001562",="Present",="6/12/2025",
="800001607",="Present",="6/12/2025",
="800001626",="Present",="6/12/2025",
="800001673",="Present",="6/12/2025",
="770000107",="Present",="6/5/2025",
="800000722",="Present",="6/5/2025",
="800000878",="Absent",="6/5/2025",
="800000894",="Present",="6/5/2025",
="800001320",="Present",="6/5/2025",
="800001342",="Present",="6/5/2025",
="800001359",="Present",="6/5/2025",
="770000107",="Present",="6/12/2025",
="800000722",="Present",="6/12/2025",
="800000878",="Present",="6/12/2025",
="800000894",="Present",="6/12/2025",
="800001320",="Present",="6/12/2025",
="800001342",="Present",="6/12/2025",
="800001359",="Present",="6/12/2025",
="800001736",="Absent",="5/20/2025",
="770062456",="Present",="6/12/2025",
="800001001",="Present",="6/12/2025",
="800001443",="Present",="6/12/2025",
="800001459",="Present",="6/12/2025",
="800001473",="Present",="6/12/2025",
="800001505",="Present",="6/12/2025",
="800001508",="Absent",="6/12/2025",
="800001511",="Present",="6/12/2025",
="800001525",="Absent",="6/12/2025",
="800001557",="Present",="6/12/2025",
="800001586",="Present",="6/12/2025",
="800001593",="Present",="6/12/2025",
="800001598",="Present",="6/12/2025",
="800001614",="Absent",="6/12/2025",
="800001619",="Present",="6/12/2025",
="800001623",="Present",="6/12/2025",
="800001625",="Present",="6/12/2025",
="800001644",="Present",="6/12/2025",
="800001657",="Present",="6/12/2025",
="800001681",="Present",="6/12/2025",
="800001689",="Present",="6/12/2025",
="800001695",="Present",="6/12/2025",
="800000785",="No class",="6/10/2025",
="800001029",="No class",="6/10/2025",
="800001257",="No class",="6/10/2025",
="800001468",="No class",="6/10/2025",
="800001498",="No class",="6/10/2025",
="800001502",="No class",="6/10/2025",
="800001506",="No class",="6/10/2025",
="800001525",="No class",="6/10/2025",
="800001558",="No class",="6/10/2025",
="800001592",="No class",="6/10/2025",
="800001605",="No class",="6/10/2025",
="800001621",="No class",="6/10/2025",
="800001622",="No class",="6/10/2025",
="800001681",="Tardy/Late",="6/10/2025",
="800001695",="Tardy/Late",="6/10/2025",
="770062096",="Present",="6/12/2025",
="800001204",="Present",="6/12/2025",
="800001257",="Present",="6/12/2025",
="800001300",="Present",="6/12/2025",
="800001468",="Present",="6/12/2025",
="800001484",="Present",="6/12/2025",
="800001502",="Present",="6/12/2025",
="800001506",="Present",="6/12/2025",
="800001587",="Present",="6/12/2025",
="800001592",="Absent",="6/12/2025",
="800001605",="Absent",="6/12/2025",
="800001634",="Present",="6/12/2025",
="800001642",="Present",="6/12/2025",
="800001665",="Present",="6/12/2025",
="800001668",="Present",="6/12/2025",
="800001688",="Present",="6/12/2025",
="800001691",="Present",="6/12/2025",
="800001696",="Present",="6/12/2025",
="800001697",="Present",="6/12/2025",
="800001701",="Present",="6/12/2025",
="770062096",="No class",="6/10/2025",
="770062456",="No class",="6/10/2025",
="800001001",="No class",="6/10/2025",
="800001417",="No class",="6/10/2025",
="800001436",="No class",="6/10/2025",
="800001459",="No class",="6/10/2025",
="800001508",="No class",="6/10/2025",
="800001528",="No class",="6/10/2025",
="800001557",="No class",="6/10/2025",
="800001586",="Present",="6/10/2025",
="800001587",="No class",="6/10/2025",
="800001593",="No class",="6/10/2025",
="800001598",="No class",="6/10/2025",
="800001619",="No class",="6/10/2025",
="800001623",="No class",="6/10/2025",
="800001625",="No class",="6/10/2025",
="800001644",="No class",="6/10/2025",
="800001657",="No class",="6/10/2025",
="800001736",="Present",="5/13/2025",
="800000228",="Present",="6/11/2025",
="800000230",="Tardy/Late",="6/11/2025",
="800001204",="Present",="6/11/2025",
="800001300",="Present",="6/11/2025",
="800001315",="Present",="6/11/2025",
="800001330",="Present",="6/11/2025",
="800001415",="Present",="6/11/2025",
="800001427",="Present",="6/11/2025",
="800001445",="Present",="6/11/2025",
="800001471",="Present",="6/11/2025",
="800001505",="Present",="6/11/2025",
="800001530",="Present",="6/11/2025",
="800001532",="Absent",="6/11/2025",
="800000230",="Tardy/Late",="6/12/2025",
="800000952",="Present",="6/12/2025",
="800001322",="Present",="6/12/2025",
="800001324",="Present",="6/12/2025",
="800001360",="Present",="6/12/2025",
="800001363",="Present",="6/12/2025",
="800001394",="Present",="6/12/2025",
="800001414",="Present",="6/12/2025",
="800001417",="Present",="6/12/2025",
="800001420",="Present",="6/12/2025",
="800001425",="Present",="6/12/2025",
="800001427",="Present",="6/12/2025",
="800001471",="Present",="6/12/2025",
="800001485",="Present",="6/12/2025",
="800001529",="Present",="6/12/2025",
="800001530",="Present",="6/12/2025",
="800001533",="Present",="6/12/2025",
="800001534",="Present",="6/12/2025",
="800001548",="Present",="6/12/2025",
="800000228",="Present",="6/4/2025",
="800001204",="Present",="6/4/2025",
="800001300",="Present",="6/4/2025",
="800001315",="Present",="6/4/2025",
="800001330",="Present",="6/4/2025",
="800001415",="Present",="6/4/2025",
="800001427",="Present",="6/4/2025",
="800001445",="Present",="6/4/2025",
="800001471",="Present",="6/4/2025",
="800001505",="Present",="6/4/2025",
="800001530",="Present",="6/4/2025",
="800000230",="Present",="6/5/2025",
="800000952",="Absent",="6/5/2025",
="800001322",="Present",="6/5/2025",
="800001324",="Present",="6/5/2025",
="800001360",="Present",="6/5/2025",
="800001363",="Present",="6/5/2025",
="800001394",="Present",="6/5/2025",
="800001414",="Present",="6/5/2025",
="800001417",="Present",="6/5/2025",
="800001420",="Present",="6/5/2025",
="800001425",="Absent",="6/5/2025",
="800001427",="Present",="6/5/2025",
="800001471",="Present",="6/5/2025",
="800001485",="Absent",="6/5/2025",
="800001529",="Absent",="6/5/2025",
="800001530",="Present",="6/5/2025",
="800001533",="Present",="6/5/2025",
="800001534",="Present",="6/5/2025",
="800001548",="Absent",="6/5/2025",
="800000289",="Present",="6/13/2025",
="800000774",="Present",="6/13/2025",
="800001308",="Present",="6/11/2025",
="800001580",="Present",="6/11/2025",
="800001618",="Present",="6/11/2025",
="800001646",="Present",="6/11/2025",
="800001656",="Present",="6/11/2025",
="800001689",="Present",="6/11/2025",
="800001699",="Present",="6/11/2025",
="800001787",="Present",="6/11/2025",
="800001789",="Present",="6/11/2025",
="800001798",="Present",="6/11/2025",
="800001617",="Absent",="6/12/2025",
="800001708",="Present",="6/12/2025",
="800001714",="Present",="6/12/2025",
="800001719",="Present",="6/12/2025",
="800001724",="Present",="6/12/2025",
="800001731",="Absent",="6/12/2025",
="800001736",="Absent",="6/12/2025",
="800001737",="Absent",="6/12/2025",
="800001745",="Present",="6/12/2025",
="800001751",="Present",="6/12/2025",
="800001752",="Present",="6/12/2025",
="800001760",="Present",="6/12/2025",
="800001761",="Present",="6/12/2025",
="800001771",="Present",="6/12/2025",
="800001775",="Present",="6/12/2025",
="800001776",="Present",="6/12/2025",
="800001778",="Present",="6/12/2025",
="800001801",="Present",="6/12/2025",
="770000323",="Present",="6/13/2025",
="800000934",="Present",="6/13/2025",
="800001142",="Present",="6/13/2025",
="800001318",="Present",="6/13/2025",
="800001443",="Present",="6/13/2025",
="800001497",="Present",="6/13/2025",
="800000428",="Present",="6/14/2025",
="800000461",="Present",="6/14/2025",
="800000625",="Present",="6/14/2025",
="770062456",="Present",="6/14/2025",
="800001114",="Present",="6/14/2025",
="800001265",="Present",="6/14/2025",
="800001308",="Present",="6/14/2025",
="800001415",="Present",="6/14/2025",
="800001459",="Present",="6/14/2025",
="800001489",="Present",="6/14/2025",
="800001586",="Present",="6/14/2025",
="800001589",="Present",="6/14/2025",
="800001592",="Absent",="6/14/2025",
="800001605",="Present",="6/14/2025",
="800001614",="Absent",="6/14/2025",
="800001619",="Present",="6/14/2025",
="800001633",="Present",="6/14/2025",
="800001655",="Present",="6/14/2025",
="800001657",="Present",="6/14/2025",
="800001665",="Present",="6/14/2025",
="800001666",="Present",="6/14/2025",
="800001668",="Present",="6/14/2025",
="800001681",="Present",="6/14/2025",
="800001696",="Present",="6/14/2025",
="800001697",="Present",="6/14/2025",
="800001712",="Present",="6/14/2025",
="800001778",="Present",="6/14/2025",
="800001484",="Present",="6/14/2025",
="800001580",="Present",="6/14/2025",
="800001590",="Present",="6/14/2025",
="800001618",="Present",="6/14/2025",
="800001621",="Present",="6/14/2025",
="800001622",="Present",="6/14/2025",
="800001623",="Present",="6/14/2025",
="800001625",="Present",="6/14/2025",
="800001634",="Present",="6/14/2025",
="800001646",="Present",="6/14/2025",
="800001652",="Present",="6/14/2025",
="800001667",="Present",="6/14/2025",
="800001691",="Present",="6/14/2025",
="800001695",="Present",="6/14/2025",
="800001699",="Present",="6/14/2025",
="800001705",="Present",="6/14/2025",
="800001710",="Present",="6/14/2025",
="800001775",="Present",="6/14/2025",
="800001789",="Present",="6/14/2025",
="800001798",="Present",="6/14/2025",
="800001810",="Present",="6/14/2025",
="800001813",="Present",="6/14/2025",
="770007073",="Present",="6/15/2025",
="770017870",="Present",="6/15/2025",
="800000649",="Present",="6/15/2025",
="800001094",="Present",="6/15/2025",
="800001104",="Present",="6/15/2025",
="800001142",="Present",="6/15/2025",
="800001318",="Present",="6/15/2025",
="800001443",="Present",="6/15/2025",
="800001466",="Present",="6/15/2025",
="800001489",="Present",="6/15/2025",
="800001497",="Present",="6/15/2025",
="800001517",="Present",="6/15/2025",
="800001591",="Present",="6/15/2025",
="800001626",="Present",="6/15/2025",
="800001679",="Present",="6/15/2025",
="800000289",="Present",="6/16/2025",
="800000722",="Present",="6/16/2025",
="800000774",="Present",="6/16/2025",
="800001513",="Present",="6/16/2025",
="800000952",="Present",="6/15/2025",
="800001001",="Present",="6/15/2025",
="800001529",="Present",="6/15/2025",
="800001587",="Present",="6/15/2025",
="800001602",="Present",="6/15/2025",
="800001607",="Present",="6/15/2025",
="800001643",="Present",="6/15/2025",
="800001714",="Present",="6/15/2025",
="800001719",="Present",="6/15/2025",
="800001724",="Present",="6/15/2025",
="800001731",="Absent",="6/15/2025",
="800001733",="Present",="6/15/2025",
="800001751",="Present",="6/15/2025",
="800001760",="Present",="6/15/2025",
="800001761",="Present",="6/15/2025",
="800001784",="Present",="6/15/2025",
="800001787",="Present",="6/15/2025",
="800001789",="Present",="6/15/2025",
="800000228",="Present",="6/15/2025",
="800001204",="Present",="6/15/2025",
="800001378",="Present",="6/15/2025",
="800001445",="Present",="6/15/2025",
="800001618",="Present",="6/15/2025",
="800001623",="Present",="6/15/2025",
="800001625",="Present",="6/15/2025",
="800001665",="Present",="6/15/2025",
="800001691",="Present",="6/15/2025",
="800001728",="Present",="6/15/2025",
="800001736",="Present",="6/15/2025",
="800001812",="Present",="6/15/2025",
="800001114",="Present",="6/16/2025",
="800001308",="Present",="6/16/2025",
="800001443",="Present",="6/16/2025",
="800001517",="Present",="6/16/2025",
="800001572",="Present",="6/16/2025",
="800001580",="Present",="6/16/2025",
="800001590",="Present",="6/16/2025",
="800001614",="Present",="6/16/2025",
="800001617",="Absent",="6/16/2025",
="800001618",="Present",="6/16/2025",
="800001633",="Present",="6/16/2025",
="800001634",="Present",="6/16/2025",
="800001643",="Present",="6/16/2025",
="800001646",="Present",="6/16/2025",
="800001652",="Present",="6/16/2025",
="800001655",="Present",="6/16/2025",
="800001656",="Present",="6/16/2025",
="800001689",="Present",="6/16/2025",
="800001699",="Present",="6/16/2025",
="800001708",="Present",="6/16/2025",
="800001711",="Present",="6/16/2025",
="800001714",="Present",="6/16/2025",
="800001719",="Present",="6/16/2025",
="800001724",="Present",="6/16/2025",
="800001728",="Present",="6/16/2025",
="800001731",="Absent",="6/16/2025",
="800001733",="Present",="6/16/2025",
="800001736",="Present",="6/16/2025",
="800001751",="Present",="6/16/2025",
="800001752",="Present",="6/16/2025",
="800001761",="Present",="6/16/2025",
="800001771",="Present",="6/16/2025",
="800001775",="Present",="6/16/2025",
="800001776",="Present",="6/16/2025",
="800001778",="Present",="6/16/2025",
="800001784",="Present",="6/16/2025",
="800001787",="Present",="6/16/2025",
="800001789",="Present",="6/16/2025",
="800001798",="Present",="6/16/2025",
="800001801",="Present",="6/16/2025",
="800001812",="Present",="6/16/2025",
="800000348",="Present",="6/16/2025",
="800001405",="Absent",="6/16/2025",
="800001553",="Present",="6/16/2025",
="800001558",="Present",="6/16/2025",
="800001563",="Present",="6/16/2025",
="800001580",="Absent",="6/16/2025",
="800001589",="Present",="6/16/2025",
="800001650",="Present",="6/16/2025",
="800001710",="Present",="6/16/2025",
="800001712",="Present",="6/16/2025",
="800001726",="Present",="6/16/2025",
="800001729",="Present",="6/16/2025",
="800001735",="Present",="6/16/2025",
="800001739",="Present",="6/16/2025",
="800001740",="Present",="6/16/2025",
="800001757",="Present",="6/16/2025",
="800001765",="Present",="6/16/2025",
="800001769",="Present",="6/16/2025",
="800001793",="Absent",="6/16/2025",
="800001802",="Present",="6/16/2025",
="800001803",="Present",="6/16/2025",
="800001810",="Present",="6/16/2025",
="800001813",="Present",="6/16/2025",
="800001815",="Present",="6/16/2025",
="800001591",="Present",="6/16/2025",
="770000409",="Present",="6/16/2025",
="770017870",="Present",="6/16/2025",
="800000927",="Present",="6/16/2025",
="800000957",="Present",="6/16/2025",
="800001104",="Tardy/Late",="6/16/2025",
="800001268",="Present",="6/16/2025",
="800001292",="Present",="6/16/2025",
="800001318",="Present",="6/16/2025",
="800001410",="Present",="6/16/2025",
="800001497",="Present",="6/16/2025",
="800001562",="Present",="6/16/2025",
="800001673",="Tardy/Late",="6/16/2025",
="770007073",="Present",="6/16/2025",
="800000649",="Present",="6/16/2025",
="800000879",="Present",="6/16/2025",
="800000893",="Present",="6/16/2025",
="800000934",="Present",="6/16/2025",
="800001142",="Present",="6/16/2025",
="800001147",="Present",="6/16/2025",
="800001196",="Present",="6/16/2025",
="800001276",="Present",="6/16/2025",
="800001679",="Present",="6/16/2025",
="800000941",="Present",="6/14/2025",
="800001198",="Present",="6/14/2025",
="800001268",="Present",="6/14/2025",
="800001292",="Present",="6/14/2025",
="800001368",="Present",="6/14/2025",
="800001410",="Present",="6/14/2025",
="800001443",="Present",="6/14/2025",
="800001517",="Present",="6/14/2025",
="800001607",="Present",="6/14/2025",
="800001642",="Present",="6/14/2025",
="800001673",="Present",="6/14/2025",
="800001415",="Present",="6/13/2025",
="800001617",="Present",="6/13/2025",
="800001689",="Present",="6/13/2025",
="800001708",="Present",="6/13/2025",
="800001714",="Present",="6/13/2025",
="800001719",="Present",="6/13/2025",
="800001724",="Present",="6/13/2025",
="800001731",="Absent",="6/13/2025",
="800001733",="Present",="6/13/2025",
="800001737",="Absent",="6/13/2025",
="800001745",="Present",="6/13/2025",
="800001751",="Present",="6/13/2025",
="800001760",="Present",="6/13/2025",
="800001761",="Present",="6/13/2025",
="800001771",="Present",="6/13/2025",
="800001776",="Present",="6/13/2025",
="800001784",="Present",="6/13/2025",
="800001787",="Present",="6/13/2025",
="800000348",="Present",="6/17/2025",
="800001553",="Present",="6/17/2025",
="800001563",="Present",="6/17/2025",
="800001581",="Present",="6/17/2025",
="800001589",="Present",="6/17/2025",
="800001650",="Present",="6/17/2025",
="800001665",="Present",="6/17/2025",
="800001712",="Present",="6/17/2025",
="800001726",="Present",="6/17/2025",
="800001729",="Present",="6/17/2025",
="800001735",="Present",="6/17/2025",
="800001739",="Present",="6/17/2025",
="800001740",="Present",="6/17/2025",
="800001757",="Present",="6/17/2025",
="800001769",="Present",="6/17/2025",
="800001793",="Present",="6/17/2025",
="800001803",="Present",="6/17/2025",
="800001813",="Present",="6/17/2025",
="800001405",="Absent",="6/17/2025",
="800001434",="Present",="6/17/2025",
="800001667",="Absent",="6/17/2025",
="800001691",="Present",="6/17/2025",
="800001710",="Present",="6/17/2025",
="800001765",="Present",="6/17/2025",
="800001802",="Present",="6/17/2025",
="800001810",="Present",="6/17/2025",
="800001029",="Present",="6/17/2025",
="800001257",="Present",="6/17/2025",
="800001265",="Present",="6/17/2025",
="800001403",="Present",="6/17/2025",
="800001466",="Absent",="6/17/2025",
="800001468",="Present",="6/17/2025",
="800001484",="Present",="6/17/2025",
="800001498",="Present",="6/17/2025",
="800001502",="Present",="6/17/2025",
="800001506",="Present",="6/17/2025",
="800001525",="Present",="6/17/2025",
="800001558",="Present",="6/17/2025",
="800001592",="Absent",="6/17/2025",
="800001605",="Present",="6/17/2025",
="800001607",="Present",="6/17/2025",
="800001621",="Present",="6/17/2025",
="800001622",="Present",="6/17/2025",
="800001642",="Present",="6/17/2025",
="800001666",="Present",="6/17/2025",
="800001668",="Present",="6/17/2025",
="800001688",="Present",="6/17/2025",
="800001696",="Present",="6/17/2025",
="800001697",="Present",="6/17/2025",
="800001701",="Present",="6/17/2025",
="800001576",="Present",="6/17/2025",
="800001602",="Absent",="6/17/2025",
="800001711",="Present",="6/17/2025",
="800001723",="Present",="6/17/2025",
="800001728",="Present",="6/17/2025",
="800001815",="Present",="6/17/2025",
="770000745",="Present",="6/16/2025",
="770062456",="Present",="6/16/2025",
="800000228",="Present",="6/16/2025",
="800001001",="Absent",="6/16/2025",
="800001265",="Present",="6/16/2025",
="800001330",="Present",="6/16/2025",
="800001360",="Present",="6/16/2025",
="800001363",="Present",="6/16/2025",
="800001403",="Present",="6/16/2025",
="800001415",="Present",="6/16/2025",
="800001445",="Present",="6/16/2025",
="800001459",="Present",="6/16/2025",
="800001473",="Present",="6/16/2025",
="800001498",="Present",="6/16/2025",
="800001508",="Present",="6/16/2025",
="800001511",="Present",="6/16/2025",
="800001528",="Present",="6/16/2025",
="800001530",="Present",="6/16/2025",
="800001532",="Present",="6/16/2025",
="800001534",="Present",="6/16/2025",
="800001548",="Present",="6/16/2025",
="800001557",="Present",="6/16/2025",
="800001586",="Present",="6/16/2025",
="800001593",="Present",="6/16/2025",
="800001598",="Present",="6/16/2025",
="800001605",="Present",="6/16/2025",
="800001619",="Present",="6/16/2025",
="800001644",="Present",="6/16/2025",
="800001657",="Present",="6/16/2025",
="800001668",="Present",="6/16/2025",
="800001681",="Present",="6/16/2025",
="800001695",="Present",="6/16/2025",
="800001580",="Present",="6/17/2025",
="800001590",="Present",="6/17/2025",
="800001617",="Absent",="6/17/2025",
="800001618",="Present",="6/17/2025",
="800001633",="Present",="6/17/2025",
="800001634",="Absent",="6/17/2025",
="800001655",="Present",="6/17/2025",
="800001656",="Present",="6/17/2025",
="800001689",="Present",="6/17/2025",
="800001708",="Present",="6/17/2025",
="800001714",="Present",="6/17/2025",
="800001719",="Present",="6/17/2025",
="800001724",="Present",="6/17/2025",
="800001731",="Absent",="6/17/2025",
="800001733",="Present",="6/17/2025",
="800001736",="Present",="6/17/2025",
="800001752",="Present",="6/17/2025",
="800001761",="Present",="6/17/2025",
="800001778",="Present",="6/17/2025",
="800001787",="Present",="6/17/2025",
="800001798",="Present",="6/17/2025",
="800001801",="Present",="6/17/2025",
="800001114",="Present",="6/17/2025",
="800001308",="Absent",="6/17/2025",
="800001443",="Present",="6/17/2025",
="800001517",="Present",="6/17/2025",
="800001572",="Present",="6/17/2025",
="800001614",="Present",="6/17/2025",
="800001643",="Present",="6/17/2025",
="800001646",="Present",="6/17/2025",
="800001652",="Present",="6/17/2025",
="800001751",="Present",="6/17/2025",
="800001771",="Present",="6/17/2025",
="800001775",="Present",="6/17/2025",
="800001776",="Present",="6/17/2025",
="800001784",="Present",="6/17/2025",
="800001789",="Present",="6/17/2025",
="800001812",="Present",="6/17/2025",
="770000409",="Present",="6/17/2025",
="770007073",="Present",="6/17/2025",
="770017870",="Present",="6/17/2025",
="800000649",="Present",="6/17/2025",
="800001147",="Present",="6/17/2025",
="800001276",="Present",="6/17/2025",
="800001497",="Present",="6/17/2025",
="800000785",="No class",="6/16/2025",
="800001029",="Absent",="6/16/2025",
="800001257",="Present",="6/16/2025",
="800001265",="Absent",="6/16/2025",
="800001468",="Present",="6/16/2025",
="800001502",="Present",="6/16/2025",
="800001506",="Present",="6/16/2025",
="800001525",="Present",="6/16/2025",
="800001558",="No class",="6/16/2025",
="800001621",="Present",="6/16/2025",
="800001622",="Present",="6/16/2025",
="800001642",="No class",="6/16/2025",
="800001666",="No class",="6/16/2025",
="800001668",="No class",="6/16/2025",
="800001688",="No class",="6/16/2025",
="800001696",="No class",="6/16/2025",
="800001697",="No class",="6/16/2025",
="800001701",="No class",="6/16/2025",
="800000785",="Present",="6/17/2025",
="800001681",="Present",="6/17/2025",
="800001695",="Present",="6/17/2025",
="770000745",="Present",="6/17/2025",
="770062096",="Present",="6/17/2025",
="770062456",="Present",="6/17/2025",
="800001001",="Absent",="6/17/2025",
="800001417",="Present",="6/17/2025",
="800001436",="Present",="6/17/2025",
="800001459",="Present",="6/17/2025",
="800001508",="Present",="6/17/2025",
="800001528",="Present",="6/17/2025",
="800001557",="Present",="6/17/2025",
="800001586",="Present",="6/17/2025",
="800001587",="Present",="6/17/2025",
="800001593",="Present",="6/17/2025",
="800001598",="Present",="6/17/2025",
="800001619",="Present",="6/17/2025",
="800001623",="Present",="6/17/2025",
="800001625",="Present",="6/17/2025",
="800001644",="Present",="6/17/2025",
="800001657",="Present",="6/17/2025",
="800000228",="Present",="6/18/2025",
="800000230",="Present",="6/18/2025",
="800000754",="Present",="6/18/2025",
="800000952",="Present",="6/18/2025",
="800001094",="Present",="6/18/2025",
="800001181",="Present",="6/18/2025",
="800001198",="Present",="6/18/2025",
="800001204",="Present",="6/18/2025",
="800001298",="Present",="6/18/2025",
="800001300",="Present",="6/18/2025",
="800001315",="Present",="6/18/2025",
="800001330",="Present",="6/18/2025",
="800001351",="Present",="6/18/2025",
="800001360",="Present",="6/18/2025",
="800001368",="Present",="6/18/2025",
="800001394",="Present",="6/18/2025",
="800001415",="Present",="6/18/2025",
="800001419",="Present",="6/18/2025",
="800001425",="Present",="6/18/2025",
="800001427",="Present",="6/18/2025",
="800001445",="Present",="6/18/2025",
="800001471",="Present",="6/18/2025",
="800001485",="Present",="6/18/2025",
="800001505",="Present",="6/18/2025",
="800001529",="Present",="6/18/2025",
="800001530",="Present",="6/18/2025",
="800001532",="Present",="6/18/2025",
="800001548",="Present",="6/18/2025",
="770007073",="Present",="6/14/2025",
="770017870",="Present",="6/14/2025",
="800000894",="Present",="6/14/2025",
="800000927",="Present",="6/14/2025",
="800001320",="Present",="6/14/2025",
="800001342",="Present",="6/14/2025",
="800001359",="Present",="6/14/2025",
="800001591",="Present",="6/14/2025",
="770000745",="Present",="6/18/2025",
="800000708",="Present",="6/18/2025",
="800001001",="Absent excused",="6/18/2025",
="800001265",="Present",="6/18/2025",
="800001378",="Present",="6/18/2025",
="800001403",="Absent excused",="6/18/2025",
="800001436",="Present",="6/18/2025",
="800001459",="Present",="6/18/2025",
="800001473",="Present",="6/18/2025",
="800001498",="Present",="6/18/2025",
="800001508",="Present",="6/18/2025",
="800001525",="Present",="6/18/2025",
="800001528",="Present",="6/18/2025",
="800001533",="Present",="6/18/2025",
="800001534",="Present",="6/18/2025",
="800001557",="Present",="6/18/2025",
="800001586",="Present",="6/18/2025",
="800001593",="Present",="6/18/2025",
="800001598",="Present",="6/18/2025",
="800001614",="Present",="6/18/2025",
="800001619",="Present",="6/18/2025",
="800001623",="Present",="6/18/2025",
="800001625",="Present",="6/18/2025",
="800001644",="Present",="6/18/2025",
="800001655",="Present",="6/18/2025",
="800001657",="Present",="6/18/2025",
="800001666",="Present",="6/18/2025",
="800001667",="Present",="6/18/2025",
="800001196",="Present",="6/18/2025",
="800001563",="Present",="6/18/2025",
="800001572",="Present",="6/18/2025",
="800001728",="Present",="6/18/2025",
="800001736",="Present",="6/18/2025",
="800001739",="Present",="6/18/2025",
="800001783",="Absent",="6/18/2025",
="800001812",="Present",="6/18/2025",
="800001405",="Absent",="6/18/2025",
="800001434",="Present",="6/18/2025",
="800001553",="Present",="6/18/2025",
="800001576",="Present",="6/18/2025",
="800001602",="Absent",="6/18/2025",
="800001638",="Present",="6/18/2025",
="800001650",="Present",="6/18/2025",
="800001711",="Present",="6/18/2025",
="800001723",="Present",="6/18/2025",
="800001735",="Present",="6/18/2025",
="800001740",="Present",="6/18/2025",
="800001757",="Present",="6/18/2025",
="800001769",="Present",="6/18/2025",
="800001803",="Present",="6/18/2025",
="800001815",="Present",="6/18/2025",
="800001591",="Present",="6/18/2025",
="800000934",="Present",="6/18/2025",
="800000941",="Present",="6/18/2025",
="800000957",="Present",="6/18/2025",
="800001292",="Present",="6/18/2025",
="800001410",="Present",="6/18/2025",
="800000289",="Tardy/Late",="6/18/2025",
="800000762",="Tardy/Late",="6/18/2025",
="800000774",="Tardy/Late",="6/18/2025",
="800000289",="Present",="6/18/2025",
="800000762",="Present",="6/18/2025",
="800000289",="Absent",="6/19/2025",
="800000762",="Tardy/Late",="6/19/2025",
="800001562",="Present",="6/19/2025",
="800001607",="Present",="6/19/2025",
="800001673",="Present",="6/19/2025",
="800001563",="Present",="6/19/2025",
="800001656",="Present",="6/19/2025",
="800001711",="Present",="6/19/2025",
="800001735",="Present",="6/19/2025",
="800001739",="Present",="6/19/2025",
="800001757",="Absent",="6/19/2025",
="800001765",="Present",="6/19/2025",
="800001769",="Present",="6/19/2025",
="800001802",="Present",="6/19/2025",
="800001803",="Present",="6/19/2025",
="800001815",="Present",="6/19/2025",
="770007073",="No class",="6/19/2025",
="800000649",="No class",="6/19/2025",
="800000879",="No class",="6/19/2025",
="800000893",="No class",="6/19/2025",
="800000934",="No class",="6/19/2025",
="800001147",="No class",="6/19/2025",
="800001276",="No class",="6/19/2025",
="800001497",="No class",="6/19/2025",
="800001679",="No class",="6/19/2025",
="770007073",="Present",="6/19/2025",
="800000649",="Present",="6/19/2025",
="800000879",="Present",="6/19/2025",
="800000893",="Absent",="6/19/2025",
="800000934",="Present",="6/19/2025",
="800001147",="Present",="6/19/2025",
="800001276",="Absent",="6/19/2025",
="800001497",="Present",="6/19/2025",
="800001679",="Present",="6/19/2025",
="800001114",="Present",="6/19/2025",
="800001618",="Present",="6/19/2025",
="800001646",="Present",="6/19/2025",
="800001696",="Present",="6/19/2025",
="800001697",="Present",="6/19/2025",
="800001784",="Absent",="6/19/2025",
="800001787",="Present",="6/19/2025",
="800001789",="Present",="6/19/2025",
="800001798",="Present",="6/19/2025",
="800001801",="Absent",="6/19/2025",
="800001812",="Present",="6/19/2025",
="770000745",="Present",="6/19/2025",
="770062456",="Present",="6/19/2025",
="800001001",="Absent",="6/19/2025",
="800001443",="Present",="6/19/2025",
="800001459",="Present",="6/19/2025",
="800001473",="Present",="6/19/2025",
="800001505",="Present",="6/19/2025",
="800001508",="Present",="6/19/2025",
="800001511",="Present",="6/19/2025",
="800001525",="Absent",="6/19/2025",
="800001557",="Present",="6/19/2025",
="800001586",="Present",="6/19/2025",
="800001593",="Present",="6/19/2025",
="800001598",="Present",="6/19/2025",
="800001614",="Present",="6/19/2025",
="800001619",="Present",="6/19/2025",
="800001623",="Present",="6/19/2025",
="800001625",="Present",="6/19/2025",
="800001644",="Present",="6/19/2025",
="800001657",="Present",="6/19/2025",
="800001681",="Present",="6/19/2025",
="800001689",="Present",="6/19/2025",
="800001695",="Present",="6/19/2025",
="770062096",="Present",="6/19/2025",
="800001204",="Present",="6/19/2025",
="800001257",="Present",="6/19/2025",
="800001300",="Present",="6/19/2025",
="800001468",="Present",="6/19/2025",
="800001484",="Present",="6/19/2025",
="800001502",="Present",="6/19/2025",
="800001506",="Present",="6/19/2025",
="800001587",="Present",="6/19/2025",
="800001605",="Absent",="6/19/2025",
="800001634",="Present",="6/19/2025",
="800001642",="Present",="6/19/2025",
="800001665",="Present",="6/19/2025",
="800001668",="Present",="6/19/2025",
="800001688",="Present",="6/19/2025",
="800001691",="Present",="6/19/2025",
="800001701",="Present",="6/19/2025",
="770000745",="Present",="6/20/2025",
="770062096",="No class",="6/20/2025",
="770062456",="Present",="6/20/2025",
="800001001",="Present",="6/20/2025",
="800001417",="No class",="6/20/2025",
="800001436",="No class",="6/20/2025",
="800001459",="Present",="6/20/2025",
="800001508",="Present",="6/20/2025",
="800001528",="Present",="6/20/2025",
="800001557",="Present",="6/20/2025",
="800001586",="No class",="6/20/2025",
="800001587",="Present",="6/20/2025",
="800001593",="Present",="6/20/2025",
="800001598",="Present",="6/20/2025",
="800001619",="Present",="6/20/2025",
="800001623",="Present",="6/20/2025",
="800001625",="Present",="6/20/2025",
="800001657",="Present",="6/20/2025",
="800000228",="Present",="6/20/2025",
="800000230",="Present",="6/20/2025",
="800000708",="Present",="6/20/2025",
="800000754",="Absent",="6/20/2025",
="800000952",="Present",="6/20/2025",
="800001030",="Present",="6/20/2025",
="800001204",="Absent",="6/20/2025",
="800001298",="Present",="6/20/2025",
="800001300",="Present",="6/20/2025",
="800001315",="Present",="6/20/2025",
="800001322",="Absent",="6/20/2025",
="800001351",="Absent",="6/20/2025",
="800001360",="Present",="6/20/2025",
="800001394",="Absent",="6/20/2025",
="800001414",="Present",="6/20/2025",
="800001417",="Absent",="6/20/2025",
="800001419",="Present",="6/20/2025",
="800001420",="Present",="6/20/2025",
="800001425",="Absent",="6/20/2025",
="800001445",="Present",="6/20/2025",
="800001471",="Present",="6/20/2025",
="800001485",="Present",="6/20/2025",
="800001505",="Present",="6/20/2025",
="800001511",="Absent",="6/20/2025",
="800001529",="Present",="6/20/2025",
="800001532",="Absent",="6/20/2025",
="800001548",="Present",="6/20/2025",
="800000785",="Absent",="6/18/2025",
="800001030",="Present",="6/18/2025",
="800001257",="Absent",="6/18/2025",
="800001417",="Absent",="6/18/2025",
="800001420",="Present",="6/18/2025",
="800001468",="Present",="6/18/2025",
="800001502",="Present",="6/18/2025",
="800001642",="Present",="6/18/2025",
="800001688",="Present",="6/18/2025",
="800001696",="Present",="6/18/2025",
="800001697",="Present",="6/18/2025",
="800001701",="Absent",="6/18/2025",
="770000323",="Present",="6/16/2025",
="800001104",="Present",="6/16/2025",
="800001673",="Present",="6/16/2025",
="770000107",="Present",="6/16/2025",
="800000894",="Present",="6/16/2025",
="800001234",="Present",="6/16/2025",
="800001320",="Present",="6/16/2025",
="800001342",="Present",="6/16/2025",
="800001359",="Present",="6/16/2025",
="800000228",="Present",="6/13/2025",
="800000230",="Present",="6/13/2025",
="800000708",="Present",="6/13/2025",
="800000754",="Present",="6/13/2025",
="800000952",="Present",="6/13/2025",
="800001030",="Present",="6/13/2025",
="800001204",="Present",="6/13/2025",
="800001298",="Present",="6/13/2025",
="800001300",="Present",="6/13/2025",
="800001315",="Present",="6/13/2025",
="800001322",="Present",="6/13/2025",
="800001351",="Present",="6/13/2025",
="800001360",="Present",="6/13/2025",
="800001394",="Present",="6/13/2025",
="800001414",="Present",="6/13/2025",
="800001417",="Present",="6/13/2025",
="800001419",="Present",="6/13/2025",
="800001420",="Present",="6/13/2025",
="800001425",="Present",="6/13/2025",
="800001445",="Present",="6/13/2025",
="800001471",="Present",="6/13/2025",
="800001485",="Present",="6/13/2025",
="800001505",="Present",="6/13/2025",
="800001511",="Present",="6/13/2025",
="800001529",="Present",="6/13/2025",
="800001532",="Present",="6/13/2025",
="800001548",="Present",="6/13/2025",
="770007073",="Present",="6/12/2025",
="800000649",="Present",="6/12/2025",
="800000879",="Present",="6/12/2025",
="800000893",="Present",="6/12/2025",
="800000934",="Present",="6/12/2025",
="800001147",="Present",="6/12/2025",
="800001276",="Present",="6/12/2025",
="800001497",="Present",="6/12/2025",
="800001679",="Present",="6/12/2025",
="770000323",="Present",="6/9/2025",
="800001318",="Present",="6/9/2025",
="800000228",="Present",="6/6/2025",
="800000230",="Present",="6/6/2025",
="800000708",="Present",="6/6/2025",
="800000754",="Present",="6/6/2025",
="800000952",="Present",="6/6/2025",
="800001030",="Present",="6/6/2025",
="800001204",="Present",="6/6/2025",
="800001298",="Present",="6/6/2025",
="800001300",="Present",="6/6/2025",
="800001315",="Present",="6/6/2025",
="800001322",="Present",="6/6/2025",
="800001351",="Present",="6/6/2025",
="800001360",="Present",="6/6/2025",
="800001394",="Present",="6/6/2025",
="800001414",="Present",="6/6/2025",
="800001417",="Present",="6/6/2025",
="800001419",="Present",="6/6/2025",
="800001420",="Present",="6/6/2025",
="800001425",="Present",="6/6/2025",
="800001445",="Present",="6/6/2025",
="800001471",="Present",="6/6/2025",
="800001485",="Present",="6/6/2025",
="800001505",="Present",="6/6/2025",
="800001511",="Present",="6/6/2025",
="800001529",="Present",="6/6/2025",
="800001532",="Present",="6/6/2025",
="800001548",="Present",="6/6/2025",
="800000785",="Present",="6/4/2025",
="800001030",="Present",="6/4/2025",
="800001257",="Present",="6/4/2025",
="800001417",="Present",="6/4/2025",
="800001420",="Present",="6/4/2025",
="800001468",="Present",="6/4/2025",
="800001502",="Present",="6/4/2025",
="800001642",="Present",="6/4/2025",
="800001688",="Present",="6/4/2025",
="800001696",="Present",="6/4/2025",
="800001697",="Present",="6/4/2025",
="800001701",="Present",="6/4/2025",
="770000323",="Present",="6/2/2025",
="800000957",="Present",="6/2/2025",
="800001142",="Present",="6/2/2025",
="770000107",="Present",="6/2/2025",
="800000894",="Present",="6/2/2025",
="800001234",="Present",="6/2/2025",
="800001320",="Present",="6/2/2025",
="800001342",="Present",="6/2/2025",
="800001359",="Present",="6/2/2025",
="800001308",="Present",="6/18/2025",
="800001580",="Present",="6/18/2025",
="800001618",="Present",="6/18/2025",
="800001646",="Present",="6/18/2025",
="800001656",="Present",="6/18/2025",
="800001689",="Present",="6/18/2025",
="800001699",="Present",="6/18/2025",
="800001787",="Present",="6/18/2025",
="800001789",="Present",="6/18/2025",
="800001798",="Present",="6/18/2025",
="800001617",="Absent",="6/19/2025",
="800001708",="Present",="6/19/2025",
="800001714",="Present",="6/19/2025",
="800001719",="Present",="6/19/2025",
="800001724",="Present",="6/19/2025",
="800001731",="Absent",="6/19/2025",
="800001736",="Absent",="6/19/2025",
="800001745",="Present",="6/19/2025",
="800001751",="Present",="6/19/2025",
="800001752",="Present",="6/19/2025",
="800001760",="Present",="6/19/2025",
="800001761",="Present",="6/19/2025",
="800001771",="Present",="6/19/2025",
="800001775",="Present",="6/19/2025",
="800001776",="Present",="6/19/2025",
="800001778",="Present",="6/19/2025",
="800001801",="Present",="6/19/2025",
="800001415",="Present",="6/20/2025",
="800001617",="Absent",="6/20/2025",
="800001689",="Present",="6/20/2025",
="800001708",="Present",="6/20/2025",
="800001714",="Present",="6/20/2025",
="800001719",="Present",="6/20/2025",
="800001724",="Present",="6/20/2025",
="800001731",="Absent",="6/20/2025",
="800001733",="Present",="6/20/2025",
="800001745",="Present",="6/20/2025",
="800001751",="Present",="6/20/2025",
="800001760",="Present",="6/20/2025",
="800001761",="Absent",="6/20/2025",
="800001771",="Present",="6/20/2025",
="800001776",="Present",="6/20/2025",
="800001784",="Absent",="6/20/2025",
="800001787",="Present",="6/20/2025",
="800000941",="Absent",="6/21/2025",
="800001198",="Present",="6/21/2025",
="800001268",="Present",="6/21/2025",
="800001292",="Present",="6/21/2025",
="800001368",="Present",="6/21/2025",
="800001410",="Present",="6/21/2025",
="800001443",="Present",="6/21/2025",
="800001489",="Present",="6/21/2025",
="800001517",="Present",="6/21/2025",
="800001589",="Present",="6/21/2025",
="800001607",="Present",="6/21/2025",
="800001642",="Present",="6/21/2025",
="800001673",="Present",="6/21/2025",
="800001705",="Present",="6/21/2025",
="770007073",="Present",="6/22/2025",
="770017870",="Present",="6/22/2025",
="800000649",="Present",="6/22/2025",
="800001094",="Present",="6/22/2025",
="800001104",="Absent",="6/22/2025",
="800001142",="Present",="6/22/2025",
="800001318",="Present",="6/22/2025",
="800001443",="Present",="6/22/2025",
="800001466",="Present",="6/22/2025",
="800001489",="Present",="6/22/2025",
="800001497",="Present",="6/22/2025",
="800001517",="Present",="6/22/2025",
="800001591",="Present",="6/22/2025",
="800001626",="Absent",="6/22/2025",
="800001679",="Present",="6/22/2025",
="770062456",="Present",="6/21/2025",
="800001114",="Present",="6/21/2025",
="800001265",="Present",="6/21/2025",
="800001308",="Present",="6/21/2025",
="800001415",="Present",="6/21/2025",
="800001459",="Present",="6/21/2025",
="800001586",="Present",="6/21/2025",
="800001605",="Present",="6/21/2025",
="800001614",="Absent",="6/21/2025",
="800001619",="Present",="6/21/2025",
="800001633",="Present",="6/21/2025",
="800001655",="Present",="6/21/2025",
="800001657",="Present",="6/21/2025",
="800001665",="Present",="6/21/2025",
="800001666",="Present",="6/21/2025",
="800001668",="Present",="6/21/2025",
="800001681",="Present",="6/21/2025",
="800001696",="Present",="6/21/2025",
="800001697",="Present",="6/21/2025",
="800001712",="Present",="6/21/2025",
="800001778",="Present",="6/21/2025",
="800001484",="Present",="6/21/2025",
="800001580",="Present",="6/21/2025",
="800001590",="Present",="6/21/2025",
="800001618",="Present",="6/21/2025",
="800001621",="Present",="6/21/2025",
="800001622",="Present",="6/21/2025",
="800001623",="Present",="6/21/2025",
="800001625",="Present",="6/21/2025",
="800001634",="Absent",="6/21/2025",
="800001646",="Present",="6/21/2025",
="800001652",="Absent",="6/21/2025",
="800001667",="Present",="6/21/2025",
="800001691",="Present",="6/21/2025",
="800001695",="Present",="6/21/2025",
="800001699",="Present",="6/21/2025",
="800001710",="Present",="6/21/2025",
="800001775",="Present",="6/21/2025",
="800001789",="Present",="6/21/2025",
="800001798",="Present",="6/21/2025",
="800001810",="Present",="6/21/2025",
="800001813",="Present",="6/21/2025",
="800000428",="Present",="6/21/2025",
="800000461",="Present",="6/21/2025",
="800000625",="Present",="6/21/2025",
="770007073",="Present",="6/21/2025",
="770017870",="Present",="6/21/2025",
="800000894",="Present",="6/21/2025",
="800000927",="Present",="6/21/2025",
="800001320",="Present",="6/21/2025",
="800001342",="Present",="6/21/2025",
="800001359",="Present",="6/21/2025",
="800001591",="Present",="6/21/2025",
="800000952",="Present",="6/22/2025",
="800001001",="Present",="6/22/2025",
="800001529",="Present",="6/22/2025",
="800001587",="Present",="6/22/2025",
="800001602",="Present",="6/22/2025",
="800001607",="Present",="6/22/2025",
="800001626",="Present",="6/22/2025",
="800001643",="Present",="6/22/2025",
="800001714",="Present",="6/22/2025",
="800001719",="Present",="6/22/2025",
="800001724",="Present",="6/22/2025",
="800001731",="Absent",="6/22/2025",
="800001733",="Present",="6/22/2025",
="800001751",="Present",="6/22/2025",
="800001760",="Present",="6/22/2025",
="800001761",="Present",="6/22/2025",
="800001784",="Present",="6/22/2025",
="800001787",="Present",="6/22/2025",
="800001789",="Present",="6/22/2025",
="800000228",="Present",="6/22/2025",
="800001204",="Present",="6/22/2025",
="800001378",="Present",="6/22/2025",
="800001445",="Present",="6/22/2025",
="800001618",="Present",="6/22/2025",
="800001623",="Present",="6/22/2025",
="800001625",="Present",="6/22/2025",
="800001665",="Present",="6/22/2025",
="800001691",="Present",="6/22/2025",
="800001728",="Present",="6/22/2025",
="800001736",="Present",="6/22/2025",
="800001812",="Present",="6/22/2025",
="800001434",="Present",="6/24/2025",
="800001506",="Absent",="6/24/2025",
="800001650",="Present",="6/24/2025",
="800001667",="Absent",="6/24/2025",
="800001729",="Present",="6/24/2025",
="800001739",="Present",="6/24/2025",
="800001757",="Present",="6/24/2025",
="800001769",="Present",="6/24/2025",
="800001793",="Present",="6/24/2025",
="800001802",="Absent",="6/24/2025",
="800000230",="Absent",="6/24/2025",
="800000952",="Present",="6/24/2025",
="800001298",="Present",="6/24/2025",
="800001360",="Present",="6/24/2025",
="800001425",="Present",="6/24/2025",
="800001471",="Present",="6/24/2025",
="800001529",="Present",="6/24/2025",
="800001530",="Present",="6/24/2025",
="800001548",="Absent",="6/24/2025",
="800000785",="Present",="6/23/2025",
="800001029",="Present",="6/23/2025",
="800001257",="Present",="6/23/2025",
="800001502",="Present",="6/23/2025",
="800001506",="Present",="6/23/2025",
="800001525",="Present",="6/23/2025",
="800001558",="Absent",="6/23/2025",
="800001642",="Present",="6/23/2025",
="800001681",="Present",="6/23/2025",
="800001701",="Absent",="6/23/2025",
="800001257",="Present",="6/24/2025",
="800001420",="Present",="6/24/2025",
="800001484",="Absent",="6/24/2025",
="800001502",="Present",="6/24/2025",
="800001525",="Present",="6/24/2025",
="800001625",="Absent",="6/24/2025",
="800001642",="Present",="6/24/2025",
="800001666",="Present",="6/24/2025",
="800001701",="Present",="6/24/2025",
="770000323",="Present",="6/23/2025",
="800000893",="Absent",="6/23/2025",
="800001142",="Absent",="6/23/2025",
="800001276",="Present",="6/23/2025",
="770062096",="Present",="6/23/2025",
="800001498",="Present",="6/23/2025",
="800001528",="Present",="6/23/2025",
="800001557",="Present",="6/23/2025",
="800001576",="No class",="6/23/2025",
="800001587",="Present",="6/23/2025",
="800001619",="Present",="6/23/2025",
="800001644",="No class",="6/23/2025",
="800001695",="Present",="6/23/2025",
="800001696",="Present",="6/23/2025",
="770000409",="Present",="6/24/2025",
="770007073",="Present",="6/24/2025",
="770017870",="Present",="6/24/2025",
="800000649",="Present",="6/24/2025",
="800001147",="Present",="6/24/2025",
="800001276",="Present",="6/24/2025",
="800001497",="Present",="6/24/2025",
="800001589",="Present",="6/24/2025",
="800001735",="Present",="6/24/2025",
="800001765",="Absent",="6/24/2025",
="800001787",="Present",="6/24/2025",
="800001789",="Present",="6/24/2025",
="800001798",="Present",="6/24/2025",
="800001801",="Absent",="6/24/2025",
="800001812",="Absent",="6/24/2025",
="800001813",="Present",="6/24/2025",
="800000230",="Present",="6/25/2025",
="800001351",="Present",="6/25/2025",
="800001394",="Present",="6/25/2025",
="800001419",="Present",="6/25/2025",
="800001425",="Present",="6/25/2025",
="800001485",="Present",="6/25/2025",
="800001511",="Present",="6/25/2025",
="800001529",="Present",="6/25/2025",
="800001548",="Present",="6/25/2025",
="800001405",="Absent",="6/25/2025",
="800001434",="Present",="6/25/2025",
="800001553",="Present",="6/25/2025",
="800001576",="Present",="6/25/2025",
="800001602",="Absent",="6/25/2025",
="800001638",="Present",="6/25/2025",
="800001650",="Present",="6/25/2025",
="800001711",="Present",="6/25/2025",
="800001723",="Present",="6/25/2025",
="800001735",="Present",="6/25/2025",
="800001740",="Present",="6/25/2025",
="800001757",="Present",="6/25/2025",
="800001769",="Present",="6/25/2025",
="800001803",="Present",="6/25/2025",
="800001815",="Present",="6/25/2025",
="800001196",="Present",="6/25/2025",
="800001563",="Present",="6/25/2025",
="800001572",="Present",="6/25/2025",
="800001728",="Present",="6/25/2025",
="800001736",="Present",="6/25/2025",
="800001739",="Present",="6/25/2025",
="800001783",="Absent",="6/25/2025",
="800001812",="Present",="6/25/2025",
="800000785",="Present",="6/26/2025",
="800001029",="Present",="6/26/2025",
="800001257",="Absent",="6/26/2025",
="800001502",="Present",="6/26/2025",
="800001506",="Present",="6/26/2025",
="800001525",="Tardy/Late",="6/26/2025",
="800001558",="Absent",="6/26/2025",
="800001642",="Present",="6/26/2025",
="800001681",="Present",="6/26/2025",
="800001701",="Present",="6/26/2025",
="770007073",="Present",="6/26/2025",
="800000649",="Present",="6/26/2025",
="800000879",="Present",="6/26/2025",
="800000934",="Present",="6/26/2025",
="800001147",="Present",="6/26/2025",
="800001497",="Absent",="6/26/2025",
="800001513",="Present",="6/26/2025",
="800001679",="Present",="6/26/2025",
="800000289",="Present",="6/23/2025",
="800000722",="Present",="6/23/2025",
="800000774",="Present",="6/23/2025",
="800001513",="Present",="6/23/2025",
="800001265",="Present",="6/27/2025",
="800001468",="Present",="6/27/2025",
="800001605",="Present",="6/27/2025",
="800001621",="Present",="6/27/2025",
="800001622",="Present",="6/27/2025",
="800001625",="Present",="6/27/2025",
="800001666",="Present",="6/27/2025",
="800001668",="Present",="6/27/2025",
="800001688",="Present",="6/27/2025",
="800001697",="Present",="6/27/2025",
="800001114",="Present",="6/28/2025",
="800001308",="Absent",="6/28/2025",
="800001443",="Present",="6/28/2025",
="800001517",="Present",="6/28/2025",
="800001580",="Present",="6/28/2025",
="800001614",="Absent",="6/28/2025",
="800001617",="Absent",="6/28/2025",
="800001618",="Absent",="6/28/2025",
="800000348",="Present",="6/24/2025",
="800001553",="Present",="6/24/2025",
="800001563",="Present",="6/24/2025",
="800001581",="Present",="6/24/2025",
="800001665",="Present",="6/24/2025",
="800001712",="Present",="6/24/2025",
="800001726",="Present",="6/24/2025",
="800001740",="Present",="6/24/2025",
="800001803",="Present",="6/24/2025",
="800001405",="Absent",="6/24/2025",
="800001667",="Present",="6/24/2025",
="800001691",="Present",="6/24/2025",
="800001710",="Present",="6/24/2025",
="800001765",="Present",="6/24/2025",
="800001802",="Present",="6/24/2025",
="800001810",="Present",="6/24/2025",
="770000323",="Present",="6/20/2025",
="800000934",="Present",="6/20/2025",
="800001142",="Present",="6/20/2025",
="800001196",="Present",="6/20/2025",
="800001318",="Present",="6/20/2025",
="800001443",="Present",="6/20/2025",
="800001497",="Present",="6/20/2025",
="800001810",="Present",="6/11/2025",
="800001589",="Present",="6/12/2025",
="800001729",="Present",="6/12/2025",
="800001434",="Present",="6/12/2025",
="800001813",="Present",="6/13/2025",
="800001434",="Present",="6/13/2025",
="800001793",="Present",="6/13/2025",
="800001581",="Present",="6/18/2025",
="800001726",="Present",="6/19/2025",
="800001710",="Present",="6/19/2025",
="800000348",="Present",="6/19/2025",
="800001810",="Present",="6/19/2025",
="800001553",="Present",="6/20/2025",
="800001793",="Present",="6/20/2025",
="800001813",="Present",="6/20/2025",
="800001739",="Present",="6/20/2025",
="800001691",="Present",="6/20/2025",
="800000879",="Present",="6/24/2025",
="800001679",="Present",="6/24/2025",
="800001513",="Present",="6/24/2025",
="800001342",="Present",="6/24/2025",
="800000289",="Present",="6/24/2025",
="800000762",="Present",="6/24/2025",
="800001308",="Present",="6/20/2025",
="800001614",="Present",="6/20/2025",
="800001652",="Present",="6/20/2025",
="800001590",="Present",="6/19/2025",
="800001590",="Present",="6/20/2025",
="800001655",="Present",="6/19/2025",
="800001681",="Present",="6/13/2025",
="800001695",="Present",="6/13/2025",
="800001029",="Present",="6/19/2025",
="800001642",="Present",="6/6/2025",
="800001642",="Present",="6/16/2025",
="800001506",="Present",="6/18/2025",
="800001029",="Present",="6/18/2025",
="800001502",="Present",="6/20/2025",
="800001498",="Present",="6/20/2025",
="800001257",="Present",="6/20/2025",
="800001468",="Present",="6/20/2025",
="800001558",="Present",="6/20/2025",
="800001697",="Present",="6/20/2025",
="800001696",="Present",="6/20/2025",
="800001265",="Present",="6/20/2025",
="800001688",="Present",="6/20/2025",
="800001484",="Present",="6/20/2025",
="800001622",="Present",="6/20/2025",
="800001605",="Present",="6/20/2025",
="770000107",="Present",="6/27/2025",
="800000722",="Present",="6/27/2025",
="800000878",="Present",="6/27/2025",
="800000894",="Present",="6/27/2025",
="800001196",="Present",="6/27/2025",
="800001320",="Present",="6/27/2025",
="800001342",="Present",="6/27/2025",
="800001359",="Present",="6/27/2025",
="770000107",="Present",="6/28/2025",
="800000722",="Present",="6/28/2025",
="800000878",="Present",="6/28/2025",
="800000894",="Present",="6/28/2025",
="800001196",="Present",="6/28/2025",
="800001320",="Present",="6/28/2025",
="800001342",="Present",="6/28/2025",
="800001359",="Present",="6/28/2025",
="800001415",="Present",="6/27/2025",
="800001617",="Present",="6/27/2025",
="800001689",="Present",="6/27/2025",
="800001708",="Present",="6/27/2025",
="800001714",="Present",="6/27/2025",
="800001719",="Present",="6/27/2025",
="800001724",="Present",="6/27/2025",
="800001733",="Present",="6/27/2025",
="800001737",="Absent",="6/27/2025",
="800001745",="Present",="6/27/2025",
="800001751",="Present",="6/27/2025",
="800001760",="Present",="6/27/2025",
="800001761",="Present",="6/27/2025",
="800001771",="Present",="6/27/2025",
="800001776",="Present",="6/27/2025",
="800001784",="Present",="6/27/2025",
="800001787",="Present",="6/27/2025",
="800000941",="Present",="6/28/2025",
="800001198",="Present",="6/28/2025",
="800001268",="Present",="6/28/2025",
="800001292",="Present",="6/28/2025",
="800001368",="Present",="6/28/2025",
="800001410",="Present",="6/28/2025",
="800001489",="Absent",="6/28/2025",
="800001589",="Present",="6/28/2025",
="800001607",="Present",="6/28/2025",
="800001642",="Present",="6/28/2025",
="800001673",="Present",="6/28/2025",
="800001705",="Present",="6/28/2025",
="770062456",="Present",="6/28/2025",
="800001265",="Present",="6/28/2025",
="800001308",="Present",="6/28/2025",
="800001415",="Present",="6/28/2025",
="800001459",="Present",="6/28/2025",
="800001489",="Present",="6/28/2025",
="800001586",="Present",="6/28/2025",
="800001605",="Present",="6/28/2025",
="800001619",="Absent",="6/28/2025",
="800001633",="Present",="6/28/2025",
="800001655",="Present",="6/28/2025",
="800001657",="Present",="6/28/2025",
="800001665",="Present",="6/28/2025",
="800001666",="Present",="6/28/2025",
="800001668",="Present",="6/28/2025",
="800001681",="Present",="6/28/2025",
="800001696",="Present",="6/28/2025",
="800001697",="Present",="6/28/2025",
="800001712",="Present",="6/28/2025",
="800001778",="Present",="6/28/2025",
="800001484",="Present",="6/28/2025",
="800001590",="Present",="6/28/2025",
="800001618",="Present",="6/28/2025",
="800001621",="Present",="6/28/2025",
="800001622",="Present",="6/28/2025",
="800001623",="Present",="6/28/2025",
="800001625",="Present",="6/28/2025",
="800001634",="Present",="6/28/2025",
="800001646",="Present",="6/28/2025",
="800001652",="Present",="6/28/2025",
="800001667",="Absent",="6/28/2025",
="800001691",="Present",="6/28/2025",
="800001695",="Present",="6/28/2025",
="800001699",="Present",="6/28/2025",
="800001710",="Present",="6/28/2025",
="800001775",="Present",="6/28/2025",
="800001789",="Present",="6/28/2025",
="800001798",="Present",="6/28/2025",
="800001810",="Absent",="6/28/2025",
="800001813",="Present",="6/28/2025",
="800001576",="Present",="6/24/2025",
="800001581",="Absent",="6/24/2025",
="800001602",="Present",="6/24/2025",
="800001711",="Absent",="6/24/2025",
="800001723",="Present",="6/24/2025",
="800001728",="Present",="6/24/2025",
="800001815",="Present",="6/24/2025",
="770062096",="Present",="6/30/2025",
="800001498",="Present",="6/30/2025",
="800001528",="Present",="6/30/2025",
="800001557",="Present",="6/30/2025",
="800001576",="Absent",="6/30/2025",
="800001587",="Present",="6/30/2025",
="800001619",="Present",="6/30/2025",
="800001644",="Present",="6/30/2025",
="800001695",="Present",="6/30/2025",
="800001696",="Present",="6/30/2025",
="800000754",="Present",="6/25/2025",
="800000942",="Present",="6/25/2025",
="800001094",="Present",="6/25/2025",
="800001181",="Present",="6/25/2025",
="800001198",="Present",="6/25/2025",
="800001259",="Present",="6/25/2025",
="800001298",="Present",="6/25/2025",
="800001324",="Present",="6/25/2025",
="800001360",="Present",="6/25/2025",
="800001363",="Absent",="6/25/2025",
="800001368",="Present",="6/25/2025",
="770000323",="Present",="6/30/2025",
="800000893",="Present",="6/30/2025",
="800001142",="Absent",="6/30/2025",
="800001276",="Present",="6/30/2025",
="770000745",="Absent",="6/25/2025",
="800000708",="Present",="6/25/2025",
="800000952",="Present",="6/25/2025",
="800001001",="Present",="6/25/2025",
="800001265",="Present",="6/25/2025",
="800001322",="Present",="6/25/2025",
="800001378",="Present",="6/25/2025",
="800001403",="Present",="6/25/2025",
="800001436",="Present",="6/25/2025",
="800001459",="Present",="6/25/2025",
="800001473",="Present",="6/25/2025",
="800001498",="Present",="6/25/2025",
="800001508",="Present",="6/25/2025",
="800001525",="Absent",="6/25/2025",
="800001528",="Present",="6/25/2025",
="800001532",="Absent",="6/25/2025",
="800001533",="Present",="6/25/2025",
="800001534",="Present",="6/25/2025",
="800001557",="Present",="6/25/2025",
="800001586",="Present",="6/25/2025",
="800001593",="Present",="6/25/2025",
="800001598",="Present",="6/25/2025",
="800001614",="Absent",="6/25/2025",
="800001619",="Absent",="6/25/2025",
="800001623",="Present",="6/25/2025",
="800001625",="Present",="6/25/2025",
="800001644",="Present",="6/25/2025",
="800001655",="Present",="6/25/2025",
="800001657",="Present",="6/25/2025",
="800001666",="Present",="6/25/2025",
="800001667",="Present",="6/25/2025",
="770007073",="Present",="6/28/2025",
="770017870",="Present",="6/28/2025",
="800000927",="Present",="6/28/2025",
="800001591",="Present",="6/28/2025",
="800001308",="Present",="6/25/2025",
="800001580",="Present",="6/25/2025",
="800001618",="Present",="6/25/2025",
="800001638",="Absent",="6/25/2025",
="800001646",="Present",="6/25/2025",
="800001656",="Present",="6/25/2025",
="800001689",="Present",="6/25/2025",
="800001699",="Present",="6/25/2025",
="800001787",="Present",="6/25/2025",
="800001789",="Present",="6/25/2025",
="800001798",="Present",="6/25/2025",
="800001617",="Absent",="6/26/2025",
="800001708",="Present",="6/26/2025",
="800001714",="Present",="6/26/2025",
="800001719",="Present",="6/26/2025",
="800001724",="Present",="6/26/2025",
="800001737",="Absent",="6/26/2025",
="800001745",="Present",="6/26/2025",
="800001751",="Present",="6/26/2025",
="800001752",="Present",="6/26/2025",
="800001760",="Present",="6/26/2025",
="800001761",="Present",="6/26/2025",
="800001771",="Present",="6/26/2025",
="800001775",="Present",="6/26/2025",
="800001776",="Present",="6/26/2025",
="800001778",="Present",="6/26/2025",
="800001801",="Present",="6/26/2025",
="800000952",="Present",="6/29/2025",
="800001001",="Present",="6/29/2025",
="800001529",="Present",="6/29/2025",
="800001587",="Present",="6/29/2025",
="800001602",="Present",="6/29/2025",
="800001607",="Present",="6/29/2025",
="800001626",="Present",="6/29/2025",
="800001643",="Absent",="6/29/2025",
="800001679",="Present",="6/29/2025",
="800001714",="Present",="6/29/2025",
="800001719",="Absent",="6/29/2025",
="800001724",="Present",="6/29/2025",
="800001733",="Present",="6/29/2025",
="800001751",="Present",="6/29/2025",
="800001760",="Present",="6/29/2025",
="800001761",="Present",="6/29/2025",
="800001784",="Present",="6/29/2025",
="800001787",="Present",="6/29/2025",
="800001789",="Present",="6/29/2025",
="800000228",="Present",="6/29/2025",
="800001204",="Present",="6/29/2025",
="800001378",="Present",="6/29/2025",
="800001445",="Present",="6/29/2025",
="800001618",="Present",="6/29/2025",
="800001623",="Present",="6/29/2025",
="800001625",="Present",="6/29/2025",
="800001665",="Present",="6/29/2025",
="800001691",="Present",="6/29/2025",
="800001728",="Present",="6/29/2025",
="800001736",="Present",="6/29/2025",
="800001812",="Present",="6/29/2025",
="800001517",="Present",="6/18/2025",
="800001587",="Present",="6/18/2025",
="800001590",="Present",="6/18/2025",
="800001605",="Absent",="6/18/2025",
="800001617",="Absent",="6/18/2025",
="800001633",="Present",="6/18/2025",
="800001643",="Present",="6/18/2025",
="800001705",="Present",="6/18/2025",
="800001708",="Present",="6/18/2025",
="800001714",="Present",="6/18/2025",
="800001719",="Present",="6/18/2025",
="800001724",="Present",="6/18/2025",
="800001733",="Present",="6/18/2025",
="800001737",="Absent",="6/18/2025",
="800001751",="Present",="6/18/2025",
="800001771",="Present",="6/18/2025",
="800001775",="Present",="6/18/2025",
="800001776",="Present",="6/18/2025",
="800001778",="Present",="6/18/2025",
="800001517",="Present",="6/25/2025",
="800001587",="Present",="6/25/2025",
="800001590",="Present",="6/25/2025",
="800001605",="Absent",="6/25/2025",
="800001617",="Absent",="6/25/2025",
="800001633",="Present",="6/25/2025",
="800001643",="Present",="6/25/2025",
="800001705",="Present",="6/25/2025",
="800001708",="Present",="6/25/2025",
="800001714",="Present",="6/25/2025",
="800001719",="Present",="6/25/2025",
="800001724",="Present",="6/25/2025",
="800001733",="Present",="6/25/2025",
="800001737",="Absent",="6/25/2025",
="800001751",="Present",="6/25/2025",
="800001771",="Present",="6/25/2025",
="800001775",="Present",="6/25/2025",
="800001776",="Present",="6/25/2025",
="800001778",="Present",="6/25/2025",
="800000228",="Absent",="6/30/2025",
="800000785",="Absent",="6/30/2025",
="800001030",="Absent",="6/30/2025",
="800001257",="Absent",="6/30/2025",
="800001265",="Absent",="6/30/2025",
="800001360",="Absent",="6/30/2025",
="800001417",="Absent",="6/30/2025",
="800001420",="Absent",="6/30/2025",
="800001468",="Absent",="6/30/2025",
="800001502",="Absent",="6/30/2025",
="800001533",="Absent",="6/30/2025",
="800001592",="Absent",="6/30/2025",
="800001598",="Absent",="6/30/2025",
="800001605",="Absent",="6/30/2025",
="800001642",="Absent",="6/30/2025",
="800001666",="Absent",="6/30/2025",
="800001688",="Absent",="6/30/2025",
="800001696",="Absent",="6/30/2025",
="800001697",="Absent",="6/30/2025",
="800001701",="Absent",="6/30/2025",
="800001513",="Present",="6/30/2025",
="770007073",="Present",="6/30/2025",
="800000879",="Present",="6/30/2025",
="800001147",="Present",="6/30/2025",
="800001497",="Present",="6/30/2025",
="800001679",="Present",="6/30/2025",
="800000289",="Present",="6/30/2025",
="800000762",="Present",="6/30/2025",
="800001434",="Present",="7/1/2025",
="800001506",="No class",="7/1/2025",
="800001650",="Present",="7/1/2025",
="800001667",="No class",="7/1/2025",
="800001729",="Present",="7/1/2025",
="800001739",="Present",="7/1/2025",
="800001757",="Present",="7/1/2025",
="800001769",="Present",="7/1/2025",
="800001793",="Present",="7/1/2025",
="800001802",="No class",="7/1/2025",
="770007073",="Present",="7/1/2025",
="800000879",="Present",="7/1/2025",
="800001147",="Present",="7/1/2025",
="800001497",="Tardy/Late",="7/1/2025",
="800001679",="Tardy/Late",="7/1/2025",
="800001513",="Tardy/Late",="7/1/2025",
="800000289",="Present",="7/1/2025",
="800000762",="Present",="7/1/2025",
="770007073",="Present",="6/29/2025",
="770017870",="Absent",="6/29/2025",
="800000649",="Present",="6/29/2025",
="800001094",="Present",="6/29/2025",
="800001104",="Present",="6/29/2025",
="800001142",="Present",="6/29/2025",
="800001318",="Present",="6/29/2025",
="800001443",="Absent",="6/29/2025",
="800001466",="Absent",="6/29/2025",
="800001489",="Absent",="6/29/2025",
="800001497",="Absent",="6/29/2025",
="800001517",="Present",="6/29/2025",
="800001591",="Present",="6/29/2025",
="800001626",="Absent",="6/29/2025",
="800001679",="Absent",="6/29/2025",
="800001196",="Present",="7/2/2025",
="800001563",="Present",="7/2/2025",
="800001572",="Present",="7/2/2025",
="800001728",="Tardy/Late",="7/2/2025",
="800001736",="Present",="7/2/2025",
="800001739",="Present",="7/2/2025",
="800001783",="Absent",="7/2/2025",
="800001812",="Present",="7/2/2025",
="800001405",="Absent",="7/2/2025",
="800001419",="Present",="7/2/2025",
="800001434",="Present",="7/2/2025",
="800001553",="Present",="7/2/2025",
="800001576",="Present",="7/2/2025",
="800001602",="Absent",="7/2/2025",
="800001638",="Present",="7/2/2025",
="800001650",="Present",="7/2/2025",
="800001711",="Present",="7/2/2025",
="800001723",="Present",="7/2/2025",
="800001735",="Present",="7/2/2025",
="800001740",="Present",="7/2/2025",
="800001757",="Present",="7/2/2025",
="800001769",="Present",="7/2/2025",
="800001803",="Present",="7/2/2025",
="800001815",="Present",="7/2/2025",
="800001204",="Present",="7/2/2025",
="800001315",="Present",="7/2/2025",
="800001417",="Present",="7/2/2025",
="800001420",="Absent",="7/2/2025",
="800001445",="Present",="7/2/2025",
="800001471",="Present",="7/2/2025",
="800001505",="Present",="7/2/2025",
="800001532",="Present",="7/2/2025",
="800001589",="Present",="7/1/2025",
="800001735",="Present",="7/1/2025",
="800001765",="Present",="7/1/2025",
="800001787",="Present",="7/1/2025",
="800001789",="Present",="7/1/2025",
="800001798",="Present",="7/1/2025",
="800001801",="Absent",="7/1/2025",
="800001812",="Absent",="7/1/2025",
="800001813",="Present",="7/1/2025",
="800000785",="Present",="7/3/2025",
="800001029",="Present",="7/3/2025",
="800001257",="Present",="7/3/2025",
="800001502",="Present",="7/3/2025",
="800001506",="Present",="7/3/2025",
="800001525",="Present",="7/3/2025",
="800001558",="Absent",="7/3/2025",
="800001642",="Present",="7/3/2025",
="800001681",="Present",="7/3/2025",
="800001701",="Present",="7/3/2025",
="800000785",="Present",="6/30/2025",
="800001029",="Present",="6/30/2025",
="800001257",="Present",="6/30/2025",
="800001502",="Present",="6/30/2025",
="800001506",="Present",="6/30/2025",
="800001525",="Present",="6/30/2025",
="800001558",="Absent",="6/30/2025",
="800001642",="Present",="6/30/2025",
="800001681",="Present",="6/30/2025",
="770000323",="Present",="7/1/2025",
="770000409",="Present",="7/1/2025",
="800001142",="Present",="7/1/2025",
="800001292",="Present",="7/1/2025",
="800001318",="Present",="7/1/2025",
="800000927",="Present",="6/23/2025",
="800000957",="Absent",="6/23/2025",
="800001104",="Present",="6/23/2025",
="800001268",="Present",="6/23/2025",
="800001410",="Present",="6/23/2025",
="770000323",="Present",="6/24/2025",
="800001142",="Present",="6/24/2025",
="800001292",="Present",="6/24/2025",
="800001318",="Present",="6/24/2025",
="800000927",="Tardy/Late",="6/30/2025",
="800000957",="Tardy/Late",="6/30/2025",
="800001104",="Tardy/Late",="6/30/2025",
="800001268",="Tardy/Late",="6/30/2025",
="800001410",="Tardy/Late",="6/30/2025",
="800000893",="Present",="7/1/2025",
="800001276",="Present",="7/1/2025",
="800001468",="Present",="6/28/2025",
="800001688",="Present",="6/28/2025",
="800001114",="Present",="7/5/2025",
="800001308",="Present",="7/5/2025",
="800001443",="Present",="7/5/2025",
="800001517",="Present",="7/5/2025",
="800001580",="Present",="7/5/2025",
="800001614",="Absent",="7/5/2025",
="800001617",="Absent",="7/5/2025",
="800001618",="Absent",="7/5/2025",
="800000348",="Present",="7/1/2025",
="800001553",="Present",="7/1/2025",
="800001563",="Present",="7/1/2025",
="800001581",="Present",="7/1/2025",
="800001665",="Present",="7/1/2025",
="800001712",="Present",="7/1/2025",
="800001726",="Present",="7/1/2025",
="800001740",="Present",="7/1/2025",
="800001803",="Present",="7/1/2025",
="800001405",="Absent",="7/1/2025",
="800001667",="Present",="7/1/2025",
="800001691",="Present",="7/1/2025",
="800001710",="Present",="7/1/2025",
="800001802",="Present",="7/1/2025",
="800001810",="Present",="7/1/2025",
="770000107",="Present",="7/1/2025",
="800000878",="Present",="7/1/2025",
="800000894",="Present",="7/1/2025",
="800001234",="Present",="7/1/2025",
="800001320",="Present",="7/1/2025",
="800001342",="Present",="7/1/2025",
="800001359",="Present",="7/1/2025",
="800001485",="Present",="7/2/2025",
="800000230",="Present",="7/2/2025",
="800000754",="Present",="7/2/2025",
="800000942",="Present",="7/2/2025",
="800001094",="Present",="7/2/2025",
="800001181",="Present",="7/2/2025",
="800001198",="Present",="7/2/2025",
="800001259",="Present",="7/2/2025",
="800001298",="Present",="7/2/2025",
="800001324",="Present",="7/2/2025",
="800001351",="Present",="7/2/2025",
="800001360",="Present",="7/2/2025",
="800001363",="Present",="7/2/2025",
="800001368",="Present",="7/2/2025",
="800001425",="Present",="7/2/2025",
="800001529",="Present",="7/2/2025",
="800001548",="Present",="7/2/2025",
="770000107",="Present",="7/2/2025",
="800000878",="Present",="7/2/2025",
="800000894",="Present",="7/2/2025",
="800001234",="Present",="7/2/2025",
="800001320",="Present",="7/2/2025",
="800001342",="Present",="7/2/2025",
="800001359",="Present",="7/2/2025",
="770000107",="Present",="6/30/2025",
="800000878",="Present",="6/30/2025",
="800000894",="Present",="6/30/2025",
="800001234",="Present",="6/30/2025",
="800001320",="Present",="6/30/2025",
="800001342",="Present",="6/30/2025",
="800001359",="Present",="6/30/2025",
="770062096",="Present",="7/5/2025",
="800001498",="Present",="7/5/2025",
="800001528",="Present",="7/5/2025",
="800001557",="Present",="7/5/2025",
="800001576",="No class",="7/5/2025",
="800001587",="Present",="7/5/2025",
="800001619",="No class",="7/5/2025",
="800001644",="No class",="7/5/2025",
="800001695",="Present",="7/5/2025",
="800001696",="Present",="7/5/2025",
="770017870",="Present",="7/1/2025",
="800000649",="Present",="7/1/2025",
="800001497",="Present",="7/1/2025",
="770007073",="Absent",="7/5/2025",
="770017870",="Present",="7/5/2025",
="800000894",="Present",="7/5/2025",
="800000927",="Present",="7/5/2025",
="800001320",="Present",="7/5/2025",
="800001342",="Present",="7/5/2025",
="800001359",="Present",="7/5/2025",
="800001591",="Present",="7/5/2025",
="800001705",="Present",="7/5/2025",
="800000941",="Present",="7/5/2025",
="800001198",="Present",="7/5/2025",
="800001268",="Present",="7/5/2025",
="800001292",="Present",="7/5/2025",
="800001368",="Present",="7/5/2025",
="800001410",="Present",="7/5/2025",
="800001489",="Absent",="7/5/2025",
="800001589",="Present",="7/5/2025",
="800001607",="Present",="7/5/2025",
="800001642",="Present",="7/5/2025",
="800001673",="Present",="7/5/2025",
="800001705",="Absent",="7/5/2025",
="770062456",="Present",="7/5/2025",
="800001265",="Present",="7/5/2025",
="800001415",="Present",="7/5/2025",
="800001459",="Present",="7/5/2025",
="800001489",="Present",="7/5/2025",
="800001586",="Present",="7/5/2025",
="800001605",="Present",="7/5/2025",
="800001619",="Absent",="7/5/2025",
="800001633",="Present",="7/5/2025",
="800001655",="Present",="7/5/2025",
="800001657",="Present",="7/5/2025",
="800001665",="Present",="7/5/2025",
="800001666",="Present",="7/5/2025",
="800001668",="Present",="7/5/2025",
="800001681",="Present",="7/5/2025",
="800001697",="Present",="7/5/2025",
="800001712",="Present",="7/5/2025",
="800001778",="Present",="7/5/2025",
="800001484",="Present",="7/5/2025",
="800001590",="Present",="7/5/2025",
="800001618",="Present",="7/5/2025",
="800001621",="Present",="7/5/2025",
="800001622",="Present",="7/5/2025",
="800001623",="Present",="7/5/2025",
="800001625",="Present",="7/5/2025",
="800001634",="Present",="7/5/2025",
="800001646",="Present",="7/5/2025",
="800001652",="Present",="7/5/2025",
="800001667",="Present",="7/5/2025",
="800001691",="Present",="7/5/2025",
="800001699",="Present",="7/5/2025",
="800001710",="Present",="7/5/2025",
="800001775",="Present",="7/5/2025",
="800001789",="Present",="7/5/2025",
="800001798",="Present",="7/5/2025",
="800001810",="Present",="7/5/2025",
="800001813",="Present",="7/5/2025",
="800000348",="Present",="7/7/2025",
="800001405",="Absent",="7/7/2025",
="800001434",="Present",="7/7/2025",
="800001553",="Present",="7/7/2025",
="800001563",="Present",="7/7/2025",
="800001581",="Present",="7/7/2025",
="800001589",="Present",="7/7/2025",
="800001650",="Present",="7/7/2025",
="800001665",="Present",="7/7/2025",
="800001667",="Present",="7/7/2025",
="800001691",="Present",="7/7/2025",
="800001710",="Present",="7/7/2025",
="800001712",="Present",="7/7/2025",
="800001726",="Present",="7/7/2025",
="800001729",="Present",="7/7/2025",
="800001735",="Present",="7/7/2025",
="800001739",="Present",="7/7/2025",
="800001740",="Present",="7/7/2025",
="800001757",="Present",="7/7/2025",
="800001765",="Present",="7/7/2025",
="800001769",="Present",="7/7/2025",
="800001793",="Present",="7/7/2025",
="800001802",="Present",="7/7/2025",
="800001803",="Present",="7/7/2025",
="800001810",="Present",="7/7/2025",
="800001813",="Present",="7/7/2025",
="770062096",="Present",="7/3/2025",
="770062456",="Absent",="7/3/2025",
="800001204",="Present",="7/3/2025",
="800001300",="Present",="7/3/2025",
="800001468",="Present",="7/3/2025",
="800001484",="Present",="7/3/2025",
="800001587",="Present",="7/3/2025",
="800001605",="Present",="7/3/2025",
="800001634",="Present",="7/3/2025",
="800001665",="Present",="7/3/2025",
="800001668",="Present",="7/3/2025",
="800001688",="Present",="7/3/2025",
="800001691",="Present",="7/3/2025",
="800001695",="Present",="7/3/2025",
="800001696",="Present",="7/3/2025",
="800001697",="Present",="7/3/2025",
="770062096",="Present",="6/26/2025",
="770062456",="Present",="6/26/2025",
="800001204",="Present",="6/26/2025",
="800001257",="Present",="6/26/2025",
="800001300",="Present",="6/26/2025",
="800001468",="Present",="6/26/2025",
="800001484",="Present",="6/26/2025",
="800001587",="Present",="6/26/2025",
="800001605",="Present",="6/26/2025",
="800001634",="Present",="6/26/2025",
="800001665",="Present",="6/26/2025",
="800001668",="Present",="6/26/2025",
="800001688",="Present",="6/26/2025",
="800001691",="Present",="6/26/2025",
="800001695",="Present",="6/26/2025",
="800001696",="Present",="6/26/2025",
="800001697",="Present",="6/26/2025",
="800001308",="Present",="7/2/2025",
="800001580",="Present",="7/2/2025",
="800001618",="Present",="7/2/2025",
="800001646",="Present",="7/2/2025",
="800001656",="Present",="7/2/2025",
="800001689",="Present",="7/2/2025",
="800001699",="Present",="7/2/2025",
="800001787",="Present",="7/2/2025",
="800001789",="Present",="7/2/2025",
="800001798",="Present",="7/2/2025",
="800001708",="Present",="7/3/2025",
="800001714",="Absent",="7/3/2025",
="800001719",="Present",="7/3/2025",
="800001724",="Present",="7/3/2025",
="800001745",="Present",="7/3/2025",
="800001751",="Present",="7/3/2025",
="800001752",="Present",="7/3/2025",
="800001760",="Present",="7/3/2025",
="800001761",="Present",="7/3/2025",
="800001771",="Present",="7/3/2025",
="800001775",="Present",="7/3/2025",
="800001776",="Present",="7/3/2025",
="800001778",="Present",="7/3/2025",
="800001801",="Present",="7/3/2025",
="800000952",="Present",="7/6/2025",
="800001001",="Present",="7/6/2025",
="800001529",="Present",="7/6/2025",
="800001587",="Present",="7/6/2025",
="800001602",="Present",="7/6/2025",
="800001607",="Present",="7/6/2025",
="800001626",="Absent",="7/6/2025",
="800001643",="Present",="7/6/2025",
="800001679",="Absent",="7/6/2025",
="800001714",="Present",="7/6/2025",
="800001719",="Present",="7/6/2025",
="800001724",="Present",="7/6/2025",
="800001733",="Present",="7/6/2025",
="800001751",="Present",="7/6/2025",
="800001760",="Present",="7/6/2025",
="800001761",="Present",="7/6/2025",
="800001784",="Present",="7/6/2025",
="800001787",="Present",="7/6/2025",
="800001789",="Present",="7/6/2025",
="800000228",="Present",="7/6/2025",
="800001204",="Present",="7/6/2025",
="800001378",="Present",="7/6/2025",
="800001445",="Present",="7/6/2025",
="800001618",="Present",="7/6/2025",
="800001623",="Present",="7/6/2025",
="800001625",="Present",="7/6/2025",
="800001665",="Present",="7/6/2025",
="800001691",="Present",="7/6/2025",
="800001728",="Present",="7/6/2025",
="800001736",="Present",="7/6/2025",
="800001812",="Present",="7/6/2025",
="800001576",="Present",="7/1/2025",
="800001602",="Present",="7/1/2025",
="800001711",="Present",="7/1/2025",
="800001723",="Present",="7/1/2025",
="800001728",="Present",="7/1/2025",
="800001765",="Absent",="7/1/2025",
="800001769",="Absent",="7/1/2025",
="800001815",="Present",="7/1/2025",
="800001591",="Present",="6/25/2025",
="800000934",="Present",="6/25/2025",
="800000941",="Present",="6/25/2025",
="800000957",="Absent",="6/25/2025",
="800001292",="Present",="6/25/2025",
="800001410",="Present",="6/25/2025",
="800001591",="Present",="7/2/2025",
="800000934",="Present",="7/2/2025",
="800000941",="Present",="7/2/2025",
="800000957",="Absent",="7/2/2025",
="800001292",="Present",="7/2/2025",
="800001410",="Present",="7/2/2025",
="800000428",="Present",="7/5/2025",
="800000461",="Present",="7/5/2025",
="800000625",="Present",="7/5/2025",
="800000428",="Present",="6/28/2025",
="800000461",="Present",="6/28/2025",
="800000625",="Present",="6/28/2025",
="800001114",="Present",="7/7/2025",
="800001308",="Present",="7/7/2025",
="800001443",="Present",="7/7/2025",
="800001517",="Present",="7/7/2025",
="800001572",="Present",="7/7/2025",
="800001580",="Present",="7/7/2025",
="800001590",="Present",="7/7/2025",
="800001614",="Present",="7/7/2025",
="800001618",="Present",="7/7/2025",
="800001633",="Present",="7/7/2025",
="800001634",="Absent",="7/7/2025",
="800001643",="Present",="7/7/2025",
="800001646",="Present",="7/7/2025",
="800001652",="Present",="7/7/2025",
="800001655",="Present",="7/7/2025",
="800001656",="Present",="7/7/2025",
="800001689",="Present",="7/7/2025",
="800001699",="Absent",="7/7/2025",
="800001708",="Present",="7/7/2025",
="800001711",="Present",="7/7/2025",
="800001714",="Present",="7/7/2025",
="800001719",="Present",="7/7/2025",
="800001724",="Present",="7/7/2025",
="800001728",="Present",="7/7/2025",
="800001733",="Present",="7/7/2025",
="800001736",="Present",="7/7/2025",
="800001751",="Present",="7/7/2025",
="800001752",="Present",="7/7/2025",
="800001761",="Present",="7/7/2025",
="800001771",="Present",="7/7/2025",
="800001775",="Present",="7/7/2025",
="800001776",="Present",="7/7/2025",
="800001778",="Present",="7/7/2025",
="800001784",="Present",="7/7/2025",
="800001787",="Present",="7/7/2025",
="800001789",="Present",="7/7/2025",
="800001798",="Present",="7/7/2025",
="800001801",="Present",="7/7/2025",
="800001812",="Present",="7/7/2025",
="770007073",="Present",="7/6/2025",
="770017870",="Present",="7/6/2025",
="800000649",="Present",="7/6/2025",
="800001094",="Present",="7/6/2025",
="800001104",="Present",="7/6/2025",
="800001142",="Present",="7/6/2025",
="800001318",="Present",="7/6/2025",
="800001443",="Present",="7/6/2025",
="800001466",="Present",="7/6/2025",
="800001489",="Present",="7/6/2025",
="800001497",="Present",="7/6/2025",
="800001517",="Present",="7/6/2025",
="800001591",="Present",="7/6/2025",
="800001626",="Present",="7/6/2025",
="800001679",="Present",="7/6/2025",
="800001029",="Present",="7/8/2025",
="800001257",="Present",="7/8/2025",
="800001265",="Present",="7/8/2025",
="800001403",="Present",="7/8/2025",
="800001466",="Present",="7/8/2025",
="800001468",="Present",="7/8/2025",
="800001484",="Present",="7/8/2025",
="800001498",="Absent",="7/8/2025",
="800001502",="Present",="7/8/2025",
="800001506",="Present",="7/8/2025",
="800001525",="Present",="7/8/2025",
="800001558",="Present",="7/8/2025",
="800001605",="Present",="7/8/2025",
="800001607",="Present",="7/8/2025",
="800001621",="Present",="7/8/2025",
="800001622",="Present",="7/8/2025",
="800001642",="Present",="7/8/2025",
="800001666",="Present",="7/8/2025",
="800001668",="Present",="7/8/2025",
="800001688",="Present",="7/8/2025",
="800001696",="Present",="7/8/2025",
="800001697",="Present",="7/8/2025",
="800001701",="Present",="7/8/2025",
="770000203",="Present",="7/8/2025",
="800001592",="Present",="7/8/2025",
="770000745",="Absent",="7/7/2025",
="770062456",="Present",="7/7/2025",
="800000228",="Present",="7/7/2025",
="800001001",="Present",="7/7/2025",
="800001265",="Present",="7/7/2025",
="800001330",="Present",="7/7/2025",
="800001360",="Present",="7/7/2025",
="800001363",="Present",="7/7/2025",
="800001403",="Present",="7/7/2025",
="800001415",="Present",="7/7/2025",
="800001445",="Present",="7/7/2025",
="800001459",="Present",="7/7/2025",
="800001473",="Present",="7/7/2025",
="800001498",="Present",="7/7/2025",
="800001508",="Present",="7/7/2025",
="800001511",="Present",="7/7/2025",
="800001528",="Present",="7/7/2025",
="800001530",="Present",="7/7/2025",
="800001532",="Present",="7/7/2025",
="800001534",="Present",="7/7/2025",
="800001548",="Present",="7/7/2025",
="800001557",="Present",="7/7/2025",
="800001586",="Present",="7/7/2025",
="800001593",="Present",="7/7/2025",
="800001598",="Absent",="7/7/2025",
="800001605",="Absent",="7/7/2025",
="800001619",="Absent",="7/7/2025",
="800001644",="Present",="7/7/2025",
="800001657",="Present",="7/7/2025",
="800001668",="Present",="7/7/2025",
="800001681",="Absent",="7/7/2025",
="800001695",="Present",="7/7/2025",
="770000107",="Present",="6/9/2025",
="800000894",="Present",="6/9/2025",
="800001234",="Present",="6/9/2025",
="800001320",="Present",="6/9/2025",
="800001342",="Present",="6/9/2025",
="800001359",="Present",="6/9/2025",
="770000107",="Present",="7/7/2025",
="800000722",="Present",="7/7/2025",
="800000894",="Present",="7/7/2025",
="800001234",="Present",="7/7/2025",
="800001320",="Present",="7/7/2025",
="800001342",="Present",="7/7/2025",
="800001359",="Present",="7/7/2025",
="770000323",="Present",="7/8/2025",
="770007073",="Present",="7/8/2025",
="800000649",="Present",="7/8/2025",
="800000879",="Present",="7/8/2025",
="800000893",="Present",="7/8/2025",
="800000934",="Present",="7/8/2025",
="800001147",="Present",="7/8/2025",
="800001276",="Present",="7/8/2025",
="800001497",="Present",="7/8/2025",
="800001513",="Absent",="7/8/2025",
="800001679",="Present",="7/8/2025",
="800000348",="Present",="7/8/2025",
="800001405",="Absent",="7/8/2025",
="800001434",="Present",="7/8/2025",
="800001553",="Present",="7/8/2025",
="800001563",="Present",="7/8/2025",
="800001576",="Present",="7/8/2025",
="800001581",="Present",="7/8/2025",
="800001602",="Absent",="7/8/2025",
="800001650",="Present",="7/8/2025",
="800001710",="Absent",="7/8/2025",
="800001711",="Present",="7/8/2025",
="800001723",="Present",="7/8/2025",
="800001726",="Present",="7/8/2025",
="800001728",="Absent",="7/8/2025",
="800001729",="Present",="7/8/2025",
="800001735",="Present",="7/8/2025",
="800001739",="Present",="7/8/2025",
="800001740",="Present",="7/8/2025",
="800001757",="Present",="7/8/2025",
="800001765",="Present",="7/8/2025",
="800001769",="Present",="7/8/2025",
="800001793",="Present",="7/8/2025",
="800001802",="Present",="7/8/2025",
="800001803",="Present",="7/8/2025",
="800001815",="Present",="7/8/2025",
="800001405",="Absent",="7/9/2025",
="800001419",="Present",="7/9/2025",
="800001434",="Present",="7/9/2025",
="800001553",="Present",="7/9/2025",
="800001576",="Present",="7/9/2025",
="800001602",="Absent",="7/9/2025",
="800001638",="Absent",="7/9/2025",
="800001650",="Present",="7/9/2025",
="800001711",="Present",="7/9/2025",
="800001723",="Present",="7/9/2025",
="800001735",="Present",="7/9/2025",
="800001740",="Present",="7/9/2025",
="800001757",="Tardy/Late",="7/9/2025",
="800001769",="Tardy/Late",="7/9/2025",
="800001803",="Present",="7/9/2025",
="800001815",="Present",="7/9/2025",
="800001196",="Absent",="7/9/2025",
="800001563",="Present",="7/9/2025",
="800001572",="Present",="7/9/2025",
="800001728",="Present",="7/9/2025",
="800001736",="Present",="7/9/2025",
="800001739",="Present",="7/9/2025",
="800001783",="Absent",="7/9/2025",
="800001812",="Present",="7/9/2025",
="770000745",="Present",="7/8/2025",
="770062096",="Present",="7/8/2025",
="770062456",="Present",="7/8/2025",
="800001001",="Present",="7/8/2025",
="800001417",="Present",="7/8/2025",
="800001436",="Present",="7/8/2025",
="800001459",="Present",="7/8/2025",
="800001508",="Present",="7/8/2025",
="800001528",="Present",="7/8/2025",
="800001557",="Present",="7/8/2025",
="800001586",="Present",="7/8/2025",
="800001587",="Present",="7/8/2025",
="800001593",="Present",="7/8/2025",
="800001598",="Present",="7/8/2025",
="800001619",="Absent",="7/8/2025",
="800001623",="Present",="7/8/2025",
="800001625",="Present",="7/8/2025",
="800001644",="Present",="7/8/2025",
="800001657",="Present",="7/8/2025",
="800000785",="Present",="7/7/2025",
="800001029",="No class",="7/7/2025",
="800001257",="No class",="7/7/2025",
="800001468",="Present",="7/7/2025",
="800001502",="No class",="7/7/2025",
="800001506",="No class",="7/7/2025",
="800001525",="Present",="7/7/2025",
="800001558",="Tardy/Late",="7/7/2025",
="800001605",="Present",="7/7/2025",
="800001621",="No class",="7/7/2025",
="800001622",="No class",="7/7/2025",
="800001642",="No class",="7/7/2025",
="800001666",="Present",="7/7/2025",
="800001668",="No class",="7/7/2025",
="800001681",="Present",="7/7/2025",
="800001688",="No class",="7/7/2025",
="800001696",="No class",="7/7/2025",
="800001697",="No class",="7/7/2025",
="800001701",="No class",="7/7/2025",
="800000785",="Present",="7/8/2025",
="800001506",="Absent",="7/8/2025",
="800001681",="Present",="7/8/2025",
="800001695",="Present",="7/8/2025",
="800001485",="Present",="7/9/2025",
="800000230",="Present",="7/9/2025",
="800000754",="Present",="7/9/2025",
="800000942",="Present",="7/9/2025",
="800001094",="Present",="7/9/2025",
="800001181",="Present",="7/9/2025",
="800001198",="Present",="7/9/2025",
="800001259",="Present",="7/9/2025",
="800001298",="Present",="7/9/2025",
="800001324",="Present",="7/9/2025",
="800001351",="Present",="7/9/2025",
="800001360",="Present",="7/9/2025",
="800001363",="Present",="7/9/2025",
="800001368",="Present",="7/9/2025",
="800001425",="Present",="7/9/2025",
="800001529",="Present",="7/9/2025",
="800001548",="Present",="7/9/2025",
="770000107",="Present",="7/9/2025",
="800000878",="Present",="7/9/2025",
="800000894",="Present",="7/9/2025",
="800001234",="Present",="7/9/2025",
="800001320",="Present",="7/9/2025",
="800001342",="Present",="7/9/2025",
="800001359",="Present",="7/9/2025",
="800001308",="Present",="7/9/2025",
="800001580",="Present",="7/9/2025",
="800001618",="Present",="7/9/2025",
="800001646",="Present",="7/9/2025",
="800001656",="Present",="7/9/2025",
="800001689",="Present",="7/9/2025",
="800001699",="Absent",="7/9/2025",
="800001787",="Present",="7/9/2025",
="800001789",="Present",="7/9/2025",
="800001798",="Present",="7/9/2025",
="800001591",="Present",="7/9/2025",
="800000934",="Present",="7/9/2025",
="800000941",="Present",="7/9/2025",
="800001292",="Present",="7/9/2025",
="800001410",="Present",="7/9/2025",
="800001607",="Present",="7/10/2025",
="800001673",="Present",="7/10/2025",
="800000289",="Present",="7/9/2025",
="800000762",="Present",="7/9/2025",
="770007073",="Present",="7/10/2025",
="800000649",="Present",="7/10/2025",
="800000879",="Absent",="7/10/2025",
="800000893",="Present",="7/10/2025",
="800000934",="Present",="7/10/2025",
="800001147",="Present",="7/10/2025",
="800001276",="Present",="7/10/2025",
="800001497",="Present",="7/10/2025",
="800001679",="Absent",="7/10/2025",
="800001563",="Present",="7/10/2025",
="800001656",="Present",="7/10/2025",
="800001711",="Present",="7/10/2025",
="800001735",="Present",="7/10/2025",
="800001739",="Present",="7/10/2025",
="800001757",="Present",="7/10/2025",
="800001765",="Present",="7/10/2025",
="800001769",="Present",="7/10/2025",
="800001802",="Present",="7/10/2025",
="800001803",="Present",="7/10/2025",
="800001815",="Present",="7/10/2025",
="770000745",="Present",="7/10/2025",
="800000230",="Present",="7/10/2025",
="800000952",="Absent",="7/10/2025",
="800001322",="Present",="7/10/2025",
="800001324",="Present",="7/10/2025",
="800001360",="Present",="7/10/2025",
="800001363",="Present",="7/10/2025",
="800001394",="Present",="7/10/2025",
="800001414",="Present",="7/10/2025",
="800001417",="Present",="7/10/2025",
="800001420",="Present",="7/10/2025",
="800001425",="Present",="7/10/2025",
="800001427",="Present",="7/10/2025",
="800001471",="Present",="7/10/2025",
="800001485",="Present",="7/10/2025",
="800001529",="Present",="7/10/2025",
="800001530",="Present",="7/10/2025",
="800001533",="Present",="7/10/2025",
="800001534",="Present",="7/10/2025",
="800001548",="Present",="7/10/2025",
="770000745",="Present",="7/9/2025",
="800000708",="Present",="7/9/2025",
="800000952",="Present",="7/9/2025",
="800001001",="Present",="7/9/2025",
="800001265",="Present",="7/9/2025",
="800001322",="Present",="7/9/2025",
="800001378",="Present",="7/9/2025",
="800001403",="Present",="7/9/2025",
="800001436",="Present",="7/9/2025",
="800001459",="Present",="7/9/2025",
="800001473",="Present",="7/9/2025",
="800001498",="Present",="7/9/2025",
="800001508",="Present",="7/9/2025",
="800001525",="Present",="7/9/2025",
="800001528",="Present",="7/9/2025",
="800001532",="Present",="7/9/2025",
="800001533",="Present",="7/9/2025",
="800001534",="Present",="7/9/2025",
="800001557",="Present",="7/9/2025",
="800001586",="Present",="7/9/2025",
="800001593",="Present",="7/9/2025",
="800001598",="Present",="7/9/2025",
="800001614",="Present",="7/9/2025",
="800001619",="Absent",="7/9/2025",
="800001623",="Present",="7/9/2025",
="800001625",="Present",="7/9/2025",
="800001644",="Present",="7/9/2025",
="800001655",="Present",="7/9/2025",
="800001657",="Present",="7/9/2025",
="800001666",="Present",="7/9/2025",
="800001667",="Present",="7/9/2025",
="800001114",="Present",="7/10/2025",
="800001618",="Present",="7/10/2025",
="800001646",="Present",="7/10/2025",
="800001696",="Present",="7/10/2025",
="800001697",="Present",="7/10/2025",
="800001736",="Present",="7/10/2025",
="800001784",="Present",="7/10/2025",
="800001787",="Present",="7/10/2025",
="800001789",="Present",="7/10/2025",
="800001798",="Present",="7/10/2025",
="800001801",="Present",="7/10/2025",
="800001812",="Present",="7/10/2025",
="770000409",="Present",="7/10/2025",
="800000941",="Present",="7/10/2025",
="800001104",="Absent",="7/10/2025",
="800001198",="Absent",="7/10/2025",
="800001292",="Present",="7/10/2025",
="800001318",="Present",="7/10/2025",
="800001410",="Present",="7/10/2025",
="800001562",="Present",="7/10/2025",
="800001626",="Present",="7/10/2025",
="770062456",="Present",="7/10/2025",
="800001001",="Present",="7/10/2025",
="800001443",="Present",="7/10/2025",
="800001459",="Present",="7/10/2025",
="800001473",="Present",="7/10/2025",
="800001505",="Present",="7/10/2025",
="800001508",="Present",="7/10/2025",
="800001511",="Present",="7/10/2025",
="800001525",="Absent",="7/10/2025",
="800001557",="Present",="7/10/2025",
="800001586",="Present",="7/10/2025",
="800001593",="Present",="7/10/2025",
="800001598",="Present",="7/10/2025",
="800001614",="Present",="7/10/2025",
="800001619",="Absent",="7/10/2025",
="800001623",="Present",="7/10/2025",
="800001625",="Present",="7/10/2025",
="800001644",="Present",="7/10/2025",
="800001657",="Present",="7/10/2025",
="800001681",="Present",="7/10/2025",
="800001689",="Present",="7/10/2025",
="800001695",="Present",="7/10/2025",
="770062096",="Present",="7/10/2025",
="800001204",="Present",="7/10/2025",
="800001257",="Present",="7/10/2025",
="800001300",="Present",="7/10/2025",
="800001468",="Present",="7/10/2025",
="800001484",="Present",="7/10/2025",
="800001502",="Present",="7/10/2025",
="800001506",="Present",="7/10/2025",
="800001587",="Present",="7/10/2025",
="800001605",="Absent",="7/10/2025",
="800001634",="Present",="7/10/2025",
="800001642",="Present",="7/10/2025",
="800001665",="Present",="7/10/2025",
="800001668",="Present",="7/10/2025",
="800001688",="Present",="7/10/2025",
="800001691",="Present",="7/10/2025",
="800001701",="Present",="7/10/2025",
="800001708",="Present",="7/10/2025",
="800001714",="Present",="7/10/2025",
="800001719",="Present",="7/10/2025",
="800001724",="Present",="7/10/2025",
="800001737",="Absent",="7/10/2025",
="800001745",="Present",="7/10/2025",
="800001751",="Present",="7/10/2025",
="800001752",="Present",="7/10/2025",
="800001760",="Present",="7/10/2025",
="800001761",="Present",="7/10/2025",
="800001771",="Present",="7/10/2025",
="800001775",="Present",="7/10/2025",
="800001776",="Present",="7/10/2025",
="800001778",="Present",="7/10/2025",
="800001415",="Present",="7/11/2025",
="800001689",="Present",="7/11/2025",
="800001708",="Present",="7/11/2025",
="800001714",="Present",="7/11/2025",
="800001719",="Absent",="7/11/2025",
="800001724",="Present",="7/11/2025",
="800001733",="Present",="7/11/2025",
="800001737",="Absent",="7/11/2025",
="800001745",="Present",="7/11/2025",
="800001751",="Present",="7/11/2025",
="800001760",="Present",="7/11/2025",
="800001761",="Present",="7/11/2025",
="800001771",="Present",="7/11/2025",
="800001776",="Present",="7/11/2025",
="800001784",="Absent",="7/11/2025",
="800001787",="Present",="7/11/2025",
="800000941",="Present",="7/12/2025",
="800001198",="Present",="7/12/2025",
="800001268",="Present",="7/12/2025",
="800001292",="Present",="7/12/2025",
="800001368",="Present",="7/12/2025",
="800001410",="Present",="7/12/2025",
="800001443",="Present",="7/12/2025",
="800001489",="Absent",="7/12/2025",
="800001517",="Present",="7/12/2025",
="800001589",="Present",="7/12/2025",
="800001607",="Present",="7/12/2025",
="800001642",="Present",="7/12/2025",
="800001673",="Present",="7/12/2025",
="800001705",="Present",="7/12/2025",
="770007073",="Present",="7/12/2025",
="770017870",="Present",="7/12/2025",
="800000894",="Present",="7/12/2025",
="800000927",="Present",="7/12/2025",
="800001320",="Present",="7/12/2025",
="800001342",="Present",="7/12/2025",
="800001359",="Present",="7/12/2025",
="800001591",="Present",="7/12/2025",
="770062456",="Present",="7/12/2025",
="800001114",="Present",="7/12/2025",
="800001265",="Present",="7/12/2025",
="800001308",="Present",="7/12/2025",
="800001415",="Present",="7/12/2025",
="800001459",="Present",="7/12/2025",
="800001489",="Present",="7/12/2025",
="800001586",="Present",="7/12/2025",
="800001605",="Present",="7/12/2025",
="800001614",="Absent",="7/12/2025",
="800001619",="Absent",="7/12/2025",
="800001633",="Present",="7/12/2025",
="800001655",="Present",="7/12/2025",
="800001657",="Present",="7/12/2025",
="800001665",="Present",="7/12/2025",
="800001666",="Present",="7/12/2025",
="800001668",="Present",="7/12/2025",
="800001681",="Present",="7/12/2025",
="800001696",="Present",="7/12/2025",
="800001697",="Present",="7/12/2025",
="800001712",="Present",="7/12/2025",
="800001778",="Present",="7/12/2025",
="800001484",="Present",="7/12/2025",
="800001580",="Present",="7/12/2025",
="800001590",="Present",="7/12/2025",
="800001618",="Present",="7/12/2025",
="800001621",="Present",="7/12/2025",
="800001622",="Absent",="7/12/2025",
="800001623",="Present",="7/12/2025",
="800001625",="Present",="7/12/2025",
="800001634",="Present",="7/12/2025",
="800001646",="Absent",="7/12/2025",
="800001652",="Present",="7/12/2025",
="800001667",="Present",="7/12/2025",
="800001691",="Present",="7/12/2025",
="800001695",="Present",="7/12/2025",
="800001699",="Present",="7/12/2025",
="800001710",="Present",="7/12/2025",
="800001775",="Present",="7/12/2025",
="800001789",="Present",="7/12/2025",
="800001798",="Present",="7/12/2025",
="800001810",="Absent",="7/12/2025",
="800001813",="Present",="7/12/2025",
="800001589",="Present",="7/8/2025",
="800001665",="Present",="7/8/2025",
="800001712",="Present",="7/8/2025",
="800001813",="Present",="7/8/2025",
="800001667",="Present",="7/8/2025",
="800001691",="Present",="7/8/2025",
="800001710",="Present",="7/8/2025",
="800001765",="Absent",="7/8/2025",
="800001810",="Present",="7/8/2025",
="800000348",="Present",="7/14/2025",
="800001405",="Absent",="7/14/2025",
="800001434",="Present",="7/14/2025",
="800001553",="Present",="7/14/2025",
="800001563",="Present",="7/14/2025",
="800001581",="Present",="7/14/2025",
="800001589",="Present",="7/14/2025",
="800001650",="Present",="7/14/2025",
="800001665",="Present",="7/14/2025",
="800001667",="Present",="7/14/2025",
="800001691",="Present",="7/14/2025",
="800001710",="Present",="7/14/2025",
="800001712",="Present",="7/14/2025",
="800001726",="Present",="7/14/2025",
="800001729",="Present",="7/14/2025",
="800001735",="Present",="7/14/2025",
="800001739",="Present",="7/14/2025",
="800001740",="Present",="7/14/2025",
="800001757",="Present",="7/14/2025",
="800001765",="Present",="7/14/2025",
="800001769",="Present",="7/14/2025",
="800001793",="Present",="7/14/2025",
="800001802",="Present",="7/14/2025",
="800001803",="Present",="7/14/2025",
="800001810",="Absent",="7/14/2025",
="800001813",="Present",="7/14/2025",
="800000228",="Present",="7/9/2025",
="800001094",="Absent",="7/9/2025",
="800001204",="Present",="7/9/2025",
="800001300",="Present",="7/9/2025",
="800001315",="Present",="7/9/2025",
="800001330",="Present",="7/9/2025",
="800001394",="Present",="7/9/2025",
="800001415",="Present",="7/9/2025",
="800001445",="Present",="7/9/2025",
="800001471",="Present",="7/9/2025",
="800001505",="Present",="7/9/2025",
="800001530",="Present",="7/9/2025",
="770000745",="Present",="7/11/2025",
="770062096",="Absent",="7/11/2025",
="770062456",="Present",="7/11/2025",
="800001001",="Present",="7/11/2025",
="800001417",="Absent",="7/11/2025",
="800001436",="Absent",="7/11/2025",
="800001459",="Present",="7/11/2025",
="800001508",="Present",="7/11/2025",
="800001528",="Present",="7/11/2025",
="800001557",="Present",="7/11/2025",
="800001586",="Absent",="7/11/2025",
="800001587",="Present",="7/11/2025",
="800001593",="Present",="7/11/2025",
="800001598",="Present",="7/11/2025",
="800001619",="Absent",="7/11/2025",
="800001623",="Present",="7/11/2025",
="800001625",="Present",="7/11/2025",
="800001657",="Present",="7/11/2025",
="800000785",="Present",="7/14/2025",
="800001029",="Absent",="7/14/2025",
="800001257",="Present",="7/14/2025",
="800001265",="Absent",="7/14/2025",
="800001468",="Absent",="7/14/2025",
="800001498",="Absent",="7/14/2025",
="800001502",="Absent",="7/14/2025",
="800001506",="Absent",="7/14/2025",
="800001525",="Absent",="7/14/2025",
="800001558",="Absent",="7/14/2025",
="800001605",="Absent",="7/14/2025",
="800001621",="No class",="7/14/2025",
="800001622",="No class",="7/14/2025",
="800001642",="No class",="7/14/2025",
="800001666",="No class",="7/14/2025",
="800001668",="No class",="7/14/2025",
="800001681",="Present",="7/14/2025",
="800001688",="No class",="7/14/2025",
="800001695",="Present",="7/14/2025",
="800001696",="No class",="7/14/2025",
="800001697",="No class",="7/14/2025",
="800001701",="No class",="7/14/2025",
="800000428",="Present",="7/12/2025",
="800000461",="Present",="7/12/2025",
="800000625",="Present",="7/12/2025",
="800000228",="Present",="7/13/2025",
="800001204",="Present",="7/13/2025",
="800001378",="Present",="7/13/2025",
="800001445",="Present",="7/13/2025",
="800001618",="Present",="7/13/2025",
="800001623",="Present",="7/13/2025",
="800001625",="Present",="7/13/2025",
="800001665",="Present",="7/13/2025",
="800001691",="Present",="7/13/2025",
="800001728",="Present",="7/13/2025",
="800001736",="Present",="7/13/2025",
="800001812",="Present",="7/13/2025",
="800000952",="Present",="7/13/2025",
="800001001",="Present",="7/13/2025",
="800001529",="Present",="7/13/2025",
="800001587",="Present",="7/13/2025",
="800001602",="Present",="7/13/2025",
="800001607",="Present",="7/13/2025",
="800001626",="Present",="7/13/2025",
="800001643",="Present",="7/13/2025",
="800001679",="Present",="7/13/2025",
="800001714",="Present",="7/13/2025",
="800001719",="Present",="7/13/2025",
="800001724",="Present",="7/13/2025",
="800001733",="Present",="7/13/2025",
="800001751",="Present",="7/13/2025",
="800001760",="Present",="7/13/2025",
="800001761",="Present",="7/13/2025",
="800001784",="Present",="7/13/2025",
="800001787",="Present",="7/13/2025",
="800001789",="Present",="7/13/2025",
="800001114",="Present",="7/14/2025",
="800001308",="Present",="7/14/2025",
="800001443",="Present",="7/14/2025",
="800001517",="Present",="7/14/2025",
="800001572",="Present",="7/14/2025",
="800001580",="Present",="7/14/2025",
="800001590",="Present",="7/14/2025",
="800001618",="Present",="7/14/2025",
="800001633",="Present",="7/14/2025",
="800001634",="Present",="7/14/2025",
="800001643",="Present",="7/14/2025",
="800001646",="Present",="7/14/2025",
="800001652",="Present",="7/14/2025",
="800001655",="Present",="7/14/2025",
="800001656",="Present",="7/14/2025",
="800001689",="Present",="7/14/2025",
="800001699",="Present",="7/14/2025",
="800001708",="Present",="7/14/2025",
="800001711",="Present",="7/14/2025",
="800001714",="Present",="7/14/2025",
="800001719",="Present",="7/14/2025",
="800001724",="Present",="7/14/2025",
="800001728",="Present",="7/14/2025",
="800001733",="Present",="7/14/2025",
="800001736",="Present",="7/14/2025",
="800001751",="Present",="7/14/2025",
="800001752",="Present",="7/14/2025",
="800001761",="Present",="7/14/2025",
="800001771",="Present",="7/14/2025",
="800001775",="Present",="7/14/2025",
="800001776",="Present",="7/14/2025",
="800001778",="Present",="7/14/2025",
="800001784",="Present",="7/14/2025",
="800001787",="Present",="7/14/2025",
="800001789",="Present",="7/14/2025",
="800001798",="Present",="7/14/2025",
="800001801",="Present",="7/14/2025",
="800001812",="Present",="7/14/2025",
="770000409",="Present",="7/8/2025",
="770017870",="Present",="7/8/2025",
="770000409",="Present",="7/15/2025",
="770007073",="Present",="7/15/2025",
="770017870",="Present",="7/15/2025",
="800000649",="Present",="7/15/2025",
="800001147",="Present",="7/15/2025",
="800001276",="Present",="7/15/2025",
="800001497",="Present",="7/15/2025",
="770000323",="Present",="7/11/2025",
="800000934",="Present",="7/11/2025",
="800001142",="Present",="7/11/2025",
="800001196",="Absent",="7/11/2025",
="800001318",="Absent",="7/11/2025",
="800001443",="Present",="7/11/2025",
="800001497",="Present",="7/11/2025",
="800001029",="Present",="7/15/2025",
="800001257",="Present",="7/15/2025",
="800001265",="Present",="7/15/2025",
="800001403",="Present",="7/15/2025",
="800001466",="Absent",="7/15/2025",
="800001468",="Present",="7/15/2025",
="800001484",="Present",="7/15/2025",
="800001498",="Present",="7/15/2025",
="800001502",="Present",="7/15/2025",
="800001506",="Absent",="7/15/2025",
="800001558",="Present",="7/15/2025",
="800001592",="Absent",="7/15/2025",
="800001605",="Present",="7/15/2025",
="800001607",="Present",="7/15/2025",
="800001621",="Absent",="7/15/2025",
="800001622",="Absent",="7/15/2025",
="800001642",="Present",="7/15/2025",
="800001666",="Present",="7/15/2025",
="800001668",="Present",="7/15/2025",
="800001688",="Present",="7/15/2025",
="800001696",="Present",="7/15/2025",
="800001697",="Present",="7/15/2025",
="800001701",="Present",="7/15/2025",
="800000348",="Present",="7/15/2025",
="800001553",="Present",="7/15/2025",
="800001563",="Present",="7/15/2025",
="800001581",="Present",="7/15/2025",
="800001589",="Present",="7/15/2025",
="800001650",="Present",="7/15/2025",
="800001665",="Present",="7/15/2025",
="800001712",="Present",="7/15/2025",
="800001726",="Present",="7/15/2025",
="800001729",="Present",="7/15/2025",
="800001735",="Present",="7/15/2025",
="800001739",="Present",="7/15/2025",
="800001740",="Present",="7/15/2025",
="800001757",="Present",="7/15/2025",
="800001769",="Present",="7/15/2025",
="800001793",="Present",="7/15/2025",
="800001803",="Present",="7/15/2025",
="800001813",="Present",="7/15/2025",
="800001405",="Absent",="7/15/2025",
="800001434",="Present",="7/15/2025",
="800001667",="Present",="7/15/2025",
="800001691",="Present",="7/15/2025",
="800001710",="Present",="7/15/2025",
="800001765",="Present",="7/15/2025",
="800001802",="Present",="7/15/2025",
="800001810",="Present",="7/15/2025",
="800001506",="Present",="7/15/2025",
="800001525",="Present",="7/15/2025",
="800001621",="Present",="7/15/2025",
="800001622",="Present",="7/15/2025",
="800000289",="Present",="7/14/2025",
="800000722",="Present",="7/14/2025",
="800000774",="Present",="7/14/2025",
="800001513",="Absent",="7/14/2025",
="770000323",="Present",="7/15/2025",
="800000879",="Present",="7/15/2025",
="800000893",="Present",="7/15/2025",
="800000934",="Present",="7/15/2025",
="800001513",="Present",="7/15/2025",
="800001679",="Present",="7/15/2025",
="770000745",="Present",="7/14/2025",
="770062456",="Present",="7/14/2025",
="800000228",="Present",="7/14/2025",
="800001001",="Present",="7/14/2025",
="800001265",="Present",="7/14/2025",
="800001330",="Present",="7/14/2025",
="800001360",="Present",="7/14/2025",
="800001363",="Present",="7/14/2025",
="800001403",="Present",="7/14/2025",
="800001415",="Present",="7/14/2025",
="800001445",="Present",="7/14/2025",
="800001459",="Present",="7/14/2025",
="800001473",="Present",="7/14/2025",
="800001508",="Present",="7/14/2025",
="800001511",="Present",="7/14/2025",
="800001528",="Present",="7/14/2025",
="800001530",="Present",="7/14/2025",
="800001532",="Absent",="7/14/2025",
="800001534",="Present",="7/14/2025",
="800001548",="Present",="7/14/2025",
="800001557",="Present",="7/14/2025",
="800001586",="Present",="7/14/2025",
="800001593",="Present",="7/14/2025",
="800001598",="Present",="7/14/2025",
="800001619",="Absent",="7/14/2025",
="800001644",="Present",="7/14/2025",
="800001657",="Present",="7/14/2025",
="800001668",="Present",="7/14/2025",
="800001517",="Present",="7/2/2025",
="800001587",="Present",="7/2/2025",
="800001590",="Present",="7/2/2025",
="800001605",="Present",="7/2/2025",
="800001633",="Present",="7/2/2025",
="800001643",="Present",="7/2/2025",
="800001705",="Present",="7/2/2025",
="800001708",="Present",="7/2/2025",
="800001714",="Present",="7/2/2025",
="800001719",="Present",="7/2/2025",
="800001724",="Present",="7/2/2025",
="800001733",="Present",="7/2/2025",
="800001737",="No class",="7/2/2025",
="800001751",="Present",="7/2/2025",
="800001771",="Present",="7/2/2025",
="800001775",="Present",="7/2/2025",
="800001776",="Present",="7/2/2025",
="800001778",="Present",="7/2/2025",
="800001517",="Present",="7/9/2025",
="800001587",="Present",="7/9/2025",
="800001590",="Present",="7/9/2025",
="800001605",="Present",="7/9/2025",
="800001633",="Present",="7/9/2025",
="800001643",="Present",="7/9/2025",
="800001705",="Present",="7/9/2025",
="800001708",="Present",="7/9/2025",
="800001714",="Present",="7/9/2025",
="800001719",="Present",="7/9/2025",
="800001724",="Present",="7/9/2025",
="800001733",="Present",="7/9/2025",
="800001737",="No class",="7/9/2025",
="800001751",="Present",="7/9/2025",
="800001771",="Present",="7/9/2025",
="800001775",="Present",="7/9/2025",
="800001776",="Present",="7/9/2025",
="800001778",="Present",="7/9/2025",
="800001576",="Present",="7/15/2025",
="800001602",="Absent",="7/15/2025",
="800001711",="Present",="7/15/2025",
="800001723",="Present",="7/15/2025",
="800001728",="Present",="7/15/2025",
="800001815",="Present",="7/15/2025",
="800001405",="Absent",="7/16/2025",
="800001419",="Present",="7/16/2025",
="800001434",="Present",="7/16/2025",
="800001553",="Tardy/Late",="7/16/2025",
="800001576",="Present",="7/16/2025",
="800001602",="Absent",="7/16/2025",
="800001638",="Absent",="7/16/2025",
="800001650",="Tardy/Late",="7/16/2025",
="800001711",="Present",="7/16/2025",
="800001723",="Present",="7/16/2025",
="800001735",="Tardy/Late",="7/16/2025",
="800001740",="Present",="7/16/2025",
="800001757",="Absent",="7/16/2025",
="800001769",="Tardy/Late",="7/16/2025",
="800001803",="Present",="7/16/2025",
="800001815",="Present",="7/16/2025",
="770007073",="Present",="7/13/2025",
="770017870",="Present",="7/13/2025",
="800000649",="Present",="7/13/2025",
="800001094",="Present",="7/13/2025",
="800001104",="Present",="7/13/2025",
="800001142",="Present",="7/13/2025",
="800001318",="Present",="7/13/2025",
="800001443",="Present",="7/13/2025",
="800001466",="Present",="7/13/2025",
="800001489",="Present",="7/13/2025",
="800001497",="Present",="7/13/2025",
="800001517",="Present",="7/13/2025",
="800001591",="Present",="7/13/2025",
="800001580",="Present",="7/15/2025",
="800001590",="Present",="7/15/2025",
="800001618",="Absent",="7/15/2025",
="800001633",="Present",="7/15/2025",
="800001634",="Present",="7/15/2025",
="800001655",="Present",="7/15/2025",
="800001656",="Present",="7/15/2025",
="800001689",="Present",="7/15/2025",
="800001708",="Present",="7/15/2025",
="800001711",="Absent",="7/15/2025",
="800001714",="Present",="7/15/2025",
="800001719",="Present",="7/15/2025",
="800001724",="Present",="7/15/2025",
="800001733",="Present",="7/15/2025",
="800001736",="Present",="7/15/2025",
="800001737",="Absent",="7/15/2025",
="800001752",="Present",="7/15/2025",
="800001761",="Present",="7/15/2025",
="800001778",="Present",="7/15/2025",
="800001787",="Present",="7/15/2025",
="800001798",="Present",="7/15/2025",
="800001801",="Present",="7/15/2025",
="800001114",="Present",="7/15/2025",
="800001308",="Present",="7/15/2025",
="800001443",="Present",="7/15/2025",
="800001517",="Present",="7/15/2025",
="800001572",="Present",="7/15/2025",
="800001643",="Present",="7/15/2025",
="800001646",="Present",="7/15/2025",
="800001652",="Present",="7/15/2025",
="800001699",="Present",="7/15/2025",
="800001728",="Absent",="7/15/2025",
="800001751",="Present",="7/15/2025",
="800001771",="Present",="7/15/2025",
="800001775",="Present",="7/15/2025",
="800001776",="Present",="7/15/2025",
="800001784",="Absent",="7/15/2025",
="800001789",="Present",="7/15/2025",
="800001812",="Present",="7/15/2025",
="800001196",="Present",="7/16/2025",
="800001563",="Present",="7/16/2025",
="800001572",="Present",="7/16/2025",
="800001728",="Absent",="7/16/2025",
="800001736",="Present",="7/16/2025",
="800001739",="Present",="7/16/2025",
="800001783",="Absent",="7/16/2025",
="800001812",="Tardy/Late",="7/16/2025",
="770000745",="Present",="7/16/2025",
="800000708",="Present",="7/16/2025",
="800000952",="Present",="7/16/2025",
="800001001",="Present",="7/16/2025",
="800001265",="Present",="7/16/2025",
="800001322",="Present",="7/16/2025",
="800001378",="Present",="7/16/2025",
="800001403",="Present",="7/16/2025",
="800001436",="Present",="7/16/2025",
="800001459",="Present",="7/16/2025",
="800001473",="Present",="7/16/2025",
="800001498",="Present",="7/16/2025",
="800001508",="Present",="7/16/2025",
="800001525",="Present",="7/16/2025",
="800001528",="Present",="7/16/2025",
="800001532",="Present",="7/16/2025",
="800001533",="Present",="7/16/2025",
="800001534",="Present",="7/16/2025",
="800001557",="Present",="7/16/2025",
="800001586",="Present",="7/16/2025",
="800001593",="Present",="7/16/2025",
="800001598",="Present",="7/16/2025",
="800001619",="Absent",="7/16/2025",
="800001623",="Present",="7/16/2025",
="800001625",="Present",="7/16/2025",
="800001644",="Present",="7/16/2025",
="800001655",="Present",="7/16/2025",
="800001657",="Present",="7/16/2025",
="800001666",="Present",="7/16/2025",
="800001667",="Present",="7/16/2025",
="800001485",="Present",="7/16/2025",
="800000230",="Present",="7/16/2025",
="800000754",="Present",="7/16/2025",
="800000942",="Present",="7/16/2025",
="800001094",="Present",="7/16/2025",
="800001181",="Present",="7/16/2025",
="800001198",="Present",="7/16/2025",
="800001259",="Present",="7/16/2025",
="800001298",="Present",="7/16/2025",
="800001324",="Present",="7/16/2025",
="800001351",="Present",="7/16/2025",
="800001360",="Present",="7/16/2025",
="800001363",="Present",="7/16/2025",
="800001368",="Present",="7/16/2025",
="800001425",="Present",="7/16/2025",
="800001529",="Present",="7/16/2025",
="800001548",="Present",="7/16/2025",
="770000107",="Present",="7/16/2025",
="800000878",="Present",="7/16/2025",
="800000894",="Present",="7/16/2025",
="800001234",="Present",="7/16/2025",
="800001320",="Present",="7/16/2025",
="800001342",="Present",="7/16/2025",
="800001359",="Present",="7/16/2025",
="800001517",="Present",="7/16/2025",
="800001587",="Present",="7/16/2025",
="800001590",="Present",="7/16/2025",
="800001605",="Absent",="7/16/2025",
="800001633",="Present",="7/16/2025",
="800001643",="Present",="7/16/2025",
="800001705",="Present",="7/16/2025",
="800001708",="Present",="7/16/2025",
="800001714",="Present",="7/16/2025",
="800001719",="Present",="7/16/2025",
="800001724",="Present",="7/16/2025",
="800001733",="Present",="7/16/2025",
="800001737",="Absent",="7/16/2025",
="800001751",="Present",="7/16/2025",
="800001771",="Present",="7/16/2025",
="800001775",="Present",="7/16/2025",
="800001776",="Present",="7/16/2025",
="800001778",="Present",="7/16/2025",
="800001591",="Present",="7/16/2025",
="800000934",="Present",="7/16/2025",
="800000941",="Present",="7/16/2025",
="800001292",="Present",="7/16/2025",
="800001410",="Present",="7/16/2025",
="800001562",="Present",="7/17/2025",
="800001607",="Present",="7/17/2025",
="800001673",="Present",="7/17/2025",
="770062096",="Present",="7/17/2025",
="770062456",="Present",="7/17/2025",
="800001204",="Present",="7/17/2025",
="800001257",="Present",="7/17/2025",
="800001300",="Present",="7/17/2025",
="800001468",="Present",="7/17/2025",
="800001484",="Present",="7/17/2025",
="800001502",="Present",="7/17/2025",
="800001506",="Present",="7/17/2025",
="800001587",="Present",="7/17/2025",
="800001605",="Absent",="7/17/2025",
="800001634",="Present",="7/17/2025",
="800001642",="Present",="7/17/2025",
="800001665",="Present",="7/17/2025",
="800001668",="Present",="7/17/2025",
="800001681",="Present",="7/17/2025",
="800001688",="Present",="7/17/2025",
="800001691",="Present",="7/17/2025",
="800001695",="Present",="7/17/2025",
="800001696",="Present",="7/17/2025",
="800001697",="Present",="7/17/2025",
="800001701",="Absent",="7/17/2025",
="770000745",="Present",="7/17/2025",
="800001001",="Present",="7/17/2025",
="800001443",="Present",="7/17/2025",
="800001459",="Present",="7/17/2025",
="800001473",="Absent",="7/17/2025",
="800001505",="Present",="7/17/2025",
="800001508",="Present",="7/17/2025",
="800001511",="Present",="7/17/2025",
="800001557",="Present",="7/17/2025",
="800001586",="Present",="7/17/2025",
="800001593",="Present",="7/17/2025",
="800001598",="Present",="7/17/2025",
="800001614",="Present",="7/17/2025",
="800001623",="Present",="7/17/2025",
="800001625",="Present",="7/17/2025",
="800001644",="Present",="7/17/2025",
="800001657",="Present",="7/17/2025",
="800001689",="Present",="7/17/2025",
="800001525",="Absent",="7/17/2025",
="800001619",="Absent",="7/17/2025",
="800001563",="Present",="7/17/2025",
="800001656",="Present",="7/17/2025",
="800001711",="Present",="7/17/2025",
="800001735",="Present",="7/17/2025",
="800001739",="Present",="7/17/2025",
="800001757",="Present",="7/17/2025",
="800001765",="Present",="7/17/2025",
="800001769",="Present",="7/17/2025",
="800001802",="Present",="7/17/2025",
="800001803",="Present",="7/17/2025",
="800001815",="Present",="7/17/2025",
="800001308",="Present",="7/16/2025",
="800001580",="Present",="7/16/2025",
="800001618",="Present",="7/16/2025",
="800001646",="Present",="7/16/2025",
="800001656",="Present",="7/16/2025",
="800001689",="Present",="7/16/2025",
="800001699",="Present",="7/16/2025",
="800001787",="Absent",="7/16/2025",
="800001789",="Present",="7/16/2025",
="800001798",="Present",="7/16/2025",
="800001812",="Present",="7/16/2025",
="800001708",="Present",="7/17/2025",
="800001714",="Present",="7/17/2025",
="800001719",="Absent",="7/17/2025",
="800001724",="Present",="7/17/2025",
="800001745",="Present",="7/17/2025",
="800001751",="Present",="7/17/2025",
="800001752",="Present",="7/17/2025",
="800001760",="Present",="7/17/2025",
="800001761",="Present",="7/17/2025",
="800001771",="Present",="7/17/2025",
="800001775",="Present",="7/17/2025",
="800001776",="Present",="7/17/2025",
="800001778",="Present",="7/17/2025",
="800001801",="Present",="7/17/2025",
="800000762",="Present",="7/14/2025",
="800001513",="Present",="7/14/2025",
="800000289",="Present",="7/7/2025",
="800000762",="Present",="7/7/2025",
="800000774",="Present",="7/7/2025",
="800001513",="Present",="7/7/2025",
="800000722",="Present",="6/30/2025",
="800000774",="Present",="6/30/2025",
="800000762",="Present",="6/23/2025",
="800000762",="Present",="6/16/2025",
="800000762",="Present",="6/9/2025",
="800000762",="Present",="6/2/2025",
="800000762",="Present",="5/12/2025",
="770062456",="Present",="7/19/2025",
="800001114",="Present",="7/19/2025",
="800001265",="Present",="7/19/2025",
="800001308",="Present",="7/19/2025",
="800001415",="Present",="7/19/2025",
="800001459",="Present",="7/19/2025",
="800001489",="Absent",="7/19/2025",
="800001586",="Present",="7/19/2025",
="800001589",="Present",="7/19/2025",
="800001605",="Present",="7/19/2025",
="800001614",="Present",="7/19/2025",
="800001633",="Present",="7/19/2025",
="800001655",="Present",="7/19/2025",
="800001657",="Present",="7/19/2025",
="800001665",="Present",="7/19/2025",
="800001666",="Present",="7/19/2025",
="800001668",="Present",="7/19/2025",
="800001681",="Present",="7/19/2025",
="800001696",="Present",="7/19/2025",
="800001697",="Present",="7/19/2025",
="800001712",="Present",="7/19/2025",
="800001778",="Present",="7/19/2025",
="800001484",="Present",="7/19/2025",
="800001580",="Present",="7/19/2025",
="800001590",="Present",="7/19/2025",
="800001618",="Present",="7/19/2025",
="800001621",="Present",="7/19/2025",
="800001622",="Present",="7/19/2025",
="800001623",="Present",="7/19/2025",
="800001625",="Present",="7/19/2025",
="800001634",="Absent",="7/19/2025",
="800001646",="Present",="7/19/2025",
="800001652",="Absent",="7/19/2025",
="800001667",="Absent",="7/19/2025",
="800001691",="Present",="7/19/2025",
="800001695",="Present",="7/19/2025",
="800001699",="Present",="7/19/2025",
="800001705",="Present",="7/19/2025",
="800001710",="Present",="7/19/2025",
="800001775",="Present",="7/19/2025",
="800001789",="Present",="7/19/2025",
="800001798",="Present",="7/19/2025",
="800001810",="Present",="7/19/2025",
="800001813",="Present",="7/19/2025",
="800001415",="Present",="7/18/2025",
="800001689",="Present",="7/18/2025",
="800001708",="Present",="7/18/2025",
="800001714",="Present",="7/18/2025",
="800001719",="Present",="7/18/2025",
="800001724",="Present",="7/18/2025",
="800001733",="Present",="7/18/2025",
="800001745",="Present",="7/18/2025",
="800001751",="Present",="7/18/2025",
="800001760",="Present",="7/18/2025",
="800001761",="Present",="7/18/2025",
="800001771",="Present",="7/18/2025",
="800001776",="Present",="7/18/2025",
="800001784",="Present",="7/18/2025",
="800001787",="Absent",="7/18/2025",
="800000941",="Present",="7/19/2025",
="800001198",="Present",="7/19/2025",
="800001268",="Present",="7/19/2025",
="800001292",="Present",="7/19/2025",
="800001368",="Present",="7/19/2025",
="800001410",="Present",="7/19/2025",
="800001443",="Present",="7/19/2025",
="800001517",="Present",="7/19/2025",
="800001607",="Present",="7/19/2025",
="800001642",="Present",="7/19/2025",
="800001673",="Present",="7/19/2025",
="800000289",="Present",="5/30/2025",
="800000762",="Present",="5/30/2025",
="800000774",="Present",="5/30/2025",
="800000289",="Present",="6/25/2025",
="800000762",="Present",="6/25/2025",
="800000774",="Present",="6/25/2025",
="800000289",="Present",="6/11/2025",
="800000762",="Present",="6/11/2025",
="800000774",="Present",="6/11/2025",
="800000762",="Present",="6/13/2025",
="800000289",="Present",="6/20/2025",
="800000762",="Present",="6/20/2025",
="800000774",="Present",="6/20/2025",
="800000289",="Present",="6/27/2025",
="800000762",="Present",="6/27/2025",
="800000774",="Present",="6/27/2025",
="800000348",="Present",="7/21/2025",
="800001434",="Present",="7/21/2025",
="800001553",="Present",="7/21/2025",
="800001563",="Present",="7/21/2025",
="800001581",="Present",="7/21/2025",
="800001589",="Present",="7/21/2025",
="800001650",="Present",="7/21/2025",
="800001665",="Present",="7/21/2025",
="800001667",="Present",="7/21/2025",
="800001691",="Present",="7/21/2025",
="800001710",="Present",="7/21/2025",
="800001712",="Present",="7/21/2025",
="800001726",="Present",="7/21/2025",
="800001729",="Present",="7/21/2025",
="800001735",="Present",="7/21/2025",
="800001739",="Present",="7/21/2025",
="800001740",="Present",="7/21/2025",
="800001757",="Present",="7/21/2025",
="800001765",="Present",="7/21/2025",
="800001769",="Present",="7/21/2025",
="800001793",="Present",="7/21/2025",
="800001802",="Present",="7/21/2025",
="800001803",="Present",="7/21/2025",
="800001810",="Present",="7/21/2025",
="800001813",="Present",="7/21/2025",
="800000785",="Present",="7/15/2025",
="800001681",="Present",="7/15/2025",
="800001695",="Present",="7/15/2025",
="770000745",="Present",="7/15/2025",
="770062096",="Present",="7/15/2025",
="770062456",="Present",="7/15/2025",
="800001001",="Present",="7/15/2025",
="800001417",="Absent",="7/15/2025",
="800001436",="Present",="7/15/2025",
="800001459",="Present",="7/15/2025",
="800001508",="Present",="7/15/2025",
="800001528",="Present",="7/15/2025",
="800001557",="Present",="7/15/2025",
="800001586",="Present",="7/15/2025",
="800001587",="Present",="7/15/2025",
="800001593",="Present",="7/15/2025",
="800001598",="Present",="7/15/2025",
="800001623",="Present",="7/15/2025",
="800001625",="Present",="7/15/2025",
="800001644",="Present",="7/15/2025",
="800001657",="Present",="7/15/2025",
="800000230",="Present",="7/17/2025",
="800000952",="Present",="7/17/2025",
="800001322",="Present",="7/17/2025",
="800001324",="Present",="7/17/2025",
="800001360",="Present",="7/17/2025",
="800001363",="Present",="7/17/2025",
="800001394",="Present",="7/17/2025",
="800001414",="Present",="7/17/2025",
="800001417",="Present",="7/17/2025",
="800001420",="Present",="7/17/2025",
="800001425",="Present",="7/17/2025",
="800001427",="Absent",="7/17/2025",
="800001471",="Present",="7/17/2025",
="800001485",="Present",="7/17/2025",
="800001529",="Present",="7/17/2025",
="800001530",="Present",="7/17/2025",
="800001533",="Present",="7/17/2025",
="800001534",="Present",="7/17/2025",
="800001548",="Present",="7/17/2025",
="800000228",="Present",="7/16/2025",
="800000230",="Absent",="7/16/2025",
="800001204",="Present",="7/16/2025",
="800001298",="Absent",="7/16/2025",
="800001300",="Present",="7/16/2025",
="800001315",="Present",="7/16/2025",
="800001330",="Present",="7/16/2025",
="800001394",="Present",="7/16/2025",
="800001415",="Present",="7/16/2025",
="800001427",="Present",="7/16/2025",
="800001445",="Present",="7/16/2025",
="800001471",="Present",="7/16/2025",
="800001505",="Present",="7/16/2025",
="800001530",="Present",="7/16/2025",
="800001532",="Absent",="7/16/2025",
="770000745",="Present",="7/18/2025",
="770062096",="Present",="7/18/2025",
="770062456",="Present",="7/18/2025",
="800001001",="Present",="7/18/2025",
="800001417",="Absent",="7/18/2025",
="800001436",="Absent",="7/18/2025",
="800001459",="Present",="7/18/2025",
="800001508",="Present",="7/18/2025",
="800001528",="Present",="7/18/2025",
="800001557",="Present",="7/18/2025",
="800001586",="Present",="7/18/2025",
="800001587",="Present",="7/18/2025",
="800001593",="Present",="7/18/2025",
="800001598",="Present",="7/18/2025",
="800001619",="Absent",="7/18/2025",
="800001623",="Present",="7/18/2025",
="800001625",="Present",="7/18/2025",
="800001657",="Present",="7/18/2025",
="770000745",="Present",="7/21/2025",
="770062456",="Present",="7/21/2025",
="800000228",="Present",="7/21/2025",
="800001001",="Present",="7/21/2025",
="800001265",="Present",="7/21/2025",
="800001330",="Present",="7/21/2025",
="800001360",="Present",="7/21/2025",
="800001363",="Present",="7/21/2025",
="800001403",="Present",="7/21/2025",
="800001415",="Present",="7/21/2025",
="800001445",="Present",="7/21/2025",
="800001459",="Present",="7/21/2025",
="800001473",="Present",="7/21/2025",
="800001498",="Present",="7/21/2025",
="800001508",="Present",="7/21/2025",
="800001511",="Present",="7/21/2025",
="800001528",="Present",="7/21/2025",
="800001530",="Present",="7/21/2025",
="800001532",="Absent",="7/21/2025",
="800001534",="Present",="7/21/2025",
="800001548",="Present",="7/21/2025",
="800001557",="Present",="7/21/2025",
="800001586",="Present",="7/21/2025",
="800001593",="Present",="7/21/2025",
="800001598",="Present",="7/21/2025",
="800001605",="Absent",="7/21/2025",
="800001644",="Present",="7/21/2025",
="800001657",="Present",="7/21/2025",
="800001668",="Present",="7/21/2025",
="800001681",="Present",="7/21/2025",
="800001695",="Present",="7/21/2025",
="770007073",="Present",="7/19/2025",
="770017870",="Present",="7/19/2025",
="800000894",="Present",="7/19/2025",
="800000927",="Present",="7/19/2025",
="800001320",="Present",="7/19/2025",
="800001342",="Absent",="7/19/2025",
="800001359",="Present",="7/19/2025",
="800001591",="Present",="7/19/2025",
="770007073",="Present",="6/23/2025",
="770017870",="Present",="6/23/2025",
="800000649",="Present",="6/23/2025",
="800000879",="Present",="6/23/2025",
="800000893",="Present",="6/23/2025",
="800000934",="Present",="6/23/2025",
="800001142",="Present",="6/23/2025",
="800001147",="Present",="6/23/2025",
="800001196",="Present",="6/23/2025",
="800001497",="Present",="6/23/2025",
="800001679",="Present",="6/23/2025",
="800001591",="Present",="6/23/2025",
="770000409",="Present",="6/23/2025",
="800001292",="Present",="6/23/2025",
="800001318",="Present",="6/23/2025",
="800001562",="Present",="6/23/2025",
="800001673",="Absent",="6/23/2025",
="800001591",="Present",="6/30/2025",
="770000409",="Present",="6/30/2025",
="770017870",="Present",="6/30/2025",
="800000927",="Present",="6/30/2025",
="800001104",="Present",="6/30/2025",
="800001268",="Present",="6/30/2025",
="800001292",="Present",="6/30/2025",
="800001318",="Present",="6/30/2025",
="800001410",="Present",="6/30/2025",
="800001562",="Present",="6/30/2025",
="800001673",="Absent",="6/30/2025",
="800000649",="Present",="6/30/2025",
="800000934",="Present",="6/30/2025",
="800001142",="Present",="6/30/2025",
="800001196",="Present",="6/30/2025",
="800001513",="Tardy/Late",="7/7/2025",
="770007073",="Present",="7/7/2025",
="770017870",="Tardy/Late",="7/7/2025",
="800000649",="Present",="7/7/2025",
="800000879",="Present",="7/7/2025",
="800000893",="Present",="7/7/2025",
="800000934",="Present",="7/7/2025",
="800001142",="Present",="7/7/2025",
="800001147",="Present",="7/7/2025",
="800001196",="Present",="7/7/2025",
="800001276",="Present",="7/7/2025",
="800001497",="Present",="7/7/2025",
="800001679",="Tardy/Late",="7/7/2025",
="770000409",="Present",="7/7/2025",
="770017870",="Present",="7/7/2025",
="800000927",="Present",="7/7/2025",
="800001104",="Present",="7/7/2025",
="800001268",="Present",="7/7/2025",
="800001292",="Present",="7/7/2025",
="800001318",="Present",="7/7/2025",
="800001410",="Present",="7/7/2025",
="800001562",="Present",="7/7/2025",
="800001673",="Present",="7/7/2025",
="800001591",="Present",="7/7/2025",
="770007073",="Present",="7/14/2025",
="770017870",="Present",="7/14/2025",
="800000649",="Present",="7/14/2025",
="800000879",="Present",="7/14/2025",
="800000893",="Present",="7/14/2025",
="800000934",="Present",="7/14/2025",
="800001142",="Present",="7/14/2025",
="800001147",="Present",="7/14/2025",
="800001196",="Present",="7/14/2025",
="800001276",="Present",="7/14/2025",
="800001497",="Present",="7/14/2025",
="800001679",="Present",="7/14/2025",
="770000409",="Present",="7/14/2025",
="800000927",="Present",="7/14/2025",
="800001104",="Present",="7/14/2025",
="800001268",="Present",="7/14/2025",
="800001292",="Present",="7/14/2025",
="800001318",="Present",="7/14/2025",
="800001410",="Present",="7/14/2025",
="800001562",="Present",="7/14/2025",
="800001673",="Present",="7/14/2025",
="800001591",="Present",="7/21/2025",
="770000409",="Tardy/Late",="7/21/2025",
="770017870",="Present",="7/21/2025",
="800000927",="Present",="7/21/2025",
="800001104",="Tardy/Late",="7/21/2025",
="800001268",="Absent",="7/21/2025",
="800001292",="Present",="7/21/2025",
="800001318",="Tardy/Late",="7/21/2025",
="800001410",="Present",="7/21/2025",
="800001497",="Tardy/Late",="7/21/2025",
="800001562",="Tardy/Late",="7/21/2025",
="800001673",="Present",="7/21/2025",
="800001513",="Present",="7/21/2025",
="770007073",="Present",="7/21/2025",
="800000649",="Present",="7/21/2025",
="800000879",="Present",="7/21/2025",
="800000893",="Present",="7/21/2025",
="800000934",="Present",="7/21/2025",
="800001142",="Present",="7/21/2025",
="800001147",="Present",="7/21/2025",
="800001196",="Absent",="7/21/2025",
="800001276",="Present",="7/21/2025",
="800001497",="Present",="7/21/2025",
="800001679",="Present",="7/21/2025",
="800001591",="Present",="7/14/2025",
="800000289",="Present",="7/21/2025",
="800000722",="Present",="7/21/2025",
="800000774",="Present",="7/21/2025",
="800001558",="Present",="7/21/2025",
="800001655",="Present",="7/21/2025",
="800001728",="Tardy/Late",="7/21/2025",
="800001729",="Absent",="7/21/2025",
="800001761",="Present",="7/21/2025",
="800001765",="Tardy/Late",="7/21/2025",
="800001802",="Absent",="7/21/2025",
="800001815",="Present",="7/21/2025",
="770000323",="Present",="7/18/2025",
="800000934",="Present",="7/18/2025",
="800001142",="Present",="7/18/2025",
="800001196",="Present",="7/18/2025",
="800001318",="Present",="7/18/2025",
="800001443",="Present",="7/18/2025",
="800001497",="Absent",="7/18/2025",
="800001558",="Present",="7/14/2025",
="800001605",="Present",="7/14/2025",
="800001765",="Absent",="7/14/2025",
="800001810",="Present",="7/14/2025",
="800001815",="Present",="7/14/2025",
="800001558",="Present",="7/7/2025",
="800001728",="Absent",="7/7/2025",
="800001761",="Absent",="7/7/2025",
="800001765",="Absent",="7/7/2025",
="800001815",="Present",="7/7/2025",
="800000348",="Present",="6/30/2025",
="800001553",="Present",="6/30/2025",
="800001558",="Present",="6/30/2025",
="800001563",="Present",="6/30/2025",
="800001581",="Present",="6/30/2025",
="800001589",="Present",="6/30/2025",
="800001605",="Present",="6/30/2025",
="800001650",="Present",="6/30/2025",
="800001655",="Present",="6/30/2025",
="800001710",="Present",="6/30/2025",
="800001712",="Present",="6/30/2025",
="800001726",="Present",="6/30/2025",
="800001728",="Present",="6/30/2025",
="800001729",="Present",="6/30/2025",
="800001735",="Present",="6/30/2025",
="800001739",="Present",="6/30/2025",
="800001740",="Present",="6/30/2025",
="800001757",="Present",="6/30/2025",
="800001761",="Present",="6/30/2025",
="800001765",="Absent",="6/30/2025",
="800001769",="Present",="6/30/2025",
="800001793",="Present",="6/30/2025",
="800001802",="Absent",="6/30/2025",
="800001803",="Present",="6/30/2025",
="800001810",="Present",="6/30/2025",
="800001813",="Absent",="6/30/2025",
="800001815",="Present",="6/30/2025",
="800000348",="Present",="6/23/2025",
="800001553",="Present",="6/23/2025",
="800001558",="Present",="6/23/2025",
="800001563",="Present",="6/23/2025",
="800001581",="Present",="6/23/2025",
="800001589",="Present",="6/23/2025",
="800001605",="Present",="6/23/2025",
="800001650",="Present",="6/23/2025",
="800001655",="Present",="6/23/2025",
="800001710",="Present",="6/23/2025",
="800001712",="Present",="6/23/2025",
="800001726",="Present",="6/23/2025",
="800001728",="Present",="6/23/2025",
="800001729",="Present",="6/23/2025",
="800001735",="Present",="6/23/2025",
="800001739",="Present",="6/23/2025",
="800001740",="Present",="6/23/2025",
="800001757",="Present",="6/23/2025",
="800001761",="Present",="6/23/2025",
="800001765",="Absent",="6/23/2025",
="800001769",="Present",="6/23/2025",
="800001793",="Present",="6/23/2025",
="800001802",="Absent",="6/23/2025",
="800001803",="Present",="6/23/2025",
="800001810",="Present",="6/23/2025",
="800001813",="Absent",="6/23/2025",
="800001815",="Present",="6/23/2025",
="800001581",="Absent",="6/16/2025",
="800001605",="Absent",="6/16/2025",
="800001761",="Absent",="6/16/2025",
="800001581",="Absent",="6/9/2025",
="800001728",="Absent",="6/9/2025",
="800001815",="Absent",="6/9/2025",
="800000952",="Present",="7/20/2025",
="800001001",="Present",="7/20/2025",
="800001529",="Present",="7/20/2025",
="800001587",="Present",="7/20/2025",
="800001602",="Present",="7/20/2025",
="800001607",="Present",="7/20/2025",
="800001626",="Present",="7/20/2025",
="800001643",="Present",="7/20/2025",
="800001679",="Present",="7/20/2025",
="800001714",="Present",="7/20/2025",
="800001719",="Present",="7/20/2025",
="800001724",="Present",="7/20/2025",
="800001733",="Present",="7/20/2025",
="800001751",="Present",="7/20/2025",
="800001760",="Present",="7/20/2025",
="800001761",="Present",="7/20/2025",
="800001784",="Present",="7/20/2025",
="800001787",="Present",="7/20/2025",
="800001789",="Present",="7/20/2025",
="800000228",="Present",="7/20/2025",
="800001204",="Present",="7/20/2025",
="800001378",="Present",="7/20/2025",
="800001445",="Present",="7/20/2025",
="800001618",="Present",="7/20/2025",
="800001623",="Present",="7/20/2025",
="800001625",="Present",="7/20/2025",
="800001665",="Present",="7/20/2025",
="800001691",="Present",="7/20/2025",
="800001728",="Present",="7/20/2025",
="800001736",="Present",="7/20/2025",
="800001812",="Present",="7/20/2025",
="770000323",="Present",="7/21/2025",
="770000409",="Present",="7/21/2025",
="800001104",="Present",="7/21/2025",
="800001268",="Present",="7/21/2025",
="800001318",="Present",="7/21/2025",
="800001562",="Present",="7/21/2025",
="770000203",="Present",="7/21/2025",
="800000957",="Present",="7/21/2025",
="800000228",="Present",="7/18/2025",
="800000230",="Present",="7/18/2025",
="800000708",="Present",="7/18/2025",
="800000754",="Present",="7/18/2025",
="800000952",="Present",="7/18/2025",
="800001030",="Present",="7/18/2025",
="800001204",="Present",="7/18/2025",
="800001298",="Present",="7/18/2025",
="800001300",="Present",="7/18/2025",
="800001315",="Present",="7/18/2025",
="800001322",="Present",="7/18/2025",
="800001351",="Present",="7/18/2025",
="800001360",="Present",="7/18/2025",
="800001394",="Present",="7/18/2025",
="800001414",="Present",="7/18/2025",
="800001417",="Present",="7/18/2025",
="800001419",="Present",="7/18/2025",
="800001420",="Present",="7/18/2025",
="800001425",="Present",="7/18/2025",
="800001445",="Present",="7/18/2025",
="800001471",="Present",="7/18/2025",
="800001485",="Present",="7/18/2025",
="800001505",="Present",="7/18/2025",
="800001511",="Present",="7/18/2025",
="800001529",="Present",="7/18/2025",
="800001532",="Present",="7/18/2025",
="800001548",="Present",="7/18/2025",
="770007073",="Present",="7/17/2025",
="800000649",="Present",="7/17/2025",
="800000879",="Present",="7/17/2025",
="800000893",="Present",="7/17/2025",
="800000934",="Present",="7/17/2025",
="800001147",="Present",="7/17/2025",
="800001276",="Present",="7/17/2025",
="800001497",="Present",="7/17/2025",
="800001679",="Present",="7/17/2025",
="800000785",="Present",="7/16/2025",
="800001030",="Present",="7/16/2025",
="800001257",="Present",="7/16/2025",
="800001417",="Present",="7/16/2025",
="800001420",="Present",="7/16/2025",
="800001468",="Present",="7/16/2025",
="800001502",="Present",="7/16/2025",
="800001642",="Present",="7/16/2025",
="800001688",="Present",="7/16/2025",
="800001696",="Present",="7/16/2025",
="800001697",="Present",="7/16/2025",
="800001701",="Present",="7/16/2025",
="770000323",="Present",="7/14/2025",
="800000228",="Present",="7/11/2025",
="800000230",="Present",="7/11/2025",
="800000708",="Present",="7/11/2025",
="800000754",="Present",="7/11/2025",
="800000952",="Present",="7/11/2025",
="800001030",="Present",="7/11/2025",
="800001204",="Present",="7/11/2025",
="800001298",="Present",="7/11/2025",
="800001300",="Present",="7/11/2025",
="800001315",="Present",="7/11/2025",
="800001322",="Present",="7/11/2025",
="800001351",="Present",="7/11/2025",
="800001360",="Present",="7/11/2025",
="800001394",="Present",="7/11/2025",
="800001414",="Present",="7/11/2025",
="800001417",="Present",="7/11/2025",
="800001419",="Present",="7/11/2025",
="800001420",="Present",="7/11/2025",
="800001425",="Present",="7/11/2025",
="800001445",="Present",="7/11/2025",
="800001471",="Present",="7/11/2025",
="800001485",="Present",="7/11/2025",
="800001505",="Present",="7/11/2025",
="800001511",="Present",="7/11/2025",
="800001529",="Present",="7/11/2025",
="800001532",="Present",="7/11/2025",
="800001548",="Present",="7/11/2025",
="800000879",="Present",="7/10/2025",
="800001679",="Present",="7/10/2025",
="800000785",="Present",="7/9/2025",
="800001030",="Present",="7/9/2025",
="800001257",="Present",="7/9/2025",
="800001417",="Present",="7/9/2025",
="800001420",="Present",="7/9/2025",
="800001468",="Present",="7/9/2025",
="800001502",="Present",="7/9/2025",
="800001642",="Present",="7/9/2025",
="800001688",="Present",="7/9/2025",
="800001696",="Present",="7/9/2025",
="800001697",="Present",="7/9/2025",
="800001701",="Present",="7/9/2025",
="770000323",="No class",="7/7/2025",
="770000409",="No class",="7/7/2025",
="800000927",="No class",="7/7/2025",
="800001104",="No class",="7/7/2025",
="800001142",="No class",="7/7/2025",
="800001268",="No class",="7/7/2025",
="800001292",="No class",="7/7/2025",
="800001318",="No class",="7/7/2025",
="800001410",="No class",="7/7/2025",
="800001562",="No class",="7/7/2025",
="800001638",="Present",="5/14/2025",
="800001114",="Present",="7/21/2025",
="800001308",="Present",="7/21/2025",
="800001443",="Present",="7/21/2025",
="800001517",="Present",="7/21/2025",
="800001572",="Present",="7/21/2025",
="800001580",="Present",="7/21/2025",
="800001590",="Present",="7/21/2025",
="800001614",="Present",="7/21/2025",
="800001618",="Present",="7/21/2025",
="800001633",="Present",="7/21/2025",
="800001634",="Present",="7/21/2025",
="800001643",="Present",="7/21/2025",
="800001646",="Absent",="7/21/2025",
="800001652",="Present",="7/21/2025",
="800001656",="Present",="7/21/2025",
="800001689",="Present",="7/21/2025",
="800001699",="Present",="7/21/2025",
="800001708",="Present",="7/21/2025",
="800001711",="Present",="7/21/2025",
="800001714",="Present",="7/21/2025",
="800001719",="Present",="7/21/2025",
="800001724",="Present",="7/21/2025",
="800001728",="Present",="7/21/2025",
="800001733",="Present",="7/21/2025",
="800001736",="Present",="7/21/2025",
="800001737",="Absent",="7/21/2025",
="800001751",="Present",="7/21/2025",
="800001752",="Present",="7/21/2025",
="800001771",="Present",="7/21/2025",
="800001775",="Present",="7/21/2025",
="800001776",="Present",="7/21/2025",
="800001778",="Present",="7/21/2025",
="800001784",="Present",="7/21/2025",
="800001787",="Present",="7/21/2025",
="800001789",="Present",="7/21/2025",
="800001798",="Present",="7/21/2025",
="800001801",="Present",="7/21/2025",
="800001812",="Present",="7/21/2025",
="800001029",="Present",="7/22/2025",
="800001257",="Present",="7/22/2025",
="800001265",="Present",="7/22/2025",
="800001403",="Present",="7/22/2025",
="800001466",="Absent",="7/22/2025",
="800001468",="Present",="7/22/2025",
="800001484",="Present",="7/22/2025",
="800001498",="Present",="7/22/2025",
="800001502",="Present",="7/22/2025",
="800001506",="Present",="7/22/2025",
="800001525",="Present",="7/22/2025",
="800001558",="Present",="7/22/2025",
="800001605",="Present",="7/22/2025",
="800001607",="Present",="7/22/2025",
="800001621",="Present",="7/22/2025",
="800001622",="Present",="7/22/2025",
="800001642",="Present",="7/22/2025",
="800001666",="Present",="7/22/2025",
="800001668",="Present",="7/22/2025",
="800001688",="Present",="7/22/2025",
="800001696",="Present",="7/22/2025",
="800001697",="Present",="7/22/2025",
="800001701",="Present",="7/22/2025",
="770000409",="Present",="7/22/2025",
="770007073",="Present",="7/22/2025",
="770017870",="Present",="7/22/2025",
="800000649",="Present",="7/22/2025",
="800001147",="Present",="7/22/2025",
="800001276",="Present",="7/22/2025",
="800001497",="Present",="7/22/2025",
="800000348",="Present",="7/22/2025",
="800001553",="Present",="7/22/2025",
="800001563",="Present",="7/22/2025",
="800001581",="Present",="7/22/2025",
="800001589",="Present",="7/22/2025",
="800001650",="Present",="7/22/2025",
="800001665",="Present",="7/22/2025",
="800001712",="Present",="7/22/2025",
="800001726",="Present",="7/22/2025",
="800001729",="Present",="7/22/2025",
="800001735",="Present",="7/22/2025",
="800001739",="Present",="7/22/2025",
="800001740",="Present",="7/22/2025",
="800001757",="Present",="7/22/2025",
="800001769",="Present",="7/22/2025",
="800001793",="Present",="7/22/2025",
="800001803",="Present",="7/22/2025",
="800001813",="Present",="7/22/2025",
="800001434",="Present",="7/22/2025",
="800001667",="Present",="7/22/2025",
="800001691",="Present",="7/22/2025",
="800001710",="Present",="7/22/2025",
="800001765",="Present",="7/22/2025",
="800001802",="Present",="7/22/2025",
="800001810",="Present",="7/22/2025",
="800001576",="Present",="7/22/2025",
="800001602",="Absent",="7/22/2025",
="800001711",="Present",="7/22/2025",
="800001723",="Present",="7/22/2025",
="800001728",="Present",="7/22/2025",
="800001815",="Present",="7/22/2025",
="800001419",="Present",="7/23/2025",
="800001434",="Present",="7/23/2025",
="800001553",="Tardy/Late",="7/23/2025",
="800001576",="Present",="7/23/2025",
="800001602",="Absent",="7/23/2025",
="800001650",="Tardy/Late",="7/23/2025",
="800001711",="Tardy/Late",="7/23/2025",
="800001723",="Absent",="7/23/2025",
="800001735",="Present",="7/23/2025",
="800001740",="Present",="7/23/2025",
="800001757",="Tardy/Late",="7/23/2025",
="800001769",="Tardy/Late",="7/23/2025",
="800001803",="Present",="7/23/2025",
="800001815",="Present",="7/23/2025",
="800001580",="Absent",="7/22/2025",
="800001590",="Present",="7/22/2025",
="800001618",="Present",="7/22/2025",
="800001633",="Present",="7/22/2025",
="800001634",="Absent",="7/22/2025",
="800001655",="Present",="7/22/2025",
="800001656",="Present",="7/22/2025",
="800001689",="Present",="7/22/2025",
="800001708",="Present",="7/22/2025",
="800001714",="Present",="7/22/2025",
="800001719",="Present",="7/22/2025",
="800001724",="Present",="7/22/2025",
="800001733",="Present",="7/22/2025",
="800001736",="Present",="7/22/2025",
="800001752",="Present",="7/22/2025",
="800001761",="Present",="7/22/2025",
="800001778",="Present",="7/22/2025",
="800001787",="Present",="7/22/2025",
="800001798",="Present",="7/22/2025",
="800001801",="Present",="7/22/2025",
="800001114",="Present",="7/22/2025",
="800001308",="Absent",="7/22/2025",
="800001443",="Present",="7/22/2025",
="800001517",="Present",="7/22/2025",
="800001572",="Present",="7/22/2025",
="800001614",="Present",="7/22/2025",
="800001643",="Present",="7/22/2025",
="800001646",="Present",="7/22/2025",
="800001652",="Present",="7/22/2025",
="800001699",="Present",="7/22/2025",
="800001751",="Present",="7/22/2025",
="800001771",="Present",="7/22/2025",
="800001775",="Present",="7/22/2025",
="800001776",="Present",="7/22/2025",
="800001784",="Present",="7/22/2025",
="800001789",="Present",="7/22/2025",
="800001812",="Present",="7/22/2025",
="800001592",="Present",="7/22/2025",
="800001196",="Absent",="7/23/2025",
="800001563",="Tardy/Late",="7/23/2025",
="800001572",="Present",="7/23/2025",
="800001728",="Absent",="7/23/2025",
="800001736",="Present",="7/23/2025",
="800001739",="Present",="7/23/2025",
="800001783",="Absent",="7/23/2025",
="800001812",="Present",="7/23/2025",
="800001114",="Present",="7/17/2025",
="800001580",="Present",="7/17/2025",
="800001618",="Present",="7/17/2025",
="800001646",="Present",="7/17/2025",
="800001736",="Present",="7/17/2025",
="800001784",="Absent",="7/17/2025",
="800001787",="Absent",="7/17/2025",
="800001789",="Present",="7/17/2025",
="800001798",="Present",="7/17/2025",
="800001801",="Absent",="7/17/2025",
="800001812",="Present",="7/17/2025",
="800001517",="Present",="7/23/2025",
="800001587",="Present",="7/23/2025",
="800001590",="Present",="7/23/2025",
="800001633",="Present",="7/23/2025",
="800001643",="Present",="7/23/2025",
="800001705",="Present",="7/23/2025",
="800001708",="Present",="7/23/2025",
="800001711",="Present",="7/23/2025",
="800001714",="Present",="7/23/2025",
="800001719",="Present",="7/23/2025",
="800001723",="Present",="7/23/2025",
="800001724",="Present",="7/23/2025",
="800001733",="Present",="7/23/2025",
="800001737",="No class",="7/23/2025",
="800001751",="Present",="7/23/2025",
="800001771",="Present",="7/23/2025",
="800001775",="Present",="7/23/2025",
="800001776",="Present",="7/23/2025",
="800001778",="Present",="7/23/2025",
="770000745",="Present",="7/23/2025",
="800000708",="Present",="7/23/2025",
="800000952",="Present",="7/23/2025",
="800001001",="Present",="7/23/2025",
="800001265",="Present",="7/23/2025",
="800001322",="Present",="7/23/2025",
="800001378",="Present",="7/23/2025",
="800001403",="Present",="7/23/2025",
="800001436",="Present",="7/23/2025",
="800001459",="Present",="7/23/2025",
="800001473",="Present",="7/23/2025",
="800001498",="Present",="7/23/2025",
="800001508",="Present",="7/23/2025",
="800001525",="Absent",="7/23/2025",
="800001528",="Present",="7/23/2025",
="800001532",="Absent",="7/23/2025",
="800001533",="Absent",="7/23/2025",
="800001534",="Present",="7/23/2025",
="800001557",="Present",="7/23/2025",
="800001586",="Present",="7/23/2025",
="800001593",="Present",="7/23/2025",
="800001598",="Present",="7/23/2025",
="800001614",="Present",="7/23/2025",
="800001623",="Present",="7/23/2025",
="800001625",="Present",="7/23/2025",
="800001644",="Present",="7/23/2025",
="800001655",="Present",="7/23/2025",
="800001657",="Present",="7/23/2025",
="800001666",="Present",="7/23/2025",
="800001667",="Present",="7/23/2025",
="800001591",="Present",="7/23/2025",
="800000934",="Present",="7/23/2025",
="800000941",="Absent",="7/23/2025",
="800001292",="Present",="7/23/2025",
="800001410",="Present",="7/23/2025",
="800000428",="Present",="7/6/2025",
="800000461",="Present",="7/6/2025",
="800000625",="Present",="7/6/2025",
="800000428",="Present",="7/13/2025",
="800000461",="Present",="7/13/2025",
="800000625",="Present",="7/13/2025",
="800000428",="Present",="7/20/2025",
="800000461",="Present",="7/20/2025",
="800000625",="Present",="7/20/2025",
="800000428",="Present",="6/29/2025",
="800000461",="Present",="6/29/2025",
="800000625",="Present",="6/29/2025",
="800001562",="Present",="7/24/2025",
="800001607",="Present",="7/24/2025",
="800001673",="Absent",="7/24/2025",
="800001308",="Present",="7/23/2025",
="800001580",="Present",="7/23/2025",
="800001618",="Present",="7/23/2025",
="800001646",="Absent",="7/23/2025",
="800001656",="Present",="7/23/2025",
="800001689",="Present",="7/23/2025",
="800001699",="Present",="7/23/2025",
="800001787",="Present",="7/23/2025",
="800001789",="Present",="7/23/2025",
="800001798",="Present",="7/23/2025",
="800001563",="Present",="7/24/2025",
="800001656",="Present",="7/24/2025",
="800001711",="Present",="7/24/2025",
="800001735",="Present",="7/24/2025",
="800001739",="Present",="7/24/2025",
="800001757",="Present",="7/24/2025",
="800001765",="Present",="7/24/2025",
="800001769",="Present",="7/24/2025",
="800001802",="Present",="7/24/2025",
="800001803",="Present",="7/24/2025",
="800001815",="Present",="7/24/2025",
="800001114",="Present",="7/24/2025",
="800001580",="Present",="7/24/2025",
="800001618",="Present",="7/24/2025",
="800001646",="Present",="7/24/2025",
="800001696",="Present",="7/24/2025",
="800001697",="Present",="7/24/2025",
="800001736",="Present",="7/24/2025",
="800001784",="Present",="7/24/2025",
="800001787",="Present",="7/24/2025",
="800001789",="Present",="7/24/2025",
="800001798",="Present",="7/24/2025",
="800001801",="Absent",="7/24/2025",
="800001812",="Present",="7/24/2025",
="770062096",="Present",="7/24/2025",
="770062456",="Present",="7/24/2025",
="800001204",="Present",="7/24/2025",
="800001257",="Present",="7/24/2025",
="800001300",="Present",="7/24/2025",
="800001468",="Present",="7/24/2025",
="800001484",="Absent",="7/24/2025",
="800001502",="Present",="7/24/2025",
="800001506",="Present",="7/24/2025",
="800001587",="Present",="7/24/2025",
="800001605",="Absent",="7/24/2025",
="800001634",="Present",="7/24/2025",
="800001642",="Present",="7/24/2025",
="800001665",="Present",="7/24/2025",
="800001668",="Present",="7/24/2025",
="800001681",="Present",="7/24/2025",
="800001688",="Present",="7/24/2025",
="800001691",="Present",="7/24/2025",
="800001695",="Present",="7/24/2025",
="800001696",="Absent",="7/24/2025",
="800001697",="Absent",="7/24/2025",
="800001701",="Present",="7/24/2025",
="770000745",="Present",="7/24/2025",
="800001001",="Present",="7/24/2025",
="800001443",="Present",="7/24/2025",
="800001459",="Present",="7/24/2025",
="800001473",="Absent",="7/24/2025",
="800001505",="Present",="7/24/2025",
="800001508",="Present",="7/24/2025",
="800001511",="Present",="7/24/2025",
="800001557",="Present",="7/24/2025",
="800001586",="Present",="7/24/2025",
="800001593",="Present",="7/24/2025",
="800001598",="Present",="7/24/2025",
="800001614",="Present",="7/24/2025",
="800001623",="Present",="7/24/2025",
="800001625",="Present",="7/24/2025",
="800001644",="Present",="7/24/2025",
="800001657",="Present",="7/24/2025",
="800001689",="Present",="7/24/2025",
="800001525",="Present",="7/24/2025",
="800001619",="Present",="7/24/2025",
="800001708",="Present",="7/24/2025",
="800001714",="Present",="7/24/2025",
="800001719",="Present",="7/24/2025",
="800001724",="Present",="7/24/2025",
="800001745",="Present",="7/24/2025",
="800001751",="Present",="7/24/2025",
="800001752",="Present",="7/24/2025",
="800001760",="Present",="7/24/2025",
="800001761",="Present",="7/24/2025",
="800001771",="Present",="7/24/2025",
="800001775",="Present",="7/24/2025",
="800001776",="Present",="7/24/2025",
="800001778",="Present",="7/24/2025",
="800001801",="Present",="7/24/2025",
="800000289",="Present",="7/23/2025",
="800000762",="Present",="7/23/2025",
="800000774",="Present",="7/23/2025",
="770000409",="Present",="7/24/2025",
="800000941",="Present",="7/24/2025",
="800000957",="No class",="7/24/2025",
="800001104",="Absent",="7/24/2025",
="800001198",="Absent",="7/24/2025",
="800001292",="Present",="7/24/2025",
="800001318",="Absent",="7/24/2025",
="800001410",="Present",="7/24/2025",
="800001626",="Present",="7/24/2025",
="800001673",="Present",="7/24/2025",
="800000289",="Present",="7/25/2025",
="800000762",="Present",="7/25/2025",
="800000774",="Present",="7/25/2025",
="770000745",="Present",="7/22/2025",
="770062096",="Present",="7/22/2025",
="770062456",="Present",="7/22/2025",
="800001001",="Present",="7/22/2025",
="800001417",="Present",="7/22/2025",
="800001436",="Present",="7/22/2025",
="800001459",="Present",="7/22/2025",
="800001508",="Present",="7/22/2025",
="800001528",="Present",="7/22/2025",
="800001557",="Present",="7/22/2025",
="800001586",="Present",="7/22/2025",
="800001587",="Present",="7/22/2025",
="800001593",="Present",="7/22/2025",
="800001598",="Present",="7/22/2025",
="800001623",="Present",="7/22/2025",
="800001625",="Present",="7/22/2025",
="800001644",="Present",="7/22/2025",
="800001657",="Present",="7/22/2025",
="800000785",="Present",="7/22/2025",
="800001621",="Absent",="7/22/2025",
="800001622",="Absent",="7/22/2025",
="800001666",="Absent",="7/22/2025",
="800001681",="Present",="7/22/2025",
="800001695",="Present",="7/22/2025",
="770007073",="Present",="7/24/2025",
="800000649",="Present",="7/24/2025",
="800000879",="Present",="7/24/2025",
="800000893",="Present",="7/24/2025",
="800000934",="Present",="7/24/2025",
="800001147",="Absent",="7/24/2025",
="800001276",="Present",="7/24/2025",
="800001497",="Absent",="7/24/2025",
="800001679",="Absent",="7/24/2025",
="800000228",="Present",="7/25/2025",
="800000230",="Absent",="7/25/2025",
="800000708",="Present",="7/25/2025",
="800000754",="Present",="7/25/2025",
="800000952",="Present",="7/25/2025",
="800001030",="Present",="7/25/2025",
="800001204",="Present",="7/25/2025",
="800001298",="Present",="7/25/2025",
="800001300",="Present",="7/25/2025",
="800001315",="Present",="7/25/2025",
="800001322",="Absent",="7/25/2025",
="800001351",="Present",="7/25/2025",
="800001360",="Present",="7/25/2025",
="800001394",="Present",="7/25/2025",
="800001414",="Present",="7/25/2025",
="800001417",="Absent",="7/25/2025",
="800001419",="Present",="7/25/2025",
="800001420",="Absent",="7/25/2025",
="800001425",="Present",="7/25/2025",
="800001445",="Present",="7/25/2025",
="800001471",="Present",="7/25/2025",
="800001485",="Present",="7/25/2025",
="800001505",="Present",="7/25/2025",
="800001511",="Present",="7/25/2025",
="800001529",="Present",="7/25/2025",
="800001532",="Absent",="7/25/2025",
="800001548",="Present",="7/25/2025",
="800000785",="Absent",="7/23/2025",
="800001030",="Present",="7/23/2025",
="800001257",="Present",="7/23/2025",
="800001417",="Absent",="7/23/2025",
="800001420",="Absent",="7/23/2025",
="800001468",="Present",="7/23/2025",
="800001502",="Present",="7/23/2025",
="800001525",="Present",="7/23/2025",
="800001533",="Present",="7/23/2025",
="800001642",="Present",="7/23/2025",
="800001688",="Present",="7/23/2025",
="800001696",="Present",="7/23/2025",
="800001697",="Present",="7/23/2025",
="800001701",="Present",="7/23/2025",
="770000107",="Present",="7/14/2025",
="800000894",="Present",="7/14/2025",
="800001234",="Present",="7/14/2025",
="800001320",="Present",="7/14/2025",
="800001342",="Present",="7/14/2025",
="800001359",="Present",="7/14/2025",
="770000107",="Present",="7/21/2025",
="800000894",="Present",="7/21/2025",
="800001234",="Present",="7/21/2025",
="800001320",="Present",="7/21/2025",
="800001342",="Present",="7/21/2025",
="800001359",="Present",="7/21/2025",
="800001415",="Present",="7/25/2025",
="800001689",="Present",="7/25/2025",
="800001708",="Present",="7/25/2025",
="800001714",="Present",="7/25/2025",
="800001719",="Present",="7/25/2025",
="800001724",="Present",="7/25/2025",
="800001733",="Present",="7/25/2025",
="800001745",="Present",="7/25/2025",
="800001751",="Present",="7/25/2025",
="800001760",="Present",="7/25/2025",
="800001761",="Present",="7/25/2025",
="800001771",="Present",="7/25/2025",
="800001776",="Present",="7/25/2025",
="800001784",="Present",="7/25/2025",
="800001787",="Present",="7/25/2025",
="800000941",="Present",="7/26/2025",
="800001198",="Present",="7/26/2025",
="800001268",="Present",="7/26/2025",
="800001292",="Present",="7/26/2025",
="800001368",="Present",="7/26/2025",
="800001410",="Present",="7/26/2025",
="800001443",="Present",="7/26/2025",
="800001489",="Present",="7/26/2025",
="800001517",="Present",="7/26/2025",
="800001589",="Present",="7/26/2025",
="800001607",="Present",="7/26/2025",
="800001642",="Present",="7/26/2025",
="800001673",="Present",="7/26/2025",
="800001705",="Present",="7/26/2025",
="770007073",="Present",="7/26/2025",
="770017870",="Present",="7/26/2025",
="800000894",="Present",="7/26/2025",
="800000927",="Present",="7/26/2025",
="800001320",="Present",="7/26/2025",
="800001342",="Present",="7/26/2025",
="800001359",="Present",="7/26/2025",
="800001591",="Present",="7/26/2025",
="770007073",="Present",="7/20/2025",
="770017870",="Present",="7/20/2025",
="800000649",="Present",="7/20/2025",
="800001094",="Present",="7/20/2025",
="800001104",="Present",="7/20/2025",
="800001142",="Present",="7/20/2025",
="800001318",="Present",="7/20/2025",
="800001443",="Present",="7/20/2025",
="800001466",="Present",="7/20/2025",
="800001489",="Absent",="7/20/2025",
="800001497",="Present",="7/20/2025",
="800001517",="Present",="7/20/2025",
="800001591",="Present",="7/20/2025",
="800000348",="Present",="7/28/2025",
="800001434",="Present",="7/28/2025",
="800001553",="Present",="7/28/2025",
="800001563",="Present",="7/28/2025",
="800001581",="Present",="7/28/2025",
="800001589",="Present",="7/28/2025",
="800001650",="Present",="7/28/2025",
="800001665",="Present",="7/28/2025",
="800001667",="Present",="7/28/2025",
="800001691",="Present",="7/28/2025",
="800001710",="Present",="7/28/2025",
="800001712",="Present",="7/28/2025",
="800001726",="Present",="7/28/2025",
="800001729",="Present",="7/28/2025",
="800001735",="Present",="7/28/2025",
="800001739",="Present",="7/28/2025",
="800001740",="Present",="7/28/2025",
="800001757",="Present",="7/28/2025",
="800001765",="Present",="7/28/2025",
="800001769",="Present",="7/28/2025",
="800001793",="Present",="7/28/2025",
="800001802",="Present",="7/28/2025",
="800001803",="Present",="7/28/2025",
="800001810",="Present",="7/28/2025",
="800001813",="Present",="7/28/2025",
="770062456",="Present",="7/26/2025",
="800001114",="Present",="7/26/2025",
="800001265",="Present",="7/26/2025",
="800001308",="Present",="7/26/2025",
="800001415",="Present",="7/26/2025",
="800001459",="Present",="7/26/2025",
="800001489",="Absent",="7/26/2025",
="800001586",="Present",="7/26/2025",
="800001605",="Present",="7/26/2025",
="800001614",="Absent",="7/26/2025",
="800001633",="Present",="7/26/2025",
="800001655",="Present",="7/26/2025",
="800001657",="Present",="7/26/2025",
="800001665",="Present",="7/26/2025",
="800001666",="Present",="7/26/2025",
="800001668",="Present",="7/26/2025",
="800001681",="Present",="7/26/2025",
="800001696",="Present",="7/26/2025",
="800001697",="Present",="7/26/2025",
="800001712",="Present",="7/26/2025",
="800001778",="Present",="7/26/2025",
="800001484",="Present",="7/26/2025",
="800001580",="Present",="7/26/2025",
="800001590",="Present",="7/26/2025",
="800001618",="Present",="7/26/2025",
="800001621",="Present",="7/26/2025",
="800001622",="Absent",="7/26/2025",
="800001623",="Present",="7/26/2025",
="800001625",="Present",="7/26/2025",
="800001634",="Present",="7/26/2025",
="800001646",="Present",="7/26/2025",
="800001652",="Present",="7/26/2025",
="800001667",="Present",="7/26/2025",
="800001691",="Present",="7/26/2025",
="800001695",="Present",="7/26/2025",
="800001699",="Present",="7/26/2025",
="800001710",="Present",="7/26/2025",
="800001775",="Present",="7/26/2025",
="800001789",="Present",="7/26/2025",
="800001798",="Present",="7/26/2025",
="800001810",="Present",="7/26/2025",
="800001813",="Present",="7/26/2025",
="800000762",="Present",="7/21/2025",
="800000289",="Present",="7/28/2025",
="800000722",="Present",="7/28/2025",
="800000762",="Present",="7/28/2025",
="800000774",="Present",="7/28/2025",
="800001513",="Present",="7/28/2025",
="800000762",="Present",="5/19/2025",
="800000228",="Present",="7/27/2025",
="800001204",="Present",="7/27/2025",
="800001378",="Present",="7/27/2025",
="800001445",="Present",="7/27/2025",
="800001618",="Present",="7/27/2025",
="800001623",="Present",="7/27/2025",
="800001625",="Present",="7/27/2025",
="800001665",="Present",="7/27/2025",
="800001691",="Present",="7/27/2025",
="800001728",="Present",="7/27/2025",
="800001736",="Present",="7/27/2025",
="800001812",="Present",="7/27/2025",
="800000952",="Present",="7/27/2025",
="800001001",="Present",="7/27/2025",
="800001529",="Present",="7/27/2025",
="800001587",="Present",="7/27/2025",
="800001602",="Present",="7/27/2025",
="800001607",="Present",="7/27/2025",
="800001626",="Present",="7/27/2025",
="800001643",="Present",="7/27/2025",
="800001679",="Present",="7/27/2025",
="800001714",="Present",="7/27/2025",
="800001719",="Present",="7/27/2025",
="800001724",="Present",="7/27/2025",
="800001733",="Present",="7/27/2025",
="800001751",="Present",="7/27/2025",
="800001760",="Present",="7/27/2025",
="800001761",="Present",="7/27/2025",
="800001784",="Present",="7/27/2025",
="800001787",="Present",="7/27/2025",
="800001789",="Present",="7/27/2025",
="770000203",="Present",="7/29/2025",
="800001029",="Present",="7/29/2025",
="800001257",="Present",="7/29/2025",
="800001265",="Present",="7/29/2025",
="800001403",="Present",="7/29/2025",
="800001466",="Present",="7/29/2025",
="800001468",="Present",="7/29/2025",
="800001484",="Present",="7/29/2025",
="800001498",="Present",="7/29/2025",
="800001502",="Present",="7/29/2025",
="800001506",="Present",="7/29/2025",
="800001558",="Present",="7/29/2025",
="800001592",="Present",="7/29/2025",
="800001605",="Present",="7/29/2025",
="800001607",="Absent",="7/29/2025",
="800001621",="Present",="7/29/2025",
="800001622",="Absent",="7/29/2025",
="800001642",="Present",="7/29/2025",
="800001666",="Present",="7/29/2025",
="800001668",="Present",="7/29/2025",
="800001688",="Present",="7/29/2025",
="800001696",="Present",="7/29/2025",
="800001697",="Present",="7/29/2025",
="800001701",="Present",="7/29/2025",
="800001525",="Present",="7/29/2025",
="800001114",="Present",="7/28/2025",
="800001308",="Present",="7/28/2025",
="800001443",="Present",="7/28/2025",
="800001517",="Present",="7/28/2025",
="800001572",="Present",="7/28/2025",
="800001580",="Present",="7/28/2025",
="800001590",="Present",="7/28/2025",
="800001614",="Present",="7/28/2025",
="800001618",="Present",="7/28/2025",
="800001633",="Present",="7/28/2025",
="800001634",="Present",="7/28/2025",
="800001643",="Present",="7/28/2025",
="800001646",="Present",="7/28/2025",
="800001652",="Present",="7/28/2025",
="800001655",="Present",="7/28/2025",
="800001656",="Absent",="7/28/2025",
="800001689",="Present",="7/28/2025",
="800001699",="Present",="7/28/2025",
="800001708",="Present",="7/28/2025",
="800001711",="Present",="7/28/2025",
="800001714",="Present",="7/28/2025",
="800001719",="Present",="7/28/2025",
="800001724",="Present",="7/28/2025",
="800001728",="Present",="7/28/2025",
="800001733",="Present",="7/28/2025",
="800001736",="Present",="7/28/2025",
="800001737",="Absent",="7/28/2025",
="800001751",="Present",="7/28/2025",
="800001752",="Absent",="7/28/2025",
="800001761",="Present",="7/28/2025",
="800001771",="Present",="7/28/2025",
="800001775",="Present",="7/28/2025",
="800001776",="Present",="7/28/2025",
="800001778",="Present",="7/28/2025",
="800001784",="Present",="7/28/2025",
="800001787",="Present",="7/28/2025",
="800001789",="Present",="7/28/2025",
="800001798",="Present",="7/28/2025",
="800001801",="Present",="7/28/2025",
="800001812",="Present",="7/28/2025",
="800000348",="Present",="7/29/2025",
="800001434",="Present",="7/29/2025",
="800001553",="Present",="7/29/2025",
="800001563",="Present",="7/29/2025",
="800001576",="Absent",="7/29/2025",
="800001581",="Present",="7/29/2025",
="800001650",="Present",="7/29/2025",
="800001710",="Present",="7/29/2025",
="800001711",="Present",="7/29/2025",
="800001723",="Present",="7/29/2025",
="800001726",="Present",="7/29/2025",
="800001728",="Absent",="7/29/2025",
="800001729",="Present",="7/29/2025",
="800001735",="Present",="7/29/2025",
="800001739",="Present",="7/29/2025",
="800001740",="Present",="7/29/2025",
="800001757",="Present",="7/29/2025",
="800001765",="Present",="7/29/2025",
="800001769",="Present",="7/29/2025",
="800001793",="Present",="7/29/2025",
="800001802",="Present",="7/29/2025",
="800001803",="Present",="7/29/2025",
="800001815",="Present",="7/29/2025",
="800001580",="Present",="7/29/2025",
="800001590",="Present",="7/29/2025",
="800001618",="Absent",="7/29/2025",
="800001633",="Present",="7/29/2025",
="800001634",="Present",="7/29/2025",
="800001655",="Present",="7/29/2025",
="800001656",="Absent",="7/29/2025",
="800001689",="Present",="7/29/2025",
="800001708",="Present",="7/29/2025",
="800001714",="Present",="7/29/2025",
="800001719",="Present",="7/29/2025",
="800001724",="Present",="7/29/2025",
="800001733",="Present",="7/29/2025",
="800001736",="Present",="7/29/2025",
="800001737",="Absent",="7/29/2025",
="800001752",="Absent",="7/29/2025",
="800001761",="Present",="7/29/2025",
="800001778",="Present",="7/29/2025",
="800001787",="Present",="7/29/2025",
="800001798",="Present",="7/29/2025",
="800001801",="Present",="7/29/2025",
="800001114",="Present",="7/29/2025",
="800001308",="Present",="7/29/2025",
="800001443",="Present",="7/29/2025",
="800001517",="Present",="7/29/2025",
="800001572",="Present",="7/29/2025",
="800001614",="Present",="7/29/2025",
="800001643",="Present",="7/29/2025",
="800001646",="Present",="7/29/2025",
="800001652",="Absent",="7/29/2025",
="800001699",="Present",="7/29/2025",
="800001728",="Present",="7/29/2025",
="800001751",="Present",="7/29/2025",
="800001771",="Present",="7/29/2025",
="800001775",="Present",="7/29/2025",
="800001776",="Present",="7/29/2025",
="800001784",="Present",="7/29/2025",
="800001789",="Present",="7/29/2025",
="800001812",="Present",="7/29/2025",
="770000409",="Present",="7/29/2025",
="770007073",="Present",="7/29/2025",
="770017870",="Present",="7/29/2025",
="800000649",="Present",="7/29/2025",
="800001147",="Present",="7/29/2025",
="800001276",="Present",="7/29/2025",
="800001497",="Present",="7/29/2025",
="800001419",="Present",="7/30/2025",
="800001434",="Present",="7/30/2025",
="800001553",="Present",="7/30/2025",
="800001576",="Absent",="7/30/2025",
="800001650",="Present",="7/30/2025",
="800001711",="Present",="7/30/2025",
="800001723",="Present",="7/30/2025",
="800001735",="Present",="7/30/2025",
="800001740",="Present",="7/30/2025",
="800001757",="Present",="7/30/2025",
="800001769",="Present",="7/30/2025",
="800001803",="Present",="7/30/2025",
="800001815",="Present",="7/30/2025",
="800000289",="Present",="7/30/2025",
="800000762",="No class",="7/30/2025",
="800000774",="Present",="7/30/2025",
="770000107",="Present",="6/26/2025",
="800000722",="Present",="6/26/2025",
="800000878",="Present",="6/26/2025",
="800000894",="Present",="6/26/2025",
="800001196",="Present",="6/26/2025",
="800001320",="Present",="6/26/2025",
="800001342",="Present",="6/26/2025",
="800001359",="Present",="6/26/2025",
="770000107",="Present",="6/19/2025",
="800000722",="Present",="6/19/2025",
="800000878",="Present",="6/19/2025",
="800000894",="Present",="6/19/2025",
="800001196",="Present",="6/19/2025",
="800001320",="Present",="6/19/2025",
="800001342",="Present",="6/19/2025",
="800001359",="Present",="6/19/2025",
="800001196",="Present",="7/30/2025",
="800001563",="Present",="7/30/2025",
="800001572",="Present",="7/30/2025",
="800001728",="Absent",="7/30/2025",
="800001736",="Present",="7/30/2025",
="800001739",="Present",="7/30/2025",
="800001783",="Absent",="7/30/2025",
="800001812",="Present",="7/30/2025",
="800001591",="Present",="7/30/2025",
="800000934",="Present",="7/30/2025",
="800000941",="Present",="7/30/2025",
="800001292",="Present",="7/30/2025",
="800001410",="Present",="7/30/2025",
="800001485",="Present",="7/30/2025",
="800000230",="Present",="7/30/2025",
="800000754",="Present",="7/30/2025",
="800000942",="Present",="7/30/2025",
="800001094",="Present",="7/30/2025",
="800001181",="Present",="7/30/2025",
="800001198",="Present",="7/30/2025",
="800001259",="Present",="7/30/2025",
="800001298",="Present",="7/30/2025",
="800001324",="Present",="7/30/2025",
="800001351",="Present",="7/30/2025",
="800001360",="Present",="7/30/2025",
="800001363",="Present",="7/30/2025",
="800001368",="Present",="7/30/2025",
="800001425",="Present",="7/30/2025",
="800001529",="Present",="7/30/2025",
="800001548",="Present",="7/30/2025",
="770000107",="Present",="7/30/2025",
="800000878",="Present",="7/30/2025",
="800000894",="Present",="7/30/2025",
="800001234",="Present",="7/30/2025",
="800001320",="Present",="7/30/2025",
="800001342",="Present",="7/30/2025",
="800001359",="Present",="7/30/2025",
="800001589",="Present",="7/29/2025",
="800001665",="Present",="7/29/2025",
="800001712",="Present",="7/29/2025",
="800001813",="Present",="7/29/2025",
="800001667",="Present",="7/29/2025",
="800001691",="Present",="7/29/2025",
="800001810",="Present",="7/29/2025",
="800001308",="Present",="7/30/2025",
="800001580",="Present",="7/30/2025",
="800001618",="Present",="7/30/2025",
="800001646",="Present",="7/30/2025",
="800001656",="Present",="7/30/2025",
="800001689",="Present",="7/30/2025",
="800001699",="Present",="7/30/2025",
="800001787",="Present",="7/30/2025",
="800001789",="Present",="7/30/2025",
="800001798",="Present",="7/30/2025",
="800001563",="Present",="7/31/2025",
="800001656",="Present",="7/31/2025",
="800001711",="Present",="7/31/2025",
="800001735",="Present",="7/31/2025",
="800001739",="Present",="7/31/2025",
="800001757",="Present",="7/31/2025",
="800001765",="Present",="7/31/2025",
="800001769",="Present",="7/31/2025",
="800001802",="Present",="7/31/2025",
="800001803",="Present",="7/31/2025",
="800001815",="Present",="7/31/2025",
="770000745",="Present",="7/30/2025",
="800000708",="Present",="7/30/2025",
="800000952",="Present",="7/30/2025",
="800001001",="Present",="7/30/2025",
="800001265",="Present",="7/30/2025",
="800001322",="Present",="7/30/2025",
="800001378",="Present",="7/30/2025",
="800001403",="Present",="7/30/2025",
="800001436",="Present",="7/30/2025",
="800001459",="Present",="7/30/2025",
="800001473",="Present",="7/30/2025",
="800001498",="Present",="7/30/2025",
="800001508",="Present",="7/30/2025",
="800001525",="Present",="7/30/2025",
="800001528",="Present",="7/30/2025",
="800001532",="Present",="7/30/2025",
="800001533",="Present",="7/30/2025",
="800001534",="Present",="7/30/2025",
="800001557",="Present",="7/30/2025",
="800001586",="Present",="7/30/2025",
="800001593",="Present",="7/30/2025",
="800001598",="Present",="7/30/2025",
="800001614",="Present",="7/30/2025",
="800001623",="Present",="7/30/2025",
="800001625",="Present",="7/30/2025",
="800001644",="Present",="7/30/2025",
="800001655",="Present",="7/30/2025",
="800001657",="Present",="7/30/2025",
="800001666",="Present",="7/30/2025",
="800001667",="Present",="7/30/2025",
="770062096",="Present",="7/31/2025",
="770062456",="Present",="7/31/2025",
="800001204",="Present",="7/31/2025",
="800001257",="Present",="7/31/2025",
="800001300",="Present",="7/31/2025",
="800001468",="Present",="7/31/2025",
="800001484",="Present",="7/31/2025",
="800001502",="Present",="7/31/2025",
="800001506",="Present",="7/31/2025",
="800001587",="Present",="7/31/2025",
="800001634",="Present",="7/31/2025",
="800001642",="Present",="7/31/2025",
="800001665",="Present",="7/31/2025",
="800001668",="Present",="7/31/2025",
="800001681",="Present",="7/31/2025",
="800001688",="Present",="7/31/2025",
="800001691",="Present",="7/31/2025",
="800001695",="Present",="7/31/2025",
="800001696",="Present",="7/31/2025",
="800001697",="Present",="7/31/2025",
="800001701",="Present",="7/31/2025",
="770000745",="Present",="7/31/2025",
="800001001",="Present",="7/31/2025",
="800001443",="Present",="7/31/2025",
="800001459",="Present",="7/31/2025",
="800001473",="Absent",="7/31/2025",
="800001505",="Present",="7/31/2025",
="800001508",="Present",="7/31/2025",
="800001511",="Present",="7/31/2025",
="800001557",="Present",="7/31/2025",
="800001586",="Present",="7/31/2025",
="800001593",="Present",="7/31/2025",
="800001598",="Present",="7/31/2025",
="800001614",="Present",="7/31/2025",
="800001623",="Present",="7/31/2025",
="800001625",="Present",="7/31/2025",
="800001644",="Present",="7/31/2025",
="800001657",="Present",="7/31/2025",
="800001689",="Present",="7/31/2025",
="800001525",="Absent",="7/31/2025",
="800001619",="Absent",="7/31/2025",
="800001580",="Absent",="7/8/2025",
="800001590",="Present",="7/8/2025",
="800001618",="Absent",="7/8/2025",
="800001633",="Present",="7/8/2025",
="800001634",="Present",="7/8/2025",
="800001655",="Present",="7/8/2025",
="800001656",="Present",="7/8/2025",
="800001689",="Present",="7/8/2025",
="800001708",="Absent",="7/8/2025",
="800001714",="Present",="7/8/2025",
="800001719",="Present",="7/8/2025",
="800001724",="Present",="7/8/2025",
="800001733",="Present",="7/8/2025",
="800001736",="Absent",="7/8/2025",
="800001752",="Present",="7/8/2025",
="800001761",="Present",="7/8/2025",
="800001778",="Present",="7/8/2025",
="800001787",="Present",="7/8/2025",
="800001798",="Present",="7/8/2025",
="800001801",="Present",="7/8/2025",
="800001114",="Present",="7/8/2025",
="800001308",="Present",="7/8/2025",
="800001443",="Present",="7/8/2025",
="800001517",="Present",="7/8/2025",
="800001572",="Present",="7/8/2025",
="800001614",="Present",="7/8/2025",
="800001643",="Present",="7/8/2025",
="800001646",="Absent",="7/8/2025",
="800001652",="Present",="7/8/2025",
="800001699",="Absent",="7/8/2025",
="800001751",="Present",="7/8/2025",
="800001771",="Present",="7/8/2025",
="800001775",="Present",="7/8/2025",
="800001776",="Present",="7/8/2025",
="800001784",="Present",="7/8/2025",
="800001789",="Present",="7/8/2025",
="800001812",="Present",="7/8/2025",
="770000323",="Present",="8/1/2025",
="800000934",="Present",="8/1/2025",
="800001142",="Present",="8/1/2025",
="800001196",="Present",="8/1/2025",
="800001318",="Present",="8/1/2025",
="800001443",="Present",="8/1/2025",
="800001497",="Present",="8/1/2025",
="800001415",="Present",="8/1/2025",
="800001689",="Present",="8/1/2025",
="800001708",="Present",="8/1/2025",
="800001714",="Present",="8/1/2025",
="800001719",="Present",="8/1/2025",
="800001724",="Present",="8/1/2025",
="800001733",="Present",="8/1/2025",
="800001737",="Absent",="8/1/2025",
="800001751",="Present",="8/1/2025",
="800001760",="Present",="8/1/2025",
="800001761",="Present",="8/1/2025",
="800001771",="Present",="8/1/2025",
="800001776",="Present",="8/1/2025",
="800001784",="Present",="8/1/2025",
="800001787",="Present",="8/1/2025",
="800000941",="Present",="8/2/2025",
="800001198",="Present",="8/2/2025",
="800001268",="Present",="8/2/2025",
="800001292",="Absent",="8/2/2025",
="800001368",="Present",="8/2/2025",
="800001410",="Present",="8/2/2025",
="800001443",="Present",="8/2/2025",
="800001489",="Absent",="8/2/2025",
="800001517",="Present",="8/2/2025",
="800001589",="Present",="8/2/2025",
="800001607",="Present",="8/2/2025",
="800001642",="Present",="8/2/2025",
="800001673",="Present",="8/2/2025",
="800001705",="Present",="8/2/2025",
="770007073",="Present",="8/2/2025",
="770017870",="Present",="8/2/2025",
="800000894",="Present",="8/2/2025",
="800000927",="Present",="8/2/2025",
="800001320",="Present",="8/2/2025",
="800001342",="Present",="8/2/2025",
="800001359",="Absent",="8/2/2025",
="800001591",="Present",="8/2/2025",
="800001705",="Absent",="8/2/2025",
="770062456",="Present",="8/2/2025",
="800001114",="Present",="8/2/2025",
="800001265",="Present",="8/2/2025",
="800001308",="Present",="8/2/2025",
="800001415",="Present",="8/2/2025",
="800001459",="Present",="8/2/2025",
="800001586",="Present",="8/2/2025",
="800001605",="Present",="8/2/2025",
="800001614",="Absent",="8/2/2025",
="800001633",="Present",="8/2/2025",
="800001655",="Present",="8/2/2025",
="800001657",="Present",="8/2/2025",
="800001665",="Present",="8/2/2025",
="800001666",="Present",="8/2/2025",
="800001668",="Present",="8/2/2025",
="800001681",="Present",="8/2/2025",
="800001696",="Present",="8/2/2025",
="800001697",="Present",="8/2/2025",
="800001712",="Present",="8/2/2025",
="800001778",="Present",="8/2/2025",
="800001484",="Present",="8/2/2025",
="800001580",="Present",="8/2/2025",
="800001590",="Present",="8/2/2025",
="800001618",="Present",="8/2/2025",
="800001621",="Present",="8/2/2025",
="800001622",="Present",="8/2/2025",
="800001623",="Present",="8/2/2025",
="800001625",="Present",="8/2/2025",
="800001634",="Present",="8/2/2025",
="800001646",="Present",="8/2/2025",
="800001652",="Present",="8/2/2025",
="800001667",="Present",="8/2/2025",
="800001691",="Present",="8/2/2025",
="800001695",="Present",="8/2/2025",
="800001699",="Present",="8/2/2025",
="800001710",="Present",="8/2/2025",
="800001775",="Present",="8/2/2025",
="800001789",="Present",="8/2/2025",
="800001798",="Present",="8/2/2025",
="800001810",="Absent",="8/2/2025",
="800001813",="Present",="8/2/2025",
="800001708",="Present",="7/31/2025",
="800001714",="Present",="7/31/2025",
="800001719",="Present",="7/31/2025",
="800001724",="Present",="7/31/2025",
="800001737",="Absent",="7/31/2025",
="800001751",="Present",="7/31/2025",
="800001752",="Present",="7/31/2025",
="800001760",="Present",="7/31/2025",
="800001761",="Present",="7/31/2025",
="800001771",="Present",="7/31/2025",
="800001775",="Present",="7/31/2025",
="800001776",="Present",="7/31/2025",
="800001778",="Present",="7/31/2025",
="800001801",="Present",="7/31/2025",
="770000745",="Present",="8/4/2025",
="770062456",="Present",="8/4/2025",
="800000228",="Present",="8/4/2025",
="800001001",="Present",="8/4/2025",
="800001265",="Present",="8/4/2025",
="800001330",="Present",="8/4/2025",
="800001360",="Present",="8/4/2025",
="800001363",="Present",="8/4/2025",
="800001403",="Present",="8/4/2025",
="800001415",="Present",="8/4/2025",
="800001445",="Present",="8/4/2025",
="800001459",="Present",="8/4/2025",
="800001473",="Absent",="8/4/2025",
="800001498",="Present",="8/4/2025",
="800001508",="Present",="8/4/2025",
="800001511",="Present",="8/4/2025",
="800001528",="Present",="8/4/2025",
="800001530",="Present",="8/4/2025",
="800001532",="Present",="8/4/2025",
="800001534",="Absent",="8/4/2025",
="800001548",="Present",="8/4/2025",
="800001557",="Present",="8/4/2025",
="800001586",="Absent",="8/4/2025",
="800001593",="Present",="8/4/2025",
="800001598",="Present",="8/4/2025",
="800001644",="Present",="8/4/2025",
="800001657",="Present",="8/4/2025",
="800001668",="Present",="8/4/2025",
="800001681",="Present",="8/4/2025",
="800001695",="Present",="8/4/2025",
="800000952",="Present",="8/3/2025",
="800001001",="Present",="8/3/2025",
="800001529",="Present",="8/3/2025",
="800001587",="Present",="8/3/2025",
="800001602",="Present",="8/3/2025",
="800001607",="Present",="8/3/2025",
="800001626",="Present",="8/3/2025",
="800001643",="Present",="8/3/2025",
="800001679",="Present",="8/3/2025",
="800001714",="Present",="8/3/2025",
="800001719",="Present",="8/3/2025",
="800001724",="Present",="8/3/2025",
="800001733",="Present",="8/3/2025",
="800001751",="Present",="8/3/2025",
="800001760",="Present",="8/3/2025",
="800001761",="Present",="8/3/2025",
="800001784",="Present",="8/3/2025",
="800001787",="Present",="8/3/2025",
="800001789",="Present",="8/3/2025",
="800000228",="Present",="8/3/2025",
="800001204",="Present",="8/3/2025",
="800001378",="Present",="8/3/2025",
="800001445",="Present",="8/3/2025",
="800001618",="Present",="8/3/2025",
="800001623",="Present",="8/3/2025",
="800001625",="Present",="8/3/2025",
="800001665",="Present",="8/3/2025",
="800001691",="Present",="8/3/2025",
="800001728",="Present",="8/3/2025",
="800001736",="Present",="8/3/2025",
="800001812",="Present",="8/3/2025",
="800000348",="Present",="8/4/2025",
="800001434",="Present",="8/4/2025",
="800001553",="Present",="8/4/2025",
="800001563",="Present",="8/4/2025",
="800001581",="Present",="8/4/2025",
="800001589",="Present",="8/4/2025",
="800001650",="Present",="8/4/2025",
="800001665",="Present",="8/4/2025",
="800001667",="Present",="8/4/2025",
="800001691",="Present",="8/4/2025",
="800001710",="Present",="8/4/2025",
="800001712",="Present",="8/4/2025",
="800001726",="Absent",="8/4/2025",
="800001729",="Present",="8/4/2025",
="800001735",="Present",="8/4/2025",
="800001739",="Present",="8/4/2025",
="800001740",="Present",="8/4/2025",
="800001757",="Present",="8/4/2025",
="800001765",="Present",="8/4/2025",
="800001769",="Present",="8/4/2025",
="800001793",="Present",="8/4/2025",
="800001802",="Present",="8/4/2025",
="800001803",="Present",="8/4/2025",
="800001810",="Present",="8/4/2025",
="800001813",="Present",="8/4/2025",
="800001196",="Present",="6/5/2025",
="800001196",="Absent",="6/12/2025",
="770000107",="Present",="7/3/2025",
="800000722",="Present",="7/3/2025",
="800000878",="Present",="7/3/2025",
="800000894",="Present",="7/3/2025",
="800001196",="Present",="7/3/2025",
="800001320",="Present",="7/3/2025",
="800001342",="Present",="7/3/2025",
="800001359",="Present",="7/3/2025",
="800000785",="Absent",="7/29/2025",
="800001525",="Absent",="7/29/2025",
="800001681",="Present",="7/29/2025",
="800001695",="Present",="7/29/2025",
="770000745",="Absent",="7/29/2025",
="770062096",="Present",="7/29/2025",
="770062456",="Present",="7/29/2025",
="800001001",="Present",="7/29/2025",
="800001417",="Present",="7/29/2025",
="800001436",="Present",="7/29/2025",
="800001459",="Present",="7/29/2025",
="800001508",="Present",="7/29/2025",
="800001528",="Present",="7/29/2025",
="800001557",="Present",="7/29/2025",
="800001586",="Present",="7/29/2025",
="800001587",="Present",="7/29/2025",
="800001593",="Present",="7/29/2025",
="800001598",="Present",="7/29/2025",
="800001623",="Present",="7/29/2025",
="800001625",="Present",="7/29/2025",
="800001644",="Present",="7/29/2025",
="800001657",="Present",="7/29/2025",
="800000228",="Present",="7/30/2025",
="800001198",="Absent",="7/30/2025",
="800001204",="Present",="7/30/2025",
="800001300",="Present",="7/30/2025",
="800001315",="Present",="7/30/2025",
="800001330",="Absent excused",="7/30/2025",
="800001394",="Present",="7/30/2025",
="800001415",="Present",="7/30/2025",
="800001425",="Absent",="7/30/2025",
="800001427",="Present",="7/30/2025",
="800001445",="Present",="7/30/2025",
="800001471",="Present",="7/30/2025",
="800001505",="Present",="7/30/2025",
="800001530",="Present",="7/30/2025",
="800001548",="Absent",="7/30/2025",
="800000348",="Present",="8/5/2025",
="800001434",="Present",="8/5/2025",
="800001553",="Present",="8/5/2025",
="800001563",="Present",="8/5/2025",
="800001576",="Absent",="8/5/2025",
="800001581",="Present",="8/5/2025",
="800001650",="Present",="8/5/2025",
="800001710",="Present",="8/5/2025",
="800001711",="Present",="8/5/2025",
="800001723",="Present",="8/5/2025",
="800001726",="Absent",="8/5/2025",
="800001728",="Present",="8/5/2025",
="800001729",="Present",="8/5/2025",
="800001735",="Present",="8/5/2025",
="800001739",="Present",="8/5/2025",
="800001740",="Present",="8/5/2025",
="800001757",="Present",="8/5/2025",
="800001765",="Present",="8/5/2025",
="800001769",="Present",="8/5/2025",
="800001793",="Present",="8/5/2025",
="800001802",="Present",="8/5/2025",
="800001803",="Present",="8/5/2025",
="800001815",="Present",="8/5/2025",
="770000745",="Absent",="7/24/2025",
="800000230",="Present",="7/24/2025",
="800000952",="Present",="7/24/2025",
="800001322",="Present",="7/24/2025",
="800001324",="Present",="7/24/2025",
="800001360",="Present",="7/24/2025",
="800001363",="Absent",="7/24/2025",
="800001394",="Present",="7/24/2025",
="800001414",="Present",="7/24/2025",
="800001417",="Absent",="7/24/2025",
="800001420",="Present",="7/24/2025",
="800001425",="Present",="7/24/2025",
="800001427",="Present",="7/24/2025",
="800001471",="Present",="7/24/2025",
="800001485",="Present",="7/24/2025",
="800001529",="Present",="7/24/2025",
="800001530",="Present",="7/24/2025",
="800001533",="Present",="7/24/2025",
="800001534",="Present",="7/24/2025",
="800001548",="Present",="7/24/2025",
="770000323",="Present",="8/5/2025",
="770007073",="Present",="8/5/2025",
="800000649",="Present",="8/5/2025",
="800000879",="Present",="8/5/2025",
="800000893",="Present",="8/5/2025",
="800000934",="Absent",="8/5/2025",
="800001147",="Present",="8/5/2025",
="800001276",="Present",="8/5/2025",
="800001497",="Present",="8/5/2025",
="800001513",="Absent",="8/5/2025",
="800001679",="Absent",="8/5/2025",
="800001580",="Present",="8/5/2025",
="800001590",="Present",="8/5/2025",
="800001618",="Absent",="8/5/2025",
="800001633",="Present",="8/5/2025",
="800001634",="Absent",="8/5/2025",
="800001655",="Present",="8/5/2025",
="800001656",="Absent",="8/5/2025",
="800001689",="Present",="8/5/2025",
="800001708",="Present",="8/5/2025",
="800001714",="Present",="8/5/2025",
="800001719",="Present",="8/5/2025",
="800001724",="Present",="8/5/2025",
="800001733",="Present",="8/5/2025",
="800001736",="Absent",="8/5/2025",
="800001737",="Absent",="8/5/2025",
="800001752",="Absent",="8/5/2025",
="800001761",="Present",="8/5/2025",
="800001778",="Present",="8/5/2025",
="800001787",="Present",="8/5/2025",
="800001798",="Absent",="8/5/2025",
="800001801",="Present",="8/5/2025",
="800001114",="Present",="8/5/2025",
="800001308",="Present",="8/5/2025",
="800001443",="Present",="8/5/2025",
="800001517",="Present",="8/5/2025",
="800001572",="Present",="8/5/2025",
="800001614",="Present",="8/5/2025",
="800001643",="Present",="8/5/2025",
="800001646",="Present",="8/5/2025",
="800001652",="Present",="8/5/2025",
="800001699",="Present",="8/5/2025",
="800001728",="Absent",="8/5/2025",
="800001751",="Present",="8/5/2025",
="800001771",="Present",="8/5/2025",
="800001775",="Present",="8/5/2025",
="800001776",="Present",="8/5/2025",
="800001784",="Present",="8/5/2025",
="800001789",="Present",="8/5/2025",
="800001812",="Present",="8/5/2025",
="800001114",="Present",="8/4/2025",
="800001308",="Present",="8/4/2025",
="800001443",="Present",="8/4/2025",
="800001517",="Present",="8/4/2025",
="800001572",="Present",="8/4/2025",
="800001580",="Present",="8/4/2025",
="800001590",="Present",="8/4/2025",
="800001614",="Present",="8/4/2025",
="800001618",="Present",="8/4/2025",
="800001633",="Present",="8/4/2025",
="800001634",="Present",="8/4/2025",
="800001643",="Present",="8/4/2025",
="800001646",="Present",="8/4/2025",
="800001652",="Present",="8/4/2025",
="800001655",="Present",="8/4/2025",
="800001656",="Absent",="8/4/2025",
="800001689",="Present",="8/4/2025",
="800001699",="Present",="8/4/2025",
="800001708",="Present",="8/4/2025",
="800001711",="Present",="8/4/2025",
="800001714",="Present",="8/4/2025",
="800001719",="Present",="8/4/2025",
="800001724",="Present",="8/4/2025",
="800001728",="Absent",="8/4/2025",
="800001733",="Present",="8/4/2025",
="800001736",="Absent",="8/4/2025",
="800001737",="Absent",="8/4/2025",
="800001751",="Present",="8/4/2025",
="800001752",="Absent",="8/4/2025",
="800001761",="Present",="8/4/2025",
="800001771",="Present",="8/4/2025",
="800001775",="Present",="8/4/2025",
="800001776",="Present",="8/4/2025",
="800001778",="Present",="8/4/2025",
="800001784",="Present",="8/4/2025",
="800001787",="Present",="8/4/2025",
="800001789",="Present",="8/4/2025",
="800001798",="Absent",="8/4/2025",
="800001801",="Present",="8/4/2025",
="800001812",="Present",="8/4/2025",
="800001029",="Present",="8/5/2025",
="800001257",="Present",="8/5/2025",
="800001265",="Present",="8/5/2025",
="800001403",="Present",="8/5/2025",
="800001466",="Present",="8/5/2025",
="800001468",="Present",="8/5/2025",
="800001484",="Present",="8/5/2025",
="800001498",="Present",="8/5/2025",
="800001502",="Present",="8/5/2025",
="800001506",="Absent",="8/5/2025",
="800001525",="Present",="8/5/2025",
="800001558",="Present",="8/5/2025",
="800001605",="Present",="8/5/2025",
="800001607",="Present",="8/5/2025",
="800001621",="Present",="8/5/2025",
="800001622",="Present",="8/5/2025",
="800001642",="Present",="8/5/2025",
="800001666",="Present",="8/5/2025",
="800001668",="Present",="8/5/2025",
="800001688",="Present",="8/5/2025",
="800001696",="Present",="8/5/2025",
="800001697",="Present",="8/5/2025",
="800001701",="Present",="8/5/2025",
="770000203",="Present",="8/5/2025",
="800001506",="Present",="8/5/2025",
="800001592",="Present",="8/5/2025",
="800000289",="Present",="8/4/2025",
="800000722",="Present",="8/4/2025",
="800000774",="Present",="8/4/2025",
="800001513",="Absent",="8/4/2025",
="770000409",="Present",="8/5/2025",
="770017870",="Present",="8/5/2025",
="800001419",="Present",="8/6/2025",
="800001434",="Present",="8/6/2025",
="800001553",="Tardy/Late",="8/6/2025",
="800001576",="Absent",="8/6/2025",
="800001650",="Tardy/Late",="8/6/2025",
="800001711",="Present",="8/6/2025",
="800001723",="Present",="8/6/2025",
="800001735",="Present",="8/6/2025",
="800001740",="Tardy/Late",="8/6/2025",
="800001757",="Present",="8/6/2025",
="800001769",="Present",="8/6/2025",
="800001803",="Present",="8/6/2025",
="800001815",="Present",="8/6/2025",
="800000762",="Present",="8/4/2025",
="800001513",="Present",="8/4/2025",
="800001553",="Absent",="8/5/2025",
="800001589",="Present",="8/5/2025",
="800001665",="Present",="8/5/2025",
="800001712",="Present",="8/5/2025",
="800001813",="Present",="8/5/2025",
="800001667",="Present",="8/5/2025",
="800001691",="Present",="8/5/2025",
="800001810",="Present",="8/5/2025",
="800001196",="Present",="6/9/2025",
="800001427",="Present",="5/14/2025",
="800001427",="Present",="7/9/2025",
="800000878",="Present",="6/4/2025",
="800001196",="Present",="6/13/2025",
="800001689",="Present",="5/12/2025",
="800001614",="Present",="7/14/2025",
="770000745",="Present",="5/12/2025",
="800001265",="Present",="5/12/2025",
="800001330",="Present",="5/12/2025",
="800001445",="Present",="5/12/2025",
="800001532",="Present",="5/12/2025",
="800001548",="Present",="5/12/2025",
="800001598",="Present",="5/12/2025",
="800001614",="Present",="6/4/2025",
="800001614",="Present",="6/11/2025",
="800001614",="Present",="7/16/2025",
="800001322",="Present",="6/18/2025",
="800001614",="Present",="6/5/2025",
="800001508",="Present",="5/15/2025",
="770000745",="Present",="6/12/2025",
="800001534",="Present",="5/15/2025",
="800001534",="Present",="5/22/2025",
="800001534",="Present",="5/29/2025",
="800001587",="Present",="5/15/2025",
="800001701",="Present",="6/5/2025",
="800001745",="Present",="8/1/2025",
="800001623",="Present",="5/18/2025",
="800001625",="Present",="5/18/2025",
="800001196",="Present",="8/6/2025",
="800001563",="Present",="8/6/2025",
="800001572",="Present",="8/6/2025",
="800001728",="Tardy/Late",="8/6/2025",
="800001736",="Absent",="8/6/2025",
="800001739",="Present",="8/6/2025",
="800001783",="Absent",="8/6/2025",
="800001812",="Present",="8/6/2025",
="800000228",="Present",="6/27/2025",
="800001094",="Present",="6/27/2025",
="800001181",="Present",="6/27/2025",
="800001204",="Present",="6/27/2025",
="800001300",="Present",="6/27/2025",
="800001330",="Present",="6/27/2025",
="800001368",="Present",="6/27/2025",
="800001394",="Present",="6/27/2025",
="800001419",="Present",="6/27/2025",
="800001532",="Present",="6/27/2025",
="800000228",="Present",="6/28/2025",
="800001094",="Present",="6/28/2025",
="800001181",="Present",="6/28/2025",
="800001204",="Present",="6/28/2025",
="800001300",="Present",="6/28/2025",
="800001330",="Present",="6/28/2025",
="800001368",="Absent",="6/28/2025",
="800001394",="Present",="6/28/2025",
="800001419",="Present",="6/28/2025",
="800001532",="Present",="6/28/2025",
="800000428",="Present",="8/3/2025",
="800000461",="Present",="8/3/2025",
="800000625",="Present",="8/3/2025",
="800001517",="Present",="7/30/2025",
="800001587",="Present",="7/30/2025",
="800001590",="Present",="7/30/2025",
="800001633",="Present",="7/30/2025",
="800001643",="Present",="7/30/2025",
="800001705",="Present",="7/30/2025",
="800001708",="Present",="7/30/2025",
="800001714",="Present",="7/30/2025",
="800001719",="Present",="7/30/2025",
="800001724",="Present",="7/30/2025",
="800001733",="Present",="7/30/2025",
="800001737",="Absent",="7/30/2025",
="800001751",="Present",="7/30/2025",
="800001771",="Present",="7/30/2025",
="800001775",="Present",="7/30/2025",
="800001776",="Present",="7/30/2025",
="800001778",="Present",="7/30/2025",
="800001517",="Present",="8/6/2025",
="800001587",="Present",="8/6/2025",
="800001590",="Present",="8/6/2025",
="800001633",="Present",="8/6/2025",
="800001643",="Present",="8/6/2025",
="800001705",="Present",="8/6/2025",
="800001708",="Present",="8/6/2025",
="800001714",="Present",="8/6/2025",
="800001719",="Present",="8/6/2025",
="800001724",="Present",="8/6/2025",
="800001733",="Present",="8/6/2025",
="800001737",="No class",="8/6/2025",
="800001751",="Present",="8/6/2025",
="800001771",="Present",="8/6/2025",
="800001775",="Present",="8/6/2025",
="800001776",="Present",="8/6/2025",
="800001778",="Present",="8/6/2025",
="800001591",="Present",="8/6/2025",
="800000934",="Present",="8/6/2025",
="800000941",="Present",="8/6/2025",
="800001292",="Present",="8/6/2025",
="800001410",="Present",="8/6/2025",
="800001308",="Present",="8/6/2025",
="800001580",="Present",="8/6/2025",
="800001618",="Present",="8/6/2025",
="800001646",="Present",="8/6/2025",
="800001656",="Absent",="8/6/2025",
="800001689",="Present",="8/6/2025",
="800001699",="Present",="8/6/2025",
="800001787",="Present",="8/6/2025",
="800001789",="Present",="8/6/2025",
="800001798",="Absent",="8/6/2025",
="800001563",="Present",="8/7/2025",
="800001656",="Absent",="8/7/2025",
="800001711",="Present",="8/7/2025",
="800001735",="Present",="8/7/2025",
="800001739",="Present",="8/7/2025",
="800001757",="Present",="8/7/2025",
="800001765",="Present",="8/7/2025",
="800001769",="Present",="8/7/2025",
="800001802",="Present",="8/7/2025",
="800001803",="Present",="8/7/2025",
="800001815",="Present",="8/7/2025",
="800000428",="Present",="7/27/2025",
="800000461",="Present",="7/27/2025",
="800000625",="Present",="7/27/2025",
="800000428",="Present",="7/26/2025",
="800000461",="Present",="7/26/2025",
="800000625",="Present",="7/26/2025",
="800000428",="Present",="7/19/2025",
="800000461",="Present",="7/19/2025",
="800000625",="Present",="7/19/2025",
="770000409",="Present",="7/31/2025",
="800000941",="Present",="7/31/2025",
="800001104",="Present",="7/31/2025",
="800001198",="Present",="7/31/2025",
="800001292",="Present",="7/31/2025",
="800001318",="Present",="7/31/2025",
="800001410",="Present",="7/31/2025",
="800001562",="Present",="7/31/2025",
="800001607",="Present",="7/31/2025",
="800001626",="Present",="7/31/2025",
="800001673",="Present",="7/31/2025",
="770000745",="Present",="8/7/2025",
="770062456",="Present",="8/7/2025",
="800001001",="Present",="8/7/2025",
="800001443",="Present",="8/7/2025",
="800001459",="Present",="8/7/2025",
="800001473",="Absent",="8/7/2025",
="800001505",="Present",="8/7/2025",
="800001508",="Present",="8/7/2025",
="800001511",="Absent",="8/7/2025",
="800001525",="Absent",="8/7/2025",
="800001557",="Present",="8/7/2025",
="800001586",="Absent",="8/7/2025",
="800001593",="Present",="8/7/2025",
="800001598",="Present",="8/7/2025",
="800001614",="Present",="8/7/2025",
="800001619",="Absent",="8/7/2025",
="800001623",="Present",="8/7/2025",
="800001625",="Present",="8/7/2025",
="800001644",="Present",="8/7/2025",
="800001657",="Present",="8/7/2025",
="800001681",="Present",="8/7/2025",
="800001689",="Present",="8/7/2025",
="800001695",="Present",="8/7/2025",
="770062096",="Present",="8/7/2025",
="800001204",="Absent",="8/7/2025",
="800001257",="Present",="8/7/2025",
="800001300",="Present",="8/7/2025",
="800001468",="Present",="8/7/2025",
="800001484",="Present",="8/7/2025",
="800001502",="Present",="8/7/2025",
="800001506",="Present",="8/7/2025",
="800001587",="Present",="8/7/2025",
="800001634",="Absent",="8/7/2025",
="800001642",="Present",="8/7/2025",
="800001665",="Present",="8/7/2025",
="800001668",="Present",="8/7/2025",
="800001688",="Present",="8/7/2025",
="800001691",="Present",="8/7/2025",
="800001696",="Present",="8/7/2025",
="800001697",="Present",="8/7/2025",
="800001701",="Present",="8/7/2025",
="800000228",="Present",="8/6/2025",
="800000708",="Present",="8/6/2025",
="800000754",="Present",="8/6/2025",
="800000952",="Present",="8/6/2025",
="800001030",="Present",="8/6/2025",
="800001298",="Present",="8/6/2025",
="800001300",="Present",="8/6/2025",
="800001322",="Present",="8/6/2025",
="800001360",="Present",="8/6/2025",
="800001414",="Present",="8/6/2025",
="800001708",="Present",="8/7/2025",
="800001714",="Present",="8/7/2025",
="800001719",="Present",="8/7/2025",
="800001724",="Present",="8/7/2025",
="800001737",="Absent",="8/7/2025",
="800001751",="Present",="8/7/2025",
="800001752",="Absent",="8/7/2025",
="800001760",="Present",="8/7/2025",
="800001761",="Present",="8/7/2025",
="800001771",="Present",="8/7/2025",
="800001775",="Present",="8/7/2025",
="800001776",="Present",="8/7/2025",
="800001778",="Present",="8/7/2025",
="800001801",="Present",="8/7/2025",
="800001114",="Present",="8/7/2025",
="800001580",="Present",="8/7/2025",
="800001618",="Present",="8/7/2025",
="800001646",="Present",="8/7/2025",
="800001784",="Present",="8/7/2025",
="800001787",="Present",="8/7/2025",
="800001789",="Present",="8/7/2025",
="800001798",="Present",="8/7/2025",
="800001812",="Present",="8/7/2025",
="770000745",="Present",="8/6/2025",
="800000708",="Absent excused",="8/6/2025",
="800000952",="Absent excused",="8/6/2025",
="800001001",="Present",="8/6/2025",
="800001265",="Present",="8/6/2025",
="800001322",="Absent excused",="8/6/2025",
="800001378",="Present",="8/6/2025",
="800001403",="Present",="8/6/2025",
="800001436",="Present",="8/6/2025",
="800001459",="Present",="8/6/2025",
="800001473",="Present",="8/6/2025",
="800001498",="Present",="8/6/2025",
="800001508",="Present",="8/6/2025",
="800001525",="Present",="8/6/2025",
="800001528",="Present",="8/6/2025",
="800001532",="Present",="8/6/2025",
="800001533",="Present",="8/6/2025",
="800001534",="Present",="8/6/2025",
="800001557",="Present",="8/6/2025",
="800001586",="Present",="8/6/2025",
="800001593",="Present",="8/6/2025",
="800001598",="Present",="8/6/2025",
="800001614",="Present",="8/6/2025",
="800001623",="Present",="8/6/2025",
="800001625",="Present",="8/6/2025",
="800001644",="Present",="8/6/2025",
="800001655",="Present",="8/6/2025",
="800001657",="Present",="8/6/2025",
="800001666",="Present",="8/6/2025",
="800001667",="Present",="8/6/2025",
="770007073",="Present",="7/3/2025",
="800000649",="Present",="7/3/2025",
="800000879",="Present",="7/3/2025",
="800000934",="Present",="7/3/2025",
="800001147",="Present",="7/3/2025",
="800001497",="Present",="7/3/2025",
="800001513",="Present",="7/3/2025",
="800001679",="Present",="7/3/2025",
="800000893",="Present",="7/3/2025",
="800000289",="Present",="8/8/2025",
="800000762",="Present",="8/8/2025",
="800000774",="Present",="8/8/2025",
="800001708",="Present",="8/9/2025",
="800001711",="Present",="8/9/2025",
="800001714",="Present",="8/9/2025",
="800001719",="Present",="8/9/2025",
="800001724",="Present",="8/9/2025",
="800001728",="Present",="8/9/2025",
="800001733",="Present",="8/9/2025",
="770007073",="Present",="8/3/2025",
="770017870",="Present",="8/3/2025",
="800000649",="Present",="8/3/2025",
="800001094",="Present",="8/3/2025",
="800001104",="Present",="8/3/2025",
="800001142",="Present",="8/3/2025",
="800001318",="Present",="8/3/2025",
="800001443",="Present",="8/3/2025",
="800001466",="Present",="8/3/2025",
="800001489",="Absent",="8/3/2025",
="800001497",="Present",="8/3/2025",
="800001517",="Present",="8/3/2025",
="800001591",="Present",="8/3/2025",
="770007073",="Present",="7/27/2025",
="770017870",="Present",="7/27/2025",
="800000649",="Present",="7/27/2025",
="800001094",="Present",="7/27/2025",
="800001104",="Present",="7/27/2025",
="800001142",="Present",="7/27/2025",
="800001318",="Present",="7/27/2025",
="800001443",="Present",="7/27/2025",
="800001466",="Present",="7/27/2025",
="800001489",="Absent",="7/27/2025",
="800001497",="Present",="7/27/2025",
="800001517",="Present",="7/27/2025",
="800001591",="Present",="7/27/2025",
="800001415",="Present",="8/8/2025",
="800001689",="Present",="8/8/2025",
="800001708",="Present",="8/8/2025",
="800001714",="Present",="8/8/2025",
="800001719",="Absent",="8/8/2025",
="800001724",="Present",="8/8/2025",
="800001733",="Present",="8/8/2025",
="800001751",="Present",="8/8/2025",
="800001760",="Present",="8/8/2025",
="800001761",="Absent",="8/8/2025",
="800001771",="Present",="8/8/2025",
="800001776",="Present",="8/8/2025",
="800001784",="Present",="8/8/2025",
="800001787",="Present",="8/8/2025",
="800000941",="Present",="8/9/2025",
="800001198",="Present",="8/9/2025",
="800001268",="Present",="8/9/2025",
="800001292",="Present",="8/9/2025",
="800001368",="Present",="8/9/2025",
="800001410",="Present",="8/9/2025",
="800001443",="Present",="8/9/2025",
="800001489",="Absent",="8/9/2025",
="800001517",="Present",="8/9/2025",
="800001589",="Present",="8/9/2025",
="800001607",="Present",="8/9/2025",
="800001642",="Present",="8/9/2025",
="800001673",="Present",="8/9/2025",
="800001705",="Present",="8/9/2025",
="770000745",="Present",="8/8/2025",
="800000952",="Present",="8/8/2025",
="800001322",="Present",="8/8/2025",
="800001414",="Present",="8/8/2025",
="800001417",="Present",="8/8/2025",
="800001427",="Present",="8/8/2025",
="800001485",="Present",="8/8/2025",
="800001533",="Present",="8/8/2025",
="800001534",="Present",="8/8/2025",
="800000754",="Present",="8/10/2025",
="800001198",="Present",="8/10/2025",
="800001315",="Present",="8/10/2025",
="800001351",="Present",="8/10/2025",
="800001415",="Present",="8/10/2025",
="800001427",="Present",="8/10/2025",
="800001445",="Present",="8/10/2025",
="800001485",="Present",="8/10/2025",
="800001505",="Present",="8/10/2025",
="770007073",="Present",="8/9/2025",
="770017870",="Present",="8/9/2025",
="800000894",="Absent",="8/9/2025",
="800000927",="Present",="8/9/2025",
="800001320",="Present",="8/9/2025",
="800001342",="Present",="8/9/2025",
="800001359",="Present",="8/9/2025",
="800001591",="Present",="8/9/2025",
="800000348",="Present",="8/11/2025",
="800001434",="Present",="8/11/2025",
="800001553",="Present",="8/11/2025",
="800001563",="Present",="8/11/2025",
="800001581",="Present",="8/11/2025",
="800001589",="Present",="8/11/2025",
="800001650",="Present",="8/11/2025",
="800001665",="Present",="8/11/2025",
="800001667",="Present",="8/11/2025",
="800001691",="Present",="8/11/2025",
="800001710",="Present",="8/11/2025",
="800001712",="Present",="8/11/2025",
="800001726",="Absent",="8/11/2025",
="800001729",="Present",="8/11/2025",
="800001735",="Present",="8/11/2025",
="800001739",="Present",="8/11/2025",
="800001740",="Present",="8/11/2025",
="800001757",="Present",="8/11/2025",
="800001765",="Present",="8/11/2025",
="800001769",="Present",="8/11/2025",
="800001793",="Present",="8/11/2025",
="800001802",="Present",="8/11/2025",
="800001803",="Present",="8/11/2025",
="800001810",="Present",="8/11/2025",
="800001813",="Present",="8/11/2025",
="770062456",="Present",="8/9/2025",
="800001114",="Present",="8/9/2025",
="800001265",="Present",="8/9/2025",
="800001308",="Present",="8/9/2025",
="800001415",="Present",="8/9/2025",
="800001459",="Present",="8/9/2025",
="800001489",="Present",="8/9/2025",
="800001586",="Present",="8/9/2025",
="800001605",="Present",="8/9/2025",
="800001614",="Absent",="8/9/2025",
="800001633",="Present",="8/9/2025",
="800001655",="Present",="8/9/2025",
="800001657",="Present",="8/9/2025",
="800001665",="Present",="8/9/2025",
="800001666",="Absent",="8/9/2025",
="800001668",="Present",="8/9/2025",
="800001681",="Present",="8/9/2025",
="800001696",="Present",="8/9/2025",
="800001697",="Present",="8/9/2025",
="800001712",="Present",="8/9/2025",
="800001778",="Present",="8/9/2025",
="800001484",="Present",="8/9/2025",
="800001580",="Present",="8/9/2025",
="800001590",="Present",="8/9/2025",
="800001618",="Present",="8/9/2025",
="800001621",="Present",="8/9/2025",
="800001622",="Present",="8/9/2025",
="800001623",="Present",="8/9/2025",
="800001625",="Present",="8/9/2025",
="800001634",="Present",="8/9/2025",
="800001646",="Present",="8/9/2025",
="800001652",="Absent",="8/9/2025",
="800001667",="Present",="8/9/2025",
="800001691",="Present",="8/9/2025",
="800001695",="Present",="8/9/2025",
="800001699",="Present",="8/9/2025",
="800001710",="Absent",="8/9/2025",
="800001775",="Present",="8/9/2025",
="800001789",="Present",="8/9/2025",
="800001798",="Present",="8/9/2025",
="800001810",="Absent",="8/9/2025",
="800001813",="Present",="8/9/2025",
="770062096",="Present",="8/11/2025",
="800001498",="Present",="8/11/2025",
="800001528",="Present",="8/11/2025",
="800001557",="Present",="8/11/2025",
="800001576",="Tardy/Late excused",="8/11/2025",
="800001587",="Present",="8/11/2025",
="800001619",="Tardy/Late excused",="8/11/2025",
="800001644",="Present",="8/11/2025",
="800001695",="Present",="8/11/2025",
="800001696",="Present",="8/11/2025",
="770062456",="Present",="7/25/2025",
="800001001",="Present",="7/25/2025",
="800001417",="Present",="7/25/2025",
="800001459",="Present",="7/25/2025",
="800001508",="Present",="7/25/2025",
="800001586",="Present",="7/25/2025",
="800001593",="Present",="7/25/2025",
="800001598",="Present",="7/25/2025",
="800001657",="Present",="7/25/2025",
="800001257",="Present",="7/1/2025",
="800001417",="Absent",="7/1/2025",
="800001420",="Absent",="7/1/2025",
="800001484",="Absent",="7/1/2025",
="800001502",="Present",="7/1/2025",
="800001525",="Present",="7/1/2025",
="800001625",="Absent",="7/1/2025",
="800001642",="Present",="7/1/2025",
="800001666",="Present",="7/1/2025",
="800001701",="Absent",="7/1/2025",
="770000323",="Present",="8/11/2025",
="800000893",="Present",="8/11/2025",
="800001142",="Absent",="8/11/2025",
="800001276",="Present",="8/11/2025",
="800000952",="Absent",="8/10/2025",
="800001001",="Present",="8/10/2025",
="800001529",="Present",="8/10/2025",
="800001587",="Present",="8/10/2025",
="800001602",="Present",="8/10/2025",
="800001607",="Present",="8/10/2025",
="800001626",="Present",="8/10/2025",
="800001643",="Present",="8/10/2025",
="800001679",="Present",="8/10/2025",
="800001714",="Present",="8/10/2025",
="800001719",="Absent",="8/10/2025",
="800001724",="Present",="8/10/2025",
="800001733",="Present",="8/10/2025",
="800001751",="Present",="8/10/2025",
="800001760",="Present",="8/10/2025",
="800001761",="Present",="8/10/2025",
="800001784",="Present",="8/10/2025",
="800001787",="Present",="8/10/2025",
="800001789",="Present",="8/10/2025",
="800000228",="Present",="8/10/2025",
="800001204",="Present",="8/10/2025",
="800001378",="Present",="8/10/2025",
="800001618",="Present",="8/10/2025",
="800001623",="Present",="8/10/2025",
="800001625",="Present",="8/10/2025",
="800001665",="Present",="8/10/2025",
="800001691",="Present",="8/10/2025",
="800001728",="Present",="8/10/2025",
="800001812",="Present",="8/10/2025",
="800001265",="Present",="8/12/2025",
="800001415",="Present",="8/12/2025",
="800001445",="Present",="8/12/2025",
="800001473",="Absent",="8/12/2025",
="800001528",="Present",="8/12/2025",
="800001534",="Present",="8/12/2025",
="800001586",="Absent",="8/12/2025",
="800001598",="Present",="8/12/2025",
="800001657",="Present",="8/12/2025",
="800001668",="Present",="8/12/2025",
="800000893",="Present",="8/12/2025",
="800001276",="Tardy/Late",="8/12/2025",
="800000927",="Present",="8/11/2025",
="800000957",="No class",="8/11/2025",
="800001104",="Absent",="8/11/2025",
="800001268",="Present",="8/11/2025",
="800001410",="Present",="8/11/2025",
="800001562",="Present",="8/11/2025",
="800000649",="Present",="8/11/2025",
="800000934",="Present",="8/11/2025",
="770000323",="Present",="8/12/2025",
="770000409",="Present",="8/12/2025",
="800001142",="Present",="8/12/2025",
="800001292",="Present",="8/12/2025",
="800001318",="Present",="8/12/2025",
="800000754",="Present",="8/9/2025",
="800001315",="Present",="8/9/2025",
="800001351",="Present",="8/9/2025",
="800001427",="Present",="8/9/2025",
="800001445",="Present",="8/9/2025",
="800001485",="Present",="8/9/2025",
="800001505",="Present",="8/9/2025",
="800000754",="Absent",="8/6/2025",
="800001198",="Present",="8/6/2025",
="800001315",="Present",="8/6/2025",
="800001351",="Present",="8/6/2025",
="800001415",="Present",="8/6/2025",
="800001427",="Present",="8/6/2025",
="800001445",="Present",="8/6/2025",
="800001485",="Present",="8/6/2025",
="800001505",="Present",="8/6/2025",
="800001196",="Present",="8/13/2025",
="800001563",="Present",="8/13/2025",
="800001572",="Present",="8/13/2025",
="800001728",="Present",="8/13/2025",
="800001739",="Present",="8/13/2025",
="800001783",="Absent",="8/13/2025",
="800001812",="Present",="8/13/2025",
="800000230",="Present",="6/28/2025",
="800000952",="Present",="6/28/2025",
="800001298",="Present",="6/28/2025",
="800001360",="Present",="6/28/2025",
="800001425",="Present",="6/28/2025",
="800001471",="Present",="6/28/2025",
="800001529",="Present",="6/28/2025",
="800001530",="Present",="6/28/2025",
="800001548",="Present",="6/28/2025",
="800000230",="Present",="8/9/2025",
="800000952",="Present",="8/9/2025",
="800001298",="Present",="8/9/2025",
="800001360",="Present",="8/9/2025",
="800001425",="Present",="8/9/2025",
="800001471",="Present",="8/9/2025",
="800001529",="Present",="8/9/2025",
="800001530",="Present",="8/9/2025",
="800001548",="Present",="8/9/2025",
="800000934",="Present",="8/13/2025",
="800000941",="Present",="8/13/2025",
="800001292",="Present",="8/13/2025",
="800001410",="Present",="8/13/2025",
="800001591",="Present",="8/13/2025",
="800001308",="Present",="8/13/2025",
="800001580",="Present",="8/13/2025",
="800001618",="Absent",="8/13/2025",
="800001646",="Present",="8/13/2025",
="800001689",="Present",="8/13/2025",
="800001787",="Absent",="8/13/2025",
="800001789",="Present",="8/13/2025",
="800001798",="Present",="8/13/2025",
="800001419",="Present",="8/13/2025",
="800001434",="Present",="8/13/2025",
="800001553",="Present",="8/13/2025",
="800001650",="Present",="8/13/2025",
="800001711",="Present",="8/13/2025",
="800001723",="Present",="8/13/2025",
="800001735",="Present",="8/13/2025",
="800001740",="Present",="8/13/2025",
="800001757",="Present",="8/13/2025",
="800001769",="Present",="8/13/2025",
="800001803",="Present",="8/13/2025",
="800001815",="Present",="8/13/2025",
="770007073",="Present",="8/14/2025",
="800000649",="Present",="8/14/2025",
="800000879",="Present",="8/14/2025",
="800000934",="Absent",="8/14/2025",
="800001147",="Present",="8/14/2025",
="800001497",="Present",="8/14/2025",
="800001513",="Present",="8/14/2025",
="800001679",="Present",="8/14/2025",
="800001563",="Present",="8/14/2025",
="800001711",="Present",="8/14/2025",
="800001735",="Present",="8/14/2025",
="800001739",="Present",="8/14/2025",
="800001757",="Present",="8/14/2025",
="800001765",="Present",="8/14/2025",
="800001769",="Present",="8/14/2025",
="800001802",="Present",="8/14/2025",
="800001803",="Present",="8/14/2025",
="800001815",="Present",="8/14/2025",
="770007073",="Present",="8/12/2025",
="770017870",="Present",="8/12/2025",
="800000649",="Present",="8/12/2025",
="800001147",="Present",="8/12/2025",
="800001276",="Present",="8/12/2025",
="800001497",="Present",="8/12/2025",
="770000745",="Present",="8/14/2025",
="770062456",="Present",="8/14/2025",
="800001001",="Present",="8/14/2025",
="800001443",="Present",="8/14/2025",
="800001459",="Present",="8/14/2025",
="800001473",="Absent",="8/14/2025",
="800001505",="Present",="8/14/2025",
="800001508",="Present",="8/14/2025",
="800001511",="Present",="8/14/2025",
="800001557",="Present",="8/14/2025",
="800001586",="Absent",="8/14/2025",
="800001593",="Present",="8/14/2025",
="800001598",="Present",="8/14/2025",
="800001614",="Present",="8/14/2025",
="800001623",="Present",="8/14/2025",
="800001625",="Present",="8/14/2025",
="800001644",="Present",="8/14/2025",
="800001657",="Present",="8/14/2025",
="800001681",="Present",="8/14/2025",
="800001689",="Present",="8/14/2025",
="800001695",="Present",="8/14/2025",
="770062096",="Present",="8/14/2025",
="800001204",="Present",="8/14/2025",
="800001257",="Present",="8/14/2025",
="800001300",="Present",="8/14/2025",
="800001468",="Present",="8/14/2025",
="800001484",="Present",="8/14/2025",
="800001502",="Present",="8/14/2025",
="800001506",="Present",="8/14/2025",
="800001587",="Present",="8/14/2025",
="800001634",="Present",="8/14/2025",
="800001642",="Present",="8/14/2025",
="800001665",="Present",="8/14/2025",
="800001668",="Present",="8/14/2025",
="800001688",="Present",="8/14/2025",
="800001691",="Present",="8/14/2025",
="800001696",="Present",="8/14/2025",
="800001697",="Present",="8/14/2025",
="800001701",="Present",="8/14/2025",
="770000107",="Present",="8/13/2025",
="800000722",="Present",="8/13/2025",
="800000894",="Present",="8/13/2025",
="800001234",="Present",="8/13/2025",
="800001320",="Present",="8/13/2025",
="800001342",="Present",="8/13/2025",
="800001359",="Present",="8/13/2025",
="800001553",="Present",="8/12/2025",
="800001563",="Present",="8/12/2025",
="800001581",="Present",="8/12/2025",
="800001691",="Present",="8/12/2025",
="800001710",="Present",="8/12/2025",
="800001726",="Absent",="8/12/2025",
="800001740",="Present",="8/12/2025",
="800001803",="Present",="8/12/2025",
="800001114",="Present",="8/11/2025",
="800001308",="Present",="8/11/2025",
="800001443",="Present",="8/11/2025",
="800001517",="Present",="8/11/2025",
="800001572",="Present",="8/11/2025",
="800001580",="Present",="8/11/2025",
="800001590",="Present",="8/11/2025",
="800001614",="Present",="8/11/2025",
="800001618",="Present",="8/11/2025",
="800001633",="Present",="8/11/2025",
="800001634",="Present",="8/11/2025",
="800001643",="Present",="8/11/2025",
="800001646",="Present",="8/11/2025",
="800001652",="Present",="8/11/2025",
="800001655",="Present",="8/11/2025",
="800001689",="Present",="8/11/2025",
="800001699",="Present",="8/11/2025",
="800001708",="Present",="8/11/2025",
="800001711",="Present",="8/11/2025",
="800001714",="Present",="8/11/2025",
="800001719",="Present",="8/11/2025",
="800001724",="Present",="8/11/2025",
="800001728",="Absent",="8/11/2025",
="800001733",="Present",="8/11/2025",
="800001737",="Absent",="8/11/2025",
="800001751",="Present",="8/11/2025",
="800001752",="Absent",="8/11/2025",
="800001761",="Present",="8/11/2025",
="800001771",="Present",="8/11/2025",
="800001775",="Present",="8/11/2025",
="800001776",="Present",="8/11/2025",
="800001778",="Present",="8/11/2025",
="800001784",="Present",="8/11/2025",
="800001787",="Present",="8/11/2025",
="800001789",="Present",="8/11/2025",
="800001798",="Present",="8/11/2025",
="800001801",="Present",="8/11/2025",
="800001812",="Present",="8/11/2025",
="800001265",="Present",="8/15/2025",
="800001468",="Present",="8/15/2025",
="800001605",="Present",="8/15/2025",
="800001621",="Absent excused",="8/15/2025",
="800001622",="Absent excused",="8/15/2025",
="800001625",="Present",="8/15/2025",
="800001666",="Present",="8/15/2025",
="800001668",="Present",="8/15/2025",
="800001688",="Present",="8/15/2025",
="800001697",="Present",="8/15/2025",
="800000348",="Present",="8/12/2025",
="800001434",="Present",="8/12/2025",
="800001650",="Present",="8/12/2025",
="800001711",="Present",="8/12/2025",
="800001723",="Present",="8/12/2025",
="800001728",="Absent",="8/12/2025",
="800001729",="Present",="8/12/2025",
="800001735",="Present",="8/12/2025",
="800001739",="Present",="8/12/2025",
="800001757",="Present",="8/12/2025",
="800001765",="Present",="8/12/2025",
="800001769",="Present",="8/12/2025",
="800001793",="Present",="8/12/2025",
="800001802",="Present",="8/12/2025",
="800001815",="Present",="8/12/2025",
="800001708",="Present",="8/16/2025",
="800001711",="Present",="8/16/2025",
="800001714",="Present",="8/16/2025",
="800001719",="Absent",="8/16/2025",
="800001724",="Present",="8/16/2025",
="800001728",="Present",="8/16/2025",
="800001733",="Present",="8/16/2025",
="800001265",="Present",="8/16/2025",
="800001468",="Present",="8/16/2025",
="800001605",="Present",="8/16/2025",
="800001621",="Present",="8/16/2025",
="800001622",="Present",="8/16/2025",
="800001625",="Present",="8/16/2025",
="800001666",="Present",="8/16/2025",
="800001668",="Present",="8/16/2025",
="800001688",="Present",="8/16/2025",
="800001697",="Present",="8/16/2025",
="800000754",="Present",="8/16/2025",
="800001198",="Present",="8/16/2025",
="800001315",="Present",="8/16/2025",
="800001351",="Present",="8/16/2025",
="800001415",="Present",="8/16/2025",
="800001427",="Present",="8/16/2025",
="800001445",="Present",="8/16/2025",
="800001485",="Present",="8/16/2025",
="800001505",="Present",="8/16/2025",
="800001708",="Absent",="8/14/2025",
="800001714",="Present",="8/14/2025",
="800001719",="Present",="8/14/2025",
="800001724",="Present",="8/14/2025",
="800001737",="Absent",="8/14/2025",
="800001751",="Present",="8/14/2025",
="800001752",="Absent",="8/14/2025",
="800001760",="Absent",="8/14/2025",
="800001761",="Present",="8/14/2025",
="800001771",="Present",="8/14/2025",
="800001775",="Present",="8/14/2025",
="800001776",="Present",="8/14/2025",
="800001778",="Absent",="8/14/2025",
="800001801",="Present",="8/14/2025",
="770062456",="Present",="8/16/2025",
="800001114",="Present",="8/16/2025",
="800001308",="Absent",="8/16/2025",
="800001459",="Present",="8/16/2025",
="800001489",="Absent",="8/16/2025",
="800001586",="Present",="8/16/2025",
="800001589",="Present",="8/16/2025",
="800001614",="Absent",="8/16/2025",
="800001633",="Present",="8/16/2025",
="800001655",="Present",="8/16/2025",
="800001657",="Present",="8/16/2025",
="800001665",="Present",="8/16/2025",
="800001666",="Absent",="8/16/2025",
="800001681",="Present",="8/16/2025",
="800001696",="Absent",="8/16/2025",
="800001697",="Absent",="8/16/2025",
="800001712",="Present",="8/16/2025",
="800001778",="Present",="8/16/2025",
="800001484",="Present",="8/16/2025",
="800001580",="Present",="8/16/2025",
="800001590",="Present",="8/16/2025",
="800001618",="Absent",="8/16/2025",
="800001623",="Present",="8/16/2025",
="800001634",="Present",="8/16/2025",
="800001646",="Present",="8/16/2025",
="800001652",="Absent",="8/16/2025",
="800001667",="Present",="8/16/2025",
="800001691",="Present",="8/16/2025",
="800001695",="Present",="8/16/2025",
="800001699",="Present",="8/16/2025",
="800001705",="Present",="8/16/2025",
="800001710",="Present",="8/16/2025",
="800001775",="Present",="8/16/2025",
="800001789",="Present",="8/16/2025",
="800001798",="Present",="8/16/2025",
="800001810",="Present",="8/16/2025",
="800001813",="Present",="8/16/2025",
="800001415",="Present",="8/15/2025",
="800001689",="Present",="8/15/2025",
="800001708",="Present",="8/15/2025",
="800001714",="Present",="8/15/2025",
="800001719",="Present",="8/15/2025",
="800001724",="Present",="8/15/2025",
="800001733",="Present",="8/15/2025",
="800001751",="Present",="8/15/2025",
="800001760",="Present",="8/15/2025",
="800001761",="Present",="8/15/2025",
="800001771",="Present",="8/15/2025",
="800001776",="Present",="8/15/2025",
="800001784",="Present",="8/15/2025",
="800001787",="Absent",="8/15/2025",
="800000348",="Present",="8/18/2025",
="800001434",="Present",="8/18/2025",
="800001553",="Present",="8/18/2025",
="800001563",="Present",="8/18/2025",
="800001581",="Present",="8/18/2025",
="800001589",="Present",="8/18/2025",
="800001650",="Present",="8/18/2025",
="800001665",="Present",="8/18/2025",
="800001667",="Present",="8/18/2025",
="800001691",="Present",="8/18/2025",
="800001710",="Present",="8/18/2025",
="800001712",="Present",="8/18/2025",
="800001729",="Present",="8/18/2025",
="800001735",="Present",="8/18/2025",
="800001739",="Present",="8/18/2025",
="800001740",="Present",="8/18/2025",
="800001757",="Present",="8/18/2025",
="800001765",="Present",="8/18/2025",
="800001769",="Present",="8/18/2025",
="800001793",="Present",="8/18/2025",
="800001802",="Present",="8/18/2025",
="800001803",="Present",="8/18/2025",
="800001810",="Present",="8/18/2025",
="800001813",="Present",="8/18/2025",
="800001589",="Present",="8/12/2025",
="800001665",="Present",="8/12/2025",
="800001712",="Present",="8/12/2025",
="800001813",="Present",="8/12/2025",
="800001667",="Present",="8/12/2025",
="800001810",="Present",="8/12/2025",
="770000323",="Present",="8/15/2025",
="800000934",="Present",="8/15/2025",
="800001142",="Present",="8/15/2025",
="800001196",="Absent",="8/15/2025",
="800001318",="Present",="8/15/2025",
="800001443",="Present",="8/15/2025",
="800001497",="Present",="8/15/2025",
="800000228",="Present",="8/15/2025",
="800001094",="Present",="8/15/2025",
="800001181",="Present",="8/15/2025",
="800001204",="Present",="8/15/2025",
="800001300",="Present",="8/15/2025",
="800001330",="Present",="8/15/2025",
="800001368",="Present",="8/15/2025",
="800001394",="Absent",="8/15/2025",
="800001419",="Present",="8/15/2025",
="800001532",="Present",="8/15/2025",
="800000228",="Present",="8/16/2025",
="800001094",="Present",="8/16/2025",
="800001181",="Present",="8/16/2025",
="800001204",="Present",="8/16/2025",
="800001300",="Present",="8/16/2025",
="800001330",="Present",="8/16/2025",
="800001368",="Present",="8/16/2025",
="800001394",="Present",="8/16/2025",
="800001419",="Present",="8/16/2025",
="800001532",="Present",="8/16/2025",
="800000754",="Present",="8/17/2025",
="800001198",="Present",="8/17/2025",
="800001315",="Present",="8/17/2025",
="800001351",="Present",="8/17/2025",
="800001415",="Present",="8/17/2025",
="800001427",="Present",="8/17/2025",
="800001445",="Present",="8/17/2025",
="800001485",="Present",="8/17/2025",
="800001505",="Present",="8/17/2025",
="800000785",="Present",="8/18/2025",
="800001029",="Absent",="8/18/2025",
="800001257",="Present",="8/18/2025",
="800001502",="Present",="8/18/2025",
="800001506",="Absent",="8/18/2025",
="800001525",="Present",="8/18/2025",
="800001558",="Absent",="8/18/2025",
="800001642",="Present",="8/18/2025",
="800001681",="Present",="8/18/2025",
="800001701",="Present",="8/18/2025",
="800000348",="Present",="8/19/2025",
="800001572",="Present",="8/19/2025",
="800001590",="Present",="8/19/2025",
="800001665",="Present",="8/19/2025",
="800001689",="Present",="8/19/2025",
="800001810",="Present",="8/19/2025",
="800001265",="Present",="8/19/2025",
="800001415",="Present",="8/19/2025",
="800001445",="Present",="8/19/2025",
="800001473",="Present",="8/19/2025",
="800001528",="Present",="8/19/2025",
="800001534",="Present",="8/19/2025",
="800001586",="Absent",="8/19/2025",
="800001598",="Absent",="8/19/2025",
="800001657",="Absent",="8/19/2025",
="800001668",="Present",="8/19/2025",
="800001517",="Present",="8/13/2025",
="800001587",="Present",="8/13/2025",
="800001590",="Present",="8/13/2025",
="800001633",="Present",="8/13/2025",
="800001643",="Present",="8/13/2025",
="800001705",="Present",="8/13/2025",
="800001708",="Present",="8/13/2025",
="800001714",="Present",="8/13/2025",
="800001719",="Present",="8/13/2025",
="800001724",="Present",="8/13/2025",
="800001733",="Present",="8/13/2025",
="800001737",="Absent",="8/13/2025",
="800001751",="Present",="8/13/2025",
="800001771",="Present",="8/13/2025",
="800001775",="Present",="8/13/2025",
="800001776",="Present",="8/13/2025",
="800001778",="Present",="8/13/2025",
="800001745",="Absent",="8/14/2025",
="800001745",="Absent",="8/7/2025",
="770000745",="Present",="8/20/2025",
="800000708",="Present",="8/20/2025",
="800000952",="Present",="8/20/2025",
="800001001",="Present",="8/20/2025",
="800001265",="Present",="8/20/2025",
="800001322",="Absent excused",="8/20/2025",
="800001378",="Present",="8/20/2025",
="800001403",="Present",="8/20/2025",
="800001436",="Present",="8/20/2025",
="800001459",="Present",="8/20/2025",
="800001473",="Present",="8/20/2025",
="800001498",="Present",="8/20/2025",
="800001508",="Present",="8/20/2025",
="800001525",="Present",="8/20/2025",
="800001528",="Present",="8/20/2025",
="800001532",="Present",="8/20/2025",
="800001533",="Present",="8/20/2025",
="800001534",="Present",="8/20/2025",
="800001557",="Present",="8/20/2025",
="800001586",="Absent",="8/20/2025",
="800001593",="Present",="8/20/2025",
="800001598",="Present",="8/20/2025",
="800001614",="Present",="8/20/2025",
="800001623",="Present",="8/20/2025",
="800001625",="Present",="8/20/2025",
="800001644",="Present",="8/20/2025",
="800001655",="Present",="8/20/2025",
="800001657",="Present",="8/20/2025",
="800001666",="Present",="8/20/2025",
="800001667",="Present",="8/20/2025",
="770000107",="Present",="8/20/2025",
="800000722",="Present",="8/20/2025",
="800000894",="Present",="8/20/2025",
="800001234",="Present",="8/20/2025",
="800001320",="Present",="8/20/2025",
="800001342",="Present",="8/20/2025",
="800001359",="Present",="8/20/2025",
="800001553",="Present",="8/19/2025",
="800001563",="Present",="8/19/2025",
="800001581",="Present",="8/19/2025",
="800001691",="Present",="8/19/2025",
="800001710",="Present",="8/19/2025",
="800001712",="Present",="8/19/2025",
="800001726",="Absent",="8/19/2025",
="800001740",="Present",="8/19/2025",
="800001803",="Present",="8/19/2025",
="800001114",="Present",="8/18/2025",
="800001308",="Present",="8/18/2025",
="800001443",="Present",="8/18/2025",
="800001517",="Present",="8/18/2025",
="800001572",="Present",="8/18/2025",
="800001580",="Present",="8/18/2025",
="800001590",="Present",="8/18/2025",
="800001614",="Present",="8/18/2025",
="800001618",="Present",="8/18/2025",
="800001633",="Present",="8/18/2025",
="800001634",="Present",="8/18/2025",
="800001643",="Present",="8/18/2025",
="800001646",="Present",="8/18/2025",
="800001652",="Present",="8/18/2025",
="800001655",="Present",="8/18/2025",
="800001689",="Present",="8/18/2025",
="800001699",="Present",="8/18/2025",
="800001708",="Present",="8/18/2025",
="800001711",="Present",="8/18/2025",
="800001714",="Present",="8/18/2025",
="800001719",="Present",="8/18/2025",
="800001724",="Present",="8/18/2025",
="800001728",="Absent",="8/18/2025",
="800001733",="Present",="8/18/2025",
="800001737",="Absent",="8/18/2025",
="800001751",="Present",="8/18/2025",
="800001752",="Absent",="8/18/2025",
="800001761",="Present",="8/18/2025",
="800001771",="Present",="8/18/2025",
="800001775",="Present",="8/18/2025",
="800001776",="Present",="8/18/2025",
="800001778",="Present",="8/18/2025",
="800001784",="Present",="8/18/2025",
="800001787",="Present",="8/18/2025",
="800001789",="Present",="8/18/2025",
="800001798",="Present",="8/18/2025",
="800001801",="Present",="8/18/2025",
="800001812",="Present",="8/18/2025",
="800000934",="Present",="8/20/2025",
="800000941",="Present",="8/20/2025",
="800001292",="Present",="8/20/2025",
="800001410",="Present",="8/20/2025",
="800000230",="Present",="8/15/2025",
="800001324",="Present",="8/15/2025",
="800001360",="Present",="8/15/2025",
="800001363",="Present",="8/15/2025",
="800001425",="Present",="8/15/2025",
="800001471",="Present",="8/15/2025",
="800001529",="Present",="8/15/2025",
="800001530",="Present",="8/15/2025",
="800001548",="Present",="8/15/2025",
="800000230",="Present",="8/16/2025",
="800001324",="Present",="8/16/2025",
="800001360",="Present",="8/16/2025",
="800001363",="Present",="8/16/2025",
="800001394",="Absent",="8/16/2025",
="800001425",="Present",="8/16/2025",
="800001471",="Present",="8/16/2025",
="800001529",="Present",="8/16/2025",
="800001530",="Present",="8/16/2025",
="800001548",="Present",="8/16/2025",
="770000409",="Present",="8/19/2025",
="770007073",="Present",="8/19/2025",
="770017870",="Present",="8/19/2025",
="800000649",="Present",="8/19/2025",
="800001147",="Present",="8/19/2025",
="800001276",="Present",="8/19/2025",
="800001497",="Present",="8/19/2025",
="770007073",="Present",="8/10/2025",
="770017870",="Present",="8/10/2025",
="800000649",="Present",="8/10/2025",
="800001094",="Present",="8/10/2025",
="800001104",="Present",="8/10/2025",
="800001142",="Present",="8/10/2025",
="800001318",="Present",="8/10/2025",
="800001443",="Present",="8/10/2025",
="800001466",="Present",="8/10/2025",
="800001489",="Absent",="8/10/2025",
="800001497",="Present",="8/10/2025",
="800001517",="Present",="8/10/2025",
="800001591",="Present",="8/10/2025",
="770007073",="Present",="8/17/2025",
="770017870",="Present",="8/17/2025",
="800000649",="Present",="8/17/2025",
="800001094",="Present",="8/17/2025",
="800001104",="Present",="8/17/2025",
="800001142",="Present",="8/17/2025",
="800001318",="Present",="8/17/2025",
="800001443",="Present",="8/17/2025",
="800001466",="Present",="8/17/2025",
="800001489",="Absent",="8/17/2025",
="800001497",="Present",="8/17/2025",
="800001517",="Present",="8/17/2025",
="800001591",="Present",="8/17/2025",
="800001626",="Present",="8/17/2025",
="800001679",="Present",="8/17/2025",
="800000228",="Present",="8/17/2025",
="800001204",="Present",="8/17/2025",
="800001378",="Present",="8/17/2025",
="800001618",="Present",="8/17/2025",
="800001623",="Present",="8/17/2025",
="800001625",="Present",="8/17/2025",
="800001665",="Present",="8/17/2025",
="800001691",="Present",="8/17/2025",
="800001728",="Present",="8/17/2025",
="800001812",="Present",="8/17/2025",
="770062456",="Present",="8/19/2025",
="800001001",="Present",="8/19/2025",
="800001417",="Present",="8/19/2025",
="800001459",="Present",="8/19/2025",
="800001508",="Present",="8/19/2025",
="800001593",="Present",="8/19/2025",
="800001598",="Present",="8/19/2025",
="800001657",="Present",="8/19/2025",
="770062456",="Present",="8/22/2025",
="800001001",="Present",="8/22/2025",
="800001417",="Present",="8/22/2025",
="800001459",="Present",="8/22/2025",
="800001508",="Present",="8/22/2025",
="800001586",="Absent",="8/22/2025",
="800001593",="Present",="8/22/2025",
="800001598",="Present",="8/22/2025",
="800001657",="Present",="8/22/2025",
="800001265",="Present",="8/22/2025",
="800001468",="Present",="8/22/2025",
="800001605",="Present",="8/22/2025",
="800001621",="Present",="8/22/2025",
="800001625",="Present",="8/22/2025",
="800001666",="Present",="8/22/2025",
="800001668",="Present",="8/22/2025",
="800001688",="Present",="8/22/2025",
="800001697",="No class",="8/22/2025",
="800000428",="Present",="8/16/2025",
="800000461",="Present",="8/16/2025",
="800000625",="Present",="8/16/2025",
="800000428",="Present",="8/9/2025",
="800000461",="Present",="8/9/2025",
="800000625",="Present",="8/9/2025",
="800000428",="Present",="8/17/2025",
="800000461",="Present",="8/17/2025",
="800000625",="Present",="8/17/2025",
="800000428",="Present",="8/10/2025",
="800000461",="Present",="8/10/2025",
="800000625",="Present",="8/10/2025",
="800000428",="Present",="8/2/2025",
="800000461",="Present",="8/2/2025",
="800000625",="Present",="8/2/2025",
="770000745",="Absent",="8/22/2025",
="800000952",="Present",="8/22/2025",
="800001322",="Present",="8/22/2025",
="800001414",="Present",="8/22/2025",
="800001417",="Absent",="8/22/2025",
="800001427",="Absent",="8/22/2025",
="800001485",="Present",="8/22/2025",
="800001508",="Absent",="8/22/2025",
="800001533",="Present",="8/22/2025",
="800001534",="Present",="8/22/2025",
="770007073",="Present",="8/16/2025",
="770017870",="Present",="8/16/2025",
="800000894",="Present",="8/16/2025",
="800000927",="Present",="8/16/2025",
="800001320",="Present",="8/16/2025",
="800001342",="Present",="8/16/2025",
="800001359",="Present",="8/16/2025",
="800001591",="Present",="8/16/2025",
="800001434",="Present",="8/19/2025",
="800001650",="Present",="8/19/2025",
="800001711",="Present",="8/19/2025",
="800001723",="Present",="8/19/2025",
="800001728",="Absent",="8/19/2025",
="800001729",="Present",="8/19/2025",
="800001735",="Present",="8/19/2025",
="800001739",="Present",="8/19/2025",
="800001757",="Present",="8/19/2025",
="800001765",="Present",="8/19/2025",
="800001769",="Present",="8/19/2025",
="800001793",="Present",="8/19/2025",
="800001802",="Present",="8/19/2025",
="800001815",="Present",="8/19/2025",
="800000785",="Present",="5/21/2025",
="800001030",="Present",="5/21/2025",
="800001257",="Present",="5/21/2025",
="800001417",="Present",="5/21/2025",
="800001420",="Present",="5/21/2025",
="800001468",="Present",="5/21/2025",
="800001502",="Present",="5/21/2025",
="800001642",="Present",="5/21/2025",
="800001688",="Present",="5/21/2025",
="800001696",="Present",="5/21/2025",
="800001697",="Present",="5/21/2025",
="800001701",="Present",="5/21/2025",
="800000785",="Present",="7/30/2025",
="800001030",="Present",="7/30/2025",
="800001257",="Present",="7/30/2025",
="800001417",="Present",="7/30/2025",
="800001420",="Present",="7/30/2025",
="800001468",="Present",="7/30/2025",
="800001502",="Present",="7/30/2025",
="800001642",="Present",="7/30/2025",
="800001688",="Present",="7/30/2025",
="800001696",="Present",="7/30/2025",
="800001697",="Present",="7/30/2025",
="800001701",="Present",="7/30/2025",
="800000785",="Present",="8/6/2025",
="800001257",="Present",="8/6/2025",
="800001417",="Present",="8/6/2025",
="800001420",="Present",="8/6/2025",
="800001468",="Present",="8/6/2025",
="800001502",="Present",="8/6/2025",
="800001642",="Present",="8/6/2025",
="800001688",="Present",="8/6/2025",
="800001696",="Present",="8/6/2025",
="800001697",="Present",="8/6/2025",
="800001701",="Present",="8/6/2025",
="800000785",="Absent",="5/14/2025",
="800000785",="Present",="5/28/2025",
="770062096",="Present",="8/21/2025",
="770062456",="Present",="8/21/2025",
="800001204",="Present",="8/21/2025",
="800001257",="Present",="8/21/2025",
="800001300",="Present",="8/21/2025",
="800001468",="Present",="8/21/2025",
="800001484",="Present",="8/21/2025",
="800001502",="Present",="8/21/2025",
="800001506",="Present",="8/21/2025",
="800001587",="Present",="8/21/2025",
="800001634",="Present",="8/21/2025",
="800001642",="Present",="8/21/2025",
="800001665",="Present",="8/21/2025",
="800001668",="Present",="8/21/2025",
="800001681",="Present",="8/21/2025",
="800001688",="Present",="8/21/2025",
="800001691",="Present",="8/21/2025",
="800001695",="Present",="8/21/2025",
="800001696",="Present",="8/21/2025",
="800001697",="Present",="8/21/2025",
="800001701",="Present",="8/21/2025",
="800000228",="Present",="8/1/2025",
="800000230",="Present",="8/1/2025",
="800000708",="Present",="8/1/2025",
="800000754",="Present",="8/1/2025",
="800000952",="Present",="8/1/2025",
="800001030",="Present",="8/1/2025",
="800001204",="Present",="8/1/2025",
="800001298",="Present",="8/1/2025",
="800001300",="Present",="8/1/2025",
="800001315",="Present",="8/1/2025",
="800001322",="Present",="8/1/2025",
="800001351",="Present",="8/1/2025",
="800001360",="Present",="8/1/2025",
="800001394",="Present",="8/1/2025",
="800001414",="Present",="8/1/2025",
="800001417",="Present",="8/1/2025",
="800001419",="Present",="8/1/2025",
="800001420",="Present",="8/1/2025",
="800001425",="Present",="8/1/2025",
="800001445",="Present",="8/1/2025",
="800001471",="Present",="8/1/2025",
="800001485",="Present",="8/1/2025",
="800001505",="Present",="8/1/2025",
="800001511",="Present",="8/1/2025",
="800001529",="Present",="8/1/2025",
="800001532",="Present",="8/1/2025",
="800001548",="Present",="8/1/2025",
="800000228",="Present",="7/3/2025",
="800000230",="Present",="7/3/2025",
="800000708",="Present",="7/3/2025",
="800000754",="Present",="7/3/2025",
="800000952",="Present",="7/3/2025",
="800001030",="Present",="7/3/2025",
="800001315",="Present",="7/3/2025",
="800001351",="Present",="7/3/2025",
="800001360",="Present",="7/3/2025",
="800001394",="Present",="7/3/2025",
="800001414",="Present",="7/3/2025",
="800001419",="Present",="7/3/2025",
="800001445",="Present",="7/3/2025",
="800001485",="Present",="7/3/2025",
="800001505",="Present",="7/3/2025",
="800001511",="Present",="7/3/2025",
="800001529",="Present",="7/3/2025",
="800001532",="Present",="7/3/2025",
="800001548",="Present",="7/3/2025",
="800000228",="No class",="6/26/2025",
="800000230",="No class",="6/26/2025",
="800000708",="No class",="6/26/2025",
="800000754",="No class",="6/26/2025",
="800000952",="No class",="6/26/2025",
="800001030",="No class",="6/26/2025",
="800001204",="No class",="6/26/2025",
="800001315",="No class",="6/26/2025",
="800001351",="No class",="6/26/2025",
="800001360",="No class",="6/26/2025",
="800001394",="No class",="6/26/2025",
="800001414",="No class",="6/26/2025",
="800001419",="No class",="6/26/2025",
="800001445",="No class",="6/26/2025",
="800001485",="No class",="6/26/2025",
="800001505",="No class",="6/26/2025",
="800001511",="No class",="6/26/2025",
="800001529",="No class",="6/26/2025",
="800001532",="No class",="6/26/2025",
="800001548",="No class",="6/26/2025",
="800000228",="No class",="8/14/2025",
="800000230",="No class",="8/14/2025",
="800000708",="No class",="8/14/2025",
="800000754",="No class",="8/14/2025",
="800000952",="No class",="8/14/2025",
="800001030",="No class",="8/14/2025",
="800001204",="No class",="8/14/2025",
="800001315",="No class",="8/14/2025",
="800001351",="No class",="8/14/2025",
="800001360",="No class",="8/14/2025",
="800001394",="No class",="8/14/2025",
="800001414",="No class",="8/14/2025",
="800001419",="No class",="8/14/2025",
="800001445",="No class",="8/14/2025",
="800001485",="No class",="8/14/2025",
="800001505",="No class",="8/14/2025",
="800001511",="No class",="8/14/2025",
="800001529",="No class",="8/14/2025",
="800001532",="No class",="8/14/2025",
="800001548",="No class",="8/14/2025",
="800000228",="No class",="8/21/2025",
="800000230",="No class",="8/21/2025",
="800000708",="No class",="8/21/2025",
="800000754",="No class",="8/21/2025",
="800000952",="No class",="8/21/2025",
="800001030",="No class",="8/21/2025",
="800001204",="No class",="8/21/2025",
="800001315",="No class",="8/21/2025",
="800001351",="No class",="8/21/2025",
="800001360",="No class",="8/21/2025",
="800001394",="No class",="8/21/2025",
="800001414",="No class",="8/21/2025",
="800001419",="No class",="8/21/2025",
="800001445",="No class",="8/21/2025",
="800001485",="No class",="8/21/2025",
="800001505",="No class",="8/21/2025",
="800001511",="No class",="8/21/2025",
="800001529",="No class",="8/21/2025",
="800001532",="No class",="8/21/2025",
="800001548",="No class",="8/21/2025",
="770000323",="Present",="7/28/2025",
="770000409",="Present",="7/28/2025",
="800000927",="Present",="7/28/2025",
="800001104",="Present",="7/28/2025",
="800001142",="Present",="7/28/2025",
="800001268",="Present",="7/28/2025",
="800001292",="Present",="7/28/2025",
="800001318",="Present",="7/28/2025",
="800001410",="Present",="7/28/2025",
="800001562",="Present",="7/28/2025",
="770000323",="Present",="8/4/2025",
="770000409",="Present",="8/4/2025",
="800000927",="Present",="8/4/2025",
="800001104",="Present",="8/4/2025",
="800001142",="Present",="8/4/2025",
="800001268",="Present",="8/4/2025",
="800001292",="Present",="8/4/2025",
="800001318",="Present",="8/4/2025",
="800001410",="Present",="8/4/2025",
="800001562",="Present",="8/4/2025",
="770000409",="Present",="8/11/2025",
="800001104",="Present",="8/11/2025",
="800001142",="Present",="8/11/2025",
="800001292",="Present",="8/11/2025",
="800001318",="Present",="8/11/2025",
="770000203",="Present",="6/9/2025",
="770000203",="Present",="6/16/2025",
="770000203",="Present",="7/28/2025",
="800000957",="Present",="7/28/2025",
="800001466",="Tardy/Late",="5/15/2025",
="800001591",="Tardy/Late",="5/15/2025",
="770062456",="Present",="8/15/2025",
="800001001",="Present",="8/15/2025",
="800001417",="Present",="8/15/2025",
="800001459",="Present",="8/15/2025",
="800001508",="Present",="8/15/2025",
="800001586",="Absent",="8/15/2025",
="800001593",="Present",="8/15/2025",
="800001598",="Present",="8/15/2025",
="800001657",="Present",="8/15/2025",
="770062456",="Present",="6/27/2025",
="800001001",="Present",="6/27/2025",
="800001417",="Present",="6/27/2025",
="800001459",="Present",="6/27/2025",
="800001508",="Present",="6/27/2025",
="800001586",="Present",="6/27/2025",
="800001593",="Present",="6/27/2025",
="800001598",="Present",="6/27/2025",
="800001657",="Present",="6/27/2025",
="800001590",="Present",="8/12/2025",
="800001147",="Present",="7/24/2025",
="800001497",="Present",="7/24/2025",
="800001679",="Present",="7/24/2025",
="770007073",="Present",="7/31/2025",
="800000649",="Present",="7/31/2025",
="800000879",="Present",="7/31/2025",
="800000893",="Present",="7/31/2025",
="800000934",="Present",="7/31/2025",
="800001147",="Present",="7/31/2025",
="800001276",="Present",="7/31/2025",
="800001497",="Present",="7/31/2025",
="800001679",="Present",="7/31/2025",
="770007073",="Present",="8/7/2025",
="800000649",="Present",="8/7/2025",
="800000879",="Present",="8/7/2025",
="800000893",="Present",="8/7/2025",
="800000934",="Present",="8/7/2025",
="800001147",="Present",="8/7/2025",
="800001276",="Present",="8/7/2025",
="800001497",="Present",="8/7/2025",
="800001679",="Present",="8/7/2025",
="800000228",="Present",="6/25/2025",
="800001030",="Present",="6/25/2025",
="800001417",="Present",="6/25/2025",
="800001468",="Present",="6/25/2025",
="800001688",="Present",="6/25/2025",
="800001696",="Present",="6/25/2025",
="800001330",="Present",="6/26/2025",
="800001511",="Present",="6/26/2025",
="800001530",="Present",="6/26/2025",
="800001532",="Present",="6/26/2025",
="800001548",="Present",="6/26/2025",
="800001557",="Present",="6/26/2025",
="800001619",="Present",="6/26/2025",
="800000228",="Present",="7/2/2025",
="800001030",="Present",="7/2/2025",
="800001468",="Present",="7/2/2025",
="800001533",="Present",="7/2/2025",
="800001644",="Present",="7/2/2025",
="800001688",="Present",="7/2/2025",
="800001696",="Present",="7/2/2025",
="800001330",="Present",="7/3/2025",
="800001530",="Present",="7/3/2025",
="800001557",="Present",="7/3/2025",
="800001619",="Present",="7/3/2025",
