Student Id Number,Attendance Type,Attendance Date,
="770000737",="Present",="1/5/2026",
="800001833",="Absent",="1/5/2026",
="800001845",="Absent",="1/5/2026",
="800001903",="Present",="1/5/2026",
="800001909",="Present",="1/5/2026",
="800001921",="Present",="1/5/2026",
="800001943",="Present",="1/5/2026",
="800001955",="Present",="1/5/2026",
="800001983",="Present",="1/5/2026",
="800001986",="Present",="1/5/2026",
="800001987",="Present",="1/5/2026",
="800002008",="Present",="1/5/2026",
="800002023",="Present",="1/5/2026",
="800002026",="Present",="1/5/2026",
="800002029",="Present",="1/5/2026",
="800002032",="Absent",="1/5/2026",
="800002042",="Present",="1/5/2026",
="800002044",="Present",="1/5/2026",
="800002049",="Present",="1/5/2026",
="800002052",="Present",="1/5/2026",
="800002060",="Absent",="1/5/2026",
="800002062",="Present",="1/5/2026",
="800001533",="Present",="1/5/2026",
="800001563",="Present",="1/5/2026",
="800001650",="Present",="1/5/2026",
="800001710",="Present",="1/5/2026",
="800001729",="Present",="1/5/2026",
="800001735",="Present",="1/5/2026",
="800001769",="Present",="1/5/2026",
="800001771",="Present",="1/5/2026",
="800001775",="Present",="1/5/2026",
="800001815",="Present",="1/5/2026",
="800001441",="Present",="1/6/2026",
="800001604",="Present",="1/6/2026",
="800001703",="Present",="1/6/2026",
="800001823",="Absent",="1/6/2026",
="800001830",="Absent",="1/6/2026",
="800001831",="Present",="1/6/2026",
="800001849",="Present",="1/6/2026",
="800001850",="Present",="1/6/2026",
="800001855",="Absent",="1/6/2026",
="800001860",="Present",="1/6/2026",
="800001863",="Present",="1/6/2026",
="800001864",="Absent",="1/6/2026",
="800001874",="Present",="1/6/2026",
="800001884",="Present",="1/6/2026",
="800001985",="Present",="1/6/2026",
="800002001",="Present",="1/6/2026",
="800002010",="Present",="1/6/2026",
="800002011",="Present",="1/6/2026",
="800002015",="Present",="1/6/2026",
="800002017",="Present",="1/6/2026",
="800002018",="Present",="1/6/2026",
="800002020",="Present",="1/6/2026",
="800002021",="Present",="1/6/2026",
="800002027",="Absent",="1/6/2026",
="800002035",="Present",="1/6/2026",
="800002036",="Present",="1/6/2026",
="800002044",="Present",="1/6/2026",
="800002053",="Present",="1/6/2026",
="800002059",="Present",="1/6/2026",
="800002066",="Absent",="1/6/2026",
="800000941",="Present",="1/6/2026",
="800001094",="Present",="1/6/2026",
="800001322",="Present",="1/6/2026",
="800001324",="Present",="1/6/2026",
="800001368",="Present",="1/6/2026",
="800001445",="Present",="1/6/2026",
="800001468",="Present",="1/6/2026",
="800001529",="Present",="1/6/2026",
="800001626",="Present",="1/6/2026",
="800001673",="Present",="1/6/2026",
="800001679",="Present",="1/6/2026",
="800002005",="Present",="1/6/2026",
="800001958",="Present",="1/6/2026",
="800001959",="Present",="1/6/2026",
="800001963",="Present",="1/6/2026",
="800001441",="Present",="1/7/2026",
="800001604",="Present",="1/7/2026",
="800001831",="Present",="1/7/2026",
="800001849",="Present",="1/7/2026",
="800001855",="Absent",="1/7/2026",
="800001863",="Present",="1/7/2026",
="800001972",="Absent",="1/7/2026",
="800001985",="Present",="1/7/2026",
="800002001",="Present",="1/7/2026",
="800002011",="Present",="1/7/2026",
="800002015",="Present",="1/7/2026",
="800002017",="Present",="1/7/2026",
="800002018",="Present",="1/7/2026",
="800002020",="Present",="1/7/2026",
="800002021",="Present",="1/7/2026",
="800002026",="Present",="1/7/2026",
="800002036",="Present",="1/7/2026",
="800002042",="Present",="1/7/2026",
="800002053",="Present",="1/7/2026",
="800002066",="Present",="1/7/2026",
="800000722",="Absent",="1/7/2026",
="800001513",="Absent",="1/7/2026",
="800001958",="Present",="1/7/2026",
="800001959",="Present",="1/7/2026",
="800001963",="Present",="1/7/2026",
="770062103",="Present",="1/7/2026",
="800001322",="Present",="1/7/2026",
="800001324",="Present",="1/7/2026",
="800001502",="Present",="1/7/2026",
="800001508",="Present",="1/7/2026",
="800001657",="Present",="1/7/2026",
="800001902",="Present",="1/7/2026",
="800002005",="Present",="1/7/2026",
="800002038",="Present",="1/7/2026",
="800000348",="Present",="1/5/2026",
="800001330",="Absent",="1/5/2026",
="800001443",="Present",="1/5/2026",
="800001634",="Present",="1/5/2026",
="800001665",="Present",="1/5/2026",
="800001667",="Absent",="1/5/2026",
="800001691",="Absent",="1/5/2026",
="800001733",="Present",="1/5/2026",
="800001862",="Present",="1/5/2026",
="800001867",="Present",="1/5/2026",
="800001878",="Absent",="1/5/2026",
="800001892",="Present",="1/5/2026",
="800001905",="Present",="1/5/2026",
="800001908",="Present",="1/5/2026",
="800001910",="Present",="1/5/2026",
="800001934",="Present",="1/5/2026",
="800001114",="Present",="1/5/2026",
="800001197",="Present",="1/5/2026",
="800001308",="Present",="1/5/2026",
="800001439",="Present",="1/5/2026",
="800001517",="Present",="1/5/2026",
="800001543",="Present",="1/5/2026",
="800001572",="Present",="1/5/2026",
="800001633",="Absent",="1/5/2026",
="800001643",="Present",="1/5/2026",
="800001689",="Present",="1/5/2026",
="800001714",="Present",="1/5/2026",
="800001724",="Present",="1/5/2026",
="800001739",="Present",="1/5/2026",
="800001821",="Present",="1/5/2026",
="800001829",="Present",="1/5/2026",
="800001840",="Present",="1/5/2026",
="800001841",="Present",="1/5/2026",
="800001842",="Present",="1/5/2026",
="800001852",="Present",="1/5/2026",
="800001856",="Present",="1/5/2026",
="800001876",="Absent",="1/5/2026",
="800001917",="Present",="1/5/2026",
="800001922",="Present",="1/5/2026",
="800001924",="Present",="1/5/2026",
="800001925",="Present",="1/5/2026",
="800001928",="Present",="1/5/2026",
="800001939",="Present",="1/5/2026",
="800001940",="Present",="1/5/2026",
="800000348",="Present",="1/6/2026",
="800001330",="Absent",="1/6/2026",
="800001443",="Present",="1/6/2026",
="800001634",="Present",="1/6/2026",
="800001650",="Present",="1/6/2026",
="800001665",="Present",="1/6/2026",
="800001667",="Present",="1/6/2026",
="800001691",="Present",="1/6/2026",
="800001733",="Present",="1/6/2026",
="800001815",="Present",="1/6/2026",
="800001862",="Present",="1/6/2026",
="800001867",="Present",="1/6/2026",
="800001878",="Present",="1/6/2026",
="800001892",="Present",="1/6/2026",
="800001905",="Present",="1/6/2026",
="800001908",="Absent",="1/6/2026",
="800001910",="Present",="1/6/2026",
="800001934",="Present",="1/6/2026",
="800001114",="Present",="1/6/2026",
="800001197",="Present",="1/6/2026",
="800001308",="Present",="1/6/2026",
="800001439",="Present",="1/6/2026",
="800001517",="Present",="1/6/2026",
="800001543",="Present",="1/6/2026",
="800001572",="Present",="1/6/2026",
="800001633",="Absent",="1/6/2026",
="800001643",="Present",="1/6/2026",
="800001689",="Present",="1/6/2026",
="800001714",="Present",="1/6/2026",
="800001724",="Present",="1/6/2026",
="800001739",="Present",="1/6/2026",
="800001821",="Present",="1/6/2026",
="800001829",="Present",="1/6/2026",
="800001840",="Present",="1/6/2026",
="800001841",="Present",="1/6/2026",
="800001842",="Present",="1/6/2026",
="800001852",="Present",="1/6/2026",
="800001856",="Present",="1/6/2026",
="800001876",="Present",="1/6/2026",
="800001917",="Present",="1/6/2026",
="800001922",="Present",="1/6/2026",
="800001924",="Present",="1/6/2026",
="800001925",="Present",="1/6/2026",
="800001928",="Present",="1/6/2026",
="800001939",="Present",="1/6/2026",
="800001940",="Present",="1/6/2026",
="800000754",="Present",="1/7/2026",
="800000941",="Present",="1/7/2026",
="800001368",="Present",="1/7/2026",
="800001607",="Absent",="1/7/2026",
="800001626",="Absent",="1/7/2026",
="800001701",="Present",="1/7/2026",
="800001827",="Present",="1/7/2026",
="800001838",="Present",="1/7/2026",
="800001513",="Present",="1/8/2026",
="800001591",="Present",="1/8/2026",
="800000722",="Present",="1/7/2026",
="800001513",="Present",="1/7/2026",
="770000409",="Present",="1/5/2026",
="770017870",="Present",="1/5/2026",
="800000934",="Absent",="1/5/2026",
="800001142",="Present",="1/5/2026",
="800001196",="Present",="1/5/2026",
="800001268",="Absent",="1/5/2026",
="800001292",="Present",="1/5/2026",
="800001318",="Present",="1/5/2026",
="800001410",="Absent",="1/5/2026",
="800001562",="Absent",="1/5/2026",
="800001308",="Absent",="1/7/2026",
="800001330",="Absent",="1/7/2026",
="800001517",="Present",="1/7/2026",
="800001634",="Present",="1/7/2026",
="800001665",="Present",="1/7/2026",
="800001667",="Present",="1/7/2026",
="800001681",="Present",="1/7/2026",
="800001689",="Absent",="1/7/2026",
="800001691",="Absent",="1/7/2026",
="800001739",="Present",="1/7/2026",
="800001802",="Absent",="1/7/2026",
="800001862",="Present",="1/7/2026",
="770062103",="Present",="1/8/2026",
="800000754",="Present",="1/8/2026",
="800001502",="Present",="1/8/2026",
="800001508",="Present",="1/8/2026",
="800001657",="Present",="1/8/2026",
="800001701",="Absent",="1/8/2026",
="800001827",="Present",="1/8/2026",
="800001838",="Absent",="1/8/2026",
="800001958",="Present",="1/8/2026",
="800001959",="Present",="1/8/2026",
="800001963",="Present",="1/8/2026",
="800000722",="Present",="1/8/2026",
="800001703",="Absent",="1/8/2026",
="800001902",="Present",="1/8/2026",
="800001972",="Absent",="1/8/2026",
="800002005",="Present",="1/8/2026",
="800002015",="Present",="1/8/2026",
="800002038",="Present",="1/8/2026",
="800001114",="Present",="1/8/2026",
="800001308",="Present",="1/8/2026",
="800001330",="Absent",="1/8/2026",
="800001543",="Present",="1/8/2026",
="800001572",="Present",="1/8/2026",
="800001590",="Present",="1/8/2026",
="800001723",="Present",="1/8/2026",
="800001739",="Present",="1/8/2026",
="800001775",="Present",="1/8/2026",
="800001802",="Present",="1/8/2026",
="800001852",="Present",="1/8/2026",
="800001862",="Present",="1/8/2026",
="800001864",="Present",="1/8/2026",
="800001867",="Present",="1/8/2026",
="800001878",="Present",="1/8/2026",
="800001884",="Present",="1/8/2026",
="800001888",="Present",="1/8/2026",
="800001892",="Present",="1/8/2026",
="800001905",="Present",="1/8/2026",
="800001908",="Present",="1/8/2026",
="800001910",="Present",="1/8/2026",
="800001917",="Present",="1/8/2026",
="800001928",="Present",="1/8/2026",
="800001934",="Present",="1/8/2026",
="800001940",="Present",="1/8/2026",
="800001954",="Present",="1/8/2026",
="800001842",="Absent",="1/5/2026",
="800002064",="Present",="1/5/2026",
="800001441",="Present",="1/5/2026",
="800001823",="Absent",="1/5/2026",
="800001849",="Present",="1/5/2026",
="800001855",="Present",="1/5/2026",
="800001863",="Present",="1/5/2026",
="800001884",="Present",="1/5/2026",
="800001888",="Absent",="1/5/2026",
="800001950",="Present",="1/5/2026",
="800001954",="Present",="1/5/2026",
="800001985",="Present",="1/5/2026",
="800002001",="Present",="1/5/2026",
="800002010",="Present",="1/5/2026",
="800002011",="Present",="1/5/2026",
="800002017",="Present",="1/5/2026",
="800002018",="Present",="1/5/2026",
="800002020",="Present",="1/5/2026",
="800002021",="Present",="1/5/2026",
="800002027",="Absent",="1/5/2026",
="800002035",="Present",="1/5/2026",
="800002036",="Present",="1/5/2026",
="800002051",="Present",="1/5/2026",
="800002053",="Present",="1/5/2026",
="800002059",="Present",="1/5/2026",
="800002066",="Present",="1/5/2026",
="800001888",="Absent",="1/6/2026",
="800001950",="Present",="1/6/2026",
="800001955",="Present",="1/6/2026",
="800002066",="Present",="1/6/2026",
="800001954",="Present",="1/6/2026",
="800002042",="Present",="1/6/2026",
="800002049",="Present",="1/6/2026",
="800002051",="Present",="1/6/2026",
="800001315",="Absent",="1/5/2026",
="800001498",="Present",="1/5/2026",
="800001553",="Present",="1/5/2026",
="800001580",="Present",="1/5/2026",
="800001587",="Present",="1/5/2026",
="800001593",="Present",="1/5/2026",
="800001605",="Present",="1/5/2026",
="800001625",="Present",="1/5/2026",
="800001644",="Present",="1/5/2026",
="800001655",="Present",="1/5/2026",
="800001695",="Present",="1/5/2026",
="800001711",="Present",="1/5/2026",
="800001712",="Present",="1/5/2026",
="800001740",="Present",="1/5/2026",
="800001751",="Present",="1/5/2026",
="800001757",="Present",="1/5/2026",
="800001761",="Present",="1/5/2026",
="800001776",="Present",="1/5/2026",
="800001778",="Present",="1/5/2026",
="800001789",="Absent",="1/5/2026",
="800001793",="Present",="1/5/2026",
="800001798",="Present",="1/5/2026",
="800001802",="Present",="1/5/2026",
="800001803",="Present",="1/5/2026",
="800001813",="Present",="1/5/2026",
="800000428",="Present",="1/7/2026",
="800000461",="Present",="1/7/2026",
="800000625",="Present",="1/7/2026",
="800000774",="Present",="1/7/2026",
="800001197",="Present",="1/8/2026",
="800001434",="Present",="1/8/2026",
="800001439",="Present",="1/8/2026",
="800001649",="Present",="1/8/2026",
="800001667",="Present",="1/8/2026",
="800001691",="Present",="1/8/2026",
="800001815",="Present",="1/8/2026",
="800001821",="Present",="1/8/2026",
="800001829",="Present",="1/8/2026",
="800001833",="Present",="1/8/2026",
="800001840",="Present",="1/8/2026",
="800001841",="Present",="1/8/2026",
="800001842",="Present",="1/8/2026",
="800001850",="Present",="1/8/2026",
="800001856",="Present",="1/8/2026",
="800001860",="Present",="1/8/2026",
="800001876",="Present",="1/8/2026",
="800001903",="Present",="1/8/2026",
="800001922",="Present",="1/8/2026",
="800001924",="Present",="1/8/2026",
="800001925",="Present",="1/8/2026",
="800001939",="Present",="1/8/2026",
="800001972",="Present",="1/8/2026",
="800001591",="Present",="1/9/2026",
="800001963",="Present",="1/9/2026",
="800000927",="Present",="1/9/2026",
="800001094",="Present",="1/9/2026",
="800001368",="Present",="1/9/2026",
="800001415",="Present",="1/9/2026",
="800001445",="Present",="1/9/2026",
="800001529",="Present",="1/9/2026",
="800001673",="Present",="1/9/2026",
="800002038",="Present",="1/9/2026",
="800001703",="Absent",="1/9/2026",
="800001855",="Absent",="1/9/2026",
="800001863",="Tardy/Late",="1/9/2026",
="800001902",="Tardy/Late",="1/9/2026",
="800001985",="Tardy/Late",="1/9/2026",
="800002001",="Tardy/Late",="1/9/2026",
="800002011",="Tardy/Late",="1/9/2026",
="800002015",="Absent",="1/9/2026",
="800002021",="Tardy/Late",="1/9/2026",
="800002027",="Absent",="1/9/2026",
="800002038",="Tardy/Late",="1/9/2026",
="800002053",="Tardy/Late",="1/9/2026",
="800002059",="Tardy/Late",="1/9/2026",
="800002066",="Absent",="1/9/2026",
="800001415",="Present",="1/10/2026",
="800001445",="Present",="1/10/2026",
="800001468",="Present",="1/10/2026",
="800001562",="Present",="1/10/2026",
="800001657",="Present",="1/10/2026",
="800001681",="Present",="1/10/2026",
="800001701",="Absent",="1/10/2026",
="800001827",="Present",="1/10/2026",
="800001838",="Present",="1/10/2026",
="800000722",="Present",="1/10/2026",
="800001591",="Present",="1/10/2026",
="800001963",="Present",="1/10/2026",
="800001559",="Present",="1/9/2026",
="800001679",="Present",="1/9/2026",
="800001830",="Present",="1/9/2026",
="800001902",="Present",="1/9/2026",
="800001909",="Present",="1/9/2026",
="800001948",="Present",="1/9/2026",
="800001949",="Present",="1/9/2026",
="800001991",="Absent",="1/9/2026",
="800001998",="Present",="1/9/2026",
="800002005",="Present",="1/9/2026",
="800002029",="Absent",="1/9/2026",
="800001559",="Absent",="1/8/2026",
="800001845",="Present",="1/8/2026",
="800001864",="Absent",="1/8/2026",
="800001948",="Present",="1/8/2026",
="800001949",="Present",="1/8/2026",
="800001955",="Present",="1/8/2026",
="800001983",="Present",="1/8/2026",
="800001986",="Present",="1/8/2026",
="800001987",="Present",="1/8/2026",
="800001991",="Absent",="1/8/2026",
="800001998",="Present",="1/8/2026",
="800002008",="Present",="1/8/2026",
="800002023",="Present",="1/8/2026",
="800002026",="Present",="1/8/2026",
="800002029",="Absent",="1/8/2026",
="800002042",="Present",="1/8/2026",
="800002049",="Present",="1/8/2026",
="800002052",="Present",="1/8/2026",
="800002060",="Absent",="1/8/2026",
="800002062",="Present",="1/8/2026",
="800002064",="Present",="1/8/2026",
="800001441",="Present",="1/12/2026",
="800001823",="Absent",="1/12/2026",
="800001849",="Present",="1/12/2026",
="800001855",="Absent",="1/12/2026",
="800001863",="Present",="1/12/2026",
="800001884",="Present",="1/12/2026",
="800001888",="Present",="1/12/2026",
="800001950",="Present",="1/12/2026",
="800001954",="Present",="1/12/2026",
="800001985",="Present",="1/12/2026",
="800002001",="Present",="1/12/2026",
="800002010",="Present",="1/12/2026",
="800002011",="Present",="1/12/2026",
="800002017",="Present",="1/12/2026",
="800002018",="Present",="1/12/2026",
="800002020",="Present",="1/12/2026",
="800002021",="Present",="1/12/2026",
="800002027",="Absent",="1/12/2026",
="800002035",="Present",="1/12/2026",
="800002036",="Present",="1/12/2026",
="800002051",="Present",="1/12/2026",
="800002053",="Present",="1/12/2026",
="800002059",="Present",="1/12/2026",
="800002066",="Present",="1/12/2026",
="800001197",="Present",="1/10/2026",
="800001439",="Present",="1/10/2026",
="800001553",="Present",="1/10/2026",
="800001649",="Present",="1/10/2026",
="800001650",="Present",="1/10/2026",
="800001723",="Present",="1/10/2026",
="800001735",="Present",="1/10/2026",
="800001833",="Absent",="1/10/2026",
="800001840",="Present",="1/10/2026",
="800001841",="Present",="1/10/2026",
="800001842",="Present",="1/10/2026",
="800001850",="Present",="1/10/2026",
="800001852",="Present",="1/10/2026",
="800001856",="Present",="1/10/2026",
="800001860",="Present",="1/10/2026",
="800001874",="Present",="1/10/2026",
="800001888",="Present",="1/10/2026",
="800001917",="Present",="1/10/2026",
="800001921",="Present",="1/10/2026",
="800001922",="Present",="1/10/2026",
="800001924",="Present",="1/10/2026",
="800001925",="Present",="1/10/2026",
="800001928",="Present",="1/10/2026",
="800001939",="Present",="1/10/2026",
="800001954",="Present",="1/10/2026",
="770000737",="Present",="1/10/2026",
="800001572",="Present",="1/10/2026",
="800001823",="Absent",="1/10/2026",
="800001829",="Present",="1/10/2026",
="800001845",="Absent",="1/10/2026",
="800001864",="Present",="1/10/2026",
="800001876",="Present",="1/10/2026",
="800001878",="Present",="1/10/2026",
="800001905",="Absent",="1/10/2026",
="800001908",="Present",="1/10/2026",
="800001909",="Present",="1/10/2026",
="800001910",="Absent",="1/10/2026",
="800001934",="Present",="1/10/2026",
="800001204",="Present",="1/7/2026",
="800001315",="Present",="1/7/2026",
="800001459",="Present",="1/7/2026",
="800001498",="Present",="1/7/2026",
="800001505",="Present",="1/7/2026",
="800001530",="Present",="1/7/2026",
="800001532",="Present",="1/7/2026",
="800001533",="Present",="1/7/2026",
="800001553",="Present",="1/7/2026",
="800001557",="Present",="1/7/2026",
="800001580",="Present",="1/7/2026",
="800001593",="Present",="1/7/2026",
="800001598",="Present",="1/7/2026",
="800001605",="Present",="1/7/2026",
="800001688",="Present",="1/7/2026",
="800001697",="Present",="1/7/2026",
="800001711",="Present",="1/7/2026",
="800001712",="Present",="1/7/2026",
="800001740",="Present",="1/7/2026",
="800001751",="Present",="1/7/2026",
="800001757",="Present",="1/7/2026",
="800001761",="Present",="1/7/2026",
="800001793",="Present",="1/7/2026",
="800001803",="Present",="1/7/2026",
="800001813",="Present",="1/7/2026",
="800001030",="Present",="1/7/2026",
="800001265",="Absent",="1/7/2026",
="800001417",="Absent",="1/7/2026",
="800001528",="Present",="1/7/2026",
="800001530",="Absent",="1/7/2026",
="800001534",="Absent",="1/7/2026",
="800001587",="Absent",="1/7/2026",
="800001655",="Absent",="1/7/2026",
="800001668",="Present",="1/7/2026",
="800001798",="Present",="1/7/2026",
="770000323",="Present",="1/7/2026",
="770000409",="Present",="1/7/2026",
="800000934",="Present",="1/7/2026",
="800001142",="Present",="1/7/2026",
="800001196",="Present",="1/7/2026",
="800001292",="Present",="1/7/2026",
="800001318",="Present",="1/7/2026",
="800001410",="Present",="1/7/2026",
="800001679",="Present",="1/7/2026",
="800000762",="Present",="1/7/2026",
="800001204",="Present",="1/9/2026",
="800001498",="Present",="1/9/2026",
="800001505",="Present",="1/9/2026",
="800001530",="Present",="1/9/2026",
="800001532",="Present",="1/9/2026",
="800001533",="Present",="1/9/2026",
="800001553",="Present",="1/9/2026",
="800001557",="Present",="1/9/2026",
="800001580",="Present",="1/9/2026",
="800001593",="Present",="1/9/2026",
="800001598",="Present",="1/9/2026",
="800001605",="Present",="1/9/2026",
="800001681",="Present",="1/9/2026",
="800001688",="Present",="1/9/2026",
="800001697",="Present",="1/9/2026",
="800001711",="Present",="1/9/2026",
="800001712",="Present",="1/9/2026",
="800001740",="Present",="1/9/2026",
="800001751",="Present",="1/9/2026",
="800001757",="Present",="1/9/2026",
="800001761",="Present",="1/9/2026",
="800001793",="Present",="1/9/2026",
="800001803",="Present",="1/9/2026",
="800001813",="Present",="1/9/2026",
="770000323",="Present",="1/9/2026",
="770000409",="Present",="1/9/2026",
="800000934",="Absent",="1/9/2026",
="800001142",="Present",="1/9/2026",
="800001196",="Present",="1/9/2026",
="800001292",="Present",="1/9/2026",
="800001318",="Present",="1/9/2026",
="800001410",="Present",="1/9/2026",
="800002051",="Absent",="1/6/2026",
="800000785",="Present",="1/8/2026",
="800001315",="Present",="1/8/2026",
="800001443",="Present",="1/8/2026",
="800001505",="Present",="1/8/2026",
="800001553",="Present",="1/8/2026",
="800001563",="Present",="1/8/2026",
="800001587",="Present",="1/8/2026",
="800001598",="Present",="1/8/2026",
="800001605",="Present",="1/8/2026",
="800001625",="Present",="1/8/2026",
="800001644",="Present",="1/8/2026",
="800001650",="Present",="1/8/2026",
="800001655",="Present",="1/8/2026",
="800001695",="Present",="1/8/2026",
="800001710",="Present",="1/8/2026",
="800001711",="Present",="1/8/2026",
="800001712",="Present",="1/8/2026",
="800001729",="Present",="1/8/2026",
="800001740",="Present",="1/8/2026",
="800001751",="Present",="1/8/2026",
="800001757",="Present",="1/8/2026",
="800001769",="Present",="1/8/2026",
="800001793",="Present",="1/8/2026",
="800001803",="Present",="1/8/2026",
="800001813",="Present",="1/8/2026",
="800000348",="Present",="1/12/2026",
="800001443",="Present",="1/12/2026",
="800001650",="Present",="1/12/2026",
="800001665",="Present",="1/12/2026",
="800001667",="Present",="1/12/2026",
="800001733",="Present",="1/12/2026",
="800001815",="Present",="1/12/2026",
="800001862",="Present",="1/12/2026",
="800001867",="Present",="1/12/2026",
="800001878",="Present",="1/12/2026",
="800001892",="Present",="1/12/2026",
="800001905",="Present",="1/12/2026",
="800001910",="Present",="1/12/2026",
="800001934",="Present",="1/12/2026",
="800001114",="Present",="1/12/2026",
="800001197",="Present",="1/12/2026",
="800001308",="Present",="1/12/2026",
="800001439",="Present",="1/12/2026",
="800001517",="Present",="1/12/2026",
="800001543",="Present",="1/12/2026",
="800001572",="Present",="1/12/2026",
="800001633",="Present",="1/12/2026",
="800001643",="Present",="1/12/2026",
="800001689",="Present",="1/12/2026",
="800001714",="Present",="1/12/2026",
="800001724",="Present",="1/12/2026",
="800001739",="Present",="1/12/2026",
="800001821",="Present",="1/12/2026",
="800001829",="Present",="1/12/2026",
="800001840",="Present",="1/12/2026",
="800001841",="Present",="1/12/2026",
="800001852",="Present",="1/12/2026",
="800001856",="Present",="1/12/2026",
="800001876",="Present",="1/12/2026",
="800001917",="Present",="1/12/2026",
="800001924",="Present",="1/12/2026",
="800001925",="Present",="1/12/2026",
="800001928",="Present",="1/12/2026",
="800001939",="Present",="1/12/2026",
="800001940",="Present",="1/12/2026",
="800001434",="Present",="1/12/2026",
="800001533",="Present",="1/12/2026",
="800001563",="Present",="1/12/2026",
="800001708",="Present",="1/12/2026",
="800001710",="Present",="1/12/2026",
="800001729",="Present",="1/12/2026",
="800001735",="Present",="1/12/2026",
="800001769",="Present",="1/12/2026",
="800001771",="Present",="1/12/2026",
="800001775",="Present",="1/12/2026",
="800001441",="Present",="1/10/2026",
="800001559",="Present",="1/10/2026",
="800001948",="Present",="1/10/2026",
="800001949",="Present",="1/10/2026",
="800001955",="Present",="1/10/2026",
="800001983",="Present",="1/10/2026",
="800001986",="Present",="1/10/2026",
="800001987",="Present",="1/10/2026",
="800001991",="Absent",="1/10/2026",
="800002008",="Present",="1/10/2026",
="800002017",="Present",="1/10/2026",
="800002018",="Present",="1/10/2026",
="800002020",="Present",="1/10/2026",
="800002023",="Present",="1/10/2026",
="800002029",="Absent",="1/10/2026",
="800002035",="Present",="1/10/2026",
="800002036",="Present",="1/10/2026",
="800002042",="Present",="1/10/2026",
="800002044",="Present",="1/10/2026",
="800002049",="Present",="1/10/2026",
="800002052",="Present",="1/10/2026",
="800002060",="Absent",="1/10/2026",
="800002062",="Present",="1/10/2026",
="800002064",="Absent",="1/10/2026",
="800001830",="Present",="1/10/2026",
="800001998",="Present",="1/10/2026",
="800001434",="Present",="1/10/2026",
="800001580",="Present",="1/10/2026",
="800001590",="Present",="1/10/2026",
="800001708",="Present",="1/10/2026",
="800001740",="Present",="1/10/2026",
="800001771",="Present",="1/10/2026",
="800001831",="Present",="1/10/2026",
="800001903",="Present",="1/10/2026",
="800001940",="Present",="1/10/2026",
="800001943",="Present",="1/10/2026",
="800001950",="Present",="1/10/2026",
="800002064",="Present",="1/10/2026",
="770062103",="Present",="1/5/2026",
="800001502",="Present",="1/5/2026",
="800001508",="Absent",="1/5/2026",
="800001607",="Absent",="1/5/2026",
="800001626",="Present",="1/5/2026",
="800001657",="Present",="1/5/2026",
="800001701",="Absent",="1/5/2026",
="800001827",="Present",="1/5/2026",
="800001838",="Present",="1/5/2026",
="800000754",="Present",="1/5/2026",
="800000941",="Absent",="1/5/2026",
="800001094",="Absent",="1/5/2026",
="800001368",="Present",="1/5/2026",
="800001529",="Present",="1/5/2026",
="800001548",="Present",="1/5/2026",
="800001673",="Present",="1/5/2026",
="770062103",="Present",="1/12/2026",
="800001502",="Present",="1/12/2026",
="800001508",="Present",="1/12/2026",
="800001607",="Absent",="1/12/2026",
="800001626",="Present",="1/12/2026",
="800001657",="Present",="1/12/2026",
="800001701",="Present",="1/12/2026",
="800001827",="Present",="1/12/2026",
="800001838",="Present",="1/12/2026",
="800000754",="Present",="1/12/2026",
="800000941",="Absent",="1/12/2026",
="800001094",="Absent",="1/12/2026",
="800001368",="Present",="1/12/2026",
="800001529",="Present",="1/12/2026",
="800001548",="Absent",="1/12/2026",
="800001673",="Present",="1/12/2026",
="800001315",="Present",="1/12/2026",
="800001498",="Present",="1/12/2026",
="800001553",="Present",="1/12/2026",
="800001580",="Present",="1/12/2026",
="800001587",="Present",="1/12/2026",
="800001593",="Present",="1/12/2026",
="800001605",="Present",="1/12/2026",
="800001625",="Present",="1/12/2026",
="800001644",="Present",="1/12/2026",
="800001655",="Present",="1/12/2026",
="800001695",="Present",="1/12/2026",
="800001711",="Present",="1/12/2026",
="800001712",="Present",="1/12/2026",
="800001740",="Present",="1/12/2026",
="800001751",="Present",="1/12/2026",
="800001757",="Present",="1/12/2026",
="800001761",="Present",="1/12/2026",
="800001776",="Present",="1/12/2026",
="800001778",="Present",="1/12/2026",
="800001789",="Present",="1/12/2026",
="800001793",="Present",="1/12/2026",
="800001798",="Present",="1/12/2026",
="800001802",="Present",="1/12/2026",
="800001803",="Present",="1/12/2026",
="800001813",="Present",="1/12/2026",
="800001823",="Absent",="1/13/2026",
="800001849",="Present",="1/13/2026",
="800001855",="Absent",="1/13/2026",
="800001863",="Present",="1/13/2026",
="800001888",="Present",="1/13/2026",
="800001950",="Present",="1/13/2026",
="800001985",="Present",="1/13/2026",
="800002001",="Present",="1/13/2026",
="800002010",="Present",="1/13/2026",
="800002011",="Present",="1/13/2026",
="800002017",="Present",="1/13/2026",
="800002018",="Present",="1/13/2026",
="800002020",="Present",="1/13/2026",
="800002021",="Present",="1/13/2026",
="800002027",="Absent",="1/13/2026",
="800002035",="Present",="1/13/2026",
="800002036",="Present",="1/13/2026",
="800002053",="Present",="1/13/2026",
="800002066",="Present",="1/13/2026",
="770000737",="Present",="1/12/2026",
="800001833",="Present",="1/12/2026",
="800001842",="Present",="1/12/2026",
="800001845",="Present",="1/12/2026",
="800001903",="Present",="1/12/2026",
="800001909",="Present",="1/12/2026",
="800001921",="Present",="1/12/2026",
="800001922",="Present",="1/12/2026",
="800001943",="Present",="1/12/2026",
="800001955",="Present",="1/12/2026",
="800001983",="Present",="1/12/2026",
="800001986",="Present",="1/12/2026",
="800001987",="Present",="1/12/2026",
="800002008",="Present",="1/12/2026",
="800002023",="Present",="1/12/2026",
="800002026",="Present",="1/12/2026",
="800002029",="Present",="1/12/2026",
="800002042",="Present",="1/12/2026",
="800002044",="Present",="1/12/2026",
="800002049",="Present",="1/12/2026",
="800002052",="Present",="1/12/2026",
="800002060",="Absent",="1/12/2026",
="800002062",="Present",="1/12/2026",
="800002064",="Present",="1/12/2026",
="770017870",="Present",="1/8/2026",
="800001094",="Present",="1/8/2026",
="800001268",="Present",="1/8/2026",
="800001529",="Present",="1/8/2026",
="800001548",="Present",="1/8/2026",
="800001562",="Present",="1/8/2026",
="800001673",="Present",="1/8/2026",
="770000409",="Present",="1/12/2026",
="770017870",="Present",="1/12/2026",
="800000934",="Present",="1/12/2026",
="800001142",="Absent",="1/12/2026",
="800001196",="Present",="1/12/2026",
="800001268",="Present",="1/12/2026",
="800001292",="Present",="1/12/2026",
="800001318",="Present",="1/12/2026",
="800001410",="Present",="1/12/2026",
="800001562",="Present",="1/12/2026",
="800001441",="Present",="1/13/2026",
="800001884",="Present",="1/13/2026",
="800001954",="Present",="1/13/2026",
="800002042",="Present",="1/13/2026",
="800002051",="Present",="1/13/2026",
="800002059",="Present",="1/13/2026",
="800000927",="Present",="1/6/2026",
="800001410",="Present",="1/6/2026",
="800001548",="Present",="1/6/2026",
="800000927",="Present",="1/13/2026",
="800001094",="Present",="1/13/2026",
="800001410",="Present",="1/13/2026",
="800001529",="Present",="1/13/2026",
="800001548",="Present",="1/13/2026",
="800000348",="Present",="1/13/2026",
="800001443",="Present",="1/13/2026",
="800001650",="Present",="1/13/2026",
="800001665",="Present",="1/13/2026",
="800001667",="Present",="1/13/2026",
="800001733",="Present",="1/13/2026",
="800001815",="Present",="1/13/2026",
="800001862",="Present",="1/13/2026",
="800001867",="Present",="1/13/2026",
="800001878",="Present",="1/13/2026",
="800001892",="Present",="1/13/2026",
="800001905",="Present",="1/13/2026",
="800001910",="Present",="1/13/2026",
="800001934",="Present",="1/13/2026",
="800001114",="Present",="1/13/2026",
="800001197",="Present",="1/13/2026",
="800001308",="Present",="1/13/2026",
="800001439",="Present",="1/13/2026",
="800001517",="Present",="1/13/2026",
="800001543",="Absent",="1/13/2026",
="800001572",="Present",="1/13/2026",
="800001633",="Present",="1/13/2026",
="800001643",="Present",="1/13/2026",
="800001689",="Present",="1/13/2026",
="800001714",="Present",="1/13/2026",
="800001724",="Present",="1/13/2026",
="800001739",="Present",="1/13/2026",
="800001821",="Present",="1/13/2026",
="800001829",="Present",="1/13/2026",
="800001840",="Present",="1/13/2026",
="800001841",="Present",="1/13/2026",
="800001852",="Present",="1/13/2026",
="800001856",="Present",="1/13/2026",
="800001876",="Present",="1/13/2026",
="800001917",="Present",="1/13/2026",
="800001924",="Present",="1/13/2026",
="800001925",="Present",="1/13/2026",
="800001928",="Present",="1/13/2026",
="800001939",="Present",="1/13/2026",
="800001940",="Present",="1/13/2026",
="800001441",="Present",="1/14/2026",
="800001703",="Present",="1/14/2026",
="800001831",="Present",="1/14/2026",
="800001849",="Present",="1/14/2026",
="800001855",="Absent",="1/14/2026",
="800001863",="Present",="1/14/2026",
="800001972",="Absent",="1/14/2026",
="800001985",="Present",="1/14/2026",
="800002001",="Present",="1/14/2026",
="800002011",="Present",="1/14/2026",
="800002015",="Tardy/Late",="1/14/2026",
="800002017",="Present",="1/14/2026",
="800002018",="Present",="1/14/2026",
="800002020",="Present",="1/14/2026",
="800002021",="Present",="1/14/2026",
="800002026",="Present",="1/14/2026",
="800002036",="Present",="1/14/2026",
="800002042",="Present",="1/14/2026",
="800002051",="Present",="1/14/2026",
="800002053",="Present",="1/14/2026",
="800002059",="Tardy/Late",="1/14/2026",
="800002062",="Present",="1/14/2026",
="800002066",="Absent",="1/14/2026",
="800000722",="Present",="1/9/2026",
="800001513",="Present",="1/9/2026",
="800000722",="Present",="1/14/2026",
="800001513",="Present",="1/14/2026",
="800001703",="Present",="1/13/2026",
="800001831",="Present",="1/13/2026",
="800001850",="Present",="1/13/2026",
="800001860",="Present",="1/13/2026",
="800001874",="Present",="1/13/2026",
="800002015",="Present",="1/13/2026",
="800002044",="Present",="1/13/2026",
="800001958",="Present",="1/14/2026",
="800001959",="Present",="1/14/2026",
="800001963",="Present",="1/14/2026",
="770062103",="Present",="1/14/2026",
="800001322",="Present",="1/14/2026",
="800001324",="Present",="1/14/2026",
="800001502",="Absent",="1/14/2026",
="800001508",="Present",="1/14/2026",
="800001657",="Present",="1/14/2026",
="800001902",="Present",="1/14/2026",
="800002005",="Present",="1/14/2026",
="800002038",="Present",="1/14/2026",
="800000428",="Present",="1/14/2026",
="800000461",="Present",="1/14/2026",
="800000625",="Present",="1/14/2026",
="800000774",="Absent",="1/14/2026",
="800001308",="Present",="1/14/2026",
="800001517",="Present",="1/14/2026",
="800001665",="Present",="1/14/2026",
="800001667",="Present",="1/14/2026",
="800001681",="Present",="1/14/2026",
="800001739",="Present",="1/14/2026",
="800001802",="Present",="1/14/2026",
="800001862",="Present",="1/14/2026",
="800001513",="Absent",="1/15/2026",
="800001591",="Present",="1/15/2026",
="800001958",="Present",="1/15/2026",
="800001959",="Present",="1/15/2026",
="800001963",="Present",="1/15/2026",
="800000941",="Present",="1/13/2026",
="800001322",="Present",="1/13/2026",
="800001324",="Present",="1/13/2026",
="800001368",="Present",="1/13/2026",
="800001445",="Present",="1/13/2026",
="800001468",="Present",="1/13/2026",
="800001626",="Present",="1/13/2026",
="800001673",="Present",="1/13/2026",
="800001679",="Present",="1/13/2026",
="800001838",="Present",="1/13/2026",
="800002005",="Present",="1/13/2026",
="800001958",="Present",="1/13/2026",
="800001959",="Present",="1/13/2026",
="800001963",="Present",="1/13/2026",
="800001703",="Present",="1/15/2026",
="800001902",="Present",="1/15/2026",
="800001972",="Absent",="1/15/2026",
="800002005",="Present",="1/15/2026",
="800002015",="Present",="1/15/2026",
="800000722",="Present",="1/15/2026",
="800001863",="Tardy/Late",="1/16/2026",
="800001902",="Tardy/Late",="1/16/2026",
="800001985",="Tardy/Late",="1/16/2026",
="800002001",="Tardy/Late",="1/16/2026",
="800002011",="Tardy/Late",="1/16/2026",
="800002021",="Tardy/Late",="1/16/2026",
="800002053",="Tardy/Late",="1/16/2026",
="800002059",="Tardy/Late",="1/16/2026",
="800002066",="Tardy/Late",="1/16/2026",
="800001114",="Present",="1/15/2026",
="800001308",="Present",="1/15/2026",
="800001543",="Present",="1/15/2026",
="800001572",="Present",="1/15/2026",
="800001590",="Present",="1/15/2026",
="800001623",="Present",="1/15/2026",
="800001723",="Present",="1/15/2026",
="800001739",="Present",="1/15/2026",
="800001775",="Absent",="1/15/2026",
="800001802",="Present",="1/15/2026",
="800001852",="Present",="1/15/2026",
="800001862",="Present",="1/15/2026",
="800001864",="Present",="1/15/2026",
="800001867",="Present",="1/15/2026",
="800001878",="Present",="1/15/2026",
="800001884",="Present",="1/15/2026",
="800001888",="Present",="1/15/2026",
="800001892",="Present",="1/15/2026",
="800001905",="Present",="1/15/2026",
="800001908",="Present",="1/15/2026",
="800001910",="Present",="1/15/2026",
="800001917",="Present",="1/15/2026",
="800001928",="Present",="1/15/2026",
="800001934",="Absent",="1/15/2026",
="800001940",="Present",="1/15/2026",
="800001954",="Present",="1/15/2026",
="770062103",="Present",="1/15/2026",
="800002038",="Present",="1/15/2026",
="800000952",="Present",="1/14/2026",
="800001197",="Present",="1/14/2026",
="800001439",="Present",="1/14/2026",
="800001689",="Present",="1/14/2026",
="800001735",="Present",="1/14/2026",
="800001821",="Present",="1/14/2026",
="800001829",="Present",="1/14/2026",
="800001840",="Present",="1/14/2026",
="800001841",="Present",="1/14/2026",
="800001850",="Present",="1/14/2026",
="800001856",="Present",="1/14/2026",
="800001860",="Present",="1/14/2026",
="800001876",="Present",="1/14/2026",
="800001924",="Present",="1/14/2026",
="800001925",="Present",="1/14/2026",
="800000754",="Present",="1/14/2026",
="800000941",="Present",="1/14/2026",
="800001368",="Present",="1/14/2026",
="800001502",="Present",="1/14/2026",
="800001607",="Absent",="1/14/2026",
="800001626",="Present",="1/14/2026",
="800001827",="Present",="1/14/2026",
="800001591",="Present",="1/16/2026",
="800001613",="Present",="1/16/2026",
="800001963",="Present",="1/16/2026",
="770000409",="Present",="1/16/2026",
="800000927",="Present",="1/16/2026",
="800001094",="Present",="1/16/2026",
="800001368",="Present",="1/16/2026",
="800001415",="Present",="1/16/2026",
="800001445",="Present",="1/16/2026",
="800001529",="Present",="1/16/2026",
="800001673",="Present",="1/16/2026",
="800001701",="Present",="1/16/2026",
="800002038",="Absent",="1/16/2026",
="800001204",="Present",="1/16/2026",
="800001498",="Present",="1/16/2026",
="800001505",="Present",="1/16/2026",
="800001532",="Present",="1/16/2026",
="800001533",="Present",="1/16/2026",
="800001553",="Present",="1/16/2026",
="800001557",="Present",="1/16/2026",
="800001580",="Present",="1/16/2026",
="800001593",="Present",="1/16/2026",
="800001598",="Present",="1/16/2026",
="800001605",="Present",="1/16/2026",
="800001655",="Present",="1/16/2026",
="800001681",="Present",="1/16/2026",
="800001688",="Present",="1/16/2026",
="800001697",="Present",="1/16/2026",
="800001711",="Present",="1/16/2026",
="800001712",="Present",="1/16/2026",
="800001740",="Present",="1/16/2026",
="800001751",="Present",="1/16/2026",
="800001757",="Present",="1/16/2026",
="800001761",="Present",="1/16/2026",
="800001789",="Present",="1/16/2026",
="800001793",="Present",="1/16/2026",
="800001803",="Present",="1/16/2026",
="800001813",="Present",="1/16/2026",
="770000323",="Present",="1/16/2026",
="800000934",="Present",="1/16/2026",
="800001142",="Present",="1/16/2026",
="800001196",="Present",="1/16/2026",
="800001292",="Present",="1/16/2026",
="800001318",="Present",="1/16/2026",
="800001410",="Present",="1/16/2026",
="800001679",="Present",="1/16/2026",
="800001845",="Present",="1/15/2026",
="800001955",="Absent",="1/15/2026",
="800001983",="Present",="1/15/2026",
="800001986",="Present",="1/15/2026",
="800001987",="Present",="1/15/2026",
="800001991",="Absent",="1/15/2026",
="800001998",="Present",="1/15/2026",
="800002008",="Present",="1/15/2026",
="800002023",="Present",="1/15/2026",
="800002026",="Present",="1/15/2026",
="800002029",="Present",="1/15/2026",
="800002042",="Present",="1/15/2026",
="800002049",="Present",="1/15/2026",
="800002052",="Present",="1/15/2026",
="800002060",="Absent",="1/15/2026",
="800002062",="Present",="1/15/2026",
="800002064",="Present",="1/15/2026",
="770000737",="Present",="1/17/2026",
="800001572",="Present",="1/17/2026",
="800001823",="Present",="1/17/2026",
="800001829",="Present",="1/17/2026",
="800001845",="Present",="1/17/2026",
="800001864",="Present",="1/17/2026",
="800001876",="Present",="1/17/2026",
="800001878",="Present",="1/17/2026",
="800001905",="Present",="1/17/2026",
="800001908",="Present",="1/17/2026",
="800001909",="Present",="1/17/2026",
="800001910",="Present",="1/17/2026",
="800001934",="Present",="1/17/2026",
="800001197",="Present",="1/18/2026",
="800001439",="Present",="1/18/2026",
="800001553",="Present",="1/18/2026",
="800001649",="Present",="1/18/2026",
="800001650",="Present",="1/18/2026",
="800001723",="Present",="1/18/2026",
="800001735",="Present",="1/18/2026",
="800001840",="Present",="1/18/2026",
="800001841",="Present",="1/18/2026",
="800001842",="Present",="1/18/2026",
="800001850",="Present",="1/18/2026",
="800001852",="Present",="1/18/2026",
="800001856",="Present",="1/18/2026",
="800001860",="Present",="1/18/2026",
="800001874",="Present",="1/18/2026",
="800001888",="Present",="1/18/2026",
="800001917",="Present",="1/18/2026",
="800001921",="Present",="1/18/2026",
="800001922",="Present",="1/18/2026",
="800001924",="Present",="1/18/2026",
="800001925",="Present",="1/18/2026",
="800001928",="Present",="1/18/2026",
="800001939",="Present",="1/18/2026",
="800001954",="Present",="1/18/2026",
="800001830",="Absent",="1/16/2026",
="800001902",="Present",="1/16/2026",
="800001991",="Absent",="1/16/2026",
="800001998",="Present",="1/16/2026",
="800002005",="Present",="1/16/2026",
="800002029",="Present",="1/16/2026",
="800000722",="Present",="1/17/2026",
="800001591",="Present",="1/17/2026",
="800001613",="Present",="1/17/2026",
="800001963",="Present",="1/17/2026",
="770000409",="Present",="1/18/2026",
="800001415",="Present",="1/18/2026",
="800001445",="Present",="1/18/2026",
="800001468",="Present",="1/18/2026",
="800001562",="Present",="1/18/2026",
="800001657",="Present",="1/18/2026",
="800001681",="Present",="1/18/2026",
="800001701",="Present",="1/18/2026",
="800001838",="Present",="1/18/2026",
="800001197",="Present",="1/15/2026",
="800001434",="Absent",="1/15/2026",
="800001439",="Present",="1/15/2026",
="800001649",="Present",="1/15/2026",
="800001821",="Present",="1/15/2026",
="800001829",="Present",="1/15/2026",
="800001840",="Present",="1/15/2026",
="800001841",="Present",="1/15/2026",
="800001842",="Absent",="1/15/2026",
="800001850",="Present",="1/15/2026",
="800001856",="Present",="1/15/2026",
="800001860",="Present",="1/15/2026",
="800001903",="Present",="1/15/2026",
="800001909",="Present",="1/15/2026",
="800001921",="Absent",="1/15/2026",
="800001922",="Present",="1/15/2026",
="800001924",="Present",="1/15/2026",
="800001925",="Present",="1/15/2026",
="800001928",="Absent",="1/15/2026",
="800001939",="Present",="1/15/2026",
="800001434",="Present",="1/15/2026",
="800001842",="Present",="1/15/2026",
="800001921",="Present",="1/15/2026",
="800001972",="Present",="1/15/2026",
="800001441",="Present",="1/17/2026",
="800001830",="Present",="1/17/2026",
="800001955",="Present",="1/17/2026",
="800001983",="Present",="1/17/2026",
="800001986",="Present",="1/17/2026",
="800001987",="Present",="1/17/2026",
="800001991",="Absent",="1/17/2026",
="800001998",="Present",="1/17/2026",
="800002008",="Present",="1/17/2026",
="800002017",="Present",="1/17/2026",
="800002018",="Present",="1/17/2026",
="800002020",="Present",="1/17/2026",
="800002023",="Present",="1/17/2026",
="800002029",="Present",="1/17/2026",
="800002035",="Present",="1/17/2026",
="800002036",="Present",="1/17/2026",
="800002042",="Present",="1/17/2026",
="800002044",="Present",="1/17/2026",
="800002049",="Present",="1/17/2026",
="800002052",="Present",="1/17/2026",
="800002060",="Absent",="1/17/2026",
="800002062",="Present",="1/17/2026",
="800002064",="Absent",="1/17/2026",
="800001434",="Present",="1/18/2026",
="800001580",="Present",="1/18/2026",
="800001590",="Present",="1/18/2026",
="800001644",="Present",="1/18/2026",
="800001708",="Present",="1/18/2026",
="800001740",="Present",="1/18/2026",
="800001771",="Present",="1/18/2026",
="800001823",="Absent",="1/18/2026",
="800001830",="Present",="1/18/2026",
="800001831",="Present",="1/18/2026",
="800001878",="Present",="1/18/2026",
="800001903",="Present",="1/18/2026",
="800001940",="Present",="1/18/2026",
="800001943",="Present",="1/18/2026",
="800001950",="Present",="1/18/2026",
="800001955",="Present",="1/18/2026",
="800001986",="Present",="1/18/2026",
="800001991",="Absent",="1/18/2026",
="800001998",="Present",="1/18/2026",
="800002008",="Present",="1/18/2026",
="800002044",="Present",="1/18/2026",
="800002049",="Present",="1/18/2026",
="800002052",="Present",="1/18/2026",
="800002064",="Absent",="1/18/2026",
="800001623",="Absent",="1/20/2026",
="800001823",="Present",="1/20/2026",
="800001849",="Present",="1/20/2026",
="800001855",="Absent",="1/20/2026",
="800001863",="Present",="1/20/2026",
="800001888",="Present",="1/20/2026",
="800001950",="Present",="1/20/2026",
="800001985",="Present",="1/20/2026",
="800002001",="Present",="1/20/2026",
="800002010",="Present",="1/20/2026",
="800002011",="Present",="1/20/2026",
="800002017",="Present",="1/20/2026",
="800002018",="Present",="1/20/2026",
="800002020",="Present",="1/20/2026",
="800002021",="Present",="1/20/2026",
="800002035",="Present",="1/20/2026",
="800002036",="Present",="1/20/2026",
="800002053",="Present",="1/20/2026",
="800002066",="Present",="1/20/2026",
="800001441",="Present",="1/20/2026",
="800001884",="Present",="1/20/2026",
="800001954",="Present",="1/20/2026",
="800002029",="Present",="1/20/2026",
="800002042",="Present",="1/20/2026",
="800002051",="Present",="1/20/2026",
="800002059",="Present",="1/20/2026",
="800000927",="Present",="1/20/2026",
="800001094",="Present",="1/20/2026",
="800001410",="Present",="1/20/2026",
="800001529",="Present",="1/20/2026",
="800001548",="Present",="1/20/2026",
="800000348",="Present",="1/20/2026",
="800001443",="Present",="1/20/2026",
="800001484",="Present",="1/20/2026",
="800001650",="Present",="1/20/2026",
="800001665",="Present",="1/20/2026",
="800001667",="Absent",="1/20/2026",
="800001733",="Present",="1/20/2026",
="800001815",="Present",="1/20/2026",
="800001862",="Present",="1/20/2026",
="800001867",="Present",="1/20/2026",
="800001878",="Present",="1/20/2026",
="800001892",="Present",="1/20/2026",
="800001905",="Present",="1/20/2026",
="800001910",="Present",="1/20/2026",
="800001934",="Absent",="1/20/2026",
="800001114",="Present",="1/20/2026",
="800001197",="Present",="1/20/2026",
="800001308",="Present",="1/20/2026",
="800001439",="Present",="1/20/2026",
="800001517",="Present",="1/20/2026",
="800001543",="Present",="1/20/2026",
="800001572",="Present",="1/20/2026",
="800001633",="Present",="1/20/2026",
="800001643",="Present",="1/20/2026",
="800001689",="Present",="1/20/2026",
="800001714",="Present",="1/20/2026",
="800001724",="Present",="1/20/2026",
="800001739",="Present",="1/20/2026",
="800001821",="Present",="1/20/2026",
="800001829",="Present",="1/20/2026",
="800001840",="Present",="1/20/2026",
="800001841",="Present",="1/20/2026",
="800001852",="Present",="1/20/2026",
="800001856",="Present",="1/20/2026",
="800001876",="Present",="1/20/2026",
="800001917",="Present",="1/20/2026",
="800001924",="Present",="1/20/2026",
="800001925",="Present",="1/20/2026",
="800001928",="Present",="1/20/2026",
="800001940",="Present",="1/20/2026",
="800001831",="Present",="1/20/2026",
="800001850",="Present",="1/20/2026",
="800001860",="Present",="1/20/2026",
="800001874",="Present",="1/20/2026",
="800001939",="Present",="1/20/2026",
="800002015",="Present",="1/20/2026",
="800002044",="Present",="1/20/2026",
="800001441",="Present",="1/21/2026",
="800001831",="Absent",="1/21/2026",
="800001846",="Absent",="1/21/2026",
="800001849",="Present",="1/21/2026",
="800001855",="Absent",="1/21/2026",
="800001863",="Present",="1/21/2026",
="800001972",="Absent",="1/21/2026",
="800001985",="Present",="1/21/2026",
="800002001",="Present",="1/21/2026",
="800002011",="Present",="1/21/2026",
="800002015",="Tardy/Late",="1/21/2026",
="800002017",="Present",="1/21/2026",
="800002018",="Present",="1/21/2026",
="800002020",="Present",="1/21/2026",
="800002021",="Present",="1/21/2026",
="800002026",="Present",="1/21/2026",
="800002036",="Present",="1/21/2026",
="800002042",="Present",="1/21/2026",
="800002051",="Present",="1/21/2026",
="800002053",="Present",="1/21/2026",
="800002059",="Present",="1/21/2026",
="800002066",="Present",="1/21/2026",
="800000722",="Present",="1/20/2026",
="800001513",="Present",="1/20/2026",
="770062103",="Present",="1/21/2026",
="800001322",="Present",="1/21/2026",
="800001324",="Present",="1/21/2026",
="800001508",="Present",="1/21/2026",
="800001657",="Present",="1/21/2026",
="800001902",="Present",="1/21/2026",
="800002005",="Present",="1/21/2026",
="800002038",="Present",="1/21/2026",
="800001958",="Present",="1/21/2026",
="800001959",="Present",="1/21/2026",
="800001963",="Present",="1/21/2026",
="800000722",="Present",="1/21/2026",
="800001513",="Present",="1/21/2026",
="800000722",="Absent",="1/21/2026",
="800000941",="Present",="1/20/2026",
="800001322",="Present",="1/20/2026",
="800001324",="Present",="1/20/2026",
="800001368",="Present",="1/20/2026",
="800001445",="Present",="1/20/2026",
="800001468",="Present",="1/20/2026",
="800001626",="Present",="1/20/2026",
="800001673",="Present",="1/20/2026",
="800001679",="Present",="1/20/2026",
="800001838",="Present",="1/20/2026",
="800002005",="Present",="1/20/2026",
="800001958",="Present",="1/20/2026",
="800001959",="Present",="1/20/2026",
="800001963",="Present",="1/20/2026",
="800001513",="Present",="1/22/2026",
="800001591",="Present",="1/22/2026",
="800001846",="Present",="1/22/2026",
="800001902",="Present",="1/22/2026",
="800001972",="Absent",="1/22/2026",
="800002005",="Present",="1/22/2026",
="800002015",="Present",="1/22/2026",
="800000754",="Present",="1/15/2026",
="800001502",="Present",="1/15/2026",
="800001657",="Present",="1/15/2026",
="800001701",="Present",="1/15/2026",
="800001827",="Present",="1/15/2026",
="800001958",="Present",="1/22/2026",
="800001959",="Present",="1/22/2026",
="800001963",="Present",="1/22/2026",
="770062103",="Present",="1/22/2026",
="800000754",="Present",="1/22/2026",
="800001502",="Present",="1/22/2026",
="800001657",="Present",="1/22/2026",
="800001701",="Present",="1/22/2026",
="800001827",="Present",="1/22/2026",
="800001855",="Absent",="1/23/2026",
="800001863",="Tardy/Late",="1/23/2026",
="800001902",="Tardy/Late",="1/23/2026",
="800001985",="Tardy/Late",="1/23/2026",
="800002001",="Tardy/Late",="1/23/2026",
="800002011",="Tardy/Late",="1/23/2026",
="800002021",="Tardy/Late",="1/23/2026",
="800002038",="Tardy/Late",="1/23/2026",
="800002053",="Tardy/Late",="1/23/2026",
="800002059",="Tardy/Late",="1/23/2026",
="800002066",="Tardy/Late",="1/23/2026",
="800001030",="Present",="1/13/2026",
="800001198",="Present",="1/13/2026",
="800001265",="Present",="1/13/2026",
="800001315",="Present",="1/13/2026",
="800001403",="Present",="1/13/2026",
="800001417",="Present",="1/13/2026",
="800001419",="Present",="1/13/2026",
="800001427",="Present",="1/13/2026",
="800001459",="Present",="1/13/2026",
="800001528",="Present",="1/13/2026",
="800001530",="Present",="1/13/2026",
="800001534",="Present",="1/13/2026",
="800001587",="Present",="1/13/2026",
="800001668",="Present",="1/13/2026",
="800000762",="Present",="1/13/2026",
="800001030",="Present",="1/20/2026",
="800001198",="Present",="1/20/2026",
="800001265",="Present",="1/20/2026",
="800001315",="Present",="1/20/2026",
="800001403",="Present",="1/20/2026",
="800001417",="Present",="1/20/2026",
="800001419",="Present",="1/20/2026",
="800001427",="Present",="1/20/2026",
="800001459",="Present",="1/20/2026",
="800001528",="Present",="1/20/2026",
="800001530",="Present",="1/20/2026",
="800001534",="Present",="1/20/2026",
="800001587",="Present",="1/20/2026",
="800001668",="Present",="1/20/2026",
="800000762",="Present",="1/20/2026",
="800002038",="Present",="1/22/2026",
="800001114",="Present",="1/22/2026",
="800001308",="Present",="1/22/2026",
="800001484",="Present",="1/22/2026",
="800001543",="Present",="1/22/2026",
="800001572",="Present",="1/22/2026",
="800001590",="Present",="1/22/2026",
="800001623",="Present",="1/22/2026",
="800001634",="Present",="1/22/2026",
="800001723",="Present",="1/22/2026",
="800001739",="Present",="1/22/2026",
="800001775",="Present",="1/22/2026",
="800001802",="Present",="1/22/2026",
="800001852",="Present",="1/22/2026",
="800001862",="Present",="1/22/2026",
="800001864",="Present",="1/22/2026",
="800001867",="Absent",="1/22/2026",
="800001878",="Present",="1/22/2026",
="800001884",="Present",="1/22/2026",
="800001888",="Present",="1/22/2026",
="800001892",="Present",="1/22/2026",
="800001905",="Present",="1/22/2026",
="800001908",="Present",="1/22/2026",
="800001910",="Present",="1/22/2026",
="800001917",="Present",="1/22/2026",
="800001928",="Present",="1/22/2026",
="800001934",="Present",="1/22/2026",
="800001940",="Present",="1/22/2026",
="800001954",="Present",="1/22/2026",
="800001204",="Present",="1/23/2026",
="800001498",="Absent",="1/23/2026",
="800001505",="Present",="1/23/2026",
="800001532",="Present",="1/23/2026",
="800001533",="Present",="1/23/2026",
="800001553",="Absent",="1/23/2026",
="800001557",="Present",="1/23/2026",
="800001580",="Absent",="1/23/2026",
="800001593",="Absent",="1/23/2026",
="800001598",="Present",="1/23/2026",
="800001605",="Absent",="1/23/2026",
="800001655",="No class",="1/23/2026",
="800001681",="Present",="1/23/2026",
="800001688",="Present",="1/23/2026",
="800001697",="Present",="1/23/2026",
="800001711",="Absent",="1/23/2026",
="800001712",="Absent",="1/23/2026",
="800001740",="Absent",="1/23/2026",
="800001751",="Absent",="1/23/2026",
="800001757",="Absent",="1/23/2026",
="800001761",="Absent",="1/23/2026",
="800001789",="Absent",="1/23/2026",
="800001793",="Absent",="1/23/2026",
="800001803",="Absent",="1/23/2026",
="800001813",="Absent",="1/23/2026",
="770000323",="Present",="1/23/2026",
="770000409",="Present",="1/23/2026",
="800000934",="Present",="1/23/2026",
="800001142",="Present",="1/23/2026",
="800001196",="Absent",="1/23/2026",
="800001292",="Present",="1/23/2026",
="800001318",="Present",="1/23/2026",
="800001410",="Present",="1/23/2026",
="800001679",="Present",="1/23/2026",
="800001798",="Absent",="1/23/2026",
="800000774",="Present",="1/23/2026",
="800000774",="Present",="1/16/2026",
="800000774",="Present",="1/9/2026",
="800000941",="Present",="1/10/2026",
="800001292",="Present",="1/10/2026",
="800001368",="Present",="1/10/2026",
="800001410",="Present",="1/10/2026",
="800001502",="Present",="1/10/2026",
="800000941",="Present",="1/18/2026",
="800001292",="Present",="1/18/2026",
="800001368",="Present",="1/18/2026",
="800001410",="Present",="1/18/2026",
="800001502",="Present",="1/18/2026",
="800001827",="Present",="1/18/2026",
="800001830",="Absent",="1/23/2026",
="800001902",="Present",="1/23/2026",
="800001991",="Present",="1/23/2026",
="800001998",="Present",="1/23/2026",
="800002005",="Present",="1/23/2026",
="800002029",="Present",="1/23/2026",
="800000722",="Present",="1/24/2026",
="800001591",="Present",="1/24/2026",
="800001613",="Present",="1/24/2026",
="800001963",="Present",="1/24/2026",
="770000409",="Present",="1/25/2026",
="800001415",="Present",="1/25/2026",
="800001445",="Present",="1/25/2026",
="800001468",="Present",="1/25/2026",
="800001562",="Present",="1/25/2026",
="800001657",="Present",="1/25/2026",
="800001681",="Present",="1/25/2026",
="800001701",="Present",="1/25/2026",
="800001838",="Present",="1/25/2026",
="800001441",="Present",="1/26/2026",
="800001623",="Present",="1/26/2026",
="800001634",="Present",="1/26/2026",
="800001823",="Absent",="1/26/2026",
="800001849",="Present",="1/26/2026",
="800001855",="Absent",="1/26/2026",
="800001863",="Present",="1/26/2026",
="800001884",="Present",="1/26/2026",
="800001888",="Present",="1/26/2026",
="800001950",="Present",="1/26/2026",
="800001954",="Present",="1/26/2026",
="800001985",="Present",="1/26/2026",
="800002001",="Present",="1/26/2026",
="800002010",="Present",="1/26/2026",
="800002011",="Present",="1/26/2026",
="800002017",="Present",="1/26/2026",
="800002018",="Present",="1/26/2026",
="800002020",="Present",="1/26/2026",
="800002021",="Present",="1/26/2026",
="800002035",="Present",="1/26/2026",
="800002036",="Present",="1/26/2026",
="800002051",="Present",="1/26/2026",
="800002053",="Present",="1/26/2026",
="800002059",="Present",="1/26/2026",
="800002066",="Present",="1/26/2026",
="770000737",="Absent",="1/24/2026",
="800001572",="Present",="1/24/2026",
="800001823",="Present",="1/24/2026",
="800001829",="Present",="1/24/2026",
="800001864",="Present",="1/24/2026",
="800001876",="Present",="1/24/2026",
="800001878",="Present",="1/24/2026",
="800001905",="Present",="1/24/2026",
="800001908",="Present",="1/24/2026",
="800001909",="Present",="1/24/2026",
="800001910",="Absent",="1/24/2026",
="800001934",="Present",="1/24/2026",
="800001197",="Present",="1/25/2026",
="800001439",="Present",="1/25/2026",
="800001553",="Present",="1/25/2026",
="800001649",="Present",="1/25/2026",
="800001650",="Absent",="1/25/2026",
="800001723",="Present",="1/25/2026",
="800001735",="Present",="1/25/2026",
="800001840",="Present",="1/25/2026",
="800001841",="Present",="1/25/2026",
="800001842",="Present",="1/25/2026",
="800001846",="Present",="1/25/2026",
="800001850",="Present",="1/25/2026",
="800001852",="Present",="1/25/2026",
="800001856",="Present",="1/25/2026",
="800001860",="Present",="1/25/2026",
="800001874",="Present",="1/25/2026",
="800001888",="Present",="1/25/2026",
="800001917",="Present",="1/25/2026",
="800001921",="Present",="1/25/2026",
="800001922",="Present",="1/25/2026",
="800001924",="Present",="1/25/2026",
="800001925",="Present",="1/25/2026",
="800001928",="Present",="1/25/2026",
="800001939",="Present",="1/25/2026",
="800001954",="Present",="1/25/2026",
="800000428",="Present",="1/21/2026",
="800000461",="Present",="1/21/2026",
="800000625",="Present",="1/21/2026",
="800000774",="Present",="1/21/2026",
="800000941",="Present",="1/25/2026",
="800001292",="Present",="1/25/2026",
="800001368",="Present",="1/25/2026",
="800001410",="Present",="1/25/2026",
="800001502",="Present",="1/25/2026",
="800001827",="Present",="1/25/2026",
="800000941",="Present",="1/11/2026",
="800001292",="Present",="1/11/2026",
="800001368",="Present",="1/11/2026",
="800001410",="Present",="1/11/2026",
="800001468",="Present",="1/11/2026",
="800001502",="Present",="1/11/2026",
="800001827",="Present",="1/11/2026",
="800001838",="Present",="1/11/2026",
="800000952",="Present",="1/21/2026",
="800001197",="Present",="1/21/2026",
="800001439",="Present",="1/21/2026",
="800001689",="Present",="1/21/2026",
="800001735",="Present",="1/21/2026",
="800001821",="Present",="1/21/2026",
="800001829",="Present",="1/21/2026",
="800001840",="Present",="1/21/2026",
="800001841",="Present",="1/21/2026",
="800001850",="Present",="1/21/2026",
="800001856",="Present",="1/21/2026",
="800001860",="Present",="1/21/2026",
="800001876",="Present",="1/21/2026",
="800001924",="Present",="1/21/2026",
="800001925",="Present",="1/21/2026",
="770000323",="Present",="1/24/2026",
="770000409",="Present",="1/24/2026",
="800000927",="Absent",="1/24/2026",
="800000934",="Present",="1/24/2026",
="800001142",="Present",="1/24/2026",
="800001292",="Present",="1/24/2026",
="800001318",="Present",="1/24/2026",
="800001410",="Present",="1/24/2026",
="800001845",="Present",="1/22/2026",
="800001955",="Present",="1/22/2026",
="800001983",="Present",="1/22/2026",
="800001986",="Present",="1/22/2026",
="800001987",="Present",="1/22/2026",
="800001991",="Absent",="1/22/2026",
="800001998",="Present",="1/22/2026",
="800002008",="Present",="1/22/2026",
="800002023",="Present",="1/22/2026",
="800002026",="Present",="1/22/2026",
="800002029",="Present",="1/22/2026",
="800002042",="Present",="1/22/2026",
="800002049",="Present",="1/22/2026",
="800002052",="Present",="1/22/2026",
="800002060",="Absent",="1/22/2026",
="800002062",="Present",="1/22/2026",
="800002064",="Present",="1/22/2026",
="800001441",="Present",="1/24/2026",
="800001823",="Absent",="1/24/2026",
="800001830",="Present",="1/24/2026",
="800001955",="Present",="1/24/2026",
="800001983",="Present",="1/24/2026",
="800001986",="Present",="1/24/2026",
="800001987",="Present",="1/24/2026",
="800001991",="Absent",="1/24/2026",
="800001998",="Present",="1/24/2026",
="800002008",="Present",="1/24/2026",
="800002017",="Present",="1/24/2026",
="800002018",="Present",="1/24/2026",
="800002020",="Present",="1/24/2026",
="800002023",="Present",="1/24/2026",
="800002029",="Present",="1/24/2026",
="800002035",="Present",="1/24/2026",
="800002036",="Present",="1/24/2026",
="800002042",="Present",="1/24/2026",
="800002044",="Present",="1/24/2026",
="800002049",="Present",="1/24/2026",
="800002052",="Present",="1/24/2026",
="800002060",="Absent",="1/24/2026",
="800002062",="Present",="1/24/2026",
="800002064",="Absent",="1/24/2026",
="800001434",="Present",="1/25/2026",
="800001580",="Present",="1/25/2026",
="800001590",="Present",="1/25/2026",
="800001708",="Present",="1/25/2026",
="800001740",="Present",="1/25/2026",
="800001771",="Present",="1/25/2026",
="800001823",="Present",="1/25/2026",
="800001830",="Absent",="1/25/2026",
="800001831",="Present",="1/25/2026",
="800001874",="Absent",="1/25/2026",
="800001878",="Present",="1/25/2026",
="800001903",="Present",="1/25/2026",
="800001940",="Present",="1/25/2026",
="800001943",="Present",="1/25/2026",
="800001950",="Present",="1/25/2026",
="800001955",="Present",="1/25/2026",
="800001986",="Present",="1/25/2026",
="800001991",="Absent",="1/25/2026",
="800001998",="Present",="1/25/2026",
="800002008",="Present",="1/25/2026",
="800002044",="Present",="1/25/2026",
="800002049",="Present",="1/25/2026",
="800002052",="Present",="1/25/2026",
="800002064",="Absent",="1/25/2026",
="770000737",="Present",="1/26/2026",
="800001842",="Present",="1/26/2026",
="800001845",="Present",="1/26/2026",
="800001903",="Present",="1/26/2026",
="800001909",="Present",="1/26/2026",
="800001921",="Present",="1/26/2026",
="800001922",="Present",="1/26/2026",
="800001939",="Present",="1/26/2026",
="800001943",="Present",="1/26/2026",
="800001955",="Present",="1/26/2026",
="800001983",="Present",="1/26/2026",
="800001986",="Present",="1/26/2026",
="800001987",="Present",="1/26/2026",
="800002008",="Present",="1/26/2026",
="800002023",="Present",="1/26/2026",
="800002026",="Present",="1/26/2026",
="800002029",="Present",="1/26/2026",
="800002042",="Present",="1/26/2026",
="800002044",="Present",="1/26/2026",
="800002049",="Present",="1/26/2026",
="800002052",="Present",="1/26/2026",
="800002060",="Absent",="1/26/2026",
="800002062",="Present",="1/26/2026",
="800002064",="Present",="1/26/2026",
="800001591",="Present",="1/23/2026",
="800001613",="Present",="1/23/2026",
="800001963",="Present",="1/23/2026",
="800000927",="Absent",="1/23/2026",
="800001094",="Present",="1/23/2026",
="800001368",="Present",="1/23/2026",
="800001415",="Present",="1/23/2026",
="800001445",="Present",="1/23/2026",
="800001529",="Present",="1/23/2026",
="800001673",="Present",="1/23/2026",
="800001701",="Present",="1/23/2026",
="800002038",="Present",="1/23/2026",
="800000348",="Present",="1/26/2026",
="800001443",="Present",="1/26/2026",
="800001484",="Present",="1/26/2026",
="800001650",="Present",="1/26/2026",
="800001665",="Present",="1/26/2026",
="800001667",="Present",="1/26/2026",
="800001733",="Present",="1/26/2026",
="800001815",="Present",="1/26/2026",
="800001846",="Absent",="1/26/2026",
="800001862",="Present",="1/26/2026",
="800001867",="Present",="1/26/2026",
="800001878",="Present",="1/26/2026",
="800001892",="Present",="1/26/2026",
="800001905",="Present",="1/26/2026",
="800001910",="Present",="1/26/2026",
="800001934",="Present",="1/26/2026",
="800001114",="Present",="1/26/2026",
="800001197",="Present",="1/26/2026",
="800001308",="Present",="1/26/2026",
="800001439",="Present",="1/26/2026",
="800001517",="Present",="1/26/2026",
="800001543",="Present",="1/26/2026",
="800001572",="Present",="1/26/2026",
="800001633",="Present",="1/26/2026",
="800001643",="Present",="1/26/2026",
="800001689",="Present",="1/26/2026",
="800001714",="Present",="1/26/2026",
="800001724",="Present",="1/26/2026",
="800001739",="Present",="1/26/2026",
="800001821",="Present",="1/26/2026",
="800001829",="Present",="1/26/2026",
="800001840",="Present",="1/26/2026",
="800001841",="Present",="1/26/2026",
="800001852",="Present",="1/26/2026",
="800001856",="Present",="1/26/2026",
="800001876",="Present",="1/26/2026",
="800001917",="Present",="1/26/2026",
="800001924",="Present",="1/26/2026",
="800001925",="Present",="1/26/2026",
="800001928",="Absent",="1/26/2026",
="800001940",="Present",="1/26/2026",
="800001308",="No class",="1/21/2026",
="800001517",="Absent",="1/21/2026",
="800001665",="Present",="1/21/2026",
="800001667",="No class",="1/21/2026",
="800001681",="Present",="1/21/2026",
="800001739",="Absent",="1/21/2026",
="800001802",="Present",="1/21/2026",
="770000409",="Present",="1/26/2026",
="770017870",="Present",="1/26/2026",
="800000934",="Present",="1/26/2026",
="800001142",="Present",="1/26/2026",
="800001196",="Present",="1/26/2026",
="800001268",="Present",="1/26/2026",
="800001292",="Present",="1/26/2026",
="800001318",="Present",="1/26/2026",
="800001410",="Present",="1/26/2026",
="800001562",="Present",="1/26/2026",
="770017870",="Present",="1/22/2026",
="800001094",="Present",="1/22/2026",
="800001268",="Present",="1/22/2026",
="800001529",="Present",="1/22/2026",
="800001548",="Present",="1/22/2026",
="800001562",="Present",="1/22/2026",
="800001673",="Present",="1/22/2026",
="800001315",="Present",="1/26/2026",
="800001330",="Present",="1/26/2026",
="800001498",="Present",="1/26/2026",
="800001553",="Present",="1/26/2026",
="800001580",="Present",="1/26/2026",
="800001587",="Present",="1/26/2026",
="800001593",="Present",="1/26/2026",
="800001605",="Present",="1/26/2026",
="800001625",="Present",="1/26/2026",
="800001644",="Present",="1/26/2026",
="800001655",="Present",="1/26/2026",
="800001695",="Present",="1/26/2026",
="800001711",="Present",="1/26/2026",
="800001712",="Present",="1/26/2026",
="800001740",="Present",="1/26/2026",
="800001751",="Present",="1/26/2026",
="800001757",="Present",="1/26/2026",
="800001761",="Present",="1/26/2026",
="800001776",="Absent",="1/26/2026",
="800001778",="Present",="1/26/2026",
="800001789",="Present",="1/26/2026",
="800001793",="Present",="1/26/2026",
="800001798",="Present",="1/26/2026",
="800001802",="Present",="1/26/2026",
="800001803",="Present",="1/26/2026",
="800001813",="Present",="1/26/2026",
="770000409",="Present",="1/11/2026",
="800001445",="Present",="1/11/2026",
="800001529",="Present",="1/11/2026",
="800001607",="Present",="1/11/2026",
="800001701",="Present",="1/11/2026",
="800001838",="Absent",="1/11/2026",
="800001529",="Present",="1/18/2026",
="800001607",="Present",="1/18/2026",
="800001838",="Absent",="1/18/2026",
="800001529",="Present",="1/25/2026",
="800001607",="Present",="1/25/2026",
="800001838",="Absent",="1/25/2026",
="800001197",="Present",="1/22/2026",
="800001434",="Present",="1/22/2026",
="800001439",="Present",="1/22/2026",
="800001649",="Present",="1/22/2026",
="800001815",="Present",="1/22/2026",
="800001821",="Present",="1/22/2026",
="800001829",="Present",="1/22/2026",
="800001840",="Present",="1/22/2026",
="800001841",="Present",="1/22/2026",
="800001842",="Present",="1/22/2026",
="800001850",="Present",="1/22/2026",
="800001856",="Present",="1/22/2026",
="800001860",="Present",="1/22/2026",
="800001874",="Present",="1/22/2026",
="800001903",="Present",="1/22/2026",
="800001909",="Present",="1/22/2026",
="800001922",="Present",="1/22/2026",
="800001924",="Present",="1/22/2026",
="800001925",="Present",="1/22/2026",
="800001928",="Absent",="1/22/2026",
="800001939",="Present",="1/22/2026",
="800001972",="Present",="1/22/2026",
="770000323",="Present",="1/8/2026",
="770000409",="Present",="1/8/2026",
="800000927",="Present",="1/8/2026",
="800000934",="Present",="1/8/2026",
="800001142",="Present",="1/8/2026",
="800001292",="Present",="1/8/2026",
="800001318",="Present",="1/8/2026",
="800001410",="Present",="1/8/2026",
="770000323",="Present",="1/15/2026",
="770000409",="Present",="1/15/2026",
="800000927",="Present",="1/15/2026",
="800000934",="Present",="1/15/2026",
="800001142",="Present",="1/15/2026",
="800001292",="Present",="1/15/2026",
="800001318",="Present",="1/15/2026",
="800001410",="Present",="1/15/2026",
="770000323",="Present",="1/22/2026",
="770000409",="Present",="1/22/2026",
="800000927",="Present",="1/22/2026",
="800000934",="Present",="1/22/2026",
="800001142",="Present",="1/22/2026",
="800001292",="Present",="1/22/2026",
="800001318",="Present",="1/22/2026",
="800001410",="Present",="1/22/2026",
="770000409",="Absent",="1/28/2026",
="770017870",="Present",="1/28/2026",
="800000934",="Present",="1/28/2026",
="800001142",="Present",="1/28/2026",
="800001196",="Present",="1/28/2026",
="800001268",="Absent",="1/28/2026",
="800001292",="Present",="1/28/2026",
="800001318",="Present",="1/28/2026",
="800001410",="Present",="1/28/2026",
="800001562",="Present",="1/28/2026",
="800001846",="Present",="1/27/2026",
="800001852",="Present",="1/27/2026",
="800001864",="Present",="1/27/2026",
="800001867",="Present",="1/27/2026",
="800001908",="Present",="1/27/2026",
="800001934",="Present",="1/27/2026",
="800000348",="Absent",="1/12/2026",
="800001114",="Absent",="1/12/2026",
="800001484",="Absent",="1/12/2026",
="800001667",="Absent",="1/12/2026",
="800001846",="Absent",="1/13/2026",
="800001864",="Present",="1/13/2026",
="800001867",="Absent",="1/13/2026",
="800001908",="Present",="1/13/2026",
="800001441",="Present",="1/28/2026",
="800001831",="Present",="1/28/2026",
="800001846",="Tardy/Late",="1/28/2026",
="800001849",="Present",="1/28/2026",
="800001855",="Absent",="1/28/2026",
="800001863",="Present",="1/28/2026",
="800001972",="Absent",="1/28/2026",
="800001985",="Present",="1/28/2026",
="800002001",="Present",="1/28/2026",
="800002011",="Present",="1/28/2026",
="800002015",="Present",="1/28/2026",
="800002017",="Present",="1/28/2026",
="800002018",="Present",="1/28/2026",
="800002020",="Tardy/Late",="1/28/2026",
="800002021",="Present",="1/28/2026",
="800002026",="Present",="1/28/2026",
="800002036",="Present",="1/28/2026",
="800002042",="Present",="1/28/2026",
="800002051",="Tardy/Late",="1/28/2026",
="800002053",="Present",="1/28/2026",
="800002059",="Present",="1/28/2026",
="800002066",="Absent",="1/28/2026",
="800001846",="No class",="1/7/2026",
="800002051",="Absent",="1/7/2026",
="800002059",="No class",="1/7/2026",
="800001846",="No class",="1/14/2026",
="770062103",="Present",="1/28/2026",
="800001322",="Present",="1/28/2026",
="800001324",="Present",="1/28/2026",
="800001508",="Present",="1/28/2026",
="800001657",="Present",="1/28/2026",
="800001902",="Present",="1/28/2026",
="800002005",="Present",="1/28/2026",
="800002038",="Absent",="1/28/2026",
="800001958",="Absent",="1/28/2026",
="800001959",="Present",="1/28/2026",
="800001963",="Present",="1/28/2026",
="800001958",="Present",="1/28/2026",
="800001441",="Present",="1/27/2026",
="800001823",="Absent",="1/27/2026",
="800001831",="Present",="1/27/2026",
="800001849",="Present",="1/27/2026",
="800001850",="Present",="1/27/2026",
="800001855",="Absent",="1/27/2026",
="800001860",="Present",="1/27/2026",
="800001863",="Present",="1/27/2026",
="800001874",="Absent",="1/27/2026",
="800001884",="Present",="1/27/2026",
="800001939",="Present",="1/27/2026",
="800001985",="Present",="1/27/2026",
="800002001",="Present",="1/27/2026",
="800002010",="Present",="1/27/2026",
="800002011",="Present",="1/27/2026",
="800002015",="Present",="1/27/2026",
="800002017",="Present",="1/27/2026",
="800002018",="Present",="1/27/2026",
="800002020",="Present",="1/27/2026",
="800002021",="Present",="1/27/2026",
="800002035",="Present",="1/27/2026",
="800002036",="Present",="1/27/2026",
="800002044",="Present",="1/27/2026",
="800002051",="Present",="1/27/2026",
="800002053",="Present",="1/27/2026",
="800002059",="Present",="1/27/2026",
="800002066",="Absent",="1/27/2026",
="800000754",="Present",="1/28/2026",
="800000941",="Present",="1/28/2026",
="800001368",="Present",="1/28/2026",
="800001502",="Present",="1/28/2026",
="800001607",="Absent",="1/28/2026",
="800001626",="Present",="1/28/2026",
="800001701",="Present",="1/28/2026",
="800001827",="Present",="1/28/2026",
="800000941",="Present",="1/27/2026",
="800001094",="Present",="1/27/2026",
="800001322",="Present",="1/27/2026",
="800001324",="Present",="1/27/2026",
="800001368",="Present",="1/27/2026",
="800001445",="Present",="1/27/2026",
="800001468",="Present",="1/27/2026",
="800001529",="Present",="1/27/2026",
="800001626",="Present",="1/27/2026",
="800001673",="Present",="1/27/2026",
="800001679",="Present",="1/27/2026",
="800001838",="Present",="1/27/2026",
="800002005",="Present",="1/27/2026",
="800001958",="Present",="1/27/2026",
="800001959",="Present",="1/27/2026",
="800001963",="Present",="1/27/2026",
="800000952",="Present",="1/28/2026",
="800001197",="Present",="1/28/2026",
="800001439",="Present",="1/28/2026",
="800001689",="Present",="1/28/2026",
="800001735",="Present",="1/28/2026",
="800001821",="Present",="1/28/2026",
="800001829",="Present",="1/28/2026",
="800001840",="Present",="1/28/2026",
="800001841",="Present",="1/28/2026",
="800001850",="Present",="1/28/2026",
="800001856",="Present",="1/28/2026",
="800001860",="Present",="1/28/2026",
="800001876",="Present",="1/28/2026",
="800001924",="Present",="1/28/2026",
="800001925",="Present",="1/28/2026",
="800000428",="Present",="1/28/2026",
="800000461",="Present",="1/28/2026",
="800000625",="Present",="1/28/2026",
="800000774",="Present",="1/28/2026",
="770062103",="Present",="1/29/2026",
="800001902",="Present",="1/29/2026",
="800001972",="Absent",="1/29/2026",
="800002005",="Present",="1/29/2026",
="800002038",="Absent",="1/29/2026",
="800001030",="Present",="1/27/2026",
="800001198",="Present",="1/27/2026",
="800001265",="Present",="1/27/2026",
="800001315",="Present",="1/27/2026",
="800001403",="Present",="1/27/2026",
="800001417",="Present",="1/27/2026",
="800001419",="Present",="1/27/2026",
="800001427",="Present",="1/27/2026",
="800001459",="Present",="1/27/2026",
="800001528",="Present",="1/27/2026",
="800001530",="Present",="1/27/2026",
="800001534",="Present",="1/27/2026",
="800001587",="Present",="1/27/2026",
="800001668",="Present",="1/27/2026",
="800000762",="Present",="1/27/2026",
="800001513",="Present",="1/29/2026",
="800001591",="Present",="1/29/2026",
="800001114",="Present",="1/29/2026",
="800001308",="Present",="1/29/2026",
="800001484",="Present",="1/29/2026",
="800001543",="Present",="1/29/2026",
="800001572",="Present",="1/29/2026",
="800001590",="Present",="1/29/2026",
="800001623",="Present",="1/29/2026",
="800001634",="Present",="1/29/2026",
="800001723",="Present",="1/29/2026",
="800001739",="Present",="1/29/2026",
="800001775",="Present",="1/29/2026",
="800001802",="Present",="1/29/2026",
="800001852",="Present",="1/29/2026",
="800001862",="Present",="1/29/2026",
="800001864",="Present",="1/29/2026",
="800001867",="Present",="1/29/2026",
="800001878",="Present",="1/29/2026",
="800001884",="Present",="1/29/2026",
="800001892",="Present",="1/29/2026",
="800001905",="Present",="1/29/2026",
="800001908",="Present",="1/29/2026",
="800001910",="Present",="1/29/2026",
="800001917",="Present",="1/29/2026",
="800001928",="Present",="1/29/2026",
="800001934",="Present",="1/29/2026",
="800001940",="Present",="1/29/2026",
="800001954",="Present",="1/29/2026",
="800000722",="Present",="1/27/2026",
="800001513",="Present",="1/27/2026",
="800000722",="Present",="1/28/2026",
="800001513",="Present",="1/28/2026",
="800001513",="Absent",="1/28/2026",
="800000754",="Present",="1/29/2026",
="800001502",="Present",="1/29/2026",
="800001657",="Present",="1/29/2026",
="800001701",="Present",="1/29/2026",
="800001827",="Present",="1/29/2026",
="800001958",="Present",="1/29/2026",
="800001959",="Present",="1/29/2026",
="800001963",="Present",="1/29/2026",
="800001846",="Present",="1/29/2026",
="800002015",="Present",="1/29/2026",
="800001204",="Present",="1/30/2026",
="800001498",="Present",="1/30/2026",
="800001505",="Present",="1/30/2026",
="800001532",="Present",="1/30/2026",
="800001533",="Present",="1/30/2026",
="800001553",="Present",="1/30/2026",
="800001557",="Present",="1/30/2026",
="800001580",="Present",="1/30/2026",
="800001593",="Present",="1/30/2026",
="800001598",="Present",="1/30/2026",
="800001605",="Present",="1/30/2026",
="800001655",="Present",="1/30/2026",
="800001681",="Present",="1/30/2026",
="800001688",="Present",="1/30/2026",
="800001697",="Present",="1/30/2026",
="800001711",="Present",="1/30/2026",
="800001712",="Present",="1/30/2026",
="800001740",="Present",="1/30/2026",
="800001751",="Present",="1/30/2026",
="800001757",="Present",="1/30/2026",
="800001761",="Present",="1/30/2026",
="800001789",="Present",="1/30/2026",
="800001793",="Present",="1/30/2026",
="800001798",="Present",="1/30/2026",
="800001803",="Present",="1/30/2026",
="800001813",="Present",="1/30/2026",
="770000323",="Present",="1/30/2026",
="770000409",="Present",="1/30/2026",
="800000934",="Present",="1/30/2026",
="800001142",="Present",="1/30/2026",
="800001196",="Present",="1/30/2026",
="800001292",="Present",="1/30/2026",
="800001318",="Present",="1/30/2026",
="800001410",="Present",="1/30/2026",
="800001679",="Present",="1/30/2026",
="800000774",="Present",="1/30/2026",
="800001114",="Present",="1/27/2026",
="800001197",="Present",="1/27/2026",
="800001308",="Present",="1/27/2026",
="800001439",="Present",="1/27/2026",
="800001517",="Present",="1/27/2026",
="800001543",="Present",="1/27/2026",
="800001572",="Present",="1/27/2026",
="800001633",="Present",="1/27/2026",
="800001643",="Present",="1/27/2026",
="800001689",="Present",="1/27/2026",
="800001714",="Present",="1/27/2026",
="800001724",="Present",="1/27/2026",
="800001739",="Present",="1/27/2026",
="800001821",="Present",="1/27/2026",
="800001829",="Present",="1/27/2026",
="800001840",="Present",="1/27/2026",
="800001841",="Present",="1/27/2026",
="800001856",="Present",="1/27/2026",
="800001876",="Present",="1/27/2026",
="800001917",="Present",="1/27/2026",
="800001924",="Present",="1/27/2026",
="800001925",="Present",="1/27/2026",
="800001928",="Present",="1/27/2026",
="800001940",="Present",="1/27/2026",
="800000348",="Present",="1/27/2026",
="800001443",="Present",="1/27/2026",
="800001484",="Present",="1/27/2026",
="800001650",="Present",="1/27/2026",
="800001665",="Present",="1/27/2026",
="800001667",="Present",="1/27/2026",
="800001733",="Present",="1/27/2026",
="800001815",="Present",="1/27/2026",
="800001862",="Present",="1/27/2026",
="800001878",="Present",="1/27/2026",
="800001892",="Present",="1/27/2026",
="800001905",="Absent",="1/27/2026",
="800001910",="Present",="1/27/2026",
="800001934",="Absent",="1/27/2026",
="800000785",="Present",="1/22/2026",
="800001315",="Present",="1/22/2026",
="800001443",="Present",="1/22/2026",
="800001505",="Present",="1/22/2026",
="800001553",="Present",="1/22/2026",
="800001563",="Present",="1/22/2026",
="800001587",="Present",="1/22/2026",
="800001598",="Present",="1/22/2026",
="800001605",="Present",="1/22/2026",
="800001625",="Present",="1/22/2026",
="800001644",="Present",="1/22/2026",
="800001650",="Present",="1/22/2026",
="800001655",="Present",="1/22/2026",
="800001695",="Present",="1/22/2026",
="800001710",="Present",="1/22/2026",
="800001711",="Present",="1/22/2026",
="800001712",="Present",="1/22/2026",
="800001729",="Present",="1/22/2026",
="800001740",="Present",="1/22/2026",
="800001751",="Present",="1/22/2026",
="800001757",="Present",="1/22/2026",
="800001769",="Absent",="1/22/2026",
="800001793",="Present",="1/22/2026",
="800001803",="Present",="1/22/2026",
="800001813",="Present",="1/22/2026",
="800000754",="Present",="1/21/2026",
="800000941",="Present",="1/21/2026",
="800001368",="Present",="1/21/2026",
="800001502",="Present",="1/21/2026",
="800001626",="Present",="1/21/2026",
="800001701",="Present",="1/21/2026",
="800001827",="Present",="1/21/2026",
="800000785",="Present",="1/29/2026",
="800001315",="Present",="1/29/2026",
="800001443",="Present",="1/29/2026",
="800001505",="Present",="1/29/2026",
="800001553",="Present",="1/29/2026",
="800001563",="Present",="1/29/2026",
="800001587",="Present",="1/29/2026",
="800001598",="Present",="1/29/2026",
="800001605",="Present",="1/29/2026",
="800001625",="Present",="1/29/2026",
="800001644",="Present",="1/29/2026",
="800001650",="Present",="1/29/2026",
="800001655",="Present",="1/29/2026",
="800001695",="Present",="1/29/2026",
="800001710",="Present",="1/29/2026",
="800001711",="Present",="1/29/2026",
="800001712",="Present",="1/29/2026",
="800001729",="Present",="1/29/2026",
="800001740",="Present",="1/29/2026",
="800001751",="Present",="1/29/2026",
="800001757",="Present",="1/29/2026",
="800001769",="Present",="1/29/2026",
="800001793",="Present",="1/29/2026",
="800001803",="Present",="1/29/2026",
="800001813",="Present",="1/29/2026",
="800001845",="Present",="1/29/2026",
="800001955",="Present",="1/29/2026",
="800001983",="Present",="1/29/2026",
="800001986",="Present",="1/29/2026",
="800001987",="Present",="1/29/2026",
="800001991",="Absent",="1/29/2026",
="800001998",="Present",="1/29/2026",
="800002008",="Present",="1/29/2026",
="800002023",="Present",="1/29/2026",
="800002026",="Present",="1/29/2026",
="800002029",="Present",="1/29/2026",
="800002042",="Present",="1/29/2026",
="800002049",="Present",="1/29/2026",
="800002052",="Absent",="1/29/2026",
="800002062",="Present",="1/29/2026",
="800002064",="Present",="1/29/2026",
="800001197",="Present",="1/29/2026",
="800001434",="Present",="1/29/2026",
="800001439",="Present",="1/29/2026",
="800001649",="Present",="1/29/2026",
="800001667",="Present",="1/29/2026",
="800001815",="Present",="1/29/2026",
="800001821",="Present",="1/29/2026",
="800001829",="Present",="1/29/2026",
="800001840",="Present",="1/29/2026",
="800001841",="Present",="1/29/2026",
="800001842",="Present",="1/29/2026",
="800001850",="Present",="1/29/2026",
="800001856",="Present",="1/29/2026",
="800001860",="Present",="1/29/2026",
="800001874",="Present",="1/29/2026",
="800001876",="Present",="1/29/2026",
="800001888",="Absent",="1/29/2026",
="800001903",="Present",="1/29/2026",
="800001909",="Present",="1/29/2026",
="800001922",="Present",="1/29/2026",
="800001924",="Present",="1/29/2026",
="800001925",="Present",="1/29/2026",
="800001939",="Present",="1/29/2026",
="800001830",="Present",="1/30/2026",
="800001902",="Present",="1/30/2026",
="800001991",="Absent",="1/30/2026",
="800001998",="Present",="1/30/2026",
="800002005",="Present",="1/30/2026",
="800002029",="Present",="1/30/2026",
="800000722",="Present",="1/31/2026",
="800001591",="Present",="1/31/2026",
="800001613",="Present",="1/31/2026",
="800001963",="Present",="1/31/2026",
="770000409",="Present",="2/1/2026",
="800001415",="Present",="2/1/2026",
="800001445",="Present",="2/1/2026",
="800001468",="Present",="2/1/2026",
="800001562",="Present",="2/1/2026",
="800001657",="Present",="2/1/2026",
="800001681",="Present",="2/1/2026",
="800001701",="Present",="2/1/2026",
="800001838",="Absent",="2/1/2026",
="770000737",="Absent",="1/31/2026",
="800001572",="Present",="1/31/2026",
="800001823",="Absent",="1/31/2026",
="800001829",="Present",="1/31/2026",
="800001864",="Present",="1/31/2026",
="800001876",="Present",="1/31/2026",
="800001878",="Present",="1/31/2026",
="800001905",="Present",="1/31/2026",
="800001908",="Present",="1/31/2026",
="800001909",="Absent",="1/31/2026",
="800001910",="Absent",="1/31/2026",
="800001934",="Absent",="1/31/2026",
="800001197",="Present",="2/1/2026",
="800001439",="Present",="2/1/2026",
="800001553",="Present",="2/1/2026",
="800001649",="Present",="2/1/2026",
="800001650",="Present",="2/1/2026",
="800001723",="Absent",="2/1/2026",
="800001735",="Present",="2/1/2026",
="800001840",="Present",="2/1/2026",
="800001841",="Present",="2/1/2026",
="800001842",="Present",="2/1/2026",
="800001846",="Absent",="2/1/2026",
="800001850",="Present",="2/1/2026",
="800001852",="Absent",="2/1/2026",
="800001856",="Present",="2/1/2026",
="800001860",="Present",="2/1/2026",
="800001874",="Present",="2/1/2026",
="800001888",="Present",="2/1/2026",
="800001917",="Present",="2/1/2026",
="800001921",="Absent",="2/1/2026",
="800001922",="Absent",="2/1/2026",
="800001924",="Present",="2/1/2026",
="800001925",="Present",="2/1/2026",
="800001928",="Absent",="2/1/2026",
="800001939",="Absent",="2/1/2026",
="800001954",="Present",="2/1/2026",
="800001441",="Present",="2/2/2026",
="800001623",="Absent",="2/2/2026",
="800001634",="Present",="2/2/2026",
="800001823",="Absent",="2/2/2026",
="800001849",="Present",="2/2/2026",
="800001855",="Present",="2/2/2026",
="800001863",="Present",="2/2/2026",
="800001884",="Present",="2/2/2026",
="800001888",="Present",="2/2/2026",
="800001950",="Present",="2/2/2026",
="800001954",="Present",="2/2/2026",
="800001985",="Present",="2/2/2026",
="800002001",="Present",="2/2/2026",
="800002010",="Present",="2/2/2026",
="800002011",="Present",="2/2/2026",
="800002017",="Present",="2/2/2026",
="800002018",="Present",="2/2/2026",
="800002020",="Present",="2/2/2026",
="800002021",="Present",="2/2/2026",
="800002035",="Present",="2/2/2026",
="800002036",="Present",="2/2/2026",
="800002051",="Present",="2/2/2026",
="800002053",="Present",="2/2/2026",
="800002059",="Present",="2/2/2026",
="800002066",="Present",="2/2/2026",
="800000927",="Present",="1/30/2026",
="770062103",="No class",="1/19/2026",
="800001502",="No class",="1/19/2026",
="800001508",="No class",="1/19/2026",
="800001626",="No class",="1/19/2026",
="800001657",="No class",="1/19/2026",
="800001701",="No class",="1/19/2026",
="800001827",="No class",="1/19/2026",
="800000754",="No class",="1/19/2026",
="800000941",="No class",="1/19/2026",
="800001094",="No class",="1/19/2026",
="800001268",="No class",="1/19/2026",
="800001368",="No class",="1/19/2026",
="800001529",="No class",="1/19/2026",
="800001548",="No class",="1/19/2026",
="800001673",="No class",="1/19/2026",
="770062103",="Present",="1/26/2026",
="800001502",="Present",="1/26/2026",
="800001508",="Present",="1/26/2026",
="800001626",="Tardy/Late",="1/26/2026",
="800001657",="Present",="1/26/2026",
="800001701",="Present",="1/26/2026",
="800001827",="Absent",="1/26/2026",
="800000754",="Present",="1/26/2026",
="800000941",="Present",="1/26/2026",
="800001094",="Present",="1/26/2026",
="800001268",="Absent",="1/26/2026",
="800001368",="Present",="1/26/2026",
="800001529",="Present",="1/26/2026",
="800001548",="Present",="1/26/2026",
="800001673",="Present",="1/26/2026",
="800001268",="Absent",="1/12/2026",
="800001591",="Present",="1/30/2026",
="800001613",="Present",="1/30/2026",
="800001963",="Present",="1/30/2026",
="770000409",="Absent",="1/30/2026",
="800000927",="Absent",="1/30/2026",
="800001031",="Absent",="1/30/2026",
="800001094",="Present",="1/30/2026",
="800001368",="Present",="1/30/2026",
="800001415",="Absent",="1/30/2026",
="800001445",="Present",="1/30/2026",
="800001529",="Present",="1/30/2026",
="800001673",="Present",="1/30/2026",
="800001701",="Absent",="1/30/2026",
="800002038",="Absent",="1/30/2026",
="800001031",="Tardy/Late",="1/26/2026",
="800001031",="No class",="1/19/2026",
="800001031",="Present",="1/12/2026",
="800001031",="Absent",="1/5/2026",
="800001434",="Present",="2/1/2026",
="800001580",="Present",="2/1/2026",
="800001590",="Present",="2/1/2026",
="800001708",="Present",="2/1/2026",
="800001740",="Present",="2/1/2026",
="800001771",="Present",="2/1/2026",
="800001823",="Present",="2/1/2026",
="800001830",="Present",="2/1/2026",
="800001831",="Present",="2/1/2026",
="800001878",="Present",="2/1/2026",
="800001903",="Present",="2/1/2026",
="800001940",="Present",="2/1/2026",
="800001943",="Absent",="2/1/2026",
="800001950",="Present",="2/1/2026",
="800001955",="Present",="2/1/2026",
="800001986",="Present",="2/1/2026",
="800001991",="Absent",="2/1/2026",
="800001998",="Present",="2/1/2026",
="800002008",="Present",="2/1/2026",
="800002044",="Present",="2/1/2026",
="800002049",="Present",="2/1/2026",
="800002052",="Absent",="2/1/2026",
="800002064",="Absent",="2/1/2026",
="800001441",="Present",="1/31/2026",
="800001823",="Present",="1/31/2026",
="800001830",="Present",="1/31/2026",
="800001955",="Present",="1/31/2026",
="800001983",="Present",="1/31/2026",
="800001986",="Present",="1/31/2026",
="800001987",="Present",="1/31/2026",
="800001991",="Absent",="1/31/2026",
="800001998",="Present",="1/31/2026",
="800002008",="Present",="1/31/2026",
="800002017",="Present",="1/31/2026",
="800002018",="Present",="1/31/2026",
="800002020",="Present",="1/31/2026",
="800002023",="Present",="1/31/2026",
="800002035",="Present",="1/31/2026",
="800002036",="Present",="1/31/2026",
="800002042",="Present",="1/31/2026",
="800002044",="Present",="1/31/2026",
="800002049",="Present",="1/31/2026",
="800002052",="Present",="1/31/2026",
="800002062",="Present",="1/31/2026",
="800002064",="Absent",="1/31/2026",
="800000754",="Present",="2/1/2026",
="800000941",="Present",="2/1/2026",
="800001292",="Present",="2/1/2026",
="800001368",="Present",="2/1/2026",
="800001410",="Present",="2/1/2026",
="800001502",="Present",="2/1/2026",
="800001827",="Present",="2/1/2026",
="770062103",="Present",="2/2/2026",
="800001502",="Present",="2/2/2026",
="800001508",="Present",="2/2/2026",
="800001626",="Present",="2/2/2026",
="800001657",="Present",="2/2/2026",
="800001701",="Present",="2/2/2026",
="800001827",="Absent",="2/2/2026",
="800000754",="Present",="2/2/2026",
="800000941",="Present",="2/2/2026",
="800001031",="Absent",="2/2/2026",
="800001094",="Present",="2/2/2026",
="800001268",="Absent",="2/2/2026",
="800001368",="Present",="2/2/2026",
="800001529",="Present",="2/2/2026",
="800001548",="Present",="2/2/2026",
="800001673",="Present",="2/2/2026",
="800001623",="Absent",="2/3/2026",
="800001823",="Absent",="2/3/2026",
="800001849",="Present",="2/3/2026",
="800001855",="Absent",="2/3/2026",
="800001863",="Present",="2/3/2026",
="800001888",="Present",="2/3/2026",
="800001950",="Present",="2/3/2026",
="800001985",="Present",="2/3/2026",
="800002001",="Present",="2/3/2026",
="800002010",="Present",="2/3/2026",
="800002011",="Present",="2/3/2026",
="800002017",="Present",="2/3/2026",
="800002018",="Present",="2/3/2026",
="800002020",="Present",="2/3/2026",
="800002021",="Present",="2/3/2026",
="800002035",="Present",="2/3/2026",
="800002036",="Present",="2/3/2026",
="800002053",="Present",="2/3/2026",
="800002066",="Present",="2/3/2026",
="770000737",="Present",="2/2/2026",
="800001842",="Present",="2/2/2026",
="800001845",="Present",="2/2/2026",
="800001903",="Present",="2/2/2026",
="800001909",="Present",="2/2/2026",
="800001921",="Present",="2/2/2026",
="800001922",="Present",="2/2/2026",
="800001939",="Present",="2/2/2026",
="800001943",="Present",="2/2/2026",
="800001955",="Present",="2/2/2026",
="800001983",="Present",="2/2/2026",
="800001986",="Present",="2/2/2026",
="800001987",="Present",="2/2/2026",
="800002008",="Present",="2/2/2026",
="800002023",="Present",="2/2/2026",
="800002026",="Present",="2/2/2026",
="800002029",="Present",="2/2/2026",
="800002042",="Present",="2/2/2026",
="800002044",="Present",="2/2/2026",
="800002049",="Present",="2/2/2026",
="800002052",="Absent",="2/2/2026",
="800002062",="Present",="2/2/2026",
="800002064",="Present",="2/2/2026",
="800001855",="Absent",="2/2/2026",
="800001958",="Present",="2/2/2026",
="800001959",="Present",="2/2/2026",
="800002017",="Absent",="2/2/2026",
="800002051",="Absent",="2/2/2026",
="800001529",="Present",="2/1/2026",
="800001607",="Present",="2/1/2026",
="800001701",="Absent",="2/1/2026",
="800001441",="Present",="2/3/2026",
="800001884",="Present",="2/3/2026",
="800001954",="Present",="2/3/2026",
="800002029",="Present",="2/3/2026",
="800002042",="Present",="2/3/2026",
="800002051",="Present",="2/3/2026",
="800002059",="Present",="2/3/2026",
="800001434",="Present",="2/2/2026",
="800001533",="Present",="2/2/2026",
="800001563",="Present",="2/2/2026",
="800001623",="Present",="2/2/2026",
="800001650",="Present",="2/2/2026",
="800001708",="Present",="2/2/2026",
="800001710",="Present",="2/2/2026",
="800001729",="Present",="2/2/2026",
="800001733",="Present",="2/2/2026",
="800001735",="Present",="2/2/2026",
="800001769",="Present",="2/2/2026",
="800001771",="Present",="2/2/2026",
="800001775",="Present",="2/2/2026",
="800001815",="Present",="2/2/2026",
="800001862",="Present",="2/2/2026",
="800001892",="Present",="2/2/2026",
="800001434",="Present",="1/26/2026",
="800001533",="Present",="1/26/2026",
="800001563",="Present",="1/26/2026",
="800001708",="Present",="1/26/2026",
="800001710",="Present",="1/26/2026",
="800001729",="Present",="1/26/2026",
="800001735",="Present",="1/26/2026",
="800001769",="Present",="1/26/2026",
="800001771",="Present",="1/26/2026",
="800001775",="Present",="1/26/2026",
="800001434",="Present",="1/19/2026",
="800001533",="Present",="1/19/2026",
="800001563",="Present",="1/19/2026",
="800001623",="Present",="1/19/2026",
="800001650",="Present",="1/19/2026",
="800001708",="Present",="1/19/2026",
="800001710",="Present",="1/19/2026",
="800001729",="Present",="1/19/2026",
="800001733",="Present",="1/19/2026",
="800001735",="Present",="1/19/2026",
="800001769",="Present",="1/19/2026",
="800001771",="Present",="1/19/2026",
="800001775",="Present",="1/19/2026",
="800001815",="Present",="1/19/2026",
="800001862",="Present",="1/19/2026",
="800001892",="Present",="1/19/2026",
="800001623",="Present",="1/12/2026",
="800001434",="Present",="1/5/2026",
="800001623",="Present",="1/5/2026",
="800001708",="Present",="1/5/2026",
="800001846",="Absent",="1/20/2026",
="800001864",="Present",="1/20/2026",
="800001908",="Present",="1/20/2026",
="800001934",="Present",="1/20/2026",
="800001845",="Present",="2/3/2026",
="800001955",="Present",="2/3/2026",
="800001963",="Present",="2/3/2026",
="800001983",="Present",="2/3/2026",
="800001986",="Present",="2/3/2026",
="800001987",="Present",="2/3/2026",
="800002008",="Present",="2/3/2026",
="800002023",="Present",="2/3/2026",
="800002026",="Present",="2/3/2026",
="800002044",="Present",="2/3/2026",
="800002049",="Present",="2/3/2026",
="800002052",="Absent",="2/3/2026",
="800002064",="Present",="2/3/2026",
="800001441",="Present",="2/4/2026",
="800001831",="Present",="2/4/2026",
="800001846",="Present",="2/4/2026",
="800001849",="Present",="2/4/2026",
="800001855",="Absent",="2/4/2026",
="800001863",="Present",="2/4/2026",
="800001985",="Present",="2/4/2026",
="800002001",="Present",="2/4/2026",
="800002011",="Present",="2/4/2026",
="800002015",="Present",="2/4/2026",
="800002017",="Present",="2/4/2026",
="800002018",="Present",="2/4/2026",
="800002020",="Present",="2/4/2026",
="800002021",="Present",="2/4/2026",
="800002026",="Present",="2/4/2026",
="800002036",="Present",="2/4/2026",
="800002042",="Present",="2/4/2026",
="800002051",="Present",="2/4/2026",
="800002053",="Present",="2/4/2026",
="800002059",="Present",="2/4/2026",
="800002066",="Present",="2/4/2026",
="800001846",="Present",="2/3/2026",
="800001852",="Present",="2/3/2026",
="800001864",="Present",="2/3/2026",
="800001867",="Present",="2/3/2026",
="800001908",="Present",="2/3/2026",
="800001934",="Present",="2/3/2026",
="800001114",="Present",="2/3/2026",
="800001197",="Absent",="2/3/2026",
="800001308",="Present",="2/3/2026",
="800001439",="Present",="2/3/2026",
="800001517",="Present",="2/3/2026",
="800001543",="Present",="2/3/2026",
="800001572",="Present",="2/3/2026",
="800001633",="Present",="2/3/2026",
="800001643",="Absent",="2/3/2026",
="800001689",="Present",="2/3/2026",
="800001714",="Present",="2/3/2026",
="800001724",="Present",="2/3/2026",
="800001739",="Present",="2/3/2026",
="800001821",="Present",="2/3/2026",
="800001829",="Present",="2/3/2026",
="800001840",="Present",="2/3/2026",
="800001841",="Present",="2/3/2026",
="800001856",="Present",="2/3/2026",
="800001876",="Present",="2/3/2026",
="800001917",="Present",="2/3/2026",
="800001924",="Present",="2/3/2026",
="800001925",="Present",="2/3/2026",
="800001928",="Absent",="2/3/2026",
="800001940",="Absent",="2/3/2026",
="800000348",="Present",="2/3/2026",
="800001443",="Present",="2/3/2026",
="800001484",="Present",="2/3/2026",
="800001650",="Present",="2/3/2026",
="800001665",="Absent",="2/3/2026",
="800001667",="Present",="2/3/2026",
="800001733",="Present",="2/3/2026",
="800001815",="Absent",="2/3/2026",
="800001862",="Present",="2/3/2026",
="800001878",="Present",="2/3/2026",
="800001892",="Present",="2/3/2026",
="800001905",="Present",="2/3/2026",
="800001910",="Present",="2/3/2026",
="800001934",="Absent",="2/3/2026",
="800001114",="Present",="2/2/2026",
="800001197",="Present",="2/2/2026",
="800001308",="Present",="2/2/2026",
="800001439",="Present",="2/2/2026",
="800001517",="Present",="2/2/2026",
="800001543",="Present",="2/2/2026",
="800001572",="Present",="2/2/2026",
="800001633",="Present",="2/2/2026",
="800001643",="Present",="2/2/2026",
="800001689",="Present",="2/2/2026",
="800001714",="Present",="2/2/2026",
="800001724",="Present",="2/2/2026",
="800001739",="Present",="2/2/2026",
="800001821",="Present",="2/2/2026",
="800001829",="Present",="2/2/2026",
="800001840",="Present",="2/2/2026",
="800001841",="Present",="2/2/2026",
="800001852",="Present",="2/2/2026",
="800001856",="Present",="2/2/2026",
="800001876",="Present",="2/2/2026",
="800001917",="Present",="2/2/2026",
="800001924",="Present",="2/2/2026",
="800001925",="Present",="2/2/2026",
="800001928",="Absent",="2/2/2026",
="800001940",="Present",="2/2/2026",
="800000348",="Present",="2/2/2026",
="800001443",="Present",="2/2/2026",
="800001484",="Present",="2/2/2026",
="800001665",="Absent",="2/2/2026",
="800001667",="Present",="2/2/2026",
="800001867",="Absent",="2/2/2026",
="800001878",="Present",="2/2/2026",
="800001905",="Present",="2/2/2026",
="800001910",="Present",="2/2/2026",
="800001934",="Present",="2/2/2026",
="800001958",="Present",="2/4/2026",
="800001959",="Present",="2/4/2026",
="800001963",="Present",="2/4/2026",
="770062103",="Present",="2/4/2026",
="800001322",="Present",="2/4/2026",
="800001324",="Present",="2/4/2026",
="800001508",="Present",="2/4/2026",
="800001657",="Present",="2/4/2026",
="800001902",="Present",="2/4/2026",
="800002005",="Present",="2/4/2026",
="800002038",="Absent",="2/4/2026",
="800001831",="Present",="2/3/2026",
="800001850",="Present",="2/3/2026",
="800001860",="Present",="2/3/2026",
="800001874",="Present",="2/3/2026",
="800001939",="Present",="2/3/2026",
="800002015",="Present",="2/3/2026",
="800002051",="Absent",="2/3/2026",
="800002066",="Absent",="2/3/2026",
="800001513",="Present",="2/5/2026",
="800001591",="Present",="2/5/2026",
="800001846",="Present",="2/5/2026",
="800001902",="Present",="2/5/2026",
="800002005",="Present",="2/5/2026",
="800002015",="Present",="2/5/2026",
="800001031",="Present",="1/23/2026",
="800000941",="Present",="2/3/2026",
="800001031",="Present",="2/3/2026",
="800001094",="Present",="2/3/2026",
="800001322",="Present",="2/3/2026",
="800001324",="Present",="2/3/2026",
="800001368",="Present",="2/3/2026",
="800001445",="Present",="2/3/2026",
="800001468",="Present",="2/3/2026",
="800001529",="Present",="2/3/2026",
="800001626",="Present",="2/3/2026",
="800001673",="Present",="2/3/2026",
="800001679",="Present",="2/3/2026",
="800002005",="Present",="2/3/2026",
="800001958",="Present",="2/3/2026",
="800001959",="Present",="2/3/2026",
="800001031",="Present",="1/20/2026",
="800001031",="Present",="1/6/2026",
="800001031",="Present",="1/13/2026",
="800000927",="Present",="1/27/2026",
="800001031",="Present",="1/27/2026",
="800001410",="Present",="1/27/2026",
="800001548",="Present",="1/27/2026",
="800000927",="Present",="2/3/2026",
="800001031",="Absent",="2/3/2026",
="800001410",="Present",="2/3/2026",
="800001548",="Present",="2/3/2026",
="800001030",="Present",="2/3/2026",
="800001198",="Present",="2/3/2026",
="800001265",="Present",="2/3/2026",
="800001315",="Present",="2/3/2026",
="800001403",="Present",="2/3/2026",
="800001417",="Present",="2/3/2026",
="800001419",="Present",="2/3/2026",
="800001427",="Present",="2/3/2026",
="800001459",="Present",="2/3/2026",
="800001528",="Present",="2/3/2026",
="800001530",="Present",="2/3/2026",
="800001534",="Present",="2/3/2026",
="800001587",="Present",="2/3/2026",
="800001668",="Present",="2/3/2026",
="800000762",="Present",="2/3/2026",
="800000785",="Present",="2/5/2026",
="800001315",="Present",="2/5/2026",
="800001443",="Present",="2/5/2026",
="800001505",="Present",="2/5/2026",
="800001553",="Present",="2/5/2026",
="800001563",="Present",="2/5/2026",
="800001587",="Present",="2/5/2026",
="800001598",="Present",="2/5/2026",
="800001605",="Present",="2/5/2026",
="800001625",="Present",="2/5/2026",
="800001644",="Present",="2/5/2026",
="800001650",="Present",="2/5/2026",
="800001655",="Present",="2/5/2026",
="800001695",="Present",="2/5/2026",
="800001710",="Present",="2/5/2026",
="800001711",="Present",="2/5/2026",
="800001712",="Present",="2/5/2026",
="800001729",="Present",="2/5/2026",
="800001740",="Present",="2/5/2026",
="800001751",="Absent",="2/5/2026",
="800001757",="Present",="2/5/2026",
="800001769",="Present",="2/5/2026",
="800001793",="Present",="2/5/2026",
="800001803",="Present",="2/5/2026",
="800001813",="Present",="2/5/2026",
="800000754",="Present",="2/4/2026",
="800000941",="Present",="2/4/2026",
="800001031",="Present",="2/4/2026",
="800001368",="Present",="2/4/2026",
="800001502",="Present",="2/4/2026",
="800001626",="Present",="2/4/2026",
="800001701",="Absent",="2/4/2026",
="800000952",="Present",="2/4/2026",
="800001197",="Present",="2/4/2026",
="800001439",="Present",="2/4/2026",
="800001689",="Present",="2/4/2026",
="800001735",="Present",="2/4/2026",
="800001821",="Present",="2/4/2026",
="800001829",="Present",="2/4/2026",
="800001840",="Present",="2/4/2026",
="800001841",="Present",="2/4/2026",
="800001850",="Present",="2/4/2026",
="800001856",="Present",="2/4/2026",
="800001860",="Present",="2/4/2026",
="800001876",="Present",="2/4/2026",
="800001924",="Present",="2/4/2026",
="800001925",="Present",="2/4/2026",
="800001204",="Present",="2/6/2026",
="800001498",="Present",="2/6/2026",
="800001505",="Absent",="2/6/2026",
="800001532",="Present",="2/6/2026",
="800001533",="Present",="2/6/2026",
="800001553",="Present",="2/6/2026",
="800001557",="Present",="2/6/2026",
="800001580",="Present",="2/6/2026",
="800001593",="Present",="2/6/2026",
="800001598",="Present",="2/6/2026",
="800001605",="Present",="2/6/2026",
="800001655",="Present",="2/6/2026",
="800001681",="Absent",="2/6/2026",
="800001688",="Present",="2/6/2026",
="800001697",="Present",="2/6/2026",
="800001711",="Present",="2/6/2026",
="800001712",="Present",="2/6/2026",
="800001740",="Present",="2/6/2026",
="800001751",="Present",="2/6/2026",
="800001757",="Present",="2/6/2026",
="800001761",="Present",="2/6/2026",
="800001789",="Present",="2/6/2026",
="800001793",="Absent",="2/6/2026",
="800001798",="Present",="2/6/2026",
="800001803",="Present",="2/6/2026",
="800001813",="Present",="2/6/2026",
="800000774",="Present",="2/6/2026",
="770000323",="Present",="2/6/2026",
="770000409",="Present",="2/6/2026",
="800000934",="Absent",="2/6/2026",
="800001142",="Present",="2/6/2026",
="800001196",="Absent",="2/6/2026",
="800001292",="Present",="2/6/2026",
="800001318",="Present",="2/6/2026",
="800001410",="Absent",="2/6/2026",
="800001679",="Absent",="2/6/2026",
="770062103",="Present",="2/5/2026",
="800002038",="Absent",="2/5/2026",
="800001114",="Present",="2/5/2026",
="800001308",="Present",="2/5/2026",
="800001484",="Present",="2/5/2026",
="800001543",="Present",="2/5/2026",
="800001572",="Present",="2/5/2026",
="800001590",="Present",="2/5/2026",
="800001623",="Absent",="2/5/2026",
="800001634",="Present",="2/5/2026",
="800001723",="Present",="2/5/2026",
="800001739",="Present",="2/5/2026",
="800001775",="Present",="2/5/2026",
="800001802",="Present",="2/5/2026",
="800001852",="Present",="2/5/2026",
="800001862",="Present",="2/5/2026",
="800001864",="Present",="2/5/2026",
="800001867",="Present",="2/5/2026",
="800001878",="Present",="2/5/2026",
="800001884",="Present",="2/5/2026",
="800001888",="Present",="2/5/2026",
="800001892",="Present",="2/5/2026",
="800001905",="Present",="2/5/2026",
="800001908",="Present",="2/5/2026",
="800001910",="Present",="2/5/2026",
="800001917",="Present",="2/5/2026",
="800001928",="Present",="2/5/2026",
="800001934",="Present",="2/5/2026",
="800001940",="Present",="2/5/2026",
="800001954",="Present",="2/5/2026",
="800001591",="Absent",="2/6/2026",
="800001613",="Present",="2/6/2026",
="800001963",="Present",="2/6/2026",
="800000927",="Present",="2/6/2026",
="800001031",="Present",="2/6/2026",
="800001094",="Present",="2/6/2026",
="800001368",="Present",="2/6/2026",
="800001415",="Present",="2/6/2026",
="800001445",="Present",="2/6/2026",
="800001529",="Present",="2/6/2026",
="800001673",="Present",="2/6/2026",
="800001701",="Present",="2/6/2026",
="800002038",="Absent",="2/6/2026",
="800000754",="Absent",="2/8/2026",
="800000941",="Present",="2/8/2026",
="800001292",="Present",="2/8/2026",
="800001368",="Present",="2/8/2026",
="800001410",="Present",="2/8/2026",
="800001468",="Present",="2/8/2026",
="800001502",="Present",="2/8/2026",
="800001838",="Absent",="2/8/2026",
="800001845",="Present",="2/5/2026",
="800001955",="Present",="2/5/2026",
="800001983",="Present",="2/5/2026",
="800001986",="Present",="2/5/2026",
="800001987",="Present",="2/5/2026",
="800001998",="Present",="2/5/2026",
="800002008",="Present",="2/5/2026",
="800002023",="Present",="2/5/2026",
="800002026",="Present",="2/5/2026",
="800002029",="Present",="2/5/2026",
="800002042",="Present",="2/5/2026",
="800002049",="Present",="2/5/2026",
="800002052",="Absent",="2/5/2026",
="800002062",="Present",="2/5/2026",
="800002064",="Present",="2/5/2026",
="800001830",="Absent",="2/6/2026",
="800001902",="Present",="2/6/2026",
="800001998",="Present",="2/6/2026",
="800002005",="Present",="2/6/2026",
="800002029",="Present",="2/6/2026",
="800000722",="Present",="2/7/2026",
="800001591",="Present",="2/7/2026",
="800001613",="Present",="2/7/2026",
="800001963",="Present",="2/7/2026",
="770000409",="Present",="2/8/2026",
="800001415",="Present",="2/8/2026",
="800001445",="Present",="2/8/2026",
="800001562",="Present",="2/8/2026",
="800001657",="Present",="2/8/2026",
="800001681",="Present",="2/8/2026",
="800001701",="Present",="2/8/2026",
="800001197",="Present",="2/8/2026",
="800001439",="Present",="2/8/2026",
="800001553",="Present",="2/8/2026",
="800001649",="Present",="2/8/2026",
="800001650",="Present",="2/8/2026",
="800001723",="Present",="2/8/2026",
="800001735",="Present",="2/8/2026",
="800001840",="Present",="2/8/2026",
="800001841",="Present",="2/8/2026",
="800001842",="Present",="2/8/2026",
="800001846",="Present",="2/8/2026",
="800001850",="Present",="2/8/2026",
="800001852",="Present",="2/8/2026",
="800001856",="Present",="2/8/2026",
="800001860",="Present",="2/8/2026",
="800001874",="Present",="2/8/2026",
="800001888",="Present",="2/8/2026",
="800001917",="Present",="2/8/2026",
="800001921",="Present",="2/8/2026",
="800001922",="Present",="2/8/2026",
="800001924",="Present",="2/8/2026",
="800001925",="Present",="2/8/2026",
="800001928",="Present",="2/8/2026",
="800001939",="Present",="2/8/2026",
="800001954",="Present",="2/8/2026",
="770000737",="Present",="2/7/2026",
="800001572",="Present",="2/7/2026",
="800001823",="Present",="2/7/2026",
="800001829",="Present",="2/7/2026",
="800001864",="Present",="2/7/2026",
="800001876",="Present",="2/7/2026",
="800001878",="Present",="2/7/2026",
="800001905",="Present",="2/7/2026",
="800001908",="Present",="2/7/2026",
="800001909",="Present",="2/7/2026",
="800001910",="Present",="2/7/2026",
="800001934",="Present",="2/7/2026",
="800001114",="Present",="2/9/2026",
="800001197",="Present",="2/9/2026",
="800001517",="Present",="2/9/2026",
="800001862",="No class",="2/9/2026",
="800001892",="Present",="2/9/2026",
="800001905",="No class",="2/9/2026",
="800001934",="No class",="2/9/2026",
="770000409",="Present",="2/4/2026",
="770017870",="Present",="2/4/2026",
="800000934",="Present",="2/4/2026",
="800001142",="Present",="2/4/2026",
="800001196",="Present",="2/4/2026",
="800001268",="Present",="2/4/2026",
="800001292",="Present",="2/4/2026",
="800001318",="Present",="2/4/2026",
="800001410",="Present",="2/4/2026",
="800001562",="Present",="2/4/2026",
="800000428",="Present",="2/4/2026",
="800000461",="Present",="2/4/2026",
="800000625",="Present",="2/4/2026",
="800000774",="Present",="2/4/2026",
="800001434",="Present",="2/8/2026",
="800001580",="Present",="2/8/2026",
="800001590",="Present",="2/8/2026",
="800001708",="Present",="2/8/2026",
="800001740",="Present",="2/8/2026",
="800001771",="Present",="2/8/2026",
="800001823",="Absent",="2/8/2026",
="800001830",="Present",="2/8/2026",
="800001831",="Present",="2/8/2026",
="800001878",="Present",="2/8/2026",
="800001903",="Present",="2/8/2026",
="800001940",="Present",="2/8/2026",
="800001943",="Present",="2/8/2026",
="800001950",="Present",="2/8/2026",
="800001955",="Present",="2/8/2026",
="800001986",="Present",="2/8/2026",
="800001998",="Present",="2/8/2026",
="800002008",="Present",="2/8/2026",
="800002044",="Absent",="2/8/2026",
="800002049",="Present",="2/8/2026",
="800002052",="Absent",="2/8/2026",
="800002064",="Absent",="2/8/2026",
="800001197",="Present",="2/5/2026",
="800001434",="Present",="2/5/2026",
="800001439",="Present",="2/5/2026",
="800001649",="Present",="2/5/2026",
="800001667",="Present",="2/5/2026",
="800001815",="Present",="2/5/2026",
="800001821",="Present",="2/5/2026",
="800001829",="Present",="2/5/2026",
="800001840",="Present",="2/5/2026",
="800001841",="Present",="2/5/2026",
="800001842",="Present",="2/5/2026",
="800001850",="Present",="2/5/2026",
="800001856",="Present",="2/5/2026",
="800001860",="Present",="2/5/2026",
="800001874",="Present",="2/5/2026",
="800001876",="Present",="2/5/2026",
="800001903",="Present",="2/5/2026",
="800001909",="Present",="2/5/2026",
="800001922",="Present",="2/5/2026",
="800001924",="Present",="2/5/2026",
="800001925",="Present",="2/5/2026",
="800001939",="Present",="2/5/2026",
="800001315",="Present",="2/9/2026",
="800001330",="Present",="2/9/2026",
="800001498",="Present",="2/9/2026",
="800001553",="Present",="2/9/2026",
="800001580",="Present",="2/9/2026",
="800001587",="Present",="2/9/2026",
="800001593",="Present",="2/9/2026",
="800001605",="Present",="2/9/2026",
="800001625",="Present",="2/9/2026",
="800001644",="Present",="2/9/2026",
="800001655",="Present",="2/9/2026",
="800001695",="Present",="2/9/2026",
="800001711",="Present",="2/9/2026",
="800001712",="Present",="2/9/2026",
="800001740",="Present",="2/9/2026",
="800001751",="Present",="2/9/2026",
="800001757",="Present",="2/9/2026",
="800001761",="Present",="2/9/2026",
="800001778",="Present",="2/9/2026",
="800001789",="Present",="2/9/2026",
="800001793",="Present",="2/9/2026",
="800001798",="Present",="2/9/2026",
="800001802",="Present",="2/9/2026",
="800001803",="Present",="2/9/2026",
="800001813",="Present",="2/9/2026",
="800001315",="Present",="2/2/2026",
="800001330",="Present",="2/2/2026",
="800001498",="Present",="2/2/2026",
="800001553",="Present",="2/2/2026",
="800001580",="Present",="2/2/2026",
="800001587",="Present",="2/2/2026",
="800001593",="Present",="2/2/2026",
="800001605",="Present",="2/2/2026",
="800001625",="Present",="2/2/2026",
="800001644",="Present",="2/2/2026",
="800001655",="Present",="2/2/2026",
="800001695",="Present",="2/2/2026",
="800001711",="Present",="2/2/2026",
="800001712",="Present",="2/2/2026",
="800001740",="Present",="2/2/2026",
="800001751",="Present",="2/2/2026",
="800001757",="Present",="2/2/2026",
="800001761",="Present",="2/2/2026",
="800001778",="Present",="2/2/2026",
="800001789",="Present",="2/2/2026",
="800001793",="Present",="2/2/2026",
="800001798",="Present",="2/2/2026",
="800001802",="Present",="2/2/2026",
="800001803",="Present",="2/2/2026",
="800001813",="Present",="2/2/2026",
="800001441",="Present",="2/5/2026",
="800001863",="Present",="2/5/2026",
="800001950",="Present",="2/5/2026",
="800001958",="Present",="2/5/2026",
="800001959",="Present",="2/5/2026",
="800001985",="Present",="2/5/2026",
="800002001",="Present",="2/5/2026",
="800002010",="Present",="2/5/2026",
="800002011",="Present",="2/5/2026",
="800002017",="Present",="2/5/2026",
="800002018",="Present",="2/5/2026",
="800002020",="Present",="2/5/2026",
="800002021",="Present",="2/5/2026",
="800002035",="Present",="2/5/2026",
="800002036",="Present",="2/5/2026",
="800002051",="Absent",="2/5/2026",
="800002052",="Present",="2/5/2026",
="800002053",="Present",="2/5/2026",
="800002059",="Present",="2/5/2026",
="800002062",="Absent",="2/5/2026",
="800002066",="Present",="2/5/2026",
="800000348",="Present",="2/9/2026",
="800001443",="Present",="2/9/2026",
="800001650",="Present",="2/9/2026",
="800001665",="Present",="2/9/2026",
="800001667",="Present",="2/9/2026",
="800001733",="Present",="2/9/2026",
="800001815",="Present",="2/9/2026",
="800001867",="Present",="2/9/2026",
="800001878",="Present",="2/9/2026",
="800001917",="Present",="2/9/2026",
="800001867",="Present",="2/2/2026",
="800001905",="Absent",="2/2/2026",
="800001910",="Absent",="2/2/2026",
="800001928",="Present",="2/2/2026",
="800001940",="Absent",="2/2/2026",
="800000941",="Present",="2/10/2026",
="800001031",="Present",="2/10/2026",
="800001094",="Present",="2/10/2026",
="800001322",="Present",="2/10/2026",
="800001324",="Present",="2/10/2026",
="800001368",="Present",="2/10/2026",
="800001445",="Present",="2/10/2026",
="800001468",="Present",="2/10/2026",
="800001529",="Present",="2/10/2026",
="800001626",="Present",="2/10/2026",
="800001673",="Present",="2/10/2026",
="800001679",="Present",="2/10/2026",
="800001838",="Present",="2/10/2026",
="800002005",="Present",="2/10/2026",
="800001958",="Present",="2/10/2026",
="800001959",="Present",="2/10/2026",
="800001963",="Present",="2/10/2026",
="800001308",="Absent",="1/15/2026",
="800001633",="Present",="1/15/2026",
="800001643",="Present",="1/15/2026",
="800001689",="Present",="1/15/2026",
="800001714",="Present",="1/15/2026",
="800001724",="Present",="1/15/2026",
="800001917",="Absent",="1/15/2026",
="800001308",="Absent",="2/5/2026",
="800001633",="Present",="2/5/2026",
="800001643",="Present",="2/5/2026",
="800001689",="Present",="2/5/2026",
="800001714",="Present",="2/5/2026",
="800001724",="Present",="2/5/2026",
="800001917",="Absent",="2/5/2026",
="800001633",="Present",="1/29/2026",
="800001643",="Present",="1/29/2026",
="800001689",="Present",="1/29/2026",
="800001714",="Present",="1/29/2026",
="800001724",="Present",="1/29/2026",
="800001917",="Absent",="1/29/2026",
="800001308",="No class",="1/8/2026",
="800001572",="No class",="1/8/2026",
="800001633",="No class",="1/8/2026",
="800001643",="No class",="1/8/2026",
="800001689",="No class",="1/8/2026",
="800001714",="No class",="1/8/2026",
="800001724",="No class",="1/8/2026",
="800001739",="No class",="1/8/2026",
="800001917",="No class",="1/8/2026",
="800001308",="No class",="1/22/2026",
="800001572",="No class",="1/22/2026",
="800001633",="No class",="1/22/2026",
="800001643",="No class",="1/22/2026",
="800001689",="No class",="1/22/2026",
="800001714",="No class",="1/22/2026",
="800001724",="No class",="1/22/2026",
="800001739",="No class",="1/22/2026",
="800001917",="No class",="1/22/2026",
="800000348",="No class",="1/19/2026",
="800001114",="No class",="1/19/2026",
="800001197",="No class",="1/19/2026",
="800001439",="No class",="1/19/2026",
="800001443",="No class",="1/19/2026",
="800001484",="No class",="1/19/2026",
="800001517",="No class",="1/19/2026",
="800001543",="No class",="1/19/2026",
="800001650",="No class",="1/19/2026",
="800001665",="No class",="1/19/2026",
="800001667",="No class",="1/19/2026",
="800001733",="No class",="1/19/2026",
="800001815",="No class",="1/19/2026",
="800001821",="No class",="1/19/2026",
="800001829",="No class",="1/19/2026",
="800001840",="No class",="1/19/2026",
="800001841",="No class",="1/19/2026",
="800001852",="No class",="1/19/2026",
="800001856",="No class",="1/19/2026",
="800001862",="No class",="1/19/2026",
="800001867",="No class",="1/19/2026",
="800001876",="No class",="1/19/2026",
="800001878",="No class",="1/19/2026",
="800001892",="No class",="1/19/2026",
="800001905",="No class",="1/19/2026",
="800001910",="No class",="1/19/2026",
="800001917",="No class",="1/19/2026",
="800001924",="No class",="1/19/2026",
="800001925",="No class",="1/19/2026",
="800001928",="No class",="1/19/2026",
="800001934",="No class",="1/19/2026",
="800001940",="No class",="1/19/2026",
="800000348",="No class",="1/26/2026",
="800001114",="No class",="1/26/2026",
="800001197",="No class",="1/26/2026",
="800001439",="No class",="1/26/2026",
="800001443",="No class",="1/26/2026",
="800001484",="No class",="1/26/2026",
="800001517",="No class",="1/26/2026",
="800001543",="No class",="1/26/2026",
="800001650",="No class",="1/26/2026",
="800001665",="No class",="1/26/2026",
="800001667",="No class",="1/26/2026",
="800001733",="No class",="1/26/2026",
="800001815",="No class",="1/26/2026",
="800001821",="No class",="1/26/2026",
="800001829",="No class",="1/26/2026",
="800001840",="No class",="1/26/2026",
="800001841",="No class",="1/26/2026",
="800001852",="No class",="1/26/2026",
="800001856",="No class",="1/26/2026",
="800001862",="No class",="1/26/2026",
="800001867",="No class",="1/26/2026",
="800001876",="No class",="1/26/2026",
="800001878",="No class",="1/26/2026",
="800001892",="No class",="1/26/2026",
="800001905",="No class",="1/26/2026",
="800001910",="No class",="1/26/2026",
="800001917",="No class",="1/26/2026",
="800001924",="No class",="1/26/2026",
="800001925",="No class",="1/26/2026",
="800001928",="No class",="1/26/2026",
="800001934",="No class",="1/26/2026",
="800001940",="No class",="1/26/2026",
="800001434",="Present",="2/9/2026",
="800001533",="Present",="2/9/2026",
="800001563",="Present",="2/9/2026",
="800001623",="Present",="2/9/2026",
="800001708",="Present",="2/9/2026",
="800001710",="Present",="2/9/2026",
="800001729",="Present",="2/9/2026",
="800001735",="Present",="2/9/2026",
="800001769",="Present",="2/9/2026",
="800001771",="Present",="2/9/2026",
="800001775",="Present",="2/9/2026",
="800001862",="Present",="2/9/2026",
="800001863",="Tardy/Late",="1/30/2026",
="800001902",="Tardy/Late",="1/30/2026",
="800001985",="Tardy/Late",="1/30/2026",
="800002001",="Tardy/Late",="1/30/2026",
="800002011",="Tardy/Late",="1/30/2026",
="800002021",="Tardy/Late",="1/30/2026",
="800002053",="Tardy/Late",="1/30/2026",
="800002059",="Tardy/Late",="1/30/2026",
="800002066",="Absent",="1/30/2026",
="770000737",="Present",="2/4/2026",
="800001649",="Present",="2/4/2026",
="800001757",="Present",="2/4/2026",
="800001823",="Absent",="2/4/2026",
="800001842",="Present",="2/4/2026",
="800001874",="Present",="2/4/2026",
="800001903",="Absent",="2/4/2026",
="800001909",="Present",="2/4/2026",
="800001922",="Present",="2/4/2026",
="800001939",="Present",="2/4/2026",
="800001943",="Present",="2/4/2026",
="800001268",="Tardy/Late",="2/11/2026",
="800001315",="Present",="2/11/2026",
="800001330",="Present",="2/11/2026",
="800001498",="Present",="2/11/2026",
="800001553",="Present",="2/11/2026",
="800001580",="Present",="2/11/2026",
="800001587",="Present",="2/11/2026",
="800001593",="Absent",="2/11/2026",
="800001625",="Present",="2/11/2026",
="800001695",="Present",="2/11/2026",
="800001529",="Present",="2/8/2026",
="800001607",="Present",="2/8/2026",
="800001701",="Absent",="2/8/2026",
="800001655",="Absent",="1/9/2026",
="800001789",="Absent",="1/9/2026",
="800001798",="Present",="1/9/2026",
="770062103",="Present",="2/9/2026",
="800000754",="Present",="2/9/2026",
="800001701",="Present",="2/9/2026",
="800001502",="Present",="2/10/2026",
="800001657",="Present",="2/10/2026",
="800001030",="Present",="2/10/2026",
="800001198",="Present",="2/10/2026",
="800001265",="Present",="2/10/2026",
="800001315",="Present",="2/10/2026",
="800001403",="Present",="2/10/2026",
="800001417",="Present",="2/10/2026",
="800001419",="Present",="2/10/2026",
="800001427",="Present",="2/10/2026",
="800001459",="Present",="2/10/2026",
="800001528",="Present",="2/10/2026",
="800001530",="Present",="2/10/2026",
="800001534",="Present",="2/10/2026",
="800001587",="Present",="2/10/2026",
="800001668",="Present",="2/10/2026",
="800000762",="Present",="2/10/2026",
="800001441",="Present",="2/11/2026",
="800001831",="Absent",="2/11/2026",
="800001846",="Present",="2/11/2026",
="800001849",="Present",="2/11/2026",
="800001863",="Present",="2/11/2026",
="800001985",="Present",="2/11/2026",
="800002001",="Present",="2/11/2026",
="800002011",="Present",="2/11/2026",
="800002015",="Present",="2/11/2026",
="800002017",="Present",="2/11/2026",
="800002018",="Present",="2/11/2026",
="800002020",="Present",="2/11/2026",
="800002021",="Present",="2/11/2026",
="800002026",="Present",="2/11/2026",
="800002036",="Present",="2/11/2026",
="800002042",="Present",="2/11/2026",
="800002051",="Absent",="2/11/2026",
="800002053",="Present",="2/11/2026",
="800002059",="Present",="2/11/2026",
="800002066",="Absent",="2/11/2026",
="770000409",="Present",="2/9/2026",
="770017870",="Present",="2/9/2026",
="800000934",="Present",="2/9/2026",
="800001142",="Present",="2/9/2026",
="800001196",="Present",="2/9/2026",
="800001268",="Present",="2/9/2026",
="800001292",="Present",="2/9/2026",
="800001318",="Present",="2/9/2026",
="800001410",="Present",="2/9/2026",
="800001562",="Present",="2/9/2026",
="800001667",="Present",="2/6/2026",
="800001681",="Present",="2/6/2026",
="800001739",="Absent",="2/6/2026",
="800001769",="Present",="2/6/2026",
="800001802",="Present",="2/6/2026",
="800001862",="Present",="2/6/2026",
="800001892",="Present",="2/6/2026",
="770000409",="Present",="2/2/2026",
="770017870",="Present",="2/2/2026",
="800000934",="Present",="2/2/2026",
="800001142",="Present",="2/2/2026",
="800001196",="Present",="2/2/2026",
="800001268",="Present",="2/2/2026",
="800001292",="Present",="2/2/2026",
="800001318",="Present",="2/2/2026",
="800001410",="Present",="2/2/2026",
="800001562",="Present",="2/2/2026",
="800001517",="Present",="2/4/2026",
="800001665",="Present",="2/4/2026",
="800001667",="Present",="2/4/2026",
="800001681",="Present",="2/4/2026",
="800001739",="Present",="2/4/2026",
="800001802",="Present",="2/4/2026",
="800001315",="Present",="1/30/2026",
="800001644",="Present",="1/30/2026",
="800001802",="Present",="1/30/2026",
="800001330",="Present",="1/30/2026",
="800001587",="Present",="1/30/2026",
="800001625",="Present",="1/30/2026",
="800001695",="Present",="1/30/2026",
="800001778",="Present",="1/30/2026",
="770000323",="Present",="2/5/2026",
="770000409",="Present",="2/5/2026",
="800000927",="Present",="2/5/2026",
="800000934",="Present",="2/5/2026",
="800001142",="Present",="2/5/2026",
="800001292",="Present",="2/5/2026",
="800001318",="Present",="2/5/2026",
="800001410",="Present",="2/5/2026",
="770000323",="Present",="1/29/2026",
="770000409",="Present",="1/29/2026",
="800000927",="Present",="1/29/2026",
="800000934",="Present",="1/29/2026",
="800001142",="Present",="1/29/2026",
="800001292",="Present",="1/29/2026",
="800001318",="Present",="1/29/2026",
="800001410",="Present",="1/29/2026",
="800000785",="Tardy/Late",="2/6/2026",
="800001315",="Tardy/Late",="2/6/2026",
="800001443",="Tardy/Late",="2/6/2026",
="800001505",="Tardy/Late",="2/6/2026",
="800001553",="Absent",="2/6/2026",
="800001563",="Tardy/Late",="2/6/2026",
="800001587",="Tardy/Late",="2/6/2026",
="800001598",="Absent",="2/6/2026",
="800001625",="Tardy/Late",="2/6/2026",
="800001695",="Tardy/Late",="2/6/2026",
="800000785",="Tardy/Late",="2/7/2026",
="800001315",="Tardy/Late",="2/7/2026",
="800001443",="Tardy/Late",="2/7/2026",
="800001505",="Tardy/Late",="2/7/2026",
="800001553",="Absent",="2/7/2026",
="800001563",="Tardy/Late",="2/7/2026",
="800001587",="Tardy/Late",="2/7/2026",
="800001598",="Tardy/Late",="2/7/2026",
="800001625",="Tardy/Late",="2/7/2026",
="800001695",="Tardy/Late",="2/7/2026",
="800001633",="Present",="2/7/2026",
="800001689",="Present",="2/7/2026",
="800001714",="Present",="2/7/2026",
="800001724",="Present",="2/7/2026",
="800001739",="Present",="2/7/2026",
="800001821",="Tardy/Late",="2/7/2026",
="800001892",="Present",="2/7/2026",
="800001940",="Present",="2/7/2026",
="800001572",="Present",="2/10/2026",
="800001633",="Present",="2/10/2026",
="800001689",="Present",="2/10/2026",
="800001714",="Present",="2/10/2026",
="800001724",="Present",="2/10/2026",
="800001739",="Present",="2/10/2026",
="800001821",="Present",="2/10/2026",
="800001862",="No class",="2/10/2026",
="800001892",="Present",="2/10/2026",
="800001940",="Present",="2/10/2026",
="770000737",="Present",="1/9/2026",
="800001842",="Present",="1/9/2026",
="800001845",="Present",="1/9/2026",
="800001903",="Present",="1/9/2026",
="800001909",="Absent",="1/9/2026",
="800001921",="Present",="1/9/2026",
="800001922",="Absent",="1/9/2026",
="800001939",="Absent",="1/9/2026",
="800001943",="Present",="1/9/2026",
="800001955",="Present",="1/9/2026",
="800001983",="Present",="1/9/2026",
="800001986",="Present",="1/9/2026",
="800001987",="Present",="1/9/2026",
="800002008",="Present",="1/9/2026",
="800002023",="Present",="1/9/2026",
="800002026",="Absent",="1/9/2026",
="800002044",="Present",="1/9/2026",
="800002049",="Absent",="1/9/2026",
="800002062",="Present",="1/9/2026",
="800002064",="Absent",="1/9/2026",
="770000737",="Present",="1/16/2026",
="800001842",="Present",="1/16/2026",
="800001845",="Present",="1/16/2026",
="800001903",="Present",="1/16/2026",
="800001909",="Absent",="1/16/2026",
="800001921",="Present",="1/16/2026",
="800001922",="Absent",="1/16/2026",
="800001939",="Absent",="1/16/2026",
="800001943",="Present",="1/16/2026",
="800001955",="Present",="1/16/2026",
="800001983",="Present",="1/16/2026",
="800001986",="Present",="1/16/2026",
="800001987",="Present",="1/16/2026",
="800002008",="Present",="1/16/2026",
="800002023",="Present",="1/16/2026",
="800002026",="Absent",="1/16/2026",
="800002044",="Present",="1/16/2026",
="800002049",="Absent",="1/16/2026",
="800002062",="Present",="1/16/2026",
="800002064",="Absent",="1/16/2026",
="770000737",="Present",="1/23/2026",
="800001842",="Present",="1/23/2026",
="800001845",="Present",="1/23/2026",
="800001903",="Present",="1/23/2026",
="800001909",="Present",="1/23/2026",
="800001921",="Present",="1/23/2026",
="800001922",="Present",="1/23/2026",
="800001939",="Present",="1/23/2026",
="800001943",="Present",="1/23/2026",
="800001955",="Present",="1/23/2026",
="800001983",="Present",="1/23/2026",
="800001986",="Present",="1/23/2026",
="800001987",="Present",="1/23/2026",
="800002008",="Present",="1/23/2026",
="800002023",="Present",="1/23/2026",
="800002026",="Present",="1/23/2026",
="800002044",="Present",="1/23/2026",
="800002049",="Present",="1/23/2026",
="800002062",="Present",="1/23/2026",
="800002064",="Present",="1/23/2026",
="800001204",="Present",="2/13/2026",
="800001498",="Present",="2/13/2026",
="800001505",="Present",="2/13/2026",
="800001532",="Present",="2/13/2026",
="800001533",="Absent",="2/13/2026",
="800001553",="Present",="2/13/2026",
="800001557",="Present",="2/13/2026",
="800001580",="Present",="2/13/2026",
="800001593",="Present",="2/13/2026",
="800001598",="Absent",="2/13/2026",
="800001605",="Absent",="2/13/2026",
="800001655",="No class",="2/13/2026",
="800001681",="Present",="2/13/2026",
="800001688",="Present",="2/13/2026",
="800001697",="Present",="2/13/2026",
="800001711",="Absent",="2/13/2026",
="800001712",="Absent",="2/13/2026",
="800001740",="Present",="2/13/2026",
="800001751",="Absent",="2/13/2026",
="800001757",="Present",="2/13/2026",
="800001761",="Present",="2/13/2026",
="800001789",="Present",="2/13/2026",
="800001793",="Present",="2/13/2026",
="800001798",="Absent",="2/13/2026",
="800001803",="Present",="2/13/2026",
="800001813",="Present",="2/13/2026",
="770000323",="Present",="2/13/2026",
="770000409",="Present",="2/13/2026",
="800000934",="Present",="2/13/2026",
="800001142",="Present",="2/13/2026",
="800001196",="Present",="2/13/2026",
="800001292",="Present",="2/13/2026",
="800001318",="Present",="2/13/2026",
="800001410",="Present",="2/13/2026",
="800001679",="Present",="2/13/2026",
="800000774",="Present",="2/13/2026",
="770000737",="Present",="1/30/2026",
="800001842",="Present",="1/30/2026",
="800001845",="Present",="1/30/2026",
="800001903",="Absent",="1/30/2026",
="800001909",="Present",="1/30/2026",
="800001921",="Present",="1/30/2026",
="800001922",="Present",="1/30/2026",
="800001939",="Present",="1/30/2026",
="800001943",="Present",="1/30/2026",
="800001955",="Present",="1/30/2026",
="800001983",="Present",="1/30/2026",
="800001986",="Present",="1/30/2026",
="800001987",="Present",="1/30/2026",
="800002008",="Present",="1/30/2026",
="800002023",="Present",="1/30/2026",
="800002026",="Present",="1/30/2026",
="800002044",="Present",="1/30/2026",
="800002049",="Absent",="1/30/2026",
="800002062",="Present",="1/30/2026",
="800002064",="Present",="1/30/2026",
="770000737",="Present",="2/6/2026",
="800001842",="Present",="2/6/2026",
="800001845",="Present",="2/6/2026",
="800001903",="Present",="2/6/2026",
="800001909",="Present",="2/6/2026",
="800001921",="Present",="2/6/2026",
="800001922",="Present",="2/6/2026",
="800001939",="Present",="2/6/2026",
="800001943",="Present",="2/6/2026",
="800001955",="Present",="2/6/2026",
="800001983",="Present",="2/6/2026",
="800001986",="Present",="2/6/2026",
="800001987",="Present",="2/6/2026",
="800002008",="Present",="2/6/2026",
="800002023",="Present",="2/6/2026",
="800002026",="Present",="2/6/2026",
="800002044",="Present",="2/6/2026",
="800002049",="Present",="2/6/2026",
="800002062",="Present",="2/6/2026",
="800002064",="Present",="2/6/2026",
="800001845",="Present",="2/13/2026",
="800001955",="Absent",="2/13/2026",
="800001963",="Present",="2/13/2026",
="800001986",="Absent",="2/13/2026",
="800002008",="Present",="2/13/2026",
="800002026",="Present",="2/13/2026",
="800002029",="Present",="2/13/2026",
="800002044",="Present",="2/13/2026",
="800002049",="Absent",="2/13/2026",
="800002064",="Absent",="2/13/2026",
="800001114",="Present",="2/14/2026",
="800001197",="Present",="2/14/2026",
="800001517",="Present",="2/14/2026",
="800001862",="Present",="2/14/2026",
="800001892",="Present",="2/14/2026",
="800001905",="No class",="2/14/2026",
="800001934",="No class",="2/14/2026",
="770000737",="Present",="2/14/2026",
="800001842",="Present",="2/14/2026",
="800001845",="Present",="2/14/2026",
="800001903",="Present",="2/14/2026",
="800001909",="Present",="2/14/2026",
="800001921",="Present",="2/14/2026",
="800001922",="Present",="2/14/2026",
="800001939",="Present",="2/14/2026",
="800001943",="Absent",="2/14/2026",
="800001955",="Present",="2/14/2026",
="800000941",="Present",="2/15/2026",
="800001031",="Present",="2/15/2026",
="800001368",="Present",="2/15/2026",
="800001591",="Present",="2/15/2026",
="800000722",="Present",="2/15/2026",
="800001513",="Present",="2/15/2026",
="800001845",="Present",="2/12/2026",
="800001864",="Absent",="2/12/2026",
="800001888",="Present",="2/12/2026",
="800001955",="Present",="2/12/2026",
="800001983",="Present",="2/12/2026",
="800001986",="Present",="2/12/2026",
="800001987",="Present",="2/12/2026",
="800001998",="Present",="2/12/2026",
="800002008",="Present",="2/12/2026",
="800002023",="Present",="2/12/2026",
="800002026",="Present",="2/12/2026",
="800002029",="Present",="2/12/2026",
="800002042",="Present",="2/12/2026",
="800002049",="Present",="2/12/2026",
="800002052",="Absent",="2/12/2026",
="800002062",="Present",="2/12/2026",
="800002064",="Present",="2/12/2026",
="800001441",="Present",="2/10/2026",
="800001831",="Present",="2/10/2026",
="800001849",="Present",="2/10/2026",
="800001850",="Present",="2/10/2026",
="800001860",="Present",="2/10/2026",
="800001863",="Present",="2/10/2026",
="800001874",="Present",="2/10/2026",
="800001884",="Present",="2/10/2026",
="800001939",="Present",="2/10/2026",
="800001985",="Present",="2/10/2026",
="800002001",="Present",="2/10/2026",
="800002010",="Present",="2/10/2026",
="800002011",="Present",="2/10/2026",
="800002015",="Present",="2/10/2026",
="800002017",="Present",="2/10/2026",
="800002018",="Present",="2/10/2026",
="800002020",="Present",="2/10/2026",
="800002021",="Present",="2/10/2026",
="800002035",="Present",="2/10/2026",
="800002036",="Present",="2/10/2026",
="800002044",="Present",="2/10/2026",
="800002051",="Present",="2/10/2026",
="800002053",="Present",="2/10/2026",
="800002059",="Present",="2/10/2026",
="800002066",="Absent",="2/10/2026",
="800001958",="Present",="2/11/2026",
="800001959",="Present",="2/11/2026",
="800001963",="Present",="2/11/2026",
="770062103",="Present",="2/11/2026",
="800001322",="Present",="2/11/2026",
="800001324",="Present",="2/11/2026",
="800001508",="Present",="2/11/2026",
="800001657",="Present",="2/11/2026",
="800001902",="Present",="2/11/2026",
="800002005",="Absent",="2/11/2026",
="800002005",="Present",="2/11/2026",
="800001513",="Present",="2/12/2026",
="800001591",="Present",="2/12/2026",
="800001830",="Absent",="2/13/2026",
="800001902",="Present",="2/13/2026",
="800001998",="Present",="2/13/2026",
="800002005",="Absent",="2/13/2026",
="800000722",="Present",="2/14/2026",
="800001591",="Present",="2/14/2026",
="800001613",="Present",="2/14/2026",
="800001963",="Present",="2/14/2026",
="770000409",="Present",="2/15/2026",
="800001415",="Present",="2/15/2026",
="800001445",="Present",="2/15/2026",
="800001468",="Present",="2/15/2026",
="800001562",="Present",="2/15/2026",
="800001657",="Present",="2/15/2026",
="800001681",="Present",="2/15/2026",
="800001701",="Present",="2/15/2026",
="800001838",="Present",="2/15/2026",
="800001197",="Present",="2/15/2026",
="800001439",="Present",="2/15/2026",
="800001553",="Present",="2/15/2026",
="800001649",="Present",="2/15/2026",
="800001650",="Present",="2/15/2026",
="800001723",="Present",="2/15/2026",
="800001735",="Absent",="2/15/2026",
="800001840",="Present",="2/15/2026",
="800001841",="Present",="2/15/2026",
="800001842",="Present",="2/15/2026",
="800001846",="Present",="2/15/2026",
="800001850",="Present",="2/15/2026",
="800001852",="Present",="2/15/2026",
="800001856",="Present",="2/15/2026",
="800001860",="Present",="2/15/2026",
="800001874",="Present",="2/15/2026",
="800001888",="Present",="2/15/2026",
="800001917",="Present",="2/15/2026",
="800001921",="Present",="2/15/2026",
="800001922",="Present",="2/15/2026",
="800001924",="Present",="2/15/2026",
="800001925",="Present",="2/15/2026",
="800001928",="Present",="2/15/2026",
="800001939",="Present",="2/15/2026",
="800001954",="Present",="2/15/2026",
="800001572",="Present",="2/14/2026",
="800001823",="Absent",="2/14/2026",
="800001829",="Present",="2/14/2026",
="800001864",="Absent",="2/14/2026",
="800001876",="Present",="2/14/2026",
="800001878",="Present",="2/14/2026",
="800001905",="Present",="2/14/2026",
="800001908",="Absent",="2/14/2026",
="800001910",="Present",="2/14/2026",
="800001934",="Absent",="2/14/2026",
="800001114",="Present",="2/16/2026",
="800001197",="Present",="2/16/2026",
="800001517",="Present",="2/16/2026",
="800001862",="Present",="2/16/2026",
="800001892",="Present",="2/16/2026",
="800001905",="No class",="2/16/2026",
="800001934",="No class",="2/16/2026",
="800001434",="Present",="2/13/2026",
="800001533",="Present",="2/13/2026",
="800001650",="Present",="2/13/2026",
="800001708",="Present",="2/13/2026",
="800001729",="Present",="2/13/2026",
="800001735",="Present",="2/13/2026",
="800001775",="Present",="2/13/2026",
="800001815",="Present",="2/13/2026",
="800001955",="Absent",="2/6/2026",
="800002044",="Absent",="2/6/2026",
="800002064",="Absent",="2/6/2026",
="800001517",="Present",="2/7/2026",
="800001643",="Present",="2/7/2026",
="800001841",="Present",="2/7/2026",
="800001924",="Present",="2/7/2026",
="800001925",="Present",="2/7/2026",
="800001928",="Present",="2/7/2026",
="800001529",="Present",="2/15/2026",
="800001607",="Present",="2/15/2026",
="800001701",="Absent",="2/15/2026",
="770000323",="Present",="2/12/2026",
="770000409",="Present",="2/12/2026",
="800000927",="Present",="2/12/2026",
="800000934",="Present",="2/12/2026",
="800001142",="Present",="2/12/2026",
="800001292",="Present",="2/12/2026",
="800001318",="Present",="2/12/2026",
="800001410",="Present",="2/12/2026",
="800001434",="Present",="2/15/2026",
="800001580",="Present",="2/15/2026",
="800001590",="Present",="2/15/2026",
="800001708",="Present",="2/15/2026",
="800001740",="Present",="2/15/2026",
="800001771",="Present",="2/15/2026",
="800001823",="Absent",="2/15/2026",
="800001830",="Present",="2/15/2026",
="800001831",="Present",="2/15/2026",
="800001878",="Present",="2/15/2026",
="800001903",="Absent",="2/15/2026",
="800001940",="Present",="2/15/2026",
="800001943",="Present",="2/15/2026",
="800001950",="Present",="2/15/2026",
="800001955",="Present",="2/15/2026",
="800001986",="Present",="2/15/2026",
="800001998",="Present",="2/15/2026",
="800002008",="Present",="2/15/2026",
="800002044",="Present",="2/15/2026",
="800002049",="Present",="2/15/2026",
="800001315",="Present",="2/16/2026",
="800001330",="Present",="2/16/2026",
="800001498",="Present",="2/16/2026",
="800001553",="Present",="2/16/2026",
="800001580",="Absent",="2/16/2026",
="800001587",="Present",="2/16/2026",
="800001593",="Present",="2/16/2026",
="800001605",="Present",="2/16/2026",
="800001625",="Present",="2/16/2026",
="800001644",="Present",="2/16/2026",
="800001655",="Present",="2/16/2026",
="800001695",="Present",="2/16/2026",
="800001711",="Present",="2/16/2026",
="800001712",="Present",="2/16/2026",
="800001740",="Present",="2/16/2026",
="800001751",="Present",="2/16/2026",
="800001757",="Present",="2/16/2026",
="800001761",="Present",="2/16/2026",
="800001778",="Present",="2/16/2026",
="800001789",="Present",="2/16/2026",
="800001793",="Present",="2/16/2026",
="800001798",="Present",="2/16/2026",
="800001802",="Absent",="2/16/2026",
="800001803",="Present",="2/16/2026",
="800001813",="Present",="2/16/2026",
="800001605",="Present",="2/13/2026",
="800001644",="Present",="2/13/2026",
="800001655",="Present",="2/13/2026",
="800001710",="Present",="2/13/2026",
="800001711",="Present",="2/13/2026",
="800001712",="Present",="2/13/2026",
="800001751",="Present",="2/13/2026",
="800001605",="Present",="2/14/2026",
="800001644",="Present",="2/14/2026",
="800001650",="Present",="2/14/2026",
="800001655",="Present",="2/14/2026",
="800001710",="Present",="2/14/2026",
="800001711",="Present",="2/14/2026",
="800001712",="Present",="2/14/2026",
="800001729",="Present",="2/14/2026",
="800001740",="Present",="2/14/2026",
="800001751",="Present",="2/14/2026",
="800001114",="Present",="2/12/2026",
="800001308",="Present",="2/12/2026",
="800001484",="Absent",="2/12/2026",
="800001543",="Present",="2/12/2026",
="800001572",="Present",="2/12/2026",
="800001590",="Present",="2/12/2026",
="800001623",="Absent",="2/12/2026",
="800001634",="Present",="2/12/2026",
="800001723",="Present",="2/12/2026",
="800001739",="Present",="2/12/2026",
="800001775",="Present",="2/12/2026",
="800001802",="Absent",="2/12/2026",
="800001852",="Present",="2/12/2026",
="800001862",="Present",="2/12/2026",
="800001864",="Present",="2/12/2026",
="800001867",="Present",="2/12/2026",
="800001878",="Present",="2/12/2026",
="800001884",="Present",="2/12/2026",
="800001892",="Present",="2/12/2026",
="800001905",="Present",="2/12/2026",
="800001908",="Present",="2/12/2026",
="800001910",="Present",="2/12/2026",
="800001917",="Present",="2/12/2026",
="800001928",="Present",="2/12/2026",
="800001934",="Present",="2/12/2026",
="800001940",="Present",="2/12/2026",
="800001954",="Present",="2/12/2026",
="770062103",="No class",="2/12/2026",
="800001902",="No class",="2/12/2026",
="800002005",="No class",="2/12/2026",
="770062103",="Absent",="2/12/2026",
="800001902",="Present",="2/12/2026",
="800002005",="Present",="2/12/2026",
="800002038",="Present",="2/12/2026",
="800002001",="Present",="2/16/2026",
="800002010",="Absent",="2/16/2026",
="800002011",="Present",="2/16/2026",
="800002018",="Present",="2/16/2026",
="800002020",="Present",="2/16/2026",
="800002021",="Present",="2/16/2026",
="800002035",="Present",="2/16/2026",
="800002036",="Present",="2/16/2026",
="800002042",="Present",="2/16/2026",
="800002001",="Present",="2/17/2026",
="800002010",="Absent",="2/17/2026",
="800002011",="Present",="2/17/2026",
="800002018",="Present",="2/17/2026",
="800002020",="Present",="2/17/2026",
="800002021",="Present",="2/17/2026",
="800002035",="Present",="2/17/2026",
="800002036",="Present",="2/17/2026",
="800002042",="Present",="2/17/2026",
="800001441",="Present",="2/9/2026",
="800001863",="Present",="2/9/2026",
="800001950",="Present",="2/9/2026",
="800001958",="Present",="2/9/2026",
="800001959",="Present",="2/9/2026",
="800001985",="Present",="2/9/2026",
="800002001",="Present",="2/9/2026",
="800002010",="Present",="2/9/2026",
="800002011",="Present",="2/9/2026",
="800002017",="Present",="2/9/2026",
="800002018",="Present",="2/9/2026",
="800002020",="Present",="2/9/2026",
="800002021",="Present",="2/9/2026",
="800002035",="Present",="2/9/2026",
="800002036",="Present",="2/9/2026",
="800002051",="Absent",="2/9/2026",
="800002053",="Present",="2/9/2026",
="800002059",="Present",="2/9/2026",
="800002062",="Present",="2/9/2026",
="800002066",="Present",="2/9/2026",
="800001950",="Present",="2/11/2026",
="800002010",="Present",="2/11/2026",
="800002035",="Present",="2/11/2026",
="800002062",="Present",="2/11/2026",
="800002066",="Present",="2/11/2026",
="800001845",="Present",="2/11/2026",
="800001955",="Present",="2/11/2026",
="800001983",="Present",="2/11/2026",
="800001986",="Present",="2/11/2026",
="800001987",="Present",="2/11/2026",
="800002008",="Present",="2/11/2026",
="800002029",="Present",="2/11/2026",
="800002044",="Present",="2/11/2026",
="800002049",="Present",="2/11/2026",
="800002052",="Present",="2/11/2026",
="800002064",="Present",="2/11/2026",
="800001845",="Present",="2/10/2026",
="800001955",="Present",="2/10/2026",
="800001983",="Present",="2/10/2026",
="800001986",="Present",="2/10/2026",
="800001987",="Present",="2/10/2026",
="800002008",="Present",="2/10/2026",
="800002026",="Present",="2/10/2026",
="800002029",="Present",="2/10/2026",
="800002042",="Present",="2/10/2026",
="800002049",="Present",="2/10/2026",
="800002052",="Present",="2/10/2026",
="800002064",="Present",="2/10/2026",
="800000428",="Present",="2/11/2026",
="800000461",="Present",="2/11/2026",
="800000625",="Present",="2/11/2026",
="800000774",="Present",="2/11/2026",
="770017870",="Present",="1/15/2026",
="800001094",="Present",="1/15/2026",
="800001268",="Present",="1/15/2026",
="800001529",="Present",="1/15/2026",
="800001548",="Present",="1/15/2026",
="800001562",="Present",="1/15/2026",
="800001673",="Present",="1/15/2026",
="770017870",="Present",="1/29/2026",
="800001094",="Present",="1/29/2026",
="800001268",="Present",="1/29/2026",
="800001529",="Present",="1/29/2026",
="800001548",="Present",="1/29/2026",
="800001562",="Present",="1/29/2026",
="800001673",="Present",="1/29/2026",
="800001030",="Present",="2/17/2026",
="800001198",="Present",="2/17/2026",
="800001265",="Present",="2/17/2026",
="800001315",="Present",="2/17/2026",
="800001403",="Present",="2/17/2026",
="800001417",="Present",="2/17/2026",
="800001419",="Present",="2/17/2026",
="800001427",="Present",="2/17/2026",
="800001459",="Present",="2/17/2026",
="800001528",="Present",="2/17/2026",
="800001530",="Present",="2/17/2026",
="800001534",="Present",="2/17/2026",
="800001587",="Present",="2/17/2026",
="800001668",="Present",="2/17/2026",
="800001315",="Present",="1/19/2026",
="800001330",="Present",="1/19/2026",
="800001498",="Present",="1/19/2026",
="800001553",="Absent",="1/19/2026",
="800001580",="Absent",="1/19/2026",
="800001587",="Present",="1/19/2026",
="800001593",="Absent",="1/19/2026",
="800001605",="Absent",="1/19/2026",
="800001625",="Absent",="1/19/2026",
="800001644",="Absent",="1/19/2026",
="800001655",="Present",="1/19/2026",
="800001695",="Absent",="1/19/2026",
="800001711",="Absent",="1/19/2026",
="800001712",="Present",="1/19/2026",
="800001740",="Present",="1/19/2026",
="800001751",="Absent",="1/19/2026",
="800001757",="Present",="1/19/2026",
="800001761",="Absent",="1/19/2026",
="800001778",="Absent",="1/19/2026",
="800001789",="Absent",="1/19/2026",
="800001793",="Absent",="1/19/2026",
="800001798",="Absent",="1/19/2026",
="800001802",="Absent",="1/19/2026",
="800001803",="Present",="1/19/2026",
="800001813",="Absent",="1/19/2026",
="800000754",="Present",="2/15/2026",
="800001292",="Present",="2/15/2026",
="800001410",="Present",="2/15/2026",
="800001502",="Absent",="2/15/2026",
="800001838",="Absent",="2/15/2026",
="800001572",="Present",="2/17/2026",
="800001633",="Present",="2/17/2026",
="800001689",="Present",="2/17/2026",
="800001714",="Present",="2/17/2026",
="800001724",="Present",="2/17/2026",
="800001739",="Present",="2/17/2026",
="800001821",="Present",="2/17/2026",
="800001862",="No class",="2/17/2026",
="800001892",="Present",="2/17/2026",
="800001940",="Present",="2/17/2026",
="770000409",="Present",="2/18/2026",
="800001605",="Present",="2/18/2026",
="800001644",="Present",="2/18/2026",
="800001655",="Present",="2/18/2026",
="800001711",="Present",="2/18/2026",
="800001712",="Present",="2/18/2026",
="800001740",="Present",="2/18/2026",
="800001751",="Present",="2/18/2026",
="800001757",="Present",="2/18/2026",
="800001761",="Present",="2/18/2026",
="800000941",="Present",="2/17/2026",
="800001031",="Present",="2/17/2026",
="800001094",="Present",="2/17/2026",
="800001322",="Present",="2/17/2026",
="800001324",="Present",="2/17/2026",
="800001368",="Present",="2/17/2026",
="800001445",="Present",="2/17/2026",
="800001468",="Present",="2/17/2026",
="800001529",="Present",="2/17/2026",
="800001626",="Present",="2/17/2026",
="800001673",="Present",="2/17/2026",
="800001679",="Present",="2/17/2026",
="800001838",="Present",="2/17/2026",
="800002005",="Present",="2/17/2026",
="800001958",="Present",="2/17/2026",
="800001959",="Present",="2/17/2026",
="800001963",="Present",="2/17/2026",
="770000737",="Present",="2/11/2026",
="800001649",="Present",="2/11/2026",
="800001757",="Present",="2/11/2026",
="800001823",="Absent",="2/11/2026",
="800001842",="Present",="2/11/2026",
="800001874",="Present",="2/11/2026",
="800001903",="Present",="2/11/2026",
="800001909",="Present",="2/11/2026",
="800001922",="Present",="2/11/2026",
="800001939",="Present",="2/11/2026",
="800001943",="Present",="2/11/2026",
="800001572",="Present",="2/9/2026",
="800001633",="Present",="2/9/2026",
="800001643",="Present",="2/9/2026",
="800001689",="Present",="2/9/2026",
="800001714",="Present",="2/9/2026",
="800001724",="Present",="2/9/2026",
="800001739",="Present",="2/9/2026",
="800001821",="Present",="2/9/2026",
="800001840",="Present",="2/9/2026",
="800001841",="Present",="2/9/2026",
="800001924",="Present",="2/9/2026",
="800001925",="Present",="2/9/2026",
="800001928",="Present",="2/9/2026",
="800001940",="Present",="2/9/2026",
="800001114",="No class",="2/10/2026",
="800001197",="No class",="2/10/2026",
="800001517",="No class",="2/10/2026",
="800001572",="No class",="2/10/2026",
="800001633",="No class",="2/10/2026",
="800001643",="No class",="2/10/2026",
="800001689",="No class",="2/10/2026",
="800001714",="No class",="2/10/2026",
="800001724",="No class",="2/10/2026",
="800001739",="No class",="2/10/2026",
="800001821",="No class",="2/10/2026",
="800001840",="No class",="2/10/2026",
="800001841",="No class",="2/10/2026",
="800001917",="No class",="2/10/2026",
="800001924",="No class",="2/10/2026",
="800001925",="No class",="2/10/2026",
="800001928",="No class",="2/10/2026",
="800001940",="No class",="2/10/2026",
="800001572",="Present",="2/16/2026",
="800001633",="Present",="2/16/2026",
="800001643",="Present",="2/16/2026",
="800001689",="Present",="2/16/2026",
="800001714",="Present",="2/16/2026",
="800001724",="Present",="2/16/2026",
="800001739",="Present",="2/16/2026",
="800001821",="Present",="2/16/2026",
="800001840",="Present",="2/16/2026",
="800001841",="Present",="2/16/2026",
="800001917",="Present",="2/16/2026",
="800001924",="Present",="2/16/2026",
="800001925",="Present",="2/16/2026",
="800001928",="Present",="2/16/2026",
="800001940",="Present",="2/16/2026",
="800000348",="Present",="2/17/2026",
="800001443",="Present",="2/17/2026",
="800001484",="Present",="2/17/2026",
="800001650",="Present",="2/17/2026",
="800001665",="Present",="2/17/2026",
="800001667",="No class",="2/17/2026",
="800001733",="Present",="2/17/2026",
="800001815",="Present",="2/17/2026",
="800001862",="Present",="2/17/2026",
="800001867",="Present",="2/17/2026",
="800001878",="Present",="2/17/2026",
="800001114",="Present",="2/17/2026",
="800001197",="Present",="2/17/2026",
="800001517",="Present",="2/17/2026",
="800001643",="Present",="2/17/2026",
="800001840",="Present",="2/17/2026",
="800001841",="Present",="2/17/2026",
="800001917",="Present",="2/17/2026",
="800001924",="Present",="2/17/2026",
="800001925",="Present",="2/17/2026",
="800001928",="Present",="2/17/2026",
="800000348",="Present",="2/16/2026",
="800001443",="Present",="2/16/2026",
="800001484",="Present",="2/16/2026",
="800001650",="Present",="2/16/2026",
="800001665",="Present",="2/16/2026",
="800001667",="No class",="2/16/2026",
="800001733",="Present",="2/16/2026",
="800001815",="Present",="2/16/2026",
="800001867",="Present",="2/16/2026",
="800001878",="Present",="2/16/2026",
="770062103",="No class",="2/11/2026",
="800000754",="No class",="2/11/2026",
="800000941",="No class",="2/11/2026",
="800001031",="No class",="2/11/2026",
="800001368",="No class",="2/11/2026",
="800001502",="No class",="2/11/2026",
="800001508",="No class",="2/11/2026",
="800001626",="No class",="2/11/2026",
="800001657",="No class",="2/11/2026",
="800001701",="No class",="2/11/2026",
="800001591",="Present",="2/13/2026",
="800001613",="Present",="2/13/2026",
="800000927",="Present",="2/13/2026",
="800001031",="Present",="2/13/2026",
="800001094",="Present",="2/13/2026",
="800001368",="Present",="2/13/2026",
="800001415",="Present",="2/13/2026",
="800001445",="Present",="2/13/2026",
="800001529",="Present",="2/13/2026",
="800001673",="Present",="2/13/2026",
="800001701",="Present",="2/13/2026",
="800001434",="Present",="2/16/2026",
="800001533",="Present",="2/16/2026",
="800001563",="Present",="2/16/2026",
="800001623",="Present",="2/16/2026",
="800001650",="Absent",="2/16/2026",
="800001708",="Present",="2/16/2026",
="800001710",="Present",="2/16/2026",
="800001729",="Present",="2/16/2026",
="800001733",="Absent",="2/16/2026",
="800001735",="Present",="2/16/2026",
="800001769",="Present",="2/16/2026",
="800001771",="Present",="2/16/2026",
="800001775",="Present",="2/16/2026",
="800001815",="Absent",="2/16/2026",
="800001892",="Absent",="2/16/2026",
="800001441",="Present",="2/18/2026",
="800001831",="Absent",="2/18/2026",
="800001846",="Present",="2/18/2026",
="800001849",="Present",="2/18/2026",
="800001863",="Present",="2/18/2026",
="800001985",="Present",="2/18/2026",
="800002001",="Present",="2/18/2026",
="800002011",="Present",="2/18/2026",
="800002015",="Present",="2/18/2026",
="800002017",="Present",="2/18/2026",
="800002018",="Present",="2/18/2026",
="800002020",="Present",="2/18/2026",
="800002021",="Present",="2/18/2026",
="800002026",="Present",="2/18/2026",
="800002036",="Present",="2/18/2026",
="800002042",="Present",="2/18/2026",
="800002051",="Absent",="2/18/2026",
="800002053",="Present",="2/18/2026",
="800002059",="Present",="2/18/2026",
="800002066",="Absent",="2/18/2026",
="800000722",="Present",="2/19/2026",
="800001513",="Present",="2/19/2026",
="800000941",="Present",="2/19/2026",
="800001031",="Present",="2/19/2026",
="800001368",="Present",="2/19/2026",
="800001591",="Present",="2/19/2026",
="800001441",="Present",="2/12/2026",
="800001863",="Present",="2/12/2026",
="800001950",="Present",="2/12/2026",
="800001958",="Present",="2/12/2026",
="800001959",="Present",="2/12/2026",
="800001985",="Present",="2/12/2026",
="800002001",="Present",="2/12/2026",
="800002010",="Present",="2/12/2026",
="800002011",="Present",="2/12/2026",
="800002017",="Present",="2/12/2026",
="800002018",="Present",="2/12/2026",
="800002020",="Present",="2/12/2026",
="800002021",="Present",="2/12/2026",
="800002035",="Present",="2/12/2026",
="800002036",="Present",="2/12/2026",
="800002051",="Present",="2/12/2026",
="800002052",="Present",="2/12/2026",
="800002053",="Present",="2/12/2026",
="800002059",="Present",="2/12/2026",
="800002066",="Present",="2/12/2026",
="800001441",="Present",="2/19/2026",
="800001863",="Present",="2/19/2026",
="800001950",="Present",="2/19/2026",
="800001958",="Present",="2/19/2026",
="800001959",="Present",="2/19/2026",
="800001983",="Absent",="2/19/2026",
="800001985",="Present",="2/19/2026",
="800001987",="Present",="2/19/2026",
="800002001",="Present",="2/19/2026",
="800002010",="Present",="2/19/2026",
="800002011",="Present",="2/19/2026",
="800002017",="Present",="2/19/2026",
="800002018",="Present",="2/19/2026",
="800002020",="Present",="2/19/2026",
="800002021",="Present",="2/19/2026",
="800002035",="Present",="2/19/2026",
="800002036",="Present",="2/19/2026",
="800002042",="Present",="2/19/2026",
="800002051",="Absent",="2/19/2026",
="800002052",="Absent",="2/19/2026",
="800002053",="Present",="2/19/2026",
="800002059",="Present",="2/19/2026",
="800002062",="Absent",="2/19/2026",
="800002066",="Present",="2/19/2026",
="800000722",="Present",="1/16/2026",
="800001513",="Present",="1/16/2026",
="800000722",="Present",="1/23/2026",
="800001513",="Present",="1/23/2026",
="800000722",="Present",="1/30/2026",
="800001513",="Present",="1/30/2026",
="800000722",="Present",="2/4/2026",
="800001513",="Present",="2/4/2026",
="800000722",="Present",="2/6/2026",
="800001513",="Present",="2/6/2026",
="800000722",="Present",="2/11/2026",
="800001513",="Present",="2/11/2026",
="800000722",="Present",="2/13/2026",
="800001513",="Present",="2/13/2026",
="800000722",="No class",="2/18/2026",
="800001513",="No class",="2/18/2026",
="770062103",="Present",="2/19/2026",
="800000754",="Present",="2/19/2026",
="800001502",="Present",="2/19/2026",
="800001657",="Present",="2/19/2026",
="800001701",="Present",="2/19/2026",
="800000722",="Present",="2/3/2026",
="800001513",="Present",="2/3/2026",
="800000722",="Present",="2/10/2026",
="800001513",="Present",="2/10/2026",
="800000722",="Present",="2/18/2026",
="800001513",="Present",="2/18/2026",
="800000722",="Present",="1/13/2026",
="800001513",="Present",="1/13/2026",
="800000722",="Present",="2/17/2026",
="800001513",="Present",="2/17/2026",
="800000722",="No class",="2/11/2026",
="800001513",="No class",="2/11/2026",
="800000754",="Present",="2/5/2026",
="800001502",="Present",="2/5/2026",
="800001657",="Present",="2/5/2026",
="800001701",="Present",="2/5/2026",
="800001502",="Present",="2/17/2026",
="800001657",="Present",="2/17/2026",
="770000409",="Present",="2/16/2026",
="770017870",="Present",="2/16/2026",
="800000934",="Present",="2/16/2026",
="800001142",="Present",="2/16/2026",
="800001196",="Present",="2/16/2026",
="800001268",="Present",="2/16/2026",
="800001292",="Present",="2/16/2026",
="800001318",="Present",="2/16/2026",
="800001410",="Present",="2/16/2026",
="800001562",="Present",="2/16/2026",
="800001517",="Absent",="2/20/2026",
="800001563",="Present",="2/20/2026",
="800001665",="Present",="2/20/2026",
="800001710",="Present",="2/20/2026",
="800001733",="Absent",="2/20/2026",
="800001771",="Present",="2/20/2026",
="800000952",="Present",="2/18/2026",
="800001197",="Present",="2/18/2026",
="800001439",="Present",="2/18/2026",
="800001689",="Present",="2/18/2026",
="800001735",="Present",="2/18/2026",
="800001821",="Present",="2/18/2026",
="800001829",="Present",="2/18/2026",
="800001840",="Present",="2/18/2026",
="800001841",="Present",="2/18/2026",
="800001850",="Present",="2/18/2026",
="800001856",="Present",="2/18/2026",
="800001860",="Present",="2/18/2026",
="800001876",="Present",="2/18/2026",
="800001924",="Present",="2/18/2026",
="800001925",="Present",="2/18/2026",
="800000952",="Present",="2/11/2026",
="800001197",="Present",="2/11/2026",
="800001439",="Present",="2/11/2026",
="800001689",="Present",="2/11/2026",
="800001735",="Present",="2/11/2026",
="800001821",="Present",="2/11/2026",
="800001829",="Present",="2/11/2026",
="800001840",="Present",="2/11/2026",
="800001841",="Present",="2/11/2026",
="800001850",="Present",="2/11/2026",
="800001856",="Present",="2/11/2026",
="800001860",="Present",="2/11/2026",
="800001876",="Present",="2/11/2026",
="800001924",="Present",="2/11/2026",
="800001925",="Present",="2/11/2026",
="800001204",="Present",="2/20/2026",
="800001498",="No class",="2/20/2026",
="800001505",="Present",="2/20/2026",
="800001532",="Present",="2/20/2026",
="800001533",="Present",="2/20/2026",
="800001553",="No class",="2/20/2026",
="800001557",="Present",="2/20/2026",
="800001580",="Present",="2/20/2026",
="800001593",="Present",="2/20/2026",
="800001598",="Present",="2/20/2026",
="800001605",="Present",="2/20/2026",
="800001655",="Present",="2/20/2026",
="800001681",="Present",="2/20/2026",
="800001688",="Present",="2/20/2026",
="800001697",="Present",="2/20/2026",
="800001711",="Present",="2/20/2026",
="800001712",="Present",="2/20/2026",
="800001740",="Present",="2/20/2026",
="800001751",="Present",="2/20/2026",
="800001757",="Present",="2/20/2026",
="800001761",="Present",="2/20/2026",
="800001789",="Present",="2/20/2026",
="800001793",="No class",="2/20/2026",
="800001798",="No class",="2/20/2026",
="800001803",="No class",="2/20/2026",
="800001813",="No class",="2/20/2026",
="800000774",="Present",="2/20/2026",
="770000323",="Present",="2/20/2026",
="770000409",="Present",="2/20/2026",
="800000934",="Present",="2/20/2026",
="800001142",="Present",="2/20/2026",
="800001196",="Present",="2/20/2026",
="800001292",="Present",="2/20/2026",
="800001318",="No class",="2/20/2026",
="800001410",="No class",="2/20/2026",
="800001679",="Present",="2/20/2026",
="800001846",="Present",="1/13/2026",
="800001845",="Present",="2/20/2026",
="800001955",="Absent",="2/20/2026",
="800001963",="Present",="2/20/2026",
="800001986",="Present",="2/20/2026",
="800002008",="Absent",="2/20/2026",
="800002026",="Absent",="2/20/2026",
="800002029",="Present",="2/20/2026",
="800002044",="Absent",="2/20/2026",
="800002049",="Present",="2/20/2026",
="800002064",="Present",="2/20/2026",
="800001114",="Present",="2/21/2026",
="800001197",="Absent",="2/21/2026",
="800001517",="Present",="2/21/2026",
="800001862",="Absent",="2/21/2026",
="800001892",="No class",="2/21/2026",
="800001905",="Absent",="2/21/2026",
="800001934",="No class",="2/21/2026",
="770000737",="Present",="2/21/2026",
="800001842",="Present",="2/21/2026",
="800001845",="Present",="2/21/2026",
="800001903",="Present",="2/21/2026",
="800001909",="Present",="2/21/2026",
="800001921",="Present",="2/21/2026",
="800001922",="Present",="2/21/2026",
="800001939",="Present",="2/21/2026",
="800001943",="Absent",="2/21/2026",
="800001955",="Present",="2/21/2026",
="800001441",="No class",="2/9/2026",
="800001623",="No class",="2/9/2026",
="800001634",="No class",="2/9/2026",
="800001849",="No class",="2/9/2026",
="800001863",="No class",="2/9/2026",
="800001884",="No class",="2/9/2026",
="800001888",="No class",="2/9/2026",
="800001950",="No class",="2/9/2026",
="800001954",="No class",="2/9/2026",
="800001985",="No class",="2/9/2026",
="800002001",="No class",="2/9/2026",
="800002010",="No class",="2/9/2026",
="800002011",="No class",="2/9/2026",
="800002017",="No class",="2/9/2026",
="800002018",="No class",="2/9/2026",
="800002020",="No class",="2/9/2026",
="800002021",="No class",="2/9/2026",
="800002035",="No class",="2/9/2026",
="800002036",="No class",="2/9/2026",
="800002051",="No class",="2/9/2026",
="800002053",="No class",="2/9/2026",
="800002059",="No class",="2/9/2026",
="800002066",="No class",="2/9/2026",
="800001623",="Present",="2/10/2026",
="800001888",="Present",="2/10/2026",
="800001950",="Present",="2/10/2026",
="800002066",="Present",="2/10/2026",
="800001954",="Present",="2/10/2026",
="800001623",="Present",="2/17/2026",
="800001849",="Present",="2/17/2026",
="800001863",="Present",="2/17/2026",
="800001888",="Present",="2/17/2026",
="800001950",="Present",="2/17/2026",
="800001985",="Present",="2/17/2026",
="800002010",="Present",="2/17/2026",
="800002017",="Present",="2/17/2026",
="800002053",="Present",="2/17/2026",
="800002066",="Present",="2/17/2026",
="800001441",="Present",="2/17/2026",
="800001884",="Present",="2/17/2026",
="800001954",="Present",="2/17/2026",
="800002029",="Present",="2/17/2026",
="800002051",="Present",="2/17/2026",
="800002059",="Present",="2/17/2026",
="800001572",="Present",="2/21/2026",
="800001633",="Present",="2/21/2026",
="800001667",="Absent",="2/21/2026",
="800001689",="Present",="2/21/2026",
="800001714",="Present",="2/21/2026",
="800001724",="Present",="2/21/2026",
="800001739",="Present",="2/21/2026",
="800001821",="Present",="2/21/2026",
="800001940",="Present",="2/21/2026",
="800000754",="Absent",="2/22/2026",
="800000941",="Present",="2/22/2026",
="800001292",="Present",="2/22/2026",
="800001368",="Present",="2/22/2026",
="800001410",="Present",="2/22/2026",
="800001468",="Present",="2/22/2026",
="800001502",="Present",="2/22/2026",
="800001838",="Absent",="2/22/2026",
="800000722",="Present",="2/21/2026",
="800001591",="Present",="2/21/2026",
="800001613",="Present",="2/21/2026",
="800001963",="Present",="2/21/2026",
="770000409",="Present",="2/22/2026",
="800001415",="Present",="2/22/2026",
="800001445",="Present",="2/22/2026",
="800001562",="Present",="2/22/2026",
="800001657",="Present",="2/22/2026",
="800001681",="Present",="2/22/2026",
="800001701",="Absent",="2/22/2026",
="800001114",="Present",="2/23/2026",
="800001197",="No class",="2/23/2026",
="800001517",="Present",="2/23/2026",
="800001862",="No class",="2/23/2026",
="800001892",="No class",="2/23/2026",
="800001905",="No class",="2/23/2026",
="800001934",="No class",="2/23/2026",
="800001823",="Absent",="2/21/2026",
="800001829",="Present",="2/21/2026",
="800001864",="Present",="2/21/2026",
="800001876",="Absent",="2/21/2026",
="800001878",="Present",="2/21/2026",
="800001905",="Present",="2/21/2026",
="800001908",="Present",="2/21/2026",
="800001910",="Present",="2/21/2026",
="800001934",="Absent",="2/21/2026",
="800001197",="Present",="2/22/2026",
="800001439",="Present",="2/22/2026",
="800001553",="Present",="2/22/2026",
="800001649",="Present",="2/22/2026",
="800001650",="Present",="2/22/2026",
="800001723",="Present",="2/22/2026",
="800001735",="Present",="2/22/2026",
="800001840",="Present",="2/22/2026",
="800001841",="Present",="2/22/2026",
="800001842",="Present",="2/22/2026",
="800001846",="Absent",="2/22/2026",
="800001850",="Present",="2/22/2026",
="800001852",="Absent",="2/22/2026",
="800001856",="Present",="2/22/2026",
="800001860",="Present",="2/22/2026",
="800001874",="Present",="2/22/2026",
="800001888",="Present",="2/22/2026",
="800001917",="Present",="2/22/2026",
="800001921",="Present",="2/22/2026",
="800001922",="Absent",="2/22/2026",
="800001924",="Present",="2/22/2026",
="800001925",="Present",="2/22/2026",
="800001928",="Absent",="2/22/2026",
="800001939",="Present",="2/22/2026",
="800001954",="Present",="2/22/2026",
="800001845",="Present",="2/19/2026",
="800001864",="Present",="2/19/2026",
="800001888",="Present",="2/19/2026",
="800001955",="Present",="2/19/2026",
="800001983",="Present",="2/19/2026",
="800001986",="Present",="2/19/2026",
="800001998",="Present",="2/19/2026",
="800002008",="Present",="2/19/2026",
="800002023",="Present",="2/19/2026",
="800002026",="Present",="2/19/2026",
="800002029",="Present",="2/19/2026",
="800002049",="Present",="2/19/2026",
="800002052",="Present",="2/19/2026",
="800002062",="Present",="2/19/2026",
="800002064",="Present",="2/19/2026",
="800001114",="Absent",="2/19/2026",
="800001308",="Present",="2/19/2026",
="800001484",="Absent",="2/19/2026",
="800001543",="Present",="2/19/2026",
="800001572",="Present",="2/19/2026",
="800001590",="Present",="2/19/2026",
="800001623",="Present",="2/19/2026",
="800001634",="Absent",="2/19/2026",
="800001723",="Present",="2/19/2026",
="800001739",="Present",="2/19/2026",
="800001775",="Present",="2/19/2026",
="800001802",="Present",="2/19/2026",
="800001852",="Present",="2/19/2026",
="800001862",="Present",="2/19/2026",
="800001864",="Absent",="2/19/2026",
="800001867",="Present",="2/19/2026",
="800001878",="Present",="2/19/2026",
="800001884",="Present",="2/19/2026",
="800001892",="Present",="2/19/2026",
="800001905",="Present",="2/19/2026",
="800001908",="Absent",="2/19/2026",
="800001910",="Present",="2/19/2026",
="800001917",="Present",="2/19/2026",
="800001928",="Present",="2/19/2026",
="800001934",="Absent",="2/19/2026",
="800001940",="Present",="2/19/2026",
="800001954",="Present",="2/19/2026",
="800001441",="Present",="2/16/2026",
="800001863",="Present",="2/16/2026",
="800001950",="Present",="2/16/2026",
="800001958",="Present",="2/16/2026",
="800001959",="Present",="2/16/2026",
="800001985",="Present",="2/16/2026",
="800002010",="Present",="2/16/2026",
="800002017",="Present",="2/16/2026",
="800002036",="Absent",="2/16/2026",
="800002051",="Absent",="2/16/2026",
="800002053",="Present",="2/16/2026",
="800002059",="Present",="2/16/2026",
="800002062",="Present",="2/16/2026",
="800002066",="Present",="2/16/2026",
="800001441",="Present",="2/23/2026",
="800001623",="Present",="2/23/2026",
="800001634",="Present",="2/23/2026",
="800001849",="Present",="2/23/2026",
="800001863",="Present",="2/23/2026",
="800001884",="Present",="2/23/2026",
="800001888",="Present",="2/23/2026",
="800001950",="Present",="2/23/2026",
="800001954",="Present",="2/23/2026",
="800001985",="Present",="2/23/2026",
="800002001",="Present",="2/23/2026",
="800002010",="Absent",="2/23/2026",
="800002011",="Absent",="2/23/2026",
="800002017",="Present",="2/23/2026",
="800002018",="Present",="2/23/2026",
="800002020",="Present",="2/23/2026",
="800002021",="Present",="2/23/2026",
="800002035",="Present",="2/23/2026",
="800002036",="Present",="2/23/2026",
="800002051",="Absent",="2/23/2026",
="800002053",="Present",="2/23/2026",
="800002059",="Present",="2/23/2026",
="800002066",="Present",="2/23/2026",
="800001950",="Present",="2/18/2026",
="800001958",="Present",="2/18/2026",
="800001959",="Present",="2/18/2026",
="800002010",="Present",="2/18/2026",
="800002035",="Present",="2/18/2026",
="800002062",="Present",="2/18/2026",
="800002066",="Present",="2/18/2026",
="800001845",="Present",="2/18/2026",
="800001955",="Present",="2/18/2026",
="800001963",="Present",="2/18/2026",
="800001983",="Present",="2/18/2026",
="800001986",="Present",="2/18/2026",
="800001987",="Present",="2/18/2026",
="800002008",="Present",="2/18/2026",
="800002029",="Present",="2/18/2026",
="800002042",="Absent",="2/18/2026",
="800002044",="Present",="2/18/2026",
="800002049",="Present",="2/18/2026",
="800002052",="Present",="2/18/2026",
="800002064",="Present",="2/18/2026",
="800001845",="Present",="2/17/2026",
="800001955",="Present",="2/17/2026",
="800001983",="Present",="2/17/2026",
="800001986",="Present",="2/17/2026",
="800001987",="Present",="2/17/2026",
="800002008",="Present",="2/17/2026",
="800002026",="Present",="2/17/2026",
="800002044",="Present",="2/17/2026",
="800002049",="Present",="2/17/2026",
="800002052",="Present",="2/17/2026",
="800002064",="Present",="2/17/2026",
="800000428",="Present",="2/18/2026",
="800000461",="Present",="2/18/2026",
="800000625",="Present",="2/18/2026",
="800000774",="Present",="2/18/2026",
="800001958",="Present",="2/23/2026",
="800001959",="Present",="2/23/2026",
="800002011",="Present",="2/23/2026",
="800002062",="Present",="2/23/2026",
="800001831",="Present",="2/17/2026",
="800001850",="Present",="2/17/2026",
="800001860",="Present",="2/17/2026",
="800001874",="Present",="2/17/2026",
="800001939",="Present",="2/17/2026",
="800002015",="Absent",="2/17/2026",
="800002017",="Absent",="2/17/2026",
="800002018",="Absent",="2/17/2026",
="800002020",="Absent",="2/17/2026",
="800002051",="Absent",="2/17/2026",
="770062103",="Present",="2/18/2026",
="800001322",="Present",="2/18/2026",
="800001324",="Present",="2/18/2026",
="800001508",="Present",="2/18/2026",
="800001657",="Present",="2/18/2026",
="800001902",="Present",="2/18/2026",
="800002005",="Present",="2/18/2026",
="800001513",="Absent",="2/19/2026",
="800001591",="Present",="2/20/2026",
="800001613",="Present",="2/20/2026",
="800000927",="Present",="2/20/2026",
="800001031",="Present",="2/20/2026",
="800001094",="Present",="2/20/2026",
="800001368",="Present",="2/20/2026",
="800001415",="Present",="2/20/2026",
="800001445",="Present",="2/20/2026",
="800001529",="Present",="2/20/2026",
="800001673",="Present",="2/20/2026",
="800001701",="Present",="2/20/2026",
="770062103",="Present",="2/23/2026",
="800001466",="Present",="2/23/2026",
="800001502",="Present",="2/23/2026",
="800001508",="Absent",="2/23/2026",
="800001626",="Tardy/Late",="2/23/2026",
="800001657",="Present",="2/23/2026",
="800001701",="Present",="2/23/2026",
="800001466",="Present",="2/2/2026",
="800001466",="Absent",="2/2/2026",
="800001466",="Absent",="1/26/2026",
="800001466",="No class",="1/19/2026",
="800001466",="Absent",="1/12/2026",
="800001466",="Absent",="1/5/2026",
="800001466",="Present",="1/26/2026",
="800001466",="Present",="2/9/2026",
="800001502",="Present",="2/9/2026",
="800001508",="Present",="2/9/2026",
="800001626",="Present",="2/9/2026",
="800001657",="Present",="2/9/2026",
="800000941",="Present",="2/9/2026",
="800001031",="Present",="2/9/2026",
="800001094",="Present",="2/9/2026",
="800001368",="Present",="2/9/2026",
="800001529",="Present",="2/9/2026",
="800001548",="Present",="2/9/2026",
="800001673",="Present",="2/9/2026",
="800001434",="Present",="2/22/2026",
="800001580",="Present",="2/22/2026",
="800001590",="Present",="2/22/2026",
="800001708",="Present",="2/22/2026",
="800001740",="Present",="2/22/2026",
="800001771",="Present",="2/22/2026",
="800001823",="Absent",="2/22/2026",
="800001830",="Present",="2/22/2026",
="800001831",="Present",="2/22/2026",
="800001878",="Present",="2/22/2026",
="800001903",="Present",="2/22/2026",
="800001940",="Present",="2/22/2026",
="800001943",="Present",="2/22/2026",
="800001950",="Present",="2/22/2026",
="800001955",="Present",="2/22/2026",
="800001986",="Present",="2/22/2026",
="800001998",="Present",="2/22/2026",
="800002008",="Present",="2/22/2026",
="800002044",="Present",="2/22/2026",
="800002049",="Present",="2/22/2026",
="770062103",="Present",="2/16/2026",
="800001466",="Present",="2/16/2026",
="800001502",="Present",="2/16/2026",
="800001508",="Present",="2/16/2026",
="800001626",="Present",="2/16/2026",
="800001657",="Present",="2/16/2026",
="800001701",="Present",="2/16/2026",
="800000754",="Present",="2/16/2026",
="800000941",="Present",="2/16/2026",
="800001031",="Present",="2/16/2026",
="800001094",="Present",="2/16/2026",
="800001368",="Present",="2/16/2026",
="800001529",="Present",="2/16/2026",
="800001548",="Present",="2/16/2026",
="800001673",="Absent",="2/16/2026",
="800001315",="Present",="2/23/2026",
="800001330",="Present",="2/23/2026",
="800001498",="Present",="2/23/2026",
="800001553",="Present",="2/23/2026",
="800001580",="Present",="2/23/2026",
="800001587",="Present",="2/23/2026",
="800001593",="Present",="2/23/2026",
="800001605",="Absent",="2/23/2026",
="800001625",="Present",="2/23/2026",
="800001644",="Present",="2/23/2026",
="800001655",="Present",="2/23/2026",
="800001695",="Present",="2/23/2026",
="800001711",="Present",="2/23/2026",
="800001712",="Present",="2/23/2026",
="800001740",="Present",="2/23/2026",
="800001751",="Present",="2/23/2026",
="800001757",="Present",="2/23/2026",
="800001761",="Present",="2/23/2026",
="800001778",="Present",="2/23/2026",
="800001789",="Present",="2/23/2026",
="800001793",="Present",="2/23/2026",
="800001802",="Present",="2/23/2026",
="800001803",="Present",="2/23/2026",
="800001813",="Present",="2/23/2026",
="770000737",="Present",="2/23/2026",
="800001842",="Present",="2/23/2026",
="800001845",="Present",="2/23/2026",
="800001903",="Present",="2/23/2026",
="800001909",="Present",="2/23/2026",
="800001921",="Present",="2/23/2026",
="800001922",="Present",="2/23/2026",
="800001939",="Present",="2/23/2026",
="800001943",="Present",="2/23/2026",
="800001955",="Present",="2/23/2026",
="800001983",="Absent",="2/23/2026",
="800001986",="Present",="2/23/2026",
="800001987",="Present",="2/23/2026",
="800002008",="Present",="2/23/2026",
="800002023",="Present",="2/23/2026",
="800002026",="Present",="2/23/2026",
="800002029",="Present",="2/23/2026",
="800002042",="Present",="2/23/2026",
="800002044",="Present",="2/23/2026",
="800002049",="Present",="2/23/2026",
="800002052",="Absent",="2/23/2026",
="800002064",="Present",="2/23/2026",
="800001445",="Absent",="2/22/2026",
="800001468",="Absent",="2/22/2026",
="800001529",="Absent",="2/22/2026",
="800001607",="Present",="2/22/2026",
="800001701",="Present",="2/22/2026",
="800001623",="Absent",="2/24/2026",
="800001849",="Present",="2/24/2026",
="800001863",="Present",="2/24/2026",
="800001888",="Present",="2/24/2026",
="800001950",="Present",="2/24/2026",
="800001985",="Present",="2/24/2026",
="800002001",="Present",="2/24/2026",
="800002010",="Present",="2/24/2026",
="800002011",="Present",="2/24/2026",
="800002017",="Present",="2/24/2026",
="800002018",="Present",="2/24/2026",
="800002020",="Present",="2/24/2026",
="800002021",="Present",="2/24/2026",
="800002035",="Present",="2/24/2026",
="800002036",="Present",="2/24/2026",
="800002053",="Present",="2/24/2026",
="800002066",="Present",="2/24/2026",
="800000348",="Absent",="2/23/2026",
="800001443",="Present",="2/23/2026",
="800001650",="Present",="2/23/2026",
="800001665",="Present",="2/23/2026",
="800001667",="Absent",="2/23/2026",
="800001733",="Absent",="2/23/2026",
="800001815",="Present",="2/23/2026",
="800001867",="Present",="2/23/2026",
="800001878",="Present",="2/23/2026",
="800001917",="Present",="2/23/2026",
="800000348",="Present",="2/19/2026",
="800001443",="Present",="2/19/2026",
="800001650",="Present",="2/19/2026",
="800001665",="Present",="2/19/2026",
="800001667",="Absent",="2/19/2026",
="800001733",="Absent",="2/19/2026",
="800001815",="Present",="2/19/2026",
="800000348",="Present",="2/12/2026",
="800001443",="Present",="2/12/2026",
="800001650",="Present",="2/12/2026",
="800001665",="Present",="2/12/2026",
="800001667",="Absent",="2/12/2026",
="800001733",="Absent",="2/12/2026",
="800001815",="Present",="2/12/2026",
="800001667",="Absent",="2/16/2026",
="770062103",="No class",="2/18/2026",
="800000754",="No class",="2/18/2026",
="800000941",="No class",="2/18/2026",
="800001031",="No class",="2/18/2026",
="800001368",="No class",="2/18/2026",
="800001502",="No class",="2/18/2026",
="800001508",="No class",="2/18/2026",
="800001626",="No class",="2/18/2026",
="800001657",="No class",="2/18/2026",
="800001701",="No class",="2/18/2026",
="800001441",="Present",="2/24/2026",
="800001884",="Present",="2/24/2026",
="800001954",="Present",="2/24/2026",
="800002029",="Present",="2/24/2026",
="800002042",="Present",="2/24/2026",
="800002051",="Present",="2/24/2026",
="800002059",="Present",="2/24/2026",
="800001572",="Present",="2/24/2026",
="800001633",="Present",="2/24/2026",
="800001689",="Present",="2/24/2026",
="800001714",="Present",="2/24/2026",
="800001724",="Present",="2/24/2026",
="800001739",="Present",="2/24/2026",
="800001821",="Present",="2/24/2026",
="800001940",="Present",="2/24/2026",
="800001831",="Present",="2/24/2026",
="800001850",="Present",="2/24/2026",
="800001860",="Present",="2/24/2026",
="800001874",="Present",="2/24/2026",
="800001939",="Present",="2/24/2026",
="800002015",="Present",="2/24/2026",
="800002044",="Present",="2/24/2026",
="800001593",="Present",="2/25/2026",
="800001778",="Present",="2/25/2026",
="800001789",="Present",="2/25/2026",
="800001793",="Present",="2/25/2026",
="800001802",="Absent",="2/25/2026",
="800001803",="Present",="2/25/2026",
="800001813",="Present",="2/25/2026",
="800001845",="Present",="2/24/2026",
="800001955",="Present",="2/24/2026",
="800001963",="Present",="2/24/2026",
="800001983",="Absent",="2/24/2026",
="800001986",="Present",="2/24/2026",
="800001987",="Present",="2/24/2026",
="800002008",="Present",="2/24/2026",
="800002026",="Present",="2/24/2026",
="800002049",="Present",="2/24/2026",
="800002052",="Absent",="2/24/2026",
="800002064",="Present",="2/24/2026",
="800001441",="Present",="2/25/2026",
="800001831",="Tardy/Late",="2/25/2026",
="800001846",="Tardy/Late",="2/25/2026",
="800001849",="Present",="2/25/2026",
="800001863",="Present",="2/25/2026",
="800001985",="Present",="2/25/2026",
="800002001",="Present",="2/25/2026",
="800002011",="Present",="2/25/2026",
="800002015",="Absent",="2/25/2026",
="800002017",="Present",="2/25/2026",
="800002018",="Present",="2/25/2026",
="800002020",="Present",="2/25/2026",
="800002021",="Present",="2/25/2026",
="800002026",="Absent",="2/25/2026",
="800002036",="Present",="2/25/2026",
="800002042",="Present",="2/25/2026",
="800002051",="Present",="2/25/2026",
="800002053",="Present",="2/25/2026",
="800002059",="Present",="2/25/2026",
="770062103",="Present",="2/25/2026",
="800001322",="Present",="2/25/2026",
="800001324",="Present",="2/25/2026",
="800001508",="Present",="2/25/2026",
="800001657",="Present",="2/25/2026",
="800001902",="Present",="2/25/2026",
="800002005",="Present",="2/25/2026",
="800001958",="Present",="2/25/2026",
="800001959",="Present",="2/25/2026",
="800001963",="Present",="2/25/2026",
="800000722",="Present",="2/24/2026",
="800001513",="Present",="2/24/2026",
="800001950",="Present",="2/25/2026",
="800002010",="Present",="2/25/2026",
="800002035",="Present",="2/25/2026",
="800002062",="Present",="2/25/2026",
="800002066",="Present",="2/25/2026",
="800000952",="Absent",="2/25/2026",
="800001197",="Present",="2/25/2026",
="800001439",="Present",="2/25/2026",
="800001689",="Absent",="2/25/2026",
="800001735",="Present",="2/25/2026",
="800001821",="Present",="2/25/2026",
="800001829",="Present",="2/25/2026",
="800001840",="Present",="2/25/2026",
="800001841",="Present",="2/25/2026",
="800001850",="Present",="2/25/2026",
="800001856",="Present",="2/25/2026",
="800001860",="Present",="2/25/2026",
="800001876",="Present",="2/25/2026",
="800001924",="Present",="2/25/2026",
="800001925",="Present",="2/25/2026",
="800001517",="Absent",="2/25/2026",
="800001665",="Present",="2/25/2026",
="800001681",="Present",="2/25/2026",
="800001739",="Absent",="2/25/2026",
="800001802",="Present",="2/25/2026",
="800001441",="Present",="2/26/2026",
="800001863",="Present",="2/26/2026",
="800001950",="Present",="2/26/2026",
="800001958",="Present",="2/26/2026",
="800001959",="Present",="2/26/2026",
="800001983",="Absent",="2/26/2026",
="800001985",="Present",="2/26/2026",
="800001987",="Present",="2/26/2026",
="800002001",="Present",="2/26/2026",
="800002010",="Present",="2/26/2026",
="800002011",="Present",="2/26/2026",
="800002017",="Present",="2/26/2026",
="800002018",="Present",="2/26/2026",
="800002020",="Present",="2/26/2026",
="800002021",="Present",="2/26/2026",
="800002035",="Present",="2/26/2026",
="800002036",="Present",="2/26/2026",
="800002042",="Present",="2/26/2026",
="800002053",="Present",="2/26/2026",
="800002059",="Present",="2/26/2026",
="800002062",="Absent",="2/26/2026",
="800002066",="Present",="2/26/2026",
="800001830",="Present",="2/20/2026",
="800001902",="Present",="2/20/2026",
="800001998",="Present",="2/20/2026",
="800002005",="Present",="2/20/2026",
="800001517",="Absent",="2/18/2026",
="800001665",="Present",="2/18/2026",
="800001681",="Present",="2/18/2026",
="800001739",="Absent",="2/18/2026",
="800001802",="Present",="2/18/2026",
="800001517",="Present",="1/28/2026",
="800001665",="Present",="1/28/2026",
="800001681",="Present",="1/28/2026",
="800001739",="Present",="1/28/2026",
="800001802",="Present",="1/28/2026",
="800000941",="Present",="2/24/2026",
="800001031",="Present",="2/24/2026",
="800001094",="Present",="2/24/2026",
="800001322",="Present",="2/24/2026",
="800001324",="Present",="2/24/2026",
="800001368",="Present",="2/24/2026",
="800001445",="Present",="2/24/2026",
="800001468",="Present",="2/24/2026",
="800001529",="Present",="2/24/2026",
="800001626",="Present",="2/24/2026",
="800001673",="Present",="2/24/2026",
="800001679",="Present",="2/24/2026",
="800001838",="Present",="2/24/2026",
="800002005",="Present",="2/24/2026",
="800001958",="Present",="2/24/2026",
="800001959",="Present",="2/24/2026",
="800000722",="Present",="2/25/2026",
="800001591",="Present",="2/27/2026",
="800001613",="Present",="2/27/2026",
="800001963",="Present",="2/27/2026",
="770000409",="Present",="2/27/2026",
="800000927",="Present",="2/27/2026",
="800001031",="Present",="2/27/2026",
="800001094",="Present",="2/27/2026",
="800001368",="Present",="2/27/2026",
="800001415",="Present",="2/27/2026",
="800001445",="Present",="2/27/2026",
="800001529",="Present",="2/27/2026",
="800001673",="Present",="2/27/2026",
="800001701",="Absent",="2/27/2026",
="800001679",="Present",="2/27/2026",
="800001830",="Present",="2/27/2026",
="800001902",="Present",="2/27/2026",
="800001998",="Present",="2/27/2026",
="800002005",="Present",="2/27/2026",
="800002029",="Present",="2/27/2026",
="800001845",="Present",="2/26/2026",
="800001864",="Present",="2/26/2026",
="800001888",="Present",="2/26/2026",
="800001955",="Present",="2/26/2026",
="800001983",="Present",="2/26/2026",
="800001986",="Present",="2/26/2026",
="800001998",="Present",="2/26/2026",
="800002008",="Present",="2/26/2026",
="800002023",="Present",="2/26/2026",
="800002026",="Present",="2/26/2026",
="800002029",="Present",="2/26/2026",
="800002049",="Present",="2/26/2026",
="800002052",="Absent",="2/26/2026",
="800002062",="Present",="2/26/2026",
="800002064",="Present",="2/26/2026",
="800001517",="Present",="2/28/2026",
="800001643",="Present",="2/28/2026",
="800001841",="Present",="2/28/2026",
="800001924",="Present",="2/28/2026",
="800001925",="Present",="2/28/2026",
="800001928",="Present",="2/28/2026",
="800001845",="Present",="2/27/2026",
="800001955",="Present",="2/27/2026",
="800001963",="No class",="2/27/2026",
="800001986",="Present",="2/27/2026",
="800002008",="Present",="2/27/2026",
="800002026",="Present",="2/27/2026",
="800002044",="Present",="2/27/2026",
="800002049",="Present",="2/27/2026",
="800002064",="Present",="2/27/2026",
="800001204",="Present",="2/27/2026",
="800001498",="Present",="2/27/2026",
="800001505",="Present",="2/27/2026",
="800001532",="Present",="2/27/2026",
="800001533",="Present",="2/27/2026",
="800001553",="Present",="2/27/2026",
="800001557",="Present",="2/27/2026",
="800001580",="Present",="2/27/2026",
="800001593",="Present",="2/27/2026",
="800001598",="Present",="2/27/2026",
="800001605",="Present",="2/27/2026",
="800001655",="Present",="2/27/2026",
="800001681",="Present",="2/27/2026",
="800001688",="Present",="2/27/2026",
="800001697",="Present",="2/27/2026",
="800001711",="Present",="2/27/2026",
="800001712",="Present",="2/27/2026",
="800001740",="Present",="2/27/2026",
="800001751",="Present",="2/27/2026",
="800001757",="Present",="2/27/2026",
="800001761",="Absent",="2/27/2026",
="800001789",="Present",="2/27/2026",
="800001793",="Present",="2/27/2026",
="800001803",="Present",="2/27/2026",
="800001813",="Present",="2/27/2026",
="770000323",="Present",="2/27/2026",
="800000934",="Present",="2/27/2026",
="800001142",="Present",="2/27/2026",
="800001196",="Present",="2/27/2026",
="800001292",="Present",="2/27/2026",
="800001318",="Present",="2/27/2026",
="800001410",="Present",="2/27/2026",
="770062103",="Present",="2/26/2026",
="800001902",="Present",="2/26/2026",
="800002005",="Present",="2/26/2026",
="800002038",="Absent",="2/26/2026",
="800001114",="Present",="2/26/2026",
="800001308",="Absent",="2/26/2026",
="800001484",="Absent",="2/26/2026",
="800001543",="Present",="2/26/2026",
="800001572",="Present",="2/26/2026",
="800001590",="Present",="2/26/2026",
="800001623",="Present",="2/26/2026",
="800001634",="Present",="2/26/2026",
="800001723",="Present",="2/26/2026",
="800001739",="Present",="2/26/2026",
="800001775",="Present",="2/26/2026",
="800001802",="Present",="2/26/2026",
="800001852",="Present",="2/26/2026",
="800001862",="Absent",="2/26/2026",
="800001867",="Absent",="2/26/2026",
="800001878",="Absent",="2/26/2026",
="800001884",="Present",="2/26/2026",
="800001892",="Absent",="2/26/2026",
="800001905",="Present",="2/26/2026",
="800001908",="Present",="2/26/2026",
="800001910",="Present",="2/26/2026",
="800001917",="Absent",="2/26/2026",
="800001928",="Present",="2/26/2026",
="800001934",="Present",="2/26/2026",
="800001940",="Present",="2/26/2026",
="800001954",="Present",="2/26/2026",
="800001197",="Present",="2/26/2026",
="800001434",="Present",="2/26/2026",
="800001439",="Present",="2/26/2026",
="800001649",="Absent",="2/26/2026",
="800001667",="Absent",="2/26/2026",
="800001815",="No class",="2/26/2026",
="800001821",="Present",="2/26/2026",
="800001829",="Present",="2/26/2026",
="800001840",="Present",="2/26/2026",
="800001841",="Present",="2/26/2026",
="800001842",="Present",="2/26/2026",
="800001850",="Present",="2/26/2026",
="800001856",="Present",="2/26/2026",
="800001860",="Present",="2/26/2026",
="800001874",="Present",="2/26/2026",
="800001876",="Present",="2/26/2026",
="800001903",="Present",="2/26/2026",
="800001909",="Present",="2/26/2026",
="800001922",="Present",="2/26/2026",
="800001924",="Present",="2/26/2026",
="800001925",="Present",="2/26/2026",
="800001939",="Present",="2/26/2026",
="800001197",="Present",="2/19/2026",
="800001434",="Absent",="2/19/2026",
="800001439",="Present",="2/19/2026",
="800001649",="Absent",="2/19/2026",
="800001815",="Absent",="2/19/2026",
="800001821",="Present",="2/19/2026",
="800001829",="Present",="2/19/2026",
="800001840",="Present",="2/19/2026",
="800001841",="Present",="2/19/2026",
="800001842",="Present",="2/19/2026",
="800001850",="Present",="2/19/2026",
="800001856",="Present",="2/19/2026",
="800001860",="Present",="2/19/2026",
="800001874",="Present",="2/19/2026",
="800001876",="Present",="2/19/2026",
="800001878",="Absent",="2/19/2026",
="800001903",="Present",="2/19/2026",
="800001909",="Present",="2/19/2026",
="800001917",="Absent",="2/19/2026",
="800001922",="Present",="2/19/2026",
="800001924",="Present",="2/19/2026",
="800001925",="Present",="2/19/2026",
="800001939",="Present",="2/19/2026",
="800001572",="Present",="2/28/2026",
="800001633",="Present",="2/28/2026",
="800001689",="Present",="2/28/2026",
="800001714",="Present",="2/28/2026",
="800001724",="Present",="2/28/2026",
="800001739",="Present",="2/28/2026",
="800001821",="Present",="2/28/2026",
="800001940",="Present",="2/28/2026",
="800000722",="Present",="3/1/2026",
="800001591",="Present",="3/1/2026",
="770000409",="Present",="3/1/2026",
="800001415",="Present",="3/1/2026",
="800001445",="Present",="3/1/2026",
="800001468",="Present",="3/1/2026",
="800001562",="Present",="3/1/2026",
="800001657",="Present",="3/1/2026",
="800001681",="Present",="3/1/2026",
="800001701",="Present",="3/1/2026",
="800001838",="Present",="3/1/2026",
="800000722",="Present",="2/28/2026",
="800001591",="Present",="2/28/2026",
="800001613",="Present",="2/28/2026",
="800001963",="Present",="2/28/2026",
="800001434",="Present",="2/23/2026",
="800001533",="Present",="2/23/2026",
="800001563",="Present",="2/23/2026",
="800001708",="Present",="2/23/2026",
="800001710",="Present",="2/23/2026",
="800001729",="Present",="2/23/2026",
="800001733",="Present",="2/23/2026",
="800001735",="Present",="2/23/2026",
="800001769",="Present",="2/23/2026",
="800001771",="Present",="2/23/2026",
="800001775",="Present",="2/23/2026",
="800001862",="Present",="2/23/2026",
="800001892",="Present",="2/23/2026",
="800001529",="Present",="3/1/2026",
="800001607",="Present",="3/1/2026",
="800001197",="Present",="3/1/2026",
="800001439",="Present",="3/1/2026",
="800001553",="Present",="3/1/2026",
="800001649",="Present",="3/1/2026",
="800001650",="Present",="3/1/2026",
="800001723",="Present",="3/1/2026",
="800001735",="Present",="3/1/2026",
="800001840",="Present",="3/1/2026",
="800001841",="Present",="3/1/2026",
="800001842",="Present",="3/1/2026",
="800001846",="Present",="3/1/2026",
="800001850",="Present",="3/1/2026",
="800001852",="Present",="3/1/2026",
="800001856",="Present",="3/1/2026",
="800001860",="Present",="3/1/2026",
="800001874",="Present",="3/1/2026",
="800001888",="Present",="3/1/2026",
="800001917",="Present",="3/1/2026",
="800001921",="Present",="3/1/2026",
="800001922",="Present",="3/1/2026",
="800001924",="Present",="3/1/2026",
="800001925",="Present",="3/1/2026",
="800001928",="Absent",="3/1/2026",
="800001939",="Absent",="3/1/2026",
="800001954",="Present",="3/1/2026",
="770000737",="Present",="2/28/2026",
="800001572",="Absent",="2/28/2026",
="800001829",="Present",="2/28/2026",
="800001864",="Present",="2/28/2026",
="800001876",="Present",="2/28/2026",
="800001878",="Absent",="2/28/2026",
="800001905",="Absent",="2/28/2026",
="800001908",="Present",="2/28/2026",
="800001909",="Present",="2/28/2026",
="800001910",="Present",="2/28/2026",
="800001934",="Present",="2/28/2026",
="800001441",="Present",="3/2/2026",
="800001623",="Absent",="3/2/2026",
="800001634",="Present",="3/2/2026",
="800001849",="Present",="3/2/2026",
="800001863",="Present",="3/2/2026",
="800001884",="Present",="3/2/2026",
="800001888",="Present",="3/2/2026",
="800001950",="Present",="3/2/2026",
="800001954",="Present",="3/2/2026",
="800001985",="Present",="3/2/2026",
="800002001",="Present",="3/2/2026",
="800002010",="Absent",="3/2/2026",
="800002011",="Present",="3/2/2026",
="800002017",="Present",="3/2/2026",
="800002018",="Present",="3/2/2026",
="800002020",="Present",="3/2/2026",
="800002021",="Present",="3/2/2026",
="800002035",="Present",="3/2/2026",
="800002036",="Present",="3/2/2026",
="800002053",="Present",="3/2/2026",
="800002059",="Present",="3/2/2026",
="800002066",="Absent",="3/2/2026",
="800000754",="Present",="3/1/2026",
="800000941",="Present",="3/1/2026",
="800001292",="Present",="3/1/2026",
="800001368",="Present",="3/1/2026",
="800001410",="Present",="3/1/2026",
="800001502",="Present",="3/1/2026",
="800001838",="Absent",="3/1/2026",
="800000428",="Present",="2/25/2026",
="800000461",="Present",="2/25/2026",
="800000625",="Present",="2/25/2026",
="800000774",="Present",="2/25/2026",
="800001958",="Present",="3/2/2026",
="800001959",="Present",="3/2/2026",
="800002062",="Present",="3/2/2026",
="800001030",="Present",="2/24/2026",
="800001198",="Present",="2/24/2026",
="800001265",="Present",="2/24/2026",
="800001315",="Present",="2/24/2026",
="800001403",="Present",="2/24/2026",
="800001417",="Present",="2/24/2026",
="800001419",="Present",="2/24/2026",
="800001427",="Present",="2/24/2026",
="800001459",="Present",="2/24/2026",
="800001528",="Present",="2/24/2026",
="800001530",="Present",="2/24/2026",
="800001534",="Present",="2/24/2026",
="800001587",="Present",="2/24/2026",
="800001668",="Present",="2/24/2026",
="800000762",="Present",="2/24/2026",
="770000737",="Present",="3/2/2026",
="800001842",="Present",="3/2/2026",
="800001845",="Present",="3/2/2026",
="800001903",="Present",="3/2/2026",
="800001909",="Present",="3/2/2026",
="800001921",="Present",="3/2/2026",
="800001922",="Present",="3/2/2026",
="800001939",="Present",="3/2/2026",
="800001943",="Present",="3/2/2026",
="800001955",="Present",="3/2/2026",
="800001983",="Present",="3/2/2026",
="800001986",="Present",="3/2/2026",
="800001987",="Present",="3/2/2026",
="800002008",="Present",="3/2/2026",
="800002023",="Present",="3/2/2026",
="800002026",="Present",="3/2/2026",
="800002029",="Present",="3/2/2026",
="800002042",="Present",="3/2/2026",
="800002044",="Present",="3/2/2026",
="800002049",="Present",="3/2/2026",
="800002052",="Absent",="3/2/2026",
="800002064",="Present",="3/2/2026",
="800001434",="Present",="3/1/2026",
="800001580",="Present",="3/1/2026",
="800001590",="Present",="3/1/2026",
="800001708",="Present",="3/1/2026",
="800001740",="Present",="3/1/2026",
="800001771",="Present",="3/1/2026",
="800001830",="Present",="3/1/2026",
="800001831",="Present",="3/1/2026",
="800001878",="Present",="3/1/2026",
="800001903",="Present",="3/1/2026",
="800001940",="Present",="3/1/2026",
="800001943",="Present",="3/1/2026",
="800001950",="Present",="3/1/2026",
="800001955",="Present",="3/1/2026",
="800001986",="Present",="3/1/2026",
="800001998",="Present",="3/1/2026",
="800002008",="Present",="3/1/2026",
="800002044",="Present",="3/1/2026",
="800002049",="Present",="3/1/2026",
="770062103",="Tardy/Late",="3/2/2026",
="800001466",="Present",="3/2/2026",
="800001502",="Tardy/Late",="3/2/2026",
="800001508",="Present",="3/2/2026",
="800001626",="Absent",="3/2/2026",
="800001657",="Present",="3/2/2026",
="800001701",="Present",="3/2/2026",
="800000754",="Present",="3/2/2026",
="800000941",="Present",="3/2/2026",
="800001031",="Present",="3/2/2026",
="800001094",="Present",="3/2/2026",
="800001368",="Present",="3/2/2026",
="800001529",="Present",="3/2/2026",
="800001548",="Present",="3/2/2026",
="800001673",="Present",="3/2/2026",
="800001513",="Present",="2/26/2026",
="800001591",="Present",="2/26/2026",
="800001623",="Absent",="3/3/2026",
="800001849",="Present",="3/3/2026",
="800001863",="Present",="3/3/2026",
="800001888",="Present",="3/3/2026",
="800001950",="Present",="3/3/2026",
="800001985",="Present",="3/3/2026",
="800002001",="Present",="3/3/2026",
="800002010",="Present",="3/3/2026",
="800002011",="Present",="3/3/2026",
="800002017",="Present",="3/3/2026",
="800002018",="Present",="3/3/2026",
="800002020",="Present",="3/3/2026",
="800002021",="Present",="3/3/2026",
="800002035",="Present",="3/3/2026",
="800002036",="Present",="3/3/2026",
="800002053",="Present",="3/3/2026",
="800002066",="Present",="3/3/2026",
="800000348",="Absent",="2/26/2026",
="800001443",="Present",="2/26/2026",
="800001650",="Present",="2/26/2026",
="800001665",="Present",="2/26/2026",
="800001733",="Absent",="2/26/2026",
="800001815",="Present",="2/26/2026",
="800001867",="Present",="2/26/2026",
="800001878",="Present",="2/26/2026",
="800001917",="Present",="2/26/2026",
="800000348",="Present",="3/2/2026",
="800001308",="Present",="3/2/2026",
="800001862",="Present",="3/2/2026",
="800001905",="Absent",="3/2/2026",
="800001910",="Absent",="3/2/2026",
="800001934",="Absent",="3/2/2026",
="800000754",="Present",="2/25/2026",
="800000941",="Absent",="2/25/2026",
="800001031",="Present",="2/25/2026",
="800001368",="Present",="2/25/2026",
="800001502",="Absent",="2/25/2026",
="800001626",="Present",="2/25/2026",
="800001701",="Present",="2/25/2026",
="770062103",="Absent",="2/25/2026",
="800001031",="Absent",="2/25/2026",
="800001701",="Absent",="2/25/2026",
="800001441",="Present",="3/3/2026",
="800001884",="Present",="3/3/2026",
="800001954",="Present",="3/3/2026",
="800002029",="Present",="3/3/2026",
="800002042",="Present",="3/3/2026",
="800002059",="Present",="3/3/2026",
="800001831",="Present",="3/3/2026",
="800001850",="Present",="3/3/2026",
="800001860",="Present",="3/3/2026",
="800001874",="Present",="3/3/2026",
="800001939",="Present",="3/3/2026",
="800002015",="Present",="3/3/2026",
="800002044",="Present",="3/3/2026",
="800000941",="Present",="3/3/2026",
="800001031",="Present",="3/3/2026",
="800001094",="Present",="3/3/2026",
="800001322",="Present",="3/3/2026",
="800001324",="Present",="3/3/2026",
="800001368",="Present",="3/3/2026",
="800001445",="Present",="3/3/2026",
="800001468",="Present",="3/3/2026",
="800001529",="Present",="3/3/2026",
="800001626",="Present",="3/3/2026",
="800001673",="Present",="3/3/2026",
="800001679",="Present",="3/3/2026",
="800001838",="Present",="3/3/2026",
="800002005",="Present",="3/3/2026",
="800001958",="Present",="3/3/2026",
="800001959",="Present",="3/3/2026",
="800001963",="Present",="3/3/2026",
="770000737",="Present",="2/18/2026",
="800001649",="Present",="2/18/2026",
="800001842",="Present",="2/18/2026",
="800001874",="Present",="2/18/2026",
="800001903",="Present",="2/18/2026",
="800001909",="Present",="2/18/2026",
="800001922",="Present",="2/18/2026",
="800001939",="Present",="2/18/2026",
="800001943",="Present",="2/18/2026",
="770000737",="Present",="2/25/2026",
="800001649",="Absent",="2/25/2026",
="800001757",="Present",="2/25/2026",
="800001842",="Present",="2/25/2026",
="800001874",="Present",="2/25/2026",
="800001903",="Present",="2/25/2026",
="800001909",="Present",="2/25/2026",
="800001922",="Present",="2/25/2026",
="800001939",="Present",="2/25/2026",
="800001943",="Present",="2/25/2026",
="800001845",="Absent",="3/3/2026",
="800001955",="Present",="3/3/2026",
="800001983",="Present",="3/3/2026",
="800001986",="Present",="3/3/2026",
="800001987",="Present",="3/3/2026",
="800002008",="Present",="3/3/2026",
="800002026",="Present",="3/3/2026",
="800002049",="Present",="3/3/2026",
="800002052",="Absent",="3/3/2026",
="800002064",="Present",="3/3/2026",
="800000927",="Present",="3/3/2026",
="800001410",="Present",="3/3/2026",
="800001548",="Present",="3/3/2026",
="800001441",="Present",="3/4/2026",
="800001831",="Absent",="3/4/2026",
="800001846",="Tardy/Late",="3/4/2026",
="800001849",="Present",="3/4/2026",
="800001863",="Present",="3/4/2026",
="800001985",="Present",="3/4/2026",
="800002001",="Present",="3/4/2026",
="800002011",="Present",="3/4/2026",
="800002015",="Present",="3/4/2026",
="800002017",="Present",="3/4/2026",
="800002018",="Present",="3/4/2026",
="800002020",="Present",="3/4/2026",
="800002021",="Present",="3/4/2026",
="800002026",="Absent",="3/4/2026",
="800002036",="Absent",="3/4/2026",
="800002042",="Present",="3/4/2026",
="800002053",="Present",="3/4/2026",
="800002059",="Present",="3/4/2026",
="770062103",="Present",="3/4/2026",
="800001322",="Present",="3/4/2026",
="800001324",="Present",="3/4/2026",
="800001508",="Present",="3/4/2026",
="800001657",="Present",="3/4/2026",
="800001902",="Present",="3/4/2026",
="800002005",="Present",="3/4/2026",
="800001958",="Present",="3/4/2026",
="800001959",="Present",="3/4/2026",
="800001963",="Present",="3/4/2026",
="800000428",="Present",="3/4/2026",
="800000461",="Present",="3/4/2026",
="800000625",="Present",="3/4/2026",
="800000774",="Present",="3/4/2026",
="800000722",="Present",="3/3/2026",
="800001513",="Present",="3/3/2026",
="800000722",="Present",="3/4/2026",
="800001513",="Present",="3/4/2026",
="800001591",="Present",="3/4/2026",
="800000952",="Present",="3/4/2026",
="800001197",="Present",="3/4/2026",
="800001439",="Present",="3/4/2026",
="800001689",="Present",="3/4/2026",
="800001735",="Present",="3/4/2026",
="800001821",="Present",="3/4/2026",
="800001829",="Present",="3/4/2026",
="800001840",="Present",="3/4/2026",
="800001841",="Present",="3/4/2026",
="800001850",="Present",="3/4/2026",
="800001856",="Present",="3/4/2026",
="800001860",="Present",="3/4/2026",
="800001876",="Present",="3/4/2026",
="800001924",="Present",="3/4/2026",
="800001925",="Present",="3/4/2026",
="800001950",="Present",="3/4/2026",
="800002010",="Present",="3/4/2026",
="800002035",="Present",="3/4/2026",
="800002036",="Present",="3/4/2026",
="800002062",="Present",="3/4/2026",
="800002066",="Present",="3/4/2026",
="770062103",="Present",="3/5/2026",
="800001902",="Present",="3/5/2026",
="800002005",="Present",="3/5/2026",
="800001513",="Present",="3/5/2026",
="800001591",="Present",="3/5/2026",
="800001441",="Present",="3/5/2026",
="800001863",="Present",="3/5/2026",
="800001950",="Present",="3/5/2026",
="800001958",="Present",="3/5/2026",
="800001959",="Present",="3/5/2026",
="800001983",="Present",="3/5/2026",
="800001985",="Present",="3/5/2026",
="800001987",="Present",="3/5/2026",
="800002001",="Present",="3/5/2026",
="800002010",="Present",="3/5/2026",
="800002011",="Present",="3/5/2026",
="800002017",="Present",="3/5/2026",
="800002018",="Present",="3/5/2026",
="800002020",="Present",="3/5/2026",
="800002021",="Present",="3/5/2026",
="800002035",="Present",="3/5/2026",
="800002036",="Present",="3/5/2026",
="800002042",="Present",="3/5/2026",
="800002052",="Absent",="3/5/2026",
="800002053",="Present",="3/5/2026",
="800002059",="Present",="3/5/2026",
="800002062",="Absent",="3/5/2026",
="800002066",="Present",="3/5/2026",
="800001963",="Present",="3/5/2026",
="800000754",="Present",="3/5/2026",
="800001502",="Present",="3/5/2026",
="800001657",="Present",="3/5/2026",
="800001701",="Present",="3/5/2026",
="800000754",="Absent",="3/4/2026",
="800000941",="Present",="3/4/2026",
="800001031",="Present",="3/4/2026",
="800001368",="Present",="3/4/2026",
="800001502",="Present",="3/4/2026",
="800001508",="Absent",="3/4/2026",
="800001626",="Present",="3/4/2026",
="800001657",="Absent",="3/4/2026",
="800001701",="Present",="3/4/2026",
="800001845",="Present",="3/5/2026",
="800001864",="Present",="3/5/2026",
="800001888",="Present",="3/5/2026",
="800001955",="Present",="3/5/2026",
="800001986",="Present",="3/5/2026",
="800001987",="Absent",="3/5/2026",
="800001998",="Present",="3/5/2026",
="800002008",="Present",="3/5/2026",
="800002023",="Present",="3/5/2026",
="800002026",="Present",="3/5/2026",
="800002029",="Absent",="3/5/2026",
="800002049",="Present",="3/5/2026",
="800002064",="Present",="3/5/2026",
="800001197",="Present",="3/5/2026",
="800001434",="Present",="3/5/2026",
="800001439",="Present",="3/5/2026",
="800001649",="Present",="3/5/2026",
="800001667",="Present",="3/5/2026",
="800001723",="Present",="3/5/2026",
="800001815",="Present",="3/5/2026",
="800001821",="Present",="3/5/2026",
="800001829",="Present",="3/5/2026",
="800001840",="Present",="3/5/2026",
="800001841",="Present",="3/5/2026",
="800001842",="Present",="3/5/2026",
="800001850",="Present",="3/5/2026",
="800001856",="Present",="3/5/2026",
="800001860",="Present",="3/5/2026",
="800001874",="Present",="3/5/2026",
="800001876",="Present",="3/5/2026",
="800001878",="Present",="3/5/2026",
="800001884",="Present",="3/5/2026",
="800001903",="Present",="3/5/2026",
="800001905",="Present",="3/5/2026",
="800001909",="Present",="3/5/2026",
="800001910",="Present",="3/5/2026",
="800001917",="Present",="3/5/2026",
="800001922",="Present",="3/5/2026",
="800001924",="Present",="3/5/2026",
="800001925",="Present",="3/5/2026",
="800001928",="Present",="3/5/2026",
="800001939",="Present",="3/5/2026",
="800001940",="Present",="3/5/2026",
="800001954",="Present",="3/5/2026",
="770000737",="Present",="2/27/2026",
="800001842",="Present",="2/27/2026",
="800001903",="Present",="2/27/2026",
="800001909",="Present",="2/27/2026",
="800001921",="Present",="2/27/2026",
="800001922",="Present",="2/27/2026",
="800001939",="Present",="2/27/2026",
="800001943",="Present",="2/27/2026",
="800001983",="Present",="2/27/2026",
="800001987",="Present",="2/27/2026",
="800002023",="Present",="2/27/2026",
="800002062",="Present",="2/27/2026",
="800000722",="Present",="3/6/2026",
="800001513",="Present",="3/6/2026",
="800001591",="Present",="3/6/2026",
="800001204",="Present",="3/6/2026",
="800001498",="Present",="3/6/2026",
="800001505",="Present",="3/6/2026",
="800001532",="Present",="3/6/2026",
="800001533",="Present",="3/6/2026",
="800001553",="Present",="3/6/2026",
="800001557",="Present",="3/6/2026",
="800001580",="Absent",="3/6/2026",
="800001593",="Present",="3/6/2026",
="800001598",="Present",="3/6/2026",
="800001605",="Present",="3/6/2026",
="800001655",="Present",="3/6/2026",
="800001681",="Present",="3/6/2026",
="800001688",="Present",="3/6/2026",
="800001697",="Present",="3/6/2026",
="800001711",="Present",="3/6/2026",
="800001712",="Present",="3/6/2026",
="800001740",="Present",="3/6/2026",
="800001751",="Present",="3/6/2026",
="800001757",="Present",="3/6/2026",
="800001761",="Absent",="3/6/2026",
="800001789",="Present",="3/6/2026",
="800001793",="Present",="3/6/2026",
="800001803",="Present",="3/6/2026",
="800001813",="Present",="3/6/2026",
="800000774",="No class",="3/6/2026",
="770000323",="Present",="3/6/2026",
="770000409",="Present",="3/6/2026",
="800000934",="Present",="3/6/2026",
="800001142",="Present",="3/6/2026",
="800001196",="Present",="3/6/2026",
="800001292",="Present",="3/6/2026",
="800001318",="Present",="3/6/2026",
="800001410",="Present",="3/6/2026",
="800001679",="Present",="3/6/2026",
="800000754",="Present",="2/26/2026",
="800001502",="Present",="2/26/2026",
="800001657",="Present",="2/26/2026",
="800001701",="Present",="2/26/2026",
="770017870",="Absent",="2/26/2026",
="800001094",="Present",="2/26/2026",
="800001268",="Absent",="2/26/2026",
="800001529",="Present",="2/26/2026",
="800001548",="Present",="2/26/2026",
="800001562",="Present",="2/26/2026",
="800001673",="Present",="2/26/2026",
="800000754",="Present",="3/8/2026",
="800000941",="Present",="3/8/2026",
="800001292",="Present",="3/8/2026",
="800001368",="Present",="3/8/2026",
="800001410",="Present",="3/8/2026",
="800001468",="Present",="3/8/2026",
="800001502",="Present",="3/8/2026",
="800001838",="Absent",="3/8/2026",
="800001845",="Present",="3/6/2026",
="800001955",="Present",="3/6/2026",
="800001963",="No class",="3/6/2026",
="800001986",="Present",="3/6/2026",
="800002008",="Present",="3/6/2026",
="800002026",="Present",="3/6/2026",
="800002029",="Present",="3/6/2026",
="800002044",="No class",="3/6/2026",
="800002049",="Present",="3/6/2026",
="800002064",="Present",="3/6/2026",
="800001197",="Present",="3/8/2026",
="800001439",="Present",="3/8/2026",
="800001553",="Present",="3/8/2026",
="800001649",="Present",="3/8/2026",
="800001650",="Present",="3/8/2026",
="800001723",="Present",="3/8/2026",
="800001735",="Present",="3/8/2026",
="800001840",="Present",="3/8/2026",
="800001841",="Present",="3/8/2026",
="800001842",="Present",="3/8/2026",
="800001846",="Present",="3/8/2026",
="800001850",="Present",="3/8/2026",
="800001852",="Present",="3/8/2026",
="800001856",="Present",="3/8/2026",
="800001860",="Present",="3/8/2026",
="800001874",="Present",="3/8/2026",
="800001888",="Present",="3/8/2026",
="800001917",="Present",="3/8/2026",
="800001921",="Present",="3/8/2026",
="800001922",="Absent",="3/8/2026",
="800001924",="Present",="3/8/2026",
="800001925",="Present",="3/8/2026",
="800001928",="Present",="3/8/2026",
="800001939",="Present",="3/8/2026",
="800001954",="Present",="3/8/2026",
="770000737",="Present",="3/7/2026",
="800001572",="Present",="3/7/2026",
="800001829",="Present",="3/7/2026",
="800001864",="Present",="3/7/2026",
="800001876",="Present",="3/7/2026",
="800001878",="Present",="3/7/2026",
="800001905",="Present",="3/7/2026",
="800001908",="Present",="3/7/2026",
="800001909",="Present",="3/7/2026",
="800001910",="Present",="3/7/2026",
="800001934",="Present",="3/7/2026",
="800001441",="Present",="3/9/2026",
="800001623",="Present",="3/9/2026",
="800001634",="Present",="3/9/2026",
="800001849",="Present",="3/9/2026",
="800001863",="Present",="3/9/2026",
="800001884",="Present",="3/9/2026",
="800001888",="Present",="3/9/2026",
="800001950",="Present",="3/9/2026",
="800001954",="Present",="3/9/2026",
="800001985",="Present",="3/9/2026",
="800002001",="Present",="3/9/2026",
="800002010",="Present",="3/9/2026",
="800002011",="Present",="3/9/2026",
="800002017",="Present",="3/9/2026",
="800002018",="Present",="3/9/2026",
="800002020",="Present",="3/9/2026",
="800002021",="Present",="3/9/2026",
="800002035",="Present",="3/9/2026",
="800002036",="Present",="3/9/2026",
="800002053",="Present",="3/9/2026",
="800002059",="Present",="3/9/2026",
="800002066",="Present",="3/9/2026",
="800001030",="Present",="3/3/2026",
="800001198",="Present",="3/3/2026",
="800001265",="Present",="3/3/2026",
="800001315",="Present",="3/3/2026",
="800001403",="Present",="3/3/2026",
="800001417",="Present",="3/3/2026",
="800001419",="Present",="3/3/2026",
="800001427",="Present",="3/3/2026",
="800001459",="Present",="3/3/2026",
="800001528",="Present",="3/3/2026",
="800001530",="Present",="3/3/2026",
="800001534",="Present",="3/3/2026",
="800001587",="Present",="3/3/2026",
="800001668",="Present",="3/3/2026",
="800000762",="Present",="3/3/2026",
="800001030",="Present",="3/2/2026",
="800001198",="Present",="3/2/2026",
="800001265",="Present",="3/2/2026",
="800001315",="Present",="3/2/2026",
="800001403",="Present",="3/2/2026",
="800001417",="Present",="3/2/2026",
="800001419",="Present",="3/2/2026",
="800001427",="Present",="3/2/2026",
="800001459",="Present",="3/2/2026",
="800001528",="Present",="3/2/2026",
="800001530",="Present",="3/2/2026",
="800001534",="Present",="3/2/2026",
="800001587",="Present",="3/2/2026",
="800001668",="Present",="3/2/2026",
="800000762",="Present",="3/2/2026",
="800000762",="Present",="3/4/2026",
="800001613",="Present",="3/6/2026",
="800001963",="Present",="3/6/2026",
="800000927",="Present",="3/6/2026",
="800001031",="Present",="3/6/2026",
="800001094",="Present",="3/6/2026",
="800001368",="Present",="3/6/2026",
="800001415",="Present",="3/6/2026",
="800001445",="Present",="3/6/2026",
="800001529",="Present",="3/6/2026",
="800001673",="Present",="3/6/2026",
="800001701",="Present",="3/6/2026",
="800001030",="Present",="3/4/2026",
="800001198",="Present",="3/4/2026",
="800001265",="Present",="3/4/2026",
="800001315",="Present",="3/4/2026",
="800001403",="Present",="3/4/2026",
="800001417",="Present",="3/4/2026",
="800001419",="Present",="3/4/2026",
="800001427",="Present",="3/4/2026",
="800001459",="Present",="3/4/2026",
="800001528",="Present",="3/4/2026",
="800001530",="Present",="3/4/2026",
="800001534",="Present",="3/4/2026",
="800001587",="Present",="3/4/2026",
="800001668",="Present",="3/4/2026",
="800000754",="Absent",="2/23/2026",
="800000941",="Present",="2/23/2026",
="800001031",="Present",="2/23/2026",
="800001094",="Present",="2/23/2026",
="800001368",="Present",="2/23/2026",
="800001529",="Present",="2/23/2026",
="800001548",="Present",="2/23/2026",
="800001673",="Tardy/Late",="2/23/2026",
="800001204",="Present",="3/2/2026",
="800001498",="Present",="3/2/2026",
="800001505",="Present",="3/2/2026",
="800001532",="Present",="3/2/2026",
="800001533",="Present",="3/2/2026",
="800001553",="Present",="3/2/2026",
="800001557",="Present",="3/2/2026",
="800001580",="Present",="3/2/2026",
="800001593",="Present",="3/2/2026",
="800001598",="Present",="3/2/2026",
="800001605",="Present",="3/2/2026",
="800001655",="Present",="3/2/2026",
="800001681",="Present",="3/2/2026",
="800001688",="Present",="3/2/2026",
="800001697",="Present",="3/2/2026",
="800001711",="Present",="3/2/2026",
="800001712",="Present",="3/2/2026",
="800001740",="Present",="3/2/2026",
="800001751",="Present",="3/2/2026",
="800001757",="Present",="3/2/2026",
="800001761",="Absent",="3/2/2026",
="800001789",="Present",="3/2/2026",
="800001793",="Present",="3/2/2026",
="800001803",="Present",="3/2/2026",
="800001813",="Present",="3/2/2026",
="770000323",="Present",="3/2/2026",
="770000409",="Present",="3/2/2026",
="800000934",="Present",="3/2/2026",
="800001142",="Present",="3/2/2026",
="800001196",="Present",="3/2/2026",
="800001292",="Present",="3/2/2026",
="800001318",="Present",="3/2/2026",
="800001410",="Present",="3/2/2026",
="800001679",="Present",="3/2/2026",
="800000774",="No class",="3/2/2026",
="800001441",="Absent",="3/9/2026",
="800001950",="Absent",="3/9/2026",
="800001958",="Present",="3/9/2026",
="800001959",="Present",="3/9/2026",
="800002062",="Present",="3/9/2026",
="800001204",="Present",="3/3/2026",
="800001498",="Present",="3/3/2026",
="800001505",="Present",="3/3/2026",
="800001532",="Present",="3/3/2026",
="800001533",="Present",="3/3/2026",
="800001553",="Present",="3/3/2026",
="800001557",="Present",="3/3/2026",
="800001580",="Present",="3/3/2026",
="800001593",="Present",="3/3/2026",
="800001598",="Present",="3/3/2026",
="800001605",="Present",="3/3/2026",
="800001655",="Present",="3/3/2026",
="800001681",="Present",="3/3/2026",
="800001688",="Present",="3/3/2026",
="800001697",="Present",="3/3/2026",
="800001711",="Present",="3/3/2026",
="800001712",="Present",="3/3/2026",
="800001740",="Present",="3/3/2026",
="800001751",="Present",="3/3/2026",
="800001757",="Present",="3/3/2026",
="800001761",="Absent",="3/3/2026",
="800001789",="Present",="3/3/2026",
="800001793",="Present",="3/3/2026",
="800001803",="Present",="3/3/2026",
="800001813",="Present",="3/3/2026",
="770000323",="Present",="3/3/2026",
="770000409",="Present",="3/3/2026",
="800000934",="Present",="3/3/2026",
="800001142",="Present",="3/3/2026",
="800001196",="Present",="3/3/2026",
="800001292",="Present",="3/3/2026",
="800001318",="Present",="3/3/2026",
="800000774",="No class",="3/3/2026",
="800001204",="Present",="3/4/2026",
="800001498",="Present",="3/4/2026",
="800001505",="Present",="3/4/2026",
="800001532",="Present",="3/4/2026",
="800001533",="Present",="3/4/2026",
="800001553",="Present",="3/4/2026",
="800001557",="Present",="3/4/2026",
="800001580",="Present",="3/4/2026",
="800001593",="Present",="3/4/2026",
="800001598",="Present",="3/4/2026",
="800001605",="Present",="3/4/2026",
="800001655",="Present",="3/4/2026",
="800001681",="Present",="3/4/2026",
="800001688",="Present",="3/4/2026",
="800001697",="Present",="3/4/2026",
="800001711",="Present",="3/4/2026",
="800001712",="Present",="3/4/2026",
="800001740",="Present",="3/4/2026",
="800001751",="Present",="3/4/2026",
="800001757",="Present",="3/4/2026",
="800001761",="Absent",="3/4/2026",
="800001789",="Present",="3/4/2026",
="800001793",="Present",="3/4/2026",
="800001803",="Present",="3/4/2026",
="800001813",="Present",="3/4/2026",
="770000323",="Present",="3/4/2026",
="770000409",="Present",="3/4/2026",
="800000934",="Present",="3/4/2026",
="800001142",="Present",="3/4/2026",
="800001196",="Present",="3/4/2026",
="800001292",="Present",="3/4/2026",
="800001318",="Present",="3/4/2026",
="800001410",="Present",="3/4/2026",
="800001679",="Present",="3/4/2026",
="800000774",="No class",="3/4/2026",
="800001434",="Present",="3/8/2026",
="800001580",="Present",="3/8/2026",
="800001590",="Present",="3/8/2026",
="800001708",="Present",="3/8/2026",
="800001740",="Present",="3/8/2026",
="800001771",="Present",="3/8/2026",
="800001830",="Present",="3/8/2026",
="800001831",="Present",="3/8/2026",
="800001878",="Present",="3/8/2026",
="800001940",="Present",="3/8/2026",
="800001943",="Present",="3/8/2026",
="800001950",="Present",="3/8/2026",
="800001955",="Present",="3/8/2026",
="800001986",="Present",="3/8/2026",
="800001998",="Present",="3/8/2026",
="800002008",="Present",="3/8/2026",
="800002044",="Present",="3/8/2026",
="800002049",="Present",="3/8/2026",
="770000737",="Present",="3/9/2026",
="800001842",="Present",="3/9/2026",
="800001845",="Present",="3/9/2026",
="800001903",="Absent",="3/9/2026",
="800001909",="Present",="3/9/2026",
="800001921",="Present",="3/9/2026",
="800001922",="Absent",="3/9/2026",
="800001939",="Present",="3/9/2026",
="800001943",="Present",="3/9/2026",
="800001955",="Present",="3/9/2026",
="800001983",="Present",="3/9/2026",
="800001986",="Present",="3/9/2026",
="800001987",="Present",="3/9/2026",
="800002008",="Present",="3/9/2026",
="800002023",="Present",="3/9/2026",
="800002026",="Present",="3/9/2026",
="800002029",="Present",="3/9/2026",
="800002042",="Present",="3/9/2026",
="800002044",="Present",="3/9/2026",
="800002049",="Present",="3/9/2026",
="800002052",="Absent",="3/9/2026",
="800002064",="Present",="3/9/2026",
="800001623",="Absent",="3/10/2026",
="800001849",="Present",="3/10/2026",
="800001863",="Present",="3/10/2026",
="800001888",="Present",="3/10/2026",
="800001950",="Present",="3/10/2026",
="800001985",="Present",="3/10/2026",
="800002001",="Present",="3/10/2026",
="800002010",="Present",="3/10/2026",
="800002011",="Present",="3/10/2026",
="800002017",="Present",="3/10/2026",
="800002018",="Absent",="3/10/2026",
="800002020",="Present",="3/10/2026",
="800002021",="Present",="3/10/2026",
="800002035",="Present",="3/10/2026",
="800002036",="Present",="3/10/2026",
="800002053",="Present",="3/10/2026",
="800002066",="Present",="3/10/2026",
="800001846",="Present",="3/10/2026",
="800001852",="Present",="3/10/2026",
="800001864",="Present",="3/10/2026",
="800001867",="Present",="3/10/2026",
="800001908",="Present",="3/10/2026",
="800001934",="Present",="3/10/2026",
="800001441",="Absent",="3/10/2026",
="800001884",="Present",="3/10/2026",
="800001954",="Present",="3/10/2026",
="800002029",="Present",="3/10/2026",
="800002042",="Present",="3/10/2026",
="800002059",="Present",="3/10/2026",
="770000737",="Present",="3/6/2026",
="800001842",="Present",="3/6/2026",
="800001903",="Present",="3/6/2026",
="800001909",="Present",="3/6/2026",
="800001921",="Present",="3/6/2026",
="800001922",="Present",="3/6/2026",
="800001939",="Present",="3/6/2026",
="800001943",="Present",="3/6/2026",
="800001983",="Absent",="3/6/2026",
="800001987",="Present",="3/6/2026",
="800002023",="Present",="3/6/2026",
="800002044",="Present",="3/6/2026",
="800002062",="Present",="3/6/2026",
="800001831",="Present",="3/10/2026",
="800001850",="Present",="3/10/2026",
="800001860",="Present",="3/10/2026",
="800001874",="Present",="3/10/2026",
="800001939",="Absent",="3/10/2026",
="800002015",="Present",="3/10/2026",
="800002018",="Present",="3/10/2026",
="800002044",="Present",="3/10/2026",
="800000722",="Present",="3/10/2026",
="800001513",="Present",="3/10/2026",
="800001963",="Present",="2/26/2026",
="770017870",="Present",="3/5/2026",
="800001094",="Present",="3/5/2026",
="800001268",="Present",="3/5/2026",
="800001529",="Present",="3/5/2026",
="800001548",="Present",="3/5/2026",
="800001562",="Present",="3/5/2026",
="800001673",="Present",="3/5/2026",
="800000927",="Present",="3/10/2026",
="800001031",="Absent",="3/10/2026",
="800001094",="Present",="3/10/2026",
="800001410",="Present",="3/10/2026",
="800001529",="Present",="3/10/2026",
="800001548",="Present",="3/10/2026",
="770000737",="Present",="3/4/2026",
="800001649",="Present",="3/4/2026",
="800001842",="Present",="3/4/2026",
="800001874",="Present",="3/4/2026",
="800001903",="Present",="3/4/2026",
="800001909",="Present",="3/4/2026",
="800001922",="Present",="3/4/2026",
="800001939",="Present",="3/4/2026",
="800001943",="Present",="3/4/2026",
="800001030",="Present",="3/10/2026",
="800001198",="Present",="3/10/2026",
="800001265",="Present",="3/10/2026",
="800001315",="Present",="3/10/2026",
="800001403",="Present",="3/10/2026",
="800001417",="Present",="3/10/2026",
="800001419",="Present",="3/10/2026",
="800001427",="Present",="3/10/2026",
="800001459",="Present",="3/10/2026",
="800001528",="Present",="3/10/2026",
="800001530",="Present",="3/10/2026",
="800001534",="Present",="3/10/2026",
="800001587",="Present",="3/10/2026",
="800001668",="Present",="3/10/2026",
="800000762",="Present",="3/10/2026",
="800001845",="Present",="3/10/2026",
="800001955",="Present",="3/10/2026",
="800001963",="Present",="3/10/2026",
="800001983",="Present",="3/10/2026",
="800001986",="Present",="3/10/2026",
="800001987",="Present",="3/10/2026",
="800002008",="Present",="3/10/2026",
="800002026",="Present",="3/10/2026",
="800002049",="Present",="3/10/2026",
="800002052",="Absent",="3/10/2026",
="800002064",="Present",="3/10/2026",
="770000409",="Present",="3/8/2026",
="800001445",="Present",="3/8/2026",
="800001529",="Present",="3/8/2026",
="800001607",="Present",="3/8/2026",
="800001701",="Present",="3/8/2026",
="800001441",="Absent",="3/11/2026",
="800001831",="Absent",="3/11/2026",
="800001846",="Tardy/Late",="3/11/2026",
="800001849",="Present",="3/11/2026",
="800001863",="Present",="3/11/2026",
="800001985",="Present",="3/11/2026",
="800002001",="Present",="3/11/2026",
="800002011",="Present",="3/11/2026",
="800002015",="Present",="3/11/2026",
="800002017",="Present",="3/11/2026",
="800002018",="Present",="3/11/2026",
="800002020",="Present",="3/11/2026",
="800002021",="Present",="3/11/2026",
="800002026",="Present",="3/11/2026",
="800002036",="Present",="3/11/2026",
="800002042",="Present",="3/11/2026",
="800002053",="Present",="3/11/2026",
="800002059",="Present",="3/11/2026",
="770062103",="Present",="3/11/2026",
="800001322",="Present",="3/11/2026",
="800001324",="Present",="3/11/2026",
="800001508",="Present",="3/11/2026",
="800001657",="Present",="3/11/2026",
="800001902",="Present",="3/11/2026",
="800002005",="Present",="3/11/2026",
="800001958",="Present",="3/11/2026",
="800001959",="Present",="3/11/2026",
="800001963",="Present",="3/11/2026",
="800001434",="Present",="3/3/2026",
="800001563",="Present",="3/3/2026",
="800001665",="Present",="3/3/2026",
="800001695",="Present",="3/3/2026",
="800001710",="Present",="3/3/2026",
="800001729",="Present",="3/3/2026",
="800001733",="Present",="3/3/2026",
="800001739",="Present",="3/3/2026",
="800001769",="Present",="3/3/2026",
="800001771",="Present",="3/3/2026",
="800001775",="Present",="3/3/2026",
="800001778",="Present",="3/3/2026",
="800001798",="Present",="3/3/2026",
="800001815",="Present",="3/3/2026",
="800001867",="Present",="3/3/2026",
="800000952",="Present",="3/3/2026",
="800001330",="Present",="3/3/2026",
="800001443",="Present",="3/3/2026",
="800001517",="Present",="3/3/2026",
="800001625",="Present",="3/3/2026",
="800001633",="Present",="3/3/2026",
="800001643",="Present",="3/3/2026",
="800001644",="Present",="3/3/2026",
="800001689",="Present",="3/3/2026",
="800001708",="Present",="3/3/2026",
="800001714",="Present",="3/3/2026",
="800001724",="Present",="3/3/2026",
="800001735",="Present",="3/3/2026",
="800001761",="Present",="3/3/2026",
="800001821",="Present",="3/3/2026",
="800001841",="Present",="3/3/2026",
="800001892",="Present",="3/3/2026",
="800001917",="Present",="3/3/2026",
="800001924",="Present",="3/3/2026",
="800001925",="Present",="3/3/2026",
="800001928",="Present",="3/3/2026",
="800001940",="Present",="3/3/2026",
="800000952",="Present",="3/9/2026",
="800001330",="Present",="3/9/2026",
="800001443",="Present",="3/9/2026",
="800001517",="Present",="3/9/2026",
="800001580",="Present",="3/9/2026",
="800001625",="Present",="3/9/2026",
="800001633",="Present",="3/9/2026",
="800001643",="Present",="3/9/2026",
="800001644",="Present",="3/9/2026",
="800001655",="Present",="3/9/2026",
="800001689",="Present",="3/9/2026",
="800001708",="Present",="3/9/2026",
="800001711",="Present",="3/9/2026",
="800001714",="Present",="3/9/2026",
="800001724",="Present",="3/9/2026",
="800001735",="Present",="3/9/2026",
="800001761",="Present",="3/9/2026",
="800001789",="Present",="3/9/2026",
="800001821",="Present",="3/9/2026",
="800001841",="Present",="3/9/2026",
="800001892",="Present",="3/9/2026",
="800001917",="Present",="3/9/2026",
="800001924",="Present",="3/9/2026",
="800001925",="Present",="3/9/2026",
="800001928",="Present",="3/9/2026",
="800001940",="Present",="3/9/2026",
="800001434",="Present",="3/10/2026",
="800001553",="Present",="3/10/2026",
="800001563",="Present",="3/10/2026",
="800001665",="Present",="3/10/2026",
="800001695",="Present",="3/10/2026",
="800001697",="Present",="3/10/2026",
="800001710",="Present",="3/10/2026",
="800001712",="Present",="3/10/2026",
="800001729",="Present",="3/10/2026",
="800001733",="Absent",="3/10/2026",
="800001739",="Present",="3/10/2026",
="800001740",="Present",="3/10/2026",
="800001751",="Present",="3/10/2026",
="800001757",="Present",="3/10/2026",
="800001769",="Present",="3/10/2026",
="800001771",="Present",="3/10/2026",
="800001775",="Present",="3/10/2026",
="800001778",="Present",="3/10/2026",
="800001793",="Present",="3/10/2026",
="800001798",="Present",="3/10/2026",
="800001803",="Present",="3/10/2026",
="800001813",="Present",="3/10/2026",
="800001815",="Present",="3/10/2026",
="800000952",="Present",="3/10/2026",
="800001330",="Present",="3/10/2026",
="800001443",="Present",="3/10/2026",
="800001517",="Present",="3/10/2026",
="800001580",="Present",="3/10/2026",
="800001625",="Present",="3/10/2026",
="800001633",="Present",="3/10/2026",
="800001643",="Present",="3/10/2026",
="800001644",="Present",="3/10/2026",
="800001655",="Present",="3/10/2026",
="800001689",="Present",="3/10/2026",
="800001708",="Present",="3/10/2026",
="800001711",="Present",="3/10/2026",
="800001714",="Present",="3/10/2026",
="800001724",="Present",="3/10/2026",
="800001735",="Present",="3/10/2026",
="800001761",="Present",="3/10/2026",
="800001789",="Present",="3/10/2026",
="800001821",="Present",="3/10/2026",
="800001841",="Present",="3/10/2026",
="800001892",="Present",="3/10/2026",
="800001917",="Present",="3/10/2026",
="800001924",="Present",="3/10/2026",
="800001925",="Present",="3/10/2026",
="800001928",="Present",="3/10/2026",
="800001940",="Present",="3/10/2026",
="800000428",="Present",="3/11/2026",
="800000461",="Present",="3/11/2026",
="800000625",="Present",="3/11/2026",
="800000774",="Present",="3/11/2026",
="800000722",="Present",="3/11/2026",
="800001513",="Present",="3/11/2026",
="800001591",="Present",="3/11/2026",
="800000952",="Present",="3/11/2026",
="800001197",="Present",="3/11/2026",
="800001439",="Present",="3/11/2026",
="800001689",="Present",="3/11/2026",
="800001735",="Present",="3/11/2026",
="800001821",="Present",="3/11/2026",
="800001829",="Present",="3/11/2026",
="800001840",="Present",="3/11/2026",
="800001841",="Present",="3/11/2026",
="800001850",="Present",="3/11/2026",
="800001856",="Present",="3/11/2026",
="800001860",="Present",="3/11/2026",
="800001876",="Present",="3/11/2026",
="800001924",="Present",="3/11/2026",
="800001925",="Present",="3/11/2026",
="770000737",="Present",="3/11/2026",
="800001649",="Present",="3/11/2026",
="800001757",="Present",="3/11/2026",
="800001842",="Present",="3/11/2026",
="800001874",="Present",="3/11/2026",
="800001903",="Present",="3/11/2026",
="800001909",="Present",="3/11/2026",
="800001922",="Present",="3/11/2026",
="800001939",="Present",="3/11/2026",
="800001943",="Present",="3/11/2026",
="770062103",="Present",="3/12/2026",
="800001902",="Present",="3/12/2026",
="800002038",="Absent",="3/12/2026",
="800001441",="Absent",="3/12/2026",
="800001863",="Present",="3/12/2026",
="800001950",="Present",="3/12/2026",
="800001958",="Present",="3/12/2026",
="800001959",="Present",="3/12/2026",
="800001983",="Present",="3/12/2026",
="800001985",="Present",="3/12/2026",
="800001987",="Present",="3/12/2026",
="800002001",="Present",="3/12/2026",
="800002010",="Present",="3/12/2026",
="800002011",="Present",="3/12/2026",
="800002017",="Absent",="3/12/2026",
="800002018",="Absent",="3/12/2026",
="800002020",="Absent",="3/12/2026",
="800002021",="Present",="3/12/2026",
="800002035",="Present",="3/12/2026",
="800002036",="Present",="3/12/2026",
="800002042",="Present",="3/12/2026",
="800002052",="Absent",="3/12/2026",
="800002053",="Present",="3/12/2026",
="800002059",="Present",="3/12/2026",
="800002062",="Absent",="3/12/2026",
="800002066",="Present",="3/12/2026",
="800001963",="Present",="3/12/2026",
="800001864",="Present",="3/12/2026",
="800001888",="Present",="3/12/2026",
="800001955",="Present",="3/12/2026",
="800001983",="Absent",="3/12/2026",
="800001986",="Present",="3/12/2026",
="800001998",="Present",="3/12/2026",
="800002008",="Present",="3/12/2026",
="800002023",="Present",="3/12/2026",
="800002026",="Present",="3/12/2026",
="800002029",="Present",="3/12/2026",
="800002049",="Present",="3/12/2026",
="800002062",="Present",="3/12/2026",
="800002064",="Present",="3/12/2026",
="800000722",="Present",="3/7/2026",
="800001591",="Present",="3/7/2026",
="800001613",="Present",="3/7/2026",
="800001963",="Present",="3/7/2026",
="800001562",="Present",="3/8/2026",
="800001657",="Present",="3/8/2026",
="800001681",="Present",="3/8/2026",
="800001838",="Present",="3/8/2026",
="800001830",="Present",="3/6/2026",
="800001902",="Present",="3/6/2026",
="800001998",="Present",="3/6/2026",
="800001513",="Present",="3/12/2026",
="800001591",="Present",="3/12/2026",
="800001513",="Present",="3/2/2026",
="800001591",="Present",="3/2/2026",
="800001434",="Present",="3/11/2026",
="800001553",="Present",="3/11/2026",
="800001563",="Present",="3/11/2026",
="800001665",="Present",="3/11/2026",
="800001695",="Present",="3/11/2026",
="800001697",="Present",="3/11/2026",
="800001710",="Present",="3/11/2026",
="800001712",="Present",="3/11/2026",
="800001729",="Present",="3/11/2026",
="800001733",="Present",="3/11/2026",
="800001739",="Present",="3/11/2026",
="800001740",="Present",="3/11/2026",
="800001751",="Present",="3/11/2026",
="800001769",="Present",="3/11/2026",
="800001771",="Present",="3/11/2026",
="800001775",="Present",="3/11/2026",
="800001778",="Present",="3/11/2026",
="800001793",="Present",="3/11/2026",
="800001798",="Present",="3/11/2026",
="800001803",="Present",="3/11/2026",
="800001813",="Present",="3/11/2026",
="800001815",="Present",="3/11/2026",
="800001867",="Present",="3/11/2026",
="800000952",="No class",="3/11/2026",
="800001330",="No class",="3/11/2026",
="800001434",="No class",="3/11/2026",
="800001443",="No class",="3/11/2026",
="800001625",="No class",="3/11/2026",
="800001633",="No class",="3/11/2026",
="800001643",="No class",="3/11/2026",
="800001644",="No class",="3/11/2026",
="800001655",="No class",="3/11/2026",
="800001708",="No class",="3/11/2026",
="800001711",="No class",="3/11/2026",
="800001714",="No class",="3/11/2026",
="800001739",="No class",="3/11/2026",
="800001789",="No class",="3/11/2026",
="800001815",="No class",="3/11/2026",
="800001892",="No class",="3/11/2026",
="800001917",="No class",="3/11/2026",
="800001924",="No class",="3/11/2026",
="800001925",="No class",="3/11/2026",
="800001928",="No class",="3/11/2026",
="800001940",="No class",="3/11/2026",
="800001114",="Present",="3/12/2026",
="800001308",="Present",="3/12/2026",
="800001484",="Absent",="3/12/2026",
="800001543",="Present",="3/12/2026",
="800001572",="Present",="3/12/2026",
="800001590",="Present",="3/12/2026",
="800001623",="Present",="3/12/2026",
="800001634",="Present",="3/12/2026",
="800001723",="Present",="3/12/2026",
="800001739",="Present",="3/12/2026",
="800001775",="Present",="3/12/2026",
="800001802",="Present",="3/12/2026",
="800001852",="Present",="3/12/2026",
="800001862",="Present",="3/12/2026",
="800001867",="Present",="3/12/2026",
="800001878",="Present",="3/12/2026",
="800001884",="Present",="3/12/2026",
="800001892",="Present",="3/12/2026",
="800001905",="Present",="3/12/2026",
="800001908",="Present",="3/12/2026",
="800001910",="Present",="3/12/2026",
="800001917",="Present",="3/12/2026",
="800001928",="Present",="3/12/2026",
="800001934",="Present",="3/12/2026",
="800001940",="Present",="3/12/2026",
="800001954",="Present",="3/12/2026",
="800001950",="Present",="3/11/2026",
="800002010",="Present",="3/11/2026",
="800002035",="Present",="3/11/2026",
="800002062",="Present",="3/11/2026",
="800002066",="Present",="3/11/2026",
="800001955",="Present",="3/11/2026",
="800001983",="Present",="3/11/2026",
="800001986",="Present",="3/11/2026",
="800001987",="Present",="3/11/2026",
="800002008",="Present",="3/11/2026",
="800002029",="Present",="3/11/2026",
="800002044",="Present",="3/11/2026",
="800002049",="Present",="3/11/2026",
="800002052",="Absent",="3/11/2026",
="800002064",="Present",="3/11/2026",
="800001204",="Present",="3/13/2026",
="800001498",="Present",="3/13/2026",
="800001505",="Present",="3/13/2026",
="800001532",="Present",="3/13/2026",
="800001533",="Present",="3/13/2026",
="800001553",="Present",="3/13/2026",
="800001557",="Present",="3/13/2026",
="800001593",="Present",="3/13/2026",
="800001598",="Present",="3/13/2026",
="800001605",="Present",="3/13/2026",
="800001655",="Present",="3/13/2026",
="800001681",="Present",="3/13/2026",
="800001688",="Present",="3/13/2026",
="800001697",="Present",="3/13/2026",
="800001711",="Present",="3/13/2026",
="800001712",="Present",="3/13/2026",
="800001740",="Present",="3/13/2026",
="800001751",="Present",="3/13/2026",
="800001757",="Present",="3/13/2026",
="800001789",="Present",="3/13/2026",
="800001793",="Present",="3/13/2026",
="800001803",="Present",="3/13/2026",
="800001813",="Present",="3/13/2026",
="800000774",="No class",="3/13/2026",
="770000323",="Present",="3/13/2026",
="770000409",="Present",="3/13/2026",
="800000934",="Present",="3/13/2026",
="800001142",="Present",="3/13/2026",
="800001196",="Present",="3/13/2026",
="800001292",="Present",="3/13/2026",
="800001318",="Present",="3/13/2026",
="800001410",="Present",="3/13/2026",
="800001679",="Present",="3/13/2026",
="800001517",="Present",="3/12/2026",
="800001593",="Present",="3/12/2026",
="800001633",="Present",="3/12/2026",
="800001643",="Present",="3/12/2026",
="800001665",="Present",="3/12/2026",
="800001689",="Present",="3/12/2026",
="800001708",="Absent",="3/12/2026",
="800001761",="Absent",="3/12/2026",
="800001778",="Present",="3/12/2026",
="800001789",="Present",="3/12/2026",
="800001798",="Present",="3/12/2026",
="800000348",="Present",="3/10/2026",
="800001308",="Present",="3/10/2026",
="800001862",="Present",="3/10/2026",
="800001114",="Present",="3/5/2026",
="800001517",="Present",="3/5/2026",
="800001593",="Present",="3/5/2026",
="800001633",="Absent",="3/5/2026",
="800001643",="Present",="3/5/2026",
="800001665",="Absent",="3/5/2026",
="800001689",="Present",="3/5/2026",
="800001708",="Present",="3/5/2026",
="800001739",="Present",="3/5/2026",
="800001761",="Present",="3/5/2026",
="800001775",="Absent",="3/5/2026",
="800001778",="Absent",="3/5/2026",
="800001789",="Present",="3/5/2026",
="800001798",="Present",="3/5/2026",
="800001802",="Absent",="3/5/2026",
="800000348",="Present",="3/9/2026",
="800001308",="Present",="3/9/2026",
="800001862",="Present",="3/9/2026",
="800001934",="Present",="3/9/2026",
="800000348",="Present",="3/3/2026",
="800001308",="Present",="3/3/2026",
="800001862",="Present",="3/3/2026",
="800001934",="Present",="3/3/2026",
="800001910",="Present",="3/9/2026",
="800000754",="Present",="3/11/2026",
="800000941",="Present",="3/11/2026",
="800001031",="Present",="3/11/2026",
="800001368",="Present",="3/11/2026",
="800001502",="Present",="3/11/2026",
="800001701",="Present",="3/11/2026",
="800000785",="Present",="1/15/2026",
="800001315",="Present",="1/15/2026",
="800001443",="Present",="1/15/2026",
="800001505",="Present",="1/15/2026",
="800001553",="Present",="1/15/2026",
="800001563",="Present",="1/15/2026",
="800001587",="Present",="1/15/2026",
="800001598",="Present",="1/15/2026",
="800001605",="Present",="1/15/2026",
="800001625",="Present",="1/15/2026",
="800001644",="Present",="1/15/2026",
="800001650",="Present",="1/15/2026",
="800001655",="Present",="1/15/2026",
="800001695",="Present",="1/15/2026",
="800001710",="Present",="1/15/2026",
="800001711",="Present",="1/15/2026",
="800001712",="Present",="1/15/2026",
="800001729",="Present",="1/15/2026",
="800001740",="Present",="1/15/2026",
="800001751",="Present",="1/15/2026",
="800001757",="Present",="1/15/2026",
="800001769",="Present",="1/15/2026",
="800001793",="Present",="1/15/2026",
="800001803",="Present",="1/15/2026",
="800001813",="Present",="1/15/2026",
="800000785",="Present",="2/12/2026",
="800001315",="Present",="2/12/2026",
="800001505",="Present",="2/12/2026",
="800001553",="Present",="2/12/2026",
="800001563",="Present",="2/12/2026",
="800001587",="Present",="2/12/2026",
="800001598",="Present",="2/12/2026",
="800001605",="Present",="2/12/2026",
="800001625",="Present",="2/12/2026",
="800001644",="Present",="2/12/2026",
="800001655",="Present",="2/12/2026",
="800001695",="Present",="2/12/2026",
="800001710",="Present",="2/12/2026",
="800001711",="Present",="2/12/2026",
="800001712",="Present",="2/12/2026",
="800001729",="Present",="2/12/2026",
="800001740",="Present",="2/12/2026",
="800001751",="Present",="2/12/2026",
="800001757",="Present",="2/12/2026",
="800001769",="Present",="2/12/2026",
="800001793",="Present",="2/12/2026",
="800001803",="Present",="2/12/2026",
="800001813",="Present",="2/12/2026",
="800000785",="Present",="2/19/2026",
="800001315",="Present",="2/19/2026",
="800001505",="Present",="2/19/2026",
="800001553",="Present",="2/19/2026",
="800001563",="Present",="2/19/2026",
="800001587",="Present",="2/19/2026",
="800001598",="Present",="2/19/2026",
="800001605",="Present",="2/19/2026",
="800001625",="Present",="2/19/2026",
="800001644",="Present",="2/19/2026",
="800001655",="Present",="2/19/2026",
="800001695",="Present",="2/19/2026",
="800001710",="Present",="2/19/2026",
="800001711",="Present",="2/19/2026",
="800001712",="Present",="2/19/2026",
="800001729",="Present",="2/19/2026",
="800001740",="Present",="2/19/2026",
="800001751",="Present",="2/19/2026",
="800001757",="Present",="2/19/2026",
="800001769",="Present",="2/19/2026",
="800001793",="Present",="2/19/2026",
="800001803",="Present",="2/19/2026",
="800001813",="Present",="2/19/2026",
="800000785",="Present",="2/26/2026",
="800001315",="Present",="2/26/2026",
="800001505",="Present",="2/26/2026",
="800001553",="Present",="2/26/2026",
="800001563",="Present",="2/26/2026",
="800001587",="Present",="2/26/2026",
="800001598",="Present",="2/26/2026",
="800001605",="Present",="2/26/2026",
="800001625",="Present",="2/26/2026",
="800001644",="Present",="2/26/2026",
="800001655",="Present",="2/26/2026",
="800001695",="Present",="2/26/2026",
="800001710",="Present",="2/26/2026",
="800001711",="Present",="2/26/2026",
="800001712",="Present",="2/26/2026",
="800001729",="Present",="2/26/2026",
="800001740",="Present",="2/26/2026",
="800001751",="Present",="2/26/2026",
="800001757",="Present",="2/26/2026",
="800001769",="Present",="2/26/2026",
="800001793",="Present",="2/26/2026",
="800001803",="Present",="2/26/2026",
="800001813",="Present",="2/26/2026",
="800001553",="Present",="3/9/2026",
="800001563",="Present",="3/9/2026",
="800001665",="Present",="3/9/2026",
="800001695",="Present",="3/9/2026",
="800001697",="Present",="3/9/2026",
="800001710",="Present",="3/9/2026",
="800001712",="Present",="3/9/2026",
="800001729",="Present",="3/9/2026",
="800001733",="Present",="3/9/2026",
="800001740",="Present",="3/9/2026",
="800001751",="Present",="3/9/2026",
="800001769",="Present",="3/9/2026",
="800001771",="Present",="3/9/2026",
="800001775",="Present",="3/9/2026",
="800001778",="Present",="3/9/2026",
="800001793",="Present",="3/9/2026",
="800001798",="Present",="3/9/2026",
="800001803",="Present",="3/9/2026",
="800001813",="Present",="3/9/2026",
="800001867",="Present",="3/9/2026",
="770017870",="No class",="3/12/2026",
="800001094",="No class",="3/12/2026",
="800001268",="No class",="3/12/2026",
="800001529",="No class",="3/12/2026",
="800001548",="No class",="3/12/2026",
="800001562",="No class",="3/12/2026",
="800001673",="No class",="3/12/2026",
="800001591",="Present",="3/13/2026",
="800001613",="Present",="3/13/2026",
="800001963",="Present",="3/13/2026",
="800000927",="Present",="3/13/2026",
="800001031",="Present",="3/13/2026",
="800001094",="Present",="3/13/2026",
="800001368",="Present",="3/13/2026",
="800001445",="Present",="3/13/2026",
="800001529",="Present",="3/13/2026",
="800001673",="Present",="3/13/2026",
="800001701",="Present",="3/13/2026",
="800001197",="Present",="3/12/2026",
="800001434",="Present",="3/12/2026",
="800001439",="Present",="3/12/2026",
="800001649",="Present",="3/12/2026",
="800001667",="Absent",="3/12/2026",
="800001815",="Present",="3/12/2026",
="800001821",="Present",="3/12/2026",
="800001829",="Present",="3/12/2026",
="800001840",="Present",="3/12/2026",
="800001841",="Present",="3/12/2026",
="800001842",="Present",="3/12/2026",
="800001850",="Present",="3/12/2026",
="800001856",="Present",="3/12/2026",
="800001860",="Present",="3/12/2026",
="800001874",="Present",="3/12/2026",
="800001876",="Present",="3/12/2026",
="800001903",="Present",="3/12/2026",
="800001909",="Present",="3/12/2026",
="800001922",="Present",="3/12/2026",
="800001924",="Present",="3/12/2026",
="800001925",="Present",="3/12/2026",
="800001939",="Present",="3/12/2026",
="800001667",="Present",="3/12/2026",
="800001443",="Present",="3/6/2026",
="800001633",="Present",="3/6/2026",
="800001665",="Present",="3/6/2026",
="800001714",="Present",="3/6/2026",
="800001724",="Present",="3/6/2026",
="800001729",="Present",="3/6/2026",
="800001815",="Present",="3/6/2026",
="800001867",="Present",="3/6/2026",
="800001443",="Present",="3/7/2026",
="800001633",="Present",="3/7/2026",
="800001665",="Present",="3/7/2026",
="800001714",="Present",="3/7/2026",
="800001724",="Present",="3/7/2026",
="800001729",="Present",="3/7/2026",
="800001815",="Present",="3/7/2026",
="800001867",="Present",="3/7/2026",
="800000289",="Present",="3/8/2026",
="800000461",="Present",="3/8/2026",
="800001613",="Present",="3/8/2026",
="800000754",="Present",="3/15/2026",
="800000941",="Present",="3/15/2026",
="800001292",="Present",="3/15/2026",
="800001368",="Present",="3/15/2026",
="800001410",="Present",="3/15/2026",
="800001468",="Present",="3/15/2026",
="800001502",="Present",="3/15/2026",
="800001838",="Absent",="3/15/2026",
="800000289",="Present",="3/15/2026",
="800000461",="Present",="3/15/2026",
="800001613",="Present",="3/15/2026",
="800001955",="Present",="3/13/2026",
="800001963",="No class",="3/13/2026",
="800001986",="Present",="3/13/2026",
="800002008",="Present",="3/13/2026",
="800002026",="Present",="3/13/2026",
="800002029",="Present",="3/13/2026",
="800002044",="Present",="3/13/2026",
="800002049",="Present",="3/13/2026",
="800002064",="Present",="3/13/2026",
="800001667",="No class",="2/10/2026",
="800001846",="Present",="2/17/2026",
="800001852",="Present",="2/17/2026",
="800001864",="Present",="2/17/2026",
="800001908",="Present",="2/17/2026",
="800001934",="Present",="2/17/2026",
="800001830",="Absent",="3/13/2026",
="800001902",="Present",="3/13/2026",
="800001998",="Present",="3/13/2026",
="800000722",="Present",="3/14/2026",
="800001591",="Present",="3/14/2026",
="800001613",="Present",="3/14/2026",
="800001963",="Present",="3/14/2026",
="770000409",="Present",="3/15/2026",
="800001445",="Present",="3/15/2026",
="800001562",="Present",="3/15/2026",
="800001657",="Present",="3/15/2026",
="800001681",="Present",="3/15/2026",
="800001701",="Present",="3/15/2026",
="800001838",="Present",="3/15/2026",
="770000737",="Present",="3/14/2026",
="800001572",="Present",="3/14/2026",
="800001829",="Present",="3/14/2026",
="800001864",="Present",="3/14/2026",
="800001876",="Present",="3/14/2026",
="800001878",="Present",="3/14/2026",
="800001905",="Present",="3/14/2026",
="800001908",="Present",="3/14/2026",
="800001909",="Present",="3/14/2026",
="800001910",="Present",="3/14/2026",
="800001934",="Present",="3/14/2026",
="800001197",="Present",="3/15/2026",
="800001439",="Present",="3/15/2026",
="800001553",="Present",="3/15/2026",
="800001649",="Present",="3/15/2026",
="800001650",="Present",="3/15/2026",
="800001723",="Present",="3/15/2026",
="800001735",="Present",="3/15/2026",
="800001840",="Present",="3/15/2026",
="800001841",="Present",="3/15/2026",
="800001842",="Present",="3/15/2026",
="800001846",="Absent",="3/15/2026",
="800001850",="Present",="3/15/2026",
="800001852",="Present",="3/15/2026",
="800001856",="Present",="3/15/2026",
="800001860",="Present",="3/15/2026",
="800001874",="Present",="3/15/2026",
="800001888",="Present",="3/15/2026",
="800001917",="Present",="3/15/2026",
="800001921",="Present",="3/15/2026",
="800001922",="Present",="3/15/2026",
="800001924",="Present",="3/15/2026",
="800001925",="Present",="3/15/2026",
="800001928",="Present",="3/15/2026",
="800001939",="Present",="3/15/2026",
="800001954",="Present",="3/15/2026",
="800000941",="Present",="3/10/2026",
="800001031",="Present",="3/10/2026",
="800001322",="Present",="3/10/2026",
="800001324",="Present",="3/10/2026",
="800001368",="Present",="3/10/2026",
="800001445",="Present",="3/10/2026",
="800001468",="Present",="3/10/2026",
="800001673",="Present",="3/10/2026",
="800001679",="Present",="3/10/2026",
="800001838",="Present",="3/10/2026",
="800001958",="Present",="3/10/2026",
="800001959",="Present",="3/10/2026",
="800001434",="Present",="3/15/2026",
="800001590",="Present",="3/15/2026",
="800001708",="Present",="3/15/2026",
="800001740",="Present",="3/15/2026",
="800001771",="Present",="3/15/2026",
="800001830",="Present",="3/15/2026",
="800001831",="Absent",="3/15/2026",
="800001878",="Present",="3/15/2026",
="800001903",="Present",="3/15/2026",
="800001940",="Present",="3/15/2026",
="800001943",="Present",="3/15/2026",
="800001950",="Present",="3/15/2026",
="800001955",="Present",="3/15/2026",
="800001986",="Present",="3/15/2026",
="800001998",="Present",="3/15/2026",
="800002008",="Present",="3/15/2026",
="800002044",="Present",="3/15/2026",
="800002049",="Present",="3/15/2026",
="770000737",="Present",="3/16/2026",
="800001842",="Present",="3/16/2026",
="800001903",="Present",="3/16/2026",
="800001909",="Present",="3/16/2026",
="800001921",="Present",="3/16/2026",
="800001922",="Present",="3/16/2026",
="800001939",="Present",="3/16/2026",
="800001943",="Present",="3/16/2026",
="800001955",="Present",="3/16/2026",
="800001983",="Present",="3/16/2026",
="800001986",="Present",="3/16/2026",
="800001987",="Present",="3/16/2026",
="800002008",="Present",="3/16/2026",
="800002023",="Present",="3/16/2026",
="800002026",="Present",="3/16/2026",
="800002029",="Present",="3/16/2026",
="800002042",="Present",="3/16/2026",
="800002044",="Present",="3/16/2026",
="800002049",="Present",="3/16/2026",
="800002052",="Absent",="3/16/2026",
="800002062",="Present",="3/16/2026",
="800002064",="Present",="3/16/2026",
="800001441",="Absent",="3/16/2026",
="800001863",="Present",="3/16/2026",
="800001950",="Present",="3/16/2026",
="800001958",="Present",="3/16/2026",
="800001959",="Present",="3/16/2026",
="800001985",="Present",="3/16/2026",
="800002001",="Present",="3/16/2026",
="800002010",="Present",="3/16/2026",
="800002011",="Present",="3/16/2026",
="800002017",="Present",="3/16/2026",
="800002018",="Present",="3/16/2026",
="800002020",="Present",="3/16/2026",
="800002021",="Present",="3/16/2026",
="800002035",="Present",="3/16/2026",
="800002036",="Present",="3/16/2026",
="800002053",="Present",="3/16/2026",
="800002059",="Present",="3/16/2026",
="800002066",="Present",="3/16/2026",
="770062103",="Present",="3/9/2026",
="800001466",="Present",="3/9/2026",
="800001502",="Present",="3/9/2026",
="800001508",="Present",="3/9/2026",
="800001657",="Tardy/Late",="3/9/2026",
="800001701",="Present",="3/9/2026",
="800000754",="Present",="3/9/2026",
="800000941",="Present",="3/9/2026",
="800001031",="Absent",="3/9/2026",
="800001094",="Present",="3/9/2026",
="800001368",="Present",="3/9/2026",
="800001529",="Present",="3/9/2026",
="800001548",="Absent",="3/9/2026",
="800001673",="Present",="3/9/2026",
="800000754",="Present",="3/16/2026",
="800000941",="Present",="3/16/2026",
="800001031",="Tardy/Late",="3/16/2026",
="800001094",="Present",="3/16/2026",
="800001368",="Present",="3/16/2026",
="800001466",="Present",="3/16/2026",
="800001529",="Present",="3/16/2026",
="800001548",="Present",="3/16/2026",
="800001673",="Tardy/Late",="3/16/2026",
="770062103",="Present",="3/16/2026",
="800001502",="Present",="3/16/2026",
="800001508",="Present",="3/16/2026",
="800001657",="Present",="3/16/2026",
="800001701",="Tardy/Late",="3/16/2026",
="800001529",="Present",="3/15/2026",
="800001607",="Present",="3/15/2026",
="800001623",="Absent",="3/17/2026",
="800001849",="Absent",="3/17/2026",
="800001863",="Present",="3/17/2026",
="800001888",="Present",="3/17/2026",
="800001950",="Present",="3/17/2026",
="800001985",="Present",="3/17/2026",
="800002001",="Present",="3/17/2026",
="800002010",="Absent",="3/17/2026",
="800002011",="Present",="3/17/2026",
="800002017",="Present",="3/17/2026",
="800002018",="Present",="3/17/2026",
="800002020",="Present",="3/17/2026",
="800002021",="Present",="3/17/2026",
="800002035",="Present",="3/17/2026",
="800002036",="Present",="3/17/2026",
="800002053",="Present",="3/17/2026",
="800002066",="Present",="3/17/2026",
="800001623",="Present",="3/16/2026",
="800001634",="Present",="3/16/2026",
="800001849",="Present",="3/16/2026",
="800001884",="Present",="3/16/2026",
="800001888",="Present",="3/16/2026",
="800001954",="Present",="3/16/2026",
="800001441",="Absent",="3/17/2026",
="800001884",="Present",="3/17/2026",
="800001954",="Present",="3/17/2026",
="800002029",="Present",="3/17/2026",
="800002042",="Present",="3/17/2026",
="800002059",="Present",="3/17/2026",
="800000348",="Present",="3/16/2026",
="800001308",="Present",="3/16/2026",
="800001862",="Present",="3/16/2026",
="800001934",="Present",="3/16/2026",
="800001846",="Present",="3/17/2026",
="800001852",="Present",="3/17/2026",
="800001864",="Present",="3/17/2026",
="800001867",="Present",="3/17/2026",
="800001908",="Present",="3/17/2026",
="800001934",="Present",="3/17/2026",
="800001910",="Absent",="3/16/2026",
="800001846",="Present",="2/10/2026",
="800001852",="Present",="2/10/2026",
="800001864",="Present",="2/10/2026",
="800001867",="Present",="2/10/2026",
="800001908",="Present",="2/10/2026",
="800001934",="Present",="2/10/2026",
="800001517",="Present",="2/6/2026",
="800001643",="Present",="2/6/2026",
="800001841",="Present",="2/6/2026",
="800001924",="Present",="2/6/2026",
="800001925",="Present",="2/6/2026",
="800001928",="Present",="2/6/2026",
="800001517",="Present",="2/13/2026",
="800001643",="Present",="2/13/2026",
="800001841",="Present",="2/13/2026",
="800001924",="Present",="2/13/2026",
="800001925",="Present",="2/13/2026",
="800001928",="Present",="2/13/2026",
="800001517",="Present",="2/20/2026",
="800001643",="Present",="2/20/2026",
="800001841",="Present",="2/20/2026",
="800001924",="Present",="2/20/2026",
="800001925",="Present",="2/20/2026",
="800001928",="Present",="2/20/2026",
="800001517",="Present",="2/27/2026",
="800001643",="Present",="2/27/2026",
="800001841",="Present",="2/27/2026",
="800001924",="Present",="2/27/2026",
="800001925",="Present",="2/27/2026",
="800001928",="Present",="2/27/2026",
="800000722",="Present",="3/17/2026",
="800001513",="Present",="3/17/2026",
="770017870",="Present",="2/10/2026",
="800001268",="Present",="2/10/2026",
="800001548",="Present",="2/10/2026",
="800001562",="Present",="2/10/2026",
="800001673",="Present",="2/16/2026",
="770017870",="Present",="2/17/2026",
="800001268",="Present",="2/17/2026",
="800001548",="Present",="2/17/2026",
="800001562",="Present",="2/17/2026",
="800001439",="Present",="2/16/2026",
="800001543",="Present",="2/16/2026",
="800001667",="Present",="2/16/2026",
="800001829",="Present",="2/16/2026",
="800001852",="Present",="2/16/2026",
="800001856",="Present",="2/16/2026",
="800001876",="Present",="2/16/2026",
="800001905",="Present",="2/16/2026",
="800001910",="Present",="2/16/2026",
="800001934",="Present",="2/16/2026",
="800000348",="Present",="2/23/2026",
="800001197",="Present",="2/23/2026",
="800001439",="Present",="2/23/2026",
="800001484",="Present",="2/23/2026",
="800001543",="Present",="2/23/2026",
="800001667",="Present",="2/23/2026",
="800001821",="Present",="2/23/2026",
="800001829",="Present",="2/23/2026",
="800001840",="Present",="2/23/2026",
="800001841",="Present",="2/23/2026",
="800001852",="Present",="2/23/2026",
="800001856",="Present",="2/23/2026",
="800001876",="Present",="2/23/2026",
="800001905",="Present",="2/23/2026",
="800001910",="Present",="2/23/2026",
="800001924",="Present",="2/23/2026",
="800001925",="Present",="2/23/2026",
="800001928",="Present",="2/23/2026",
="800001934",="Present",="2/23/2026",
="800001940",="Present",="2/23/2026",
="800000348",="Present",="3/17/2026",
="800001308",="Present",="3/17/2026",
="800001862",="Present",="3/17/2026",
="800000927",="Present",="3/17/2026",
="800001031",="Present",="3/17/2026",
="800001094",="Present",="3/17/2026",
="800001410",="Present",="3/17/2026",
="800001529",="Present",="3/17/2026",
="800001548",="Present",="3/17/2026",
="800001831",="Absent",="3/17/2026",
="800001849",="Present",="3/17/2026",
="800001850",="Present",="3/17/2026",
="800001860",="Present",="3/17/2026",
="800001874",="Present",="3/17/2026",
="800001939",="Present",="3/17/2026",
="800002010",="Present",="3/17/2026",
="800001955",="Present",="3/17/2026",
="800001963",="Present",="3/17/2026",
="800001983",="Present",="3/17/2026",
="800001986",="Present",="3/17/2026",
="800001987",="Present",="3/17/2026",
="800002008",="Present",="3/17/2026",
="800002026",="Present",="3/17/2026",
="800002049",="Present",="3/17/2026",
="800002052",="Absent",="3/17/2026",
="800002064",="Present",="3/17/2026",
="800000762",="Present",="3/17/2026",
="800001030",="Present",="3/17/2026",
="800001198",="Present",="3/17/2026",
="800001265",="Present",="3/17/2026",
="800001315",="Absent",="3/17/2026",
="800001403",="Present",="3/17/2026",
="800001417",="Present",="3/17/2026",
="800001419",="Present",="3/17/2026",
="800001427",="Present",="3/17/2026",
="800001459",="Present",="3/17/2026",
="800001528",="Absent",="3/17/2026",
="800001530",="Present",="3/17/2026",
="800001534",="Present",="3/17/2026",
="800001587",="Present",="3/17/2026",
="800001668",="Present",="3/17/2026",
="800001441",="Absent",="3/18/2026",
="800001831",="Absent",="3/18/2026",
="800001846",="Tardy/Late",="3/18/2026",
="800001849",="Present",="3/18/2026",
="800001863",="Present",="3/18/2026",
="800001985",="Present",="3/18/2026",
="800002001",="Present",="3/18/2026",
="800002011",="Tardy/Late",="3/18/2026",
="800002017",="Present",="3/18/2026",
="800002018",="Present",="3/18/2026",
="800002020",="Present",="3/18/2026",
="800002021",="Present",="3/18/2026",
="800002026",="Present",="3/18/2026",
="800002036",="Present",="3/18/2026",
="800002042",="Present",="3/18/2026",
="800002053",="Present",="3/18/2026",
="800002059",="Present",="3/18/2026",
="800001958",="Present",="3/18/2026",
="800001959",="Present",="3/18/2026",
="800001963",="Present",="3/18/2026",
="770062103",="Present",="3/18/2026",
="800001322",="Present",="3/18/2026",
="800001324",="Present",="3/18/2026",
="800001508",="Present",="3/18/2026",
="800001657",="Present",="3/18/2026",
="800001902",="Present",="3/18/2026",
="800000428",="Present",="3/18/2026",
="800000461",="Present",="3/18/2026",
="800000625",="Present",="3/18/2026",
="800000774",="Present",="3/18/2026",
="800000722",="Present",="3/18/2026",
="800001513",="Present",="3/18/2026",
="800001591",="Present",="3/18/2026",
="800001950",="Present",="3/18/2026",
="800002001",="Absent",="3/18/2026",
="800002010",="Absent",="3/18/2026",
="800002011",="Present",="3/18/2026",
="800002017",="Absent",="3/18/2026",
="800002018",="Absent",="3/18/2026",
="800002035",="Present",="3/18/2026",
="800002062",="Present",="3/18/2026",
="800002066",="Absent",="3/18/2026",
="770000737",="Present",="3/18/2026",
="800001649",="Present",="3/18/2026",
="800001757",="Present",="3/18/2026",
="800001842",="Present",="3/18/2026",
="800001874",="Present",="3/18/2026",
="800001903",="Present",="3/18/2026",
="800001909",="Present",="3/18/2026",
="800001922",="Present",="3/18/2026",
="800001939",="Present",="3/18/2026",
="800001943",="Present",="3/18/2026",
="800000754",="Present",="3/18/2026",
="800000941",="Present",="3/18/2026",
="800001031",="Present",="3/18/2026",
="800001368",="Present",="3/18/2026",
="800001502",="Absent",="3/18/2026",
="800001508",="Absent",="3/18/2026",
="800001701",="Absent",="3/18/2026",
="800001955",="Present",="3/18/2026",
="800001983",="Present",="3/18/2026",
="800001986",="Present",="3/18/2026",
="800001987",="Present",="3/18/2026",
="800002008",="Present",="3/18/2026",
="800002029",="Present",="3/18/2026",
="800002049",="Present",="3/18/2026",
="800002052",="Absent",="3/18/2026",
="800002064",="Present",="3/18/2026",
="800000952",="Absent",="3/18/2026",
="800001197",="Present",="3/18/2026",
="800001439",="Present",="3/18/2026",
="800001689",="Present",="3/18/2026",
="800001735",="Present",="3/18/2026",
="800001821",="Absent",="3/18/2026",
="800001829",="Present",="3/18/2026",
="800001840",="Present",="3/18/2026",
="800001841",="Present",="3/18/2026",
="800001850",="Present",="3/18/2026",
="800001856",="Present",="3/18/2026",
="800001860",="Present",="3/18/2026",
="800001876",="Present",="3/18/2026",
="800001924",="Present",="3/18/2026",
="800001925",="Present",="3/18/2026",
="800001650",="Present",="2/20/2026",
="800001729",="Present",="2/20/2026",
="800001769",="Present",="2/20/2026",
="800001793",="Present",="2/20/2026",
="800001803",="Present",="2/20/2026",
="800001813",="Present",="2/20/2026",
="800000927",="Present",="2/21/2026",
="800001142",="Present",="2/21/2026",
="800001757",="Present",="2/21/2026",
="800001769",="Present",="2/21/2026",
="800001793",="Present",="2/21/2026",
="800001803",="Present",="2/21/2026",
="800001813",="Present",="2/21/2026",
="800001553",="Present",="2/20/2026",
="800001553",="Present",="2/21/2026",
="800001846",="Absent",="1/8/2026",
="800001846",="Absent",="1/15/2026",
="800001846",="Present",="3/12/2026",
="800001846",="Present",="2/12/2026",
="800001846",="Present",="3/19/2026",
="800001902",="Present",="3/19/2026",
="800001846",="Present",="2/19/2026",
="800001902",="Present",="2/19/2026",
="800001846",="Present",="2/26/2026",
="800001846",="Present",="3/5/2026",
="800001591",="Present",="2/22/2026",
="800000722",="Present",="2/22/2026",
="800001513",="Present",="2/22/2026",
="800001031",="Present",="2/22/2026",
="800000941",="Present",="2/26/2026",
="800001031",="Present",="2/26/2026",
="800001368",="Present",="2/26/2026",
="800000722",="Present",="2/26/2026",
="800001513",="Present",="3/1/2026",
="800001513",="Present",="3/19/2026",
="800001591",="Present",="3/19/2026",
="800001441",="Present",="3/19/2026",
="800001863",="Present",="3/19/2026",
="800001950",="Present",="3/19/2026",
="800001958",="Present",="3/19/2026",
="800001959",="Present",="3/19/2026",
="800001963",="Present",="3/19/2026",
="800001983",="Present",="3/19/2026",
="800001985",="Present",="3/19/2026",
="800001987",="Present",="3/19/2026",
="800002001",="Absent",="3/19/2026",
="800002010",="Present",="3/19/2026",
="800002011",="Present",="3/19/2026",
="800002017",="Present",="3/19/2026",
="800002018",="Present",="3/19/2026",
="800002020",="Present",="3/19/2026",
="800002021",="Present",="3/19/2026",
="800002035",="Present",="3/19/2026",
="800002036",="Present",="3/19/2026",
="800002042",="Present",="3/19/2026",
="800002052",="Absent",="3/19/2026",
="800002053",="Present",="3/19/2026",
="800002059",="Present",="3/19/2026",
="800002062",="Absent",="3/19/2026",
="800002066",="Present",="3/19/2026",
="770062103",="Present",="3/19/2026",
="800001114",="Present",="3/19/2026",
="800001308",="Present",="3/19/2026",
="800001484",="Absent",="3/19/2026",
="800001543",="Present",="3/19/2026",
="800001572",="Present",="3/19/2026",
="800001590",="Present",="3/19/2026",
="800001623",="Present",="3/19/2026",
="800001634",="Present",="3/19/2026",
="800001723",="Present",="3/19/2026",
="800001739",="Present",="3/19/2026",
="800001775",="Present",="3/19/2026",
="800001802",="Present",="3/19/2026",
="800001852",="Present",="3/19/2026",
="800001862",="Present",="3/19/2026",
="800001864",="Present",="3/19/2026",
="800001867",="Present",="3/19/2026",
="800001878",="Present",="3/19/2026",
="800001884",="Present",="3/19/2026",
="800001888",="Present",="3/19/2026",
="800001892",="Present",="3/19/2026",
="800001905",="Present",="3/19/2026",
="800001908",="Present",="3/19/2026",
="800001910",="Present",="3/19/2026",
="800001917",="Present",="3/19/2026",
="800001928",="Present",="3/19/2026",
="800001934",="Present",="3/19/2026",
="800001940",="Present",="3/19/2026",
="800001954",="Present",="3/19/2026",
="800000348",="Present",="2/10/2026",
="800001443",="Present",="2/10/2026",
="800001484",="Present",="2/10/2026",
="800001650",="Present",="2/10/2026",
="800001665",="Present",="2/10/2026",
="800001733",="Present",="2/10/2026",
="800001815",="Present",="2/10/2026",
="800001862",="Present",="2/10/2026",
="800001878",="Present",="2/10/2026",
="800001197",="Present",="3/19/2026",
="800001434",="Present",="3/19/2026",
="800001439",="Present",="3/19/2026",
="800001649",="Present",="3/19/2026",
="800001667",="Present",="3/19/2026",
="800001815",="Present",="3/19/2026",
="800001821",="Present",="3/19/2026",
="800001829",="Present",="3/19/2026",
="800001840",="Present",="3/19/2026",
="800001841",="Present",="3/19/2026",
="800001842",="Present",="3/19/2026",
="800001850",="Present",="3/19/2026",
="800001856",="Present",="3/19/2026",
="800001860",="Present",="3/19/2026",
="800001874",="Present",="3/19/2026",
="800001876",="Present",="3/19/2026",
="800001903",="Present",="3/19/2026",
="800001909",="Present",="3/19/2026",
="800001910",="Absent",="3/19/2026",
="800001917",="Absent",="3/19/2026",
="800001922",="Present",="3/19/2026",
="800001924",="Present",="3/19/2026",
="800001925",="Present",="3/19/2026",
="800001928",="Absent",="3/19/2026",
="800001939",="Present",="3/19/2026",
="800001940",="Absent",="3/19/2026",
="800001954",="Absent",="3/19/2026",
="800001955",="Present",="3/19/2026",
="800001986",="Present",="3/19/2026",
="800001998",="Absent",="3/19/2026",
="800002008",="Present",="3/19/2026",
="800002023",="Present",="3/19/2026",
="800002026",="Present",="3/19/2026",
="800002029",="Present",="3/19/2026",
="800002049",="Present",="3/19/2026",
="800002062",="Present",="3/19/2026",
="800002064",="Present",="3/19/2026",
="770000737",="Present",="3/13/2026",
="800001842",="Present",="3/13/2026",
="800001903",="Present",="3/13/2026",
="800001909",="Present",="3/13/2026",
="800001921",="Present",="3/13/2026",
="800001922",="Present",="3/13/2026",
="800001939",="Present",="3/13/2026",
="800001943",="Present",="3/13/2026",
="800001983",="Absent",="3/13/2026",
="800001987",="Present",="3/13/2026",
="800002023",="Present",="3/13/2026",
="800002049",="Absent",="3/13/2026",
="800002062",="Present",="3/13/2026",
="800001591",="Present",="3/20/2026",
="800001613",="Present",="3/20/2026",
="800001963",="Present",="3/20/2026",
="800001204",="Absent",="3/20/2026",
="800001498",="Present",="3/20/2026",
="800001505",="Present",="3/20/2026",
="800001532",="Absent",="3/20/2026",
="800001533",="Present",="3/20/2026",
="800001553",="Present",="3/20/2026",
="800001557",="Present",="3/20/2026",
="800001593",="Present",="3/20/2026",
="800001598",="Present",="3/20/2026",
="800001605",="Present",="3/20/2026",
="800001655",="Present",="3/20/2026",
="800001681",="Present",="3/20/2026",
="800001688",="Absent",="3/20/2026",
="800001697",="Present",="3/20/2026",
="800001711",="Present",="3/20/2026",
="800001712",="Present",="3/20/2026",
="800001740",="Present",="3/20/2026",
="800001751",="Present",="3/20/2026",
="800001757",="Present",="3/20/2026",
="800001789",="Present",="3/20/2026",
="800001793",="Present",="3/20/2026",
="800001803",="Present",="3/20/2026",
="800001813",="Present",="3/20/2026",
="770000323",="Present",="3/20/2026",
="770000409",="Present",="3/20/2026",
="800000934",="Present",="3/20/2026",
="800001142",="Present",="3/20/2026",
="800001196",="Present",="3/20/2026",
="800001292",="Absent",="3/20/2026",
="800001318",="Absent",="3/20/2026",
="800001410",="Absent",="3/20/2026",
="800001679",="Absent",="3/20/2026",
="800000774",="Present",="3/20/2026",
="800001845",="Present",="3/20/2026",
="800001955",="Present",="3/20/2026",
="800001986",="Present",="3/20/2026",
="800002008",="Present",="3/20/2026",
="800002026",="Present",="3/20/2026",
="800002029",="Present",="3/20/2026",
="800002049",="Present",="3/20/2026",
="800002064",="Present",="3/20/2026",
="800001845",="Present",="3/13/2026",
="800001679",="Present",="3/20/2026",
="800001830",="Absent",="3/20/2026",
="800001902",="Present",="3/20/2026",
="800001998",="Present",="3/20/2026",
="770000409",="Present",="3/22/2026",
="800001445",="Present",="3/22/2026",
="800001468",="Present",="3/22/2026",
="800001562",="Present",="3/22/2026",
="800001657",="Present",="3/22/2026",
="800001681",="Present",="3/22/2026",
="800001701",="Present",="3/22/2026",
="800001838",="Absent",="3/22/2026",
="800000722",="Present",="3/21/2026",
="800001591",="Present",="3/21/2026",
="800001613",="Present",="3/21/2026",
="800001963",="Present",="3/21/2026",
="800000289",="Present",="3/22/2026",
="800000461",="Present",="3/22/2026",
="800001613",="Present",="3/22/2026",
="800000754",="Present",="3/22/2026",
="800000941",="Present",="3/22/2026",
="800001292",="Present",="3/22/2026",
="800001368",="Present",="3/22/2026",
="800001410",="Present",="3/22/2026",
="800001502",="Present",="3/22/2026",
="770017870",="Present",="3/19/2026",
="800001094",="Present",="3/19/2026",
="800001268",="Present",="3/19/2026",
="800001529",="Present",="3/19/2026",
="800001548",="Present",="3/19/2026",
="800001562",="Present",="3/19/2026",
="800001673",="Present",="3/19/2026",
="800001434",="Present",="3/18/2026",
="800001553",="Present",="3/18/2026",
="800001563",="Present",="3/18/2026",
="800001665",="Present",="3/18/2026",
="800001695",="Present",="3/18/2026",
="800001697",="Present",="3/18/2026",
="800001710",="Present",="3/18/2026",
="800001712",="Present",="3/18/2026",
="800001729",="Present",="3/18/2026",
="800001733",="Present",="3/18/2026",
="800001739",="Present",="3/18/2026",
="800001740",="Present",="3/18/2026",
="800001751",="Present",="3/18/2026",
="800001769",="Present",="3/18/2026",
="800001771",="Present",="3/18/2026",
="800001775",="Present",="3/18/2026",
="800001778",="Present",="3/18/2026",
="800001793",="Present",="3/18/2026",
="800001798",="Present",="3/18/2026",
="800001803",="Present",="3/18/2026",
="800001813",="Present",="3/18/2026",
="800001815",="Present",="3/18/2026",
="800001867",="Present",="3/18/2026",
="800000952",="Present",="3/18/2026",
="800001330",="Present",="3/18/2026",
="800001443",="Present",="3/18/2026",
="800001625",="Present",="3/18/2026",
="800001633",="Present",="3/18/2026",
="800001643",="Present",="3/18/2026",
="800001644",="Present",="3/18/2026",
="800001655",="Present",="3/18/2026",
="800001708",="Present",="3/18/2026",
="800001711",="Present",="3/18/2026",
="800001714",="Present",="3/18/2026",
="800001789",="Present",="3/18/2026",
="800001892",="Present",="3/18/2026",
="800001917",="Present",="3/18/2026",
="800001928",="Present",="3/18/2026",
="800001940",="Present",="3/18/2026",
="770017870",="Present",="3/18/2026",
="800001094",="Present",="3/18/2026",
="800001268",="Present",="3/18/2026",
="800001529",="Present",="3/18/2026",
="800001548",="Present",="3/18/2026",
="800001562",="Present",="3/18/2026",
="800001673",="Present",="3/18/2026",
="800001434",="Present",="3/17/2026",
="800001553",="Present",="3/17/2026",
="800001563",="Present",="3/17/2026",
="800001665",="Present",="3/17/2026",
="800001695",="Present",="3/17/2026",
="800001697",="Present",="3/17/2026",
="800001710",="Present",="3/17/2026",
="800001712",="Present",="3/17/2026",
="800001729",="Present",="3/17/2026",
="800001733",="Present",="3/17/2026",
="800001739",="Present",="3/17/2026",
="800001740",="Present",="3/17/2026",
="800001751",="Present",="3/17/2026",
="800001757",="Present",="3/17/2026",
="800001769",="Present",="3/17/2026",
="800001771",="Present",="3/17/2026",
="800001775",="Present",="3/17/2026",
="800001778",="Present",="3/17/2026",
="800001793",="Present",="3/17/2026",
="800001798",="Present",="3/17/2026",
="800001803",="Present",="3/17/2026",
="800001813",="Present",="3/17/2026",
="800001815",="Present",="3/17/2026",
="800000952",="Present",="3/17/2026",
="800001330",="Present",="3/17/2026",
="800001443",="Present",="3/17/2026",
="800001517",="Present",="3/17/2026",
="800001625",="Present",="3/17/2026",
="800001633",="Present",="3/17/2026",
="800001643",="Present",="3/17/2026",
="800001644",="Present",="3/17/2026",
="800001655",="Present",="3/17/2026",
="800001689",="Present",="3/17/2026",
="800001708",="Present",="3/17/2026",
="800001711",="Present",="3/17/2026",
="800001714",="Present",="3/17/2026",
="800001724",="Present",="3/17/2026",
="800001735",="Present",="3/17/2026",
="800001761",="Present",="3/17/2026",
="800001789",="Present",="3/17/2026",
="800001821",="Present",="3/17/2026",
="800001841",="Present",="3/17/2026",
="800001892",="Present",="3/17/2026",
="800001917",="Present",="3/17/2026",
="800001924",="Present",="3/17/2026",
="800001925",="Present",="3/17/2026",
="800001928",="Present",="3/17/2026",
="800001940",="Present",="3/17/2026",
="800001517",="Present",="3/16/2026",
="800001553",="Present",="3/16/2026",
="800001563",="Present",="3/16/2026",
="800001665",="Present",="3/16/2026",
="800001689",="Present",="3/16/2026",
="800001695",="Present",="3/16/2026",
="800001697",="Present",="3/16/2026",
="800001710",="Present",="3/16/2026",
="800001712",="Present",="3/16/2026",
="800001724",="Present",="3/16/2026",
="800001729",="Present",="3/16/2026",
="800001733",="Present",="3/16/2026",
="800001735",="Present",="3/16/2026",
="800001740",="Present",="3/16/2026",
="800001751",="Present",="3/16/2026",
="800001761",="Present",="3/16/2026",
="800001769",="Present",="3/16/2026",
="800001771",="Present",="3/16/2026",
="800001775",="Present",="3/16/2026",
="800001778",="Present",="3/16/2026",
="800001793",="Present",="3/16/2026",
="800001798",="Present",="3/16/2026",
="800001803",="Present",="3/16/2026",
="800001813",="Present",="3/16/2026",
="800001821",="Present",="3/16/2026",
="800001841",="Present",="3/16/2026",
="800001867",="Present",="3/16/2026",
="800000952",="Present",="3/16/2026",
="800001330",="Present",="3/16/2026",
="800001443",="Present",="3/16/2026",
="800001625",="Present",="3/16/2026",
="800001633",="Present",="3/16/2026",
="800001643",="Present",="3/16/2026",
="800001644",="Present",="3/16/2026",
="800001655",="Present",="3/16/2026",
="800001708",="Present",="3/16/2026",
="800001711",="Present",="3/16/2026",
="800001714",="Present",="3/16/2026",
="800001789",="Present",="3/16/2026",
="800001892",="Present",="3/16/2026",
="800001917",="Present",="3/16/2026",
="800001924",="Present",="3/16/2026",
="800001925",="Present",="3/16/2026",
="800001928",="Present",="3/16/2026",
="800001940",="Present",="3/16/2026",
="770000737",="Present",="3/21/2026",
="800001572",="Present",="3/21/2026",
="800001829",="Absent",="3/21/2026",
="800001864",="Present",="3/21/2026",
="800001876",="Present",="3/21/2026",
="800001878",="Present",="3/21/2026",
="800001905",="Present",="3/21/2026",
="800001908",="Present",="3/21/2026",
="800001909",="Present",="3/21/2026",
="800001910",="Present",="3/21/2026",
="800001934",="Present",="3/21/2026",
="800001197",="Absent",="3/22/2026",
="800001439",="Absent",="3/22/2026",
="800001553",="Absent",="3/22/2026",
="800001649",="Absent",="3/22/2026",
="800001650",="Absent",="3/22/2026",
="800001723",="Absent",="3/22/2026",
="800001735",="Absent",="3/22/2026",
="800001840",="Absent",="3/22/2026",
="800001841",="Absent",="3/22/2026",
="800001842",="Absent",="3/22/2026",
="800001846",="Absent",="3/22/2026",
="800001850",="Absent",="3/22/2026",
="800001852",="Absent",="3/22/2026",
="800001856",="Absent",="3/22/2026",
="800001860",="Absent",="3/22/2026",
="800001874",="Absent",="3/22/2026",
="800001888",="Absent",="3/22/2026",
="800001917",="Absent",="3/22/2026",
="800001921",="Absent",="3/22/2026",
="800001922",="Absent",="3/22/2026",
="800001924",="Absent",="3/22/2026",
="800001925",="Absent",="3/22/2026",
="800001928",="Absent",="3/22/2026",
="800001939",="Absent",="3/22/2026",
="800001954",="Absent",="3/22/2026",
="800001623",="Absent",="3/23/2026",
="800001634",="Present",="3/23/2026",
="800001849",="Present",="3/23/2026",
="800001863",="Present",="3/23/2026",
="800001884",="Present",="3/23/2026",
="800001888",="Present",="3/23/2026",
="800001950",="Present",="3/23/2026",
="800001954",="Present",="3/23/2026",
="800001985",="Present",="3/23/2026",
="800002001",="Absent",="3/23/2026",
="800002010",="Present",="3/23/2026",
="800002011",="Present",="3/23/2026",
="800002017",="Present",="3/23/2026",
="800002018",="Absent",="3/23/2026",
="800002020",="Present",="3/23/2026",
="800002021",="Present",="3/23/2026",
="800002035",="Present",="3/23/2026",
="800002036",="Present",="3/23/2026",
="800002053",="Present",="3/23/2026",
="800002059",="Present",="3/23/2026",
="800002066",="Present",="3/23/2026",
="800001572",="Present",="2/23/2026",
="800001633",="Present",="2/23/2026",
="800001643",="Present",="2/23/2026",
="800001689",="Present",="2/23/2026",
="800001714",="Present",="2/23/2026",
="800001724",="Present",="2/23/2026",
="800001739",="Present",="2/23/2026",
="800001114",="Present",="2/24/2026",
="800001197",="Present",="2/24/2026",
="800001517",="Present",="2/24/2026",
="800001643",="Present",="2/24/2026",
="800001840",="Present",="2/24/2026",
="800001841",="Present",="2/24/2026",
="800001917",="Present",="2/24/2026",
="800001924",="Present",="2/24/2026",
="800001925",="Present",="2/24/2026",
="800001928",="Present",="2/24/2026",
="800000348",="Present",="2/24/2026",
="800001443",="Present",="2/24/2026",
="800001484",="Present",="2/24/2026",
="800001650",="Present",="2/24/2026",
="800001665",="Present",="2/24/2026",
="800001733",="Present",="2/24/2026",
="800001815",="Present",="2/24/2026",
="800001862",="Present",="2/24/2026",
="800001867",="Present",="2/24/2026",
="800001878",="Present",="2/24/2026",
="800001892",="Present",="2/24/2026",
="770000409",="Present",="2/23/2026",
="770017870",="Present",="2/23/2026",
="800000934",="Present",="2/23/2026",
="800001142",="Present",="2/23/2026",
="800001196",="Present",="2/23/2026",
="800001268",="Present",="2/23/2026",
="800001292",="Present",="2/23/2026",
="800001318",="Present",="2/23/2026",
="800001410",="Present",="2/23/2026",
="800001562",="Present",="2/23/2026",
="800000941",="Present",="3/17/2026",
="800001322",="Present",="3/17/2026",
="800001324",="Present",="3/17/2026",
="800001368",="Present",="3/17/2026",
="800001445",="Present",="3/17/2026",
="800001468",="Present",="3/17/2026",
="800001673",="Present",="3/17/2026",
="800001679",="Present",="3/17/2026",
="800001838",="Present",="3/17/2026",
="800000927",="Present",="3/20/2026",
="800001031",="Absent",="3/20/2026",
="800001094",="Present",="3/20/2026",
="800001368",="Present",="3/20/2026",
="800001445",="Present",="3/20/2026",
="800001529",="Present",="3/20/2026",
="800001673",="Present",="3/20/2026",
="800001701",="Present",="3/20/2026",
="800000348",="Present",="3/23/2026",
="800001308",="Present",="3/23/2026",
="800001862",="Present",="3/23/2026",
="800001910",="Absent",="3/23/2026",
="800001934",="Absent",="3/23/2026",
="800001626",="Present",="3/18/2026",
="800001934",="Present",="3/23/2026",
="800001958",="Present",="3/23/2026",
="800001959",="Present",="3/23/2026",
="800002018",="Present",="3/23/2026",
="800002062",="Present",="3/23/2026",
="800001934",="Present",="3/2/2026",
="800001517",="Present",="3/19/2026",
="800001593",="Present",="3/19/2026",
="800001633",="Present",="3/19/2026",
="800001643",="Present",="3/19/2026",
="800001665",="Present",="3/19/2026",
="800001689",="Present",="3/19/2026",
="800001708",="Present",="3/19/2026",
="800001761",="Present",="3/19/2026",
="800001778",="Present",="3/19/2026",
="800001789",="Present",="3/19/2026",
="800001798",="Present",="3/19/2026",
="770000737",="Present",="3/23/2026",
="800001842",="Present",="3/23/2026",
="800001845",="Present",="3/23/2026",
="800001903",="Present",="3/23/2026",
="800001909",="Present",="3/23/2026",
="800001921",="Present",="3/23/2026",
="800001922",="Present",="3/23/2026",
="800001939",="Present",="3/23/2026",
="800001943",="Present",="3/23/2026",
="800001955",="Present",="3/23/2026",
="800001983",="Present",="3/23/2026",
="800001986",="Present",="3/23/2026",
="800001987",="Present",="3/23/2026",
="800002008",="Present",="3/23/2026",
="800002023",="Present",="3/23/2026",
="800002026",="Present",="3/23/2026",
="800002029",="Present",="3/23/2026",
="800002042",="Present",="3/23/2026",
="800002049",="Present",="3/23/2026",
="800002052",="Absent",="3/23/2026",
="800002064",="Present",="3/23/2026",
="770062103",="Present",="3/23/2026",
="800001466",="Present",="3/23/2026",
="800001502",="Present",="3/23/2026",
="800001508",="Present",="3/23/2026",
="800001626",="Present",="3/23/2026",
="800001657",="Present",="3/23/2026",
="800001701",="Absent",="3/23/2026",
="800000754",="Present",="3/23/2026",
="800000941",="Present",="3/23/2026",
="800001031",="Present",="3/23/2026",
="800001094",="Present",="3/23/2026",
="800001368",="Present",="3/23/2026",
="800001466",="Absent",="3/23/2026",
="800001529",="Present",="3/23/2026",
="800001548",="Present",="3/23/2026",
="800001673",="Present",="3/23/2026",
="800001434",="Present",="3/22/2026",
="800001590",="Present",="3/22/2026",
="800001649",="Present",="3/22/2026",
="800001708",="Present",="3/22/2026",
="800001740",="Present",="3/22/2026",
="800001771",="Present",="3/22/2026",
="800001830",="Present",="3/22/2026",
="800001831",="Absent",="3/22/2026",
="800001874",="Present",="3/22/2026",
="800001878",="Present",="3/22/2026",
="800001903",="Present",="3/22/2026",
="800001940",="Present",="3/22/2026",
="800001943",="Present",="3/22/2026",
="800001950",="Present",="3/22/2026",
="800001955",="Present",="3/22/2026",
="800001986",="Present",="3/22/2026",
="800001998",="Present",="3/22/2026",
="800002008",="Present",="3/22/2026",
="800002049",="Present",="3/22/2026",
="800001529",="Present",="3/22/2026",
="800001607",="Present",="3/22/2026",
="800000722",="Present",="3/13/2026",
="800001513",="Present",="3/13/2026",
="800000754",="Present",="3/12/2026",
="800001502",="Present",="3/12/2026",
="800001657",="Present",="3/12/2026",
="800001701",="Present",="3/12/2026",
="800001623",="Absent",="3/24/2026",
="800001849",="Absent",="3/24/2026",
="800001863",="Present",="3/24/2026",
="800001888",="Present",="3/24/2026",
="800001950",="Present",="3/24/2026",
="800001985",="Present",="3/24/2026",
="800002001",="Absent",="3/24/2026",
="800002010",="Present",="3/24/2026",
="800002011",="Present",="3/24/2026",
="800002017",="Present",="3/24/2026",
="800002018",="Present",="3/24/2026",
="800002020",="Present",="3/24/2026",
="800002021",="Present",="3/24/2026",
="800002035",="Present",="3/24/2026",
="800002036",="Present",="3/24/2026",
="800002053",="Present",="3/24/2026",
="800002066",="Absent",="3/24/2026",
="800001441",="Absent",="3/24/2026",
="800001884",="Present",="3/24/2026",
="800001954",="Present",="3/24/2026",
="800002029",="Present",="3/24/2026",
="800002042",="Present",="3/24/2026",
="800002059",="Present",="3/24/2026",
="800001831",="Present",="3/24/2026",
="800001849",="Present",="3/24/2026",
="800001850",="Present",="3/24/2026",
="800001860",="Present",="3/24/2026",
="800001874",="Present",="3/24/2026",
="800001939",="Present",="3/24/2026",
="800002015",="Absent",="3/24/2026",
="800002044",="Present",="3/24/2026",
="800001845",="Present",="3/24/2026",
="800001955",="Present",="3/24/2026",
="800001963",="Present",="3/24/2026",
="800001983",="Present",="3/24/2026",
="800001986",="Present",="3/24/2026",
="800001987",="Present",="3/24/2026",
="800002008",="Present",="3/24/2026",
="800002026",="Present",="3/24/2026",
="800002049",="Present",="3/24/2026",
="800002052",="Absent",="3/24/2026",
="800002064",="Present",="3/24/2026",
="800001831",="Absent",="3/25/2026",
="800001846",="Present",="3/25/2026",
="800001849",="Absent",="3/25/2026",
="800001863",="Present",="3/25/2026",
="800001985",="Present",="3/25/2026",
="800002001",="Absent",="3/25/2026",
="800002011",="Present",="3/25/2026",
="800002015",="Absent",="3/25/2026",
="800002017",="Present",="3/25/2026",
="800002018",="Present",="3/25/2026",
="800002020",="Present",="3/25/2026",
="800002021",="Present",="3/25/2026",
="800002026",="Present",="3/25/2026",
="800002036",="Present",="3/25/2026",
="800002042",="Present",="3/25/2026",
="800002053",="Present",="3/25/2026",
="800002059",="Present",="3/25/2026",
="770062103",="Present",="3/25/2026",
="800001322",="Present",="3/25/2026",
="800001324",="Present",="3/25/2026",
="800001508",="Present",="3/25/2026",
="800001657",="Present",="3/25/2026",
="800001902",="Present",="3/25/2026",
="800002005",="Present",="3/25/2026",
="800001958",="Present",="3/25/2026",
="800001959",="Present",="3/25/2026",
="800001963",="Present",="3/25/2026",
="800001950",="Present",="3/25/2026",
="800002010",="Present",="3/25/2026",
="800002035",="Present",="3/25/2026",
="800002062",="Present",="3/25/2026",
="800002066",="Absent",="3/25/2026",
="800002051",="Present",="3/4/2026",
="800002051",="Present",="3/2/2026",
="800002051",="Present",="3/9/2026",
="800001958",="Present",="3/24/2026",
="800001959",="Present",="3/24/2026",
="800000952",="Absent",="3/25/2026",
="800001197",="Present",="3/25/2026",
="800001439",="Present",="3/25/2026",
="800001689",="Present",="3/25/2026",
="800001735",="Present",="3/25/2026",
="800001821",="Present",="3/25/2026",
="800001829",="Present",="3/25/2026",
="800001840",="Present",="3/25/2026",
="800001841",="Present",="3/25/2026",
="800001850",="Present",="3/25/2026",
="800001856",="Present",="3/25/2026",
="800001860",="Present",="3/25/2026",
="800001876",="Present",="3/25/2026",
="800001924",="Present",="3/25/2026",
="800001925",="Present",="3/25/2026",
="770000737",="Present",="3/25/2026",
="800001649",="Present",="3/25/2026",
="800001757",="Present",="3/25/2026",
="800001842",="Present",="3/25/2026",
="800001874",="Present",="3/25/2026",
="800001903",="Present",="3/25/2026",
="800001909",="Present",="3/25/2026",
="800001922",="Present",="3/25/2026",
="800001939",="Present",="3/25/2026",
="800001943",="Present",="3/25/2026",
="800001845",="Present",="3/25/2026",
="800001955",="Present",="3/25/2026",
="800001983",="Present",="3/25/2026",
="800001986",="Present",="3/25/2026",
="800001987",="Present",="3/25/2026",
="800002008",="Present",="3/25/2026",
="800002029",="Present",="3/25/2026",
="800002044",="Present",="3/25/2026",
="800002049",="Present",="3/25/2026",
="800002052",="Absent",="3/25/2026",
="800002064",="Present",="3/25/2026",
="800001689",="Present",="3/26/2026",
="800001739",="Present",="3/26/2026",
="800001740",="Present",="3/26/2026",
="800001751",="Present",="3/26/2026",
="800001757",="Present",="3/26/2026",
="800001778",="Present",="3/26/2026",
="800001793",="Present",="3/26/2026",
="800001821",="Present",="3/26/2026",
="800001892",="Present",="3/26/2026",
="800001917",="Present",="3/26/2026",
="800001513",="Present",="3/26/2026",
="800001591",="Present",="3/26/2026",
="800001441",="Absent",="3/26/2026",
="800001863",="Present",="3/26/2026",
="800001950",="Absent",="3/26/2026",
="800001958",="Present",="3/26/2026",
="800001959",="Present",="3/26/2026",
="800001963",="Present",="3/26/2026",
="800001983",="Absent",="3/26/2026",
="800001985",="Present",="3/26/2026",
="800001987",="Present",="3/26/2026",
="800002001",="Absent",="3/26/2026",
="800002010",="Present",="3/26/2026",
="800002011",="Present",="3/26/2026",
="800002017",="Present",="3/26/2026",
="800002018",="Present",="3/26/2026",
="800002020",="Present",="3/26/2026",
="800002021",="Present",="3/26/2026",
="800002035",="Present",="3/26/2026",
="800002036",="Present",="3/26/2026",
="800002042",="Present",="3/26/2026",
="800002052",="Absent",="3/26/2026",
="800002053",="Present",="3/26/2026",
="800002059",="Present",="3/26/2026",
="800002062",="Absent",="3/26/2026",
="800002066",="Present",="3/26/2026",
="800001114",="Present",="3/26/2026",
="800001308",="Present",="3/26/2026",
="800001484",="Absent",="3/26/2026",
="800001543",="Present",="3/26/2026",
="800001572",="Present",="3/26/2026",
="800001590",="Present",="3/26/2026",
="800001623",="Present",="3/26/2026",
="800001634",="Present",="3/26/2026",
="800001723",="Present",="3/26/2026",
="800001739",="Absent",="3/26/2026",
="800001775",="Present",="3/26/2026",
="800001802",="Present",="3/26/2026",
="800001852",="Present",="3/26/2026",
="800001862",="Present",="3/26/2026",
="800001864",="Present",="3/26/2026",
="800001867",="Present",="3/26/2026",
="800001878",="Present",="3/26/2026",
="800001884",="Present",="3/26/2026",
="800001888",="Present",="3/26/2026",
="800001892",="Absent",="3/26/2026",
="800001905",="Present",="3/26/2026",
="800001908",="Present",="3/26/2026",
="800001910",="Present",="3/26/2026",
="800001917",="Absent",="3/26/2026",
="800001928",="Present",="3/26/2026",
="800001934",="Present",="3/26/2026",
="800001940",="Present",="3/26/2026",
="800001954",="Present",="3/26/2026",
="800000941",="Present",="3/24/2026",
="800001031",="Present",="3/24/2026",
="800001094",="Present",="3/24/2026",
="800001322",="Present",="3/24/2026",
="800001324",="Present",="3/24/2026",
="800001368",="Present",="3/24/2026",
="800001445",="Present",="3/24/2026",
="800001468",="Present",="3/24/2026",
="800001529",="Present",="3/24/2026",
="800001626",="Present",="3/24/2026",
="800001673",="Present",="3/24/2026",
="800001679",="Present",="3/24/2026",
="800001838",="Present",="3/24/2026",
="800002005",="Present",="3/24/2026",
="800001845",="Present",="3/26/2026",
="800001955",="Present",="3/26/2026",
="800001986",="Present",="3/26/2026",
="800001998",="Present",="3/26/2026",
="800002008",="Present",="3/26/2026",
="800002023",="Present",="3/26/2026",
="800002026",="Present",="3/26/2026",
="800002029",="Present",="3/26/2026",
="800002049",="Absent",="3/26/2026",
="800002062",="Present",="3/26/2026",
="800002064",="Present",="3/26/2026",
="800000774",="Present",="3/27/2026",
="800000428",="Present",="3/25/2026",
="800000461",="Present",="3/25/2026",
="800000625",="Present",="3/25/2026",
="800000774",="Present",="3/25/2026",
="800001197",="Present",="3/26/2026",
="800001434",="Present",="3/26/2026",
="800001439",="Present",="3/26/2026",
="800001649",="Present",="3/26/2026",
="800001667",="Present",="3/26/2026",
="800001815",="Present",="3/26/2026",
="800001829",="Present",="3/26/2026",
="800001840",="Present",="3/26/2026",
="800001841",="Present",="3/26/2026",
="800001842",="Present",="3/26/2026",
="800001850",="Present",="3/26/2026",
="800001856",="Present",="3/26/2026",
="800001860",="Present",="3/26/2026",
="800001874",="Present",="3/26/2026",
="800001876",="Present",="3/26/2026",
="800001903",="Present",="3/26/2026",
="800001909",="Present",="3/26/2026",
="800001922",="Present",="3/26/2026",
="800001924",="Present",="3/26/2026",
="800001925",="Present",="3/26/2026",
="800001939",="Present",="3/26/2026",
="800001030",="Present",="3/24/2026",
="800001198",="Present",="3/24/2026",
="800001265",="Present",="3/24/2026",
="800001315",="Present",="3/24/2026",
="800001403",="Present",="3/24/2026",
="800001417",="Present",="3/24/2026",
="800001419",="Present",="3/24/2026",
="800001427",="Present",="3/24/2026",
="800001459",="Present",="3/24/2026",
="800001528",="Present",="3/24/2026",
="800001530",="Present",="3/24/2026",
="800001534",="Present",="3/24/2026",
="800001587",="Present",="3/24/2026",
="800001668",="Present",="3/24/2026",
="800000762",="Present",="3/24/2026",
="770000323",="Present",="3/27/2026",
="770000409",="Present",="3/27/2026",
="800000934",="Present",="3/27/2026",
="800001142",="Present",="3/27/2026",
="800001196",="Present",="3/27/2026",
="800001292",="Present",="3/27/2026",
="800001318",="Present",="3/27/2026",
="800001410",="Present",="3/27/2026",
="800001679",="Present",="3/27/2026",
="800000774",="No class",="3/27/2026",
="800001204",="Present",="3/27/2026",
="800001498",="Present",="3/27/2026",
="800001505",="Present",="3/27/2026",
="800001532",="Absent",="3/27/2026",
="800001533",="Present",="3/27/2026",
="800001553",="Present",="3/27/2026",
="800001557",="Present",="3/27/2026",
="800001593",="Present",="3/27/2026",
="800001598",="Present",="3/27/2026",
="800001605",="Present",="3/27/2026",
="800001655",="Present",="3/27/2026",
="800001681",="Present",="3/27/2026",
="800001688",="Present",="3/27/2026",
="800001697",="Present",="3/27/2026",
="800001711",="Present",="3/27/2026",
="800001712",="Present",="3/27/2026",
="800001740",="Present",="3/27/2026",
="800001751",="Present",="3/27/2026",
="800001757",="Present",="3/27/2026",
="800001789",="Present",="3/27/2026",
="800001793",="Present",="3/27/2026",
="800001803",="Present",="3/27/2026",
="800001813",="Present",="3/27/2026",
="800001845",="Present",="3/27/2026",
="800001955",="Present",="3/27/2026",
="800001986",="Tardy/Late",="3/27/2026",
="800002008",="Present",="3/27/2026",
="800002026",="Present",="3/27/2026",
="800002029",="Present",="3/27/2026",
="800002044",="Present",="3/27/2026",
="800002049",="Present",="3/27/2026",
="800002064",="Present",="3/27/2026",
="800001846",="Present",="3/24/2026",
="800001852",="Present",="3/24/2026",
="800001864",="Present",="3/24/2026",
="800001867",="Absent",="3/24/2026",
="800001908",="Present",="3/24/2026",
="800001934",="Present",="3/24/2026",
="800001689",="Present",="3/29/2026",
="800001739",="Present",="3/29/2026",
="800001740",="Present",="3/29/2026",
="800001751",="Present",="3/29/2026",
="800001757",="Present",="3/29/2026",
="800001778",="Present",="3/29/2026",
="800001793",="Present",="3/29/2026",
="800001821",="Present",="3/29/2026",
="800001917",="Present",="3/29/2026",
="800001591",="Present",="3/27/2026",
="800001613",="Present",="3/27/2026",
="800001963",="Present",="3/27/2026",
="800000927",="Present",="3/27/2026",
="800001031",="Absent",="3/27/2026",
="800001094",="Present",="3/27/2026",
="800001368",="Present",="3/27/2026",
="800001415",="Present",="3/27/2026",
="800001445",="Present",="3/27/2026",
="800001529",="Present",="3/27/2026",
="800001673",="Present",="3/27/2026",
="800001701",="Absent",="3/27/2026",
="800000289",="Present",="3/29/2026",
="800000461",="Present",="3/29/2026",
="800001613",="Present",="3/29/2026",
="800000754",="Present",="3/29/2026",
="800000941",="Absent",="3/29/2026",
="800001292",="Present",="3/29/2026",
="800001368",="Present",="3/29/2026",
="800001410",="Present",="3/29/2026",
="800001468",="Present",="3/29/2026",
="800001502",="Present",="3/29/2026",
="800001838",="Absent",="3/29/2026",
="800001679",="Absent",="3/27/2026",
="800001830",="Present",="3/27/2026",
="800001902",="Present",="3/27/2026",
="800001998",="Present",="3/27/2026",
="800002005",="Present",="3/27/2026",
="770000409",="Present",="3/29/2026",
="800001415",="Present",="3/29/2026",
="800001445",="Present",="3/29/2026",
="800001562",="Present",="3/29/2026",
="800001657",="Present",="3/29/2026",
="800001681",="Present",="3/29/2026",
="800001701",="Present",="3/29/2026",
="800000722",="Present",="3/28/2026",
="800001591",="Present",="3/28/2026",
="800001613",="Present",="3/28/2026",
="800001963",="Present",="3/28/2026",
="800001197",="Present",="3/29/2026",
="800001439",="Present",="3/29/2026",
="800001553",="Present",="3/29/2026",
="800001649",="Present",="3/29/2026",
="800001650",="Absent",="3/29/2026",
="800001723",="Present",="3/29/2026",
="800001735",="Present",="3/29/2026",
="800001840",="Present",="3/29/2026",
="800001841",="Present",="3/29/2026",
="800001842",="Present",="3/29/2026",
="800001846",="Present",="3/29/2026",
="800001850",="Present",="3/29/2026",
="800001852",="Present",="3/29/2026",
="800001856",="Present",="3/29/2026",
="800001860",="Present",="3/29/2026",
="800001874",="Present",="3/29/2026",
="800001888",="Present",="3/29/2026",
="800001921",="Absent",="3/29/2026",
="800001922",="Present",="3/29/2026",
="800001924",="Present",="3/29/2026",
="800001925",="Present",="3/29/2026",
="800001928",="Present",="3/29/2026",
="800001939",="Present",="3/29/2026",
="800001954",="Present",="3/29/2026",
="770000737",="Present",="3/28/2026",
="800001572",="Present",="3/28/2026",
="800001829",="Present",="3/28/2026",
="800001864",="Present",="3/28/2026",
="800001876",="Absent",="3/28/2026",
="800001878",="Present",="3/28/2026",
="800001905",="Present",="3/28/2026",
="800001908",="Present",="3/28/2026",
="800001909",="Present",="3/28/2026",
="800001910",="Present",="3/28/2026",
="800001934",="Present",="3/28/2026",
="800002015",="Present",="3/12/2026",
="800001434",="Present",="1/11/2026",
="800001590",="Present",="1/11/2026",
="800001649",="Present",="1/11/2026",
="800001708",="Present",="1/11/2026",
="800001740",="Present",="1/11/2026",
="800001771",="Present",="1/11/2026",
="800001830",="Present",="1/11/2026",
="800001831",="Present",="1/11/2026",
="800001874",="Present",="1/11/2026",
="800001878",="Present",="1/11/2026",
="800001903",="Present",="1/11/2026",
="800001940",="Present",="1/11/2026",
="800001943",="Present",="1/11/2026",
="800001950",="Present",="1/11/2026",
="800001955",="Present",="1/11/2026",
="800001986",="Present",="1/11/2026",
="800001998",="Present",="1/11/2026",
="800002008",="Present",="1/11/2026",
="800002044",="Present",="1/11/2026",
="800002049",="Present",="1/11/2026",
="800001434",="Present",="3/29/2026",
="800001590",="Present",="3/29/2026",
="800001708",="Present",="3/29/2026",
="800001771",="Present",="3/29/2026",
="800001830",="Present",="3/29/2026",
="800001831",="Absent",="3/29/2026",
="800001878",="Present",="3/29/2026",
="800001903",="Present",="3/29/2026",
="800001940",="Absent",="3/29/2026",
="800001943",="Present",="3/29/2026",
="800001950",="Present",="3/29/2026",
="800001955",="Present",="3/29/2026",
="800001986",="Present",="3/29/2026",
="800001998",="Present",="3/29/2026",
="800002008",="Present",="3/29/2026",
="800002044",="Present",="3/29/2026",
="800002049",="Present",="3/29/2026",
="800002005",="Present",="3/19/2026",
="800002015",="Present",="3/19/2026",
="800001846",="Present",="3/26/2026",
="800001902",="Present",="3/26/2026",
="800002005",="Present",="3/26/2026",
="800002015",="Present",="3/26/2026",
="800001529",="Present",="3/29/2026",
="800001607",="Present",="3/29/2026",
="800001846",="Tardy/Late",="3/31/2026",
="800001852",="Present",="3/31/2026",
="800001864",="Present",="3/31/2026",
="800001867",="No class",="3/31/2026",
="800001908",="Present",="3/31/2026",
="800001934",="Absent",="3/31/2026",
="800001845",="Absent",="3/19/2026",
="800000941",="Present",="3/31/2026",
="800001031",="Present",="3/31/2026",
="800001094",="Present",="3/31/2026",
="800001322",="Present",="3/31/2026",
="800001324",="Present",="3/31/2026",
="800001368",="Present",="3/31/2026",
="800001445",="Present",="3/31/2026",
="800001468",="Present",="3/31/2026",
="800001529",="Present",="3/31/2026",
="800001626",="Present",="3/31/2026",
="800001673",="Present",="3/31/2026",
="800001679",="Present",="3/31/2026",
="800002005",="Present",="3/31/2026",
="800001958",="Present",="3/31/2026",
="800001959",="Present",="3/31/2026",
="800001963",="Present",="3/31/2026",
="800000348",="Present",="3/31/2026",
="800001308",="Present",="3/31/2026",
="800001862",="Present",="3/31/2026",
="800001934",="Present",="3/31/2026",
="800001114",="No class",="3/26/2026",
="800001517",="Present",="3/26/2026",
="800001593",="Present",="3/26/2026",
="800001633",="Present",="3/26/2026",
="800001643",="Present",="3/26/2026",
="800001665",="Present",="3/26/2026",
="800001689",="Absent",="3/26/2026",
="800001708",="Present",="3/26/2026",
="800001761",="Present",="3/26/2026",
="800001778",="Absent",="3/26/2026",
="800001789",="Present",="3/26/2026",
="800001798",="Present",="3/26/2026",
="800000754",="Present",="3/25/2026",
="800000941",="Present",="3/25/2026",
="800001031",="Present",="3/25/2026",
="800001368",="Present",="3/25/2026",
="800001502",="Absent",="3/25/2026",
="800001626",="Present",="3/25/2026",
="800001701",="Present",="3/25/2026",
="800000348",="Present",="3/24/2026",
="800001308",="Present",="3/24/2026",
="800001862",="Present",="3/24/2026",
="800001030",="Present",="3/31/2026",
="800001198",="Present",="3/31/2026",
="800001265",="Present",="3/31/2026",
="800001315",="Absent",="3/31/2026",
="800001403",="Present",="3/31/2026",
="800001417",="Present",="3/31/2026",
="800001419",="Absent",="3/31/2026",
="800001427",="Present",="3/31/2026",
="800001459",="Present",="3/31/2026",
="800001528",="Present",="3/31/2026",
="800001530",="Present",="3/31/2026",
="800001534",="Present",="3/31/2026",
="800001587",="Present",="3/31/2026",
="800001668",="Present",="3/31/2026",
="800001849",="Absent",="3/31/2026",
="800001863",="Present",="3/31/2026",
="800001884",="Present",="3/31/2026",
="800001888",="Present",="3/31/2026",
="800001950",="Present",="3/31/2026",
="800001954",="Present",="3/31/2026",
="800001985",="Present",="3/31/2026",
="800002010",="Present",="3/31/2026",
="770000737",="Present",="3/20/2026",
="800001842",="Absent excused",="3/20/2026",
="800001903",="Absent",="3/20/2026",
="800001909",="Present",="3/20/2026",
="800001921",="Present",="3/20/2026",
="800001922",="Present",="3/20/2026",
="800001939",="Present",="3/20/2026",
="800001943",="Present",="3/20/2026",
="800001983",="Absent",="3/20/2026",
="800001987",="Present",="3/20/2026",
="800002023",="Present",="3/20/2026",
="800002044",="Present",="3/20/2026",
="800002062",="Present",="3/20/2026",
="770000737",="No class",="3/27/2026",
="800001842",="No class",="3/27/2026",
="800001845",="No class",="3/27/2026",
="800001903",="No class",="3/27/2026",
="800001909",="No class",="3/27/2026",
="800001921",="No class",="3/27/2026",
="800001922",="No class",="3/27/2026",
="800001939",="No class",="3/27/2026",
="800001943",="No class",="3/27/2026",
="800001955",="No class",="3/27/2026",
="800001983",="No class",="3/27/2026",
="800001986",="No class",="3/27/2026",
="800001987",="No class",="3/27/2026",
="800002008",="No class",="3/27/2026",
="800002023",="No class",="3/27/2026",
="800002026",="No class",="3/27/2026",
="800002044",="No class",="3/27/2026",
="800002049",="No class",="3/27/2026",
="800002062",="No class",="3/27/2026",
="770017870",="Present",="3/30/2026",
="800001094",="Present",="3/30/2026",
="800001268",="Present",="3/30/2026",
="800001529",="Present",="3/30/2026",
="800001548",="Present",="3/30/2026",
="800001562",="Present",="3/30/2026",
="800001673",="Present",="3/30/2026",
="770017870",="Present",="3/31/2026",
="800001268",="Present",="3/31/2026",
="800001548",="Present",="3/31/2026",
="800001562",="Present",="3/31/2026",
="800000927",="Present",="2/24/2026",
="800001410",="Present",="2/24/2026",
="800001548",="Present",="2/24/2026",
="800000927",="Present",="3/24/2026",
="800001410",="Present",="3/24/2026",
="800001548",="Present",="3/24/2026",
="800000952",="Present",="4/1/2026",
="800001197",="Present",="4/1/2026",
="800001439",="Present",="4/1/2026",
="800001689",="Present",="4/1/2026",
="800001735",="Present",="4/1/2026",
="800001821",="Present",="4/1/2026",
="800001829",="Present",="4/1/2026",
="800001840",="Present",="4/1/2026",
="800001841",="Present",="4/1/2026",
="800001850",="Present",="4/1/2026",
="800001856",="Present",="4/1/2026",
="800001860",="Present",="4/1/2026",
="800001876",="Present",="4/1/2026",
="800001924",="Present",="4/1/2026",
="800001925",="Present",="4/1/2026",
="800001689",="Present",="4/2/2026",
="800001739",="Present",="4/2/2026",
="800001740",="Present",="4/2/2026",
="800001751",="Present",="4/2/2026",
="800001757",="Present",="4/2/2026",
="800001778",="Present",="4/2/2026",
="800001793",="Present",="4/2/2026",
="800001821",="Present",="4/2/2026",
="800001917",="Present",="4/2/2026",
="800001831",="Absent",="4/1/2026",
="800001846",="Present",="4/1/2026",
="800001849",="Absent",="4/1/2026",
="800001863",="Present",="4/1/2026",
="800001985",="Present",="4/1/2026",
="800002001",="Absent",="4/1/2026",
="800002011",="Present",="4/1/2026",
="800002015",="Present",="4/1/2026",
="800002017",="Present",="4/1/2026",
="800002018",="Present",="4/1/2026",
="800002020",="Present",="4/1/2026",
="800002021",="Present",="4/1/2026",
="800002026",="Present",="4/1/2026",
="800002036",="Present",="4/1/2026",
="800002042",="Present",="4/1/2026",
="800002053",="Present",="4/1/2026",
="800002059",="Present",="4/1/2026",
="800001623",="No class",="1/27/2026",
="800001849",="No class",="1/27/2026",
="800001863",="No class",="1/27/2026",
="800001888",="No class",="1/27/2026",
="800001950",="No class",="1/27/2026",
="800001985",="No class",="1/27/2026",
="800002001",="No class",="1/27/2026",
="800002010",="No class",="1/27/2026",
="800002011",="No class",="1/27/2026",
="800002017",="No class",="1/27/2026",
="800002018",="No class",="1/27/2026",
="800002020",="No class",="1/27/2026",
="800002021",="No class",="1/27/2026",
="800002035",="No class",="1/27/2026",
="800002036",="No class",="1/27/2026",
="800002053",="No class",="1/27/2026",
="800001884",="No class",="1/27/2026",
="800001954",="No class",="1/27/2026",
="800002029",="No class",="1/27/2026",
="800002042",="No class",="1/27/2026",
="800002051",="No class",="1/27/2026",
="800002059",="No class",="1/27/2026",
="800001623",="Present",="3/31/2026",
="800001849",="Present",="3/31/2026",
="800002001",="Present",="3/31/2026",
="800002011",="Present",="3/31/2026",
="800002017",="Present",="3/31/2026",
="800002018",="Present",="3/31/2026",
="800002020",="Present",="3/31/2026",
="800002021",="Present",="3/31/2026",
="800002035",="Present",="3/31/2026",
="800002036",="Present",="3/31/2026",
="800002053",="Present",="3/31/2026",
="800002029",="Present",="3/31/2026",
="800002042",="Present",="3/31/2026",
="800002051",="Present",="3/31/2026",
="800002059",="Present",="3/31/2026",
="800001863",="Present",="4/2/2026",
="800001950",="Present",="4/2/2026",
="800001958",="Present",="4/2/2026",
="800001959",="Present",="4/2/2026",
="800001963",="Present",="4/2/2026",
="800001983",="Present",="4/2/2026",
="800001985",="Present",="4/2/2026",
="800001987",="Present",="4/2/2026",
="800002001",="Absent",="4/2/2026",
="800002010",="Present",="4/2/2026",
="800002011",="Present",="4/2/2026",
="800002017",="Present",="4/2/2026",
="800002018",="Present",="4/2/2026",
="800002020",="Present",="4/2/2026",
="800002021",="Present",="4/2/2026",
="800002035",="Present",="4/2/2026",
="800002036",="Present",="4/2/2026",
="800002042",="Present",="4/2/2026",
="800002052",="Absent",="4/2/2026",
="800002053",="Present",="4/2/2026",
="800002059",="Present",="4/2/2026",
="800002062",="Absent",="4/2/2026",
="800002066",="Absent",="4/2/2026",
="800001204",="No class",="4/3/2026",
="800001498",="No class",="4/3/2026",
="800001505",="No class",="4/3/2026",
="800001532",="No class",="4/3/2026",
="800001533",="No class",="4/3/2026",
="800001553",="No class",="4/3/2026",
="800001557",="No class",="4/3/2026",
="800001593",="No class",="4/3/2026",
="800001598",="No class",="4/3/2026",
="800001605",="No class",="4/3/2026",
="800001655",="No class",="4/3/2026",
="800001681",="No class",="4/3/2026",
="800001688",="No class",="4/3/2026",
="800001697",="No class",="4/3/2026",
="800001711",="No class",="4/3/2026",
="800001712",="No class",="4/3/2026",
="800001740",="No class",="4/3/2026",
="800001751",="No class",="4/3/2026",
="800001757",="No class",="4/3/2026",
="800001789",="No class",="4/3/2026",
="800001793",="No class",="4/3/2026",
="800001803",="No class",="4/3/2026",
="800001813",="No class",="4/3/2026",
="770000323",="No class",="4/3/2026",
="770000409",="No class",="4/3/2026",
="800000934",="No class",="4/3/2026",
="800001142",="No class",="4/3/2026",
="800001196",="No class",="4/3/2026",
="800001292",="No class",="4/3/2026",
="800001318",="No class",="4/3/2026",
="800001410",="No class",="4/3/2026",
="800001679",="No class",="4/3/2026",
="800000774",="No class",="4/3/2026",
="800001548",="No class",="4/2/2026",
="800001434",="Present",="4/1/2026",
="800001553",="Present",="4/1/2026",
="800001563",="Present",="4/1/2026",
="800001665",="Present",="4/1/2026",
="800001695",="Present",="4/1/2026",
="800001697",="Present",="4/1/2026",
="800001710",="Present",="4/1/2026",
="800001712",="Present",="4/1/2026",
="800001729",="Present",="4/1/2026",
="800001733",="Present",="4/1/2026",
="800001739",="Present",="4/1/2026",
="800001740",="Present",="4/1/2026",
="800001751",="Present",="4/1/2026",
="800001757",="Present",="4/1/2026",
="800001769",="Present",="4/1/2026",
="800001775",="Present",="4/1/2026",
="800001778",="Present",="4/1/2026",
="800001793",="Present",="4/1/2026",
="800001798",="Present",="4/1/2026",
="800001803",="Present",="4/1/2026",
="800001813",="Present",="4/1/2026",
="800001815",="Present",="4/1/2026",
="800001867",="Present",="4/1/2026",
="800001330",="Present",="4/1/2026",
="800001443",="Present",="4/1/2026",
="800001625",="Present",="4/1/2026",
="800001633",="Present",="4/1/2026",
="800001644",="Present",="4/1/2026",
="800001655",="Present",="4/1/2026",
="800001708",="Present",="4/1/2026",
="800001711",="Present",="4/1/2026",
="800001714",="Present",="4/1/2026",
="800001789",="Present",="4/1/2026",
="800001892",="Present",="4/1/2026",
="800001917",="Present",="4/1/2026",
="800001928",="Present",="4/1/2026",
="800001940",="Present",="4/1/2026",
="770017870",="Present",="4/1/2026",
="800001094",="Present",="4/1/2026",
="800001268",="Present",="4/1/2026",
="800001529",="Present",="4/1/2026",
="800001548",="Present",="4/1/2026",
="800001562",="Present",="4/1/2026",
="800001673",="Present",="4/1/2026",
="800001517",="Present",="3/30/2026",
="800001553",="Present",="3/30/2026",
="800001563",="Present",="3/30/2026",
="800001665",="Present",="3/30/2026",
="800001689",="Present",="3/30/2026",
="800001695",="Present",="3/30/2026",
="800001697",="Present",="3/30/2026",
="800001710",="Present",="3/30/2026",
="800001712",="Present",="3/30/2026",
="800001724",="Present",="3/30/2026",
="800001729",="Present",="3/30/2026",
="800001733",="Present",="3/30/2026",
="800001735",="Present",="3/30/2026",
="800001740",="Present",="3/30/2026",
="800001751",="Present",="3/30/2026",
="800001761",="Present",="3/30/2026",
="800001769",="Present",="3/30/2026",
="800001775",="Present",="3/30/2026",
="800001778",="Present",="3/30/2026",
="800001793",="Present",="3/30/2026",
="800001798",="Present",="3/30/2026",
="800001803",="Present",="3/30/2026",
="800001813",="Present",="3/30/2026",
="800001821",="Present",="3/30/2026",
="800001841",="Present",="3/30/2026",
="800001867",="Present",="3/30/2026",
="800000952",="Present",="3/30/2026",
="800001330",="Present",="3/30/2026",
="800001625",="Present",="3/30/2026",
="800001711",="Present",="3/30/2026",
="800001712",="Absent",="3/30/2026",
="800001443",="Present",="3/30/2026",
="800001633",="Present",="3/30/2026",
="800001644",="Present",="3/30/2026",
="800001655",="Present",="3/30/2026",
="800001708",="Present",="3/30/2026",
="800001714",="Present",="3/30/2026",
="800001789",="Present",="3/30/2026",
="800001892",="Present",="3/30/2026",
="800001917",="Present",="3/30/2026",
="800001924",="Present",="3/30/2026",
="800001925",="Present",="3/30/2026",
="800001928",="Present",="3/30/2026",
="800001940",="Present",="3/30/2026",
="800001517",="Present",="3/23/2026",
="800001553",="Present",="3/23/2026",
="800001563",="Present",="3/23/2026",
="800001665",="Present",="3/23/2026",
="800001689",="Present",="3/23/2026",
="800001695",="Present",="3/23/2026",
="800001697",="Present",="3/23/2026",
="800001710",="Present",="3/23/2026",
="800001712",="Present",="3/23/2026",
="800001724",="Present",="3/23/2026",
="800001729",="Present",="3/23/2026",
="800001733",="Present",="3/23/2026",
="800001735",="Present",="3/23/2026",
="800001740",="Present",="3/23/2026",
="800001751",="Present",="3/23/2026",
="800001761",="Present",="3/23/2026",
="800001769",="Present",="3/23/2026",
="800001775",="Present",="3/23/2026",
="800001778",="Present",="3/23/2026",
="800001793",="Present",="3/23/2026",
="800001798",="Present",="3/23/2026",
="800001803",="Present",="3/23/2026",
="800001813",="Present",="3/23/2026",
="800001821",="Present",="3/23/2026",
="800001841",="Present",="3/23/2026",
="800001867",="Present",="3/23/2026",
="800000952",="Present",="3/23/2026",
="800001443",="Present",="3/23/2026",
="800001625",="Present",="3/23/2026",
="800001633",="Present",="3/23/2026",
="800001644",="Present",="3/23/2026",
="800001655",="Present",="3/23/2026",
="800001708",="Present",="3/23/2026",
="800001711",="Present",="3/23/2026",
="800001714",="Present",="3/23/2026",
="800001789",="Present",="3/23/2026",
="800001892",="Present",="3/23/2026",
="800001917",="Present",="3/23/2026",
="800001924",="Present",="3/23/2026",
="800001925",="Present",="3/23/2026",
="800001928",="Present",="3/23/2026",
="800001940",="Present",="3/23/2026",
="800001434",="Present",="3/24/2026",
="800001553",="Present",="3/24/2026",
="800001563",="Present",="3/24/2026",
="800001665",="Present",="3/24/2026",
="800001695",="Present",="3/24/2026",
="800001697",="Present",="3/24/2026",
="800001710",="Present",="3/24/2026",
="800001712",="Present",="3/24/2026",
="800001729",="Present",="3/24/2026",
="800001733",="Present",="3/24/2026",
="800001739",="Present",="3/24/2026",
="800001740",="Present",="3/24/2026",
="800001751",="Present",="3/24/2026",
="800001757",="Present",="3/24/2026",
="800001769",="Present",="3/24/2026",
="800001775",="Present",="3/24/2026",
="800001778",="Present",="3/24/2026",
="800001793",="Present",="3/24/2026",
="800001798",="Present",="3/24/2026",
="800001803",="Present",="3/24/2026",
="800001813",="Present",="3/24/2026",
="800001815",="Present",="3/24/2026",
="800001867",="Present",="3/24/2026",
="800000952",="Present",="3/24/2026",
="800001443",="Present",="3/24/2026",
="800001517",="Present",="3/24/2026",
="800001625",="Present",="3/24/2026",
="800001633",="Present",="3/24/2026",
="800001644",="Present",="3/24/2026",
="800001655",="Present",="3/24/2026",
="800001689",="Present",="3/24/2026",
="800001708",="Present",="3/24/2026",
="800001711",="Present",="3/24/2026",
="800001714",="Present",="3/24/2026",
="800001724",="Present",="3/24/2026",
="800001735",="Present",="3/24/2026",
="800001761",="Present",="3/24/2026",
="800001789",="Present",="3/24/2026",
="800001821",="Present",="3/24/2026",
="800001841",="Present",="3/24/2026",
="800001892",="Present",="3/24/2026",
="800001917",="Present",="3/24/2026",
="800001924",="Present",="3/24/2026",
="800001925",="Present",="3/24/2026",
="800001928",="Present",="3/24/2026",
="800001940",="Present",="3/24/2026",
="800001434",="Present",="3/25/2026",
="800001553",="Present",="3/25/2026",
="800001563",="Present",="3/25/2026",
="800001665",="Present",="3/25/2026",
="800001695",="Present",="3/25/2026",
="800001697",="Present",="3/25/2026",
="800001710",="Present",="3/25/2026",
="800001712",="Present",="3/25/2026",
="800001729",="Present",="3/25/2026",
="800001733",="Present",="3/25/2026",
="800001739",="Present",="3/25/2026",
="800001740",="Present",="3/25/2026",
="800001751",="Present",="3/25/2026",
="800001769",="Present",="3/25/2026",
="800001775",="Present",="3/25/2026",
="800001778",="Present",="3/25/2026",
="800001793",="Present",="3/25/2026",
="800001798",="Present",="3/25/2026",
="800001803",="Present",="3/25/2026",
="800001813",="Present",="3/25/2026",
="800001815",="Present",="3/25/2026",
="800001867",="Present",="3/25/2026",
="800000952",="Present",="3/25/2026",
="800001330",="Present",="3/25/2026",
="800001443",="Present",="3/25/2026",
="800001625",="Present",="3/25/2026",
="800001633",="Present",="3/25/2026",
="800001644",="Present",="3/25/2026",
="800001655",="Present",="3/25/2026",
="800001708",="Present",="3/25/2026",
="800001711",="Present",="3/25/2026",
="800001714",="Present",="3/25/2026",
="800001789",="Present",="3/25/2026",
="800001892",="Present",="3/25/2026",
="800001917",="Present",="3/25/2026",
="800001928",="Present",="3/25/2026",
="800001940",="Present",="3/25/2026",
="770017870",="Present",="3/25/2026",
="800001094",="Present",="3/25/2026",
="800001268",="Present",="3/25/2026",
="800001529",="Present",="3/25/2026",
="800001548",="Present",="3/25/2026",
="800001562",="Present",="3/25/2026",
="800001673",="Present",="3/25/2026",
="800001197",="Absent",="4/2/2026",
="800001644",="Present",="4/2/2026",
="800001655",="Present",="4/2/2026",
="800001708",="Absent",="4/2/2026",
="800001710",="Present",="4/2/2026",
="800001735",="Present",="4/2/2026",
="800001761",="Present",="4/2/2026",
="800001769",="Present",="4/2/2026",
="800001789",="Present",="4/2/2026",
="800001803",="Present",="4/2/2026",
="800001197",="Absent",="3/29/2026",
="800001644",="Present",="3/29/2026",
="800001655",="Present",="3/29/2026",
="800001708",="Absent",="3/29/2026",
="800001710",="Present",="3/29/2026",
="800001761",="Present",="3/29/2026",
="800001769",="Present",="3/29/2026",
="800001789",="Present",="3/29/2026",
="800001803",="Present",="3/29/2026",
="770062103",="No class",="1/7/2026",
="800000754",="No class",="1/7/2026",
="800000941",="No class",="1/7/2026",
="800001031",="No class",="1/7/2026",
="800001368",="No class",="1/7/2026",
="800001502",="No class",="1/7/2026",
="800001508",="No class",="1/7/2026",
="800001626",="No class",="1/7/2026",
="800001657",="No class",="1/7/2026",
="800001701",="No class",="1/7/2026",
="800001031",="Present",="1/14/2026",
="800001701",="Present",="1/14/2026",
="770062103",="No class",="1/14/2026",
="800000754",="No class",="1/14/2026",
="800000941",="No class",="1/14/2026",
="800001031",="No class",="1/14/2026",
="800001368",="No class",="1/14/2026",
="800001502",="No class",="1/14/2026",
="800001508",="No class",="1/14/2026",
="800001626",="No class",="1/14/2026",
="800001657",="No class",="1/14/2026",
="800001701",="No class",="1/14/2026",
="770062103",="No class",="1/21/2026",
="800000754",="No class",="1/21/2026",
="800000941",="No class",="1/21/2026",
="800001031",="No class",="1/21/2026",
="800001368",="No class",="1/21/2026",
="800001502",="No class",="1/21/2026",
="800001508",="No class",="1/21/2026",
="800001626",="No class",="1/21/2026",
="800001657",="No class",="1/21/2026",
="800001701",="No class",="1/21/2026",
="770062103",="No class",="1/28/2026",
="800000754",="No class",="1/28/2026",
="800000941",="No class",="1/28/2026",
="800001031",="No class",="1/28/2026",
="800001368",="No class",="1/28/2026",
="800001502",="No class",="1/28/2026",
="800001508",="No class",="1/28/2026",
="800001626",="No class",="1/28/2026",
="800001657",="No class",="1/28/2026",
="800001701",="No class",="1/28/2026",
="770062103",="Absent",="3/25/2026",
="800000941",="Absent",="3/25/2026",
="800001031",="Absent",="3/25/2026",
="800001626",="Present",="3/11/2026",
="770062103",="Present",="4/1/2026",
="800000754",="Present",="4/1/2026",
="800000941",="Present",="4/1/2026",
="800001031",="Present",="4/1/2026",
="800001368",="Present",="4/1/2026",
="800001502",="Present",="4/1/2026",
="800001508",="Absent",="4/1/2026",
="800001626",="Present",="4/1/2026",
="800001657",="Present",="4/1/2026",
="800001701",="Absent",="4/1/2026",
="800000754",="No class",="4/1/2026",
="800001508",="No class",="4/1/2026",
="800001626",="No class",="4/1/2026",
="800001657",="No class",="4/1/2026",
="800001701",="Present",="4/1/2026",
="800000952",="Present",="4/4/2026",
="800001330",="Absent",="4/4/2026",
="800001625",="Present",="4/4/2026",
="800001697",="Present",="4/4/2026",
="800001711",="Present",="4/4/2026",
="800001712",="Absent",="4/4/2026",
="800001775",="Present",="4/4/2026",
="800001813",="Present",="4/4/2026",
="800001845",="Present",="3/31/2026",
="800001955",="Present",="3/31/2026",
="800001983",="Present",="3/31/2026",
="800001986",="Present",="3/31/2026",
="800001987",="Present",="3/31/2026",
="800002008",="Present",="3/31/2026",
="800002026",="Present",="3/31/2026",
="800002044",="Present",="3/31/2026",
="800002049",="Present",="3/31/2026",
="800002052",="Absent",="3/31/2026",
="800002064",="Present",="3/31/2026",
="800001845",="Absent",="4/1/2026",
="800001955",="Present",="4/1/2026",
="800001963",="Present",="4/1/2026",
="800001983",="Present",="4/1/2026",
="800001986",="Present",="4/1/2026",
="800001987",="Present",="4/1/2026",
="800002008",="Present",="4/1/2026",
="800002029",="Present",="4/1/2026",
="800002044",="Present",="4/1/2026",
="800002049",="Present",="4/1/2026",
="800002052",="Absent",="4/1/2026",
="800002064",="Present",="4/1/2026",
="800001950",="Present",="4/1/2026",
="800001958",="Present",="4/1/2026",
="800001959",="Present",="4/1/2026",
="800002010",="Present",="4/1/2026",
="800002035",="Present",="4/1/2026",
="800002062",="Present",="4/1/2026",
="800002066",="Absent",="4/1/2026",
="800001863",="Present",="3/30/2026",
="800001950",="Present",="3/30/2026",
="800001958",="Present",="3/30/2026",
="800001959",="Present",="3/30/2026",
="800001985",="Present",="3/30/2026",
="800002001",="Absent",="3/30/2026",
="800002010",="Present",="3/30/2026",
="800002011",="Present",="3/30/2026",
="800002017",="Present",="3/30/2026",
="800002018",="Present",="3/30/2026",
="800002020",="Present",="3/30/2026",
="800002021",="Present",="3/30/2026",
="800002035",="Present",="3/30/2026",
="800002036",="Present",="3/30/2026",
="800002053",="Present",="3/30/2026",
="800002059",="Present",="3/30/2026",
="800002062",="Present",="3/30/2026",
="800002066",="Present",="3/30/2026",
="800001308",="Present",="3/5/2026",
="800001484",="Absent",="3/5/2026",
="800001543",="Present",="3/5/2026",
="800001572",="Present",="3/5/2026",
="800001590",="Present",="3/5/2026",
="800001623",="Present",="3/5/2026",
="800001634",="Present",="3/5/2026",
="800001739",="Absent",="3/5/2026",
="800001775",="Present",="3/5/2026",
="800001852",="Present",="3/5/2026",
="800001862",="Present",="3/5/2026",
="800001867",="Present",="3/5/2026",
="800001892",="Present",="3/5/2026",
="800001908",="Present",="3/5/2026",
="800001934",="Present",="3/5/2026",
="800000754",="Present",="4/5/2026",
="800000941",="Present",="4/5/2026",
="800001292",="Present",="4/5/2026",
="800001368",="Present",="4/5/2026",
="800001410",="Present",="4/5/2026",
="800001468",="Absent",="4/5/2026",
="800001502",="Present",="4/5/2026",
="800000289",="Present",="4/5/2026",
="800000461",="Present",="4/5/2026",
="800001613",="Present",="4/5/2026",
="800001114",="Present",="4/3/2026",
="800001517",="Present",="4/3/2026",
="800001593",="Present",="4/3/2026",
="800001633",="Present",="4/3/2026",
="800001643",="Present",="4/3/2026",
="800001114",="Present",="4/4/2026",
="800001517",="Present",="4/4/2026",
="800001593",="Present",="4/4/2026",
="800001633",="Absent",="4/4/2026",
="800001643",="Present",="4/4/2026",
="800001665",="Absent",="4/4/2026",
="800001689",="Present",="4/4/2026",
="800001845",="Present",="4/2/2026",
="800001864",="Present",="4/2/2026",
="800001888",="Present",="4/2/2026",
="800001955",="Present",="4/2/2026",
="800001986",="Present",="4/2/2026",
="800001998",="Present",="4/2/2026",
="800002008",="Present",="4/2/2026",
="800002023",="Present",="4/2/2026",
="800002026",="Present",="4/2/2026",
="800002029",="Present",="4/2/2026",
="800002049",="Present",="4/2/2026",
="800002062",="Present",="4/2/2026",
="800002064",="Present",="4/2/2026",
="800001846",="Present",="4/2/2026",
="800001902",="Present",="4/2/2026",
="800002005",="Present",="4/2/2026",
="800002015",="Absent",="4/2/2026",
="800001513",="Present",="4/2/2026",
="800001591",="Present",="4/2/2026",
="800001322",="Present",="4/1/2026",
="800001324",="Present",="4/1/2026",
="800001902",="Present",="4/1/2026",
="800002005",="Absent",="4/1/2026",
="800001508",="Present",="4/1/2026",
="800002005",="Present",="4/1/2026",
="800001831",="Present",="3/31/2026",
="800001850",="Present",="3/31/2026",
="800001860",="Present",="3/31/2026",
="800001874",="Present",="3/31/2026",
="800001939",="Present",="3/31/2026",
="800002001",="Absent",="3/31/2026",
="800002015",="Present",="3/31/2026",
="800001679",="Present",="4/3/2026",
="800001830",="Present",="4/3/2026",
="800001902",="Present",="4/3/2026",
="800001998",="Present",="4/3/2026",
="800002005",="Present",="4/3/2026",
="800002029",="Present",="4/3/2026",
="800000722",="Present",="4/4/2026",
="800001591",="Present",="4/4/2026",
="800001613",="Present",="4/4/2026",
="800001963",="Present",="4/4/2026",
="770000409",="Present",="4/5/2026",
="800001415",="Present",="4/5/2026",
="800001445",="Present",="4/5/2026",
="800001468",="Present",="4/5/2026",
="800001562",="Present",="4/5/2026",
="800001657",="Present",="4/5/2026",
="800001681",="Present",="4/5/2026",
="800001701",="Present",="4/5/2026",
="800001197",="Present",="4/5/2026",
="800001439",="Present",="4/5/2026",
="800001553",="Present",="4/5/2026",
="800001649",="Present",="4/5/2026",
="800001650",="Present",="4/5/2026",
="800001723",="Present",="4/5/2026",
="800001735",="Present",="4/5/2026",
="800001840",="Present",="4/5/2026",
="800001841",="Present",="4/5/2026",
="800001842",="Present",="4/5/2026",
="800001846",="Present",="4/5/2026",
="800001850",="Present",="4/5/2026",
="800001852",="Present",="4/5/2026",
="800001856",="Present",="4/5/2026",
="800001860",="Present",="4/5/2026",
="800001874",="Present",="4/5/2026",
="800001888",="Present",="4/5/2026",
="800001917",="Present",="4/5/2026",
="800001921",="Present",="4/5/2026",
="800001922",="Present",="4/5/2026",
="800001924",="Present",="4/5/2026",
="800001925",="Present",="4/5/2026",
="800001928",="Absent",="4/5/2026",
="800001939",="Present",="4/5/2026",
="800001954",="Present",="4/5/2026",
="770000737",="Present",="4/4/2026",
="800001572",="Present",="4/4/2026",
="800001829",="Present",="4/4/2026",
="800001864",="Absent",="4/4/2026",
="800001876",="Present",="4/4/2026",
="800001878",="Present",="4/4/2026",
="800001905",="Present",="4/4/2026",
="800001908",="Absent",="4/4/2026",
="800001909",="Present",="4/4/2026",
="800001910",="Present",="4/4/2026",
="800001934",="Present",="4/4/2026",
="800000428",="Present",="4/1/2026",
="800000461",="Present",="4/1/2026",
="800000625",="Present",="4/1/2026",
="800000774",="Present",="4/1/2026",
="800001434",="Present",="4/5/2026",
="800001590",="Present",="4/5/2026",
="800001708",="Present",="4/5/2026",
="800001740",="Present",="4/5/2026",
="800001771",="Present",="4/5/2026",
="800001830",="Present",="4/5/2026",
="800001831",="Absent",="4/5/2026",
="800001878",="Present",="4/5/2026",
="800001903",="Present",="4/5/2026",
="800001940",="Absent",="4/5/2026",
="800001943",="Present",="4/5/2026",
="800001950",="Present",="4/5/2026",
="800001955",="Present",="4/5/2026",
="800001986",="Present",="4/5/2026",
="800001998",="Present",="4/5/2026",
="800002008",="Present",="4/5/2026",
="800002044",="Present",="4/5/2026",
="800002049",="Present",="4/5/2026",
="800001445",="Absent",="4/5/2026",
="800001529",="Present",="4/5/2026",
="800001607",="Present",="4/5/2026",
="800001701",="Absent",="4/5/2026",
="770000323",="Present",="2/19/2026",
="770000409",="Present",="2/19/2026",
="800000927",="Present",="2/19/2026",
="800000934",="Present",="2/19/2026",
="800001142",="Present",="2/19/2026",
="800001292",="Present",="2/19/2026",
="800001318",="Present",="2/19/2026",
="800001410",="Present",="2/19/2026",
="770000323",="Present",="2/26/2026",
="770000409",="Present",="2/26/2026",
="800000927",="Present",="2/26/2026",
="800000934",="Present",="2/26/2026",
="800001142",="Present",="2/26/2026",
="800001292",="Present",="2/26/2026",
="800001318",="Present",="2/26/2026",
="800001410",="Present",="2/26/2026",
="800001553",="Present",="4/2/2026",
="800001517",="Present",="4/6/2026",
="800001553",="Present",="4/6/2026",
="800001563",="Present",="4/6/2026",
="800001665",="Present",="4/6/2026",
="800001689",="Present",="4/6/2026",
="800001695",="Present",="4/6/2026",
="800001697",="Present",="4/6/2026",
="800001710",="Present",="4/6/2026",
="800001712",="Present",="4/6/2026",
="800001724",="Present",="4/6/2026",
="800001729",="Present",="4/6/2026",
="800001733",="Present",="4/6/2026",
="800001735",="Present",="4/6/2026",
="800001740",="Present",="4/6/2026",
="800001751",="Present",="4/6/2026",
="800001761",="Present",="4/6/2026",
="800001769",="Present",="4/6/2026",
="800001775",="Present",="4/6/2026",
="800001778",="Present",="4/6/2026",
="800001793",="Present",="4/6/2026",
="800001798",="Present",="4/6/2026",
="800001803",="Present",="4/6/2026",
="800001813",="Present",="4/6/2026",
="800001821",="Present",="4/6/2026",
="800001841",="Present",="4/6/2026",
="800001867",="Present",="4/6/2026",
="770062103",="Present",="3/30/2026",
="800000754",="Present",="3/30/2026",
="800001701",="Present",="3/30/2026",
="800001992",="Absent",="3/30/2026",
="800001502",="Present",="3/31/2026",
="800001508",="Present",="3/31/2026",
="800001657",="Present",="3/31/2026",
="770000737",="Present",="4/1/2026",
="800001649",="Present",="4/1/2026",
="800001842",="Present",="4/1/2026",
="800001874",="Present",="4/1/2026",
="800001903",="Present",="4/1/2026",
="800001909",="Present",="4/1/2026",
="800001922",="Present",="4/1/2026",
="800001939",="Present",="4/1/2026",
="800001943",="Present",="4/1/2026",
="770062103",="Present",="4/6/2026",
="800000754",="Present",="4/6/2026",
="800001701",="Present",="4/6/2026",
="800001502",="Present",="4/7/2026",
="800001508",="Present",="4/7/2026",
="800001626",="Present",="4/7/2026",
="800001657",="Present",="4/7/2026",
="800001030",="Present",="4/7/2026",
="800001198",="Present",="4/7/2026",
="800001265",="Present",="4/7/2026",
="800001315",="Absent",="4/7/2026",
="800001403",="Present",="4/7/2026",
="800001417",="Present",="4/7/2026",
="800001419",="Present",="4/7/2026",
="800001427",="Present",="4/7/2026",
="800001459",="Present",="4/7/2026",
="800001528",="Present",="4/7/2026",
="800001530",="Present",="4/7/2026",
="800001534",="Present",="4/7/2026",
="800001587",="Present",="4/7/2026",
="800001668",="Present",="4/7/2026",
="800001591",="Present",="4/3/2026",
="800001613",="Present",="4/3/2026",
="800001963",="Present",="4/3/2026",
="770000409",="Present",="4/3/2026",
="800000927",="Present",="4/3/2026",
="800001031",="Present",="4/3/2026",
="800001094",="Present",="4/3/2026",
="800001368",="Present",="4/3/2026",
="800001415",="Present",="4/3/2026",
="800001445",="Present",="4/3/2026",
="800001529",="Present",="4/3/2026",
="800001673",="Present",="4/3/2026",
="800001701",="Present",="4/3/2026",
="800000941",="Present",="4/7/2026",
="800001031",="Present",="4/7/2026",
="800001094",="Present",="4/7/2026",
="800001322",="Present",="4/7/2026",
="800001324",="Present",="4/7/2026",
="800001368",="Present",="4/7/2026",
="800001445",="Present",="4/7/2026",
="800001468",="Present",="4/7/2026",
="800001529",="Present",="4/7/2026",
="800001673",="Present",="4/7/2026",
="800001679",="Present",="4/7/2026",
="800002005",="Present",="4/7/2026",
="800001958",="Present",="4/7/2026",
="800001959",="Present",="4/7/2026",
="800001963",="Present",="4/7/2026",
="800001434",="Present",="4/6/2026",
="800001924",="Present",="4/6/2026",
="800001925",="Present",="4/6/2026",
="800001928",="Present",="4/6/2026",
="800001940",="Present",="4/6/2026",
="800001434",="Present",="4/7/2026",
="800001517",="Present",="4/7/2026",
="800001563",="Present",="4/7/2026",
="800001695",="Present",="4/7/2026",
="800001798",="Present",="4/7/2026",
="800001841",="Present",="4/7/2026",
="800001924",="Present",="4/7/2026",
="800001925",="Present",="4/7/2026",
="800001928",="Present",="4/7/2026",
="800001940",="Present",="4/7/2026",
="770062103",="Present",="4/8/2026",
="800000754",="Present",="4/8/2026",
="800000941",="Present",="4/8/2026",
="800001031",="Present",="4/8/2026",
="800001368",="Present",="4/8/2026",
="800001502",="Present",="4/8/2026",
="800001508",="Present",="4/8/2026",
="800001626",="Present",="4/8/2026",
="800001657",="Present",="4/8/2026",
="800001701",="Present",="4/8/2026",
="800001849",="Absent",="4/7/2026",
="800001863",="Present",="4/7/2026",
="800001884",="Present",="4/7/2026",
="800001888",="Present",="4/7/2026",
="800001950",="Present",="4/7/2026",
="800001954",="Present",="4/7/2026",
="800001985",="Present",="4/7/2026",
="800002010",="Present",="4/7/2026",
="770000737",="Present",="4/8/2026",
="800001649",="Present",="4/8/2026",
="800001757",="Absent",="4/8/2026",
="800001842",="Present",="4/8/2026",
="800001874",="Present",="4/8/2026",
="800001903",="Present",="4/8/2026",
="800001909",="Present",="4/8/2026",
="800001922",="Present",="4/8/2026",
="800001939",="Present",="4/8/2026",
="800001943",="Present",="4/8/2026",
="800001689",="Present",="4/9/2026",
="800001739",="Present",="4/9/2026",
="800001740",="Present",="4/9/2026",
="800001751",="Present",="4/9/2026",
="800001757",="Present",="4/9/2026",
="800001778",="Present",="4/9/2026",
="800001793",="Present",="4/9/2026",
="800001821",="Present",="4/9/2026",
="800001917",="Present",="4/9/2026",
="800001831",="Absent",="4/8/2026",
="800001846",="Present",="4/8/2026",
="800001849",="Absent",="4/8/2026",
="800001863",="Present",="4/8/2026",
="800001985",="Present",="4/8/2026",
="800002001",="Absent",="4/8/2026",
="800002011",="Present",="4/8/2026",
="800002015",="Absent",="4/8/2026",
="800002017",="Present",="4/8/2026",
="800002018",="Present",="4/8/2026",
="800002020",="Present",="4/8/2026",
="800002021",="Present",="4/8/2026",
="800002026",="Present",="4/8/2026",
="800002036",="Present",="4/8/2026",
="800002042",="Present",="4/8/2026",
="800002053",="Present",="4/8/2026",
="800002059",="Present",="4/8/2026",
="800001513",="Present",="4/9/2026",
="800001591",="Present",="4/9/2026",
="800001443",="Present",="4/3/2026",
="800001553",="Absent",="4/3/2026",
="800001665",="Present",="4/3/2026",
="800001714",="Present",="4/3/2026",
="800001724",="Present",="4/3/2026",
="800001729",="Present",="4/3/2026",
="800001815",="Present",="4/3/2026",
="800001867",="Absent",="4/3/2026",
="800001892",="Present",="4/3/2026",
="800001443",="Present",="4/4/2026",
="800001553",="Absent",="4/4/2026",
="800001633",="Present",="4/4/2026",
="800001665",="Present",="4/4/2026",
="800001714",="Present",="4/4/2026",
="800001724",="Present",="4/4/2026",
="800001729",="Present",="4/4/2026",
="800001815",="Present",="4/4/2026",
="800001867",="Absent",="4/4/2026",
="800001892",="Present",="4/4/2026",
="800001863",="Present",="4/9/2026",
="800001950",="Present",="4/9/2026",
="800001958",="Present",="4/9/2026",
="800001959",="Present",="4/9/2026",
="800001963",="Present",="4/9/2026",
="800001983",="Absent",="4/9/2026",
="800001985",="Present",="4/9/2026",
="800001987",="Present",="4/9/2026",
="800002001",="Absent",="4/9/2026",
="800002010",="Present",="4/9/2026",
="800002011",="Present",="4/9/2026",
="800002017",="Present",="4/9/2026",
="800002018",="Present",="4/9/2026",
="800002020",="Present",="4/9/2026",
="800002021",="Present",="4/9/2026",
="800002035",="Present",="4/9/2026",
="800002036",="Present",="4/9/2026",
="800002042",="Present",="4/9/2026",
="800002052",="Absent",="4/9/2026",
="800002053",="Present",="4/9/2026",
="800002059",="Absent",="4/9/2026",
="800002062",="Absent",="4/9/2026",
="800002066",="Absent",="4/9/2026",
="800001114",="Present",="4/2/2026",
="800001308",="Present",="4/2/2026",
="800001484",="Absent",="4/2/2026",
="800001543",="Present",="4/2/2026",
="800001572",="Present",="4/2/2026",
="800001590",="Present",="4/2/2026",
="800001623",="Present",="4/2/2026",
="800001634",="Absent",="4/2/2026",
="800001723",="Present",="4/2/2026",
="800001739",="Absent",="4/2/2026",
="800001775",="Present",="4/2/2026",
="800001802",="Absent",="4/2/2026",
="800001852",="Present",="4/2/2026",
="800001862",="Present",="4/2/2026",
="800001867",="Present",="4/2/2026",
="800001878",="Present",="4/2/2026",
="800001884",="Present",="4/2/2026",
="800001892",="Present",="4/2/2026",
="800001905",="Present",="4/2/2026",
="800001908",="Present",="4/2/2026",
="800001910",="Present",="4/2/2026",
="800001928",="Present",="4/2/2026",
="800001934",="Present",="4/2/2026",
="800001940",="Present",="4/2/2026",
="800001954",="Present",="4/2/2026",
="800000722",="Present",="4/3/2026",
="800001513",="Present",="4/3/2026",
="800000722",="Present",="4/7/2026",
="800001513",="Present",="4/7/2026",
="800000722",="Present",="4/1/2026",
="800001513",="Present",="4/1/2026",
="800001591",="Present",="4/1/2026",
="800000722",="Present",="4/8/2026",
="800001513",="Present",="4/8/2026",
="800001591",="Present",="4/8/2026",
="800000722",="Present",="4/10/2026",
="800001513",="Present",="4/10/2026",
="800001591",="Present",="4/10/2026",
="770062103",="Present",="4/2/2026",
="800000754",="Present",="4/2/2026",
="800001502",="Present",="4/2/2026",
="800001657",="Present",="4/2/2026",
="800001701",="Present",="4/2/2026",
="770062103",="Present",="4/9/2026",
="800000754",="Present",="4/9/2026",
="800001502",="Present",="4/9/2026",
="800001657",="Present",="4/9/2026",
="800001701",="Present",="4/9/2026",
="770000737",="Present",="2/13/2026",
="800001842",="Present",="2/13/2026",
="800001903",="Present",="2/13/2026",
="800001909",="Present",="2/13/2026",
="800001921",="Present",="2/13/2026",
="800001922",="Present",="2/13/2026",
="800001939",="Present",="2/13/2026",
="800001943",="Present",="2/13/2026",
="800001955",="Present",="2/13/2026",
="800001983",="Present",="2/13/2026",
="800001986",="Present",="2/13/2026",
="800001987",="Present",="2/13/2026",
="800002023",="Present",="2/13/2026",
="800002049",="Present",="2/13/2026",
="800002062",="Present",="2/13/2026",
="800002064",="Present",="2/13/2026",
="770000737",="Present",="2/20/2026",
="800001842",="Present",="2/20/2026",
="800001903",="Present",="2/20/2026",
="800001909",="Present",="2/20/2026",
="800001921",="Present",="2/20/2026",
="800001922",="Present",="2/20/2026",
="800001939",="Present",="2/20/2026",
="800001943",="Present",="2/20/2026",
="800001955",="Present",="2/20/2026",
="800001983",="Present",="2/20/2026",
="800001987",="Present",="2/20/2026",
="800002008",="Present",="2/20/2026",
="800002023",="Present",="2/20/2026",
="800002026",="Present",="2/20/2026",
="800002044",="Present",="2/20/2026",
="800002062",="Present",="2/20/2026",
="800001689",="Present",="4/5/2026",
="800001739",="Present",="4/5/2026",
="800001751",="Present",="4/5/2026",
="800001757",="Present",="4/5/2026",
="800001778",="Present",="4/5/2026",
="800001793",="Present",="4/5/2026",
="800001821",="Present",="4/5/2026",
="800000952",="Present",="4/6/2026",
="800001580",="Absent",="4/6/2026",
="800001625",="Present",="4/6/2026",
="800001711",="Present",="4/6/2026",
="800001712",="Absent",="4/6/2026",
="800001943",="Present",="4/4/2026",
="800002008",="Present",="4/4/2026",
="800002053",="Present",="4/4/2026",
="800002059",="Present",="4/4/2026",
="800002062",="Present",="4/4/2026",
="800002064",="Present",="4/4/2026",
="800001983",="Present",="4/4/2026",
="800001986",="Present",="4/4/2026",
="800001987",="Present",="4/4/2026",
="800002023",="Present",="4/4/2026",
="800002026",="Present",="4/4/2026",
="800002029",="Present",="4/4/2026",
="800002049",="Present",="4/4/2026",
="800002051",="Present",="4/4/2026",
="800002064",="No class",="3/27/2026",
="800000722",="Present",="3/27/2026",
="800001513",="Present",="3/27/2026",
="800000722",="No class",="3/27/2026",
="800001513",="No class",="3/27/2026",
="800000952",="Present",="4/8/2026",
="800001197",="Present",="4/8/2026",
="800001439",="Present",="4/8/2026",
="800001689",="Present",="4/8/2026",
="800001735",="Present",="4/8/2026",
="800001821",="Present",="4/8/2026",
="800001829",="Present",="4/8/2026",
="800001840",="Present",="4/8/2026",
="800001841",="Present",="4/8/2026",
="800001850",="Present",="4/8/2026",
="800001856",="Present",="4/8/2026",
="800001860",="Present",="4/8/2026",
="800001876",="Present",="4/8/2026",
="800001924",="Present",="4/8/2026",
="800001925",="Present",="4/8/2026",
="800001613",="Absent",="1/9/2026",
="800001922",="Absent",="1/5/2026",
="800001939",="Absent",="1/5/2026",
="800001939",="Absent",="1/12/2026",
="800001623",="No class",="2/16/2026",
="800001634",="No class",="2/16/2026",
="800001863",="No class",="2/16/2026",
="800001884",="No class",="2/16/2026",
="800001888",="No class",="2/16/2026",
="800001950",="No class",="2/16/2026",
="800001954",="No class",="2/16/2026",
="800001985",="No class",="2/16/2026",
="800002001",="No class",="2/16/2026",
="800002010",="No class",="2/16/2026",
="800002011",="No class",="2/16/2026",
="800002017",="No class",="2/16/2026",
="800002018",="No class",="2/16/2026",
="800002020",="No class",="2/16/2026",
="800002021",="No class",="2/16/2026",
="800002035",="No class",="2/16/2026",
="800002036",="No class",="2/16/2026",
="800002053",="No class",="2/16/2026",
="800002059",="No class",="2/16/2026",
="800002066",="No class",="2/16/2026",
="800001484",="Absent",="1/5/2026",
="800001484",="Present",="1/6/2026",
="800001484",="Present",="1/12/2026",
="800001484",="Present",="1/13/2026",
="800000348",="No class",="2/9/2026",
="800001443",="No class",="2/9/2026",
="800001484",="No class",="2/9/2026",
="800001650",="No class",="2/9/2026",
="800001665",="No class",="2/9/2026",
="800001733",="No class",="2/9/2026",
="800001815",="No class",="2/9/2026",
="800001867",="No class",="2/9/2026",
="800001878",="No class",="2/9/2026",
="800001892",="No class",="2/9/2026",
="800001031",="Present",="1/7/2026",
="800001031",="Present",="1/21/2026",
="800001031",="Present",="1/28/2026",
="800001626",="Present",="3/9/2026",
="800001626",="Present",="3/16/2026",
="800001939",="Absent",="1/13/2026",
="800001626",="Absent",="3/10/2026",
="800001626",="Absent",="3/17/2026",
="800001846",="Present",="4/9/2026",
="800001902",="Present",="4/9/2026",
="800002005",="Present",="4/9/2026",
="800002015",="Absent",="4/9/2026",
="800002005",="Absent",="3/10/2026",
="800002005",="Absent",="3/17/2026",
="800002044",="Absent",="3/13/2026",
="800002029",="Absent",="1/6/2026",
="800002029",="Absent",="1/13/2026",
="800000927",="Present",="4/10/2026",
="800001031",="Present",="4/10/2026",
="800001094",="Present",="4/10/2026",
="800001410",="Present",="4/10/2026",
="800001529",="Present",="4/10/2026",
="800001548",="Present",="4/10/2026",
="800002051",="Present",="3/3/2026",
="800000927",="Present",="4/9/2026",
="800001031",="Present",="4/9/2026",
="800001094",="Present",="4/9/2026",
="800001410",="Present",="4/9/2026",
="800001529",="Present",="4/9/2026",
="800001548",="Present",="4/9/2026",
="800002051",="Present",="3/10/2026",
="800002051",="Present",="3/17/2026",
="800002051",="Present",="3/24/2026",
="800001623",="Absent",="1/6/2026",
="800001623",="Absent",="1/13/2026",
="800001434",="No class",="4/8/2026",
="800001553",="No class",="4/8/2026",
="800001563",="No class",="4/8/2026",
="800001665",="No class",="4/8/2026",
="800001695",="No class",="4/8/2026",
="800001697",="No class",="4/8/2026",
="800001710",="No class",="4/8/2026",
="800001712",="No class",="4/8/2026",
="800001729",="No class",="4/8/2026",
="800001733",="No class",="4/8/2026",
="800001739",="No class",="4/8/2026",
="800001740",="No class",="4/8/2026",
="800001751",="No class",="4/8/2026",
="800001757",="No class",="4/8/2026",
="800001769",="No class",="4/8/2026",
="800001775",="No class",="4/8/2026",
="800001778",="No class",="4/8/2026",
="800001793",="No class",="4/8/2026",
="800001798",="No class",="4/8/2026",
="800001803",="No class",="4/8/2026",
="800001813",="No class",="4/8/2026",
="800001815",="No class",="4/8/2026",
="800001867",="No class",="4/8/2026",
="800001434",="Present",="4/8/2026",
="800001443",="Present",="4/8/2026",
="800001580",="Present",="4/8/2026",
="800001625",="Present",="4/8/2026",
="800001633",="Present",="4/8/2026",
="800001644",="Present",="4/8/2026",
="800001655",="Present",="4/8/2026",
="800001708",="Present",="4/8/2026",
="800001711",="Present",="4/8/2026",
="800001714",="Present",="4/8/2026",
="800001739",="Present",="4/8/2026",
="800001789",="Present",="4/8/2026",
="800001815",="Present",="4/8/2026",
="800001892",="Present",="4/8/2026",
="800001917",="Present",="4/8/2026",
="800001928",="Present",="4/8/2026",
="800001940",="Present",="4/8/2026",
="770017870",="Present",="4/8/2026",
="800001094",="Present",="4/8/2026",
="800001268",="Present",="4/8/2026",
="800001529",="Present",="4/8/2026",
="800001548",="Present",="4/8/2026",
="800001562",="Present",="4/8/2026",
="800001673",="Present",="4/8/2026",
="800001434",="No class",="4/7/2026",
="800001553",="No class",="4/7/2026",
="800001563",="No class",="4/7/2026",
="800001665",="No class",="4/7/2026",
="800001695",="No class",="4/7/2026",
="800001697",="No class",="4/7/2026",
="800001710",="No class",="4/7/2026",
="800001712",="No class",="4/7/2026",
="800001729",="No class",="4/7/2026",
="800001733",="No class",="4/7/2026",
="800001739",="No class",="4/7/2026",
="800001740",="No class",="4/7/2026",
="800001751",="No class",="4/7/2026",
="800001757",="No class",="4/7/2026",
="800001769",="No class",="4/7/2026",
="800001775",="No class",="4/7/2026",
="800001778",="No class",="4/7/2026",
="800001793",="No class",="4/7/2026",
="800001798",="No class",="4/7/2026",
="800001803",="No class",="4/7/2026",
="800001813",="No class",="4/7/2026",
="800001815",="No class",="4/7/2026",
="800001867",="No class",="4/7/2026",
="800000952",="No class",="4/7/2026",
="800001443",="No class",="4/7/2026",
="800001517",="No class",="4/7/2026",
="800001580",="No class",="4/7/2026",
="800001625",="No class",="4/7/2026",
="800001633",="No class",="4/7/2026",
="800001644",="No class",="4/7/2026",
="800001655",="No class",="4/7/2026",
="800001689",="No class",="4/7/2026",
="800001708",="No class",="4/7/2026",
="800001711",="No class",="4/7/2026",
="800001714",="No class",="4/7/2026",
="800001724",="No class",="4/7/2026",
="800001735",="No class",="4/7/2026",
="800001761",="No class",="4/7/2026",
="800001789",="No class",="4/7/2026",
="800001821",="No class",="4/7/2026",
="800001841",="No class",="4/7/2026",
="800001892",="No class",="4/7/2026",
="800001917",="No class",="4/7/2026",
="800001924",="No class",="4/7/2026",
="800001925",="No class",="4/7/2026",
="800001928",="No class",="4/7/2026",
="800001940",="No class",="4/7/2026",
="800000952",="No class",="4/6/2026",
="800001443",="No class",="4/6/2026",
="800001517",="No class",="4/6/2026",
="800001580",="No class",="4/6/2026",
="800001625",="No class",="4/6/2026",
="800001633",="No class",="4/6/2026",
="800001644",="No class",="4/6/2026",
="800001655",="No class",="4/6/2026",
="800001689",="No class",="4/6/2026",
="800001708",="No class",="4/6/2026",
="800001711",="No class",="4/6/2026",
="800001714",="No class",="4/6/2026",
="800001724",="No class",="4/6/2026",
="800001735",="No class",="4/6/2026",
="800001761",="No class",="4/6/2026",
="800001789",="No class",="4/6/2026",
="800001821",="No class",="4/6/2026",
="800001841",="No class",="4/6/2026",
="800001892",="No class",="4/6/2026",
="800001917",="No class",="4/6/2026",
="800001924",="No class",="4/6/2026",
="800001925",="No class",="4/6/2026",
="800001928",="No class",="4/6/2026",
="800001940",="No class",="4/6/2026",
="800001845",="Present",="4/3/2026",
="800001955",="Present",="4/3/2026",
="800001986",="Present",="4/3/2026",
="800002008",="Present",="4/3/2026",
="800002026",="Present",="4/3/2026",
="800002044",="Present",="4/3/2026",
="800002049",="Present",="4/3/2026",
="800002064",="Present",="4/3/2026",
="800001679",="Present",="4/10/2026",
="800001830",="Present",="4/10/2026",
="800001902",="Present",="4/10/2026",
="800001998",="Present",="4/10/2026",
="800002005",="Present",="4/10/2026",
="800002029",="Present",="4/10/2026",
="800001958",="Present",="3/17/2026",
="800001959",="Present",="3/17/2026",
="800001689",="Present",="4/12/2026",
="800001739",="Present",="4/12/2026",
="800001740",="Present",="4/12/2026",
="800001751",="Present",="4/12/2026",
="800001757",="Present",="4/12/2026",
="800001778",="Present",="4/12/2026",
="800001793",="Present",="4/12/2026",
="800001821",="Present",="4/12/2026",
="800001917",="Present",="4/12/2026",
="800001204",="No class",="4/10/2026",
="800001498",="No class",="4/10/2026",
="800001505",="No class",="4/10/2026",
="800001532",="No class",="4/10/2026",
="800001533",="No class",="4/10/2026",
="800001553",="No class",="4/10/2026",
="800001557",="No class",="4/10/2026",
="800001580",="No class",="4/10/2026",
="800001593",="No class",="4/10/2026",
="800001598",="No class",="4/10/2026",
="800001605",="No class",="4/10/2026",
="800001655",="No class",="4/10/2026",
="800001681",="No class",="4/10/2026",
="800001688",="No class",="4/10/2026",
="800001697",="No class",="4/10/2026",
="800001711",="No class",="4/10/2026",
="800001712",="No class",="4/10/2026",
="800001740",="No class",="4/10/2026",
="800001751",="No class",="4/10/2026",
="800001757",="No class",="4/10/2026",
="800001789",="No class",="4/10/2026",
="800001793",="No class",="4/10/2026",
="800001803",="No class",="4/10/2026",
="800001813",="No class",="4/10/2026",
="770000323",="No class",="4/10/2026",
="770000409",="No class",="4/10/2026",
="800000934",="No class",="4/10/2026",
="800001142",="No class",="4/10/2026",
="800001196",="No class",="4/10/2026",
="800001292",="No class",="4/10/2026",
="800001318",="No class",="4/10/2026",
="800001410",="No class",="4/10/2026",
="800001679",="No class",="4/10/2026",
="800000774",="No class",="4/10/2026",
="800000289",="Present",="4/6/2026",
="800000461",="Present",="4/6/2026",
="800001613",="Present",="4/6/2026",
="800000289",="Present",="4/12/2026",
="800000461",="Present",="4/12/2026",
="800001613",="Present",="4/12/2026",
="800000289",="Present",="3/30/2026",
="800000461",="Present",="3/30/2026",
="800001613",="Present",="3/30/2026",
="800000289",="Present",="3/23/2026",
="800000461",="Present",="3/23/2026",
="800001613",="Present",="3/23/2026",
="800000289",="Present",="3/16/2026",
="800000461",="Present",="3/16/2026",
="800001613",="Present",="3/16/2026",
="800000289",="Present",="3/9/2026",
="800000461",="Present",="3/9/2026",
="800001613",="Present",="3/9/2026",
="800000289",="Present",="3/2/2026",
="800000461",="Present",="3/2/2026",
="800001613",="Present",="3/2/2026",
="800001845",="Present",="4/9/2026",
="800001864",="Present",="4/9/2026",
="800001888",="Present",="4/9/2026",
="800001955",="Present",="4/9/2026",
="800001983",="Present",="4/9/2026",
="800001986",="Absent",="4/9/2026",
="800001998",="Present",="4/9/2026",
="800002008",="Absent",="4/9/2026",
="800002023",="Present",="4/9/2026",
="800002026",="Present",="4/9/2026",
="800002029",="Present",="4/9/2026",
="800002049",="Present",="4/9/2026",
="800002062",="Present",="4/9/2026",
="800002064",="Absent",="4/9/2026",
="800000722",="Present",="4/11/2026",
="800001591",="Present",="4/11/2026",
="800001613",="Present",="4/11/2026",
="800001963",="Present",="4/11/2026",
="800001708",="Tardy/Late",="4/11/2026",
="800001739",="Tardy/Late",="4/11/2026",
="800001761",="Tardy/Late",="4/11/2026",
="800001789",="Tardy/Late",="4/11/2026",
="800001798",="Tardy/Late",="4/11/2026",
="800001802",="Tardy/Late",="4/11/2026",
="770000737",="Present",="4/11/2026",
="800001572",="Present",="4/11/2026",
="800001829",="Present",="4/11/2026",
="800001864",="Present",="4/11/2026",
="800001876",="Present",="4/11/2026",
="800001878",="Present",="4/11/2026",
="800001905",="Present",="4/11/2026",
="800001908",="Present",="4/11/2026",
="800001909",="Present",="4/11/2026",
="800001910",="Present",="4/11/2026",
="800001934",="Present",="4/11/2026",
="800001114",="Present",="4/9/2026",
="800001308",="Present",="4/9/2026",
="800001484",="Absent",="4/9/2026",
="800001543",="Present",="4/9/2026",
="800001572",="Present",="4/9/2026",
="800001590",="Present",="4/9/2026",
="800001623",="Absent",="4/9/2026",
="800001634",="Present",="4/9/2026",
="800001723",="Present",="4/9/2026",
="800001775",="Present",="4/9/2026",
="800001802",="Present",="4/9/2026",
="800001852",="Present",="4/9/2026",
="800001862",="Present",="4/9/2026",
="800001867",="Present",="4/9/2026",
="800001878",="Present",="4/9/2026",
="800001884",="Present",="4/9/2026",
="800001892",="Present",="4/9/2026",
="800001905",="Present",="4/9/2026",
="800001908",="Present",="4/9/2026",
="800001910",="Present",="4/9/2026",
="800001928",="Present",="4/9/2026",
="800001934",="Present",="4/9/2026",
="800001940",="Present",="4/9/2026",
="800001954",="Present",="4/9/2026",
="800001623",="Present",="4/7/2026",
="800001849",="Present",="4/7/2026",
="800002001",="Present",="4/7/2026",
="800002011",="Present",="4/7/2026",
="800002017",="Present",="4/7/2026",
="800002018",="Present",="4/7/2026",
="800002020",="Present",="4/7/2026",
="800002021",="Present",="4/7/2026",
="800002035",="Present",="4/7/2026",
="800002036",="Present",="4/7/2026",
="800002053",="Present",="4/7/2026",
="800002029",="Present",="4/7/2026",
="800002042",="Present",="4/7/2026",
="800002051",="Present",="4/7/2026",
="800002059",="Present",="4/7/2026",
="800001623",="Present",="4/13/2026",
="800001634",="Absent",="4/13/2026",
="800001863",="Present",="4/13/2026",
="800001884",="Present",="4/13/2026",
="800001888",="Present",="4/13/2026",
="800001950",="Present",="4/13/2026",
="800001954",="Present",="4/13/2026",
="800001985",="Present",="4/13/2026",
="800002001",="Absent",="4/13/2026",
="800002010",="Absent",="4/13/2026",
="800002011",="Present",="4/13/2026",
="800002017",="Present",="4/13/2026",
="800002018",="Absent",="4/13/2026",
="800002020",="Present",="4/13/2026",
="800002021",="Present",="4/13/2026",
="800002035",="Present",="4/13/2026",
="800002036",="Present",="4/13/2026",
="800002053",="Present",="4/13/2026",
="800002059",="Present",="4/13/2026",
="800002066",="Absent",="4/13/2026",
="770000409",="Present",="4/10/2026",
="800001368",="Present",="4/10/2026",
="800001415",="Present",="4/10/2026",
="800001445",="Present",="4/10/2026",
="800001673",="Present",="4/10/2026",
="800001701",="Present",="4/10/2026",
="800001623",="Absent",="1/5/2026",
="800001634",="Absent",="1/5/2026",
="800001634",="Absent",="1/12/2026",
="800001330",="Absent",="1/12/2026",
="800001831",="Absent",="4/7/2026",
="800001850",="Present",="4/7/2026",
="800001860",="Present",="4/7/2026",
="800001874",="Present",="4/7/2026",
="800001939",="Present",="4/7/2026",
="800002001",="Absent",="4/7/2026",
="800002015",="Absent",="4/7/2026",
="800002018",="Absent",="4/7/2026",
="800002044",="Present",="4/7/2026",
="800001958",="Present",="4/8/2026",
="800001959",="Present",="4/8/2026",
="800001963",="Present",="4/8/2026",
="800001322",="Present",="4/8/2026",
="800001324",="Present",="4/8/2026",
="800001508",="Absent",="4/8/2026",
="800001902",="Present",="4/8/2026",
="800002005",="Present",="4/8/2026",
="800000952",="Present",="4/13/2026",
="800001580",="Present",="4/13/2026",
="800001625",="Present",="4/13/2026",
="800001697",="Present",="4/13/2026",
="800001711",="Present",="4/13/2026",
="800001712",="Absent",="4/13/2026",
="800001775",="Absent",="4/13/2026",
="800001813",="Present",="4/13/2026",
="800000952",="Present",="4/11/2026",
="800001580",="Present",="4/11/2026",
="800001625",="Present",="4/11/2026",
="800001697",="Present",="4/11/2026",
="800001711",="Present",="4/11/2026",
="800001712",="Absent",="4/11/2026",
="800001775",="Present",="4/11/2026",
="800001813",="Present",="4/11/2026",
="800001443",="Present",="4/10/2026",
="800001553",="Absent",="4/10/2026",
="800001633",="Present",="4/10/2026",
="800001665",="Present",="4/10/2026",
="800001714",="Present",="4/10/2026",
="800001724",="Present",="4/10/2026",
="800001729",="Present",="4/10/2026",
="800001815",="Present",="4/10/2026",
="800001867",="Absent",="4/10/2026",
="800001892",="Absent",="4/10/2026",
="800001443",="Present",="4/11/2026",
="800001553",="Absent",="4/11/2026",
="800001633",="Present",="4/11/2026",
="800001665",="Present",="4/11/2026",
="800001714",="Present",="4/11/2026",
="800001724",="Present",="4/11/2026",
="800001729",="Present",="4/11/2026",
="800001815",="Present",="4/11/2026",
="800001867",="Absent",="4/11/2026",
="800001892",="Absent",="4/11/2026",
="800001031",="Absent",="1/6/2026",
="800001031",="Absent",="1/13/2026",
="800001031",="Absent",="1/20/2026",
="800001031",="Absent",="1/27/2026",
="800001845",="Absent",="3/13/2026",
="800002064",="Absent",="3/20/2026",
="800001667",="Present",="1/15/2026",
="800001815",="Present",="1/15/2026",
="800001874",="Absent",="1/8/2026",
="800001874",="Absent",="1/15/2026",
="800001876",="Absent",="1/15/2026",
="800001876",="Absent",="1/22/2026",
="800001905",="Absent",="1/15/2026",
="800001905",="Absent",="1/22/2026",
="800001905",="Absent",="1/29/2026",
="800001667",="Absent",="1/22/2026",
="800001909",="Absent",="1/8/2026",
="800001910",="Absent",="1/15/2026",
="800001910",="Absent",="1/22/2026",
="800002015",="Absent",="3/18/2026",
="800001434",="Present",="4/13/2026",
="800001517",="Present",="4/13/2026",
="800001563",="Present",="4/13/2026",
="800001695",="Present",="4/13/2026",
="800001798",="Present",="4/13/2026",
="800001841",="Present",="4/13/2026",
="800001924",="Present",="4/13/2026",
="800001925",="Present",="4/13/2026",
="800001928",="Present",="4/13/2026",
="800001940",="Present",="4/13/2026",
="770000737",="Present",="4/13/2026",
="800001842",="Present",="4/13/2026",
="800001845",="Present",="4/13/2026",
="800001903",="Present",="4/13/2026",
="800001909",="Present",="4/13/2026",
="800001921",="Present",="4/13/2026",
="800001922",="Present",="4/13/2026",
="800001939",="Present",="4/13/2026",
="800001943",="Present",="4/13/2026",
="800001955",="Present",="4/13/2026",
="800001983",="Present",="4/13/2026",
="800001986",="Present",="4/13/2026",
="800001987",="Present",="4/13/2026",
="800002008",="Present",="4/13/2026",
="800002023",="Present",="4/13/2026",
="800002026",="Present",="4/13/2026",
="800002029",="Present",="4/13/2026",
="800002042",="Present",="4/13/2026",
="800002044",="Present",="4/13/2026",
="800002049",="Present",="4/13/2026",
="800002052",="Absent",="4/13/2026",
="800002062",="Present",="4/13/2026",
="800002064",="Absent",="4/13/2026",
="800001197",="Present",="4/11/2026",
="800001439",="Present",="4/11/2026",
="800001553",="Present",="4/11/2026",
="800001649",="Present",="4/11/2026",
="800001650",="Present",="4/11/2026",
="800001723",="Present",="4/11/2026",
="800001735",="Present",="4/11/2026",
="800001840",="Present",="4/11/2026",
="800001841",="Present",="4/11/2026",
="800001842",="Present",="4/11/2026",
="800001846",="Present",="4/11/2026",
="800001850",="Present",="4/11/2026",
="800001852",="Present",="4/11/2026",
="800001856",="Present",="4/11/2026",
="800001860",="Present",="4/11/2026",
="800001874",="Present",="4/11/2026",
="800001888",="Present",="4/11/2026",
="800001917",="Present",="4/11/2026",
="800001921",="Absent",="4/11/2026",
="800001922",="Present",="4/11/2026",
="800001924",="Present",="4/11/2026",
="800001925",="Present",="4/11/2026",
="800001928",="Present",="4/11/2026",
="800001939",="Present",="4/11/2026",
="800001954",="Absent",="4/11/2026",
="770000409",="Present",="4/12/2026",
="800001445",="Present",="4/12/2026",
="800001468",="Present",="4/12/2026",
="800001529",="Present",="4/12/2026",
="800001607",="Present",="4/12/2026",
="800001701",="Present",="4/12/2026",
="800001198",="Absent",="1/7/2026",
="800001403",="Absent",="1/7/2026",
="800001419",="Absent",="1/7/2026",
="800001427",="Absent",="1/7/2026",
="800001789",="Absent",="1/7/2026",
="800001580",="Present",="3/13/2026",
="800001580",="Present",="3/20/2026",
="800001580",="Absent",="3/27/2026",
="800001580",="Absent",="4/3/2026",
="800000722",="Present",="2/20/2026",
="800001513",="Present",="2/20/2026",
="800001845",="Absent",="3/12/2026",
="800002005",="Absent",="3/12/2026",
="800002005",="Absent",="3/19/2026",
="800001591",="Absent",="2/26/2026",
="800000722",="Absent",="3/24/2026",
="800001513",="Absent",="3/24/2026",
="800001484",="Absent",="1/8/2026",
="800001484",="Absent",="1/15/2026",
="800001623",="Absent",="1/8/2026",
="800001634",="Absent",="1/8/2026",
="800001634",="Absent",="1/15/2026",
="800002005",="Present",="2/19/2026",
="800002005",="Absent",="3/5/2026",
="800002015",="Present",="2/12/2026",
="800002015",="Present",="2/19/2026",
="800002015",="Present",="2/26/2026",
="800002015",="Absent",="3/5/2026",
="800001831",="Absent",="4/14/2026",
="800001849",="Absent",="4/14/2026",
="800001850",="Present",="4/14/2026",
="800001860",="Present",="4/14/2026",
="800001863",="Present",="4/14/2026",
="800001874",="Present",="4/14/2026",
="800001884",="Present",="4/14/2026",
="800001939",="Present",="4/14/2026",
="800001985",="Present",="4/14/2026",
="800002001",="Absent",="4/14/2026",
="800002010",="Absent",="4/14/2026",
="800002011",="Present",="4/14/2026",
="800002015",="Present",="4/14/2026",
="800002017",="Present",="4/14/2026",
="800002018",="Absent",="4/14/2026",
="800002020",="Present",="4/14/2026",
="800002021",="Present",="4/14/2026",
="800002035",="Present",="4/14/2026",
="800002036",="Present",="4/14/2026",
="800002044",="Present",="4/14/2026",
="800002053",="Present",="4/14/2026",
="800002059",="Present",="4/14/2026",
="800000722",="Present",="4/14/2026",
="800001513",="Present",="4/14/2026",
="800000927",="Present",="4/14/2026",
="800001031",="Present",="4/14/2026",
="800001094",="Present",="4/14/2026",
="800001410",="Present",="4/14/2026",
="800001529",="Present",="4/14/2026",
="800001548",="Present",="4/14/2026",
="800001434",="Present",="4/14/2026",
="800001517",="Present",="4/14/2026",
="800001563",="Present",="4/14/2026",
="800001695",="Present",="4/14/2026",
="800001798",="Present",="4/14/2026",
="800001841",="Present",="4/14/2026",
="800001924",="Present",="4/14/2026",
="800001925",="Present",="4/14/2026",
="800001928",="Present",="4/14/2026",
="800001940",="Present",="4/14/2026",
="800001030",="Present",="4/14/2026",
="800001198",="Present",="4/14/2026",
="800001265",="Present",="4/14/2026",
="800001315",="Present",="4/14/2026",
="800001403",="Present",="4/14/2026",
="800001417",="Present",="4/14/2026",
="800001419",="Present",="4/14/2026",
="800001427",="Present",="4/14/2026",
="800001459",="Present",="4/14/2026",
="800001528",="Present",="4/14/2026",
="800001530",="Present",="4/14/2026",
="800001534",="Present",="4/14/2026",
="800001587",="Present",="4/14/2026",
="800001668",="Present",="4/14/2026",
="800001197",="Present",="4/9/2026",
="800001434",="Present",="4/9/2026",
="800001439",="Present",="4/9/2026",
="800001649",="Present",="4/9/2026",
="800001667",="Present",="4/9/2026",
="800001815",="Present",="4/9/2026",
="800001829",="Present",="4/9/2026",
="800001840",="Present",="4/9/2026",
="800001841",="Present",="4/9/2026",
="800001842",="Present",="4/9/2026",
="800001850",="Present",="4/9/2026",
="800001856",="Present",="4/9/2026",
="800001860",="Present",="4/9/2026",
="800001874",="Present",="4/9/2026",
="800001876",="Present",="4/9/2026",
="800001903",="Present",="4/9/2026",
="800001909",="Present",="4/9/2026",
="800001922",="Present",="4/9/2026",
="800001924",="Present",="4/9/2026",
="800001925",="Present",="4/9/2026",
="800001939",="Present",="4/9/2026",
="800001623",="Absent",="4/14/2026",
="800001849",="Present",="4/14/2026",
="800001888",="Present",="4/14/2026",
="800001950",="Absent",="4/14/2026",
="800002001",="Present",="4/14/2026",
="800002036",="Absent",="4/14/2026",
="800000941",="Present",="4/14/2026",
="800001322",="Present",="4/14/2026",
="800001324",="Present",="4/14/2026",
="800001368",="Present",="4/14/2026",
="800001445",="Present",="4/14/2026",
="800001468",="Present",="4/14/2026",
="800001626",="Present",="4/14/2026",
="800001673",="Present",="4/14/2026",
="800001679",="Present",="4/14/2026",
="800002005",="Present",="4/14/2026",
="800001958",="Present",="4/14/2026",
="800001959",="Present",="4/14/2026",
="800001963",="Present",="4/14/2026",
="800001513",="Absent",="2/25/2026",
="800000774",="No class",="4/17/2026",
="800000722",="Present",="4/15/2026",
="800001513",="Present",="4/15/2026",
="800001591",="Present",="4/15/2026",
="800001513",="Absent",="4/8/2026",
="800001513",="Absent",="4/1/2026",
="800000722",="Present",="3/25/2026",
="800001513",="Present",="3/25/2026",
="800000722",="Present",="3/20/2026",
="800001513",="Present",="3/20/2026",
="800001415",="Absent",="3/13/2026",
="800001415",="Absent",="3/20/2026",
="770000409",="Absent",="1/9/2026",
="800001031",="Absent",="1/9/2026",
="800001031",="Absent",="1/16/2026",
="800001701",="Absent",="1/9/2026",
="800002005",="Absent",="3/6/2026",
="800002005",="Absent",="3/13/2026",
="800002005",="Present",="3/20/2026",
="800001415",="Absent",="3/8/2026",
="800001415",="Absent",="3/15/2026",
="800001415",="Absent",="3/22/2026",
="770000409",="Absent",="1/10/2026",
="800001613",="Absent",="1/10/2026",
="800000754",="Absent",="1/10/2026",
="800000754",="Absent",="1/11/2026",
="800000754",="Present",="1/18/2026",
="800000754",="Present",="1/25/2026",
="800001846",="Absent",="1/10/2026",
="800001846",="Absent",="1/18/2026",
="800001580",="Present",="1/11/2026",
="800001580",="Absent",="3/15/2026",
="800001580",="Absent",="3/22/2026",
="800001580",="Absent",="3/29/2026",
="800001580",="Absent",="4/5/2026",
="800002044",="Absent",="3/22/2026",
="800001513",="Absent",="4/15/2026",
="800001466",="Present",="3/30/2026",
="800001502",="Present",="3/30/2026",
="800001508",="Present",="3/30/2026",
="800001626",="Present",="3/30/2026",
="800001657",="Present",="3/30/2026",
="800000941",="Present",="3/30/2026",
="800001031",="Present",="3/30/2026",
="800001368",="Present",="3/30/2026",
="800001466",="Present",="4/6/2026",
="800001502",="Present",="4/6/2026",
="800001508",="Present",="4/6/2026",
="800001626",="Present",="4/6/2026",
="800001657",="Present",="4/6/2026",
="800000941",="Present",="4/6/2026",
="800001031",="Present",="4/6/2026",
="800001094",="Present",="4/6/2026",
="800001368",="Present",="4/6/2026",
="800001529",="Present",="4/6/2026",
="800001548",="Present",="4/6/2026",
="800001673",="Present",="4/6/2026",
="770062103",="Present",="4/13/2026",
="800001466",="Present",="4/13/2026",
="800001502",="Present",="4/13/2026",
="800001508",="Present",="4/13/2026",
="800001626",="Present",="4/13/2026",
="800001657",="Present",="4/13/2026",
="800001701",="Present",="4/13/2026",
="800000754",="Present",="4/13/2026",
="800000941",="Present",="4/13/2026",
="800001031",="Present",="4/13/2026",
="800001094",="Present",="4/13/2026",
="800001368",="Absent",="4/13/2026",
="800001466",="Absent",="4/13/2026",
="800001529",="Present",="4/13/2026",
="800001548",="Present",="4/13/2026",
="800001673",="Present",="4/13/2026",
="800000952",="Absent",="4/15/2026",
="800001197",="Absent",="4/15/2026",
="800001439",="Present",="4/15/2026",
="800001689",="Absent",="4/15/2026",
="800001735",="Present",="4/15/2026",
="800001821",="Absent",="4/15/2026",
="800001829",="Present",="4/15/2026",
="800001840",="Present",="4/15/2026",
="800001841",="Absent",="4/15/2026",
="800001850",="Present",="4/15/2026",
="800001856",="Present",="4/15/2026",
="800001860",="Present",="4/15/2026",
="800001876",="Present",="4/15/2026",
="800001924",="Absent",="4/15/2026",
="800001925",="Absent",="4/15/2026",
="770017870",="No class",="4/15/2026",
="800001094",="No class",="4/15/2026",
="800001268",="No class",="4/15/2026",
="800001529",="No class",="4/15/2026",
="800001548",="No class",="4/15/2026",
="800001562",="No class",="4/15/2026",
="800001673",="No class",="4/15/2026",
="800001553",="Present",="4/14/2026",
="800001665",="Present",="4/14/2026",
="800001697",="Present",="4/14/2026",
="800001710",="Present",="4/14/2026",
="800001712",="Present",="4/14/2026",
="800001729",="Present",="4/14/2026",
="800001733",="Present",="4/14/2026",
="800001739",="Present",="4/14/2026",
="800001740",="Present",="4/14/2026",
="800001751",="Present",="4/14/2026",
="800001757",="Present",="4/14/2026",
="800001769",="Present",="4/14/2026",
="800001775",="Present",="4/14/2026",
="800001778",="Present",="4/14/2026",
="800001793",="Present",="4/14/2026",
="800001803",="Present",="4/14/2026",
="800001813",="Present",="4/14/2026",
="800001815",="Present",="4/14/2026",
="800001867",="Present",="4/14/2026",
="800000952",="Present",="4/14/2026",
="800001443",="Present",="4/14/2026",
="800001580",="Present",="4/14/2026",
="800001625",="Present",="4/14/2026",
="800001633",="Present",="4/14/2026",
="800001644",="Present",="4/14/2026",
="800001655",="Present",="4/14/2026",
="800001689",="Present",="4/14/2026",
="800001708",="Present",="4/14/2026",
="800001711",="Present",="4/14/2026",
="800001714",="Present",="4/14/2026",
="800001724",="Present",="4/14/2026",
="800001735",="Present",="4/14/2026",
="800001761",="Present",="4/14/2026",
="800001789",="Present",="4/14/2026",
="800001821",="Present",="4/14/2026",
="800001892",="Present",="4/14/2026",
="800001917",="Present",="4/14/2026",
="800001434",="Present",="3/31/2026",
="800001553",="Present",="3/31/2026",
="800001563",="Present",="3/31/2026",
="800001665",="Present",="3/31/2026",
="800001695",="Present",="3/31/2026",
="800001697",="Present",="3/31/2026",
="800001710",="Present",="3/31/2026",
="800001712",="Present",="3/31/2026",
="800001729",="Present",="3/31/2026",
="800001733",="Present",="3/31/2026",
="800001739",="Present",="3/31/2026",
="800001740",="Present",="3/31/2026",
="800001751",="Present",="3/31/2026",
="800001757",="Present",="3/31/2026",
="800001769",="Present",="3/31/2026",
="800001775",="Present",="3/31/2026",
="800001778",="Present",="3/31/2026",
="800001793",="Present",="3/31/2026",
="800001798",="Present",="3/31/2026",
="800001803",="Present",="3/31/2026",
="800001813",="Present",="3/31/2026",
="800001815",="Present",="3/31/2026",
="800001867",="Present",="3/31/2026",
="800001434",="Present",="3/4/2026",
="800001563",="Present",="3/4/2026",
="800001665",="Present",="3/4/2026",
="800001695",="Present",="3/4/2026",
="800001710",="Present",="3/4/2026",
="800001729",="Present",="3/4/2026",
="800001733",="Present",="3/4/2026",
="800001739",="Present",="3/4/2026",
="800001769",="Present",="3/4/2026",
="800001775",="Present",="3/4/2026",
="800001778",="Present",="3/4/2026",
="800001798",="Present",="3/4/2026",
="800001815",="Present",="3/4/2026",
="800001867",="Present",="3/4/2026",
="800000952",="Present",="3/31/2026",
="800001443",="Present",="3/31/2026",
="800001517",="Present",="3/31/2026",
="800001580",="Present",="3/31/2026",
="800001625",="Present",="3/31/2026",
="800001633",="Present",="3/31/2026",
="800001644",="Present",="3/31/2026",
="800001655",="Present",="3/31/2026",
="800001689",="Present",="3/31/2026",
="800001708",="Present",="3/31/2026",
="800001711",="Present",="3/31/2026",
="800001714",="Present",="3/31/2026",
="800001724",="Present",="3/31/2026",
="800001735",="Present",="3/31/2026",
="800001761",="Present",="3/31/2026",
="800001789",="Present",="3/31/2026",
="800001821",="Present",="3/31/2026",
="800001841",="Present",="3/31/2026",
="800001892",="Present",="3/31/2026",
="800001917",="Present",="3/31/2026",
="800001924",="Present",="3/31/2026",
="800001925",="Present",="3/31/2026",
="800001928",="Present",="3/31/2026",
="800001443",="Present",="4/13/2026",
="800001633",="Present",="4/13/2026",
="800001644",="Present",="4/13/2026",
="800001655",="Present",="4/13/2026",
="800001689",="Present",="4/13/2026",
="800001708",="Present",="4/13/2026",
="800001714",="Present",="4/13/2026",
="800001724",="Present",="4/13/2026",
="800001735",="Present",="4/13/2026",
="800001761",="Present",="4/13/2026",
="800001789",="Present",="4/13/2026",
="800001821",="Present",="4/13/2026",
="800001892",="Present",="4/13/2026",
="800001917",="Present",="4/13/2026",
="770062103",="Present",="4/15/2026",
="800001322",="Present",="4/15/2026",
="800001324",="Present",="4/15/2026",
="800001508",="Present",="4/15/2026",
="800001657",="Present",="4/15/2026",
="800001902",="Present",="4/15/2026",
="800002005",="Present",="4/15/2026",
="800001958",="Present",="4/15/2026",
="800001959",="Present",="4/15/2026",
="800001963",="Present",="4/15/2026",
="800001591",="Present",="4/16/2026",
="770017870",="Present",="4/16/2026",
="800001094",="Present",="4/16/2026",
="800001268",="Present",="4/16/2026",
="800001529",="Present",="4/16/2026",
="800001548",="Present",="4/16/2026",
="800001562",="Present",="4/16/2026",
="800001673",="Present",="4/16/2026",
="770017870",="No class",="3/26/2026",
="800001094",="No class",="3/26/2026",
="800001268",="No class",="3/26/2026",
="800001529",="No class",="3/26/2026",
="800001548",="No class",="3/26/2026",
="800001562",="No class",="3/26/2026",
="800001673",="No class",="3/26/2026",
="800001958",="Present",="4/13/2026",
="800001959",="Present",="4/13/2026",
="800002001",="Present",="4/13/2026",
="800002010",="Present",="4/13/2026",
="800002018",="Present",="4/13/2026",
="800001845",="Present",="4/14/2026",
="800001955",="Present",="4/14/2026",
="800001983",="Present",="4/14/2026",
="800001986",="Present",="4/14/2026",
="800001987",="Present",="4/14/2026",
="800002008",="Present",="4/14/2026",
="800002026",="Present",="4/14/2026",
="800002029",="Present",="4/14/2026",
="800002042",="Present",="4/14/2026",
="800002049",="Present",="4/14/2026",
="800002052",="Absent",="4/14/2026",
="800002064",="Present",="4/14/2026",
="800001863",="Present",="4/15/2026",
="800001950",="Present",="4/15/2026",
="800001985",="Present",="4/15/2026",
="800002001",="Present",="4/15/2026",
="800002010",="Present",="4/15/2026",
="800002011",="Present",="4/15/2026",
="800002017",="Present",="4/15/2026",
="800002018",="Present",="4/15/2026",
="800002020",="Present",="4/15/2026",
="800002021",="Present",="4/15/2026",
="800002035",="Present",="4/15/2026",
="800002036",="Present",="4/15/2026",
="800002053",="Present",="4/15/2026",
="800002059",="Present",="4/15/2026",
="800002062",="Present",="4/15/2026",
="800001845",="Present",="4/15/2026",
="800001955",="Present",="4/15/2026",
="800001983",="Present",="4/15/2026",
="800001986",="Present",="4/15/2026",
="800001987",="Present",="4/15/2026",
="800002008",="Present",="4/15/2026",
="800002026",="Present",="4/15/2026",
="800002029",="Present",="4/15/2026",
="800002042",="Present",="4/15/2026",
="800002044",="Present",="4/15/2026",
="800002049",="Present",="4/15/2026",
="800002052",="Absent",="4/15/2026",
="800002064",="Present",="4/15/2026",
="770062103",="Present",="4/16/2026",
="800000754",="Present",="4/16/2026",
="800001502",="Present",="4/16/2026",
="800001657",="Present",="4/16/2026",
="800001701",="Present",="4/16/2026",
="800001958",="Present",="4/16/2026",
="800001959",="Present",="4/16/2026",
="800001963",="Present",="4/16/2026",
="770062103",="Present",="3/26/2026",
="800000754",="Present",="3/26/2026",
="800001502",="Present",="3/26/2026",
="800001657",="Present",="3/26/2026",
="800001701",="Present",="3/26/2026",
="800000754",="Present",="3/19/2026",
="800001502",="Present",="3/19/2026",
="800001657",="Present",="3/19/2026",
="800001701",="Present",="3/19/2026",
="800001591",="Present",="3/25/2026",
="800001513",="Absent",="4/10/2026",
="800001513",="Absent",="4/3/2026",
="770062103",="Present",="2/12/2026",
="800000754",="Present",="2/12/2026",
="800001502",="Present",="2/12/2026",
="800001657",="Present",="2/12/2026",
="800001701",="Present",="2/12/2026",
="800001513",="No class",="2/24/2026",
="800001845",="Present",="4/16/2026",
="800001864",="Present",="4/16/2026",
="800001888",="Present",="4/16/2026",
="800001955",="Present",="4/16/2026",
="800001983",="Absent",="4/16/2026",
="800001986",="Present",="4/16/2026",
="800001987",="Present",="4/16/2026",
="800001998",="Present",="4/16/2026",
="800002008",="Present",="4/16/2026",
="800002023",="Present",="4/16/2026",
="800002026",="Present",="4/16/2026",
="800002029",="Present",="4/16/2026",
="800002042",="Present",="4/16/2026",
="800002049",="Present",="4/16/2026",
="800002052",="Absent",="4/16/2026",
="800002062",="Present",="4/16/2026",
="800002064",="Present",="4/16/2026",
="800001708",="Present",="4/10/2026",
="800001739",="Present",="4/10/2026",
="800001761",="Present",="4/10/2026",
="800001775",="Present",="4/10/2026",
="800001789",="Present",="4/10/2026",
="800001798",="Present",="4/10/2026",
="800001802",="Present",="4/10/2026",
="800001517",="Present",="4/9/2026",
="800001580",="Present",="4/9/2026",
="800001593",="Present",="4/9/2026",
="800001633",="Present",="4/9/2026",
="800001643",="Present",="4/9/2026",
="800001665",="Present",="4/9/2026",
="800001708",="Present",="4/9/2026",
="800001761",="Present",="4/9/2026",
="800001789",="Present",="4/9/2026",
="800001798",="Present",="4/9/2026",
="800001802",="Absent",="4/9/2026",
="800001114",="Present",="4/16/2026",
="800001517",="Present",="4/16/2026",
="800001580",="Absent",="4/16/2026",
="800001593",="Present",="4/16/2026",
="800001633",="Present",="4/16/2026",
="800001643",="Present",="4/16/2026",
="800001665",="Present",="4/16/2026",
="800001689",="Absent",="4/16/2026",
="800001708",="Present",="4/16/2026",
="800001739",="Present",="4/16/2026",
="800001761",="Present",="4/16/2026",
="800001775",="Present",="4/16/2026",
="800001778",="Present",="4/16/2026",
="800001789",="Present",="4/16/2026",
="800001798",="Present",="4/16/2026",
="800001802",="Present",="4/16/2026",
="800001197",="No class",="4/12/2026",
="800001553",="Present",="4/12/2026",
="800001644",="Present",="4/12/2026",
="800001655",="Present",="4/12/2026",
="800001708",="No class",="4/12/2026",
="800001710",="Present",="4/12/2026",
="800001735",="Present",="4/12/2026",
="800001761",="Present",="4/12/2026",
="800001769",="Present",="4/12/2026",
="800001789",="Present",="4/12/2026",
="800001803",="Present",="4/12/2026",
="800001197",="No class",="4/5/2026",
="800001644",="Present",="4/5/2026",
="800001655",="Present",="4/5/2026",
="800001708",="No class",="4/5/2026",
="800001710",="Present",="4/5/2026",
="800001761",="Present",="4/5/2026",
="800001769",="Present",="4/5/2026",
="800001789",="Present",="4/5/2026",
="800001803",="Present",="4/5/2026",
="800001197",="No class",="4/9/2026",
="800001553",="Present",="4/9/2026",
="800001644",="Present",="4/9/2026",
="800001655",="Present",="4/9/2026",
="800001708",="No class",="4/9/2026",
="800001710",="Absent",="4/9/2026",
="800001735",="Present",="4/9/2026",
="800001769",="Present",="4/9/2026",
="800001803",="Present",="4/9/2026",
="800000348",="Present",="4/13/2026",
="800001308",="Present",="4/13/2026",
="800001862",="Present",="4/13/2026",
="800001934",="Present",="4/13/2026",
="800000348",="Present",="4/14/2026",
="800001308",="Present",="4/14/2026",
="800001862",="Present",="4/14/2026",
="800001934",="Present",="4/14/2026",
="800001910",="No class",="4/13/2026",
="800001197",="No class",="4/16/2026",
="800001553",="Present",="4/16/2026",
="800001644",="Present",="4/16/2026",
="800001655",="Present",="4/16/2026",
="800001708",="No class",="4/16/2026",
="800001710",="Present",="4/16/2026",
="800001735",="Present",="4/16/2026",
="800001769",="Present",="4/16/2026",
="800001803",="Present",="4/16/2026",
="770062103",="Absent",="4/15/2026",
="800000754",="Present",="4/15/2026",
="800000941",="Present",="4/15/2026",
="800001031",="Present",="4/15/2026",
="800001368",="Present",="4/15/2026",
="800001502",="Present",="4/15/2026",
="800001508",="Absent",="4/15/2026",
="800001626",="Present",="4/15/2026",
="800001701",="Present",="4/15/2026",
="800000348",="Present",="4/4/2026",
="800001308",="Present",="4/4/2026",
="800001862",="Present",="4/4/2026",
="800000348",="Present",="4/6/2026",
="800001308",="Present",="4/6/2026",
="800001862",="Present",="4/6/2026",
="800001934",="Present",="4/6/2026",
="800000348",="Present",="4/11/2026",
="800001308",="Present",="4/11/2026",
="800001862",="Present",="4/11/2026",
="800000348",="Present",="3/28/2026",
="800001308",="Present",="3/28/2026",
="800001862",="Present",="3/28/2026",
="800000348",="Present",="3/30/2026",
="800001308",="Present",="3/30/2026",
="800001862",="Present",="3/30/2026",
="800001934",="Present",="3/30/2026",
="800002044",="No class",="3/20/2026",
="800001845",="Present",="4/10/2026",
="800001955",="Present",="4/10/2026",
="800001986",="Present",="4/10/2026",
="800002008",="Present",="4/10/2026",
="800002026",="Present",="4/10/2026",
="800002044",="No class",="4/10/2026",
="800002049",="Present",="4/10/2026",
="800002064",="Present",="4/10/2026",
="800000722",="Present",="4/17/2026",
="800001513",="Present",="4/17/2026",
="800001591",="Present",="4/17/2026",
="800001513",="Absent",="4/17/2026",
="800001845",="Absent",="3/16/2026",
="800002044",="Absent",="3/23/2026",
="800000722",="Absent",="2/20/2026",
="800001513",="Absent",="2/20/2026",
="800000722",="Absent",="1/27/2026",
="800001513",="Absent",="1/27/2026",
="800000722",="Absent",="3/13/2026",
="800001513",="Absent",="3/13/2026",
="800000348",="Present",="4/18/2026",
="800001308",="Absent",="4/18/2026",
="800001862",="Present",="4/18/2026",
="800001934",="Present",="4/18/2026",
="770000323",="No class",="4/17/2026",
="770000409",="No class",="4/17/2026",
="800000934",="No class",="4/17/2026",
="800001142",="No class",="4/17/2026",
="800001196",="No class",="4/17/2026",
="800001292",="No class",="4/17/2026",
="800001318",="No class",="4/17/2026",
="800001410",="No class",="4/17/2026",
="800001679",="No class",="4/17/2026",
="800001943",="Present",="4/11/2026",
="800002008",="Present",="4/11/2026",
="800002052",="Present",="4/11/2026",
="800002053",="Present",="4/11/2026",
="800002059",="Present",="4/11/2026",
="800002062",="Absent",="4/11/2026",
="800002064",="Absent",="4/11/2026",
="800000952",="Absent",="4/20/2026",
="800001443",="Present",="4/20/2026",
="800001517",="Present",="4/20/2026",
="800001580",="Present",="4/20/2026",
="800001625",="Present",="4/20/2026",
="800001633",="Present",="4/20/2026",
="800001644",="Present",="4/20/2026",
="800001655",="Present",="4/20/2026",
="800001689",="Present",="4/20/2026",
="800001708",="Present",="4/20/2026",
="800001711",="Present",="4/20/2026",
="800001714",="Present",="4/20/2026",
="800001724",="Present",="4/20/2026",
="800001735",="Present",="4/20/2026",
="800001761",="Present",="4/20/2026",
="800001789",="Present",="4/20/2026",
="800001821",="Present",="4/20/2026",
="800001841",="Present",="4/20/2026",
="800001892",="Present",="4/20/2026",
="800001917",="Present",="4/20/2026",
="800001924",="Present",="4/20/2026",
="800001925",="Present",="4/20/2026",
="800001928",="Present",="4/20/2026",
="800000952",="Absent",="4/18/2026",
="800001580",="Present",="4/18/2026",
="800001625",="Present",="4/18/2026",
="800001697",="Present",="4/18/2026",
="800001711",="Present",="4/18/2026",
="800001712",="Absent",="4/18/2026",
="800001775",="Absent",="4/18/2026",
="800001813",="Present",="4/18/2026",
="800001580",="Absent",="4/4/2026",
="800001580",="Present",="3/30/2026",
="800000428",="Present",="4/15/2026",
="800000461",="Present",="4/15/2026",
="800000625",="Present",="4/15/2026",
="800000774",="Present",="4/15/2026",
="800000428",="Present",="4/8/2026",
="800000461",="Present",="4/8/2026",
="800000625",="Present",="4/8/2026",
="800000774",="Present",="4/8/2026",
="800001308",="Present",="4/16/2026",
="800001484",="Absent",="4/16/2026",
="800001543",="Present",="4/16/2026",
="800001572",="Present",="4/16/2026",
="800001590",="Present",="4/16/2026",
="800001623",="Present",="4/16/2026",
="800001634",="Present",="4/16/2026",
="800001723",="Present",="4/16/2026",
="800001852",="Present",="4/16/2026",
="800001862",="Present",="4/16/2026",
="800001867",="Absent",="4/16/2026",
="800001878",="Present",="4/16/2026",
="800001884",="Present",="4/16/2026",
="800001892",="Present",="4/16/2026",
="800001905",="Present",="4/16/2026",
="800001908",="Present",="4/16/2026",
="800001910",="Present",="4/16/2026",
="800001917",="Present",="4/16/2026",
="800001928",="Present",="4/16/2026",
="800001934",="Present",="4/16/2026",
="800001954",="Present",="4/16/2026",
="800000289",="Present",="4/19/2026",
="800000461",="Present",="4/19/2026",
="800001613",="Present",="4/19/2026",
="800000289",="Present",="4/20/2026",
="800000461",="Present",="4/20/2026",
="800001613",="Present",="4/20/2026",
="800000289",="Present",="4/13/2026",
="800000461",="Present",="4/13/2026",
="800001613",="Present",="4/13/2026",
="800001197",="Present",="4/16/2026",
="800001434",="Present",="4/16/2026",
="800001439",="Present",="4/16/2026",
="800001649",="Present",="4/16/2026",
="800001667",="Present",="4/16/2026",
="800001815",="Present",="4/16/2026",
="800001821",="Present",="4/16/2026",
="800001829",="Present",="4/16/2026",
="800001840",="Present",="4/16/2026",
="800001841",="Present",="4/16/2026",
="800001842",="Present",="4/16/2026",
="800001850",="Present",="4/16/2026",
="800001856",="Present",="4/16/2026",
="800001860",="Present",="4/16/2026",
="800001874",="Present",="4/16/2026",
="800001876",="Present",="4/16/2026",
="800001903",="Present",="4/16/2026",
="800001909",="Present",="4/16/2026",
="800001922",="Present",="4/16/2026",
="800001924",="Present",="4/16/2026",
="800001925",="Present",="4/16/2026",
="800001939",="Present",="4/16/2026",
="800001434",="Present",="4/21/2026",
="800001517",="Present",="4/21/2026",
="800001563",="Present",="4/21/2026",
="800001695",="Present",="4/21/2026",
="800001798",="Present",="4/21/2026",
="800001841",="Present",="4/21/2026",
="800001924",="Present",="4/21/2026",
="800001925",="Present",="4/21/2026",
="800001928",="Present",="4/21/2026",
="800001434",="Present",="4/20/2026",
="800001563",="Present",="4/20/2026",
="800001695",="Present",="4/20/2026",
="800001798",="Present",="4/20/2026",
="800000722",="Present",="4/18/2026",
="800001591",="Present",="4/18/2026",
="800001613",="Present",="4/18/2026",
="800001963",="Present",="4/18/2026",
="800001553",="Present",="4/21/2026",
="800001665",="Present",="4/21/2026",
="800001697",="Present",="4/21/2026",
="800001710",="Present",="4/21/2026",
="800001712",="Present",="4/21/2026",
="800001729",="Present",="4/21/2026",
="800001733",="Present",="4/21/2026",
="800001739",="Present",="4/21/2026",
="800001740",="Present",="4/21/2026",
="800001751",="Present",="4/21/2026",
="800001757",="Present",="4/21/2026",
="800001769",="Present",="4/21/2026",
="800001775",="Present",="4/21/2026",
="800001778",="Present",="4/21/2026",
="800001793",="Present",="4/21/2026",
="800001803",="Present",="4/21/2026",
="800001813",="Present",="4/21/2026",
="800001815",="Present",="4/21/2026",
="800001867",="Present",="4/21/2026",
="800000952",="Present",="4/21/2026",
="800001443",="Present",="4/21/2026",
="800001580",="Present",="4/21/2026",
="800001625",="Present",="4/21/2026",
="800001633",="Present",="4/21/2026",
="800001644",="Present",="4/21/2026",
="800001655",="Present",="4/21/2026",
="800001689",="Present",="4/21/2026",
="800001708",="Present",="4/21/2026",
="800001711",="Present",="4/21/2026",
="800001714",="Present",="4/21/2026",
="800001724",="Present",="4/21/2026",
="800001735",="Present",="4/21/2026",
="800001761",="Present",="4/21/2026",
="800001789",="Present",="4/21/2026",
="800001821",="Present",="4/21/2026",
="800001892",="Present",="4/21/2026",
="800001917",="Present",="4/21/2026",
="800001434",="Present",="4/15/2026",
="800001553",="Present",="4/15/2026",
="800001563",="Present",="4/15/2026",
="800001665",="Present",="4/15/2026",
="800001695",="Present",="4/15/2026",
="800001697",="Present",="4/15/2026",
="800001710",="Present",="4/15/2026",
="800001712",="Present",="4/15/2026",
="800001729",="Present",="4/15/2026",
="800001733",="Present",="4/15/2026",
="800001739",="Present",="4/15/2026",
="800001740",="Present",="4/15/2026",
="800001751",="Present",="4/15/2026",
="800001757",="Present",="4/15/2026",
="800001769",="Present",="4/15/2026",
="800001775",="Present",="4/15/2026",
="800001778",="Present",="4/15/2026",
="800001793",="Present",="4/15/2026",
="800001798",="Present",="4/15/2026",
="800001803",="Present",="4/15/2026",
="800001813",="Present",="4/15/2026",
="800001815",="Present",="4/15/2026",
="800001867",="Present",="4/15/2026",
="800001665",="No class",="2/13/2026",
="800001667",="No class",="2/13/2026",
="800001681",="No class",="2/13/2026",
="800001802",="No class",="2/13/2026",
="800001665",="Present",="2/27/2026",
="800001667",="Present",="2/27/2026",
="800001802",="Present",="2/27/2026",
="800001580",="No class",="3/11/2026",
="770017870",="No class",="3/11/2026",
="800001094",="No class",="3/11/2026",
="800001268",="No class",="3/11/2026",
="800001529",="No class",="3/11/2026",
="800001548",="No class",="3/11/2026",
="800001562",="No class",="3/11/2026",
="800001673",="No class",="3/11/2026",
="800001580",="Present",="4/1/2026",
="800001580",="Present",="3/25/2026",
="800001580",="Present",="3/18/2026",
="800001580",="Present",="3/16/2026",
="800001580",="Present",="3/17/2026",
="800001580",="Present",="3/23/2026",
="800001580",="Present",="3/24/2026",
="770017870",="No class",="2/4/2026",
="800001094",="No class",="2/4/2026",
="800001268",="No class",="2/4/2026",
="800001529",="No class",="2/4/2026",
="800001548",="No class",="2/4/2026",
="800001562",="No class",="2/4/2026",
="800001673",="No class",="2/4/2026",
="770017870",="No class",="2/11/2026",
="800001094",="No class",="2/11/2026",
="800001268",="No class",="2/11/2026",
="800001529",="No class",="2/11/2026",
="800001548",="No class",="2/11/2026",
="800001562",="No class",="2/11/2026",
="800001673",="No class",="2/11/2026",
="770017870",="No class",="2/18/2026",
="800001094",="No class",="2/18/2026",
="800001268",="No class",="2/18/2026",
="800001529",="No class",="2/18/2026",
="800001548",="No class",="2/18/2026",
="800001562",="No class",="2/18/2026",
="800001673",="No class",="2/18/2026",
="770017870",="No class",="2/25/2026",
="800001094",="No class",="2/25/2026",
="800001268",="No class",="2/25/2026",
="800001529",="No class",="2/25/2026",
="800001548",="No class",="2/25/2026",
="800001562",="No class",="2/25/2026",
="800001673",="No class",="2/25/2026",
="770017870",="No class",="3/4/2026",
="800001094",="No class",="3/4/2026",
="800001268",="No class",="3/4/2026",
="800001529",="No class",="3/4/2026",
="800001548",="No class",="3/4/2026",
="800001562",="No class",="3/4/2026",
="800001673",="No class",="3/4/2026",
="800001548",="No class",="4/9/2026",
="800001548",="No class",="2/12/2026",
="800001548",="Absent",="2/19/2026",
="770000737",="Present",="4/20/2026",
="800001842",="Present",="4/20/2026",
="800001845",="Present",="4/20/2026",
="800001903",="Present",="4/20/2026",
="800001909",="Present",="4/20/2026",
="800001921",="Present",="4/20/2026",
="800001922",="Absent",="4/20/2026",
="800001939",="Present",="4/20/2026",
="800001943",="Present",="4/20/2026",
="800001955",="Present",="4/20/2026",
="800001983",="Present",="4/20/2026",
="800001986",="Present",="4/20/2026",
="800001987",="Present",="4/20/2026",
="800002008",="Present",="4/20/2026",
="800002023",="Present",="4/20/2026",
="800002026",="Present",="4/20/2026",
="800002029",="Present",="4/20/2026",
="800002042",="Present",="4/20/2026",
="800002044",="Present",="4/20/2026",
="800002049",="Present",="4/20/2026",
="800002052",="Absent",="4/20/2026",
="800002062",="Present",="4/20/2026",
="800002064",="Absent",="4/20/2026",
="800001633",="Present",="4/17/2026",
="800001665",="Present",="4/17/2026",
="800001775",="Present",="4/17/2026",
="800001778",="Present",="4/17/2026",
="800001633",="Present",="4/18/2026",
="800001665",="Present",="4/18/2026",
="800001778",="Absent",="4/18/2026",
="800001910",="Present",="3/30/2026",
="800001517",="Present",="4/2/2026",
="800001580",="Present",="4/2/2026",
="800001593",="Present",="4/2/2026",
="800001633",="Present",="4/2/2026",
="800001643",="Present",="4/2/2026",
="800001665",="Present",="4/2/2026",
="800001708",="Present",="4/2/2026",
="800001798",="Present",="4/2/2026",
="800001802",="Present",="4/2/2026",
="800000348",="Present",="4/7/2026",
="800001308",="Present",="4/7/2026",
="800001862",="Present",="4/7/2026",
="800001934",="Present",="4/7/2026",
="800000348",="Present",="4/20/2026",
="800001308",="Present",="4/20/2026",
="800001862",="Present",="4/20/2026",
="800001934",="Present",="4/20/2026",
="800001910",="Present",="4/20/2026",
="800001114",="Present",="4/23/2026",
="800001517",="Present",="4/23/2026",
="800001580",="Present",="4/23/2026",
="800001593",="Present",="4/23/2026",
="800001633",="Present",="4/23/2026",
="800001643",="Present",="4/23/2026",
="800001665",="Present",="4/23/2026",
="800001689",="Present",="4/23/2026",
="800001708",="Present",="4/23/2026",
="800001739",="Present",="4/23/2026",
="800001761",="Present",="4/23/2026",
="800001775",="Present",="4/23/2026",
="800001778",="Present",="4/23/2026",
="800001789",="Present",="4/23/2026",
="800001798",="Present",="4/23/2026",
="800001802",="Present",="4/23/2026",
="800001983",="Absent",="4/18/2026",
="800001986",="Present",="4/18/2026",
="800001987",="Present",="4/18/2026",
="800002023",="Present",="4/18/2026",
="800002026",="Present",="4/18/2026",
="800002029",="Present",="4/18/2026",
="800002049",="Present",="4/18/2026",
="800002051",="Absent",="4/18/2026",
="800002062",="Present",="4/18/2026",
="800000754",="Present",="3/4/2026",
="800001368",="Absent",="3/4/2026",
="770062103",="No class",="3/11/2026",
="800000754",="No class",="3/11/2026",
="800000941",="No class",="3/11/2026",
="800001031",="No class",="3/11/2026",
="800001368",="No class",="3/11/2026",
="800001502",="No class",="3/11/2026",
="800001508",="No class",="3/11/2026",
="800001626",="No class",="3/11/2026",
="800001657",="No class",="3/11/2026",
="800001701",="No class",="3/11/2026",
="770062103",="No class",="3/18/2026",
="800000754",="No class",="3/18/2026",
="800000941",="No class",="3/18/2026",
="800001031",="No class",="3/18/2026",
="800001368",="No class",="3/18/2026",
="800001502",="No class",="3/18/2026",
="800001508",="No class",="3/18/2026",
="800001626",="No class",="3/18/2026",
="800001657",="No class",="3/18/2026",
="800001701",="No class",="3/18/2026",
="770062103",="No class",="4/8/2026",
="800000754",="No class",="4/8/2026",
="800000941",="No class",="4/8/2026",
="800001031",="No class",="4/8/2026",
="800001368",="No class",="4/8/2026",
="800001502",="No class",="4/8/2026",
="800001508",="No class",="4/8/2026",
="800001626",="No class",="4/8/2026",
="800001657",="No class",="4/8/2026",
="800001701",="No class",="4/8/2026",
="770062103",="No class",="4/15/2026",
="800000754",="No class",="4/15/2026",
="800000941",="No class",="4/15/2026",
="800001031",="No class",="4/15/2026",
="800001368",="No class",="4/15/2026",
="800001502",="No class",="4/15/2026",
="800001508",="No class",="4/15/2026",
="800001626",="No class",="4/15/2026",
="800001657",="No class",="4/15/2026",
="800001701",="No class",="4/15/2026",
="800001591",="Present",="4/23/2026",
="800001983",="Absent",="4/25/2026",
="800001986",="Present",="4/25/2026",
="800001987",="Present",="4/25/2026",
="800002023",="Present",="4/25/2026",
="800002026",="Present",="4/25/2026",
="800002029",="Present",="4/25/2026",
="800002049",="Present",="4/25/2026",
="800002051",="Absent",="4/25/2026",
="800002062",="Present",="4/25/2026",
="770017870",="No class",="4/23/2026",
="800001094",="No class",="4/23/2026",
="800001268",="No class",="4/23/2026",
="800001529",="No class",="4/23/2026",
="800001548",="No class",="4/23/2026",
="800001562",="No class",="4/23/2026",
="800001673",="No class",="4/23/2026",
="770062103",="Present",="4/23/2026",
="800000754",="Present",="4/23/2026",
="800001502",="Present",="4/23/2026",
="800001657",="Present",="4/23/2026",
="800001701",="Present",="4/23/2026",
="800001958",="Present",="4/23/2026",
="800001959",="Present",="4/23/2026",
="800001963",="Present",="4/23/2026",
="800000722",="Present",="4/24/2026",
="800001513",="Present",="4/24/2026",
="800001591",="Present",="4/24/2026",
="800002005",="Present",="3/18/2026",
="800000722",="Present",="4/22/2026",
="800001513",="Present",="4/22/2026",
="800001591",="Present",="4/22/2026",
="800000927",="Present",="4/21/2026",
="800001031",="Present",="4/21/2026",
="800001094",="Present",="4/21/2026",
="800001410",="Present",="4/21/2026",
="800001529",="Present",="4/21/2026",
="800001548",="Present",="4/21/2026",
="800001958",="Present",="5/4/2026",
="800001959",="Present",="5/4/2026",
="800001963",="Present",="5/4/2026",
="770062103",="Absent",="5/4/2026",
="800001445",="Present",="5/4/2026",
="800001468",="Present",="5/4/2026",
="800001598",="Absent",="5/4/2026",
="800001607",="Tardy/Late",="5/4/2026",
="800001688",="Present",="5/4/2026",
="800001701",="Present",="5/4/2026",
="800001712",="Present",="5/4/2026",
="800001740",="Present",="5/4/2026",
="800001902",="Present",="5/4/2026",
="800002005",="Tardy/Late",="5/4/2026",
="800001268",="Absent",="5/4/2026",
="800001502",="Present",="5/4/2026",
="800001508",="Present",="5/4/2026",
="800001626",="Absent",="5/4/2026",
="800001657",="Present",="5/4/2026",
="770000205",="Absent",="5/4/2026",
="770062806",="Absent",="5/4/2026",
="800001066",="Present",="5/4/2026",
="800001560",="Present",="5/4/2026",
="800001830",="Present",="5/4/2026",
="800002067",="Present",="5/4/2026",
="800002071",="Present",="5/4/2026",
="800002079",="Present",="5/4/2026",
="800002080",="Present",="5/4/2026",
="800002092",="Present",="5/4/2026",
="800002093",="Present",="5/4/2026",
="800002099",="Present",="5/4/2026",
="800002103",="Absent",="5/4/2026",
="800002106",="Present",="5/4/2026",
="800002107",="Present",="5/4/2026",
="800002109",="Present",="5/4/2026",
="800002120",="Present",="5/4/2026",
="800002122",="Present",="5/4/2026",
="800002123",="Present",="5/4/2026",
="800002128",="Present",="5/4/2026",
="800002136",="Present",="5/4/2026",
="800002142",="Present",="5/4/2026",
="800002154",="Present",="5/4/2026",
="800002160",="Present",="5/4/2026",
="800002162",="Present",="5/4/2026",
="800002171",="Present",="5/4/2026",
="800002172",="Present",="5/4/2026",
="800002178",="Present",="5/4/2026",
="800000072",="Absent",="5/4/2026",
="800000754",="Present",="5/4/2026",
="800000927",="Present",="5/4/2026",
="800001094",="Present",="5/4/2026",
="800001368",="Present",="5/4/2026",
="800001529",="Present",="5/4/2026",
="800001548",="Present",="5/4/2026",
="800001591",="Present",="5/4/2026",
="800001673",="Present",="5/4/2026",
="800000463",="Present",="5/4/2026",
="800001463",="Absent",="5/4/2026",
="800001833",="Absent",="5/4/2026",
="800001845",="Present",="5/4/2026",
="800001909",="Present",="5/4/2026",
="800001921",="Present",="5/4/2026",
="800001998",="Present",="5/4/2026",
="800002007",="Present",="5/4/2026",
="800002034",="Present",="5/4/2026",
="800002042",="Present",="5/4/2026",
="800002049",="Present",="5/4/2026",
="800002064",="Present",="5/4/2026",
="800002081",="Present",="5/4/2026",
="800002087",="Present",="5/4/2026",
="800002088",="Present",="5/4/2026",
="800002100",="Present",="5/4/2026",
="800002104",="Present",="5/4/2026",
="800002111",="Present",="5/4/2026",
="800002112",="Absent",="5/4/2026",
="800002113",="Absent",="5/4/2026",
="800002114",="Present",="5/4/2026",
="800002127",="Present",="5/4/2026",
="800002132",="Present",="5/4/2026",
="800002133",="Present",="5/4/2026",
="800002134",="Present",="5/4/2026",
="800002141",="Present",="5/4/2026",
="800002143",="Present",="5/4/2026",
="800002145",="Absent",="5/4/2026",
="800002177",="Present",="5/4/2026",
="800001114",="Present",="5/4/2026",
="800001434",="Present",="5/4/2026",
="800001443",="Present",="5/4/2026",
="800001563",="Present",="5/4/2026",
="800001633",="Present",="5/4/2026",
="800001650",="Present",="5/4/2026",
="800001665",="Present",="5/4/2026",
="800001689",="Present",="5/4/2026",
="800001708",="Present",="5/4/2026",
="800001710",="Present",="5/4/2026",
="800001714",="Present",="5/4/2026",
="800001724",="Present",="5/4/2026",
="800001729",="Present",="5/4/2026",
="800001735",="Present",="5/4/2026",
="800001739",="Present",="5/4/2026",
="800001761",="Present",="5/4/2026",
="800001769",="Present",="5/4/2026",
="800001771",="Present",="5/4/2026",
="800001775",="Present",="5/4/2026",
="800001798",="Present",="5/4/2026",
="800001802",="Present",="5/4/2026",
="800001815",="Present",="5/4/2026",
="800001821",="Present",="5/4/2026",
="800001841",="Present",="5/4/2026",
="800001862",="Present",="5/4/2026",
="800001892",="Present",="5/4/2026",
="800001917",="Present",="5/4/2026",
="800001924",="Present",="5/4/2026",
="800001925",="Present",="5/4/2026",
="800001928",="Present",="5/4/2026",
="800001934",="Present",="5/4/2026",
="770062806",="Absent",="5/5/2026",
="800001066",="Present",="5/5/2026",
="800001560",="Present",="5/5/2026",
="800001830",="Present",="5/5/2026",
="800002067",="Present",="5/5/2026",
="800002071",="Present",="5/5/2026",
="800002079",="Present",="5/5/2026",
="800002092",="Present",="5/5/2026",
="800002093",="Present",="5/5/2026",
="800002099",="Present",="5/5/2026",
="800002103",="Absent",="5/5/2026",
="800002106",="Present",="5/5/2026",
="800002107",="Present",="5/5/2026",
="800002109",="Present",="5/5/2026",
="800002122",="Present",="5/5/2026",
="800002123",="Present",="5/5/2026",
="800002128",="Present",="5/5/2026",
="800002136",="Present",="5/5/2026",
="800002142",="Present",="5/5/2026",
="800002160",="Present",="5/5/2026",
="800002162",="Present",="5/5/2026",
="800002172",="Present",="5/5/2026",
="800000072",="Present",="5/5/2026",
="800002080",="Present",="5/5/2026",
="800002120",="Present",="5/5/2026",
="800002154",="Present",="5/5/2026",
="800002171",="Present",="5/5/2026",
="800001066",="Absent",="5/5/2026",
="800001560",="Absent",="5/5/2026",
="800000754",="Present",="5/5/2026",
="800001368",="Present",="5/5/2026",
="800001502",="Present",="5/5/2026",
="800001548",="Present",="5/5/2026",
="800001562",="Present",="5/5/2026",
="800001591",="Present",="5/5/2026",
="800001657",="Present",="5/5/2026",
="800001673",="Present",="5/5/2026",
="800001701",="Present",="5/5/2026",
="800001543",="Present",="5/5/2026",
="800001623",="Present",="5/5/2026",
="800001634",="Tardy/Late",="5/5/2026",
="800001723",="Present",="5/5/2026",
="800001846",="Present",="5/5/2026",
="800001852",="Present",="5/5/2026",
="800001863",="Present",="5/5/2026",
="800001884",="Present",="5/5/2026",
="800001888",="Present",="5/5/2026",
="800001954",="Present",="5/5/2026",
="800001985",="Present",="5/5/2026",
="800002010",="Present",="5/5/2026",
="800002011",="Present",="5/5/2026",
="800002021",="Present",="5/5/2026",
="800002035",="Present",="5/5/2026",
="800002053",="Present",="5/5/2026",
="800002059",="Present",="5/5/2026",
="800001543",="Present",="5/4/2026",
="800001623",="Present",="5/4/2026",
="800001634",="Absent",="5/4/2026",
="800001723",="Present",="5/4/2026",
="800001846",="Present",="5/4/2026",
="800001852",="Present",="5/4/2026",
="800001863",="Present",="5/4/2026",
="800001884",="Present",="5/4/2026",
="800001888",="Present",="5/4/2026",
="800001954",="Present",="5/4/2026",
="800001985",="Present",="5/4/2026",
="800002010",="Present",="5/4/2026",
="800002011",="Present",="5/4/2026",
="800002021",="Present",="5/4/2026",
="800002035",="Present",="5/4/2026",
="800002053",="Present",="5/4/2026",
="800002059",="Present",="5/4/2026",
="800001197",="Absent",="5/5/2026",
="800001439",="Present",="5/5/2026",
="800001649",="Present",="5/5/2026",
="800001691",="Present",="5/5/2026",
="800001829",="Present",="5/5/2026",
="800001840",="Present",="5/5/2026",
="800001842",="Present",="5/5/2026",
="800001850",="Present",="5/5/2026",
="800001856",="Present",="5/5/2026",
="800001860",="Present",="5/5/2026",
="800001864",="Present",="5/5/2026",
="800001874",="Present",="5/5/2026",
="800001876",="Present",="5/5/2026",
="800001903",="Present",="5/5/2026",
="800001905",="Present",="5/5/2026",
="800001908",="Present",="5/5/2026",
="800001955",="Present",="5/5/2026",
="800001986",="Absent",="5/5/2026",
="800001987",="Present",="5/5/2026",
="800002008",="Absent",="5/5/2026",
="800002017",="Present",="5/5/2026",
="800002026",="Present",="5/5/2026",
="800002029",="Present",="5/5/2026",
="800002062",="Present",="5/5/2026",
="800001197",="Absent",="5/4/2026",
="800001439",="Present",="5/4/2026",
="800001649",="Present",="5/4/2026",
="800001691",="Present",="5/4/2026",
="800001829",="Present",="5/4/2026",
="800001840",="Present",="5/4/2026",
="800001842",="Present",="5/4/2026",
="800001850",="Present",="5/4/2026",
="800001856",="Present",="5/4/2026",
="800001860",="Present",="5/4/2026",
="800001864",="Present",="5/4/2026",
="800001874",="Present",="5/4/2026",
="800001876",="Absent",="5/4/2026",
="800001903",="Present",="5/4/2026",
="800001905",="Present",="5/4/2026",
="800001908",="Present",="5/4/2026",
="800001955",="Present",="5/4/2026",
="800001986",="Present",="5/4/2026",
="800001987",="Present",="5/4/2026",
="800002008",="Present",="5/4/2026",
="800002017",="Present",="5/4/2026",
="800002026",="Present",="5/4/2026",
="800002029",="Present",="5/4/2026",
="800002062",="Present",="5/4/2026",
="770000205",="Absent",="5/6/2026",
="770062806",="Present",="5/6/2026",
="800000072",="Present",="5/6/2026",
="800000495",="Present",="5/6/2026",
="800001972",="Absent",="5/6/2026",
="800002071",="Present",="5/6/2026",
="800002079",="Present",="5/6/2026",
="800002080",="Present",="5/6/2026",
="800002092",="Present",="5/6/2026",
="800002093",="Present",="5/6/2026",
="800002099",="Absent",="5/6/2026",
="800002103",="Absent",="5/6/2026",
="800002106",="Present",="5/6/2026",
="800002107",="Present",="5/6/2026",
="800002109",="Present",="5/6/2026",
="800002120",="Present",="5/6/2026",
="800002122",="Present",="5/6/2026",
="800002123",="Present",="5/6/2026",
="800002128",="Present",="5/6/2026",
="800002136",="Present",="5/6/2026",
="800002142",="Present",="5/6/2026",
="800002154",="Present",="5/6/2026",
="800002160",="Present",="5/6/2026",
="800002165",="Present",="5/6/2026",
="800002171",="Present",="5/6/2026",
="800001623",="Absent",="5/4/2026",
="800001634",="Present",="5/4/2026",
="800001876",="Present",="5/4/2026",
="800001414",="Absent",="5/6/2026",
="800001415",="Absent",="5/6/2026",
="800001445",="Present",="5/6/2026",
="800001468",="Present",="5/6/2026",
="800001508",="Absent",="5/6/2026",
="800001598",="Absent",="5/6/2026",
="800001740",="Present",="5/6/2026",
="800002057",="Absent",="5/6/2026",
="800002144",="Present",="5/6/2026",
="800002174",="Present",="5/6/2026",
="800001414",="Present",="5/6/2026",
="800001508",="Present",="5/6/2026",
="800002044",="Present",="3/17/2026",
="800001845",="Present",="3/11/2026",
="800001845",="Present",="3/17/2026",
="800001845",="Present",="3/18/2026",
="800000348",="Present",="5/5/2026",
="800001633",="Present",="5/5/2026",
="800001689",="Present",="5/5/2026",
="800001821",="Present",="5/5/2026",
="800001841",="Present",="5/5/2026",
="800001876",="No class",="5/5/2026",
="800001917",="Present",="5/5/2026",
="800001924",="Present",="5/5/2026",
="800001925",="Present",="5/5/2026",
="800001928",="Present",="5/5/2026",
="800001197",="Absent",="5/6/2026",
="800001649",="Present",="5/6/2026",
="800001691",="Present",="5/6/2026",
="800001841",="Present",="5/6/2026",
="800001842",="Present",="5/6/2026",
="800001856",="Present",="5/6/2026",
="800001874",="Present",="5/6/2026",
="800001903",="Present",="5/6/2026",
="800001905",="Present",="5/6/2026",
="800001910",="Present",="5/6/2026",
="800001921",="Present",="5/6/2026",
="800001943",="Present",="5/6/2026",
="800001955",="Present",="5/6/2026",
="800001986",="Present",="5/6/2026",
="800001987",="Present",="5/6/2026",
="800002008",="Present",="5/6/2026",
="800002017",="Present",="5/6/2026",
="800002020",="Present",="5/6/2026",
="800002026",="Present",="5/6/2026",
="800002029",="Present",="5/6/2026",
="800002044",="Present",="5/6/2026",
="800002062",="Present",="5/6/2026",
="800001634",="Present",="5/6/2026",
="800001878",="Present",="5/6/2026",
="800001934",="Present",="5/6/2026",
="800000722",="Present",="5/6/2026",
="800001513",="Present",="5/6/2026",
="800001114",="Present",="5/6/2026",
="800001330",="Present",="5/6/2026",
="800001434",="Present",="5/6/2026",
="800001443",="Present",="5/6/2026",
="800001498",="Present",="5/6/2026",
="800001533",="Present",="5/6/2026",
="800001563",="Present",="5/6/2026",
="800001625",="Present",="5/6/2026",
="800001633",="Present",="5/6/2026",
="800001644",="Present",="5/6/2026",
="800001650",="Present",="5/6/2026",
="800001665",="Present",="5/6/2026",
="800001695",="Present",="5/6/2026",
="800001708",="Present",="5/6/2026",
="800001710",="Present",="5/6/2026",
="800001724",="Present",="5/6/2026",
="800001729",="Present",="5/6/2026",
="800001735",="Present",="5/6/2026",
="800001757",="Present",="5/6/2026",
="800001761",="Present",="5/6/2026",
="800001769",="Present",="5/6/2026",
="800001771",="Present",="5/6/2026",
="800001775",="Present",="5/6/2026",
="800001778",="Present",="5/6/2026",
="800001789",="Present",="5/6/2026",
="800001798",="Present",="5/6/2026",
="800001802",="Present",="5/6/2026",
="800001803",="Present",="5/6/2026",
="800001815",="Present",="5/6/2026",
="800001821",="Present",="5/6/2026",
="800001862",="Present",="5/6/2026",
="800001892",="Present",="5/6/2026",
="800001924",="Present",="5/6/2026",
="800001925",="Present",="5/6/2026",
="800001466",="Present",="5/6/2026",
="800001591",="Present",="5/6/2026",
="800001607",="Present",="5/5/2026",
="800001902",="Present",="5/5/2026",
="770062103",="Absent",="5/6/2026",
="800001607",="Present",="5/6/2026",
="800001688",="Present",="5/6/2026",
="800001712",="Present",="5/6/2026",
="800001813",="Absent",="5/6/2026",
="800001902",="Present",="5/6/2026",
="800002005",="Present",="5/6/2026",
="800001958",="Present",="5/6/2026",
="800001959",="Present",="5/6/2026",
="800001963",="Present",="5/6/2026",
="800000348",="Present",="5/7/2026",
="800001434",="Present",="5/7/2026",
="800001439",="Present",="5/7/2026",
="800001735",="Present",="5/7/2026",
="800001771",="Present",="5/7/2026",
="800001815",="Present",="5/7/2026",
="800001829",="Present",="5/7/2026",
="800001840",="Present",="5/7/2026",
="800001852",="Present",="5/7/2026",
="800001862",="Present",="5/7/2026",
="800001864",="Present",="5/7/2026",
="800001876",="Present",="5/7/2026",
="800001878",="Present",="5/7/2026",
="800001884",="Present",="5/7/2026",
="800001892",="Present",="5/7/2026",
="800001905",="Present",="5/7/2026",
="800001908",="Present",="5/7/2026",
="800001928",="Present",="5/7/2026",
="800001954",="Present",="5/7/2026",
="800001414",="Present",="5/7/2026",
="800001445",="Present",="5/7/2026",
="800001468",="Present",="5/7/2026",
="800001598",="Absent",="5/7/2026",
="800001688",="Present",="5/7/2026",
="800001712",="Present",="5/7/2026",
="800001740",="Present",="5/7/2026",
="800001813",="Present",="5/7/2026",
="800001902",="Present",="5/7/2026",
="800002005",="Present",="5/7/2026",
="800002057",="Absent",="5/7/2026",
="770000737",="Present",="5/7/2026",
="800001543",="Present",="5/7/2026",
="800001723",="Present",="5/7/2026",
="800001739",="Present",="5/7/2026",
="800001846",="Present",="5/7/2026",
="800001863",="Present",="5/7/2026",
="800001934",="Present",="5/7/2026",
="800001950",="Present",="5/7/2026",
="800001985",="Present",="5/7/2026",
="800002010",="Present",="5/7/2026",
="800002011",="Present",="5/7/2026",
="800002021",="Present",="5/7/2026",
="800002035",="Present",="5/7/2026",
="800002036",="Present",="5/7/2026",
="800002053",="Present",="5/7/2026",
="800002059",="Present",="5/7/2026",
="770062103",="Absent",="5/7/2026",
="800001972",="Absent",="5/7/2026",
="800002144",="Present",="5/7/2026",
="800002174",="Present",="5/7/2026",
="770062806",="Absent",="5/8/2026",
="800000072",="Tardy/Late",="5/8/2026",
="800000495",="Tardy/Late",="5/8/2026",
="800001066",="Tardy/Late",="5/8/2026",
="800002071",="Tardy/Late",="5/8/2026",
="800002079",="Tardy/Late",="5/8/2026",
="800002092",="Tardy/Late",="5/8/2026",
="800002099",="Tardy/Late",="5/8/2026",
="800002103",="Absent",="5/8/2026",
="800002106",="Tardy/Late",="5/8/2026",
="800002107",="Tardy/Late",="5/8/2026",
="800002109",="Tardy/Late",="5/8/2026",
="800002120",="Tardy/Late",="5/8/2026",
="800002122",="Tardy/Late",="5/8/2026",
="800002123",="Tardy/Late",="5/8/2026",
="800002128",="Tardy/Late",="5/8/2026",
="800002136",="Present",="5/8/2026",
="800002142",="Tardy/Late",="5/8/2026",
="800002154",="Tardy/Late",="5/8/2026",
="800002160",="Tardy/Late",="5/8/2026",
="800002165",="Tardy/Late",="5/8/2026",
="800002171",="Absent",="5/8/2026",
="800002172",="Tardy/Late",="5/8/2026",
="800002179",="Absent",="5/8/2026",
="800002180",="Absent",="5/8/2026",
="800000495",="Absent",="5/4/2026",
="800002156",="Absent",="5/4/2026",
="800002165",="Present",="5/4/2026",
="770000323",="Present",="5/6/2026",
="770000409",="Present",="5/6/2026",
="770017870",="Present",="5/6/2026",
="800000927",="Present",="5/6/2026",
="800001094",="Present",="5/6/2026",
="800001268",="Absent",="5/6/2026",
="800001410",="Present",="5/6/2026",
="800001529",="Present",="5/6/2026",
="800001548",="Present",="5/6/2026",
="800001562",="Present",="5/6/2026",
="800001466",="Present",="5/8/2026",
="800001591",="Present",="5/8/2026",
="800000495",="Present",="5/8/2026",
="800001466",="Absent excused",="5/8/2026",
="800002165",="Present",="5/8/2026",
="800000927",="Present",="5/8/2026",
="800001557",="Absent",="5/8/2026",
="800001607",="Present",="5/8/2026",
="800001626",="Present",="5/8/2026",
="800001657",="Present",="5/8/2026",
="800001681",="Present",="5/8/2026",
="800000754",="Present",="5/7/2026",
="800001368",="Present",="5/7/2026",
="800001502",="Present",="5/7/2026",
="800001508",="Present",="5/7/2026",
="800001626",="Present",="5/7/2026",
="800001657",="Present",="5/7/2026",
="800001701",="Present",="5/7/2026",
="800000463",="Present",="5/7/2026",
="800001463",="Absent",="5/7/2026",
="800001638",="Present",="5/7/2026",
="800002007",="Present",="5/7/2026",
="800002034",="Present",="5/7/2026",
="800002064",="Present",="5/7/2026",
="800002081",="Present",="5/7/2026",
="800002087",="Present",="5/7/2026",
="800002100",="Present",="5/7/2026",
="800002104",="Present",="5/7/2026",
="800002111",="Present",="5/7/2026",
="800002112",="Present",="5/7/2026",
="800002113",="Absent",="5/7/2026",
="800002114",="Present",="5/7/2026",
="800002127",="Present",="5/7/2026",
="800002132",="Present",="5/7/2026",
="800002133",="Present",="5/7/2026",
="800002134",="Present",="5/7/2026",
="800002141",="Present",="5/7/2026",
="800002143",="Present",="5/7/2026",
="800002145",="Absent",="5/7/2026",
="800002177",="Present",="5/7/2026",
="800002179",="Absent",="5/7/2026",
="770062103",="Absent",="5/10/2026",
="800001198",="Absent",="5/10/2026",
="800001325",="Present",="5/10/2026",
="800001415",="Absent",="5/10/2026",
="800001443",="Present",="5/10/2026",
="800001459",="Present",="5/10/2026",
="800001529",="Present",="5/10/2026",
="800001553",="Absent",="5/10/2026",
="800001557",="Absent",="5/10/2026",
="800001681",="Present",="5/10/2026",
="800001813",="Present",="5/10/2026",
="800002005",="Present",="5/10/2026",
="800001638",="Present",="5/8/2026",
="800001955",="Present",="5/8/2026",
="800001986",="Present",="5/8/2026",
="800002008",="Present",="5/8/2026",
="800002044",="Present",="5/8/2026",
="800002049",="Present",="5/8/2026",
="800002062",="Present",="5/8/2026",
="800002144",="Present",="5/8/2026",
="800002174",="Present",="5/8/2026",
="800001414",="Present",="5/10/2026",
="800001505",="Present",="5/10/2026",
="800001508",="Present",="5/10/2026",
="800001553",="Present",="5/10/2026",
="800001557",="Present",="5/10/2026",
="800001598",="Present",="5/10/2026",
="800001605",="Present",="5/10/2026",
="800001740",="Present",="5/10/2026",
="800001902",="Present",="5/10/2026",
="800001508",="Absent",="5/7/2026",
="800001958",="Present",="5/10/2026",
="800001959",="Present",="5/10/2026",
="800001963",="Present",="5/10/2026",
="800002179",="Absent",="5/4/2026",
="800002180",="Absent",="5/4/2026",
="800001910",="Absent",="5/4/2026",
="800001910",="Absent",="5/5/2026",
="800001940",="Absent",="5/4/2026",
="800001813",="Absent",="5/4/2026",
="800002180",="Absent",="5/5/2026",
="770062806",="Present",="5/11/2026",
="800000072",="Present",="5/11/2026",
="800001066",="Present",="5/11/2026",
="800001560",="Present",="5/11/2026",
="800001830",="Present",="5/11/2026",
="800002067",="Present",="5/11/2026",
="800002071",="Present",="5/11/2026",
="800002079",="Present",="5/11/2026",
="800002080",="Present",="5/11/2026",
="800002092",="Present",="5/11/2026",
="800002093",="Present",="5/11/2026",
="800002099",="Present",="5/11/2026",
="800002103",="Absent",="5/11/2026",
="800002106",="Present",="5/11/2026",
="800002107",="Present",="5/11/2026",
="800002109",="Present",="5/11/2026",
="800002120",="Present",="5/11/2026",
="800002122",="Present",="5/11/2026",
="800002123",="Present",="5/11/2026",
="800002128",="Present",="5/11/2026",
="800002136",="Present",="5/11/2026",
="800002142",="Present",="5/11/2026",
="800002154",="Present",="5/11/2026",
="800002160",="Present",="5/11/2026",
="800002162",="Present",="5/11/2026",
="800002171",="Absent",="5/11/2026",
="800002172",="Present",="5/11/2026",
="800002180",="Present",="5/11/2026",
="800001198",="Absent",="5/5/2026",
="800001940",="Absent",="5/5/2026",
="800000495",="Absent",="5/10/2026",
="800000927",="Present",="5/10/2026",
="800001459",="Absent",="5/10/2026",
="800001657",="Present",="5/10/2026",
="800002165",="Present",="5/10/2026",
="800002162",="Absent",="5/6/2026",
="800001884",="Absent",="5/6/2026",
="800001888",="Absent",="5/6/2026",
="800001954",="Absent",="5/6/2026",
="800001689",="Absent",="5/6/2026",
="800000941",="Absent",="5/6/2026",
="800000463",="Present",="5/10/2026",
="800001463",="Absent",="5/10/2026",
="800001638",="Present",="5/10/2026",
="800002007",="Present",="5/10/2026",
="800002034",="Present",="5/10/2026",
="800002064",="Present",="5/10/2026",
="800002080",="Present",="5/10/2026",
="800002081",="Present",="5/10/2026",
="800002087",="Present",="5/10/2026",
="800002088",="Present",="5/10/2026",
="800002093",="Present",="5/10/2026",
="800002100",="Present",="5/10/2026",
="800002104",="Present",="5/10/2026",
="800002111",="Present",="5/10/2026",
="800002113",="Absent",="5/10/2026",
="800002114",="Present",="5/10/2026",
="800002127",="Present",="5/10/2026",
="800002132",="Present",="5/10/2026",
="800002133",="Present",="5/10/2026",
="800002134",="Present",="5/10/2026",
="800002141",="Present",="5/10/2026",
="800002143",="Present",="5/10/2026",
="800002145",="Absent",="5/10/2026",
="800002162",="Present",="5/10/2026",
="800002177",="Present",="5/10/2026",
="800001972",="Absent",="5/10/2026",
="800002020",="Present",="5/10/2026",
="800002035",="Present",="5/10/2026",
="800002036",="Present",="5/10/2026",
="800002042",="Present",="5/10/2026",
="800002062",="Present",="5/10/2026",
="800002144",="Present",="5/10/2026",
="800002177",="Absent",="5/10/2026",
="800002179",="Absent",="5/10/2026",
="800002180",="Present",="5/10/2026",
="800001863",="Present",="5/10/2026",
="800001985",="Present",="5/10/2026",
="800002011",="Present",="5/10/2026",
="800002017",="Present",="5/10/2026",
="800002021",="Present",="5/10/2026",
="800002029",="Present",="5/10/2026",
="800002053",="Present",="5/10/2026",
="800002059",="Present",="5/10/2026",
="800002112",="Absent",="5/10/2026",
="800002127",="Absent",="5/10/2026",
="800002174",="Present",="5/10/2026",
="800001543",="Present",="5/11/2026",
="800001634",="Present",="5/11/2026",
="800001723",="Present",="5/11/2026",
="800001846",="Present",="5/11/2026",
="800001852",="Present",="5/11/2026",
="800001863",="Present",="5/11/2026",
="800001876",="Present",="5/11/2026",
="800001884",="Present",="5/11/2026",
="800001888",="Present",="5/11/2026",
="800001954",="Present",="5/11/2026",
="800001985",="Present",="5/11/2026",
="800002010",="Absent",="5/11/2026",
="800002011",="Present",="5/11/2026",
="800002021",="Present",="5/11/2026",
="800002035",="Present",="5/11/2026",
="800002053",="Present",="5/11/2026",
="800002059",="Present",="5/11/2026",
="800001197",="Absent",="5/11/2026",
="800001439",="Present",="5/11/2026",
="800001623",="Present",="5/11/2026",
="800001649",="Present",="5/11/2026",
="800001691",="Present",="5/11/2026",
="800001829",="Present",="5/11/2026",
="800001840",="Present",="5/11/2026",
="800001842",="Present",="5/11/2026",
="800001850",="Present",="5/11/2026",
="800001856",="Present",="5/11/2026",
="800001860",="Present",="5/11/2026",
="800001864",="Present",="5/11/2026",
="800001874",="Present",="5/11/2026",
="800001903",="Present",="5/11/2026",
="800001905",="Present",="5/11/2026",
="800001908",="Present",="5/11/2026",
="800001910",="Present",="5/11/2026",
="800001955",="Present",="5/11/2026",
="800001986",="Present",="5/11/2026",
="800001987",="Present",="5/11/2026",
="800002008",="Present",="5/11/2026",
="800002017",="Present",="5/11/2026",
="800002026",="Present",="5/11/2026",
="800002029",="Present",="5/11/2026",
="800002062",="Tardy/Late",="5/11/2026",
="800000463",="Present",="5/11/2026",
="800001463",="Absent",="5/11/2026",
="800001833",="Absent",="5/11/2026",
="800001845",="Absent",="5/11/2026",
="800001909",="Present",="5/11/2026",
="800001921",="Absent",="5/11/2026",
="800001998",="Present",="5/11/2026",
="800002007",="Present",="5/11/2026",
="800002034",="Present",="5/11/2026",
="800002042",="Present",="5/11/2026",
="800002049",="Present",="5/11/2026",
="800002064",="Present",="5/11/2026",
="800002081",="Present",="5/11/2026",
="800002087",="Present",="5/11/2026",
="800002088",="Present",="5/11/2026",
="800002100",="Present",="5/11/2026",
="800002104",="Present",="5/11/2026",
="800002111",="Present",="5/11/2026",
="800002112",="Absent",="5/11/2026",
="800002113",="Absent",="5/11/2026",
="800002114",="Present",="5/11/2026",
="800002127",="Absent",="5/11/2026",
="800002132",="Present",="5/11/2026",
="800002133",="Present",="5/11/2026",
="800002134",="Present",="5/11/2026",
="800002141",="Present",="5/11/2026",
="800002143",="Present",="5/11/2026",
="800002145",="Absent",="5/11/2026",
="800002177",="Present",="5/11/2026",
="800002179",="Absent",="5/11/2026",
="800000495",="Present",="5/11/2026",
="800002165",="Absent",="5/11/2026",
="800002168",="Absent",="5/11/2026",
="800001114",="Present",="5/11/2026",
="800001434",="Present",="5/11/2026",
="800001443",="Present",="5/11/2026",
="800001563",="Present",="5/11/2026",
="800001633",="Present",="5/11/2026",
="800001650",="Present",="5/11/2026",
="800001665",="Present",="5/11/2026",
="800001689",="Present",="5/11/2026",
="800001708",="Absent",="5/11/2026",
="800001710",="Present",="5/11/2026",
="800001714",="Present",="5/11/2026",
="800001724",="Present",="5/11/2026",
="800001729",="Present",="5/11/2026",
="800001735",="Present",="5/11/2026",
="800001739",="Present",="5/11/2026",
="800001761",="Absent",="5/11/2026",
="800001769",="Present",="5/11/2026",
="800001771",="Present",="5/11/2026",
="800001775",="Present",="5/11/2026",
="800001798",="Present",="5/11/2026",
="800001802",="Present",="5/11/2026",
="800001815",="Present",="5/11/2026",
="800001821",="Present",="5/11/2026",
="800001841",="Present",="5/11/2026",
="800001862",="Present",="5/11/2026",
="800001892",="Present",="5/11/2026",
="800001917",="Present",="5/11/2026",
="800001924",="Present",="5/11/2026",
="800001925",="Present",="5/11/2026",
="800001928",="Present",="5/11/2026",
="800001934",="Present",="5/11/2026",
="770062806",="Present",="5/12/2026",
="800001066",="Present",="5/12/2026",
="800001560",="Present",="5/12/2026",
="800001830",="Present",="5/12/2026",
="800002067",="Present",="5/12/2026",
="800002071",="Present",="5/12/2026",
="800002079",="Present",="5/12/2026",
="800002092",="Present",="5/12/2026",
="800002093",="Present",="5/12/2026",
="800002099",="Present",="5/12/2026",
="800002103",="Absent",="5/12/2026",
="800002106",="Present",="5/12/2026",
="800002107",="Present",="5/12/2026",
="800002109",="Present",="5/12/2026",
="800002122",="Present",="5/12/2026",
="800002123",="Present",="5/12/2026",
="800002128",="Present",="5/12/2026",
="800002136",="Present",="5/12/2026",
="800002142",="Present",="5/12/2026",
="800002160",="Present",="5/12/2026",
="800002162",="Present",="5/12/2026",
="800002172",="Present",="5/12/2026",
="800000072",="Present",="5/12/2026",
="800002080",="Present",="5/12/2026",
="800002120",="Present",="5/12/2026",
="800002154",="Present",="5/12/2026",
="800002168",="Absent",="5/12/2026",
="800002171",="Absent",="5/12/2026",
="800002180",="Absent",="5/12/2026",
="800002168",="Absent",="5/4/2026",
="800000754",="Present",="5/11/2026",
="800000927",="Present",="5/11/2026",
="800001094",="Present",="5/11/2026",
="800001368",="Present",="5/11/2026",
="800001529",="Present",="5/11/2026",
="800001548",="Present",="5/11/2026",
="800001591",="Present",="5/11/2026",
="800001673",="Present",="5/11/2026",
="800001623",="Absent",="5/5/2026",
="800001940",="Absent",="5/11/2026",
="800001198",="Absent",="5/4/2026",
="800001543",="Present",="5/12/2026",
="800001634",="Present",="5/12/2026",
="800001723",="Present",="5/12/2026",
="800001846",="Present",="5/12/2026",
="800001852",="Present",="5/12/2026",
="800001863",="Present",="5/12/2026",
="800001876",="Present",="5/12/2026",
="800001884",="Present",="5/12/2026",
="800001888",="Present",="5/12/2026",
="800001954",="Present",="5/12/2026",
="800001985",="Present",="5/12/2026",
="800002010",="Absent",="5/12/2026",
="800002011",="Present",="5/12/2026",
="800002021",="Present",="5/12/2026",
="800002035",="Present",="5/12/2026",
="800002053",="Present",="5/12/2026",
="800002059",="Present",="5/12/2026",
="800002168",="Absent",="5/5/2026",
="800000941",="Absent",="5/5/2026",
="800001528",="Absent",="5/6/2026",
="800001580",="Absent",="5/6/2026",
="800001940",="Absent",="5/6/2026",
="770062806",="Absent",="5/12/2026",
="800001066",="Absent",="5/12/2026",
="800002092",="Absent",="5/12/2026",
="800002120",="Absent",="5/12/2026",
="800002154",="Absent",="5/12/2026",
="800002160",="Absent",="5/12/2026",
="800002020",="Present",="5/7/2026",
="800000754",="Present",="5/12/2026",
="800000941",="Present",="5/12/2026",
="800001368",="Present",="5/12/2026",
="800001502",="Present",="5/12/2026",
="800001548",="Absent",="5/12/2026",
="800001562",="Present",="5/12/2026",
="800001591",="Present",="5/12/2026",
="800001657",="Present",="5/12/2026",
="800001673",="Present",="5/12/2026",
="800001701",="Present",="5/12/2026",
="800000348",="Present",="5/12/2026",
="800001633",="Present",="5/12/2026",
="800001689",="Present",="5/12/2026",
="800001821",="Present",="5/12/2026",
="800001841",="Present",="5/12/2026",
="800001917",="Present",="5/12/2026",
="800001924",="Present",="5/12/2026",
="800001925",="Present",="5/12/2026",
="800001928",="Present",="5/12/2026",
="770062806",="Absent",="5/13/2026",
="800000072",="Present",="5/13/2026",
="800000495",="Tardy/Late",="5/13/2026",
="800001972",="Absent",="5/13/2026",
="800002071",="Present",="5/13/2026",
="800002079",="Present",="5/13/2026",
="800002080",="Present",="5/13/2026",
="800002092",="Present",="5/13/2026",
="800002093",="Present",="5/13/2026",
="800002099",="Present",="5/13/2026",
="800002103",="Absent",="5/13/2026",
="800002106",="Present",="5/13/2026",
="800002107",="Present",="5/13/2026",
="800002109",="Absent",="5/13/2026",
="800002120",="Tardy/Late",="5/13/2026",
="800002122",="Present",="5/13/2026",
="800002123",="Present",="5/13/2026",
="800002128",="Present",="5/13/2026",
="800002136",="Present",="5/13/2026",
="800002142",="Present",="5/13/2026",
="800002154",="Present",="5/13/2026",
="800002160",="Present",="5/13/2026",
="800002162",="Tardy/Late",="5/13/2026",
="800002165",="Present",="5/13/2026",
="800002171",="Absent",="5/13/2026",
="800002160",="Present",="5/8/2026",
="800002160",="Present",="5/7/2026",
="800001940",="Absent",="5/12/2026",
="800001414",="Present",="5/13/2026",
="800001445",="Present",="5/13/2026",
="800001468",="Present",="5/13/2026",
="800001508",="Present",="5/13/2026",
="800001740",="Present",="5/13/2026",
="800002057",="Absent",="5/13/2026",
="800002144",="Present",="5/13/2026",
="800002174",="Present",="5/13/2026",
="800001466",="Present",="5/13/2026",
="800001591",="Present",="5/13/2026",
="800001958",="Present",="5/13/2026",
="800001959",="Present",="5/13/2026",
="800001963",="Present",="5/13/2026",
="800001958",="Absent",="5/8/2026",
="800001959",="Absent",="5/8/2026",
="800001963",="Absent",="5/8/2026",
="800001958",="Absent",="5/6/2026",
="800001959",="Absent",="5/6/2026",
="800001963",="Absent",="5/6/2026",
="770062103",="Absent",="5/13/2026",
="800000941",="Absent",="5/13/2026",
="800001607",="Present",="5/13/2026",
="800001688",="Present",="5/13/2026",
="800001712",="Present",="5/13/2026",
="800001813",="Present",="5/13/2026",
="800001902",="Present",="5/13/2026",
="800002005",="Present",="5/13/2026",
="800001466",="Absent",="5/13/2026",
="800001198",="Present",="5/12/2026",
="800001607",="Present",="5/12/2026",
="800001902",="Present",="5/12/2026",
="800001943",="Present",="5/7/2026",
="800002066",="Absent",="5/6/2026",
="800002066",="Absent",="5/13/2026",
="800001325",="Absent",="5/7/2026",
="800000941",="Absent",="5/7/2026",
="800001634",="Present",="5/13/2026",
="800001874",="Present",="5/13/2026",
="800001878",="Present",="5/13/2026",
="800001884",="Present",="5/13/2026",
="800001888",="Present",="5/13/2026",
="800001934",="Present",="5/13/2026",
="800001954",="Present",="5/13/2026",
="800000774",="Present",="5/6/2026",
="800001197",="Absent",="5/13/2026",
="800001649",="Present",="5/13/2026",
="800001691",="Present",="5/13/2026",
="800001841",="Present",="5/13/2026",
="800001842",="Present",="5/13/2026",
="800001856",="Present",="5/13/2026",
="800001903",="Present",="5/13/2026",
="800001905",="Absent",="5/13/2026",
="800001910",="Present",="5/13/2026",
="800001921",="Absent",="5/13/2026",
="800001955",="Present",="5/13/2026",
="800001986",="Present",="5/13/2026",
="800001987",="Present",="5/13/2026",
="800002008",="Present",="5/13/2026",
="800002017",="Present",="5/13/2026",
="800002026",="Present",="5/13/2026",
="800002029",="Present",="5/13/2026",
="800002044",="Present",="5/13/2026",
="800002062",="Present",="5/13/2026",
="800001325",="Present",="5/14/2026",
="800001414",="Present",="5/14/2026",
="800001445",="Present",="5/14/2026",
="800001468",="Present",="5/14/2026",
="800001508",="Present",="5/14/2026",
="800001688",="Present",="5/14/2026",
="800001712",="Present",="5/14/2026",
="800001740",="Present",="5/14/2026",
="800001813",="Present",="5/14/2026",
="800001902",="Present",="5/14/2026",
="800002005",="Present",="5/14/2026",
="800002057",="Absent",="5/14/2026",
="770062103",="Absent",="5/14/2026",
="800002144",="Present",="5/14/2026",
="800002174",="Present",="5/14/2026",
="800001439",="Present",="5/12/2026",
="800001623",="Present",="5/12/2026",
="800001649",="Present",="5/12/2026",
="800001691",="Present",="5/12/2026",
="800001829",="Present",="5/12/2026",
="800001840",="Present",="5/12/2026",
="800001842",="Present",="5/12/2026",
="800001850",="Present",="5/12/2026",
="800001856",="Present",="5/12/2026",
="800001860",="Present",="5/12/2026",
="800001864",="Present",="5/12/2026",
="800001874",="Present",="5/12/2026",
="800001903",="Present",="5/12/2026",
="800001905",="Present",="5/12/2026",
="800001908",="Present",="5/12/2026",
="800001910",="Present",="5/12/2026",
="800001955",="Present",="5/12/2026",
="800001986",="Present",="5/12/2026",
="800001987",="Present",="5/12/2026",
="800002008",="Present",="5/12/2026",
="800002017",="Present",="5/12/2026",
="800002026",="Present",="5/12/2026",
="800002029",="Present",="5/12/2026",
="800002062",="Present",="5/12/2026",
="800001876",="Absent",="5/11/2026",
="800002010",="Present",="5/11/2026",
="800001688",="Absent",="5/6/2026",
="800001466",="Absent",="5/6/2026",
="770000737",="Present",="5/14/2026",
="800001543",="Present",="5/14/2026",
="800001723",="Present",="5/14/2026",
="800001739",="Absent",="5/14/2026",
="800001846",="Present",="5/14/2026",
="800001863",="Present",="5/14/2026",
="800001934",="Present",="5/14/2026",
="800001943",="Present",="5/14/2026",
="800001950",="Present",="5/14/2026",
="800001985",="Present",="5/14/2026",
="800002010",="Present",="5/14/2026",
="800002011",="Absent excused",="5/14/2026",
="800002020",="Present",="5/14/2026",
="800002021",="Present",="5/14/2026",
="800002035",="Present",="5/14/2026",
="800002036",="Present",="5/14/2026",
="800002053",="Present",="5/14/2026",
="800002059",="Present",="5/14/2026",
="800000463",="Present",="5/14/2026",
="800001463",="Absent",="5/14/2026",
="800001638",="Present",="5/14/2026",
="800002007",="Present",="5/14/2026",
="800002034",="Present",="5/14/2026",
="800002064",="Present",="5/14/2026",
="800002081",="Present",="5/14/2026",
="800002087",="Present",="5/14/2026",
="800002100",="Present",="5/14/2026",
="800002104",="Present",="5/14/2026",
="800002111",="Present",="5/14/2026",
="800002112",="Absent",="5/14/2026",
="800002113",="Absent",="5/14/2026",
="800002114",="Present",="5/14/2026",
="800002127",="Present",="5/14/2026",
="800002132",="Present",="5/14/2026",
="800002133",="Present",="5/14/2026",
="800002134",="Present",="5/14/2026",
="800002141",="Present",="5/14/2026",
="800002143",="Present",="5/14/2026",
="800002145",="Absent",="5/14/2026",
="800002160",="Present",="5/14/2026",
="800002177",="Present",="5/14/2026",
="800002179",="Absent",="5/14/2026",
="800001114",="Present",="5/13/2026",
="800001330",="Present",="5/13/2026",
="800001434",="Present",="5/13/2026",
="800001443",="Present",="5/13/2026",
="800001498",="Present",="5/13/2026",
="800001528",="Present",="5/13/2026",
="800001533",="Present",="5/13/2026",
="800001563",="Present",="5/13/2026",
="800001580",="Present",="5/13/2026",
="800001625",="Present",="5/13/2026",
="800001633",="Present",="5/13/2026",
="800001644",="Present",="5/13/2026",
="800001650",="Present",="5/13/2026",
="800001665",="Present",="5/13/2026",
="800001689",="Present",="5/13/2026",
="800001695",="Present",="5/13/2026",
="800001708",="Present",="5/13/2026",
="800001710",="Present",="5/13/2026",
="800001724",="Present",="5/13/2026",
="800001729",="Present",="5/13/2026",
="800001735",="Present",="5/13/2026",
="800001757",="Present",="5/13/2026",
="800001761",="Present",="5/13/2026",
="800001769",="Present",="5/13/2026",
="800001771",="Present",="5/13/2026",
="800001775",="Present",="5/13/2026",
="800001778",="Present",="5/13/2026",
="800001789",="Present",="5/13/2026",
="800001798",="Present",="5/13/2026",
="800001802",="Present",="5/13/2026",
="800001803",="Present",="5/13/2026",
="800001815",="Present",="5/13/2026",
="800001821",="Present",="5/13/2026",
="800001862",="Present",="5/13/2026",
="800001892",="Present",="5/13/2026",
="800001924",="Present",="5/13/2026",
="800001925",="Present",="5/13/2026",
="770000323",="Present",="5/13/2026",
="770000409",="Present",="5/13/2026",
="770017870",="Present",="5/13/2026",
="800000927",="Present",="5/13/2026",
="800001094",="Present",="5/13/2026",
="800001268",="Present",="5/13/2026",
="800001410",="Absent",="5/13/2026",
="800001529",="Present",="5/13/2026",
="800001548",="Present",="5/13/2026",
="800001562",="Present",="5/13/2026",
="800000774",="Present",="5/13/2026",
="800001513",="Present",="5/13/2026",
="800001466",="Present",="5/15/2026",
="800001591",="Present",="5/15/2026",
="800001958",="Present",="5/15/2026",
="800001959",="Present",="5/15/2026",
="800001963",="Present",="5/15/2026",
="800000463",="Present",="5/8/2026",
="800001463",="Present",="5/8/2026",
="800002007",="Present",="5/8/2026",
="800002034",="Present",="5/8/2026",
="800002064",="Present",="5/8/2026",
="800002080",="Present",="5/8/2026",
="800002081",="Present",="5/8/2026",
="800002087",="Present",="5/8/2026",
="800002088",="Present",="5/8/2026",
="800002093",="Present",="5/8/2026",
="800002100",="Present",="5/8/2026",
="800002104",="Present",="5/8/2026",
="800002111",="Present",="5/8/2026",
="800002113",="Absent",="5/8/2026",
="800002114",="Present",="5/8/2026",
="800002127",="Present",="5/8/2026",
="800002132",="Present",="5/8/2026",
="800002133",="Present",="5/8/2026",
="800002134",="Present",="5/8/2026",
="800002141",="Present",="5/8/2026",
="800002143",="Present",="5/8/2026",
="800002145",="Present",="5/8/2026",
="800002162",="Present",="5/8/2026",
="800002177",="Present",="5/8/2026",
="800001463",="Absent",="5/8/2026",
="800001833",="Absent",="5/8/2026",
="800001845",="Present",="5/8/2026",
="800001909",="Present",="5/8/2026",
="800001921",="Absent",="5/8/2026",
="800001998",="Present",="5/8/2026",
="800002042",="Present",="5/8/2026",
="800002112",="Absent",="5/8/2026",
="800002145",="Absent",="5/8/2026",
="800002160",="Absent",="5/8/2026",
="800000348",="Present",="5/14/2026",
="800001434",="Present",="5/14/2026",
="800001439",="Present",="5/14/2026",
="800001735",="Present",="5/14/2026",
="800001771",="Present",="5/14/2026",
="800001815",="Present",="5/14/2026",
="800001829",="Present",="5/14/2026",
="800001840",="Present",="5/14/2026",
="800001852",="Present",="5/14/2026",
="800001856",="Absent",="5/14/2026",
="800001862",="Present",="5/14/2026",
="800001864",="Present",="5/14/2026",
="800001876",="Present",="5/14/2026",
="800001878",="Present",="5/14/2026",
="800001892",="Present",="5/14/2026",
="800001905",="Present",="5/14/2026",
="800001908",="Present",="5/14/2026",
="800001928",="Present",="5/14/2026",
="800001954",="Present",="5/14/2026",
="800001623",="Present",="5/7/2026",
="800001649",="Present",="5/7/2026",
="800001691",="Present",="5/7/2026",
="800001842",="Present",="5/7/2026",
="800001850",="Present",="5/7/2026",
="800001856",="Present",="5/7/2026",
="800001860",="Present",="5/7/2026",
="800001874",="Absent",="5/7/2026",
="800001903",="Present",="5/7/2026",
="800001910",="Present",="5/7/2026",
="800001955",="Present",="5/7/2026",
="800001986",="Present",="5/7/2026",
="800001987",="Present",="5/7/2026",
="800002008",="Present",="5/7/2026",
="800002017",="Present",="5/7/2026",
="800002026",="Present",="5/7/2026",
="800002029",="Present",="5/7/2026",
="800002062",="Absent",="5/7/2026",
="800001623",="Present",="5/14/2026",
="800001649",="Present",="5/14/2026",
="800001691",="Present",="5/14/2026",
="800001842",="Present",="5/14/2026",
="800001850",="Present",="5/14/2026",
="800001856",="Present",="5/14/2026",
="800001860",="Present",="5/14/2026",
="800001874",="Present",="5/14/2026",
="800001903",="Present",="5/14/2026",
="800001910",="Present",="5/14/2026",
="800001955",="Present",="5/14/2026",
="800001986",="Present",="5/14/2026",
="800001987",="Present",="5/14/2026",
="800002008",="Present",="5/14/2026",
="800002017",="Present",="5/14/2026",
="800002026",="Present",="5/14/2026",
="800002029",="Present",="5/14/2026",
="800002062",="Present",="5/14/2026",
="770062806",="Absent",="5/15/2026",
="800000072",="Tardy/Late",="5/15/2026",
="800000495",="Tardy/Late",="5/15/2026",
="800001066",="Tardy/Late",="5/15/2026",
="800002066",="Tardy/Late",="5/15/2026",
="800002067",="Tardy/Late",="5/15/2026",
="800002071",="Tardy/Late",="5/15/2026",
="800002079",="Tardy/Late",="5/15/2026",
="800002092",="Tardy/Late",="5/15/2026",
="800002099",="Tardy/Late",="5/15/2026",
="800002106",="Tardy/Late",="5/15/2026",
="800002107",="Tardy/Late",="5/15/2026",
="800002109",="Tardy/Late",="5/15/2026",
="800002120",="Tardy/Late",="5/15/2026",
="800002122",="Tardy/Late",="5/15/2026",
="800002123",="Tardy/Late",="5/15/2026",
="800002128",="Tardy/Late",="5/15/2026",
="800002136",="Tardy/Late",="5/15/2026",
="800002142",="Tardy/Late",="5/15/2026",
="800002154",="Tardy/Late",="5/15/2026",
="800002160",="Tardy/Late",="5/15/2026",
="800002165",="Tardy/Late",="5/15/2026",
="800002172",="Tardy/Late",="5/15/2026",
="800002179",="Absent",="5/15/2026",
="800002180",="Absent",="5/15/2026",
="800001940",="Present",="5/13/2026",
="770062103",="No class",="5/17/2026",
="800001325",="Present",="5/17/2026",
="800001443",="Present",="5/17/2026",
="800001459",="Present",="5/17/2026",
="800001529",="Present",="5/17/2026",
="800001681",="Present",="5/17/2026",
="800001813",="Present",="5/17/2026",
="800002005",="Present",="5/17/2026",
="800001638",="Present",="5/15/2026",
="800001955",="Present",="5/15/2026",
="800001986",="Present",="5/15/2026",
="800002008",="Present",="5/15/2026",
="800002044",="Present",="5/15/2026",
="800002062",="Present",="5/15/2026",
="800002144",="Present",="5/15/2026",
="800001414",="Present",="5/17/2026",
="800001505",="Present",="5/17/2026",
="800001508",="Present",="5/17/2026",
="800001605",="Present",="5/17/2026",
="800001740",="Present",="5/17/2026",
="800001902",="Present",="5/17/2026",
="800002174",="Present",="5/17/2026",
="800001958",="Present",="5/17/2026",
="800001959",="Present",="5/17/2026",
="800001963",="Present",="5/17/2026",
="800000754",="Present",="5/14/2026",
="800000941",="Present",="5/14/2026",
="800001368",="Present",="5/14/2026",
="800001502",="Present",="5/14/2026",
="800001626",="Present",="5/14/2026",
="800001657",="Present",="5/14/2026",
="800001701",="Present",="5/14/2026",
="770062806",="Absent",="5/18/2026",
="800000072",="Present",="5/18/2026",
="800001066",="Present",="5/18/2026",
="800001560",="Absent",="5/18/2026",
="800001830",="Present",="5/18/2026",
="800002067",="Present",="5/18/2026",
="800002071",="Present",="5/18/2026",
="800002079",="Present",="5/18/2026",
="800002080",="Present",="5/18/2026",
="800002092",="Absent",="5/18/2026",
="800002093",="Present",="5/18/2026",
="800002099",="Present",="5/18/2026",
="800002106",="Present",="5/18/2026",
="800002107",="Present",="5/18/2026",
="800002109",="Present",="5/18/2026",
="800002120",="Present",="5/18/2026",
="800002122",="Present",="5/18/2026",
="800002123",="Present",="5/18/2026",
="800002128",="Present",="5/18/2026",
="800002136",="Present",="5/18/2026",
="800002142",="Present",="5/18/2026",
="800002154",="Absent",="5/18/2026",
="800002160",="Present",="5/18/2026",
="800002162",="Present",="5/18/2026",
="800002172",="Present",="5/18/2026",
="800002180",="Absent",="5/18/2026",
="800002174",="Absent",="5/10/2026",
="800000463",="Present",="5/15/2026",
="800001833",="Absent",="5/15/2026",
="800001845",="Present",="5/15/2026",
="800001909",="Present",="5/15/2026",
="800001921",="Absent",="5/15/2026",
="800001998",="Present",="5/15/2026",
="800002007",="Present",="5/15/2026",
="800002034",="Present",="5/15/2026",
="800002042",="Present",="5/15/2026",
="800002049",="Present",="5/15/2026",
="800002064",="Present",="5/15/2026",
="800002081",="Present",="5/15/2026",
="800002087",="Present",="5/15/2026",
="800002088",="Present",="5/15/2026",
="800002100",="Present",="5/15/2026",
="800002104",="Present",="5/15/2026",
="800002111",="Present",="5/15/2026",
="800002112",="Absent",="5/15/2026",
="800002114",="Present",="5/15/2026",
="800002127",="Present",="5/15/2026",
="800002132",="Present",="5/15/2026",
="800002133",="Present",="5/15/2026",
="800002134",="Present",="5/15/2026",
="800002141",="Present",="5/15/2026",
="800002143",="Present",="5/15/2026",
="800002177",="Present",="5/15/2026",
="800001850",="Absent",="5/7/2026",
="800001856",="Absent",="5/7/2026",
="800001860",="Absent",="5/7/2026",
="800001860",="Absent",="5/14/2026",
="800001850",="Absent",="5/14/2026",
="800001958",="Present",="5/11/2026",
="800001959",="Present",="5/11/2026",
="800001963",="Present",="5/11/2026",
="800001958",="Absent",="5/11/2026",
="800001198",="Present",="5/11/2026",
="800001445",="Present",="5/11/2026",
="800001468",="Present",="5/11/2026",
="800001607",="Present",="5/11/2026",
="800001688",="Present",="5/11/2026",
="800001701",="Present",="5/11/2026",
="800001712",="Present",="5/11/2026",
="800001740",="Present",="5/11/2026",
="800001813",="Present",="5/11/2026",
="800001902",="Present",="5/11/2026",
="800002005",="Present",="5/11/2026",
="800001268",="Present",="5/11/2026",
="800001502",="Absent",="5/11/2026",
="800001508",="Present",="5/11/2026",
="800001626",="Present",="5/11/2026",
="800001657",="Present",="5/11/2026",
="800001543",="Present",="5/18/2026",
="800001634",="Present",="5/18/2026",
="800001723",="Present",="5/18/2026",
="800001846",="Present",="5/18/2026",
="800001852",="Present",="5/18/2026",
="800001863",="Present",="5/18/2026",
="800001876",="Present",="5/18/2026",
="800001884",="Present",="5/18/2026",
="800001888",="Present",="5/18/2026",
="800001954",="Present",="5/18/2026",
="800001985",="Present",="5/18/2026",
="800002010",="Present",="5/18/2026",
="800002011",="Present",="5/18/2026",
="800002021",="Present",="5/18/2026",
="800002035",="Present",="5/18/2026",
="800002053",="Present",="5/18/2026",
="800002059",="Present",="5/18/2026",
="800001876",="Absent",="5/18/2026",
="800000463",="Present",="5/18/2026",
="800001833",="Absent",="5/18/2026",
="800001845",="Present",="5/18/2026",
="800001909",="Present",="5/18/2026",
="800001921",="Absent",="5/18/2026",
="800001998",="Present",="5/18/2026",
="800002007",="Present",="5/18/2026",
="800002034",="Present",="5/18/2026",
="800002042",="Present",="5/18/2026",
="800002049",="Present",="5/18/2026",
="800002064",="Present",="5/18/2026",
="800002081",="Present",="5/18/2026",
="800002087",="Present",="5/18/2026",
="800002088",="Present",="5/18/2026",
="800002100",="Present",="5/18/2026",
="800002104",="Present",="5/18/2026",
="800002111",="Present",="5/18/2026",
="800002112",="Absent",="5/18/2026",
="800002114",="Present",="5/18/2026",
="800002127",="Present",="5/18/2026",
="800002132",="Present",="5/18/2026",
="800002133",="Present",="5/18/2026",
="800002134",="Present",="5/18/2026",
="800002141",="Present",="5/18/2026",
="800002143",="Present",="5/18/2026",
="800002177",="Present",="5/18/2026",
="800001439",="Present",="5/18/2026",
="800001623",="Present",="5/18/2026",
="800001649",="Present",="5/18/2026",
="800001691",="Present",="5/18/2026",
="800001829",="Present",="5/18/2026",
="800001840",="Present",="5/18/2026",
="800001842",="Present",="5/18/2026",
="800001850",="Present",="5/18/2026",
="800001856",="Present",="5/18/2026",
="800001860",="Present",="5/18/2026",
="800001864",="Present",="5/18/2026",
="800001874",="Present",="5/18/2026",
="800001903",="Present",="5/18/2026",
="800001905",="Present",="5/18/2026",
="800001908",="Present",="5/18/2026",
="800001910",="Present",="5/18/2026",
="800001955",="Present",="5/18/2026",
="800001986",="Present",="5/18/2026",
="800001987",="Present",="5/18/2026",
="800002008",="Present",="5/18/2026",
="800002017",="Present",="5/18/2026",
="800002026",="Present",="5/18/2026",
="800002029",="Present",="5/18/2026",
="800002062",="Present",="5/18/2026",
="800000463",="Present",="5/17/2026",
="800001638",="Present",="5/17/2026",
="800002007",="Present",="5/17/2026",
="800002034",="Present",="5/17/2026",
="800002064",="Present",="5/17/2026",
="800002080",="Present",="5/17/2026",
="800002081",="Present",="5/17/2026",
="800002087",="Absent",="5/17/2026",
="800002088",="Present",="5/17/2026",
="800002093",="Present",="5/17/2026",
="800002100",="Present",="5/17/2026",
="800002104",="Present",="5/17/2026",
="800002111",="Present",="5/17/2026",
="800002114",="Present",="5/17/2026",
="800002127",="Present",="5/17/2026",
="800002132",="Present",="5/17/2026",
="800002133",="Present",="5/17/2026",
="800002134",="Present",="5/17/2026",
="800002141",="Present",="5/17/2026",
="800002143",="Present",="5/17/2026",
="800002162",="Present",="5/17/2026",
="800002177",="Present",="5/17/2026",
="800002020",="Present",="5/17/2026",
="800002035",="Present",="5/17/2026",
="800002036",="Present",="5/17/2026",
="800002042",="Present",="5/17/2026",
="800002062",="Present",="5/17/2026",
="800002144",="Present",="5/17/2026",
="800002180",="Present",="5/17/2026",
="800001863",="Present",="5/17/2026",
="800001985",="Present",="5/17/2026",
="800002011",="Present",="5/17/2026",
="800002017",="Present",="5/17/2026",
="800002021",="Present",="5/17/2026",
="800002029",="Present",="5/17/2026",
="800002053",="Present",="5/17/2026",
="800002059",="Present",="5/17/2026",
="800002087",="Present",="5/17/2026",
="800002112",="Absent",="5/17/2026",
="800002127",="Absent",="5/17/2026",
="800001958",="Present",="5/18/2026",
="800001959",="Present",="5/18/2026",
="800001963",="Present",="5/18/2026",
="800001198",="Present",="5/18/2026",
="800001445",="Present",="5/18/2026",
="800001468",="Present",="5/18/2026",
="800001607",="Present",="5/18/2026",
="800001688",="Present",="5/18/2026",
="800001701",="Present",="5/18/2026",
="800001712",="Present",="5/18/2026",
="800001740",="Present",="5/18/2026",
="800001813",="Present",="5/18/2026",
="800001902",="Present",="5/18/2026",
="800002005",="Present",="5/18/2026",
="800001268",="Present",="5/18/2026",
="800001502",="Present",="5/18/2026",
="800001508",="Present",="5/18/2026",
="800001626",="Tardy/Late",="5/18/2026",
="800001657",="Present",="5/18/2026",
="800001701",="Tardy/Late",="5/18/2026",
="800000495",="Present",="5/18/2026",
="800002165",="Present",="5/18/2026",
="800001114",="Present",="5/18/2026",
="800001434",="Present",="5/18/2026",
="800001443",="Present",="5/18/2026",
="800001563",="Present",="5/18/2026",
="800001633",="Present",="5/18/2026",
="800001650",="Present",="5/18/2026",
="800001665",="Present",="5/18/2026",
="800001689",="Present",="5/18/2026",
="800001708",="Present",="5/18/2026",
="800001710",="Present",="5/18/2026",
="800001714",="Present",="5/18/2026",
="800001724",="Present",="5/18/2026",
="800001729",="Present",="5/18/2026",
="800001735",="Present",="5/18/2026",
="800001739",="Present",="5/18/2026",
="800001761",="Present",="5/18/2026",
="800001769",="Present",="5/18/2026",
="800001771",="Present",="5/18/2026",
="800001775",="Present",="5/18/2026",
="800001798",="Absent",="5/18/2026",
="800001802",="Present",="5/18/2026",
="800001815",="Present",="5/18/2026",
="800001821",="Present",="5/18/2026",
="800001841",="Present",="5/18/2026",
="800001862",="Present",="5/18/2026",
="800001892",="Present",="5/18/2026",
="800001917",="Present",="5/18/2026",
="800001924",="Present",="5/18/2026",
="800001925",="Present",="5/18/2026",
="800001928",="Absent",="5/18/2026",
="800001934",="Present",="5/18/2026",
="800001940",="Present",="5/18/2026",
="800000495",="Absent",="5/17/2026",
="800000927",="Present",="5/17/2026",
="800001657",="Present",="5/17/2026",
="800002165",="Present",="5/17/2026",
="770062806",="Absent",="5/19/2026",
="800001066",="Present",="5/19/2026",
="800001560",="Present",="5/19/2026",
="800001830",="Present",="5/19/2026",
="800002067",="Present",="5/19/2026",
="800002071",="Present",="5/19/2026",
="800002079",="Present",="5/19/2026",
="800002092",="Present",="5/19/2026",
="800002093",="Present",="5/19/2026",
="800002099",="Present",="5/19/2026",
="800002106",="Present",="5/19/2026",
="800002107",="Present",="5/19/2026",
="800002109",="Present",="5/19/2026",
="800002122",="Present",="5/19/2026",
="800002123",="Present",="5/19/2026",
="800002128",="Present",="5/19/2026",
="800002136",="Present",="5/19/2026",
="800002142",="Present",="5/19/2026",
="800002160",="Present",="5/19/2026",
="800002162",="Present",="5/19/2026",
="800002172",="Present",="5/19/2026",
="800000072",="Present",="5/19/2026",
="800002080",="Present",="5/19/2026",
="800002120",="Present",="5/19/2026",
="800002154",="Present",="5/19/2026",
="800002180",="Absent",="5/19/2026",
="800001198",="Present",="5/19/2026",
="800001607",="Present",="5/19/2026",
="800001657",="Present",="5/19/2026",
="800001902",="Present",="5/19/2026",
="800001066",="Absent",="5/19/2026",
="800002015",="Present",="5/19/2026",
="800002066",="Present",="5/19/2026",
="800000754",="Present",="5/18/2026",
="800000927",="Present",="5/18/2026",
="800001094",="Present",="5/18/2026",
="800001368",="Present",="5/18/2026",
="800001529",="Present",="5/18/2026",
="800001548",="Present",="5/18/2026",
="800001591",="Present",="5/18/2026",
="800001673",="Present",="5/18/2026",
="800001543",="Present",="5/19/2026",
="800001634",="Present",="5/19/2026",
="800001723",="Present",="5/19/2026",
="800001846",="Present",="5/19/2026",
="800001852",="Present",="5/19/2026",
="800001863",="Present",="5/19/2026",
="800001876",="Present",="5/19/2026",
="800001884",="Present",="5/19/2026",
="800001888",="Present",="5/19/2026",
="800001954",="Present",="5/19/2026",
="800001985",="Present",="5/19/2026",
="800002010",="Present",="5/19/2026",
="800002011",="Present",="5/19/2026",
="800002021",="Present",="5/19/2026",
="800002035",="Present",="5/19/2026",
="800002053",="Present",="5/19/2026",
="800002059",="Present",="5/19/2026",
="800000348",="Present",="5/19/2026",
="800001633",="Present",="5/19/2026",
="800001689",="Present",="5/19/2026",
="800001821",="Present",="5/19/2026",
="800001841",="Present",="5/19/2026",
="800001917",="Present",="5/19/2026",
="800001924",="Present",="5/19/2026",
="800001925",="Present",="5/19/2026",
="800001928",="Present",="5/19/2026",
="800001940",="Present",="5/19/2026",
="770062806",="Absent",="5/20/2026",
="800000072",="Present",="5/20/2026",
="800000495",="Present",="5/20/2026",
="800002015",="Present",="5/20/2026",
="800002066",="Present",="5/20/2026",
="800002071",="Present",="5/20/2026",
="800002079",="Present",="5/20/2026",
="800002080",="Present",="5/20/2026",
="800002092",="Tardy/Late",="5/20/2026",
="800002093",="Present",="5/20/2026",
="800002099",="Present",="5/20/2026",
="800002106",="Present",="5/20/2026",
="800002107",="Present",="5/20/2026",
="800002120",="Tardy/Late",="5/20/2026",
="800002122",="Present",="5/20/2026",
="800002123",="Present",="5/20/2026",
="800002128",="Present",="5/20/2026",
="800002136",="Present",="5/20/2026",
="800002142",="Present",="5/20/2026",
="800002154",="Tardy/Late",="5/20/2026",
="800002160",="Tardy/Late",="5/20/2026",
="800002162",="Tardy/Late",="5/20/2026",
="800001466",="Present",="5/20/2026",
="800001591",="Present",="5/20/2026",
="800001958",="Present",="5/20/2026",
="800001959",="Present",="5/20/2026",
="800001963",="Present",="5/20/2026",
="800002015",="Present",="5/13/2026",
="800002015",="Present",="5/6/2026",
="800001414",="Present",="5/20/2026",
="800001445",="Present",="5/20/2026",
="800001468",="Present",="5/20/2026",
="800001508",="Present",="5/20/2026",
="800001740",="Present",="5/20/2026",
="800002144",="Present",="5/20/2026",
="800002174",="Present",="5/20/2026",
="800001439",="Present",="5/19/2026",
="800001623",="Present",="5/19/2026",
="800001649",="Present",="5/19/2026",
="800001691",="Present",="5/19/2026",
="800001829",="Present",="5/19/2026",
="800001840",="Present",="5/19/2026",
="800001842",="Present",="5/19/2026",
="800001850",="Present",="5/19/2026",
="800001856",="Present",="5/19/2026",
="800001860",="Present",="5/19/2026",
="800001864",="Present",="5/19/2026",
="800001874",="Present",="5/19/2026",
="800001903",="Present",="5/19/2026",
="800001905",="Present",="5/19/2026",
="800001908",="Present",="5/19/2026",
="800001910",="Present",="5/19/2026",
="800001955",="Present",="5/19/2026",
="800001986",="Present",="5/19/2026",
="800001987",="Present",="5/19/2026",
="800002008",="Present",="5/19/2026",
="800002017",="Present",="5/19/2026",
="800002026",="Present",="5/19/2026",
="800002029",="Present",="5/19/2026",
="800002062",="Present",="5/19/2026",
="800001607",="Present",="5/20/2026",
="800001688",="Present",="5/20/2026",
="800001712",="Present",="5/20/2026",
="800001813",="Present",="5/20/2026",
="800001902",="Present",="5/20/2026",
="800002005",="Present",="5/20/2026",
="800002015",="Absent excused",="5/5/2026",
="800002015",="Absent excused",="5/12/2026",
="800000495",="Present",="5/15/2026",
="800002165",="Present",="5/15/2026",
="800001197",="Absent",="5/20/2026",
="800001649",="Present",="5/20/2026",
="800001691",="Present",="5/20/2026",
="800001841",="Present",="5/20/2026",
="800001842",="Present",="5/20/2026",
="800001856",="Present",="5/20/2026",
="800001874",="Present",="5/20/2026",
="800001903",="Present",="5/20/2026",
="800001905",="Present",="5/20/2026",
="800001910",="Present",="5/20/2026",
="800001921",="Absent",="5/20/2026",
="800001955",="Present",="5/20/2026",
="800001986",="Present",="5/20/2026",
="800001987",="Present",="5/20/2026",
="800002008",="Present",="5/20/2026",
="800002017",="Present",="5/20/2026",
="800002026",="Present",="5/20/2026",
="800002029",="Present",="5/20/2026",
="800002044",="Present",="5/20/2026",
="800002062",="Present",="5/20/2026",
="800000941",="Absent excused",="5/8/2026",
="800001325",="Absent excused",="5/8/2026",
="800000927",="Absent",="5/15/2026",
="800000941",="Present",="5/15/2026",
="800001325",="Present",="5/15/2026",
="800001607",="Present",="5/15/2026",
="800001626",="Present",="5/15/2026",
="800001657",="Present",="5/15/2026",
="800001681",="Present",="5/15/2026",
="800002144",="Present",="5/21/2026",
="800002174",="Present",="5/21/2026",
="770017870",="Absent",="5/7/2026",
="800001094",="Present",="5/7/2026",
="800001268",="Absent",="5/7/2026",
="800001529",="Present",="5/7/2026",
="800001548",="Present",="5/7/2026",
="800001562",="Present",="5/7/2026",
="800001673",="Present",="5/7/2026",
="800001591",="Present",="5/7/2026",
="770017870",="Present",="5/14/2026",
="800001094",="Present",="5/14/2026",
="800001268",="Absent",="5/14/2026",
="800001529",="Present",="5/14/2026",
="800001548",="Present",="5/14/2026",
="800001562",="Present",="5/14/2026",
="800001673",="Present",="5/14/2026",
="800001591",="Present",="5/14/2026",
="770017870",="Present",="5/21/2026",
="800001094",="Present",="5/21/2026",
="800001268",="Absent",="5/21/2026",
="800001529",="Present",="5/21/2026",
="800001548",="Present",="5/21/2026",
="800001562",="Present",="5/21/2026",
="800001673",="Present",="5/21/2026",
="800001591",="Present",="5/21/2026",
="800000348",="Present",="5/21/2026",
="800001434",="Present",="5/21/2026",
="800001439",="Present",="5/21/2026",
="800001735",="Present",="5/21/2026",
="800001771",="Present",="5/21/2026",
="800001815",="Present",="5/21/2026",
="800001829",="Present",="5/21/2026",
="800001840",="Present",="5/21/2026",
="800001852",="Present",="5/21/2026",
="800001856",="Present",="5/21/2026",
="800001862",="Present",="5/21/2026",
="800001864",="Present",="5/21/2026",
="800001876",="Present",="5/21/2026",
="800001878",="Present",="5/21/2026",
="800001892",="Present",="5/21/2026",
="800001905",="Present",="5/21/2026",
="800001908",="Present",="5/21/2026",
="800001928",="Absent",="5/21/2026",
="800001954",="Present",="5/21/2026",
="800001623",="Present",="5/21/2026",
="800001649",="Present",="5/21/2026",
="800001691",="Present",="5/21/2026",
="800001842",="Present",="5/21/2026",
="800001850",="Present",="5/21/2026",
="800001860",="Present",="5/21/2026",
="800001874",="Present",="5/21/2026",
="800001903",="Present",="5/21/2026",
="800001910",="Present",="5/21/2026",
="800001955",="Present",="5/21/2026",
="800001986",="Present",="5/21/2026",
="800001987",="Present",="5/21/2026",
="800002008",="Present",="5/21/2026",
="800002017",="Present",="5/21/2026",
="800002026",="Present",="5/21/2026",
="800002029",="Present",="5/21/2026",
="800002062",="Present",="5/21/2026",
="770000737",="Present",="5/21/2026",
="800001543",="Present",="5/21/2026",
="800001723",="Present",="5/21/2026",
="800001739",="Present",="5/21/2026",
="800001846",="Present",="5/21/2026",
="800001863",="Present",="5/21/2026",
="800001934",="Present",="5/21/2026",
="800001943",="Present",="5/21/2026",
="800001950",="Present",="5/21/2026",
="800001985",="Present",="5/21/2026",
="800002010",="Present",="5/21/2026",
="800002011",="Present",="5/21/2026",
="800002020",="Present",="5/21/2026",
="800002021",="Present",="5/21/2026",
="800002035",="Present",="5/21/2026",
="800002036",="Present",="5/21/2026",
="800002053",="Present",="5/21/2026",
="800002059",="Present",="5/21/2026",
="770062806",="Absent",="5/22/2026",
="800000072",="Tardy/Late",="5/22/2026",
="800000495",="Tardy/Late",="5/22/2026",
="800001066",="Tardy/Late",="5/22/2026",
="800002066",="Tardy/Late",="5/22/2026",
="800002067",="Tardy/Late",="5/22/2026",
="800002071",="Tardy/Late",="5/22/2026",
="800002079",="Tardy/Late",="5/22/2026",
="800002092",="Tardy/Late",="5/22/2026",
="800002099",="Tardy/Late",="5/22/2026",
="800002106",="Tardy/Late",="5/22/2026",
="800002107",="Tardy/Late",="5/22/2026",
="800002109",="Tardy/Late",="5/22/2026",
="800002120",="Tardy/Late",="5/22/2026",
="800002122",="Tardy/Late",="5/22/2026",
="800002123",="Tardy/Late",="5/22/2026",
="800002128",="Tardy/Late",="5/22/2026",
="800002136",="Tardy/Late",="5/22/2026",
="800002142",="Tardy/Late",="5/22/2026",
="800002154",="Tardy/Late",="5/22/2026",
="800002160",="Tardy/Late",="5/22/2026",
="800002165",="Tardy/Late",="5/22/2026",
="800002172",="Tardy/Late",="5/22/2026",
="800002180",="Absent",="5/22/2026",
="800000495",="Present",="5/22/2026",
="800001466",="Present",="5/22/2026",
="800002165",="Present",="5/22/2026",
="800000927",="Present",="5/22/2026",
="800000941",="Present",="5/22/2026",
="800001325",="Present",="5/22/2026",
="800001607",="Present",="5/22/2026",
="800001626",="Present",="5/22/2026",
="800001657",="Present",="5/22/2026",
="800001681",="Present",="5/22/2026",
="800000754",="Present",="5/21/2026",
="800000941",="Present",="5/21/2026",
="800001368",="Present",="5/21/2026",
="800001502",="Present",="5/21/2026",
="800001508",="Present",="5/21/2026",
="800001626",="Present",="5/21/2026",
="800001657",="Present",="5/21/2026",
="800001701",="Present",="5/21/2026",
="800001634",="Present",="5/20/2026",
="800001878",="Present",="5/20/2026",
="800001884",="Present",="5/20/2026",
="800001888",="Present",="5/20/2026",
="800001934",="Present",="5/20/2026",
="800001954",="Present",="5/20/2026",
="800000463",="Present",="5/21/2026",
="800001638",="Present",="5/21/2026",
="800002007",="Present",="5/21/2026",
="800002034",="Absent",="5/21/2026",
="800002064",="Present",="5/21/2026",
="800002081",="Present",="5/21/2026",
="800002087",="Present",="5/21/2026",
="800002100",="Present",="5/21/2026",
="800002104",="Absent",="5/21/2026",
="800002111",="Present",="5/21/2026",
="800002114",="Present",="5/21/2026",
="800002127",="Present",="5/21/2026",
="800002132",="Present",="5/21/2026",
="800002133",="Absent",="5/21/2026",
="800002134",="Present",="5/21/2026",
="800002141",="Present",="5/21/2026",
="800002143",="Present",="5/21/2026",
="800002177",="Present",="5/21/2026",
="800001638",="Present",="5/22/2026",
="800001955",="Present",="5/22/2026",
="800001986",="Present",="5/22/2026",
="800002008",="Absent excused",="5/22/2026",
="800002044",="Present",="5/22/2026",
="800002062",="Present",="5/22/2026",
="800002144",="Present",="5/22/2026",
="800001114",="Absent",="5/20/2026",
="800001330",="Present",="5/20/2026",
="800001434",="Present",="5/20/2026",
="800001443",="Present",="5/20/2026",
="800001498",="Present",="5/20/2026",
="800001528",="Present",="5/20/2026",
="800001533",="Present",="5/20/2026",
="800001563",="Present",="5/20/2026",
="800001580",="Present",="5/20/2026",
="800001625",="Present",="5/20/2026",
="800001633",="Present",="5/20/2026",
="800001644",="Present",="5/20/2026",
="800001650",="Present",="5/20/2026",
="800001665",="Present",="5/20/2026",
="800001689",="Present",="5/20/2026",
="800001695",="Present",="5/20/2026",
="800001708",="Present",="5/20/2026",
="800001710",="Present",="5/20/2026",
="800001724",="Present",="5/20/2026",
="800001729",="Present",="5/20/2026",
="800001735",="Present",="5/20/2026",
="800001757",="Present",="5/20/2026",
="800001761",="Present",="5/20/2026",
="800001769",="Present",="5/20/2026",
="800001771",="Present",="5/20/2026",
="800001775",="Present",="5/20/2026",
="800001778",="Present",="5/20/2026",
="800001789",="Present",="5/20/2026",
="800001798",="Present",="5/20/2026",
="800001802",="Present",="5/20/2026",
="800001803",="Present",="5/20/2026",
="800001815",="Present",="5/20/2026",
="800001821",="Present",="5/20/2026",
="800001862",="Present",="5/20/2026",
="800001892",="Present",="5/20/2026",
="800001924",="Present",="5/20/2026",
="800001925",="Present",="5/20/2026",
="800001940",="Present",="5/20/2026",
="770000323",="Present",="5/20/2026",
="770000409",="Present",="5/20/2026",
="770017870",="Present",="5/20/2026",
="800000927",="Present",="5/20/2026",
="800001094",="Present",="5/20/2026",
="800001268",="Present",="5/20/2026",
="800001410",="Present",="5/20/2026",
="800001529",="Present",="5/20/2026",
="800001548",="Present",="5/20/2026",
="800001562",="Present",="5/20/2026",
="800000774",="Present",="5/20/2026",
="800001513",="Present",="5/20/2026",
="800001325",="Present",="5/24/2026",
="800001414",="Present",="5/24/2026",
="800001459",="Present",="5/24/2026",
="800001505",="Present",="5/24/2026",
="800001508",="Present",="5/24/2026",
="800001605",="Present",="5/24/2026",
="800001740",="Present",="5/24/2026",
="800001902",="Present",="5/24/2026",
="800002005",="Present",="5/24/2026",
="800002174",="Present",="5/24/2026",
="800001443",="Present",="5/24/2026",
="800001529",="Present",="5/24/2026",
="800001681",="Present",="5/24/2026",
="800001813",="Present",="5/24/2026",
="800002007",="Present",="5/24/2026",
="800002020",="Present",="5/24/2026",
="800002035",="Present",="5/24/2026",
="800002036",="Present",="5/24/2026",
="800002042",="Present",="5/24/2026",
="800002062",="Present",="5/24/2026",
="800002133",="Present",="5/24/2026",
="800002134",="Present",="5/24/2026",
="800002144",="Present",="5/24/2026",
="800002177",="Present",="5/24/2026",
="800002180",="Present",="5/24/2026",
="800000463",="Present",="5/24/2026",
="800001863",="Present",="5/24/2026",
="800001985",="Present",="5/24/2026",
="800002011",="Present",="5/24/2026",
="800002017",="Present",="5/24/2026",
="800002021",="Present",="5/24/2026",
="800002029",="Present",="5/24/2026",
="800002034",="Present",="5/24/2026",
="800002053",="Present",="5/24/2026",
="800002059",="Present",="5/24/2026",
="800002081",="Present",="5/24/2026",
="800002087",="Present",="5/24/2026",
="800002100",="Present",="5/24/2026",
="800002104",="Present",="5/24/2026",
="800002111",="Present",="5/24/2026",
="800002114",="Present",="5/24/2026",
="800002127",="Present",="5/24/2026",
="800002132",="Present",="5/24/2026",
="800002141",="Present",="5/24/2026",
="800002143",="Present",="5/24/2026",
="800001638",="Absent",="5/24/2026",
="800002064",="Present",="5/24/2026",
="800002080",="Absent",="5/24/2026",
="800002088",="Present",="5/24/2026",
="800002093",="Present",="5/24/2026",
="800002162",="Present",="5/24/2026",
="800001958",="Present",="5/24/2026",
="800001959",="Present",="5/24/2026",
="800001963",="Present",="5/24/2026",
="800001114",="Present",="5/25/2026",
="800001434",="Present",="5/25/2026",
="800001443",="Present",="5/25/2026",
="800001563",="Present",="5/25/2026",
="800001633",="Present",="5/25/2026",
="800001650",="Present",="5/25/2026",
="800001665",="Present",="5/25/2026",
="800001689",="Present",="5/25/2026",
="800001708",="Present",="5/25/2026",
="800001710",="Present",="5/25/2026",
="800001714",="Present",="5/25/2026",
="800001724",="Present",="5/25/2026",
="800001729",="Present",="5/25/2026",
="800001735",="Present",="5/25/2026",
="800001739",="Present",="5/25/2026",
="800001761",="Present",="5/25/2026",
="800001769",="Present",="5/25/2026",
="800001771",="Present",="5/25/2026",
="800001775",="Present",="5/25/2026",
="800001798",="Present",="5/25/2026",
="800001802",="Present",="5/25/2026",
="800001815",="Present",="5/25/2026",
="800001821",="Present",="5/25/2026",
="800001841",="Present",="5/25/2026",
="800001862",="Present",="5/25/2026",
="800001892",="Present",="5/25/2026",
="800001917",="Present",="5/25/2026",
="800001924",="Present",="5/25/2026",
="800001925",="Present",="5/25/2026",
="800001928",="Present",="5/25/2026",
="800001934",="Present",="5/25/2026",
="800001940",="Present",="5/25/2026",
="800000754",="No class",="5/25/2026",
="800000927",="No class",="5/25/2026",
="800001094",="No class",="5/25/2026",
="800001368",="No class",="5/25/2026",
="800001529",="No class",="5/25/2026",
="800001548",="No class",="5/25/2026",
="800001591",="No class",="5/25/2026",
="800001673",="No class",="5/25/2026",
="800001198",="No class",="5/25/2026",
="800001445",="No class",="5/25/2026",
="800001468",="No class",="5/25/2026",
="800001607",="No class",="5/25/2026",
="800001688",="No class",="5/25/2026",
="800001701",="No class",="5/25/2026",
="800001712",="No class",="5/25/2026",
="800001740",="No class",="5/25/2026",
="800001813",="No class",="5/25/2026",
="800001902",="No class",="5/25/2026",
="800002005",="No class",="5/25/2026",
="800001268",="No class",="5/25/2026",
="800001502",="No class",="5/25/2026",
="800001508",="No class",="5/25/2026",
="800001626",="No class",="5/25/2026",
="800001657",="No class",="5/25/2026",
="800001325",="Present",="5/21/2026",
="800001414",="Present",="5/21/2026",
="800001445",="Present",="5/21/2026",
="800001468",="Present",="5/21/2026",
="800001688",="Present",="5/21/2026",
="800001712",="Present",="5/21/2026",
="800001740",="Present",="5/21/2026",
="800001813",="Present",="5/21/2026",
="800001902",="Present",="5/21/2026",
="800002005",="Present",="5/21/2026",
="800000495",="Present",="5/24/2026",
="800000927",="Present",="5/24/2026",
="800001459",="Absent",="5/24/2026",
="800001657",="Absent",="5/24/2026",
="800002165",="Present",="5/24/2026",
="800002066",="Absent",="5/5/2026",
="800002066",="Absent",="5/12/2026",
="770062806",="Absent",="5/26/2026",
="800001066",="Present",="5/26/2026",
="800001560",="Present",="5/26/2026",
="800001830",="Present",="5/26/2026",
="800002067",="Present",="5/26/2026",
="800002071",="Present",="5/26/2026",
="800002079",="Present",="5/26/2026",
="800002092",="Present",="5/26/2026",
="800002093",="Present",="5/26/2026",
="800002099",="Present",="5/26/2026",
="800002106",="Present",="5/26/2026",
="800002107",="Present",="5/26/2026",
="800002109",="Present",="5/26/2026",
="800002122",="Present",="5/26/2026",
="800002123",="Present",="5/26/2026",
="800002128",="Present",="5/26/2026",
="800002136",="Present",="5/26/2026",
="800002142",="Present",="5/26/2026",
="800002160",="Present",="5/26/2026",
="800002162",="Present",="5/26/2026",
="800002172",="Present",="5/26/2026",
="800000072",="Present",="5/26/2026",
="800002080",="Present",="5/26/2026",
="800002120",="Present",="5/26/2026",
="800002154",="Present",="5/26/2026",
="800002180",="Absent",="5/26/2026",
="800001543",="Present",="5/26/2026",
="800001634",="Present",="5/26/2026",
="800001723",="Present",="5/26/2026",
="800001846",="Present",="5/26/2026",
="800001852",="Present",="5/26/2026",
="800001863",="Present",="5/26/2026",
="800001876",="Present",="5/26/2026",
="800001884",="Present",="5/26/2026",
="800001888",="Present",="5/26/2026",
="800001954",="Present",="5/26/2026",
="800001985",="Present",="5/26/2026",
="800002010",="Present",="5/26/2026",
="800002011",="Present",="5/26/2026",
="800002021",="Present",="5/26/2026",
="800002035",="Present",="5/26/2026",
="800002053",="Present",="5/26/2026",
="800002059",="Present",="5/26/2026",
="800002015",="Present",="5/26/2026",
="800002066",="Present",="5/26/2026",
="800001591",="Present",="5/22/2026",
="800001958",="Present",="5/22/2026",
="800001959",="Present",="5/22/2026",
="800001963",="Present",="5/22/2026",
="800000754",="Present",="5/26/2026",
="800000941",="Present",="5/26/2026",
="800001368",="Present",="5/26/2026",
="800001502",="Present",="5/26/2026",
="800001548",="Present",="5/26/2026",
="800001562",="Present",="5/26/2026",
="800001591",="Present",="5/26/2026",
="800001657",="Present",="5/26/2026",
="800001673",="Present",="5/26/2026",
="800001701",="Absent",="5/26/2026",
="800001439",="Present",="5/26/2026",
="800001623",="Present",="5/26/2026",
="800001649",="Present",="5/26/2026",
="800001691",="Present",="5/26/2026",
="800001829",="Present",="5/26/2026",
="800001840",="Present",="5/26/2026",
="800001842",="Present",="5/26/2026",
="800001850",="Present",="5/26/2026",
="800001856",="Present",="5/26/2026",
="800001860",="Present",="5/26/2026",
="800001864",="Present",="5/26/2026",
="800001874",="Present",="5/26/2026",
="800001903",="Present",="5/26/2026",
="800001905",="Present",="5/26/2026",
="800001908",="Present",="5/26/2026",
="800001910",="Present",="5/26/2026",
="800001955",="Present",="5/26/2026",
="800001986",="Present",="5/26/2026",
="800001987",="Present",="5/26/2026",
="800002008",="Present",="5/26/2026",
="800002017",="Present",="5/26/2026",
="800002026",="Present",="5/26/2026",
="800002029",="Present",="5/26/2026",
="800002062",="Present",="5/26/2026",
="800000348",="Present",="5/26/2026",
="800001633",="Present",="5/26/2026",
="800001689",="Present",="5/26/2026",
="800001821",="Present",="5/26/2026",
="800001841",="Present",="5/26/2026",
="800001917",="Present",="5/26/2026",
="800001924",="Present",="5/26/2026",
="800001925",="Present",="5/26/2026",
="800001928",="Present",="5/26/2026",
="800001940",="Present",="5/26/2026",
="800000072",="Present",="5/27/2026",
="800000495",="Present",="5/27/2026",
="800002015",="Present",="5/27/2026",
="800002066",="Present",="5/27/2026",
="800002071",="Tardy/Late",="5/27/2026",
="800002079",="Present",="5/27/2026",
="800002080",="Present",="5/27/2026",
="800002092",="Absent",="5/27/2026",
="800002093",="Present",="5/27/2026",
="800002099",="Present",="5/27/2026",
="800002106",="Present",="5/27/2026",
="800002107",="Present",="5/27/2026",
="800002120",="Tardy/Late",="5/27/2026",
="800002122",="Present",="5/27/2026",
="800002123",="Present",="5/27/2026",
="800002128",="Present",="5/27/2026",
="800002136",="Present",="5/27/2026",
="800002142",="Present",="5/27/2026",
="800002154",="Present",="5/27/2026",
="800002160",="Absent",="5/27/2026",
="800002162",="Present",="5/27/2026",
="800000754",="Present",="5/19/2026",
="800000941",="Present",="5/19/2026",
="800001368",="Present",="5/19/2026",
="800001502",="Present",="5/19/2026",
="800001548",="Present",="5/19/2026",
="800001562",="Present",="5/19/2026",
="800001591",="Present",="5/19/2026",
="800001673",="Present",="5/19/2026",
="800001701",="Present",="5/19/2026",
="800002080",="Tardy/Late",="5/22/2026",
="800002080",="Tardy/Late",="5/15/2026",
="800002080",="Absent",="5/8/2026",
="800002066",="Absent",="5/8/2026",
="800002067",="Absent",="5/8/2026",
="800001466",="Present",="5/27/2026",
="800001591",="Present",="5/27/2026",
="800001958",="Present",="5/27/2026",
="800001959",="Present",="5/27/2026",
="800001963",="Present",="5/27/2026",
="800000722",="Present",="5/20/2026",
="800000722",="Present",="5/27/2026",
="800001513",="Present",="5/27/2026",
="800001414",="Present",="5/27/2026",
="800001445",="Present",="5/27/2026",
="800001468",="Present",="5/27/2026",
="800001508",="Present",="5/27/2026",
="800001740",="Present",="5/27/2026",
="800002144",="Present",="5/27/2026",
="800002174",="Present",="5/27/2026",
="800001649",="Present",="5/27/2026",
="800001691",="Absent",="5/27/2026",
="800001841",="Present",="5/27/2026",
="800001842",="Present",="5/27/2026",
="800001856",="Present",="5/27/2026",
="800001874",="Present",="5/27/2026",
="800001903",="Absent",="5/27/2026",
="800001905",="Present",="5/27/2026",
="800001910",="Present",="5/27/2026",
="800001921",="Absent",="5/27/2026",
="800001955",="Present",="5/27/2026",
="800001986",="Present",="5/27/2026",
="800001987",="Present",="5/27/2026",
="800002008",="Present",="5/27/2026",
="800002017",="Present",="5/27/2026",
="800002026",="Present",="5/27/2026",
="800002029",="Present",="5/27/2026",
="800002044",="Present",="5/27/2026",
="800002062",="Present",="5/27/2026",
="800001634",="Present",="5/27/2026",
="800001878",="Present",="5/27/2026",
="800001884",="Present",="5/27/2026",
="800001888",="Present",="5/27/2026",
="800001934",="Present",="5/27/2026",
="800001954",="Present",="5/27/2026",
="800001198",="Present",="5/26/2026",
="800001607",="Present",="5/26/2026",
="800001902",="Present",="5/26/2026",
="800000348",="Present",="5/28/2026",
="800001434",="Present",="5/28/2026",
="800001439",="Present",="5/28/2026",
="800001735",="Present",="5/28/2026",
="800001771",="Present",="5/28/2026",
="800001815",="Present",="5/28/2026",
="800001829",="Present",="5/28/2026",
="800001840",="Present",="5/28/2026",
="800001852",="Present",="5/28/2026",
="800001856",="Present",="5/28/2026",
="800001862",="Present",="5/28/2026",
="800001864",="Present",="5/28/2026",
="800001876",="Present",="5/28/2026",
="800001878",="Present",="5/28/2026",
="800001892",="Present",="5/28/2026",
="800001905",="Present",="5/28/2026",
="800001908",="Present",="5/28/2026",
="800001928",="Present",="5/28/2026",
="800001954",="Present",="5/28/2026",
="800001325",="Present",="5/28/2026",
="800001414",="Present",="5/28/2026",
="800001445",="Present",="5/28/2026",
="800001468",="Present",="5/28/2026",
="800001508",="Present",="5/28/2026",
="800001688",="Present",="5/28/2026",
="800001712",="Present",="5/28/2026",
="800001740",="Present",="5/28/2026",
="800001813",="Present",="5/28/2026",
="800001902",="Present",="5/28/2026",
="800002005",="Present",="5/28/2026",
="800002144",="Present",="5/28/2026",
="800002174",="Present",="5/28/2026",
="800000754",="Present",="5/28/2026",
="800000941",="Present",="5/28/2026",
="800001368",="Present",="5/28/2026",
="800001502",="Present",="5/28/2026",
="800001626",="Present",="5/28/2026",
="800001657",="Tardy/Late",="5/28/2026",
="800001701",="Present",="5/28/2026",
="800001623",="Present",="5/28/2026",
="800001649",="Present",="5/28/2026",
="800001691",="Present",="5/28/2026",
="800001842",="Present",="5/28/2026",
="800001850",="Present",="5/28/2026",
="800001860",="Present",="5/28/2026",
="800001874",="Present",="5/28/2026",
="800001903",="Present",="5/28/2026",
="800001910",="Present",="5/28/2026",
="800001955",="Present",="5/28/2026",
="800001986",="Present",="5/28/2026",
="800001987",="Present",="5/28/2026",
="800002008",="Present",="5/28/2026",
="800002017",="Present",="5/28/2026",
="800002026",="Present",="5/28/2026",
="800002029",="Present",="5/28/2026",
="800002062",="Present",="5/28/2026",
="770017870",="Present",="5/28/2026",
="800001094",="Present",="5/28/2026",
="800001268",="Present",="5/28/2026",
="800001529",="Present",="5/28/2026",
="800001548",="Present",="5/28/2026",
="800001562",="Present",="5/28/2026",
="800001673",="Present",="5/28/2026",
="800001591",="Present",="5/28/2026",
="800001114",="Present",="5/27/2026",
="800001330",="Present",="5/27/2026",
="800001434",="Present",="5/27/2026",
="800001443",="Present",="5/27/2026",
="800001498",="Present",="5/27/2026",
="800001528",="Present",="5/27/2026",
="800001533",="Present",="5/27/2026",
="800001563",="Present",="5/27/2026",
="800001580",="Present",="5/27/2026",
="800001625",="Present",="5/27/2026",
="800001633",="Present",="5/27/2026",
="800001644",="Present",="5/27/2026",
="800001650",="Present",="5/27/2026",
="800001665",="Present",="5/27/2026",
="800001689",="Present",="5/27/2026",
="800001695",="Absent",="5/27/2026",
="800001708",="Absent",="5/27/2026",
="800001710",="Present",="5/27/2026",
="800001724",="Present",="5/27/2026",
="800001729",="Absent",="5/27/2026",
="800001735",="Present",="5/27/2026",
="800001757",="Present",="5/27/2026",
="800001761",="Absent",="5/27/2026",
="800001769",="Present",="5/27/2026",
="800001771",="Present",="5/27/2026",
="800001775",="Present",="5/27/2026",
="800001778",="Absent",="5/27/2026",
="800001789",="Present",="5/27/2026",
="800001798",="Present",="5/27/2026",
="800001802",="Present",="5/27/2026",
="800001803",="Present",="5/27/2026",
="800001815",="Present",="5/27/2026",
="800001821",="Present",="5/27/2026",
="800001862",="Present",="5/27/2026",
="800001892",="Present",="5/27/2026",
="800001924",="Present",="5/27/2026",
="800001925",="Present",="5/27/2026",
="800001940",="Present",="5/27/2026",
="770000323",="Present",="5/27/2026",
="770000409",="Absent",="5/27/2026",
="770017870",="Present",="5/27/2026",
="800000927",="Absent",="5/27/2026",
="800001094",="Absent",="5/27/2026",
="800001268",="Present",="5/27/2026",
="800001410",="Present",="5/27/2026",
="800001529",="Present",="5/27/2026",
="800001548",="Present",="5/27/2026",
="800001562",="Present",="5/27/2026",
="800000774",="Present",="5/27/2026",
="800000072",="Tardy/Late",="5/29/2026",
="800000495",="Tardy/Late",="5/29/2026",
="800001066",="Tardy/Late",="5/29/2026",
="800002066",="Tardy/Late",="5/29/2026",
="800002067",="Tardy/Late",="5/29/2026",
="800002071",="Tardy/Late",="5/29/2026",
="800002079",="Tardy/Late",="5/29/2026",
="800002080",="Tardy/Late",="5/29/2026",
="800002092",="Tardy/Late",="5/29/2026",
="800002099",="Tardy/Late",="5/29/2026",
="800002106",="Tardy/Late",="5/29/2026",
="800002107",="Tardy/Late",="5/29/2026",
="800002109",="Tardy/Late",="5/29/2026",
="800002120",="Tardy/Late",="5/29/2026",
="800002122",="Tardy/Late",="5/29/2026",
="800002123",="Tardy/Late",="5/29/2026",
="800002128",="Tardy/Late",="5/29/2026",
="800002136",="Tardy/Late",="5/29/2026",
="800002142",="Tardy/Late",="5/29/2026",
="800002154",="Tardy/Late",="5/29/2026",
="800002160",="Tardy/Late",="5/29/2026",
="800002165",="Tardy/Late",="5/29/2026",
="800002172",="Tardy/Late",="5/29/2026",
="800000463",="Present",="5/22/2026",
="800001845",="Present",="5/22/2026",
="800001909",="Present",="5/22/2026",
="800001921",="Absent",="5/22/2026",
="800001998",="Present",="5/22/2026",
="800002007",="Present",="5/22/2026",
="800002034",="Present",="5/22/2026",
="800002042",="Present",="5/22/2026",
="800002049",="Present",="5/22/2026",
="800002064",="Present",="5/22/2026",
="800002081",="Present",="5/22/2026",
="800002087",="Present",="5/22/2026",
="800002088",="Present",="5/22/2026",
="800002100",="Present",="5/22/2026",
="800002104",="Present",="5/22/2026",
="800002111",="Present",="5/22/2026",
="800002114",="Present",="5/22/2026",
="800002127",="Present",="5/22/2026",
="800002132",="Present",="5/22/2026",
="800002133",="Present",="5/22/2026",
="800002134",="Present",="5/22/2026",
="800002141",="Present",="5/22/2026",
="800002143",="Present",="5/22/2026",
="800002177",="Present",="5/22/2026",
="800001466",="Present",="5/29/2026",
="800001591",="Present",="5/29/2026",
="800001958",="Present",="5/29/2026",
="800001959",="Present",="5/29/2026",
="800001963",="Present",="5/29/2026",
="800000495",="Present",="5/29/2026",
="800002165",="Present",="5/29/2026",
="800000927",="Present",="5/29/2026",
="800000941",="Present",="5/29/2026",
="800001325",="Present",="5/29/2026",
="800001607",="Present",="5/29/2026",
="800001626",="Present",="5/29/2026",
="800001657",="Present",="5/29/2026",
="800001681",="Present",="5/29/2026",
="800000463",="Present",="5/28/2026",
="800001638",="Present",="5/28/2026",
="800002007",="Present",="5/28/2026",
="800002034",="Present",="5/28/2026",
="800002064",="Present",="5/28/2026",
="800002081",="Present",="5/28/2026",
="800002087",="Absent",="5/28/2026",
="800002100",="Present",="5/28/2026",
="800002104",="Present",="5/28/2026",
="800002111",="Present",="5/28/2026",
="800002114",="Present",="5/28/2026",
="800002127",="Absent",="5/28/2026",
="800002132",="Present",="5/28/2026",
="800002133",="Present",="5/28/2026",
="800002134",="Present",="5/28/2026",
="800002141",="Present",="5/28/2026",
="800002143",="Present",="5/28/2026",
="800002177",="Present",="5/28/2026",
="770000737",="Present",="5/28/2026",
="800001543",="Absent",="5/28/2026",
="800001723",="Present",="5/28/2026",
="800001739",="Present",="5/28/2026",
="800001846",="Present",="5/28/2026",
="800001863",="Present",="5/28/2026",
="800001934",="Present",="5/28/2026",
="800001943",="Present",="5/28/2026",
="800001950",="Present",="5/28/2026",
="800001985",="Present",="5/28/2026",
="800002010",="Present",="5/28/2026",
="800002011",="Present",="5/28/2026",
="800002020",="Present",="5/28/2026",
="800002021",="Present",="5/28/2026",
="800002035",="Present",="5/28/2026",
="800002036",="Present",="5/28/2026",
="800002053",="Present",="5/28/2026",
="800002059",="Present",="5/28/2026",
="770017870",="Present",="5/23/2026",
="800001094",="Present",="5/23/2026",
="800001268",="Present",="5/23/2026",
="800001529",="Present",="5/23/2026",
="800001548",="Present",="5/23/2026",
="800001562",="Present",="5/23/2026",
="800001673",="Present",="5/23/2026",
="800001591",="Present",="5/23/2026",
="800000754",="Present",="5/27/2026",
="800000927",="Present",="5/27/2026",
="800001094",="Present",="5/27/2026",
="800001368",="Present",="5/27/2026",
="800001529",="Absent",="5/27/2026",
="800001548",="Absent",="5/27/2026",
="800001591",="Absent",="5/27/2026",
="800001673",="Present",="5/27/2026",
="800001325",="Present",="5/31/2026",
="800001414",="Present",="5/31/2026",
="800001459",="Present",="5/31/2026",
="800001505",="Present",="5/31/2026",
="800001508",="Present",="5/31/2026",
="800001605",="Present",="5/31/2026",
="800001740",="Present",="5/31/2026",
="800001902",="Present",="5/31/2026",
="800002005",="Present",="5/31/2026",
="800002174",="Absent",="5/31/2026",
="800001638",="Absent",="5/29/2026",
="800001955",="Present",="5/29/2026",
="800001986",="Present",="5/29/2026",
="800002008",="Present",="5/29/2026",
="800002044",="Present",="5/29/2026",
="800002062",="Absent",="5/29/2026",
="800002144",="Present",="5/29/2026",
="800001443",="Present",="5/31/2026",
="800001529",="Present",="5/31/2026",
="800001681",="Present",="5/31/2026",
="800001813",="Present",="5/31/2026",
="800000072",="Present",="6/1/2026",
="800001066",="Present",="6/1/2026",
="800001560",="Present",="6/1/2026",
="800001830",="Absent",="6/1/2026",
="800002071",="Present",="6/1/2026",
="800002079",="Present",="6/1/2026",
="800002080",="Present",="6/1/2026",
="800002092",="Present",="6/1/2026",
="800002093",="Present",="6/1/2026",
="800002099",="Present",="6/1/2026",
="800002106",="Present",="6/1/2026",
="800002107",="Present",="6/1/2026",
="800002109",="Present",="6/1/2026",
="800002120",="Present",="6/1/2026",
="800002122",="Present",="6/1/2026",
="800002123",="Present",="6/1/2026",
="800002128",="Present",="6/1/2026",
="800002136",="Present",="6/1/2026",
="800002142",="Present",="6/1/2026",
="800002154",="Present",="6/1/2026",
="800002160",="Present",="6/1/2026",
="800002162",="Present",="6/1/2026",
="800002172",="Present",="6/1/2026",
="800000722",="Present",="5/13/2026",
="800001958",="Present",="5/31/2026",
="800001959",="Present",="5/31/2026",
="800001963",="Present",="5/31/2026",
="800000495",="Present",="5/31/2026",
="800000927",="Present",="5/31/2026",
="800001657",="Present",="5/31/2026",
="800002165",="Present",="5/31/2026",
="800000754",="Present",="6/1/2026",
="800000927",="Present",="6/1/2026",
="800001094",="Present",="6/1/2026",
="800001368",="Present",="6/1/2026",
="800001529",="Present",="6/1/2026",
="800001548",="Present",="6/1/2026",
="800001591",="Present",="6/1/2026",
="800001673",="Present",="6/1/2026",
="800001543",="Present",="6/1/2026",
="800001634",="Absent",="6/1/2026",
="800001723",="Present",="6/1/2026",
="800001846",="Present",="6/1/2026",
="800001852",="Present",="6/1/2026",
="800001863",="Present",="6/1/2026",
="800001876",="Present",="6/1/2026",
="800001884",="Present",="6/1/2026",
="800001888",="Present",="6/1/2026",
="800001954",="Absent",="6/1/2026",
="800001985",="Present",="6/1/2026",
="800002010",="Present",="6/1/2026",
="800002011",="Present",="6/1/2026",
="800002021",="Present",="6/1/2026",
="800002035",="Present",="6/1/2026",
="800002053",="Present",="6/1/2026",
="800002059",="Present",="6/1/2026",
="800000463",="Present",="5/31/2026",
="800001638",="Present",="5/31/2026",
="800002007",="Present",="5/31/2026",
="800002034",="Present",="5/31/2026",
="800002064",="Absent",="5/31/2026",
="800002081",="Present",="5/31/2026",
="800002087",="Present",="5/31/2026",
="800002088",="Present",="5/31/2026",
="800002093",="Present",="5/31/2026",
="800002100",="Present",="5/31/2026",
="800002104",="Present",="5/31/2026",
="800002111",="Present",="5/31/2026",
="800002114",="Present",="5/31/2026",
="800002127",="Absent",="5/31/2026",
="800002132",="Present",="5/31/2026",
="800002133",="Present",="5/31/2026",
="800002134",="Present",="5/31/2026",
="800002141",="Present",="5/31/2026",
="800002143",="Present",="5/31/2026",
="800002162",="Present",="5/31/2026",
="800002177",="Present",="5/31/2026",
="800001954",="Present",="6/1/2026",
="800002020",="Present",="5/31/2026",
="800002035",="Present",="5/31/2026",
="800002036",="Present",="5/31/2026",
="800002042",="Present",="5/31/2026",
="800002062",="Present",="5/31/2026",
="800002144",="Present",="5/31/2026",
="800001863",="Present",="5/31/2026",
="800001985",="Present",="5/31/2026",
="800002011",="Present",="5/31/2026",
="800002017",="Present",="5/31/2026",
="800002021",="Present",="5/31/2026",
="800002029",="Present",="5/31/2026",
="800002053",="Present",="5/31/2026",
="800002059",="Present",="5/31/2026",
="800002127",="Present",="5/31/2026",
="800002174",="Present",="5/31/2026",
="800001439",="Present",="6/1/2026",
="800001623",="Present",="6/1/2026",
="800001649",="Present",="6/1/2026",
="800001691",="Present",="6/1/2026",
="800001829",="Present",="6/1/2026",
="800001840",="Present",="6/1/2026",
="800001842",="Present",="6/1/2026",
="800001850",="Present",="6/1/2026",
="800001856",="Present",="6/1/2026",
="800001860",="Present",="6/1/2026",
="800001864",="Present",="6/1/2026",
="800001874",="Present",="6/1/2026",
="800001903",="Present",="6/1/2026",
="800001905",="Present",="6/1/2026",
="800001908",="Present",="6/1/2026",
="800001910",="Present",="6/1/2026",
="800001955",="Present",="6/1/2026",
="800001986",="Present",="6/1/2026",
="800001987",="Present",="6/1/2026",
="800002008",="Present",="6/1/2026",
="800002017",="Present",="6/1/2026",
="800002026",="Present",="6/1/2026",
="800002029",="Present",="6/1/2026",
="800002062",="Present",="6/1/2026",
="800001958",="Present",="6/1/2026",
="800001959",="Present",="6/1/2026",
="800001963",="Present",="6/1/2026",
="800001198",="Present",="6/1/2026",
="800001445",="Present",="6/1/2026",
="800001468",="Present",="6/1/2026",
="800001607",="Present",="6/1/2026",
="800001688",="Absent",="6/1/2026",
="800001701",="Present",="6/1/2026",
="800001712",="Present",="6/1/2026",
="800001740",="Present",="6/1/2026",
="800001813",="Present",="6/1/2026",
="800001902",="Present",="6/1/2026",
="800002005",="Present",="6/1/2026",
="800001268",="Absent",="6/1/2026",
="800001502",="Present",="6/1/2026",
="800001508",="Present",="6/1/2026",
="800001626",="Present",="6/1/2026",
="800001657",="Present",="6/1/2026",
="800001701",="Absent",="6/1/2026",
="800000463",="Present",="6/1/2026",
="800001845",="Present",="6/1/2026",
="800001909",="Present",="6/1/2026",
="800001921",="Absent",="6/1/2026",
="800001998",="Present",="6/1/2026",
="800002007",="Present",="6/1/2026",
="800002034",="Present",="6/1/2026",
="800002042",="Present",="6/1/2026",
="800002049",="Present",="6/1/2026",
="800002064",="Present",="6/1/2026",
="800002081",="Present",="6/1/2026",
="800002087",="Present",="6/1/2026",
="800002088",="Present",="6/1/2026",
="800002100",="Present",="6/1/2026",
="800002104",="Present",="6/1/2026",
="800002111",="Present",="6/1/2026",
="800002114",="Present",="6/1/2026",
="800002127",="Absent",="6/1/2026",
="800002132",="Present",="6/1/2026",
="800002133",="Present",="6/1/2026",
="800002134",="Present",="6/1/2026",
="800002141",="Present",="6/1/2026",
="800002143",="Present",="6/1/2026",
="800002177",="Present",="6/1/2026",
="800001114",="Present",="6/1/2026",
="800001434",="Present",="6/1/2026",
="800001443",="Present",="6/1/2026",
="800001563",="Present",="6/1/2026",
="800001633",="Present",="6/1/2026",
="800001650",="Present",="6/1/2026",
="800001665",="Present",="6/1/2026",
="800001689",="Present",="6/1/2026",
="800001708",="Present",="6/1/2026",
="800001710",="Present",="6/1/2026",
="800001714",="Present",="6/1/2026",
="800001724",="Present",="6/1/2026",
="800001729",="Present",="6/1/2026",
="800001735",="Present",="6/1/2026",
="800001739",="Present",="6/1/2026",
="800001761",="Present",="6/1/2026",
="800001769",="Present",="6/1/2026",
="800001771",="Present",="6/1/2026",
="800001775",="Present",="6/1/2026",
="800001798",="Present",="6/1/2026",
="800001802",="Present",="6/1/2026",
="800001815",="Present",="6/1/2026",
="800001821",="Present",="6/1/2026",
="800001841",="Present",="6/1/2026",
="800001862",="Present",="6/1/2026",
="800001892",="Present",="6/1/2026",
="800001917",="Present",="6/1/2026",
="800001924",="Present",="6/1/2026",
="800001925",="Present",="6/1/2026",
="800001928",="Present",="6/1/2026",
="800001934",="Present",="6/1/2026",
="800001940",="Present",="6/1/2026",
="800000495",="Present",="6/1/2026",
="800002067",="Present",="6/1/2026",
="800002165",="Present",="6/1/2026",
="800000072",="Present",="6/2/2026",
="800001560",="Present",="6/2/2026",
="800001830",="Present",="6/2/2026",
="800002015",="Present",="6/2/2026",
="800002066",="Present",="6/2/2026",
="800002071",="Present",="6/2/2026",
="800002079",="Present",="6/2/2026",
="800002080",="Present",="6/2/2026",
="800002092",="Present",="6/2/2026",
="800002093",="Present",="6/2/2026",
="800002099",="Present",="6/2/2026",
="800002106",="Present",="6/2/2026",
="800002107",="Present",="6/2/2026",
="800002109",="Present",="6/2/2026",
="800002120",="Present",="6/2/2026",
="800002122",="Present",="6/2/2026",
="800002123",="Present",="6/2/2026",
="800002128",="Present",="6/2/2026",
="800002136",="Present",="6/2/2026",
="800002142",="Present",="6/2/2026",
="800002154",="Present",="6/2/2026",
="800002160",="Present",="6/2/2026",
="800002162",="Present",="6/2/2026",
="800001198",="Present",="6/2/2026",
="800001607",="Present",="6/2/2026",
="800001657",="Present",="6/2/2026",
="800001902",="Present",="6/2/2026",
="800001543",="Present",="6/2/2026",
="800001634",="Present",="6/2/2026",
="800001723",="Present",="6/2/2026",
="800001846",="Present",="6/2/2026",
="800001852",="Present",="6/2/2026",
="800001863",="Present",="6/2/2026",
="800001876",="Present",="6/2/2026",
="800001884",="Present",="6/2/2026",
="800001888",="Present",="6/2/2026",
="800001954",="Present",="6/2/2026",
="800001985",="Present",="6/2/2026",
="800002010",="Present",="6/2/2026",
="800002011",="Present",="6/2/2026",
="800002021",="Present",="6/2/2026",
="800002035",="Present",="6/2/2026",
="800002053",="Present",="6/2/2026",
="800002059",="Present",="6/2/2026",
="800001439",="Present",="6/2/2026",
="800001623",="Present",="6/2/2026",
="800001649",="Present",="6/2/2026",
="800001691",="Present",="6/2/2026",
="800001829",="Present",="6/2/2026",
="800001840",="Present",="6/2/2026",
="800001842",="Present",="6/2/2026",
="800001850",="Present",="6/2/2026",
="800001856",="Present",="6/2/2026",
="800001860",="Present",="6/2/2026",
="800001864",="Present",="6/2/2026",
="800001874",="Present",="6/2/2026",
="800001903",="Present",="6/2/2026",
="800001905",="Present",="6/2/2026",
="800001908",="Present",="6/2/2026",
="800001910",="Present",="6/2/2026",
="800001955",="Present",="6/2/2026",
="800001986",="Present",="6/2/2026",
="800001987",="Present",="6/2/2026",
="800002008",="Present",="6/2/2026",
="800002017",="Present",="6/2/2026",
="800002026",="Present",="6/2/2026",
="800002029",="Present",="6/2/2026",
="800002062",="Present",="6/2/2026",
="800000348",="Present",="6/2/2026",
="800001633",="Present",="6/2/2026",
="800001689",="Present",="6/2/2026",
="800001821",="Present",="6/2/2026",
="800001841",="Present",="6/2/2026",
="800001917",="Present",="6/2/2026",
="800001924",="Present",="6/2/2026",
="800001925",="Present",="6/2/2026",
="800001928",="Present",="6/2/2026",
="800001940",="Present",="6/2/2026",
="800000072",="Present",="6/3/2026",
="800000495",="Present",="6/3/2026",
="800002015",="Present",="6/3/2026",
="800002066",="Present",="6/3/2026",
="800002071",="Tardy/Late",="6/3/2026",
="800002079",="Present",="6/3/2026",
="800002080",="Tardy/Late",="6/3/2026",
="800002092",="Tardy/Late",="6/3/2026",
="800002093",="Present",="6/3/2026",
="800002099",="Present",="6/3/2026",
="800002106",="Present",="6/3/2026",
="800002107",="Present",="6/3/2026",
="800002120",="Present",="6/3/2026",
="800002122",="Tardy/Late",="6/3/2026",
="800002123",="Present",="6/3/2026",
="800002128",="Present",="6/3/2026",
="800002136",="Present",="6/3/2026",
="800002142",="Present",="6/3/2026",
="800002154",="Present",="6/3/2026",
="800002160",="Present",="6/3/2026",
="800002162",="Present",="6/3/2026",
="800001466",="Present",="6/3/2026",
="800001591",="Present",="6/3/2026",
="800001958",="Present",="6/3/2026",
="800001959",="Present",="6/3/2026",
="800001963",="Present",="6/3/2026",
="800001445",="Present",="6/3/2026",
="800001468",="Present",="6/3/2026",
="800001607",="Present",="6/3/2026",
="800001688",="Present",="6/3/2026",
="800001712",="Present",="6/3/2026",
="800001740",="Present",="6/3/2026",
="800001813",="Present",="6/3/2026",
="800001902",="Present",="6/3/2026",
="800002005",="Present",="6/3/2026",
="800001466",="Absent",="6/3/2026",
="800001414",="Present",="6/3/2026",
="800001508",="Present",="6/3/2026",
="800002144",="Present",="6/3/2026",
="800002174",="Present",="6/3/2026",
="800000722",="Present",="6/3/2026",
="800001513",="Present",="6/3/2026",
="800001066",="Present",="6/2/2026",
="800002172",="Present",="6/2/2026",
="800002067",="Present",="6/2/2026",
="800001649",="Present",="6/3/2026",
="800001691",="Present",="6/3/2026",
="800001841",="Present",="6/3/2026",
="800001842",="Present",="6/3/2026",
="800001856",="Present",="6/3/2026",
="800001874",="Present",="6/3/2026",
="800001903",="Present",="6/3/2026",
="800001905",="Absent",="6/3/2026",
="800001910",="Present",="6/3/2026",
="800001921",="Absent",="6/3/2026",
="800001955",="Present",="6/3/2026",
="800001986",="Present",="6/3/2026",
="800001987",="Present",="6/3/2026",
="800002008",="Present",="6/3/2026",
="800002017",="Present",="6/3/2026",
="800002026",="Present",="6/3/2026",
="800002029",="Present",="6/3/2026",
="800002044",="Present",="6/3/2026",
="800002062",="Present",="6/3/2026",
="770000737",="No class",="6/2/2026",
="800000463",="No class",="6/2/2026",
="800001757",="No class",="6/2/2026",
="800001845",="No class",="6/2/2026",
="800001884",="No class",="6/2/2026",
="800001888",="No class",="6/2/2026",
="800001909",="No class",="6/2/2026",
="800001910",="No class",="6/2/2026",
="800001943",="No class",="6/2/2026",
="800001998",="No class",="6/2/2026",
="800002007",="No class",="6/2/2026",
="800002020",="No class",="6/2/2026",
="800002034",="No class",="6/2/2026",
="800002042",="No class",="6/2/2026",
="800002049",="No class",="6/2/2026",
="800002064",="No class",="6/2/2026",
="800002088",="No class",="6/2/2026",
="800002100",="No class",="6/2/2026",
="800002104",="No class",="6/2/2026",
="800002111",="No class",="6/2/2026",
="800002114",="No class",="6/2/2026",
="800002127",="No class",="6/2/2026",
="800002132",="No class",="6/2/2026",
="800002133",="No class",="6/2/2026",
="800002141",="No class",="6/2/2026",
="800002177",="No class",="6/2/2026",
="770000737",="No class",="6/3/2026",
="800000463",="No class",="6/3/2026",
="800001757",="No class",="6/3/2026",
="800001845",="No class",="6/3/2026",
="800001884",="No class",="6/3/2026",
="800001888",="No class",="6/3/2026",
="800001909",="No class",="6/3/2026",
="800001910",="No class",="6/3/2026",
="800001943",="No class",="6/3/2026",
="800001998",="No class",="6/3/2026",
="800002007",="No class",="6/3/2026",
="800002020",="No class",="6/3/2026",
="800002034",="No class",="6/3/2026",
="800002042",="No class",="6/3/2026",
="800002049",="No class",="6/3/2026",
="800002064",="No class",="6/3/2026",
="800002088",="No class",="6/3/2026",
="800002100",="No class",="6/3/2026",
="800002104",="No class",="6/3/2026",
="800002111",="No class",="6/3/2026",
="800002114",="No class",="6/3/2026",
="800002127",="No class",="6/3/2026",
="800002132",="No class",="6/3/2026",
="800002133",="No class",="6/3/2026",
="800002141",="No class",="6/3/2026",
="800002177",="No class",="6/3/2026",
="800001634",="Present",="6/3/2026",
="800001878",="Present",="6/3/2026",
="800001884",="Present",="6/3/2026",
="800001888",="Present",="6/3/2026",
="800001934",="Present",="6/3/2026",
="800001954",="Present",="6/3/2026",
="800001325",="Present",="6/4/2026",
="800001414",="Present",="6/4/2026",
="800001445",="Present",="6/4/2026",
="800001468",="Present",="6/4/2026",
="800001508",="Present",="6/4/2026",
="800001688",="Present",="6/4/2026",
="800001712",="Present",="6/4/2026",
="800001740",="Present",="6/4/2026",
="800001813",="Absent",="6/4/2026",
="800001902",="Present",="6/4/2026",
="800002005",="Present",="6/4/2026",
="800002144",="Present",="6/4/2026",
="800002174",="Present",="6/4/2026",
="800000754",="Present",="6/4/2026",
="800000941",="Present",="6/4/2026",
="800001368",="Present",="6/4/2026",
="800001502",="Present",="6/4/2026",
="800001626",="Present",="6/4/2026",
="800001657",="Present",="6/4/2026",
="800001701",="Present",="6/4/2026",
="770017870",="Present",="6/4/2026",
="800001094",="Present",="6/4/2026",
="800001268",="Absent",="6/4/2026",
="800001529",="Present",="6/4/2026",
="800001548",="Present",="6/4/2026",
="800001562",="Present",="6/4/2026",
="800001673",="Present",="6/4/2026",
="800001591",="Present",="6/4/2026",
="800001543",="Present",="6/5/2026",
="800001723",="Present",="6/5/2026",
="800001860",="Present",="6/5/2026",
="800001955",="Present",="6/5/2026",
="800001985",="Absent",="6/5/2026",
="800001987",="Present",="6/5/2026",
="800002010",="Present",="6/5/2026",
="800002011",="Present",="6/5/2026",
="800002021",="Present",="6/5/2026",
="800002026",="Present",="6/5/2026",
="800002059",="Present",="6/5/2026",
="800000463",="Present",="6/4/2026",
="800001638",="Present",="6/4/2026",
="800002007",="Present",="6/4/2026",
="800002034",="Present",="6/4/2026",
="800002064",="Present",="6/4/2026",
="800002081",="Present",="6/4/2026",
="800002087",="Present",="6/4/2026",
="800002100",="Present",="6/4/2026",
="800002104",="Present",="6/4/2026",
="800002111",="Present",="6/4/2026",
="800002114",="Present",="6/4/2026",
="800002127",="Present",="6/4/2026",
="800002132",="Present",="6/4/2026",
="800002133",="Present",="6/4/2026",
="800002134",="Present",="6/4/2026",
="800002141",="Present",="6/4/2026",
="800002143",="Present",="6/4/2026",
="800002177",="Present",="6/4/2026",
="800001466",="Present",="6/5/2026",
="800001591",="Absent",="6/5/2026",
="800001958",="Present",="6/5/2026",
="800001959",="Present",="6/5/2026",
="800001963",="Present",="6/5/2026",
="770000737",="Present",="6/4/2026",
="800001543",="Present",="6/4/2026",
="800001723",="Present",="6/4/2026",
="800001739",="Present",="6/4/2026",
="800001846",="Present",="6/4/2026",
="800001863",="Present",="6/4/2026",
="800001934",="Present",="6/4/2026",
="800001943",="Present",="6/4/2026",
="800001950",="Present",="6/4/2026",
="800001985",="Present",="6/4/2026",
="800002010",="Present",="6/4/2026",
="800002011",="Present",="6/4/2026",
="800002020",="Present",="6/4/2026",
="800002021",="Present",="6/4/2026",
="800002035",="Present",="6/4/2026",
="800002036",="Present",="6/4/2026",
="800002053",="Present",="6/4/2026",
="800002059",="Present",="6/4/2026",
="800001439",="Absent",="6/6/2026",
="800001691",="Present",="6/6/2026",
="800001842",="Present",="6/6/2026",
="800001850",="Present",="6/6/2026",
="800001864",="Present",="6/6/2026",
="800001905",="Present",="6/6/2026",
="800001908",="Present",="6/6/2026",
="800001910",="Present",="6/6/2026",
="800002008",="Present",="6/6/2026",
="800002017",="Present",="6/6/2026",
="800002029",="Present",="6/6/2026",
="800002062",="Present",="6/6/2026",
="800000774",="Present",="6/3/2026",
="770000323",="Present",="6/3/2026",
="770000409",="Present",="6/3/2026",
="770017870",="Present",="6/3/2026",
="800000927",="Absent",="6/3/2026",
="800001094",="Absent",="6/3/2026",
="800001268",="Present",="6/3/2026",
="800001410",="Present",="6/3/2026",
="800001529",="Present",="6/3/2026",
="800001548",="Absent",="6/3/2026",
="800001562",="Present",="6/3/2026",
="800001114",="Present",="6/3/2026",
="800001330",="Present",="6/3/2026",
="800001434",="Absent",="6/3/2026",
="800001443",="Present",="6/3/2026",
="800001498",="Present",="6/3/2026",
="800001528",="Present",="6/3/2026",
="800001533",="Present",="6/3/2026",
="800001563",="Present",="6/3/2026",
="800001580",="Present",="6/3/2026",
="800001625",="Present",="6/3/2026",
="800001633",="Present",="6/3/2026",
="800001644",="Present",="6/3/2026",
="800001650",="Present",="6/3/2026",
="800001665",="Present",="6/3/2026",
="800001689",="Present",="6/3/2026",
="800001695",="Present",="6/3/2026",
="800001708",="Present",="6/3/2026",
="800001710",="Present",="6/3/2026",
="800001724",="Present",="6/3/2026",
="800001729",="Present",="6/3/2026",
="800001735",="Present",="6/3/2026",
="800001757",="Present",="6/3/2026",
="800001761",="Absent",="6/3/2026",
="800001769",="Present",="6/3/2026",
="800001771",="Present",="6/3/2026",
="800001775",="Present",="6/3/2026",
="800001778",="Present",="6/3/2026",
="800001789",="Present",="6/3/2026",
="800001798",="Present",="6/3/2026",
="800001802",="Absent",="6/3/2026",
="800001803",="Present",="6/3/2026",
="800001815",="Present",="6/3/2026",
="800001821",="Present",="6/3/2026",
="800001862",="Present",="6/3/2026",
="800001892",="Present",="6/3/2026",
="800001924",="Present",="6/3/2026",
="800001925",="Present",="6/3/2026",
="800001940",="Absent",="6/3/2026",
="800001735",="Present",="5/30/2026",
="800001771",="Present",="5/30/2026",
="800001815",="Present",="5/30/2026",
="800001829",="Present",="5/30/2026",
="800001840",="Present",="5/30/2026",
="800001850",="Absent",="5/30/2026",
="800001852",="Present",="5/30/2026",
="800001876",="Present",="5/30/2026",
="800001892",="Present",="5/30/2026",
="800001954",="Present",="5/30/2026",
="800001325",="Present",="6/7/2026",
="800001443",="Present",="6/7/2026",
="800001459",="Present",="6/7/2026",
="800001529",="Present",="6/7/2026",
="800001681",="Present",="6/7/2026",
="800002005",="Present",="6/7/2026",
="800001958",="Present",="6/7/2026",
="800001959",="Present",="6/7/2026",
="800001963",="Present",="6/7/2026",
="800001439",="Present",="6/8/2026",
="800001623",="Present",="6/8/2026",
="800001649",="Present",="6/8/2026",
="800001829",="Present",="6/8/2026",
="800001840",="Present",="6/8/2026",
="800001856",="Present",="6/8/2026",
="800001874",="Present",="6/8/2026",
="800001903",="Present",="6/8/2026",
="800001986",="Present",="6/8/2026",
="800001987",="Present",="6/8/2026",
="800002026",="Present",="6/8/2026",
="800001414",="Present",="6/7/2026",
="800001508",="Present",="6/7/2026",
="800001605",="Present",="6/7/2026",
="800001740",="Present",="6/7/2026",
="800001902",="Present",="6/7/2026",
="800002174",="Present",="6/7/2026",
="800001638",="Present",="6/5/2026",
="800001986",="Present",="6/5/2026",
="800002008",="Present",="6/5/2026",
="800002044",="Present",="6/5/2026",
="800002062",="Present",="6/5/2026",
="800002144",="Present",="6/5/2026",
="800000495",="Present",="6/5/2026",
="800001466",="Absent",="6/5/2026",
="800002165",="Present",="6/5/2026",
="800000927",="Present",="6/5/2026",
="800000941",="Absent",="6/5/2026",
="800001325",="Present",="6/5/2026",
="800001607",="Absent",="6/5/2026",
="800001626",="Absent",="6/5/2026",
="800001657",="Present",="6/5/2026",
="800001681",="Present",="6/5/2026",
="800000463",="Present",="6/7/2026",
="800001863",="Present",="6/7/2026",
="800001985",="Present",="6/7/2026",
="800002011",="Present",="6/7/2026",
="800002017",="Present",="6/7/2026",
="800002021",="Present",="6/7/2026",
="800002029",="Present",="6/7/2026",
="800002034",="Present",="6/7/2026",
="800002053",="Present",="6/7/2026",
="800002059",="Present",="6/7/2026",
="800002081",="Present",="6/7/2026",
="800002087",="Present",="6/7/2026",
="800002100",="Present",="6/7/2026",
="800002104",="Present",="6/7/2026",
="800002111",="Present",="6/7/2026",
="800002114",="Present",="6/7/2026",
="800002127",="Absent",="6/7/2026",
="800002132",="Present",="6/7/2026",
="800002141",="Present",="6/7/2026",
="800002143",="Present",="6/7/2026",
="800002007",="Present",="6/7/2026",
="800002020",="Absent",="6/7/2026",
="800002035",="Present",="6/7/2026",
="800002036",="Present",="6/7/2026",
="800002042",="Present",="6/7/2026",
="800002062",="Present",="6/7/2026",
="800002133",="Absent",="6/7/2026",
="800002134",="Present",="6/7/2026",
="800002144",="Present",="6/7/2026",
="800002177",="Present",="6/7/2026",
="800000072",="Present",="6/8/2026",
="800001066",="Present",="6/8/2026",
="800001560",="Present",="6/8/2026",
="800001691",="Present",="6/8/2026",
="800001950",="Present",="6/8/2026",
="800002036",="Present",="6/8/2026",
="800002044",="Present",="6/8/2026",
="800002067",="Present",="6/8/2026",
="800002071",="Present",="6/8/2026",
="800002079",="Present",="6/8/2026",
="800002080",="Present",="6/8/2026",
="800002092",="Present",="6/8/2026",
="800002093",="Present",="6/8/2026",
="800002099",="Present",="6/8/2026",
="800002106",="Present",="6/8/2026",
="800002107",="Present",="6/8/2026",
="800002109",="Present",="6/8/2026",
="800002120",="Present",="6/8/2026",
="800002122",="Present",="6/8/2026",
="800002123",="Present",="6/8/2026",
="800002128",="Present",="6/8/2026",
="800002136",="Present",="6/8/2026",
="800002154",="Present",="6/8/2026",
="800002160",="Present",="6/8/2026",
="800002162",="Present",="6/8/2026",
="800002172",="Present",="6/8/2026",
="800001917",="Absent",="5/27/2026",
="800001439",="Present",="6/4/2026",
="800001623",="Present",="6/4/2026",
="800001649",="Present",="6/4/2026",
="800001691",="Present",="6/4/2026",
="800001829",="Present",="6/4/2026",
="800001840",="Present",="6/4/2026",
="800001842",="Absent",="6/4/2026",
="800001850",="Present",="6/4/2026",
="800001856",="Present",="6/4/2026",
="800001860",="Present",="6/4/2026",
="800001864",="Present",="6/4/2026",
="800001874",="Present",="6/4/2026",
="800001876",="Present",="6/4/2026",
="800001903",="Present",="6/4/2026",
="800001905",="Present",="6/4/2026",
="800001908",="Present",="6/4/2026",
="800001910",="Present",="6/4/2026",
="800001955",="Present",="6/4/2026",
="800001986",="Present",="6/4/2026",
="800001987",="Present",="6/4/2026",
="800002008",="Present",="6/4/2026",
="800002017",="Present",="6/4/2026",
="800002026",="Present",="6/4/2026",
="800002029",="Present",="6/4/2026",
="800002062",="Present",="6/4/2026",
="800000754",="Present",="6/3/2026",
="800000927",="Present",="6/3/2026",
="800001094",="Present",="6/3/2026",
="800001368",="Present",="6/3/2026",
="800001548",="Present",="6/3/2026",
="800001673",="Present",="6/3/2026",
="800001708",="Absent",="6/3/2026",
="800001917",="Present",="6/3/2026",
="800000754",="Present",="6/8/2026",
="800000927",="Present",="6/8/2026",
="800001094",="Present",="6/8/2026",
="800001368",="Present",="6/8/2026",
="800001529",="Present",="6/8/2026",
="800001548",="Present",="6/8/2026",
="800001591",="Present",="6/8/2026",
="800001673",="Present",="6/8/2026",
="800000495",="Present",="6/8/2026",
="800002165",="Present",="6/8/2026",
="800000495",="Absent",="6/7/2026",
="800000927",="Present",="6/7/2026",
="800001657",="Present",="6/7/2026",
="800002165",="Present",="6/7/2026",
="800001114",="Present",="6/8/2026",
="800001434",="Present",="6/8/2026",
="800001443",="Present",="6/8/2026",
="800001563",="Present",="6/8/2026",
="800001633",="Present",="6/8/2026",
="800001650",="Present",="6/8/2026",
="800001665",="Present",="6/8/2026",
="800001689",="Present",="6/8/2026",
="800001708",="Present",="6/8/2026",
="800001710",="Present",="6/8/2026",
="800001714",="Present",="6/8/2026",
="800001724",="Present",="6/8/2026",
="800001729",="Present",="6/8/2026",
="800001735",="Present",="6/8/2026",
="800001739",="Present",="6/8/2026",
="800001761",="Present",="6/8/2026",
="800001769",="Present",="6/8/2026",
="800001771",="Present",="6/8/2026",
="800001775",="Present",="6/8/2026",
="800001798",="Present",="6/8/2026",
="800001802",="Present",="6/8/2026",
="800001815",="Present",="6/8/2026",
="800001821",="Present",="6/8/2026",
="800001841",="Present",="6/8/2026",
="800001862",="Present",="6/8/2026",
="800001892",="Present",="6/8/2026",
="800001917",="Present",="6/8/2026",
="800001924",="Present",="6/8/2026",
="800001925",="Present",="6/8/2026",
="800001928",="Present",="6/8/2026",
="800001934",="Present",="6/8/2026",
="800001940",="Present",="6/8/2026",
="800001439",="Present",="6/9/2026",
="800001691",="Present",="6/9/2026",
="800001842",="Present",="6/9/2026",
="800001850",="Present",="6/9/2026",
="800001864",="Present",="6/9/2026",
="800001905",="Present",="6/9/2026",
="800001908",="Present",="6/9/2026",
="800001910",="Present",="6/9/2026",
="800002008",="Present",="6/9/2026",
="800002017",="Present",="6/9/2026",
="800002029",="Present",="6/9/2026",
="800002062",="Present",="6/9/2026",
="800001543",="Present",="6/8/2026",
="800001634",="Present",="6/8/2026",
="800001723",="Present",="6/8/2026",
="800001846",="Present",="6/8/2026",
="800001852",="Present",="6/8/2026",
="800001863",="Present",="6/8/2026",
="800001876",="Present",="6/8/2026",
="800001884",="Present",="6/8/2026",
="800001888",="Present",="6/8/2026",
="800001954",="Present",="6/8/2026",
="800001985",="Present",="6/8/2026",
="800002010",="Present",="6/8/2026",
="800002011",="Present",="6/8/2026",
="800002021",="Absent",="6/8/2026",
="800002035",="Present",="6/8/2026",
="800002053",="Present",="6/8/2026",
="800002059",="Present",="6/8/2026",
="800001439",="No class",="6/8/2026",
="800001623",="No class",="6/8/2026",
="800001649",="No class",="6/8/2026",
="800001691",="No class",="6/8/2026",
="800001829",="No class",="6/8/2026",
="800001840",="No class",="6/8/2026",
="800001842",="No class",="6/8/2026",
="800001850",="No class",="6/8/2026",
="800001856",="No class",="6/8/2026",
="800001860",="No class",="6/8/2026",
="800001864",="No class",="6/8/2026",
="800001874",="No class",="6/8/2026",
="800001903",="No class",="6/8/2026",
="800001905",="No class",="6/8/2026",
="800001908",="No class",="6/8/2026",
="800001910",="No class",="6/8/2026",
="800001955",="No class",="6/8/2026",
="800001986",="No class",="6/8/2026",
="800001987",="No class",="6/8/2026",
="800002008",="No class",="6/8/2026",
="800002017",="No class",="6/8/2026",
="800002026",="No class",="6/8/2026",
="800002029",="No class",="6/8/2026",
="800002062",="No class",="6/8/2026",
="800001543",="No class",="6/8/2026",
="800001634",="No class",="6/8/2026",
="800001723",="No class",="6/8/2026",
="800001846",="No class",="6/8/2026",
="800001852",="No class",="6/8/2026",
="800001863",="No class",="6/8/2026",
="800001884",="No class",="6/8/2026",
="800001888",="No class",="6/8/2026",
="800001954",="No class",="6/8/2026",
="800001985",="No class",="6/8/2026",
="800002010",="No class",="6/8/2026",
="800002011",="No class",="6/8/2026",
="800002021",="No class",="6/8/2026",
="800002035",="No class",="6/8/2026",
="800002053",="No class",="6/8/2026",
="800002059",="No class",="6/8/2026",
="800001439",="Present",="6/6/2026",
="800001623",="Present",="6/6/2026",
="800001649",="Present",="6/6/2026",
="800001829",="Present",="6/6/2026",
="800001840",="Present",="6/6/2026",
="800001856",="Present",="6/6/2026",
="800001874",="Present",="6/6/2026",
="800001903",="Present",="6/6/2026",
="800001986",="Present",="6/6/2026",
="800001987",="Present",="6/6/2026",
="800002026",="Present",="6/6/2026",
="800001543",="Present",="6/7/2026",
="800001723",="Present",="6/7/2026",
="800001860",="Present",="6/7/2026",
="800001955",="Present",="6/7/2026",
="800001987",="Present",="6/7/2026",
="800002010",="Present",="6/7/2026",
="800002026",="Present",="6/7/2026",
="800000348",="Absent",="6/9/2026",
="800001633",="Present",="6/9/2026",
="800001689",="Present",="6/9/2026",
="800001821",="Absent",="6/9/2026",
="800001841",="Present",="6/9/2026",
="800001876",="Present",="6/9/2026",
="800001917",="Present",="6/9/2026",
="800001924",="Present",="6/9/2026",
="800001925",="Present",="6/9/2026",
="800001928",="Present",="6/9/2026",
="800001940",="Present",="6/9/2026",
="800001466",="Present",="6/9/2026",
="800001958",="Present",="6/9/2026",
="800001959",="Present",="6/9/2026",
="800001963",="Present",="6/9/2026",
="800001958",="Present",="6/8/2026",
="800001959",="Present",="6/8/2026",
="800001963",="Present",="6/8/2026",
="800001445",="No class",="5/27/2026",
="800001468",="No class",="5/27/2026",
="800001607",="No class",="5/27/2026",
="800001688",="No class",="5/27/2026",
="800001712",="No class",="5/27/2026",
="800001740",="No class",="5/27/2026",
="800001902",="No class",="5/27/2026",
="800002005",="No class",="5/27/2026",
="800001466",="No class",="5/27/2026",
="800001958",="No class",="5/27/2026",
="800001959",="No class",="5/27/2026",
="800001963",="No class",="5/27/2026",
="800001198",="Present",="6/9/2026",
="800001607",="Present",="6/9/2026",
="800001657",="Present",="6/9/2026",
="800001902",="Present",="6/9/2026",
="800000463",="Present",="6/5/2026",
="800001845",="Present",="6/5/2026",
="800001909",="Present",="6/5/2026",
="800001921",="Absent",="6/5/2026",
="800001998",="Present",="6/5/2026",
="800002007",="Present",="6/5/2026",
="800002034",="Present",="6/5/2026",
="800002042",="Present",="6/5/2026",
="800002049",="Present",="6/5/2026",
="800002064",="Present",="6/5/2026",
="800002081",="Present",="6/5/2026",
="800002087",="Present",="6/5/2026",
="800002088",="Present",="6/5/2026",
="800002100",="Present",="6/5/2026",
="800002104",="Present",="6/5/2026",
="800002111",="Present",="6/5/2026",
="800002114",="Present",="6/5/2026",
="800002127",="Present",="6/5/2026",
="800002132",="Present",="6/5/2026",
="800002133",="Present",="6/5/2026",
="800002134",="Present",="6/5/2026",
="800002141",="Present",="6/5/2026",
="800002143",="Present",="6/5/2026",
="800002177",="Present",="6/5/2026",
="800000072",="Present",="6/10/2026",
="800001066",="Present",="6/10/2026",
="800001560",="Present",="6/10/2026",
="800001691",="Present",="6/10/2026",
="800001950",="Present",="6/10/2026",
="800002036",="Present",="6/10/2026",
="800002067",="Present",="6/10/2026",
="800002071",="Present",="6/10/2026",
="800002079",="Present",="6/10/2026",
="800002080",="Present",="6/10/2026",
="800002092",="Present",="6/10/2026",
="800002093",="Present",="6/10/2026",
="800002099",="Present",="6/10/2026",
="800002106",="Present",="6/10/2026",
="800002107",="Present",="6/10/2026",
="800002109",="Present",="6/10/2026",
="800002120",="Present",="6/10/2026",
="800002122",="Present",="6/10/2026",
="800002123",="Present",="6/10/2026",
="800002128",="Present",="6/10/2026",
="800002136",="Present",="6/10/2026",
="800002154",="Present",="6/10/2026",
="800002160",="Present",="6/10/2026",
="800002162",="Present",="6/10/2026",
="800002172",="Present",="6/10/2026",
="770000737",="Present",="6/10/2026",
="800000463",="Present",="6/10/2026",
="800001757",="Present",="6/10/2026",
="800001845",="Present",="6/10/2026",
="800001884",="Present",="6/10/2026",
="800001888",="Present",="6/10/2026",
="800001909",="Present",="6/10/2026",
="800001910",="Present",="6/10/2026",
="800001943",="Present",="6/10/2026",
="800001998",="Present",="6/10/2026",
="800002007",="Present",="6/10/2026",
="800002020",="Present",="6/10/2026",
="800002023",="Present",="6/10/2026",
="800002034",="Present",="6/10/2026",
="800002042",="Present",="6/10/2026",
="800002049",="Present",="6/10/2026",
="800002064",="Present",="6/10/2026",
="800002088",="Present",="6/10/2026",
="800002100",="Present",="6/10/2026",
="800002104",="Present",="6/10/2026",
="800002111",="Present",="6/10/2026",
="800002114",="Present",="6/10/2026",
="800002127",="Present",="6/10/2026",
="800002132",="Present",="6/10/2026",
="800002133",="Present",="6/10/2026",
="800002141",="Present",="6/10/2026",
="800002177",="Present",="6/10/2026",
="800000348",="Present",="6/10/2026",
="800001689",="Present",="6/10/2026",
="800001821",="Present",="6/10/2026",
="800001841",="Present",="6/10/2026",
="800001954",="Present",="6/10/2026",
="800001634",="Present",="6/5/2026",
="800001689",="Present",="6/5/2026",
="800001874",="Present",="6/5/2026",
="800001878",="Present",="6/5/2026",
="770000737",="Present",="6/9/2026",
="800000463",="Present",="6/9/2026",
="800001757",="Present",="6/9/2026",
="800001845",="Present",="6/9/2026",
="800001884",="Present",="6/9/2026",
="800001888",="Present",="6/9/2026",
="800001909",="Present",="6/9/2026",
="800001943",="Present",="6/9/2026",
="800001998",="Present",="6/9/2026",
="800002007",="Present",="6/9/2026",
="800002020",="Present",="6/9/2026",
="800002023",="Present",="6/9/2026",
="800002034",="Present",="6/9/2026",
="800002042",="Present",="6/9/2026",
="800002049",="Present",="6/9/2026",
="800002064",="Present",="6/9/2026",
="800002088",="Present",="6/9/2026",
="800002100",="Present",="6/9/2026",
="800002104",="Present",="6/9/2026",
="800002111",="Present",="6/9/2026",
="800002114",="Present",="6/9/2026",
="800002127",="Present",="6/9/2026",
="800002132",="Present",="6/9/2026",
="800002133",="Present",="6/9/2026",
="800002141",="Present",="6/9/2026",
="800002177",="Present",="6/9/2026",
="800001445",="Present",="6/9/2026",
="800001740",="Present",="6/9/2026",
="800001813",="Absent",="6/9/2026",
="800002005",="Present",="6/9/2026",
="800001066",="Present",="6/9/2026",
="800001560",="Present",="6/9/2026",
="800001830",="Present",="6/9/2026",
="800002071",="Present",="6/9/2026",
="800002079",="Present",="6/9/2026",
="800002092",="Present",="6/9/2026",
="800002093",="Present",="6/9/2026",
="800002099",="Present",="6/9/2026",
="800002106",="Present",="6/9/2026",
="800002107",="Present",="6/9/2026",
="800002109",="Present",="6/9/2026",
="800002122",="Present",="6/9/2026",
="800002123",="Present",="6/9/2026",
="800002128",="Present",="6/9/2026",
="800002136",="Present",="6/9/2026",
="800002142",="Present",="6/9/2026",
="800002160",="Present",="6/9/2026",
="800002162",="Present",="6/9/2026",
="800002172",="Present",="6/9/2026",
="800000072",="Present",="6/9/2026",
="800002080",="Present",="6/9/2026",
="800002120",="Present",="6/9/2026",
="800002154",="Present",="6/9/2026",
="800002067",="Present",="6/9/2026",
="800002067",="No class",="6/8/2026",
="800000495",="Present",="6/10/2026",
="800002015",="Present",="6/10/2026",
="800002066",="Absent",="6/10/2026",
="800002142",="Present",="6/10/2026",
="800002154",="Absent",="6/10/2026",
="800000722",="Present",="6/10/2026",
="800001513",="Present",="6/10/2026",
="800002144",="Present",="6/11/2026",
="800002174",="Present",="6/11/2026",
="800001543",="Present",="6/12/2026",
="800001723",="Present",="6/12/2026",
="800001860",="Present",="6/12/2026",
="800001955",="Present",="6/12/2026",
="800001987",="Present",="6/12/2026",
="800002010",="Present",="6/12/2026",
="800002011",="Present",="6/12/2026",
="800002021",="Present",="6/12/2026",
="800002026",="Absent",="6/12/2026",
="800002059",="Present",="6/12/2026",
="800000463",="Present",="5/29/2026",
="800001845",="Present",="5/29/2026",
="800001909",="Present",="5/29/2026",
="800001998",="Present",="5/29/2026",
="800002007",="Present",="5/29/2026",
="800002034",="Present",="5/29/2026",
="800002042",="Present",="5/29/2026",
="800002049",="Present",="5/29/2026",
="800002064",="Present",="5/29/2026",
="800002081",="Present",="5/29/2026",
="800002087",="Present",="5/29/2026",
="800002088",="Present",="5/29/2026",
="800002100",="Present",="5/29/2026",
="800002104",="Present",="5/29/2026",
="800002111",="Present",="5/29/2026",
="800002114",="Present",="5/29/2026",
="800002127",="Present",="5/29/2026",
="800002132",="Present",="5/29/2026",
="800002133",="Present",="5/29/2026",
="800002134",="Present",="5/29/2026",
="800002141",="Present",="5/29/2026",
="800002143",="Present",="5/29/2026",
="800002177",="Present",="5/29/2026",
="800001325",="Absent",="6/11/2026",
="800001414",="Present",="6/11/2026",
="800001445",="Present",="6/11/2026",
="800001468",="Present",="6/11/2026",
="800001508",="Absent",="6/11/2026",
="800001688",="Present",="6/11/2026",
="800001712",="Absent",="6/11/2026",
="800001740",="Absent",="6/11/2026",
="800001813",="Absent",="6/11/2026",
="800001902",="Present",="6/11/2026",
="800002005",="Present",="6/11/2026",
="800001466",="Present",="6/10/2026",
="800001591",="Present",="6/10/2026",
="800001958",="Present",="6/10/2026",
="800001959",="Present",="6/10/2026",
="800001963",="Present",="6/10/2026",
="800000754",="Present",="6/2/2026",
="800000941",="Present",="6/2/2026",
="800001368",="Present",="6/2/2026",
="800001502",="Present",="6/2/2026",
="800001548",="Present",="6/2/2026",
="800001562",="Present",="6/2/2026",
="800001591",="Present",="6/2/2026",
="800001673",="Present",="6/2/2026",
="800001701",="Present",="6/2/2026",
="800001439",="Present",="6/13/2026",
="800001623",="Present",="6/13/2026",
="800001649",="Present",="6/13/2026",
="800001829",="Present",="6/13/2026",
="800001840",="Present",="6/13/2026",
="800001856",="Present",="6/13/2026",
="800001874",="Present",="6/13/2026",
="800001903",="Present",="6/13/2026",
="800001986",="Present",="6/13/2026",
="800001987",="Absent",="6/13/2026",
="800002026",="Present",="6/13/2026",
="800000348",="Present",="6/6/2026",
="800001434",="Present",="6/6/2026",
="800001860",="Absent",="6/6/2026",
="800001862",="Present",="6/6/2026",
="800001878",="Present",="6/6/2026",
="800001905",="Absent",="6/6/2026",
="800001928",="Present",="6/6/2026",
="800001439",="Present",="6/12/2026",
="800001856",="Absent",="6/12/2026",
="800001905",="Present",="6/12/2026",
="800001325",="Absent",="6/14/2026",
="800001443",="Present",="6/14/2026",
="800001459",="Present",="6/14/2026",
="800001529",="Present",="6/14/2026",
="800001681",="Present",="6/14/2026",
="800001813",="No class",="6/14/2026",
="800002005",="Present",="6/14/2026",
="800001638",="Present",="6/12/2026",
="800001986",="Present",="6/12/2026",
="800002008",="Present",="6/12/2026",
="800002044",="Present",="6/12/2026",
="800002062",="Present",="6/12/2026",
="800002144",="Present",="6/12/2026",
="800001560",="Absent",="6/9/2026",
="800002015",="Present",="6/9/2026",
="800002066",="Absent",="6/9/2026",
="800002142",="Absent",="6/9/2026",
="800001414",="Present",="6/10/2026",
="800001445",="Present",="6/10/2026",
="800001468",="Present",="6/10/2026",
="800001508",="Present",="6/10/2026",
="800001740",="Present",="6/10/2026",
="800002144",="Present",="6/10/2026",
="800002174",="Present",="6/10/2026",
="770000737",="Absent",="6/11/2026",
="800001543",="Present",="6/11/2026",
="800001723",="Present",="6/11/2026",
="800001739",="Present",="6/11/2026",
="800001846",="Present",="6/11/2026",
="800001863",="Present",="6/11/2026",
="800001934",="Present",="6/11/2026",
="800001943",="Present",="6/11/2026",
="800001950",="Present",="6/11/2026",
="800001985",="Present",="6/11/2026",
="800002010",="Present",="6/11/2026",
="800002011",="Present",="6/11/2026",
="800002020",="Present",="6/11/2026",
="800002021",="Present",="6/11/2026",
="800002035",="Present",="6/11/2026",
="800002036",="Present",="6/11/2026",
="800002053",="Present",="6/11/2026",
="800002059",="Present",="6/11/2026",
="800001958",="Present",="6/14/2026",
="800001959",="Present",="6/14/2026",
="800001963",="Present",="6/14/2026",
="800001439",="Present",="6/15/2026",
="800001623",="Present",="6/15/2026",
="800001649",="Present",="6/15/2026",
="800001829",="Present",="6/15/2026",
="800001840",="Present",="6/15/2026",
="800001856",="Present",="6/15/2026",
="800001874",="Present",="6/15/2026",
="800001903",="Present",="6/15/2026",
="800001986",="Present",="6/15/2026",
="800001987",="Absent",="6/15/2026",
="800002026",="Present",="6/15/2026",
="800001468",="Present",="6/13/2026",
="800001688",="Present",="6/13/2026",
="800001712",="Present",="6/13/2026",
="800000463",="Present",="6/11/2026",
="800001638",="Present",="6/11/2026",
="800002007",="Present",="6/11/2026",
="800002034",="Present",="6/11/2026",
="800002064",="Present",="6/11/2026",
="800002081",="Present",="6/11/2026",
="800002087",="Present",="6/11/2026",
="800002100",="Present",="6/11/2026",
="800002104",="Present",="6/11/2026",
="800002111",="Present",="6/11/2026",
="800002114",="Present",="6/11/2026",
="800002127",="Absent",="6/11/2026",
="800002132",="Present",="6/11/2026",
="800002133",="Present",="6/11/2026",
="800002134",="Present",="6/11/2026",
="800002141",="Present",="6/11/2026",
="800002143",="Present",="6/11/2026",
="800002177",="Present",="6/11/2026",
="800000072",="Present",="6/11/2026",
="800001066",="Present",="6/11/2026",
="800001560",="Present",="6/11/2026",
="800001691",="Present",="6/11/2026",
="800002067",="Present",="6/11/2026",
="800002071",="Present",="6/11/2026",
="800002079",="Present",="6/11/2026",
="800002080",="Present",="6/11/2026",
="800002092",="Present",="6/11/2026",
="800002093",="Present",="6/11/2026",
="800002099",="Present",="6/11/2026",
="800002106",="Present",="6/11/2026",
="800002107",="Present",="6/11/2026",
="800002109",="Present",="6/11/2026",
="800002120",="Present",="6/11/2026",
="800002122",="Present",="6/11/2026",
="800002123",="Present",="6/11/2026",
="800002128",="Present",="6/11/2026",
="800002136",="Present",="6/11/2026",
="800002154",="Present",="6/11/2026",
="800002160",="Present",="6/11/2026",
="800002162",="Present",="6/11/2026",
="800002172",="Present",="6/11/2026",
="770000737",="Present",="6/12/2026",
="800000463",="Present",="6/12/2026",
="800001757",="Present",="6/12/2026",
="800001845",="Present",="6/12/2026",
="800001884",="Absent",="6/12/2026",
="800001888",="Absent",="6/12/2026",
="800001909",="Present",="6/12/2026",
="800001910",="Present",="6/12/2026",
="800001943",="Present",="6/12/2026",
="800001998",="Present",="6/12/2026",
="800002007",="Present",="6/12/2026",
="800002020",="Present",="6/12/2026",
="800002023",="Present",="6/12/2026",
="800002034",="Present",="6/12/2026",
="800002042",="Present",="6/12/2026",
="800002049",="Present",="6/12/2026",
="800002064",="Present",="6/12/2026",
="800002088",="Present",="6/12/2026",
="800002100",="Present",="6/12/2026",
="800002104",="Present",="6/12/2026",
="800002111",="Present",="6/12/2026",
="800002114",="Present",="6/12/2026",
="800002127",="Present",="6/12/2026",
="800002132",="Present",="6/12/2026",
="800002133",="Present",="6/12/2026",
="800002141",="Present",="6/12/2026",
="800002177",="Present",="6/12/2026",
="800001649",="Present",="6/10/2026",
="800001842",="Present",="6/10/2026",
="800001856",="Present",="6/10/2026",
="800001874",="Present",="6/10/2026",
="800001903",="Present",="6/10/2026",
="800001905",="Absent",="6/10/2026",
="800001955",="Absent",="6/10/2026",
="800001986",="Present",="6/10/2026",
="800001987",="Present",="6/10/2026",
="800002008",="Present",="6/10/2026",
="800002017",="Present",="6/10/2026",
="800002026",="Present",="6/10/2026",
="800002029",="Present",="6/10/2026",
="800002044",="Present",="6/10/2026",
="800002062",="Present",="6/10/2026",
="800001466",="Present",="6/12/2026",
="800001591",="Present",="6/12/2026",
="800001958",="Tardy/Late",="6/12/2026",
="800001959",="Present",="6/12/2026",
="800001963",="Present",="6/12/2026",
="800001634",="Present",="6/15/2026",
="800001846",="Present",="6/15/2026",
="800001852",="Present",="6/15/2026",
="800001863",="Present",="6/15/2026",
="800001876",="Present",="6/15/2026",
="800001884",="Present",="6/15/2026",
="800001888",="Present",="6/15/2026",
="800001954",="Present",="6/15/2026",
="800002035",="Present",="6/15/2026",
="800002053",="Present",="6/15/2026",
="800001634",="Present",="6/11/2026",
="800001852",="Present",="6/11/2026",
="800001876",="Present",="6/11/2026",
="800001884",="Present",="6/11/2026",
="800001888",="Present",="6/11/2026",
="800001954",="Present",="6/11/2026",
="800001846",="Present",="6/5/2026",
="800001852",="Present",="6/5/2026",
="800001863",="Present",="6/5/2026",
="800001876",="Present",="6/5/2026",
="800001884",="Present",="6/5/2026",
="800001888",="Present",="6/5/2026",
="800001954",="Present",="6/5/2026",
="800002035",="Present",="6/5/2026",
="800002053",="Present",="6/5/2026",
="800002007",="Present",="6/14/2026",
="800002020",="Present",="6/14/2026",
="800002035",="Present",="6/14/2026",
="800002036",="Present",="6/14/2026",
="800002042",="Present",="6/14/2026",
="800002062",="Present",="6/14/2026",
="800002133",="Present",="6/14/2026",
="800002134",="Present",="6/14/2026",
="800002144",="Present",="6/14/2026",
="800002177",="Present",="6/14/2026",
="800000463",="Present",="6/14/2026",
="800001863",="Present",="6/14/2026",
="800001985",="Present",="6/14/2026",
="800002011",="Present",="6/14/2026",
="800002017",="Present",="6/14/2026",
="800002021",="Present",="6/14/2026",
="800002029",="Present",="6/14/2026",
="800002034",="Present",="6/14/2026",
="800002053",="Present",="6/14/2026",
="800002059",="Present",="6/14/2026",
="800002081",="Present",="6/14/2026",
="800002087",="Present",="6/14/2026",
="800002100",="Present",="6/14/2026",
="800002104",="Present",="6/14/2026",
="800002111",="Present",="6/14/2026",
="800002114",="Present",="6/14/2026",
="800002127",="Present",="6/14/2026",
="800002132",="Present",="6/14/2026",
="800002141",="Present",="6/14/2026",
="800002143",="Present",="6/14/2026",
="800002174",="Present",="6/14/2026",
="800001439",="Absent",="6/13/2026",
="800001691",="Present",="6/13/2026",
="800001842",="Present",="6/13/2026",
="800001850",="Present",="6/13/2026",
="800001864",="Present",="6/13/2026",
="800001905",="Present",="6/13/2026",
="800001908",="Present",="6/13/2026",
="800001910",="Present",="6/13/2026",
="800002008",="Absent",="6/13/2026",
="800002017",="Present",="6/13/2026",
="800002029",="Present",="6/13/2026",
="800002062",="Present",="6/13/2026",
="800000754",="Present",="6/13/2026",
="800000941",="Present",="6/13/2026",
="800001368",="Present",="6/13/2026",
="800001508",="Present",="6/13/2026",
="800001626",="Present",="6/13/2026",
="800001657",="Present",="6/13/2026",
="800000495",="Present",="6/14/2026",
="800000927",="Present",="6/14/2026",
="800001657",="Present",="6/14/2026",
="800002165",="Present",="6/14/2026",
="800000495",="Present",="6/15/2026",
="800002067",="Present",="6/15/2026",
="800002165",="Present",="6/15/2026",
="800001114",="Present",="6/15/2026",
="800001434",="Present",="6/15/2026",
="800001443",="Present",="6/15/2026",
="800001563",="Present",="6/15/2026",
="800001633",="Present",="6/15/2026",
="800001650",="Present",="6/15/2026",
="800001665",="Present",="6/15/2026",
="800001689",="Present",="6/15/2026",
="800001708",="Present",="6/15/2026",
="800001710",="Present",="6/15/2026",
="800001714",="Present",="6/15/2026",
="800001724",="Present",="6/15/2026",
="800001729",="Present",="6/15/2026",
="800001735",="Present",="6/15/2026",
="800001739",="Present",="6/15/2026",
="800001761",="Present",="6/15/2026",
="800001769",="Present",="6/15/2026",
="800001771",="Present",="6/15/2026",
="800001775",="Present",="6/15/2026",
="800001798",="Present",="6/15/2026",
="800001802",="Present",="6/15/2026",
="800001815",="Present",="6/15/2026",
="800001821",="Present",="6/15/2026",
="800001841",="Present",="6/15/2026",
="800001862",="Present",="6/15/2026",
="800001892",="Present",="6/15/2026",
="800001917",="Present",="6/15/2026",
="800001924",="Present",="6/15/2026",
="800001925",="Present",="6/15/2026",
="800001928",="Present",="6/15/2026",
="800001934",="Present",="6/15/2026",
="800001940",="Present",="6/15/2026",
="800000072",="Present",="6/15/2026",
="800001066",="Present",="6/15/2026",
="800001560",="Present",="6/15/2026",
="800001691",="Present",="6/15/2026",
="800001950",="Present",="6/15/2026",
="800002036",="Present",="6/15/2026",
="800002071",="Present",="6/15/2026",
="800002079",="Present",="6/15/2026",
="800002080",="Present",="6/15/2026",
="800002092",="Present",="6/15/2026",
="800002093",="Present",="6/15/2026",
="800002099",="Present",="6/15/2026",
="800002106",="Present",="6/15/2026",
="800002107",="Present",="6/15/2026",
="800002109",="Present",="6/15/2026",
="800002120",="Present",="6/15/2026",
="800002122",="Present",="6/15/2026",
="800002123",="Present",="6/15/2026",
="800002128",="Present",="6/15/2026",
="800002136",="Present",="6/15/2026",
="800002154",="Present",="6/15/2026",
="800002160",="Present",="6/15/2026",
="800002162",="Present",="6/15/2026",
="800002172",="Present",="6/15/2026",
="800000754",="Present",="6/15/2026",
="800000927",="Present",="6/15/2026",
="800001094",="Present",="6/15/2026",
="800001368",="Present",="6/15/2026",
="800001529",="Present",="6/15/2026",
="800001548",="Present",="6/15/2026",
="800001591",="Present",="6/15/2026",
="800001673",="Present",="6/15/2026",
="800000495",="Present",="6/12/2026",
="800002165",="Present",="6/12/2026",
="800000927",="Present",="6/12/2026",
="800000941",="Present",="6/12/2026",
="800001325",="Present",="6/12/2026",
="800001607",="Present",="6/12/2026",
="800001626",="Present",="6/12/2026",
="800001657",="Present",="6/12/2026",
="800001681",="Present",="6/12/2026",
="800000072",="Present",="6/16/2026",
="800001066",="Present",="6/16/2026",
="800002071",="Present",="6/16/2026",
="800002079",="Present",="6/16/2026",
="800002092",="Absent",="6/16/2026",
="800002120",="Present",="6/16/2026",
="800002123",="Present",="6/16/2026",
="800002142",="Present",="6/16/2026",
="800002154",="Present",="6/16/2026",
="800002162",="Present",="6/16/2026",
="800000348",="Absent",="6/16/2026",
="800001633",="Absent",="6/16/2026",
="800001689",="Present",="6/16/2026",
="800001821",="Present",="6/16/2026",
="800001841",="Present",="6/16/2026",
="800001876",="Present",="6/16/2026",
="800001917",="Present",="6/16/2026",
="800001924",="Present",="6/16/2026",
="800001925",="Present",="6/16/2026",
="800001928",="Present",="6/16/2026",
="800001940",="Present",="6/16/2026",
="770000737",="Present",="6/16/2026",
="800000463",="Present",="6/16/2026",
="800001757",="Present",="6/16/2026",
="800001845",="Present",="6/16/2026",
="800001884",="Present",="6/16/2026",
="800001888",="Present",="6/16/2026",
="800001909",="Present",="6/16/2026",
="800001910",="Present",="6/16/2026",
="800001943",="Present",="6/16/2026",
="800001998",="Present",="6/16/2026",
="800002007",="Present",="6/16/2026",
="800002020",="Present",="6/16/2026",
="800002023",="Present",="6/16/2026",
="800002034",="Present",="6/16/2026",
="800002042",="Present",="6/16/2026",
="800002049",="Present",="6/16/2026",
="800002064",="Present",="6/16/2026",
="800002088",="Present",="6/16/2026",
="800002100",="Present",="6/16/2026",
="800002104",="Present",="6/16/2026",
="800002111",="Present",="6/16/2026",
="800002114",="Present",="6/16/2026",
="800002127",="Present",="6/16/2026",
="800002132",="Present",="6/16/2026",
="800002133",="Present",="6/16/2026",
="800002141",="Present",="6/16/2026",
="800002177",="Present",="6/16/2026",
="800001439",="Absent",="6/16/2026",
="800001691",="Present",="6/16/2026",
="800001842",="Present",="6/16/2026",
="800001850",="Present",="6/16/2026",
="800001864",="Present",="6/16/2026",
="800001905",="Present",="6/16/2026",
="800001908",="Present",="6/16/2026",
="800002008",="Absent",="6/16/2026",
="800002017",="Present",="6/16/2026",
="800002029",="Present",="6/16/2026",
="800002062",="Present",="6/16/2026",
="800001445",="Present",="6/16/2026",
="800001607",="Present",="6/16/2026",
="800001740",="Present",="6/16/2026",
="800001902",="Present",="6/16/2026",
="800002005",="Present",="6/16/2026",
="800000722",="Present",="6/17/2026",
="800001513",="Present",="6/17/2026",
="800000072",="Present",="6/17/2026",
="800000495",="Present",="6/17/2026",
="800002015",="Present",="6/17/2026",
="800002066",="Absent",="6/17/2026",
="800002071",="Present",="6/17/2026",
="800002079",="Present",="6/17/2026",
="800002080",="Present",="6/17/2026",
="800002092",="Present",="6/17/2026",
="800002093",="Present",="6/17/2026",
="800002099",="Present",="6/17/2026",
="800002106",="Present",="6/17/2026",
="800002107",="Present",="6/17/2026",
="800002120",="Present",="6/17/2026",
="800002122",="Present",="6/17/2026",
="800002123",="Present",="6/17/2026",
="800002128",="Present",="6/17/2026",
="800002136",="Present",="6/17/2026",
="800002142",="Present",="6/17/2026",
="800002154",="Present",="6/17/2026",
="800002160",="Present",="6/17/2026",
="800002162",="Present",="6/17/2026",
="770017870",="Present",="6/13/2026",
="800001094",="Present",="6/13/2026",
="800001268",="Absent",="6/13/2026",
="800001529",="Present",="6/13/2026",
="800001548",="Present",="6/13/2026",
="800001562",="Present",="6/13/2026",
="800001673",="Present",="6/13/2026",
="800001325",="Absent",="6/18/2026",
="800001414",="Present",="6/18/2026",
="800001445",="Present",="6/18/2026",
="800001468",="Present",="6/18/2026",
="800001508",="Present",="6/18/2026",
="800001688",="Absent",="6/18/2026",
="800001712",="Present",="6/18/2026",
="800001740",="Present",="6/18/2026",
="800001813",="Absent",="6/18/2026",
="800001902",="Present",="6/18/2026",
="800002005",="Present",="6/18/2026",
="800001434",="Present",="6/19/2026",
="800001443",="Present",="6/19/2026",
="800001633",="Present",="6/19/2026",
="800001650",="Present",="6/19/2026",
="800001665",="Present",="6/19/2026",
="800001689",="Present",="6/19/2026",
="800001708",="Present",="6/19/2026",
="800001710",="Present",="6/19/2026",
="800001714",="Present",="6/19/2026",
="800001724",="Present",="6/19/2026",
="800001729",="Present",="6/19/2026",
="800001735",="Present",="6/19/2026",
="800001739",="Present",="6/19/2026",
="800001761",="Present",="6/19/2026",
="800001769",="Present",="6/19/2026",
="800001771",="Present",="6/19/2026",
="800001802",="Present",="6/19/2026",
="800001815",="Present",="6/19/2026",
="800001821",="Present",="6/19/2026",
="800001841",="Present",="6/19/2026",
="800001862",="Present",="6/19/2026",
="800001892",="Present",="6/19/2026",
="800001917",="Present",="6/19/2026",
="800001924",="Present",="6/19/2026",
="800001925",="Present",="6/19/2026",
="800001928",="Present",="6/19/2026",
="800001114",="Present",="6/10/2026",
="800001330",="Present",="6/10/2026",
="800001434",="Present",="6/10/2026",
="800001443",="Present",="6/10/2026",
="800001498",="Present",="6/10/2026",
="800001528",="Present",="6/10/2026",
="800001533",="Present",="6/10/2026",
="800001563",="Present",="6/10/2026",
="800001580",="Present",="6/10/2026",
="800001625",="Present",="6/10/2026",
="800001633",="Present",="6/10/2026",
="800001644",="Present",="6/10/2026",
="800001650",="Present",="6/10/2026",
="800001665",="Present",="6/10/2026",
="800001695",="Present",="6/10/2026",
="800001708",="Present",="6/10/2026",
="800001710",="Present",="6/10/2026",
="800001724",="Present",="6/10/2026",
="800001729",="Present",="6/10/2026",
="800001735",="Present",="6/10/2026",
="800001761",="Present",="6/10/2026",
="800001769",="Present",="6/10/2026",
="800001771",="Absent",="6/10/2026",
="800001775",="Present",="6/10/2026",
="800001778",="Present",="6/10/2026",
="800001789",="Present",="6/10/2026",
="800001798",="Present",="6/10/2026",
="800001802",="Present",="6/10/2026",
="800001803",="Present",="6/10/2026",
="800001815",="Present",="6/10/2026",
="800001821",="Absent",="6/10/2026",
="800001862",="Present",="6/10/2026",
="800001892",="Present",="6/10/2026",
="800001924",="Present",="6/10/2026",
="800001925",="Present",="6/10/2026",
="800001940",="Present",="6/10/2026",
="800001623",="Present",="6/9/2026",
="800001649",="Present",="6/9/2026",
="800001829",="Present",="6/9/2026",
="800001840",="Present",="6/9/2026",
="800001856",="Present",="6/9/2026",
="800001860",="Present",="6/9/2026",
="800001874",="Present",="6/9/2026",
="800001903",="Present",="6/9/2026",
="800001955",="Present",="6/9/2026",
="800001986",="Present",="6/9/2026",
="800001987",="Present",="6/9/2026",
="800002026",="Present",="6/9/2026",
="800001842",="Present",="6/15/2026",
="800001850",="Present",="6/15/2026",
="800001860",="Present",="6/15/2026",
="800001864",="Present",="6/15/2026",
="800001905",="Present",="6/15/2026",
="800001908",="Present",="6/15/2026",
="800001910",="Present",="6/15/2026",
="800001955",="Present",="6/15/2026",
="800001987",="Present",="6/15/2026",
="800002008",="Present",="6/15/2026",
="800002017",="Present",="6/15/2026",
="800002029",="Present",="6/15/2026",
="800002062",="Present",="6/15/2026",
="800001439",="Present",="6/16/2026",
="800001623",="Present",="6/16/2026",
="800001649",="Present",="6/16/2026",
="800001829",="Present",="6/16/2026",
="800001840",="Present",="6/16/2026",
="800001856",="Present",="6/16/2026",
="800001860",="Present",="6/16/2026",
="800001874",="Present",="6/16/2026",
="800001903",="Present",="6/16/2026",
="800001955",="Present",="6/16/2026",
="800001986",="Present",="6/16/2026",
="800001987",="Present",="6/16/2026",
="800002008",="Present",="6/16/2026",
="800002026",="Present",="6/16/2026",
="800001543",="Present",="6/16/2026",
="800001634",="Present",="6/16/2026",
="800001723",="Present",="6/16/2026",
="800001846",="Present",="6/16/2026",
="800001852",="Present",="6/16/2026",
="800001863",="Present",="6/16/2026",
="800001954",="Present",="6/16/2026",
="800001985",="Present",="6/16/2026",
="800002010",="Present",="6/16/2026",
="800002011",="Present",="6/16/2026",
="800002021",="Present",="6/16/2026",
="800002035",="Present",="6/16/2026",
="800002053",="Present",="6/16/2026",
="800002059",="Present",="6/16/2026",
="800001543",="Present",="6/15/2026",
="800001723",="Present",="6/15/2026",
="800001985",="Present",="6/15/2026",
="800002010",="Present",="6/15/2026",
="800002011",="Present",="6/15/2026",
="800002021",="Present",="6/15/2026",
="800002059",="Present",="6/15/2026",
="800001543",="Present",="6/9/2026",
="800001634",="Present",="6/9/2026",
="800001723",="Present",="6/9/2026",
="800001846",="Present",="6/9/2026",
="800001852",="Present",="6/9/2026",
="800001863",="Present",="6/9/2026",
="800001954",="Present",="6/9/2026",
="800001985",="Present",="6/9/2026",
="800002010",="Present",="6/9/2026",
="800002011",="Present",="6/9/2026",
="800002021",="Present",="6/9/2026",
="800002035",="Present",="6/9/2026",
="800002053",="Present",="6/9/2026",
="800002059",="Present",="6/9/2026",
="770000323",="Present",="6/10/2026",
="770000409",="Present",="6/10/2026",
="770017870",="Present",="6/10/2026",
="800000927",="Present",="6/10/2026",
="800001094",="Present",="6/10/2026",
="800001268",="Present",="6/10/2026",
="800001410",="Present",="6/10/2026",
="800001529",="Present",="6/10/2026",
="800001548",="Present",="6/10/2026",
="800001562",="Present",="6/10/2026",
="770000323",="Present",="6/17/2026",
="770000409",="Present",="6/17/2026",
="770017870",="Present",="6/17/2026",
="800000927",="Present",="6/17/2026",
="800001094",="Present",="6/17/2026",
="800001268",="Present",="6/17/2026",
="800001410",="Present",="6/17/2026",
="800001529",="Present",="6/17/2026",
="800001548",="Present",="6/17/2026",
="800001562",="Present",="6/17/2026",
="800001958",="Present",="6/15/2026",
="800001959",="Present",="6/15/2026",
="800001963",="Present",="6/15/2026",
="800001268",="Present",="6/15/2026",
="800001502",="Present",="6/15/2026",
="800001508",="Present",="6/15/2026",
="800001626",="Present",="6/15/2026",
="800001657",="Present",="6/15/2026",
="800001701",="Present",="6/15/2026",
="800001268",="Present",="6/8/2026",
="800001502",="Present",="6/8/2026",
="800001508",="Present",="6/8/2026",
="800001626",="Present",="6/8/2026",
="800001657",="Present",="6/8/2026",
="800001701",="Present",="6/8/2026",
="800001198",="Present",="6/8/2026",
="800001445",="Present",="6/8/2026",
="800001468",="Present",="6/8/2026",
="800001607",="Present",="6/8/2026",
="800001688",="Present",="6/8/2026",
="800001712",="Present",="6/8/2026",
="800001740",="Present",="6/8/2026",
="800001902",="Present",="6/8/2026",
="800002005",="Present",="6/8/2026",
="800001198",="Present",="6/15/2026",
="800001445",="Present",="6/15/2026",
="800001468",="Present",="6/15/2026",
="800001607",="Present",="6/15/2026",
="800001688",="Present",="6/15/2026",
="800001712",="Present",="6/15/2026",
="800001740",="Present",="6/15/2026",
="800001902",="Present",="6/15/2026",
="800002005",="Present",="6/15/2026",
="800002067",="Present",="6/16/2026",
="800001560",="Present",="6/16/2026",
="800001830",="Present",="6/16/2026",
="800002015",="Present",="6/16/2026",
="800002066",="Absent",="6/16/2026",
="800002080",="Present",="6/16/2026",
="800002092",="Present",="6/16/2026",
="800002093",="Present",="6/16/2026",
="800002099",="Present",="6/16/2026",
="800002106",="Present",="6/16/2026",
="800002107",="Present",="6/16/2026",
="800002109",="Present",="6/16/2026",
="800002120",="Absent",="6/16/2026",
="800002122",="Present",="6/16/2026",
="800002128",="Present",="6/16/2026",
="800002136",="Absent",="6/16/2026",
="800002160",="Present",="6/16/2026",
="800002162",="Absent",="6/16/2026",
="800001198",="Present",="6/16/2026",
="800001657",="Present",="6/16/2026",
="800002136",="Present",="6/16/2026",
="800002172",="Present",="6/16/2026",
="800001414",="Present",="6/17/2026",
="800001445",="Present",="6/17/2026",
="800001468",="Present",="6/17/2026",
="800001508",="Present",="6/17/2026",
="800001740",="Present",="6/17/2026",
="800002144",="Present",="6/17/2026",
="800002174",="Present",="6/17/2026",
="800001634",="Present",="6/17/2026",
="800001874",="Present",="6/17/2026",
="800001878",="Present",="6/17/2026",
="800001884",="Present",="6/17/2026",
="800001888",="Present",="6/17/2026",
="800001934",="Present",="6/17/2026",
="800001954",="Present",="6/17/2026",
="800001114",="Present",="6/17/2026",
="800001330",="Present",="6/17/2026",
="800001434",="Absent",="6/17/2026",
="800001443",="Present",="6/17/2026",
="800001498",="Present",="6/17/2026",
="800001528",="Present",="6/17/2026",
="800001533",="Present",="6/17/2026",
="800001563",="Present",="6/17/2026",
="800001580",="Present",="6/17/2026",
="800001625",="Present",="6/17/2026",
="800001633",="Present",="6/17/2026",
="800001644",="Present",="6/17/2026",
="800001650",="Present",="6/17/2026",
="800001665",="Present",="6/17/2026",
="800001689",="Present",="6/17/2026",
="800001695",="Present",="6/17/2026",
="800001708",="Present",="6/17/2026",
="800001710",="Present",="6/17/2026",
="800001724",="Present",="6/17/2026",
="800001729",="Present",="6/17/2026",
="800001735",="Present",="6/17/2026",
="800001757",="Present",="6/17/2026",
="800001761",="Present",="6/17/2026",
="800001769",="Present",="6/17/2026",
="800001771",="Present",="6/17/2026",
="800001775",="Absent",="6/17/2026",
="800001778",="Present",="6/17/2026",
="800001789",="Present",="6/17/2026",
="800001798",="Absent",="6/17/2026",
="800001802",="Present",="6/17/2026",
="800001803",="Present",="6/17/2026",
="800001815",="Present",="6/17/2026",
="800001821",="Present",="6/17/2026",
="800001862",="Absent",="6/17/2026",
="800001892",="Present",="6/17/2026",
="800001924",="Present",="6/17/2026",
="800001925",="Present",="6/17/2026",
="800001940",="Present",="6/17/2026",
="800001607",="Present",="6/10/2026",
="800001688",="Present",="6/10/2026",
="800001712",="Present",="6/10/2026",
="800001902",="Present",="6/10/2026",
="800002005",="Present",="6/10/2026",
="800001607",="Present",="6/17/2026",
="800001688",="Present",="6/17/2026",
="800001712",="Present",="6/17/2026",
="800001902",="Present",="6/17/2026",
="800002005",="Present",="6/17/2026",
="800001466",="Present",="6/17/2026",
="800001591",="Present",="6/17/2026",
="800001958",="Present",="6/17/2026",
="800001959",="Present",="6/17/2026",
="800001963",="Present",="6/17/2026",
="800000774",="Present",="6/10/2026",
="800000774",="Present",="6/17/2026",
="800001649",="Present",="6/17/2026",
="800001691",="Present",="6/17/2026",
="800001841",="Present",="6/17/2026",
="800001842",="Present",="6/17/2026",
="800001856",="Present",="6/17/2026",
="800001903",="Present",="6/17/2026",
="800001905",="Present",="6/17/2026",
="800001910",="Present",="6/17/2026",
="800001955",="Present",="6/17/2026",
="800001986",="Present",="6/17/2026",
="800001987",="Present",="6/17/2026",
="800002008",="Present",="6/17/2026",
="800002017",="Present",="6/17/2026",
="800002026",="Present",="6/17/2026",
="800002029",="Present",="6/17/2026",
="800002044",="Present",="6/17/2026",
="800002062",="Present",="6/17/2026",
="800000348",="Present",="6/4/2026",
="800001434",="Present",="6/4/2026",
="800001735",="Present",="6/4/2026",
="800001771",="Absent",="6/4/2026",
="800001815",="Present",="6/4/2026",
="800001852",="Present",="6/4/2026",
="800001862",="Present",="6/4/2026",
="800001878",="Present",="6/4/2026",
="800001892",="Present",="6/4/2026",
="800001928",="Absent",="6/4/2026",
="800001954",="Present",="6/4/2026",
="800000348",="Present",="6/11/2026",
="800001434",="Present",="6/11/2026",
="800001439",="Present",="6/11/2026",
="800001735",="Present",="6/11/2026",
="800001771",="Present",="6/11/2026",
="800001815",="Present",="6/11/2026",
="800001829",="Present",="6/11/2026",
="800001840",="Present",="6/11/2026",
="800001856",="Present",="6/11/2026",
="800001862",="Present",="6/11/2026",
="800001864",="Present",="6/11/2026",
="800001878",="Present",="6/11/2026",
="800001892",="Present",="6/11/2026",
="800001905",="Present",="6/11/2026",
="800001908",="Present",="6/11/2026",
="800001928",="Present",="6/11/2026",
="800000348",="Present",="6/18/2026",
="800001434",="Present",="6/18/2026",
="800001439",="Present",="6/18/2026",
="800001735",="Present",="6/18/2026",
="800001771",="Present",="6/18/2026",
="800001815",="Present",="6/18/2026",
="800001829",="Present",="6/18/2026",
="800001840",="Present",="6/18/2026",
="800001852",="Present",="6/18/2026",
="800001856",="Present",="6/18/2026",
="800001862",="Present",="6/18/2026",
="800001864",="Present",="6/18/2026",
="800001876",="Present",="6/18/2026",
="800001878",="Present",="6/18/2026",
="800001892",="Present",="6/18/2026",
="800001905",="Present",="6/18/2026",
="800001908",="Present",="6/18/2026",
="800001928",="Present",="6/18/2026",
="800001954",="Present",="6/18/2026",
="800001114",="Present",="6/19/2026",
="800001563",="Present",="6/19/2026",
="800001775",="Present",="6/19/2026",
="800001798",="Present",="6/19/2026",
="800001940",="Present",="6/19/2026",
="770017870",="Present",="6/11/2026",
="800001094",="Present",="6/11/2026",
="800001268",="Present",="6/11/2026",
="800001529",="Present",="6/11/2026",
="800001548",="Present",="6/11/2026",
="800001562",="Present",="6/11/2026",
="800001673",="Present",="6/11/2026",
="770017870",="Present",="6/18/2026",
="800001094",="Present",="6/18/2026",
="800001268",="Present",="6/18/2026",
="800001529",="Present",="6/18/2026",
="800001548",="Present",="6/18/2026",
="800001562",="Present",="6/18/2026",
="800001673",="Present",="6/18/2026",
="800001591",="Present",="6/11/2026",
="800001591",="Present",="6/18/2026",
="770000737",="Absent",="6/18/2026",
="800001543",="Present",="6/18/2026",
="800001723",="Present",="6/18/2026",
="800001739",="Present",="6/18/2026",
="800001846",="Present",="6/18/2026",
="800001863",="Present",="6/18/2026",
="800001934",="Present",="6/18/2026",
="800001943",="Present",="6/18/2026",
="800001950",="Present",="6/18/2026",
="800001985",="Present",="6/18/2026",
="800002010",="Absent",="6/18/2026",
="800002011",="Present",="6/18/2026",
="800002020",="Present",="6/18/2026",
="800002021",="Present",="6/18/2026",
="800002035",="Present",="6/18/2026",
="800002036",="Present",="6/18/2026",
="800002053",="Present",="6/18/2026",
="800002059",="Present",="6/18/2026",
="800002081",="Present",="6/12/2026",
="800002087",="Present",="6/12/2026",
="800002134",="Present",="6/12/2026",
="800002143",="Present",="6/12/2026",
="800001325",="Present",="6/14/2026",
="800001414",="Present",="6/14/2026",
="800001508",="Present",="6/14/2026",
="800001605",="Present",="6/14/2026",
="800001740",="Present",="6/14/2026",
="800001902",="Present",="6/14/2026",
="800001735",="Present",="5/23/2026",
="800001771",="Present",="5/23/2026",
="800001815",="Present",="5/23/2026",
="800001829",="Present",="5/23/2026",
="800001840",="Present",="5/23/2026",
="800001850",="Present",="5/23/2026",
="800001852",="Present",="5/23/2026",
="800001876",="Present",="5/23/2026",
="800001892",="Present",="5/23/2026",
="800001954",="Present",="5/23/2026",
="800000348",="Present",="5/23/2026",
="800001434",="Present",="5/23/2026",
="800001439",="Absent",="5/23/2026",
="800001860",="Present",="5/23/2026",
="800001862",="Present",="5/23/2026",
="800001864",="Present",="5/23/2026",
="800001878",="Present",="5/23/2026",
="800001905",="Present",="5/23/2026",
="800001908",="Present",="5/23/2026",
="800001928",="Present",="5/23/2026",
="770000737",="Present",="6/19/2026",
="800000463",="Present",="6/19/2026",
="800001757",="Present",="6/19/2026",
="800001845",="Present",="6/19/2026",
="800001884",="Absent",="6/19/2026",
="800001888",="Absent",="6/19/2026",
="800001909",="Present",="6/19/2026",
="800001910",="Present",="6/19/2026",
="800001943",="Present",="6/19/2026",
="800001998",="Present",="6/19/2026",
="800002007",="Present",="6/19/2026",
="800002020",="Present",="6/19/2026",
="800002023",="Present",="6/19/2026",
="800002034",="Present",="6/19/2026",
="800002042",="Present",="6/19/2026",
="800002049",="Present",="6/19/2026",
="800002064",="Present",="6/19/2026",
="800002088",="Present",="6/19/2026",
="800002100",="Present",="6/19/2026",
="800002104",="Present",="6/19/2026",
="800002111",="Present",="6/19/2026",
="800002114",="Present",="6/19/2026",
="800002127",="Present",="6/19/2026",
="800002132",="Present",="6/19/2026",
="800002133",="Present",="6/19/2026",
="800002141",="Present",="6/19/2026",
="800002177",="Present",="6/19/2026",
="800000463",="Absent",="6/13/2026",
="800001909",="Present",="6/13/2026",
="800002007",="Present",="6/13/2026",
="800002034",="Present",="6/13/2026",
="800002087",="Absent",="6/13/2026",
="800002100",="Present",="6/13/2026",
="800002104",="Present",="6/13/2026",
="800002177",="Present",="6/13/2026",
="800001543",="Present",="6/19/2026",
="800001723",="Present",="6/19/2026",
="800001860",="Present",="6/19/2026",
="800001955",="Present",="6/19/2026",
="800001987",="Present",="6/19/2026",
="800002010",="Present",="6/19/2026",
="800002011",="Present",="6/19/2026",
="800002021",="Present",="6/19/2026",
="800002026",="No class",="6/19/2026",
="800002059",="Present",="6/19/2026",
="800001543",="Present",="6/21/2026",
="800001723",="Present",="6/21/2026",
="800001860",="Present",="6/21/2026",
="800001955",="Present",="6/21/2026",
="800001987",="No class",="6/21/2026",
="800002010",="Present",="6/21/2026",
="800002011",="Present",="6/21/2026",
="800002021",="Present",="6/21/2026",
="800002026",="Present",="6/21/2026",
="800002059",="Present",="6/21/2026",
="800001439",="Present",="6/20/2026",
="800001623",="Present",="6/20/2026",
="800001649",="Present",="6/20/2026",
="800001829",="Present",="6/20/2026",
="800001840",="Present",="6/20/2026",
="800001856",="Present",="6/20/2026",
="800001874",="Present",="6/20/2026",
="800001903",="Present",="6/20/2026",
="800001986",="Present",="6/20/2026",
="800001987",="Present",="6/20/2026",
="800002026",="Present",="6/20/2026",
="800001466",="Absent",="6/16/2026",
="800001958",="Present",="6/16/2026",
="800001959",="Present",="6/16/2026",
="800001963",="Present",="6/16/2026",
="800001466",="Absent",="6/12/2026",
="800001958",="Present",="6/12/2026",
="800001325",="Absent",="6/21/2026",
="800001443",="Present",="6/21/2026",
="800001459",="Present",="6/21/2026",
="800001529",="Present",="6/21/2026",
="800001681",="Present",="6/21/2026",
="800002005",="Present",="6/21/2026",
="800001714",="Present",="6/17/2026",
="800001798",="Present",="6/17/2026",
="800001638",="Present",="6/19/2026",
="800001986",="Present",="6/19/2026",
="800002008",="Present",="6/19/2026",
="800002044",="Present",="6/19/2026",
="800002062",="Present",="6/19/2026",
="800002144",="Present",="6/19/2026",
="800001325",="Present",="6/21/2026",
="800001414",="Present",="6/21/2026",
="800001508",="Present",="6/21/2026",
="800001605",="Present",="6/21/2026",
="800001740",="Present",="6/21/2026",
="800001902",="Present",="6/21/2026",
="800002174",="Present",="6/21/2026",
="800001958",="Present",="6/21/2026",
="800001959",="Present",="6/21/2026",
="800001963",="Present",="6/21/2026",
="800001634",="Present",="6/19/2026",
="800001846",="Present",="6/19/2026",
="800001852",="Present",="6/19/2026",
="800001863",="Present",="6/19/2026",
="800001876",="Present",="6/19/2026",
="800001884",="Present",="6/19/2026",
="800001888",="Present",="6/19/2026",
="800001954",="Present",="6/19/2026",
="800002035",="Present",="6/19/2026",
="800002053",="Present",="6/19/2026",
="800001468",="Present",="6/20/2026",
="800001688",="Present",="6/20/2026",
="800001712",="Present",="6/20/2026",
="800001634",="Present",="6/18/2026",
="800001884",="Present",="6/18/2026",
="800001888",="Present",="6/18/2026",
="800001830",="Absent",="6/9/2026",
="800000072",="Present",="6/22/2026",
="800001066",="Present",="6/22/2026",
="800001560",="Present",="6/22/2026",
="800001830",="Present",="6/22/2026",
="800002071",="Present",="6/22/2026",
="800002079",="Present",="6/22/2026",
="800002080",="Present",="6/22/2026",
="800002092",="Absent",="6/22/2026",
="800002093",="Present",="6/22/2026",
="800002099",="Present",="6/22/2026",
="800002106",="Present",="6/22/2026",
="800002107",="Present",="6/22/2026",
="800002109",="Present",="6/22/2026",
="800002120",="Present",="6/22/2026",
="800002122",="Present",="6/22/2026",
="800002123",="Present",="6/22/2026",
="800002128",="Present",="6/22/2026",
="800002136",="Absent",="6/22/2026",
="800002142",="Absent",="6/22/2026",
="800002154",="Present",="6/22/2026",
="800002160",="Present",="6/22/2026",
="800002162",="Present",="6/22/2026",
="800002172",="Present",="6/22/2026",
="800002067",="Present",="6/22/2026",
="800001066",="Present",="6/17/2026",
="800001560",="Present",="6/17/2026",
="800001950",="Present",="6/17/2026",
="800002036",="Present",="6/17/2026",
="800002067",="Present",="6/17/2026",
="800002109",="Present",="6/17/2026",
="800002172",="Present",="6/17/2026",
="770000737",="Present",="6/17/2026",
="800000463",="Present",="6/17/2026",
="800001845",="Present",="6/17/2026",
="800001909",="Present",="6/17/2026",
="800001943",="Present",="6/17/2026",
="800001998",="Present",="6/17/2026",
="800002007",="Present",="6/17/2026",
="800002020",="Present",="6/17/2026",
="800002023",="Present",="6/17/2026",
="800002034",="Present",="6/17/2026",
="800002042",="Present",="6/17/2026",
="800002049",="Present",="6/17/2026",
="800002064",="Present",="6/17/2026",
="800002088",="Present",="6/17/2026",
="800002100",="Present",="6/17/2026",
="800002104",="Present",="6/17/2026",
="800002111",="Present",="6/17/2026",
="800002114",="Present",="6/17/2026",
="800002127",="Present",="6/17/2026",
="800002132",="Present",="6/17/2026",
="800002133",="Present",="6/17/2026",
="800002141",="Present",="6/17/2026",
="800002177",="Present",="6/17/2026",
="800001876",="Present",="6/17/2026",
="800001917",="Present",="6/17/2026",
="800001928",="Present",="6/17/2026",
="800002144",="Present",="6/18/2026",
="800002174",="Present",="6/18/2026",
="800001634",="Present",="6/12/2026",
="800001874",="Present",="6/12/2026",
="800001878",="Present",="6/12/2026",
="800001884",="Present",="6/12/2026",
="800001888",="Present",="6/12/2026",
="800001934",="Present",="6/12/2026",
="800001954",="Present",="6/12/2026",
="800000463",="Present",="6/18/2026",
="800001638",="Present",="6/18/2026",
="800002007",="Present",="6/18/2026",
="800002034",="Present",="6/18/2026",
="800002064",="Absent",="6/18/2026",
="800002081",="Present",="6/18/2026",
="800002087",="Present",="6/18/2026",
="800002100",="Present",="6/18/2026",
="800002104",="Present",="6/18/2026",
="800002111",="Present",="6/18/2026",
="800002114",="Present",="6/18/2026",
="800002127",="Present",="6/18/2026",
="800002132",="Present",="6/18/2026",
="800002133",="Present",="6/18/2026",
="800002134",="Present",="6/18/2026",
="800002141",="Present",="6/18/2026",
="800002143",="Present",="6/18/2026",
="800002177",="Present",="6/18/2026",
="800000495",="Present",="6/22/2026",
="800002165",="Present",="6/22/2026",
="800001560",="Absent",="6/22/2026",
="800001691",="Absent",="6/22/2026",
="800001950",="Present",="6/22/2026",
="800002036",="Present",="6/22/2026",
="800002092",="Present",="6/22/2026",
="800000754",="Present",="6/22/2026",
="800000927",="Present",="6/22/2026",
="800001094",="Present",="6/22/2026",
="800001368",="Absent excused",="6/22/2026",
="800001529",="Present",="6/22/2026",
="800001548",="Present",="6/22/2026",
="800001591",="Present",="6/22/2026",
="800001673",="Present",="6/22/2026",
="800000495",="Present",="6/19/2026",
="800001466",="Absent",="6/19/2026",
="800002165",="Absent",="6/19/2026",
="800000927",="Present",="6/19/2026",
="800000941",="Present",="6/19/2026",
="800001325",="Absent",="6/19/2026",
="800001607",="Present",="6/19/2026",
="800001626",="Absent",="6/19/2026",
="800001657",="Present",="6/19/2026",
="800001681",="Present",="6/19/2026",
="800000463",="Present",="6/21/2026",
="800001863",="Present",="6/21/2026",
="800001985",="Present",="6/21/2026",
="800002017",="Absent",="6/21/2026",
="800002029",="Present",="6/21/2026",
="800002034",="Present",="6/21/2026",
="800002053",="Present",="6/21/2026",
="800002081",="Present",="6/21/2026",
="800002087",="Present",="6/21/2026",
="800002100",="Present",="6/21/2026",
="800002104",="Present",="6/21/2026",
="800002111",="Present",="6/21/2026",
="800002114",="Present",="6/21/2026",
="800002127",="Present",="6/21/2026",
="800002132",="Present",="6/21/2026",
="800002141",="Present",="6/21/2026",
="800002143",="Present",="6/21/2026",
="800002007",="Present",="6/21/2026",
="800002020",="Absent",="6/21/2026",
="800002035",="Present",="6/21/2026",
="800002036",="Present",="6/21/2026",
="800002042",="Present",="6/21/2026",
="800002062",="Present",="6/21/2026",
="800002133",="Present",="6/21/2026",
="800002134",="Present",="6/21/2026",
="800002144",="Present",="6/21/2026",
="800002177",="Present",="6/21/2026",
="800000463",="Present",="6/22/2026",
="800001845",="Present",="6/22/2026",
="800001909",="Present",="6/22/2026",
="800001998",="Present",="6/22/2026",
="800002007",="Present",="6/22/2026",
="800002034",="Present",="6/22/2026",
="800002042",="Present",="6/22/2026",
="800002049",="Present",="6/22/2026",
="800002064",="Present",="6/22/2026",
="800002081",="Present",="6/22/2026",
="800002087",="Present",="6/22/2026",
="800002088",="Present",="6/22/2026",
="800002100",="Present",="6/22/2026",
="800002104",="Present",="6/22/2026",
="800002111",="Present",="6/22/2026",
="800002114",="Present",="6/22/2026",
="800002127",="Present",="6/22/2026",
="800002132",="Present",="6/22/2026",
="800002133",="Present",="6/22/2026",
="800002134",="Present",="6/22/2026",
="800002141",="Present",="6/22/2026",
="800002143",="Present",="6/22/2026",
="800002177",="Present",="6/22/2026",
="800001439",="Absent",="6/20/2026",
="800001691",="Present",="6/20/2026",
="800001842",="Present",="6/20/2026",
="800001850",="Present",="6/20/2026",
="800001864",="Present",="6/20/2026",
="800001905",="Present",="6/20/2026",
="800001908",="Present",="6/20/2026",
="800001910",="Present",="6/20/2026",
="800002008",="Present",="6/20/2026",
="800002017",="Present",="6/20/2026",
="800002029",="Present",="6/20/2026",
="800002062",="Present",="6/20/2026",
="800000495",="Absent",="6/21/2026",
="800000927",="Present",="6/21/2026",
="800001459",="Absent",="6/21/2026",
="800001657",="Present",="6/21/2026",
="800002165",="Present",="6/21/2026",
="800001066",="Present",="6/23/2026",
="800001560",="Absent",="6/23/2026",
="800001830",="Present",="6/23/2026",
="800002071",="Present",="6/23/2026",
="800002079",="Present",="6/23/2026",
="800002092",="Present",="6/23/2026",
="800002093",="Present",="6/23/2026",
="800002099",="Present",="6/23/2026",
="800002106",="Present",="6/23/2026",
="800002107",="Present",="6/23/2026",
="800002109",="Present",="6/23/2026",
="800002122",="Present",="6/23/2026",
="800002123",="Present",="6/23/2026",
="800002128",="Present",="6/23/2026",
="800002136",="Absent",="6/23/2026",
="800002142",="Present",="6/23/2026",
="800002160",="Present",="6/23/2026",
="800002162",="Present",="6/23/2026",
="800002172",="Present",="6/23/2026",
="800000072",="Present",="6/23/2026",
="800002080",="Present",="6/23/2026",
="800002120",="Present",="6/23/2026",
="800002154",="Present",="6/23/2026",
="800001114",="Present",="6/22/2026",
="800001434",="Absent",="6/22/2026",
="800001443",="Present",="6/22/2026",
="800001563",="Present",="6/22/2026",
="800001633",="Present",="6/22/2026",
="800001650",="Absent",="6/22/2026",
="800001665",="Present",="6/22/2026",
="800001689",="Present",="6/22/2026",
="800001708",="Present",="6/22/2026",
="800001710",="Present",="6/22/2026",
="800001714",="Present",="6/22/2026",
="800001724",="Present",="6/22/2026",
="800001729",="Present",="6/22/2026",
="800001735",="Present",="6/22/2026",
="800001739",="Present",="6/22/2026",
="800001761",="Present",="6/22/2026",
="800001769",="Present",="6/22/2026",
="800001771",="Present",="6/22/2026",
="800001775",="Present",="6/22/2026",
="800001798",="Present",="6/22/2026",
="800001802",="Absent",="6/22/2026",
="800001815",="Present",="6/22/2026",
="800001821",="Present",="6/22/2026",
="800001841",="Present",="6/22/2026",
="800001862",="Present",="6/22/2026",
="800001892",="Present",="6/22/2026",
="800001917",="Present",="6/22/2026",
="800001924",="Present",="6/22/2026",
="800001925",="Present",="6/22/2026",
="800001928",="Present",="6/22/2026",
="800001934",="Absent",="6/22/2026",
="800001940",="Present",="6/22/2026",
="800002015",="Present",="6/23/2026",
="800002066",="Absent",="6/23/2026",
="770000737",="Present",="6/23/2026",
="800000463",="Present",="6/23/2026",
="800001757",="Present",="6/23/2026",
="800001845",="Present",="6/23/2026",
="800001884",="Present",="6/23/2026",
="800001888",="Present",="6/23/2026",
="800001909",="Present",="6/23/2026",
="800001910",="Present",="6/23/2026",
="800001943",="Present",="6/23/2026",
="800001998",="Present",="6/23/2026",
="800002007",="Present",="6/23/2026",
="800002020",="Present",="6/23/2026",
="800002023",="Present",="6/23/2026",
="800002034",="Present",="6/23/2026",
="800002042",="Present",="6/23/2026",
="800002049",="Present",="6/23/2026",
="800002064",="Present",="6/23/2026",
="800002088",="Present",="6/23/2026",
="800002100",="Present",="6/23/2026",
="800002104",="Present",="6/23/2026",
="800002111",="Present",="6/23/2026",
="800002114",="Present",="6/23/2026",
="800002127",="Present",="6/23/2026",
="800002132",="Present",="6/23/2026",
="800002133",="Present",="6/23/2026",
="800002141",="Present",="6/23/2026",
="800002177",="Present",="6/23/2026",
="800001198",="Present",="6/23/2026",
="800001607",="Present",="6/23/2026",
="800001657",="Present",="6/23/2026",
="800001902",="Present",="6/23/2026",
="800001771",="Present",="6/10/2026",
="800001928",="Present",="6/10/2026",
="800000072",="Present",="6/24/2026",
="800000495",="Present",="6/24/2026",
="800002015",="Present",="6/24/2026",
="800002066",="Present",="6/24/2026",
="800002071",="Tardy/Late",="6/24/2026",
="800002079",="Tardy/Late",="6/24/2026",
="800002080",="Present",="6/24/2026",
="800002092",="Present",="6/24/2026",
="800002093",="Present",="6/24/2026",
="800002099",="Tardy/Late",="6/24/2026",
="800002106",="Present",="6/24/2026",
="800002107",="Present",="6/24/2026",
="800002120",="Present",="6/24/2026",
="800002122",="Tardy/Late",="6/24/2026",
="800002123",="Present",="6/24/2026",
="800002128",="Present",="6/24/2026",
="800002136",="Absent",="6/24/2026",
="800002142",="Tardy/Late",="6/24/2026",
="800002154",="Present",="6/24/2026",
="800002160",="Tardy/Late",="6/24/2026",
="800002162",="Tardy/Late",="6/24/2026",
="800001466",="No class",="6/19/2026",
="800001591",="No class",="6/19/2026",
="800001958",="No class",="6/19/2026",
="800001959",="No class",="6/19/2026",
="800001963",="No class",="6/19/2026",
="800001414",="Present",="6/24/2026",
="800001445",="Present",="6/24/2026",
="800001468",="Present",="6/24/2026",
="800001508",="Present",="6/24/2026",
="800001740",="Present",="6/24/2026",
="800002144",="Present",="6/24/2026",
="800002174",="Present",="6/24/2026",
="800001466",="Present",="6/24/2026",
="800001591",="Present",="6/24/2026",
="800001958",="Present",="6/24/2026",
="800001959",="Present",="6/24/2026",
="800001963",="Present",="6/24/2026",
="800001439",="Present",="6/22/2026",
="800001623",="Present",="6/22/2026",
="800001649",="Present",="6/22/2026",
="800001691",="Present",="6/22/2026",
="800001829",="Present",="6/22/2026",
="800001840",="Present",="6/22/2026",
="800001842",="Present",="6/22/2026",
="800001850",="Present",="6/22/2026",
="800001856",="Present",="6/22/2026",
="800001860",="Present",="6/22/2026",
="800001864",="Present",="6/22/2026",
="800001874",="Present",="6/22/2026",
="800001903",="Present",="6/22/2026",
="800001905",="Present",="6/22/2026",
="800001908",="Present",="6/22/2026",
="800001910",="Present",="6/22/2026",
="800001955",="Present",="6/22/2026",
="800001986",="Present",="6/22/2026",
="800001987",="Present",="6/22/2026",
="800002008",="Present",="6/22/2026",
="800002017",="Present",="6/22/2026",
="800002026",="Present",="6/22/2026",
="800002029",="Present",="6/22/2026",
="800002062",="Present",="6/22/2026",
="800001543",="Present",="6/22/2026",
="800001634",="Present",="6/22/2026",
="800001723",="Present",="6/22/2026",
="800001846",="Present",="6/22/2026",
="800001852",="Present",="6/22/2026",
="800001863",="Present",="6/22/2026",
="800001876",="Present",="6/22/2026",
="800001884",="Present",="6/22/2026",
="800001888",="Present",="6/22/2026",
="800001954",="Present",="6/22/2026",
="800001985",="Present",="6/22/2026",
="800002010",="Present",="6/22/2026",
="800002011",="Present",="6/22/2026",
="800002021",="Present",="6/22/2026",
="800002035",="Present",="6/22/2026",
="800002053",="Present",="6/22/2026",
="800002059",="Present",="6/22/2026",
="800001543",="Present",="6/23/2026",
="800001634",="Present",="6/23/2026",
="800001723",="Present",="6/23/2026",
="800001846",="Present",="6/23/2026",
="800001852",="Present",="6/23/2026",
="800001863",="Present",="6/23/2026",
="800001876",="Present",="6/23/2026",
="800001954",="Present",="6/23/2026",
="800001985",="Present",="6/23/2026",
="800002010",="Present",="6/23/2026",
="800002011",="Present",="6/23/2026",
="800002021",="Present",="6/23/2026",
="800002035",="Present",="6/23/2026",
="800002053",="Present",="6/23/2026",
="800002059",="Present",="6/23/2026",
="800001958",="Present",="6/22/2026",
="800001959",="Present",="6/22/2026",
="800001963",="Present",="6/22/2026",
="800001268",="Present",="6/22/2026",
="800001502",="Present",="6/22/2026",
="800001508",="Present",="6/22/2026",
="800001626",="Present",="6/22/2026",
="800001657",="Present",="6/22/2026",
="800001701",="Absent",="6/22/2026",
="800001198",="Present",="6/22/2026",
="800001445",="Present",="6/22/2026",
="800001468",="Present",="6/22/2026",
="800001607",="Present",="6/22/2026",
="800001688",="Tardy/Late",="6/22/2026",
="800001701",="Tardy/Late",="6/22/2026",
="800001712",="Present",="6/22/2026",
="800001740",="Present",="6/22/2026",
="800001902",="Present",="6/22/2026",
="800002005",="Absent",="6/22/2026",
="800002067",="Present",="6/23/2026",
="800002081",="Present",="6/19/2026",
="800002087",="Present",="6/19/2026",
="800002134",="Present",="6/19/2026",
="800002143",="Present",="6/19/2026",
="800001066",="Present",="6/24/2026",
="800001560",="Present",="6/24/2026",
="800001691",="Present",="6/24/2026",
="800001950",="Present",="6/24/2026",
="800002036",="Present",="6/24/2026",
="800002067",="Present",="6/24/2026",
="800002071",="Present",="6/24/2026",
="800002079",="Present",="6/24/2026",
="800002099",="Present",="6/24/2026",
="800002109",="Present",="6/24/2026",
="800002122",="Present",="6/24/2026",
="800002160",="Present",="6/24/2026",
="800002162",="Present",="6/24/2026",
="800002172",="Present",="6/24/2026",
="770000737",="Present",="6/24/2026",
="800000463",="Present",="6/24/2026",
="800001757",="Present",="6/24/2026",
="800001845",="Present",="6/24/2026",
="800001884",="Present",="6/24/2026",
="800001888",="Present",="6/24/2026",
="800001909",="Present",="6/24/2026",
="800001910",="Present",="6/24/2026",
="800001943",="Present",="6/24/2026",
="800001998",="Present",="6/24/2026",
="800002007",="Present",="6/24/2026",
="800002020",="Present",="6/24/2026",
="800002023",="Present",="6/24/2026",
="800002034",="Present",="6/24/2026",
="800002042",="Present",="6/24/2026",
="800002049",="Present",="6/24/2026",
="800002064",="Present",="6/24/2026",
="800002088",="Absent",="6/24/2026",
="800002100",="Present",="6/24/2026",
="800002104",="Present",="6/24/2026",
="800002111",="Present",="6/24/2026",
="800002114",="Present",="6/24/2026",
="800002127",="Absent",="6/24/2026",
="800002132",="Present",="6/24/2026",
="800002133",="Present",="6/24/2026",
="800002141",="Present",="6/24/2026",
="800002177",="Absent",="6/24/2026",
="800000754",="Present",="6/20/2026",
="800000941",="Present",="6/20/2026",
="800001368",="Present",="6/20/2026",
="800001508",="Present",="6/20/2026",
="800001626",="Present",="6/20/2026",
="800001657",="Present",="6/20/2026",
="800000072",="Present",="6/18/2026",
="800001066",="Present",="6/18/2026",
="800001560",="Present",="6/18/2026",
="800002067",="Present",="6/18/2026",
="800002071",="Present",="6/18/2026",
="800002079",="Present",="6/18/2026",
="800002080",="Present",="6/18/2026",
="800002092",="Present",="6/18/2026",
="800002093",="Present",="6/18/2026",
="800002099",="Present",="6/18/2026",
="800002106",="Present",="6/18/2026",
="800002107",="Present",="6/18/2026",
="800002109",="Absent",="6/18/2026",
="800002120",="Present",="6/18/2026",
="800002122",="Absent",="6/18/2026",
="800002123",="Present",="6/18/2026",
="800002128",="Present",="6/18/2026",
="800002136",="Present",="6/18/2026",
="800002154",="Present",="6/18/2026",
="800002160",="Present",="6/18/2026",
="800002162",="Present",="6/18/2026",
="800002172",="Present",="6/18/2026",
="800001649",="Present",="6/24/2026",
="800001691",="Absent",="6/24/2026",
="800001841",="Absent",="6/24/2026",
="800001842",="Present",="6/24/2026",
="800001856",="Present",="6/24/2026",
="800001874",="Present",="6/24/2026",
="800001903",="Present",="6/24/2026",
="800001905",="Present",="6/24/2026",
="800001955",="Present",="6/24/2026",
="800001986",="Present",="6/24/2026",
="800001987",="Present",="6/24/2026",
="800002008",="Present",="6/24/2026",
="800002017",="Present",="6/24/2026",
="800002026",="Present",="6/24/2026",
="800002029",="Present",="6/24/2026",
="800002044",="Present",="6/24/2026",
="800002062",="Present",="6/24/2026",
="800000072",="Present",="6/25/2026",
="800001066",="Present",="6/25/2026",
="800001560",="Absent",="6/25/2026",
="800001950",="Absent",="6/25/2026",
="800002036",="Present",="6/25/2026",
="800002067",="Present",="6/25/2026",
="800002071",="Tardy/Late",="6/25/2026",
="800002079",="Present",="6/25/2026",
="800002080",="Present",="6/25/2026",
="800002092",="Present",="6/25/2026",
="800002093",="Present",="6/25/2026",
="800002099",="Present",="6/25/2026",
="800002106",="Present",="6/25/2026",
="800002107",="Present",="6/25/2026",
="800002109",="Present",="6/25/2026",
="800002120",="Absent",="6/25/2026",
="800002122",="Present",="6/25/2026",
="800002123",="Present",="6/25/2026",
="800002128",="Present",="6/25/2026",
="800002136",="Absent",="6/25/2026",
="800002154",="Present",="6/25/2026",
="800002160",="Present",="6/25/2026",
="800002162",="Tardy/Late",="6/25/2026",
="800002172",="Absent",="6/25/2026",
="800001691",="Present",="6/19/2026",
="800001114",="Present",="6/24/2026",
="800001330",="Present",="6/24/2026",
="800001434",="Present",="6/24/2026",
="800001443",="Present",="6/24/2026",
="800001498",="Present",="6/24/2026",
="800001528",="Present",="6/24/2026",
="800001533",="Present",="6/24/2026",
="800001563",="Present",="6/24/2026",
="800001580",="Present",="6/24/2026",
="800001625",="Present",="6/24/2026",
="800001633",="Present",="6/24/2026",
="800001644",="Present",="6/24/2026",
="800001650",="Present",="6/24/2026",
="800001665",="Present",="6/24/2026",
="800001695",="Present",="6/24/2026",
="800001708",="Absent",="6/24/2026",
="800001710",="Present",="6/24/2026",
="800001724",="Present",="6/24/2026",
="800001729",="Present",="6/24/2026",
="800001735",="Present",="6/24/2026",
="800001761",="Present",="6/24/2026",
="800001769",="Present",="6/24/2026",
="800001771",="Present",="6/24/2026",
="800001775",="Absent",="6/24/2026",
="800001778",="Absent",="6/24/2026",
="800001789",="Present",="6/24/2026",
="800001798",="Present",="6/24/2026",
="800001802",="Present",="6/24/2026",
="800001803",="Present",="6/24/2026",
="800001815",="Present",="6/24/2026",
="800001821",="Present",="6/24/2026",
="800001862",="Present",="6/24/2026",
="800001892",="Present",="6/24/2026",
="800001924",="Present",="6/24/2026",
="800001925",="Present",="6/24/2026",
="800001940",="Present",="6/24/2026",
="800000774",="Present",="6/24/2026",
="800001513",="Present",="6/24/2026",
="770000323",="Present",="6/24/2026",
="770000409",="Present",="6/24/2026",
="770017870",="Present",="6/24/2026",
="800000927",="Present",="6/24/2026",
="800001094",="Present",="6/24/2026",
="800001268",="Present",="6/24/2026",
="800001410",="Present",="6/24/2026",
="800001529",="Absent",="6/24/2026",
="800001548",="Present",="6/24/2026",
="800001562",="Present",="6/24/2026",
="800001607",="Present",="6/24/2026",
="800001688",="Present",="6/24/2026",
="800001712",="Present",="6/24/2026",
="800001813",="Absent",="6/24/2026",
="800001902",="Present",="6/24/2026",
="800002005",="Present",="6/24/2026",
="800001466",="Absent",="6/24/2026",
="800002008",="Absent",="6/9/2026",
="800002144",="Present",="6/25/2026",
="800002174",="Present",="6/25/2026",
="770000737",="Present",="6/25/2026",
="800001543",="Absent",="6/25/2026",
="800001723",="Present",="6/25/2026",
="800001739",="Present",="6/25/2026",
="800001846",="Present",="6/25/2026",
="800001863",="Present",="6/25/2026",
="800001934",="Present",="6/25/2026",
="800001943",="Present",="6/25/2026",
="800001950",="Present",="6/25/2026",
="800001985",="Present",="6/25/2026",
="800002010",="Present",="6/25/2026",
="800002011",="Present",="6/25/2026",
="800002020",="Present",="6/25/2026",
="800002021",="Present",="6/25/2026",
="800002035",="Present",="6/25/2026",
="800002053",="Present",="6/25/2026",
="800002059",="Present",="6/25/2026",
="800001634",="Present",="6/24/2026",
="800001878",="Present",="6/24/2026",
="800001934",="Present",="6/24/2026",
="800001954",="Present",="6/24/2026",
="800001325",="Present",="6/25/2026",
="800001414",="Present",="6/25/2026",
="800001445",="Present",="6/25/2026",
="800001468",="Present",="6/25/2026",
="800001508",="Present",="6/25/2026",
="800001688",="Present",="6/25/2026",
="800001712",="Present",="6/25/2026",
="800001740",="Present",="6/25/2026",
="800001813",="Absent",="6/25/2026",
="800001902",="Present",="6/25/2026",
="800002005",="Present",="6/25/2026",
="800001739",="Present",="6/24/2026",
="800001775",="Present",="6/24/2026",
="800001841",="Present",="6/24/2026",
="800000754",="Present",="6/23/2026",
="800000941",="Present",="6/23/2026",
="800001368",="Present",="6/23/2026",
="800001502",="Present",="6/23/2026",
="800001548",="Present",="6/23/2026",
="800001562",="Present",="6/23/2026",
="800001591",="Present",="6/23/2026",
="800001673",="Present",="6/23/2026",
="800001701",="Absent",="6/23/2026",
="800000463",="Present",="6/25/2026",
="800001638",="Present",="6/25/2026",
="800002007",="Present",="6/25/2026",
="800002034",="Present",="6/25/2026",
="800002064",="Present",="6/25/2026",
="800002081",="Present",="6/25/2026",
="800002087",="Present",="6/25/2026",
="800002100",="Present",="6/25/2026",
="800002104",="Present",="6/25/2026",
="800002111",="Present",="6/25/2026",
="800002114",="Present",="6/25/2026",
="800002127",="Absent",="6/25/2026",
="800002132",="Present",="6/25/2026",
="800002133",="Present",="6/25/2026",
="800002134",="Present",="6/25/2026",
="800002141",="Present",="6/25/2026",
="800002143",="Present",="6/25/2026",
="800002177",="Present",="6/25/2026",
="800000722",="Present",="6/24/2026",
="770017870",="Present",="6/16/2026",
="800000927",="Present",="6/16/2026",
="800001094",="Present",="6/16/2026",
="800001268",="Present",="6/16/2026",
="800001529",="Present",="6/16/2026",
="800001548",="Present",="6/16/2026",
="800001562",="Present",="6/16/2026",
="800001689",="Absent",="6/24/2026",
="800001466",="Present",="6/26/2026",
="800001591",="Present",="6/26/2026",
="800001958",="Present",="6/26/2026",
="800001959",="Present",="6/26/2026",
="800001963",="Present",="6/26/2026",
="800001856",="Present",="5/23/2026",
="800001856",="Absent",="5/30/2026",
="800001691",="Present",="6/12/2026",
="770000737",="Present",="6/26/2026",
="800000463",="Present",="6/26/2026",
="800001691",="Present",="6/26/2026",
="800001757",="Present",="6/26/2026",
="800001845",="Absent",="6/26/2026",
="800001884",="Present",="6/26/2026",
="800001888",="Present",="6/26/2026",
="800001909",="Present",="6/26/2026",
="800001910",="Present",="6/26/2026",
="800001943",="Present",="6/26/2026",
="800001998",="Present",="6/26/2026",
="800002007",="Present",="6/26/2026",
="800002020",="Present",="6/26/2026",
="800002023",="Present",="6/26/2026",
="800002034",="Present",="6/26/2026",
="800002042",="Present",="6/26/2026",
="800002049",="Present",="6/26/2026",
="800002064",="Present",="6/26/2026",
="800002088",="Present",="6/26/2026",
="800002100",="Present",="6/26/2026",
="800002104",="Present",="6/26/2026",
="800002111",="Present",="6/26/2026",
="800002114",="Present",="6/26/2026",
="800002127",="Absent",="6/26/2026",
="800002132",="Present",="6/26/2026",
="800002133",="Present",="6/26/2026",
="800002141",="Present",="6/26/2026",
="800002177",="Present",="6/26/2026",
="800000463",="Absent",="6/27/2026",
="800001909",="Present",="6/27/2026",
="800002007",="Present",="6/27/2026",
="800002034",="Present",="6/27/2026",
="800002087",="Absent",="6/27/2026",
="800002100",="Absent",="6/27/2026",
="800002104",="Absent",="6/27/2026",
="800002177",="Present",="6/27/2026",
="800000463",="Present",="6/20/2026",
="800001909",="Present",="6/20/2026",
="800002007",="Present",="6/20/2026",
="800002034",="Present",="6/20/2026",
="800002087",="Absent",="6/20/2026",
="800002100",="Absent",="6/20/2026",
="800002104",="Absent",="6/20/2026",
="800002177",="Present",="6/20/2026",
="800001439",="Present",="6/27/2026",
="800001623",="Present",="6/27/2026",
="800001649",="Present",="6/27/2026",
="800001829",="Present",="6/27/2026",
="800001840",="Present",="6/27/2026",
="800001856",="Present",="6/27/2026",
="800001874",="Present",="6/27/2026",
="800001903",="Present",="6/27/2026",
="800001986",="Present",="6/27/2026",
="800001987",="Present",="6/27/2026",
="800002026",="No class",="6/27/2026",
="800001325",="Absent",="6/28/2026",
="800001443",="Present",="6/28/2026",
="800001459",="Present",="6/28/2026",
="800001529",="Present",="6/28/2026",
="800001681",="Present",="6/28/2026",
="800002005",="Present",="6/28/2026",
="800001638",="Present",="6/26/2026",
="800001955",="Absent",="6/26/2026",
="800001986",="Absent",="6/26/2026",
="800002008",="Absent",="6/26/2026",
="800002044",="Present",="6/26/2026",
="800002062",="Present",="6/26/2026",
="800002144",="Present",="6/26/2026",
="800001958",="Present",="6/28/2026",
="800001959",="Present",="6/28/2026",
="800001963",="Present",="6/28/2026",
="800000072",="Present",="6/29/2026",
="800001066",="Present",="6/29/2026",
="800001560",="Absent",="6/29/2026",
="800001830",="Present",="6/29/2026",
="800002071",="Present",="6/29/2026",
="800002079",="Present",="6/29/2026",
="800002080",="Present",="6/29/2026",
="800002092",="Present",="6/29/2026",
="800002093",="Present",="6/29/2026",
="800002099",="Present",="6/29/2026",
="800002106",="Present",="6/29/2026",
="800002107",="Present",="6/29/2026",
="800002109",="Present",="6/29/2026",
="800002120",="Present",="6/29/2026",
="800002122",="Present",="6/29/2026",
="800002123",="Present",="6/29/2026",
="800002128",="Present",="6/29/2026",
="800002136",="Absent",="6/29/2026",
="800002142",="Present",="6/29/2026",
="800002154",="Present",="6/29/2026",
="800002160",="Present",="6/29/2026",
="800002162",="Present",="6/29/2026",
="800002172",="Present",="6/29/2026",
="800002067",="Present",="6/29/2026",
="800000495",="Present",="6/26/2026",
="800001466",="Absent",="6/26/2026",
="800002165",="Present",="6/26/2026",
="800000927",="Present",="6/26/2026",
="800000941",="Present",="6/26/2026",
="800001325",="Absent",="6/26/2026",
="800001607",="Present",="6/26/2026",
="800001626",="Present",="6/26/2026",
="800001657",="Present",="6/26/2026",
="800001681",="Present",="6/26/2026",
="800000754",="Present",="6/25/2026",
="800000941",="Present",="6/25/2026",
="800001368",="Present",="6/25/2026",
="800001502",="Present",="6/25/2026",
="800001626",="Present",="6/25/2026",
="800001657",="Present",="6/25/2026",
="800001701",="Present",="6/25/2026",
="800001691",="Absent",="6/29/2026",
="800001950",="Present",="6/29/2026",
="800002036",="Present",="6/29/2026",
="800002067",="Absent",="6/29/2026",
="800000495",="Present",="6/28/2026",
="800000927",="Present",="6/28/2026",
="800001657",="Present",="6/28/2026",
="800002165",="Present",="6/28/2026",
="800001724",="Absent",="6/19/2026",
="800001821",="Absent",="6/19/2026",
="800001841",="Absent",="6/19/2026",
="800001924",="Absent",="6/19/2026",
="800001925",="Absent",="6/19/2026",
="800001940",="Absent",="6/19/2026",
="800001943",="Absent",="6/19/2026",
="800002007",="Present",="6/28/2026",
="800002020",="Present",="6/28/2026",
="800002035",="Present",="6/28/2026",
="800002036",="Present",="6/28/2026",
="800002042",="Present",="6/28/2026",
="800002062",="Absent",="6/28/2026",
="800002133",="Present",="6/28/2026",
="800002134",="Present",="6/28/2026",
="800002144",="Present",="6/28/2026",
="800002177",="Present",="6/28/2026",
="800000463",="Present",="6/28/2026",
="800001863",="Present",="6/28/2026",
="800001985",="Present",="6/28/2026",
="800002011",="Present",="6/28/2026",
="800002017",="Present",="6/28/2026",
="800002021",="Present",="6/28/2026",
="800002029",="Present",="6/28/2026",
="800002034",="Present",="6/28/2026",
="800002053",="Present",="6/28/2026",
="800002059",="Present",="6/28/2026",
="800002081",="Present",="6/28/2026",
="800002087",="Present",="6/28/2026",
="800002100",="Present",="6/28/2026",
="800002104",="Present",="6/28/2026",
="800002111",="Present",="6/28/2026",
="800002114",="Present",="6/28/2026",
="800002127",="Present",="6/28/2026",
="800002132",="Present",="6/28/2026",
="800002141",="Present",="6/28/2026",
="800002143",="Present",="6/28/2026",
="800002174",="Present",="6/28/2026",
="800001958",="Present",="6/29/2026",
="800001959",="Present",="6/29/2026",
="800001963",="Present",="6/29/2026",
="800001958",="Absent",="6/29/2026",
="800001959",="Absent",="6/29/2026",
="800001963",="Absent",="6/29/2026",
="800001198",="Present",="6/29/2026",
="800001445",="Present",="6/29/2026",
="800001468",="Present",="6/29/2026",
="800001607",="Present",="6/29/2026",
="800001688",="Present",="6/29/2026",
="800001701",="Present",="6/29/2026",
="800001712",="Present",="6/29/2026",
="800001740",="Present",="6/29/2026",
="800001902",="Present",="6/29/2026",
="800002005",="Present",="6/29/2026",
="800001268",="Present",="6/29/2026",
="800001502",="Present",="6/29/2026",
="800001508",="Present",="6/29/2026",
="800001626",="Present",="6/29/2026",
="800001657",="Present",="6/29/2026",
="800001701",="Absent",="6/29/2026",
="800001066",="Present",="6/30/2026",
="800001560",="Present",="6/30/2026",
="800001830",="Present",="6/30/2026",
="800002071",="Present",="6/30/2026",
="800002079",="Present",="6/30/2026",
="800002092",="Present",="6/30/2026",
="800002093",="Present",="6/30/2026",
="800002099",="Present",="6/30/2026",
="800002106",="Present",="6/30/2026",
="800002107",="Present",="6/30/2026",
="800002109",="Present",="6/30/2026",
="800002122",="Present",="6/30/2026",
="800002123",="Present",="6/30/2026",
="800002128",="Present",="6/30/2026",
="800002136",="Absent",="6/30/2026",
="800002142",="Present",="6/30/2026",
="800002160",="Present",="6/30/2026",
="800002162",="Present",="6/30/2026",
="800002172",="Present",="6/30/2026",
="800000072",="Present",="6/30/2026",
="800002080",="Present",="6/30/2026",
="800002120",="Present",="6/30/2026",
="800002154",="Present",="6/30/2026",
="800002067",="Present",="6/30/2026",
="800001591",="Present",="6/19/2026",
="800001856",="Present",="6/19/2026",
="770017870",="Present",="6/25/2026",
="800001094",="Present",="6/25/2026",
="800001268",="Absent",="6/25/2026",
="800001529",="Present",="6/25/2026",
="800001548",="Present",="6/25/2026",
="800001562",="Present",="6/25/2026",
="800001673",="Present",="6/25/2026",
="800000348",="Present",="6/23/2026",
="800001633",="Present",="6/23/2026",
="800001689",="Present",="6/23/2026",
="800001821",="Present",="6/23/2026",
="800001841",="Present",="6/23/2026",
="800001917",="Present",="6/23/2026",
="800001924",="Present",="6/23/2026",
="800001925",="Present",="6/23/2026",
="800001928",="Present",="6/23/2026",
="800001940",="Present",="6/23/2026",
="800001591",="Present",="6/25/2026",
="800000495",="Present",="6/29/2026",
="800002165",="Present",="6/29/2026",
="800002015",="Present",="6/30/2026",
="800002066",="Absent",="6/30/2026",
="770000737",="Present",="6/30/2026",
="800000463",="Present",="6/30/2026",
="800001757",="Present",="6/30/2026",
="800001845",="Present",="6/30/2026",
="800001884",="Present",="6/30/2026",
="800001888",="Present",="6/30/2026",
="800001909",="Present",="6/30/2026",
="800001910",="Present",="6/30/2026",
="800001943",="Present",="6/30/2026",
="800001998",="Present",="6/30/2026",
="800002007",="Present",="6/30/2026",
="800002020",="Present",="6/30/2026",
="800002023",="Present",="6/30/2026",
="800002034",="Present",="6/30/2026",
="800002042",="Present",="6/30/2026",
="800002049",="Present",="6/30/2026",
="800002064",="Present",="6/30/2026",
="800002088",="Present",="6/30/2026",
="800002100",="Present",="6/30/2026",
="800002104",="Present",="6/30/2026",
="800002111",="Present",="6/30/2026",
="800002114",="Present",="6/30/2026",
="800002127",="Absent",="6/30/2026",
="800002132",="Present",="6/30/2026",
="800002133",="Present",="6/30/2026",
="800002141",="Present",="6/30/2026",
="800002177",="Present",="6/30/2026",
="800000754",="Absent",="6/30/2026",
="800000941",="Present",="6/30/2026",
="800001368",="Present",="6/30/2026",
="800001502",="Present",="6/30/2026",
="800001548",="Present",="6/30/2026",
="800001562",="Present",="6/30/2026",
="800001591",="Present",="6/30/2026",
="800001657",="Present",="6/30/2026",
="800001673",="Present",="6/30/2026",
="800001701",="Present",="6/30/2026",
="800000072",="Present",="7/1/2026",
="800000495",="Present",="7/1/2026",
="800002015",="Absent",="7/1/2026",
="800002066",="Absent",="7/1/2026",
="800002071",="Present",="7/1/2026",
="800002079",="Present",="7/1/2026",
="800002080",="Present",="7/1/2026",
="800002092",="Present",="7/1/2026",
="800002093",="Absent",="7/1/2026",
="800002099",="Present",="7/1/2026",
="800002106",="Present",="7/1/2026",
="800002107",="Present",="7/1/2026",
="800002120",="Present",="7/1/2026",
="800002122",="Present",="7/1/2026",
="800002123",="Present",="7/1/2026",
="800002128",="Present",="7/1/2026",
="800002136",="Absent",="7/1/2026",
="800002142",="Present",="7/1/2026",
="800002154",="Tardy/Late",="7/1/2026",
="800002160",="Present",="7/1/2026",
="800002162",="Present",="7/1/2026",
="800000722",="Present",="7/1/2026",
="800001513",="Present",="7/1/2026",
="800000774",="Present",="7/1/2026",
="800001414",="Present",="7/1/2026",
="800001445",="Present",="7/1/2026",
="800001468",="Present",="7/1/2026",
="800001508",="Present",="7/1/2026",
="800001740",="Present",="7/1/2026",
="800002144",="Present",="7/1/2026",
="800002174",="Present",="7/1/2026",
="800001649",="Present",="7/1/2026",
="800001691",="Present",="7/1/2026",
="800001841",="Present",="7/1/2026",
="800001842",="Present",="7/1/2026",
="800001856",="Present",="7/1/2026",
="800001874",="Present",="7/1/2026",
="800001903",="Present",="7/1/2026",
="800001905",="Present",="7/1/2026",
="800001910",="Present",="7/1/2026",
="800001955",="Present",="7/1/2026",
="800001986",="Present",="7/1/2026",
="800001987",="Present",="7/1/2026",
="800002008",="Present",="7/1/2026",
="800002017",="Present",="7/1/2026",
="800002026",="Present",="7/1/2026",
="800002029",="Present",="7/1/2026",
="800002044",="Present",="7/1/2026",
="800002062",="Present",="7/1/2026",
="800001198",="Present",="6/30/2026",
="800001607",="Present",="6/30/2026",
="800001902",="Present",="6/30/2026",
="800001066",="Present",="7/1/2026",
="800001560",="Present",="7/1/2026",
="800001950",="Present",="7/1/2026",
="800002036",="Present",="7/1/2026",
="800002067",="Present",="7/1/2026",
="800002093",="Present",="7/1/2026",
="800002109",="Present",="7/1/2026",
="800002154",="Present",="7/1/2026",
="800002172",="Present",="7/1/2026",
="770000737",="Present",="7/1/2026",
="800000463",="Present",="7/1/2026",
="800001757",="Present",="7/1/2026",
="800001845",="Present",="7/1/2026",
="800001884",="Present",="7/1/2026",
="800001888",="Present",="7/1/2026",
="800001909",="Present",="7/1/2026",
="800001943",="Present",="7/1/2026",
="800001998",="Present",="7/1/2026",
="800002007",="Present",="7/1/2026",
="800002020",="Present",="7/1/2026",
="800002023",="Present",="7/1/2026",
="800002034",="Present",="7/1/2026",
="800002042",="Present",="7/1/2026",
="800002049",="Present",="7/1/2026",
="800002064",="Present",="7/1/2026",
="800002088",="Present",="7/1/2026",
="800002100",="Present",="7/1/2026",
="800002104",="Present",="7/1/2026",
="800002111",="Present",="7/1/2026",
="800002114",="Present",="7/1/2026",
="800002127",="Present",="7/1/2026",
="800002132",="Present",="7/1/2026",
="800002133",="Present",="7/1/2026",
="800002141",="Present",="7/1/2026",
="800002177",="Present",="7/1/2026",
="800002144",="Present",="7/2/2026",
="800002174",="Present",="7/2/2026",
="800000072",="Present",="7/2/2026",
="800001066",="Present",="7/2/2026",
="800001560",="Present",="7/2/2026",
="800001950",="Present",="7/2/2026",
="800002036",="Present",="7/2/2026",
="800002067",="Present",="7/2/2026",
="800002071",="Present",="7/2/2026",
="800002079",="Present",="7/2/2026",
="800002080",="Present",="7/2/2026",
="800002092",="Present",="7/2/2026",
="800002093",="Present",="7/2/2026",
="800002099",="Present",="7/2/2026",
="800002106",="Present",="7/2/2026",
="800002107",="Present",="7/2/2026",
="800002109",="Present",="7/2/2026",
="800002120",="Present",="7/2/2026",
="800002122",="Present",="7/2/2026",
="800002123",="Present",="7/2/2026",
="800002128",="Present",="7/2/2026",
="800002136",="Absent",="7/2/2026",
="800002154",="Present",="7/2/2026",
="800002160",="Present",="7/2/2026",
="800002162",="Present",="7/2/2026",
="800002172",="Present",="7/2/2026",
="800000348",="Present",="6/29/2026",
="800001114",="Absent",="6/29/2026",
="800001330",="Present",="6/29/2026",
="800001439",="Present",="6/29/2026",
="800001623",="Absent",="6/29/2026",
="800001649",="Present",="6/29/2026",
="800001689",="Absent",="6/29/2026",
="800001708",="Absent",="6/29/2026",
="800001714",="Present",="6/29/2026",
="800001739",="Present",="6/29/2026",
="800001769",="Present",="6/29/2026",
="800001771",="Absent",="6/29/2026",
="800001775",="Present",="6/29/2026",
="800001778",="Present",="6/29/2026",
="800001802",="Present",="6/29/2026",
="800001829",="Present",="6/29/2026",
="800001840",="Present",="6/29/2026",
="800001856",="Present",="6/29/2026",
="800001864",="Present",="6/29/2026",
="800001876",="Present",="6/29/2026",
="800001903",="Absent",="6/29/2026",
="800001908",="Present",="6/29/2026",
="800001928",="Absent",="6/29/2026",
="800001955",="Present",="6/29/2026",
="800001986",="Present",="6/29/2026",
="800002008",="Present",="6/29/2026",
="800002017",="Present",="6/29/2026",
="800002026",="Present",="6/29/2026",
="800002029",="Present",="6/29/2026",
="800001543",="Present",="6/29/2026",
="800001580",="Absent",="6/29/2026",
="800001634",="Absent",="6/29/2026",
="800001650",="Absent",="6/29/2026",
="800001757",="Absent",="6/29/2026",
="800001761",="Absent",="6/29/2026",
="800001850",="Present",="6/29/2026",
="800001852",="Present",="6/29/2026",
="800001860",="Present",="6/29/2026",
="800001862",="Absent",="6/29/2026",
="800001863",="Present",="6/29/2026",
="800001878",="Present",="6/29/2026",
="800001884",="Present",="6/29/2026",
="800001954",="Present",="6/29/2026",
="800002010",="Present",="6/29/2026",
="800002011",="Absent",="6/29/2026",
="800002021",="Present",="6/29/2026",
="800002035",="Present",="6/29/2026",
="800002053",="Present",="6/29/2026",
="800002059",="Absent",="6/29/2026",
="800001607",="Absent",="7/1/2026",
="800001688",="Present",="7/1/2026",
="800001712",="Present",="7/1/2026",
="800001902",="Present",="7/1/2026",
="800002005",="Present",="7/1/2026",
="800001466",="Absent",="7/1/2026",
="800001958",="Present",="7/1/2026",
="800001959",="Present",="7/1/2026",
="800001963",="Present",="7/1/2026",
="800001543",="Present",="6/30/2026",
="800001580",="Absent",="6/30/2026",
="800001634",="Present",="6/30/2026",
="800001650",="Absent",="6/30/2026",
="800001757",="Absent",="6/30/2026",
="800001761",="Absent",="6/30/2026",
="800001850",="Present",="6/30/2026",
="800001852",="Present",="6/30/2026",
="800001860",="Present",="6/30/2026",
="800001862",="Absent",="6/30/2026",
="800001863",="Present",="6/30/2026",
="800001878",="Present",="6/30/2026",
="800001954",="Present",="6/30/2026",
="800002010",="Absent",="6/30/2026",
="800002011",="Present",="6/30/2026",
="800002021",="Present",="6/30/2026",
="800002035",="Present",="6/30/2026",
="800002053",="Present",="6/30/2026",
="800002059",="Absent",="6/30/2026",
="800000348",="Present",="6/30/2026",
="800001114",="Absent",="6/30/2026",
="800001330",="Present",="6/30/2026",
="800001439",="Present",="6/30/2026",
="800001623",="Present",="6/30/2026",
="800001649",="Present",="6/30/2026",
="800001689",="Present",="6/30/2026",
="800001708",="Present",="6/30/2026",
="800001714",="Present",="6/30/2026",
="800001739",="Present",="6/30/2026",
="800001769",="Present",="6/30/2026",
="800001771",="Present",="6/30/2026",
="800001775",="Present",="6/30/2026",
="800001778",="Present",="6/30/2026",
="800001802",="Present",="6/30/2026",
="800001829",="Present",="6/30/2026",
="800001840",="Present",="6/30/2026",
="800001856",="Present",="6/30/2026",
="800001864",="Present",="6/30/2026",
="800001876",="Present",="6/30/2026",
="800001903",="Present",="6/30/2026",
="800001908",="Present",="6/30/2026",
="800001928",="Present",="6/30/2026",
="800001955",="Present",="6/30/2026",
="800001986",="Present",="6/30/2026",
="800002008",="Present",="6/30/2026",
="800002017",="Present",="6/30/2026",
="800002026",="Present",="6/30/2026",
="800002029",="Present",="6/30/2026",
="800000754",="Present",="7/2/2026",
="800000941",="Present",="7/2/2026",
="800001368",="Present",="7/2/2026",
="800001502",="Present",="7/2/2026",
="800001508",="Present",="7/2/2026",
="800001626",="Present",="7/2/2026",
="800001657",="Present",="7/2/2026",
="800001701",="Present",="7/2/2026",
="800001623",="Absent",="7/2/2026",
="800001634",="Absent",="7/2/2026",
="800001714",="Present",="7/2/2026",
="800001724",="Present",="7/2/2026",
="800001821",="Present",="7/2/2026",
="800001841",="Present",="7/2/2026",
="800001842",="Present",="7/2/2026",
="800001850",="Present",="7/2/2026",
="800001860",="Present",="7/2/2026",
="800001874",="Present",="7/2/2026",
="800001884",="Present",="7/2/2026",
="800001888",="Present",="7/2/2026",
="800001924",="Present",="7/2/2026",
="800001925",="Present",="7/2/2026",
="800001934",="Present",="7/2/2026",
="800001940",="Present",="7/2/2026",
="800001943",="Absent",="7/2/2026",
="800002023",="Present",="7/2/2026",
="800002062",="Present",="7/2/2026",
="800000463",="Present",="7/2/2026",
="800001638",="Present",="7/2/2026",
="800002007",="Present",="7/2/2026",
="800002034",="Present",="7/2/2026",
="800002064",="Present",="7/2/2026",
="800002081",="Present",="7/2/2026",
="800002087",="Present",="7/2/2026",
="800002100",="Present",="7/2/2026",
="800002104",="Present",="7/2/2026",
="800002111",="Present",="7/2/2026",
="800002114",="Present",="7/2/2026",
="800002127",="Present",="7/2/2026",
="800002132",="Present",="7/2/2026",
="800002133",="Present",="7/2/2026",
="800002134",="Present",="7/2/2026",
="800002141",="Present",="7/2/2026",
="800002143",="Present",="7/2/2026",
="800002177",="Present",="7/2/2026",
="770000737",="Present",="7/2/2026",
="800001543",="Present",="7/2/2026",
="800001723",="Present",="7/2/2026",
="800001739",="Present",="7/2/2026",
="800001846",="Present",="7/2/2026",
="800001863",="Present",="7/2/2026",
="800001943",="Present",="7/2/2026",
="800001985",="Present",="7/2/2026",
="800002010",="Present",="7/2/2026",
="800002011",="Present",="7/2/2026",
="800002020",="Present",="7/2/2026",
="800002021",="Present",="7/2/2026",
="800002035",="Present",="7/2/2026",
="800002053",="Present",="7/2/2026",
="800002059",="Present",="7/2/2026",
="800000495",="Present",="7/3/2026",
="800001466",="Absent",="7/3/2026",
="800002165",="Present",="7/3/2026",
="800000927",="Present",="7/3/2026",
="800000941",="Present",="7/3/2026",
="800001325",="Absent",="7/3/2026",
="800001607",="Present",="7/3/2026",
="800001626",="Absent",="7/3/2026",
="800001657",="Present",="7/3/2026",
="800001681",="Present",="7/3/2026",
="800001638",="Absent",="7/3/2026",
="800001955",="Present",="7/3/2026",
="800001986",="Absent",="7/3/2026",
="800002008",="Present",="7/3/2026",
="800002044",="Present",="7/3/2026",
="800002062",="Absent",="7/3/2026",
="800002144",="Present",="7/3/2026",
="800001325",="Absent",="7/5/2026",
="800001414",="Present",="7/5/2026",
="800001459",="Present",="7/5/2026",
="800001508",="Present",="7/5/2026",
="800001605",="Absent",="7/5/2026",
="800001740",="Present",="7/5/2026",
="800001902",="Present",="7/5/2026",
="800002005",="Absent",="7/5/2026",
="800002174",="Present",="7/5/2026",
="800001958",="Present",="7/5/2026",
="800001959",="Present",="7/5/2026",
="800001963",="Present",="7/5/2026",
="800000072",="Present",="7/6/2026",
="800001066",="Present",="7/6/2026",
="800001560",="Present",="7/6/2026",
="800001830",="Present",="7/6/2026",
="800002071",="Present",="7/6/2026",
="800002079",="Present",="7/6/2026",
="800002080",="Present",="7/6/2026",
="800002092",="Present",="7/6/2026",
="800002093",="Present",="7/6/2026",
="800002099",="Present",="7/6/2026",
="800002106",="Present",="7/6/2026",
="800002107",="Present",="7/6/2026",
="800002109",="Present",="7/6/2026",
="800002120",="Present",="7/6/2026",
="800002122",="Present",="7/6/2026",
="800002123",="Present",="7/6/2026",
="800002128",="Present",="7/6/2026",
="800002136",="Absent",="7/6/2026",
="800002142",="Present",="7/6/2026",
="800002154",="Present",="7/6/2026",
="800002160",="Present",="7/6/2026",
="800002162",="Present",="7/6/2026",
="800002172",="Present",="7/6/2026",
="800002067",="Present",="7/6/2026",
="800001443",="Present",="7/5/2026",
="800001529",="Present",="7/5/2026",
="800001681",="Present",="7/5/2026",
="800002005",="Present",="7/5/2026",
="800000495",="Absent",="7/5/2026",
="800000927",="Present",="7/5/2026",
="800001657",="Present",="7/5/2026",
="800002165",="Present",="7/5/2026",
="800001114",="Present",="7/1/2026",
="800001330",="Present",="7/1/2026",
="800001434",="Present",="7/1/2026",
="800001443",="Present",="7/1/2026",
="800001498",="Present",="7/1/2026",
="800001528",="Present",="7/1/2026",
="800001533",="Present",="7/1/2026",
="800001563",="Present",="7/1/2026",
="800001580",="Present",="7/1/2026",
="800001625",="Present",="7/1/2026",
="800001633",="Present",="7/1/2026",
="800001644",="Present",="7/1/2026",
="800001650",="Present",="7/1/2026",
="800001665",="Present",="7/1/2026",
="800001689",="Present",="7/1/2026",
="800001695",="Present",="7/1/2026",
="800001708",="Present",="7/1/2026",
="800001710",="Present",="7/1/2026",
="800001724",="Present",="7/1/2026",
="800001729",="Present",="7/1/2026",
="800001735",="Present",="7/1/2026",
="800001761",="Present",="7/1/2026",
="800001769",="Present",="7/1/2026",
="800001771",="Present",="7/1/2026",
="800001775",="Present",="7/1/2026",
="800001778",="Present",="7/1/2026",
="800001789",="Present",="7/1/2026",
="800001798",="Present",="7/1/2026",
="800001802",="Present",="7/1/2026",
="800001803",="Present",="7/1/2026",
="800001815",="Present",="7/1/2026",
="800001821",="Present",="7/1/2026",
="800001862",="Present",="7/1/2026",
="800001892",="Present",="7/1/2026",
="800001924",="Present",="7/1/2026",
="800001925",="Present",="7/1/2026",
="800001940",="Present",="7/1/2026",
="770000323",="Present",="7/1/2026",
="770000409",="Present",="7/1/2026",
="770017870",="Present",="7/1/2026",
="800000927",="Present",="7/1/2026",
="800001094",="Present",="7/1/2026",
="800001268",="Present",="7/1/2026",
="800001410",="Present",="7/1/2026",
="800001529",="Present",="7/1/2026",
="800001548",="Present",="7/1/2026",
="800001562",="Present",="7/1/2026",
="800000463",="Present",="7/5/2026",
="800001863",="Present",="7/5/2026",
="800001985",="Present",="7/5/2026",
="800002011",="Present",="7/5/2026",
="800002017",="Present",="7/5/2026",
="800002021",="Present",="7/5/2026",
="800002029",="Present",="7/5/2026",
="800002034",="Present",="7/5/2026",
="800002053",="Present",="7/5/2026",
="800002059",="Present",="7/5/2026",
="800002081",="Present",="7/5/2026",
="800002087",="Present",="7/5/2026",
="800002100",="Present",="7/5/2026",
="800002104",="Present",="7/5/2026",
="800002111",="Present",="7/5/2026",
="800002114",="Present",="7/5/2026",
="800002127",="Present",="7/5/2026",
="800002132",="Present",="7/5/2026",
="800002141",="Present",="7/5/2026",
="800002143",="Present",="7/5/2026",
="800002007",="Present",="7/5/2026",
="800002020",="Present",="7/5/2026",
="800002035",="Absent",="7/5/2026",
="800002036",="Present",="7/5/2026",
="800002042",="Present",="7/5/2026",
="800002062",="Present",="7/5/2026",
="800002133",="Present",="7/5/2026",
="800002134",="Present",="7/5/2026",
="800002144",="Present",="7/5/2026",
="800002177",="Present",="7/5/2026",
="800001543",="Absent",="7/6/2026",
="800001634",="Present",="7/6/2026",
="800001650",="Present",="7/6/2026",
="800001757",="Present",="7/6/2026",
="800001761",="Present",="7/6/2026",
="800001850",="Present",="7/6/2026",
="800001852",="Absent",="7/6/2026",
="800001860",="Present",="7/6/2026",
="800001862",="Present",="7/6/2026",
="800001863",="Present",="7/6/2026",
="800001878",="Present",="7/6/2026",
="800001884",="Present",="7/6/2026",
="800001888",="Present",="7/6/2026",
="800001954",="Present",="7/6/2026",
="800002010",="Present",="7/6/2026",
="800002011",="Present",="7/6/2026",
="800002021",="Present",="7/6/2026",
="800002035",="Present",="7/6/2026",
="800002053",="Present",="7/6/2026",
="800001543",="Present",="7/6/2026",
="800001852",="Present",="7/6/2026",
="800000463",="Present",="6/29/2026",
="800001845",="Present",="6/29/2026",
="800001909",="Present",="6/29/2026",
="800001998",="Present",="6/29/2026",
="800002007",="Present",="6/29/2026",
="800002034",="Present",="6/29/2026",
="800002042",="Present",="6/29/2026",
="800002049",="Present",="6/29/2026",
="800002064",="Present",="6/29/2026",
="800002081",="Present",="6/29/2026",
="800002087",="Present",="6/29/2026",
="800002088",="Present",="6/29/2026",
="800002100",="Present",="6/29/2026",
="800002104",="Present",="6/29/2026",
="800002111",="Present",="6/29/2026",
="800002114",="Present",="6/29/2026",
="800002127",="Present",="6/29/2026",
="800002132",="Present",="6/29/2026",
="800002133",="Present",="6/29/2026",
="800002134",="Present",="6/29/2026",
="800002141",="Present",="6/29/2026",
="800002143",="Present",="6/29/2026",
="800002177",="Present",="6/29/2026",
="800001691",="Present",="7/6/2026",
="800001950",="Present",="7/6/2026",
="800002036",="Present",="7/6/2026",
="800000348",="Present",="7/6/2026",
="800001114",="Present",="7/6/2026",
="800001330",="Present",="7/6/2026",
="800001439",="Present",="7/6/2026",
="800001580",="Present",="7/6/2026",
="800001623",="Present",="7/6/2026",
="800001649",="Present",="7/6/2026",
="800001689",="Present",="7/6/2026",
="800001708",="Present",="7/6/2026",
="800001714",="Present",="7/6/2026",
="800001739",="Present",="7/6/2026",
="800001769",="Present",="7/6/2026",
="800001771",="Present",="7/6/2026",
="800001775",="Present",="7/6/2026",
="800001778",="Present",="7/6/2026",
="800001802",="Present",="7/6/2026",
="800001829",="Present",="7/6/2026",
="800001840",="Present",="7/6/2026",
="800001856",="Present",="7/6/2026",
="800001864",="Present",="7/6/2026",
="800001876",="Present",="7/6/2026",
="800001903",="Present",="7/6/2026",
="800001908",="Present",="7/6/2026",
="800001928",="Present",="7/6/2026",
="800001955",="Present",="7/6/2026",
="800001986",="Present",="7/6/2026",
="800002008",="Present",="7/6/2026",
="800002017",="Present",="7/6/2026",
="800002026",="Present",="7/6/2026",
="800002029",="Present",="7/6/2026",
="800000463",="Present",="7/6/2026",
="800001845",="Present",="7/6/2026",
="800001909",="Present",="7/6/2026",
="800001998",="Present",="7/6/2026",
="800002007",="Present",="7/6/2026",
="800002034",="Present",="7/6/2026",
="800002042",="Present",="7/6/2026",
="800002049",="Present",="7/6/2026",
="800002064",="Present",="7/6/2026",
="800002081",="Present",="7/6/2026",
="800002087",="Present",="7/6/2026",
="800002088",="Present",="7/6/2026",
="800002100",="Present",="7/6/2026",
="800002104",="Present",="7/6/2026",
="800002111",="Absent",="7/6/2026",
="800002114",="Present",="7/6/2026",
="800002127",="Absent",="7/6/2026",
="800002132",="Present",="7/6/2026",
="800002133",="Present",="7/6/2026",
="800002134",="Present",="7/6/2026",
="800002141",="Present",="7/6/2026",
="800002143",="Present",="7/6/2026",
="800002177",="Present",="7/6/2026",
="800001958",="Present",="7/6/2026",
="800001959",="Present",="7/6/2026",
="800001963",="Present",="7/6/2026",
="800001963",="Tardy/Late",="7/6/2026",
="800001198",="Tardy/Late",="7/6/2026",
="800001445",="Present",="7/6/2026",
="800001468",="Present",="7/6/2026",
="800001607",="Present",="7/6/2026",
="800001688",="Present",="7/6/2026",
="800001701",="Present",="7/6/2026",
="800001712",="Present",="7/6/2026",
="800001740",="Present",="7/6/2026",
="800001902",="Present",="7/6/2026",
="800002005",="Tardy/Late",="7/6/2026",
="800001268",="Present",="7/6/2026",
="800001502",="Present",="7/6/2026",
="800001508",="Present",="7/6/2026",
="800001626",="Present",="7/6/2026",
="800001657",="Present",="7/6/2026",
="800001701",="Tardy/Late",="7/6/2026",
="800000348",="Present",="6/12/2026",
="800001633",="Present",="6/12/2026",
="800001689",="Present",="6/12/2026",
="800001821",="Present",="6/12/2026",
="800001841",="Present",="6/12/2026",
="800001876",="Present",="6/12/2026",
="800001917",="Present",="6/12/2026",
="800001924",="Present",="6/12/2026",
="800001925",="Present",="6/12/2026",
="800001928",="Present",="6/12/2026",
="800001940",="Present",="6/12/2026",
="800001066",="Present",="7/7/2026",
="800001560",="Absent",="7/7/2026",
="800001830",="Present",="7/7/2026",
="800002071",="Present",="7/7/2026",
="800002079",="Present",="7/7/2026",
="800002092",="Present",="7/7/2026",
="800002093",="Present",="7/7/2026",
="800002099",="Present",="7/7/2026",
="800002106",="Present",="7/7/2026",
="800002107",="Present",="7/7/2026",
="800002109",="Present",="7/7/2026",
="800002122",="Present",="7/7/2026",
="800002123",="Present",="7/7/2026",
="800002128",="Present",="7/7/2026",
="800002136",="Absent",="7/7/2026",
="800002142",="Present",="7/7/2026",
="800002160",="Present",="7/7/2026",
="800002162",="Present",="7/7/2026",
="800002172",="Present",="7/7/2026",
="800000072",="Present",="7/7/2026",
="800002080",="Present",="7/7/2026",
="800002120",="Present",="7/7/2026",
="800002154",="Present",="7/7/2026",
="800002067",="Present",="7/7/2026",
="800002023",="No class",="6/2/2026",
="800002023",="No class",="6/3/2026",
="800001560",="Present",="7/7/2026",
="800002015",="Present",="7/7/2026",
="800002066",="Absent",="7/7/2026",
="770000737",="Present",="7/7/2026",
="800000463",="Present",="7/7/2026",
="800001757",="Present",="7/7/2026",
="800001845",="Present",="7/7/2026",
="800001884",="Present",="7/7/2026",
="800001888",="Present",="7/7/2026",
="800001909",="Present",="7/7/2026",
="800001910",="Present",="7/7/2026",
="800001943",="Present",="7/7/2026",
="800001998",="Present",="7/7/2026",
="800002007",="Present",="7/7/2026",
="800002020",="Present",="7/7/2026",
="800002023",="Present",="7/7/2026",
="800002034",="Present",="7/7/2026",
="800002042",="Present",="7/7/2026",
="800002049",="Present",="7/7/2026",
="800002064",="Present",="7/7/2026",
="800002088",="Present",="7/7/2026",
="800002100",="Present",="7/7/2026",
="800002104",="Present",="7/7/2026",
="800002111",="Present",="7/7/2026",
="800002114",="Present",="7/7/2026",
="800002127",="Present",="7/7/2026",
="800002132",="Present",="7/7/2026",
="800002133",="Present",="7/7/2026",
="800002141",="Present",="7/7/2026",
="800002177",="Present",="7/7/2026",
="800000754",="Present",="7/7/2026",
="800000941",="Present",="7/7/2026",
="800001368",="Present",="7/7/2026",
="800001502",="Present",="7/7/2026",
="800001548",="Present",="7/7/2026",
="800001562",="Present",="7/7/2026",
="800001591",="Present",="7/7/2026",
="800001657",="Present",="7/7/2026",
="800001673",="Present",="7/7/2026",
="800001701",="Absent",="7/7/2026",
="800001198",="Present",="7/7/2026",
="800001607",="Present",="7/7/2026",
="800001902",="Present",="7/7/2026",
="800001543",="Present",="7/7/2026",
="800001634",="Present",="7/7/2026",
="800001650",="Present",="7/7/2026",
="800001761",="Present",="7/7/2026",
="800001850",="Present",="7/7/2026",
="800001852",="Present",="7/7/2026",
="800001860",="Present",="7/7/2026",
="800001862",="Present",="7/7/2026",
="800001863",="Present",="7/7/2026",
="800001878",="Present",="7/7/2026",
="800001954",="Present",="7/7/2026",
="800002010",="Absent",="7/7/2026",
="800002011",="Present",="7/7/2026",
="800002021",="Present",="7/7/2026",
="800002035",="Present",="7/7/2026",
="800002053",="Present",="7/7/2026",
="800000348",="Present",="7/7/2026",
="800001114",="Present",="7/7/2026",
="800001330",="Present",="7/7/2026",
="800001439",="Present",="7/7/2026",
="800001580",="Present",="7/7/2026",
="800001623",="Present",="7/7/2026",
="800001649",="Present",="7/7/2026",
="800001689",="Present",="7/7/2026",
="800001708",="Present",="7/7/2026",
="800001714",="Present",="7/7/2026",
="800001739",="Present",="7/7/2026",
="800001769",="Present",="7/7/2026",
="800001771",="Present",="7/7/2026",
="800001775",="Present",="7/7/2026",
="800001778",="Present",="7/7/2026",
="800001802",="Present",="7/7/2026",
="800001829",="Present",="7/7/2026",
="800001840",="Present",="7/7/2026",
="800001856",="Present",="7/7/2026",
="800001864",="Present",="7/7/2026",
="800001876",="Present",="7/7/2026",
="800001903",="Absent",="7/7/2026",
="800001908",="Present",="7/7/2026",
="800001928",="Present",="7/7/2026",
="800001955",="Present",="7/7/2026",
="800001986",="Present",="7/7/2026",
="800002008",="Present",="7/7/2026",
="800002017",="Present",="7/7/2026",
="800002026",="Present",="7/7/2026",
="800002029",="Present",="7/7/2026",
="800001325",="Absent",="7/2/2026",
="800001414",="Present",="7/2/2026",
="800001445",="Present",="7/2/2026",
="800001468",="Present",="7/2/2026",
="800001688",="Present",="7/2/2026",
="800001712",="Present",="7/2/2026",
="800001740",="Present",="7/2/2026",
="800001902",="Present",="7/2/2026",
="800002005",="Absent",="7/2/2026",
="800000072",="Present",="7/8/2026",
="800000495",="Present",="7/8/2026",
="800002015",="Absent",="7/8/2026",
="800002066",="Absent",="7/8/2026",
="800002071",="Present",="7/8/2026",
="800002079",="Present",="7/8/2026",
="800002080",="Present",="7/8/2026",
="800002092",="Present",="7/8/2026",
="800002093",="Present",="7/8/2026",
="800002099",="Present",="7/8/2026",
="800002106",="Present",="7/8/2026",
="800002107",="Present",="7/8/2026",
="800002120",="Present",="7/8/2026",
="800002122",="Present",="7/8/2026",
="800002123",="Present",="7/8/2026",
="800002128",="Present",="7/8/2026",
="800002136",="Absent",="7/8/2026",
="800002142",="Tardy/Late",="7/8/2026",
="800002154",="Present",="7/8/2026",
="800002160",="Present",="7/8/2026",
="800002162",="Present",="7/8/2026",
="800001466",="Present",="7/8/2026",
="800001591",="Present",="7/8/2026",
="800001466",="Present",="7/1/2026",
="800001591",="Present",="7/1/2026",
="800000495",="Absent",="7/6/2026",
="800002067",="Absent",="7/6/2026",
="800002165",="Present",="7/6/2026",
="800001414",="Present",="7/8/2026",
="800001445",="Present",="7/8/2026",
="800001468",="Present",="7/8/2026",
="800001508",="Present",="7/8/2026",
="800001740",="Present",="7/8/2026",
="800002144",="Present",="7/8/2026",
="800002174",="Present",="7/8/2026",
="800001607",="Present",="7/8/2026",
="800001688",="Present",="7/8/2026",
="800001712",="Present",="7/8/2026",
="800001902",="Present",="7/8/2026",
="800002005",="Present",="7/8/2026",
="800001466",="Absent",="7/8/2026",
="800001958",="Present",="7/8/2026",
="800001959",="Present",="7/8/2026",
="800001963",="Present",="7/8/2026",
="770000737",="Present",="7/3/2026",
="800000463",="Present",="7/3/2026",
="800001691",="Present",="7/3/2026",
="800001757",="Present",="7/3/2026",
="800001845",="Present",="7/3/2026",
="800001884",="Present",="7/3/2026",
="800001888",="Present",="7/3/2026",
="800001909",="Present",="7/3/2026",
="800001910",="Present",="7/3/2026",
="800001943",="Present",="7/3/2026",
="800001998",="Present",="7/3/2026",
="800002007",="Present",="7/3/2026",
="800002020",="Present",="7/3/2026",
="800002023",="Present",="7/3/2026",
="800002034",="Present",="7/3/2026",
="800002042",="Present",="7/3/2026",
="800002049",="Present",="7/3/2026",
="800002064",="Present",="7/3/2026",
="800002088",="Present",="7/3/2026",
="800002100",="Present",="7/3/2026",
="800002104",="Present",="7/3/2026",
="800002111",="Present",="7/3/2026",
="800002114",="Present",="7/3/2026",
="800002127",="Absent",="7/3/2026",
="800002132",="Present",="7/3/2026",
="800002133",="Present",="7/3/2026",
="800002141",="Present",="7/3/2026",
="800002177",="Present",="7/3/2026",
="800001649",="Present",="7/8/2026",
="800001691",="Present",="7/8/2026",
="800001841",="Present",="7/8/2026",
="800001842",="Present",="7/8/2026",
="800001856",="Present",="7/8/2026",
="800001874",="Present",="7/8/2026",
="800001903",="Absent",="7/8/2026",
="800001905",="Present",="7/8/2026",
="800001910",="Present",="7/8/2026",
="800001955",="Present",="7/8/2026",
="800001986",="Present",="7/8/2026",
="800001987",="Present",="7/8/2026",
="800002008",="Present",="7/8/2026",
="800002017",="Present",="7/8/2026",
="800002026",="Absent",="7/8/2026",
="800002029",="Present",="7/8/2026",
="800002044",="Present",="7/8/2026",
="800002062",="Present",="7/8/2026",
="800001580",="Present",="6/30/2026",
="800001888",="Present",="6/29/2026",
="800000774",="Tardy/Late",="7/8/2026",
="800001513",="Present",="7/8/2026",
="800000722",="Present",="7/8/2026",
="770000323",="Present",="7/8/2026",
="770000409",="Present",="7/8/2026",
="770017870",="Present",="7/8/2026",
="800000927",="Present",="7/8/2026",
="800001094",="Present",="7/8/2026",
="800001268",="Absent",="7/8/2026",
="800001410",="Present",="7/8/2026",
="800001529",="Present",="7/8/2026",
="800001548",="Present",="7/8/2026",
="800001562",="Present",="7/8/2026",
="800000072",="Present",="7/9/2026",
="800001066",="Present",="7/9/2026",
="800001560",="Absent",="7/9/2026",
="800001950",="Absent",="7/9/2026",
="800002036",="Present",="7/9/2026",
="800002067",="Present",="7/9/2026",
="800002071",="Present",="7/9/2026",
="800002079",="Present",="7/9/2026",
="800002080",="Present",="7/9/2026",
="800002092",="Present",="7/9/2026",
="800002093",="Present",="7/9/2026",
="800002099",="Present",="7/9/2026",
="800002106",="Present",="7/9/2026",
="800002107",="Present",="7/9/2026",
="800002109",="Present",="7/9/2026",
="800002120",="Present",="7/9/2026",
="800002122",="Present",="7/9/2026",
="800002123",="Present",="7/9/2026",
="800002128",="Present",="7/9/2026",
="800002136",="Absent",="7/9/2026",
="800002154",="Present",="7/9/2026",
="800002160",="Present",="7/9/2026",
="800002162",="Present",="7/9/2026",
="800002172",="Present",="7/9/2026",
="800001325",="Present",="7/9/2026",
="800001414",="Present",="7/9/2026",
="800001445",="Present",="7/9/2026",
="800001468",="Present",="7/9/2026",
="800001508",="Present",="7/9/2026",
="800001688",="Present",="7/9/2026",
="800001712",="Present",="7/9/2026",
="800001740",="Present",="7/9/2026",
="800001902",="Present",="7/9/2026",
="800002005",="Present",="7/9/2026",
="800001114",="Present",="7/8/2026",
="800001330",="Present",="7/8/2026",
="800001434",="Present",="7/8/2026",
="800001443",="Present",="7/8/2026",
="800001498",="Present",="7/8/2026",
="800001528",="Present",="7/8/2026",
="800001533",="Present",="7/8/2026",
="800001563",="Present",="7/8/2026",
="800001580",="Present",="7/8/2026",
="800001625",="Present",="7/8/2026",
="800001633",="Present",="7/8/2026",
="800001644",="Present",="7/8/2026",
="800001650",="Present",="7/8/2026",
="800001665",="Present",="7/8/2026",
="800001689",="Present",="7/8/2026",
="800001695",="Present",="7/8/2026",
="800001708",="Present",="7/8/2026",
="800001710",="Present",="7/8/2026",
="800001724",="Present",="7/8/2026",
="800001729",="Present",="7/8/2026",
="800001735",="Present",="7/8/2026",
="800001757",="Present",="7/8/2026",
="800001761",="Present",="7/8/2026",
="800001769",="Present",="7/8/2026",
="800001771",="Present",="7/8/2026",
="800001775",="Present",="7/8/2026",
="800001778",="Present",="7/8/2026",
="800001789",="Present",="7/8/2026",
="800001798",="Present",="7/8/2026",
="800001802",="Present",="7/8/2026",
="800001803",="Present",="7/8/2026",
="800001815",="Present",="7/8/2026",
="800001821",="Present",="7/8/2026",
="800001862",="Present",="7/8/2026",
="800001892",="Present",="7/8/2026",
="800001924",="Present",="7/8/2026",
="800001925",="Present",="7/8/2026",
="800001940",="Present",="7/8/2026",
="800001466",="Present",="7/10/2026",
="800001591",="Present",="7/10/2026",
="770000737",="Present",="7/10/2026",
="800000463",="Present",="7/10/2026",
="800001691",="Present",="7/10/2026",
="800001757",="Present",="7/10/2026",
="800001845",="Present",="7/10/2026",
="800001884",="Present",="7/10/2026",
="800001888",="Present",="7/10/2026",
="800001909",="Present",="7/10/2026",
="800001910",="Present",="7/10/2026",
="800001943",="Present",="7/10/2026",
="800001998",="Present",="7/10/2026",
="800002007",="Present",="7/10/2026",
="800002020",="Present",="7/10/2026",
="800002023",="Present",="7/10/2026",
="800002034",="Present",="7/10/2026",
="800002042",="Present",="7/10/2026",
="800002049",="Present",="7/10/2026",
="800002064",="Tardy/Late",="7/10/2026",
="800002088",="Present",="7/10/2026",
="800002100",="Present",="7/10/2026",
="800002104",="Present",="7/10/2026",
="800002111",="Present",="7/10/2026",
="800002114",="Present",="7/10/2026",
="800002127",="Present",="7/10/2026",
="800002132",="Present",="7/10/2026",
="800002133",="Tardy/Late",="7/10/2026",
="800002141",="Present",="7/10/2026",
="800002177",="Present",="7/10/2026",
="800001623",="Present",="7/9/2026",
="800001634",="Present",="7/9/2026",
="800001714",="Present",="7/9/2026",
="800001724",="Present",="7/9/2026",
="800001821",="Present",="7/9/2026",
="800001841",="Present",="7/9/2026",
="800001842",="Present",="7/9/2026",
="800001850",="Present",="7/9/2026",
="800001860",="Present",="7/9/2026",
="800001874",="Present",="7/9/2026",
="800001884",="Present",="7/9/2026",
="800001888",="Present",="7/9/2026",
="800001924",="Present",="7/9/2026",
="800001925",="Present",="7/9/2026",
="800001934",="Present",="7/9/2026",
="800001940",="Absent",="7/9/2026",
="800001943",="Absent",="7/9/2026",
="800001987",="Present",="7/9/2026",
="800002023",="Present",="7/9/2026",
="800002062",="Present",="7/9/2026",
="800000463",="Present",="7/9/2026",
="800001638",="Present",="7/9/2026",
="800002007",="Present",="7/9/2026",
="800002034",="Present",="7/9/2026",
="800002064",="Present",="7/9/2026",
="800002081",="Present",="7/9/2026",
="800002087",="Present",="7/9/2026",
="800002100",="Present",="7/9/2026",
="800002104",="Present",="7/9/2026",
="800002111",="Present",="7/9/2026",
="800002114",="Present",="7/9/2026",
="800002127",="Present",="7/9/2026",
="800002132",="Present",="7/9/2026",
="800002133",="Present",="7/9/2026",
="800002134",="Present",="7/9/2026",
="800002141",="Present",="7/9/2026",
="800002143",="Present",="7/9/2026",
="800002177",="Present",="7/9/2026",
="800001325",="Absent",="7/12/2026",
="800001414",="Present",="7/12/2026",
="800001459",="Present",="7/12/2026",
="800001508",="Present",="7/12/2026",
="800001605",="Absent",="7/12/2026",
="800001740",="Present",="7/12/2026",
="800001902",="Present",="7/12/2026",
="800002005",="Present",="7/12/2026",
="800002174",="Present",="7/12/2026",
="770000737",="Present",="7/9/2026",
="800001543",="Present",="7/9/2026",
="800001723",="Present",="7/9/2026",
="800001739",="Present",="7/9/2026",
="800001846",="Present",="7/9/2026",
="800001863",="Present",="7/9/2026",
="800001943",="Present",="7/9/2026",
="800001950",="Present",="7/9/2026",
="800001985",="Present",="7/9/2026",
="800002010",="Present",="7/9/2026",
="800002011",="Present",="7/9/2026",
="800002020",="Present",="7/9/2026",
="800002021",="Present",="7/9/2026",
="800002035",="Present",="7/9/2026",
="800002053",="Present",="7/9/2026",
="800002059",="Present",="7/9/2026",
="800001443",="Present",="7/12/2026",
="800001529",="Present",="7/12/2026",
="800001681",="Present",="7/12/2026",
="800000072",="Present",="7/13/2026",
="800001066",="Present",="7/13/2026",
="800001560",="Absent",="7/13/2026",
="800001830",="Present",="7/13/2026",
="800002071",="Present",="7/13/2026",
="800002079",="Present",="7/13/2026",
="800002080",="Present",="7/13/2026",
="800002092",="Present",="7/13/2026",
="800002093",="Present",="7/13/2026",
="800002099",="Present",="7/13/2026",
="800002106",="Present",="7/13/2026",
="800002107",="Present",="7/13/2026",
="800002109",="Present",="7/13/2026",
="800002120",="Present",="7/13/2026",
="800002122",="Present",="7/13/2026",
="800002123",="Present",="7/13/2026",
="800002128",="Present",="7/13/2026",
="800002136",="Absent",="7/13/2026",
="800002142",="Absent",="7/13/2026",
="800002154",="Present",="7/13/2026",
="800002160",="Present",="7/13/2026",
="800002162",="Present",="7/13/2026",
="800002172",="Present",="7/13/2026",
="800002067",="Present",="7/13/2026",
="800001543",="Present",="7/13/2026",
="800001634",="Tardy/Late",="7/13/2026",
="800001650",="Present",="7/13/2026",
="800001723",="Absent",="7/13/2026",
="800001757",="Present",="7/13/2026",
="800001761",="Present",="7/13/2026",
="800001850",="Present",="7/13/2026",
="800001852",="Present",="7/13/2026",
="800001860",="Present",="7/13/2026",
="800001862",="Present",="7/13/2026",
="800001863",="Present",="7/13/2026",
="800001878",="Present",="7/13/2026",
="800001884",="Present",="7/13/2026",
="800001888",="Present",="7/13/2026",
="800001954",="Present",="7/13/2026",
="800002010",="Present",="7/13/2026",
="800002011",="Present",="7/13/2026",
="800002021",="Present",="7/13/2026",
="800002035",="Present",="7/13/2026",
="800002053",="Present",="7/13/2026",
="800000495",="Present",="7/12/2026",
="800000927",="Present",="7/12/2026",
="800001657",="Present",="7/12/2026",
="800002165",="Present",="7/12/2026",
="800001634",="Present",="7/13/2026",
="800002011",="Absent excused",="7/13/2026",
="800002035",="Absent",="7/13/2026",
="800002053",="Absent",="7/13/2026",
="800002007",="Present",="7/12/2026",
="800002020",="Present",="7/12/2026",
="800002035",="Present",="7/12/2026",
="800002036",="Present",="7/12/2026",
="800002042",="Present",="7/12/2026",
="800002062",="Present",="7/12/2026",
="800002133",="Present",="7/12/2026",
="800002134",="Present",="7/12/2026",
="800002144",="Present",="7/12/2026",
="800002177",="Present",="7/12/2026",
="800000463",="Present",="7/12/2026",
="800001863",="Present",="7/12/2026",
="800001985",="Present",="7/12/2026",
="800002011",="Present",="7/12/2026",
="800002017",="Absent",="7/12/2026",
="800002021",="Present",="7/12/2026",
="800002029",="Present",="7/12/2026",
="800002034",="Present",="7/12/2026",
="800002053",="Present",="7/12/2026",
="800002059",="Present",="7/12/2026",
="800002081",="Present",="7/12/2026",
="800002087",="Present",="7/12/2026",
="800002100",="Present",="7/12/2026",
="800002104",="Present",="7/12/2026",
="800002111",="Present",="7/12/2026",
="800002114",="Present",="7/12/2026",
="800002127",="Present",="7/12/2026",
="800002132",="Present",="7/12/2026",
="800002141",="Present",="7/12/2026",
="800002143",="Present",="7/12/2026",
="800000495",="Present",="7/10/2026",
="800001466",="Absent",="7/10/2026",
="800002165",="Present",="7/10/2026",
="800000927",="Present",="7/10/2026",
="800000941",="Present",="7/10/2026",
="800001325",="Absent",="7/10/2026",
="800001607",="Present",="7/10/2026",
="800001626",="Present",="7/10/2026",
="800001657",="Present",="7/10/2026",
="800001681",="Present",="7/10/2026",
="800001958",="Present",="7/13/2026",
="800001959",="Present",="7/13/2026",
="800001963",="Present",="7/13/2026",
="800001198",="Present",="7/13/2026",
="800001445",="Present",="7/13/2026",
="800001468",="Present",="7/13/2026",
="800001607",="Present",="7/13/2026",
="800001688",="Present",="7/13/2026",
="800001701",="Present",="7/13/2026",
="800001712",="Present",="7/13/2026",
="800001740",="Tardy/Late",="7/13/2026",
="800001902",="Present",="7/13/2026",
="800002005",="Present",="7/13/2026",
="800001268",="Present",="7/13/2026",
="800001502",="Present",="7/13/2026",
="800001508",="Absent",="7/13/2026",
="800001626",="Absent",="7/13/2026",
="800001657",="Tardy/Late",="7/13/2026",
="800001701",="Tardy/Late",="7/13/2026",
="800000463",="Present",="7/13/2026",
="800001845",="Present",="7/13/2026",
="800001909",="Present",="7/13/2026",
="800001998",="Present",="7/13/2026",
="800002007",="Present",="7/13/2026",
="800002034",="Present",="7/13/2026",
="800002042",="Present",="7/13/2026",
="800002049",="Present",="7/13/2026",
="800002064",="Present",="7/13/2026",
="800002081",="Present",="7/13/2026",
="800002087",="Present",="7/13/2026",
="800002088",="Present",="7/13/2026",
="800002100",="Present",="7/13/2026",
="800002104",="Present",="7/13/2026",
="800002111",="Present",="7/13/2026",
="800002114",="Present",="7/13/2026",
="800002127",="Present",="7/13/2026",
="800002132",="Present",="7/13/2026",
="800002133",="Present",="7/13/2026",
="800002134",="Present",="7/13/2026",
="800002141",="Present",="7/13/2026",
="800002143",="Present",="7/13/2026",
="800002177",="Present",="7/13/2026",
="800001560",="Present",="7/13/2026",
="800001691",="Present",="7/13/2026",
="800001950",="Present",="7/13/2026",
="800002036",="Present",="7/13/2026",
="800002144",="Present",="7/9/2026",
="800002174",="Present",="7/9/2026",
="800000754",="Present",="7/9/2026",
="800000941",="Present",="7/9/2026",
="800001368",="Present",="7/9/2026",
="800001502",="Present",="7/9/2026",
="800001626",="Present",="7/9/2026",
="800001657",="Present",="7/9/2026",
="800001701",="Present",="7/9/2026",
="800001066",="Present",="7/8/2026",
="800001560",="Present",="7/8/2026",
="800001950",="Present",="7/8/2026",
="800002036",="Present",="7/8/2026",
="800002067",="Present",="7/8/2026",
="800002109",="Present",="7/8/2026",
="800002172",="Present",="7/8/2026",
="770000737",="Present",="7/8/2026",
="800000463",="Present",="7/8/2026",
="800001845",="Present",="7/8/2026",
="800001884",="Present",="7/8/2026",
="800001888",="Present",="7/8/2026",
="800001909",="Present",="7/8/2026",
="800001943",="Present",="7/8/2026",
="800001998",="Present",="7/8/2026",
="800002007",="Present",="7/8/2026",
="800002020",="Present",="7/8/2026",
="800002023",="Present",="7/8/2026",
="800002034",="Present",="7/8/2026",
="800002042",="Present",="7/8/2026",
="800002049",="Present",="7/8/2026",
="800002064",="Present",="7/8/2026",
="800002088",="Present",="7/8/2026",
="800002100",="Present",="7/8/2026",
="800002104",="Present",="7/8/2026",
="800002111",="Present",="7/8/2026",
="800002114",="Present",="7/8/2026",
="800002127",="Present",="7/8/2026",
="800002132",="Present",="7/8/2026",
="800002133",="Present",="7/8/2026",
="800002141",="Present",="7/8/2026",
="800002177",="Present",="7/8/2026",
="800001958",="Present",="7/12/2026",
="800001959",="Present",="7/12/2026",
="800001963",="Present",="7/12/2026",
="800001066",="Present",="7/14/2026",
="800001560",="Absent",="7/14/2026",
="800001830",="Present",="7/14/2026",
="800002071",="Present",="7/14/2026",
="800002079",="Present",="7/14/2026",
="800002092",="Present",="7/14/2026",
="800002093",="Present",="7/14/2026",
="800002099",="Present",="7/14/2026",
="800002106",="Present",="7/14/2026",
="800002107",="Present",="7/14/2026",
="800002109",="Present",="7/14/2026",
="800002122",="Present",="7/14/2026",
="800002123",="Present",="7/14/2026",
="800002128",="Present",="7/14/2026",
="800002136",="Absent",="7/14/2026",
="800002142",="Present",="7/14/2026",
="800002160",="Present",="7/14/2026",
="800002162",="Present",="7/14/2026",
="800002172",="Present",="7/14/2026",
="800000072",="Present",="7/14/2026",
="800002080",="Present",="7/14/2026",
="800002120",="Present",="7/14/2026",
="800002154",="Present",="7/14/2026",
="800002067",="Present",="7/14/2026",
="800002015",="Present",="7/14/2026",
="800000072",="Present",="7/15/2026",
="800000495",="Present",="7/15/2026",
="800002015",="Present",="7/15/2026",
="800002071",="Present",="7/15/2026",
="800002079",="Present",="7/15/2026",
="800002080",="Present",="7/15/2026",
="800002092",="Present",="7/15/2026",
="800002093",="Present",="7/15/2026",
="800002099",="Tardy/Late",="7/15/2026",
="800002106",="Present",="7/15/2026",
="800002107",="Present",="7/15/2026",
="800002120",="Present",="7/15/2026",
="800002122",="Present",="7/15/2026",
="800002123",="Present",="7/15/2026",
="800002128",="Present",="7/15/2026",
="800002136",="Absent",="7/15/2026",
="800002142",="Tardy/Late",="7/15/2026",
="800002154",="Present",="7/15/2026",
="800002160",="Present",="7/15/2026",
="800002162",="Absent",="7/15/2026",
="770000737",="Present",="7/14/2026",
="800000463",="Present",="7/14/2026",
="800001757",="Present",="7/14/2026",
="800001845",="Present",="7/14/2026",
="800001884",="Present",="7/14/2026",
="800001888",="Present",="7/14/2026",
="800001909",="Present",="7/14/2026",
="800001910",="Present",="7/14/2026",
="800001943",="Present",="7/14/2026",
="800001998",="Present",="7/14/2026",
="800002007",="Present",="7/14/2026",
="800002020",="Present",="7/14/2026",
="800002023",="Present",="7/14/2026",
="800002034",="Present",="7/14/2026",
="800002042",="Present",="7/14/2026",
="800002049",="Present",="7/14/2026",
="800002064",="Present",="7/14/2026",
="800002088",="Present",="7/14/2026",
="800002100",="Present",="7/14/2026",
="800002104",="Present",="7/14/2026",
="800002111",="Present",="7/14/2026",
="800002114",="Present",="7/14/2026",
="800002127",="Present",="7/14/2026",
="800002132",="Present",="7/14/2026",
="800002133",="Present",="7/14/2026",
="800002141",="Present",="7/14/2026",
="800002177",="Present",="7/14/2026",
="800001414",="Present",="7/15/2026",
="800001445",="Present",="7/15/2026",
="800001468",="Present",="7/15/2026",
="800001508",="Present",="7/15/2026",
="800001740",="Present",="7/15/2026",
="800002144",="Present",="7/15/2026",
="800002174",="Present",="7/15/2026",
="800001466",="Present",="7/15/2026",
="800001591",="Present",="7/15/2026",
="800001198",="Present",="7/14/2026",
="800001607",="Present",="7/14/2026",
="800001657",="Present",="7/14/2026",
="800001902",="Present",="7/14/2026",
="800000495",="Present",="7/13/2026",
="800002165",="Present",="7/13/2026",
="770017870",="Present",="7/2/2026",
="800001094",="Present",="7/2/2026",
="800001268",="Absent",="7/2/2026",
="800001529",="Present",="7/2/2026",
="800001548",="Present",="7/2/2026",
="800001562",="Present",="7/2/2026",
="800001673",="Present",="7/2/2026",
="800001607",="Present",="7/15/2026",
="800001688",="Present",="7/15/2026",
="800001712",="Present",="7/15/2026",
="800001902",="Present",="7/15/2026",
="800002005",="Present",="7/15/2026",
="800001466",="Absent",="7/15/2026",
="800001958",="Present",="7/15/2026",
="800001959",="Present",="7/15/2026",
="800001963",="Present",="7/15/2026",
="800001723",="Present",="6/29/2026",
="800001723",="Present",="6/30/2026",
="800001649",="Present",="7/15/2026",
="800001691",="Present",="7/15/2026",
="800001841",="Present",="7/15/2026",
="800001842",="Present",="7/15/2026",
="800001856",="Present",="7/15/2026",
="800001874",="Present",="7/15/2026",
="800001903",="Present",="7/15/2026",
="800001905",="Present",="7/15/2026",
="800001910",="Present",="7/15/2026",
="800001955",="Present",="7/15/2026",
="800001986",="Present",="7/15/2026",
="800001987",="Present",="7/15/2026",
="800002008",="Present",="7/15/2026",
="800002017",="Present",="7/15/2026",
="800002026",="Present",="7/15/2026",
="800002029",="Present",="7/15/2026",
="800002044",="Present",="7/15/2026",
="800002062",="Present",="7/15/2026",
="800000348",="Present",="7/13/2026",
="800001114",="Present",="7/13/2026",
="800001330",="Present",="7/13/2026",
="800001439",="Present",="7/13/2026",
="800001580",="Present",="7/13/2026",
="800001623",="Present",="7/13/2026",
="800001649",="Present",="7/13/2026",
="800001689",="Present",="7/13/2026",
="800001708",="Present",="7/13/2026",
="800001714",="Absent",="7/13/2026",
="800001739",="Present",="7/13/2026",
="800001769",="Present",="7/13/2026",
="800001771",="Present",="7/13/2026",
="800001775",="Present",="7/13/2026",
="800001778",="Present",="7/13/2026",
="800001802",="Present",="7/13/2026",
="800001829",="Present",="7/13/2026",
="800001840",="Present",="7/13/2026",
="800001856",="Present",="7/13/2026",
="800001864",="Present",="7/13/2026",
="800001876",="Present",="7/13/2026",
="800001903",="Present",="7/13/2026",
="800001908",="Present",="7/13/2026",
="800001928",="Present",="7/13/2026",
="800001955",="Present",="7/13/2026",
="800001986",="Present",="7/13/2026",
="800002008",="Present",="7/13/2026",
="800002017",="Present",="7/13/2026",
="800002026",="Present",="7/13/2026",
="800002029",="Present",="7/13/2026",
="800001066",="Present",="7/15/2026",
="800001560",="Present",="7/15/2026",
="800001950",="Present",="7/15/2026",
="800002036",="Present",="7/15/2026",
="800002067",="Present",="7/15/2026",
="800002099",="Present",="7/15/2026",
="800002109",="Present",="7/15/2026",
="800002162",="Present",="7/15/2026",
="800002172",="Present",="7/15/2026",
="770000737",="Present",="7/15/2026",
="800000463",="Present",="7/15/2026",
="800001757",="Present",="7/15/2026",
="800001845",="Present",="7/15/2026",
="800001884",="Present",="7/15/2026",
="800001888",="Present",="7/15/2026",
="800001909",="Present",="7/15/2026",
="800001943",="Present",="7/15/2026",
="800001998",="Present",="7/15/2026",
="800002007",="Present",="7/15/2026",
="800002020",="Present",="7/15/2026",
="800002023",="Present",="7/15/2026",
="800002034",="Present",="7/15/2026",
="800002042",="Present",="7/15/2026",
="800002049",="Present",="7/15/2026",
="800002064",="Present",="7/15/2026",
="800002088",="Present",="7/15/2026",
="800002100",="Present",="7/15/2026",
="800002104",="Present",="7/15/2026",
="800002111",="Present",="7/15/2026",
="800002114",="Present",="7/15/2026",
="800002127",="Present",="7/15/2026",
="800002132",="Present",="7/15/2026",
="800002133",="Present",="7/15/2026",
="800002141",="Present",="7/15/2026",
="800002177",="Present",="7/15/2026",
="770000737",="Present",="7/16/2026",
="800001543",="Present",="7/16/2026",
="800001723",="Present",="7/16/2026",
="800001739",="Present",="7/16/2026",
="800001846",="Present",="7/16/2026",
="800001863",="Present",="7/16/2026",
="800001934",="Present",="7/16/2026",
="800001943",="Present",="7/16/2026",
="800001950",="Present",="7/16/2026",
="800001985",="Present",="7/16/2026",
="800002010",="Present",="7/16/2026",
="800002011",="Absent",="7/16/2026",
="800002020",="Present",="7/16/2026",
="800002021",="Present",="7/16/2026",
="800002035",="Present",="7/16/2026",
="800002036",="Present",="7/16/2026",
="800002053",="Present",="7/16/2026",
="800002059",="Present",="7/16/2026",
="800001325",="Absent",="7/16/2026",
="800001414",="Present",="7/16/2026",
="800001445",="Present",="7/16/2026",
="800001468",="Present",="7/16/2026",
="800001508",="Present",="7/16/2026",
="800001688",="Present",="7/16/2026",
="800001712",="Present",="7/16/2026",
="800001740",="Present",="7/16/2026",
="800001902",="Present",="7/16/2026",
="800002005",="Present",="7/16/2026",
="770000323",="Present",="7/15/2026",
="770000409",="Present",="7/15/2026",
="770017870",="Present",="7/15/2026",
="800000927",="Present",="7/15/2026",
="800001094",="Present",="7/15/2026",
="800001268",="Absent",="7/15/2026",
="800001410",="Present",="7/15/2026",
="800001529",="Present",="7/15/2026",
="800001548",="Present",="7/15/2026",
="800001562",="Present",="7/15/2026",
="800000774",="Present",="7/15/2026",
="800001513",="Present",="7/15/2026",
="800001114",="Absent",="7/15/2026",
="800001330",="Present",="7/15/2026",
="800001434",="Present",="7/15/2026",
="800001443",="Present",="7/15/2026",
="800001498",="Present",="7/15/2026",
="800001528",="Present",="7/15/2026",
="800001533",="Present",="7/15/2026",
="800001563",="Present",="7/15/2026",
="800001580",="Present",="7/15/2026",
="800001625",="Present",="7/15/2026",
="800001633",="Present",="7/15/2026",
="800001644",="Present",="7/15/2026",
="800001650",="Absent",="7/15/2026",
="800001665",="Present",="7/15/2026",
="800001689",="Present",="7/15/2026",
="800001695",="Present",="7/15/2026",
="800001708",="Present",="7/15/2026",
="800001710",="Present",="7/15/2026",
="800001724",="Present",="7/15/2026",
="800001729",="Present",="7/15/2026",
="800001735",="Present",="7/15/2026",
="800001761",="Present",="7/15/2026",
="800001769",="Present",="7/15/2026",
="800001771",="Present",="7/15/2026",
="800001775",="Present",="7/15/2026",
="800001778",="Present",="7/15/2026",
="800001789",="Present",="7/15/2026",
="800001798",="Present",="7/15/2026",
="800001802",="Present",="7/15/2026",
="800001803",="Present",="7/15/2026",
="800001815",="Present",="7/15/2026",
="800001821",="Present",="7/15/2026",
="800001862",="Present",="7/15/2026",
="800001892",="Present",="7/15/2026",
="800001924",="Present",="7/15/2026",
="800001925",="Present",="7/15/2026",
="800001940",="Present",="7/15/2026",
="800000754",="Present",="7/14/2026",
="800000941",="Present",="7/14/2026",
="800001368",="Present",="7/14/2026",
="800001502",="Present",="7/14/2026",
="800001562",="Present",="7/14/2026",
="800001591",="Present",="7/14/2026",
="800001673",="Present",="7/14/2026",
="800001701",="Present",="7/14/2026",
="800000722",="Present",="7/15/2026",
="800002064",="Present",="7/10/2026",
="800002081",="Present",="7/10/2026",
="800002087",="Present",="7/10/2026",
="800002133",="Present",="7/10/2026",
="800002134",="Present",="7/10/2026",
="800002143",="Present",="7/10/2026",
="800000463",="Present",="7/17/2026",
="800001845",="Present",="7/17/2026",
="800001909",="Present",="7/17/2026",
="800001998",="Present",="7/17/2026",
="800002007",="Present",="7/17/2026",
="800002034",="Present",="7/17/2026",
="800002042",="Present",="7/17/2026",
="800002049",="Present",="7/17/2026",
="800002064",="Present",="7/17/2026",
="800002081",="Present",="7/17/2026",
="800002087",="Present",="7/17/2026",
="800002088",="Present",="7/17/2026",
="800002100",="Present",="7/17/2026",
="800002104",="Present",="7/17/2026",
="800002111",="Present",="7/17/2026",
="800002114",="Present",="7/17/2026",
="800002127",="Present",="7/17/2026",
="800002132",="Present",="7/17/2026",
="800002133",="Present",="7/17/2026",
="800002134",="Present",="7/17/2026",
="800002141",="Present",="7/17/2026",
="800002143",="Present",="7/17/2026",
="800002177",="Present",="7/17/2026",
="800001623",="Present",="7/16/2026",
="800001634",="Present",="7/16/2026",
="800001714",="Present",="7/16/2026",
="800001724",="Present",="7/16/2026",
="800001821",="Present",="7/16/2026",
="800001841",="Present",="7/16/2026",
="800001842",="Present",="7/16/2026",
="800001850",="Present",="7/16/2026",
="800001860",="Present",="7/16/2026",
="800001874",="Present",="7/16/2026",
="800001884",="Present",="7/16/2026",
="800001888",="Present",="7/16/2026",
="800001924",="Present",="7/16/2026",
="800001925",="Present",="7/16/2026",
="800001940",="Present",="7/16/2026",
="800001987",="Present",="7/16/2026",
="800002023",="Present",="7/16/2026",
="800002062",="Present",="7/16/2026",
="800000495",="Present",="7/17/2026",
="800001466",="Present",="7/17/2026",
="800002165",="Present",="7/17/2026",
="800000927",="Present",="7/17/2026",
="800000941",="Present",="7/17/2026",
="800001325",="Absent",="7/17/2026",
="800001607",="Present",="7/17/2026",
="800001626",="Absent",="7/17/2026",
="800001657",="Present",="7/17/2026",
="800001681",="Present",="7/17/2026",
="770000737",="Present",="7/17/2026",
="800001691",="Present",="7/17/2026",
="800001757",="Present",="7/17/2026",
="800001845",="Absent",="7/17/2026",
="800001884",="Present",="7/17/2026",
="800001888",="Present",="7/17/2026",
="800001910",="Present",="7/17/2026",
="800001943",="Present",="7/17/2026",
="800002020",="Present",="7/17/2026",
="800002023",="Present",="7/17/2026",
="800001325",="Absent",="7/19/2026",
="800001443",="Present",="7/19/2026",
="800001459",="Present",="7/19/2026",
="800001529",="Present",="7/19/2026",
="800001681",="Present",="7/19/2026",
="800002005",="Present",="7/19/2026",
="800001638",="Present",="7/17/2026",
="800001955",="Present",="7/17/2026",
="800001986",="Present",="7/17/2026",
="800002008",="Present",="7/17/2026",
="800002044",="Present",="7/17/2026",
="800002062",="Present",="7/17/2026",
="800002144",="Present",="7/17/2026",
="800001414",="Present",="7/19/2026",
="800001508",="Present",="7/19/2026",
="800001740",="Present",="7/19/2026",
="800001902",="Present",="7/19/2026",
="800002005",="Absent",="7/19/2026",
="800002174",="Present",="7/19/2026",
="800001638",="Present",="7/10/2026",
="800001955",="Present",="7/10/2026",
="800001986",="Present",="7/10/2026",
="800002008",="Present",="7/10/2026",
="800002044",="Present",="7/10/2026",
="800002062",="Present",="7/10/2026",
="800002144",="Present",="7/10/2026",
="800000072",="Present",="7/20/2026",
="800001066",="Present",="7/20/2026",
="800001560",="Absent",="7/20/2026",
="800001830",="Present",="7/20/2026",
="800002071",="Present",="7/20/2026",
="800002079",="Present",="7/20/2026",
="800002080",="Present",="7/20/2026",
="800002092",="Present",="7/20/2026",
="800002093",="Present",="7/20/2026",
="800002099",="Present",="7/20/2026",
="800002106",="Present",="7/20/2026",
="800002107",="Present",="7/20/2026",
="800002109",="Present",="7/20/2026",
="800002120",="Present",="7/20/2026",
="800002122",="Present",="7/20/2026",
="800002123",="Present",="7/20/2026",
="800002128",="Present",="7/20/2026",
="800002136",="Absent",="7/20/2026",
="800002142",="Present",="7/20/2026",
="800002154",="Present",="7/20/2026",
="800002160",="Present",="7/20/2026",
="800002162",="Absent",="7/20/2026",
="800002172",="Present",="7/20/2026",
="800002067",="Present",="7/20/2026",
="800001439",="Present",="6/23/2026",
="800001623",="Present",="6/23/2026",
="800001649",="Present",="6/23/2026",
="800001691",="Present",="6/23/2026",
="800001829",="Present",="6/23/2026",
="800001840",="Present",="6/23/2026",
="800001842",="Present",="6/23/2026",
="800001850",="Present",="6/23/2026",
="800001856",="Present",="6/23/2026",
="800001860",="Present",="6/23/2026",
="800001864",="Present",="6/23/2026",
="800001874",="Present",="6/23/2026",
="800001903",="Present",="6/23/2026",
="800001905",="Present",="6/23/2026",
="800001908",="Present",="6/23/2026",
="800001955",="Present",="6/23/2026",
="800001986",="Present",="6/23/2026",
="800001987",="Present",="6/23/2026",
="800002008",="Present",="6/23/2026",
="800002017",="Present",="6/23/2026",
="800002026",="Present",="6/23/2026",
="800002029",="Present",="6/23/2026",
="800002062",="Present",="6/23/2026",
="800001548",="Absent",="7/14/2026",
="800001845",="Present",="6/26/2026",
="800002081",="Present",="6/26/2026",
="800002087",="Present",="6/26/2026",
="800002127",="Present",="6/26/2026",
="800002134",="Present",="6/26/2026",
="800002143",="Present",="6/26/2026",
="800001414",="Present",="6/28/2026",
="800001508",="Present",="6/28/2026",
="800001740",="Present",="6/28/2026",
="800001902",="Present",="6/28/2026",
="800002007",="Present",="7/19/2026",
="800002020",="Present",="7/19/2026",
="800002035",="Present",="7/19/2026",
="800002036",="Present",="7/19/2026",
="800002042",="Present",="7/19/2026",
="800002062",="Present",="7/19/2026",
="800002133",="Present",="7/19/2026",
="800002134",="Present",="7/19/2026",
="800002144",="Present",="7/19/2026",
="800002177",="Present",="7/19/2026",
="800000463",="Present",="7/19/2026",
="800001863",="Present",="7/19/2026",
="800001985",="Present",="7/19/2026",
="800002011",="Present",="7/19/2026",
="800002017",="Present",="7/19/2026",
="800002021",="Present",="7/19/2026",
="800002029",="Present",="7/19/2026",
="800002034",="Present",="7/19/2026",
="800002053",="Present",="7/19/2026",
="800002059",="Present",="7/19/2026",
="800002081",="Present",="7/19/2026",
="800002087",="Present",="7/19/2026",
="800002100",="Present",="7/19/2026",
="800002104",="Absent",="7/19/2026",
="800002111",="Present",="7/19/2026",
="800002114",="Present",="7/19/2026",
="800002127",="Absent",="7/19/2026",
="800002132",="Present",="7/19/2026",
="800002141",="Present",="7/19/2026",
="800002143",="Present",="7/19/2026",
="800000463",="Present",="7/16/2026",
="800001638",="Present",="7/16/2026",
="800002007",="Present",="7/16/2026",
="800002034",="Present",="7/16/2026",
="800002064",="Present",="7/16/2026",
="800002081",="Present",="7/16/2026",
="800002087",="Present",="7/16/2026",
="800002100",="Present",="7/16/2026",
="800002104",="Present",="7/16/2026",
="800002111",="Present",="7/16/2026",
="800002114",="Present",="7/16/2026",
="800002127",="Present",="7/16/2026",
="800002132",="Present",="7/16/2026",
="800002133",="Present",="7/16/2026",
="800002134",="Present",="7/16/2026",
="800002141",="Present",="7/16/2026",
="800002143",="Present",="7/16/2026",
="800002177",="Present",="7/16/2026",
="800001066",="Absent",="7/20/2026",
="800001691",="Present",="7/20/2026",
="800001950",="Absent",="7/20/2026",
="800002036",="Present",="7/20/2026",
="800002067",="Absent",="7/20/2026",
="800002162",="Present",="7/20/2026",
="800002144",="Present",="7/16/2026",
="800002174",="Present",="7/16/2026",
="800000754",="Present",="7/16/2026",
="800000941",="Present",="7/16/2026",
="800001368",="Present",="7/16/2026",
="800001626",="Present",="7/16/2026",
="800001657",="Present",="7/16/2026",
="800001701",="Present",="7/16/2026",
="800000495",="Present",="7/19/2026",
="800000927",="Present",="7/19/2026",
="800001325",="Present",="7/19/2026",
="800001657",="Present",="7/19/2026",
="800002165",="Present",="7/19/2026",
="800001958",="Absent",="7/20/2026",
="800001959",="Absent",="7/20/2026",
="800001963",="Absent",="7/20/2026",
="800001958",="Present",="7/20/2026",
="800001959",="Present",="7/20/2026",
="800001963",="Present",="7/20/2026",
="800001198",="Present",="7/20/2026",
="800001445",="Present",="7/20/2026",
="800001468",="Present",="7/20/2026",
="800001607",="Present",="7/20/2026",
="800001688",="Present",="7/20/2026",
="800001701",="Present",="7/20/2026",
="800001712",="Present",="7/20/2026",
="800001740",="Present",="7/20/2026",
="800001902",="Present",="7/20/2026",
="800002005",="Present",="7/20/2026",
="800001268",="Absent",="7/20/2026",
="800001502",="Present",="7/20/2026",
="800001508",="Absent",="7/20/2026",
="800001626",="Present",="7/20/2026",
="800001657",="Present",="7/20/2026",
="800001701",="Absent",="7/20/2026",
="800001543",="Present",="7/20/2026",
="800001634",="Present",="7/20/2026",
="800001650",="Present",="7/20/2026",
="800001757",="Present",="7/20/2026",
="800001761",="Present",="7/20/2026",
="800001850",="Present",="7/20/2026",
="800001852",="Present",="7/20/2026",
="800001860",="Present",="7/20/2026",
="800001862",="Present",="7/20/2026",
="800001863",="Present",="7/20/2026",
="800001878",="Present",="7/20/2026",
="800001884",="Present",="7/20/2026",
="800001888",="Present",="7/20/2026",
="800001954",="Present",="7/20/2026",
="800002010",="Present",="7/20/2026",
="800002011",="Absent excused",="7/20/2026",
="800002021",="Present",="7/20/2026",
="800002035",="Present",="7/20/2026",
="800002053",="Present",="7/20/2026",
="800000348",="Present",="7/20/2026",
="800001114",="Tardy/Late",="7/20/2026",
="800001330",="Present",="7/20/2026",
="800001439",="Present",="7/20/2026",
="800001580",="Present",="7/20/2026",
="800001623",="Present",="7/20/2026",
="800001649",="Present",="7/20/2026",
="800001689",="Present",="7/20/2026",
="800001708",="Present",="7/20/2026",
="800001714",="Present",="7/20/2026",
="800001739",="Present",="7/20/2026",
="800001769",="Absent",="7/20/2026",
="800001771",="Present",="7/20/2026",
="800001775",="Present",="7/20/2026",
="800001778",="Present",="7/20/2026",
="800001802",="Present",="7/20/2026",
="800001829",="Present",="7/20/2026",
="800001840",="Present",="7/20/2026",
="800001856",="Present",="7/20/2026",
="800001864",="Present",="7/20/2026",
="800001876",="Present",="7/20/2026",
="800001903",="Present",="7/20/2026",
="800001908",="Present",="7/20/2026",
="800001928",="Present",="7/20/2026",
="800001955",="Present",="7/20/2026",
="800001986",="Present",="7/20/2026",
="800002008",="Present",="7/20/2026",
="800002017",="Present",="7/20/2026",
="800002026",="Present",="7/20/2026",
="800002029",="Present",="7/20/2026",
="800001958",="Present",="7/19/2026",
="800001959",="Present",="7/19/2026",
="800001963",="Present",="7/19/2026",
="800001066",="Present",="7/21/2026",
="800001560",="Absent",="7/21/2026",
="800001830",="Present",="7/21/2026",
="800002071",="Present",="7/21/2026",
="800002079",="Present",="7/21/2026",
="800002092",="Present",="7/21/2026",
="800002093",="Present",="7/21/2026",
="800002099",="Present",="7/21/2026",
="800002106",="Present",="7/21/2026",
="800002107",="Present",="7/21/2026",
="800002109",="Present",="7/21/2026",
="800002122",="Present",="7/21/2026",
="800002123",="Present",="7/21/2026",
="800002128",="Present",="7/21/2026",
="800002136",="Absent",="7/21/2026",
="800002142",="Present",="7/21/2026",
="800002160",="Present",="7/21/2026",
="800002162",="Present",="7/21/2026",
="800002172",="Present",="7/21/2026",
="800000072",="Present",="7/21/2026",
="800002080",="Present",="7/21/2026",
="800002120",="Present",="7/21/2026",
="800002154",="Present",="7/21/2026",
="800002067",="Present",="7/21/2026",
="800001591",="Present",="6/13/2026",
="800002015",="Absent",="7/21/2026",
="800001198",="Present",="7/21/2026",
="800001607",="Present",="7/21/2026",
="800001657",="Present",="7/21/2026",
="800001902",="Present",="7/21/2026",
="800001543",="Present",="7/21/2026",
="800001634",="Present",="7/21/2026",
="800001650",="Present",="7/21/2026",
="800001757",="Present",="7/21/2026",
="800001761",="Present",="7/21/2026",
="800001850",="Present",="7/21/2026",
="800001852",="Present",="7/21/2026",
="800001860",="Present",="7/21/2026",
="800001862",="Present",="7/21/2026",
="800001863",="Present",="7/21/2026",
="800001878",="Present",="7/21/2026",
="800001884",="Present",="7/21/2026",
="800001888",="Present",="7/21/2026",
="800001954",="Present",="7/21/2026",
="800002010",="Present",="7/21/2026",
="800002011",="Absent excused",="7/21/2026",
="800002021",="Present",="7/21/2026",
="800002035",="Present",="7/21/2026",
="800002053",="Present",="7/21/2026",
="770000737",="Present",="7/21/2026",
="800000463",="Present",="7/21/2026",
="800001845",="Present",="7/21/2026",
="800001909",="Present",="7/21/2026",
="800001910",="Present",="7/21/2026",
="800001943",="Present",="7/21/2026",
="800001998",="Present",="7/21/2026",
="800002007",="Present",="7/21/2026",
="800002020",="Present",="7/21/2026",
="800002023",="Present",="7/21/2026",
="800002034",="Present",="7/21/2026",
="800002042",="Present",="7/21/2026",
="800002049",="Present",="7/21/2026",
="800002064",="Present",="7/21/2026",
="800002088",="Present",="7/21/2026",
="800002100",="Present",="7/21/2026",
="800002104",="Present",="7/21/2026",
="800002111",="Present",="7/21/2026",
="800002114",="Present",="7/21/2026",
="800002127",="Present",="7/21/2026",
="800002132",="Present",="7/21/2026",
="800002133",="Present",="7/21/2026",
="800002141",="Present",="7/21/2026",
="800002177",="Present",="7/21/2026",
="800000072",="Present",="7/22/2026",
="800000495",="Present",="7/22/2026",
="800002015",="Present",="7/22/2026",
="800002071",="Present",="7/22/2026",
="800002079",="Present",="7/22/2026",
="800002080",="Present",="7/22/2026",
="800002092",="Absent",="7/22/2026",
="800002093",="Present",="7/22/2026",
="800002099",="Present",="7/22/2026",
="800002106",="Present",="7/22/2026",
="800002107",="Present",="7/22/2026",
="800002120",="Present",="7/22/2026",
="800002122",="Present",="7/22/2026",
="800002123",="Present",="7/22/2026",
="800002128",="Present",="7/22/2026",
="800002136",="Absent",="7/22/2026",
="800002142",="Present",="7/22/2026",
="800002154",="Present",="7/22/2026",
="800002160",="Present",="7/22/2026",
="800002162",="Present",="7/22/2026",
="800001414",="Present",="7/22/2026",
="800001445",="Present",="7/22/2026",
="800001468",="Present",="7/22/2026",
="800001508",="Absent",="7/22/2026",
="800001740",="Present",="7/22/2026",
="800002144",="Present",="7/22/2026",
="800002174",="Present",="7/22/2026",
="800001508",="Present",="7/22/2026",
="800000495",="Present",="7/20/2026",
="800002165",="Present",="7/20/2026",
="800001066",="Present",="7/22/2026",
="800001560",="Present",="7/22/2026",
="800001691",="Present",="7/22/2026",
="800001950",="Present",="7/22/2026",
="800002036",="Present",="7/22/2026",
="800002067",="Present",="7/22/2026",
="800002092",="Present",="7/22/2026",
="800002109",="Present",="7/22/2026",
="800002172",="Present",="7/22/2026",
="770000737",="Present",="7/22/2026",
="800000463",="Present",="7/22/2026",
="800001757",="Present",="7/22/2026",
="800001845",="Present",="7/22/2026",
="800001884",="Present",="7/22/2026",
="800001888",="Present",="7/22/2026",
="800001909",="Present",="7/22/2026",
="800001910",="Present",="7/22/2026",
="800001943",="Present",="7/22/2026",
="800001998",="Present",="7/22/2026",
="800002007",="Present",="7/22/2026",
="800002020",="Present",="7/22/2026",
="800002023",="Present",="7/22/2026",
="800002034",="Present",="7/22/2026",
="800002042",="Present",="7/22/2026",
="800002049",="Present",="7/22/2026",
="800002064",="Present",="7/22/2026",
="800002088",="Present",="7/22/2026",
="800002100",="Present",="7/22/2026",
="800002104",="Present",="7/22/2026",
="800002111",="Present",="7/22/2026",
="800002114",="Present",="7/22/2026",
="800002127",="Present",="7/22/2026",
="800002132",="Present",="7/22/2026",
="800002133",="Present",="7/22/2026",
="800002141",="Present",="7/22/2026",
="800002177",="Present",="7/22/2026",
="800001649",="Present",="7/22/2026",
="800001691",="Absent",="7/22/2026",
="800001841",="Present",="7/22/2026",
="800001842",="Present",="7/22/2026",
="800001856",="Present",="7/22/2026",
="800001874",="Present",="7/22/2026",
="800001903",="Present",="7/22/2026",
="800001905",="Present",="7/22/2026",
="800001955",="Present",="7/22/2026",
="800001986",="Present",="7/22/2026",
="800001987",="Present",="7/22/2026",
="800002008",="Present",="7/22/2026",
="800002017",="Present",="7/22/2026",
="800002026",="Present",="7/22/2026",
="800002029",="Present",="7/22/2026",
="800002044",="Present",="7/22/2026",
="800002062",="Present",="7/22/2026",
="800000463",="Present",="7/20/2026",
="800001845",="Present",="7/20/2026",
="800001909",="Present",="7/20/2026",
="800001998",="Present",="7/20/2026",
="800002007",="Present",="7/20/2026",
="800002034",="Present",="7/20/2026",
="800002042",="Present",="7/20/2026",
="800002049",="Present",="7/20/2026",
="800002064",="Absent",="7/20/2026",
="800002081",="Present",="7/20/2026",
="800002087",="Present",="7/20/2026",
="800002088",="Present",="7/20/2026",
="800002100",="Present",="7/20/2026",
="800002104",="Present",="7/20/2026",
="800002111",="Present",="7/20/2026",
="800002114",="Present",="7/20/2026",
="800002127",="Present",="7/20/2026",
="800002132",="Present",="7/20/2026",
="800002133",="Present",="7/20/2026",
="800002134",="Present",="7/20/2026",
="800002141",="Present",="7/20/2026",
="800002143",="Present",="7/20/2026",
="800002177",="Present",="7/20/2026",
="800001466",="Present",="7/22/2026",
="800001591",="Present",="7/22/2026",
="800000774",="Present",="7/22/2026",
="800001513",="Present",="7/22/2026",
="770000323",="Present",="7/22/2026",
="770000409",="Present",="7/22/2026",
="770017870",="Present",="7/22/2026",
="800000927",="Present",="7/22/2026",
="800001094",="Present",="7/22/2026",
="800001268",="Absent",="7/22/2026",
="800001410",="Present",="7/22/2026",
="800001529",="Present",="7/22/2026",
="800001548",="Present",="7/22/2026",
="800001562",="Present",="7/22/2026",
="800001114",="Present",="7/22/2026",
="800001330",="Present",="7/22/2026",
="800001434",="Present",="7/22/2026",
="800001443",="Present",="7/22/2026",
="800001498",="Present",="7/22/2026",
="800001528",="Present",="7/22/2026",
="800001533",="Present",="7/22/2026",
="800001563",="Present",="7/22/2026",
="800001580",="Present",="7/22/2026",
="800001625",="Present",="7/22/2026",
="800001633",="Present",="7/22/2026",
="800001644",="Present",="7/22/2026",
="800001650",="Present",="7/22/2026",
="800001665",="Present",="7/22/2026",
="800001689",="Present",="7/22/2026",
="800001695",="Present",="7/22/2026",
="800001708",="Present",="7/22/2026",
="800001710",="Present",="7/22/2026",
="800001724",="Present",="7/22/2026",
="800001729",="Present",="7/22/2026",
="800001735",="Present",="7/22/2026",
="800001761",="Present",="7/22/2026",
="800001769",="Present",="7/22/2026",
="800001771",="Present",="7/22/2026",
="800001775",="Present",="7/22/2026",
="800001778",="Present",="7/22/2026",
="800001789",="Present",="7/22/2026",
="800001798",="Present",="7/22/2026",
="800001802",="Present",="7/22/2026",
="800001803",="Present",="7/22/2026",
="800001815",="Present",="7/22/2026",
="800001821",="Present",="7/22/2026",
="800001862",="Present",="7/22/2026",
="800001892",="Present",="7/22/2026",
="800001924",="Present",="7/22/2026",
="800001925",="Present",="7/22/2026",
="800001940",="Present",="7/22/2026",
="800000754",="Present",="7/21/2026",
="800000941",="Present",="7/21/2026",
="800001368",="Present",="7/21/2026",
="800001502",="Present",="7/21/2026",
="800001548",="Present",="7/21/2026",
="800001562",="Present",="7/21/2026",
="800001591",="Present",="7/21/2026",
="800001673",="Present",="7/21/2026",
="800001701",="Present",="7/21/2026",
="800001325",="No class",="7/23/2026",
="800001414",="Present",="7/23/2026",
="800001445",="Present",="7/23/2026",
="800001468",="Present",="7/23/2026",
="800001508",="Present",="7/23/2026",
="800001688",="Present",="7/23/2026",
="800001712",="Present",="7/23/2026",
="800001740",="Present",="7/23/2026",
="800001902",="Present",="7/23/2026",
="800002005",="Present",="7/23/2026",
="800002144",="Present",="7/23/2026",
="800002174",="Present",="7/23/2026",
="800000348",="Present",="7/21/2026",
="800001114",="Present",="7/21/2026",
="800001330",="Present",="7/21/2026",
="800001439",="Present",="7/21/2026",
="800001580",="Present",="7/21/2026",
="800001623",="Present",="7/21/2026",
="800001649",="Present",="7/21/2026",
="800001689",="Present",="7/21/2026",
="800001708",="Present",="7/21/2026",
="800001714",="Present",="7/21/2026",
="800001739",="Present",="7/21/2026",
="800001769",="Present",="7/21/2026",
="800001771",="Present",="7/21/2026",
="800001775",="Present",="7/21/2026",
="800001778",="Present",="7/21/2026",
="800001802",="Present",="7/21/2026",
="800001829",="Present",="7/21/2026",
="800001840",="Present",="7/21/2026",
="800001856",="Present",="7/21/2026",
="800001864",="Present",="7/21/2026",
="800001876",="Present",="7/21/2026",
="800001903",="Present",="7/21/2026",
="800001908",="Present",="7/21/2026",
="800001928",="Present",="7/21/2026",
="800001955",="Present",="7/21/2026",
="800001986",="Present",="7/21/2026",
="800002008",="Present",="7/21/2026",
="800002017",="Present",="7/21/2026",
="800002026",="Present",="7/21/2026",
="800002029",="Present",="7/21/2026",
="800001623",="Present",="7/23/2026",
="800001634",="Present",="7/23/2026",
="800001714",="Absent excused",="7/23/2026",
="800001724",="Present",="7/23/2026",
="800001821",="Tardy/Late excused",="7/23/2026",
="800001841",="Present",="7/23/2026",
="800001842",="Present",="7/23/2026",
="800001850",="Present",="7/23/2026",
="800001860",="Present",="7/23/2026",
="800001874",="Present",="7/23/2026",
="800001884",="Present",="7/23/2026",
="800001888",="Present",="7/23/2026",
="800001924",="Present",="7/23/2026",
="800001925",="Present",="7/23/2026",
="800001934",="Present",="7/23/2026",
="800001940",="Present",="7/23/2026",
="800001987",="Present",="7/23/2026",
="800002023",="Present",="7/23/2026",
="800002062",="Present",="7/23/2026",
="800001607",="Absent",="7/22/2026",
="800001688",="Present",="7/22/2026",
="800001712",="Present",="7/22/2026",
="800001902",="Present",="7/22/2026",
="800002005",="Present",="7/22/2026",
="800001466",="Absent",="7/22/2026",
="800001958",="Present",="7/22/2026",
="800001959",="Present",="7/22/2026",
="800001963",="Present",="7/22/2026",
="800000348",="Present",="7/23/2026",
="800001114",="Present",="7/23/2026",
="800001330",="Present",="7/23/2026",
="800001439",="Present",="7/23/2026",
="800001580",="Present",="7/23/2026",
="800001623",="Absent",="7/23/2026",
="800001649",="Present",="7/23/2026",
="800001708",="Present",="7/23/2026",
="800001714",="Present",="7/23/2026",
="800001739",="Present",="7/23/2026",
="800001769",="Present",="7/23/2026",
="800001771",="Present",="7/23/2026",
="800001775",="Present",="7/23/2026",
="800001778",="Absent",="7/23/2026",
="800001802",="Present",="7/23/2026",
="800001829",="Present",="7/23/2026",
="800001840",="Present",="7/23/2026",
="800001856",="Present",="7/23/2026",
="800001864",="Present",="7/23/2026",
="800001876",="Present",="7/23/2026",
="800001903",="Present",="7/23/2026",
="800001908",="Present",="7/23/2026",
="800001928",="Present",="7/23/2026",
="800001955",="Present",="7/23/2026",
="800001986",="Present",="7/23/2026",
="800002008",="Present",="7/23/2026",
="800002017",="Present",="7/23/2026",
="800002026",="Present",="7/23/2026",
="800002029",="Present",="7/23/2026",
="770000737",="Present",="7/23/2026",
="800001543",="Present",="7/23/2026",
="800001723",="Present",="7/23/2026",
="800001846",="Present",="7/23/2026",
="800001863",="Present",="7/23/2026",
="800001943",="Present",="7/23/2026",
="800001950",="Present",="7/23/2026",
="800001985",="Present",="7/23/2026",
="800002010",="Present",="7/23/2026",
="800002011",="Absent",="7/23/2026",
="800002020",="Present",="7/23/2026",
="800002021",="Present",="7/23/2026",
="800002035",="Present",="7/23/2026",
="800002036",="Present",="7/23/2026",
="800002053",="Present",="7/23/2026",
="800002059",="Present",="7/23/2026",
="800001466",="Present",="7/24/2026",
="800001591",="Present",="7/24/2026",
="800000072",="Present",="7/23/2026",
="800001066",="Present",="7/23/2026",
="800001560",="Absent",="7/23/2026",
="800002067",="Present",="7/23/2026",
="800002071",="Present",="7/23/2026",
="800002079",="Present",="7/23/2026",
="800002080",="Present",="7/23/2026",
="800002092",="Present",="7/23/2026",
="800002093",="Present",="7/23/2026",
="800002099",="Present",="7/23/2026",
="800002106",="Present",="7/23/2026",
="800002107",="Present",="7/23/2026",
="800002109",="Present",="7/23/2026",
="800002120",="Present",="7/23/2026",
="800002122",="Present",="7/23/2026",
="800002123",="Present",="7/23/2026",
="800002128",="Present",="7/23/2026",
="800002136",="Absent",="7/23/2026",
="800002154",="Present",="7/23/2026",
="800002160",="Present",="7/23/2026",
="800002162",="Present",="7/23/2026",
="800002172",="Present",="7/23/2026",
="800000754",="Present",="7/23/2026",
="800000941",="Present",="7/23/2026",
="800001368",="Present",="7/23/2026",
="800001502",="Present",="7/23/2026",
="800001508",="Absent",="7/23/2026",
="800001626",="Present",="7/23/2026",
="800001657",="Present",="7/23/2026",
="800001701",="Present",="7/23/2026",
="770000737",="Present",="7/24/2026",
="800000463",="Present",="7/24/2026",
="800001691",="Present",="7/24/2026",
="800001757",="Present",="7/24/2026",
="800001845",="Present",="7/24/2026",
="800001884",="Present",="7/24/2026",
="800001888",="Present",="7/24/2026",
="800001909",="Present",="7/24/2026",
="800001910",="Present",="7/24/2026",
="800001943",="Present",="7/24/2026",
="800001998",="Present",="7/24/2026",
="800002007",="Present",="7/24/2026",
="800002020",="Present",="7/24/2026",
="800002023",="Present",="7/24/2026",
="800002034",="Present",="7/24/2026",
="800002042",="Present",="7/24/2026",
="800002049",="Present",="7/24/2026",
="800002064",="Present",="7/24/2026",
="800002088",="Present",="7/24/2026",
="800002100",="Present",="7/24/2026",
="800002104",="Present",="7/24/2026",
="800002111",="Present",="7/24/2026",
="800002114",="Present",="7/24/2026",
="800002127",="Absent",="7/24/2026",
="800002132",="Present",="7/24/2026",
="800002133",="Present",="7/24/2026",
="800002141",="Present",="7/24/2026",
="800002177",="Present",="7/24/2026",
="800000463",="Present",="7/23/2026",
="800001638",="Present",="7/23/2026",
="800002007",="Absent",="7/23/2026",
="800002034",="Present",="7/23/2026",
="800002064",="Present",="7/23/2026",
="800002081",="Present",="7/23/2026",
="800002087",="Present",="7/23/2026",
="800002100",="Present",="7/23/2026",
="800002104",="Present",="7/23/2026",
="800002111",="Present",="7/23/2026",
="800002114",="Present",="7/23/2026",
="800002127",="Absent",="7/23/2026",
="800002132",="Present",="7/23/2026",
="800002133",="Present",="7/23/2026",
="800002134",="Present",="7/23/2026",
="800002141",="Present",="7/23/2026",
="800002143",="Present",="7/23/2026",
="800002177",="Present",="7/23/2026",
="800000348",="Present",="7/25/2026",
="800001689",="Present",="7/25/2026",
="800001771",="Present",="7/25/2026",
="800001852",="Present",="7/25/2026",
="800001863",="Present",="7/25/2026",
="800001864",="Present",="7/25/2026",
="800001908",="Present",="7/25/2026",
="800002029",="Present",="7/25/2026",
="800002035",="Absent",="7/25/2026",
="800001580",="Present",="7/25/2026",
="800001757",="Present",="7/25/2026",
="800001860",="Present",="7/25/2026",
="800001862",="Present",="7/25/2026",
="800001878",="Present",="7/25/2026",
="800001954",="Present",="7/25/2026",
="800002008",="Present",="7/25/2026",
="800002010",="Absent excused",="7/25/2026",
="800002011",="No class",="7/25/2026",
="800001325",="Absent",="7/26/2026",
="800001443",="Present",="7/26/2026",
="800001459",="Present",="7/26/2026",
="800001529",="Present",="7/26/2026",
="800001681",="Present",="7/26/2026",
="800002005",="Present",="7/26/2026",
="800001638",="Absent",="7/24/2026",
="800001955",="Present",="7/24/2026",
="800001986",="Present",="7/24/2026",
="800002008",="Absent",="7/24/2026",
="800002044",="Present",="7/24/2026",
="800002062",="Present",="7/24/2026",
="800002144",="Present",="7/24/2026",
="800001414",="Present",="7/26/2026",
="800001508",="Present",="7/26/2026",
="800001740",="Present",="7/26/2026",
="800001902",="Present",="7/26/2026",
="800002005",="Absent",="7/26/2026",
="800002174",="Present",="7/26/2026",
="800000348",="Present",="7/27/2026",
="800001689",="Present",="7/27/2026",
="800001771",="Present",="7/27/2026",
="800001852",="Present",="7/27/2026",
="800001863",="Present",="7/27/2026",
="800001864",="Present",="7/27/2026",
="800001908",="Present",="7/27/2026",
="800002029",="Present",="7/27/2026",
="800002035",="Present",="7/27/2026",
="800001958",="Present",="7/26/2026",
="800001959",="Present",="7/26/2026",
="800001963",="Present",="7/26/2026",
="800000495",="Present",="7/24/2026",
="800001466",="Absent",="7/24/2026",
="800002165",="Present",="7/24/2026",
="800000927",="Present",="7/24/2026",
="800000941",="Present",="7/24/2026",
="800001325",="Absent",="7/24/2026",
="800001607",="Absent",="7/24/2026",
="800001626",="Present",="7/24/2026",
="800001657",="Present",="7/24/2026",
="800001681",="Present",="7/24/2026",
="800000495",="Present",="7/26/2026",
="800000927",="Present",="7/26/2026",
="800001325",="Present",="7/26/2026",
="800001657",="Present",="7/26/2026",
="800002165",="Present",="7/26/2026",
="800000463",="Present",="7/26/2026",
="800001863",="Present",="7/26/2026",
="800001985",="Present",="7/26/2026",
="800002011",="Present",="7/26/2026",
="800002017",="Present",="7/26/2026",
="800002021",="Present",="7/26/2026",
="800002029",="Present",="7/26/2026",
="800002034",="Present",="7/26/2026",
="800002053",="Present",="7/26/2026",
="800002059",="Present",="7/26/2026",
="800002081",="Present",="7/26/2026",
="800002087",="Present",="7/26/2026",
="800002100",="Present",="7/26/2026",
="800002104",="Absent",="7/26/2026",
="800002111",="Present",="7/26/2026",
="800002114",="Present",="7/26/2026",
="800002127",="Present",="7/26/2026",
="800002132",="Present",="7/26/2026",
="800002141",="Present",="7/26/2026",
="800002143",="Present",="7/26/2026",
="800002007",="Present",="7/26/2026",
="800002020",="Present",="7/26/2026",
="800002035",="Present",="7/26/2026",
="800002036",="Present",="7/26/2026",
="800002042",="Present",="7/26/2026",
="800002062",="Present",="7/26/2026",
="800002133",="Present",="7/26/2026",
="800002134",="Present",="7/26/2026",
="800002144",="Present",="7/26/2026",
="800002177",="Present",="7/26/2026",
="800000072",="Present",="7/27/2026",
="800001066",="Present",="7/27/2026",
="800001560",="Present",="7/27/2026",
="800001691",="Present",="7/27/2026",
="800001950",="Present",="7/27/2026",
="800002036",="Present",="7/27/2026",
="800002067",="Present",="7/27/2026",
="800002071",="Present",="7/27/2026",
="800002079",="Present",="7/27/2026",
="800002080",="Present",="7/27/2026",
="800002092",="Present",="7/27/2026",
="800002093",="Present",="7/27/2026",
="800002099",="Present",="7/27/2026",
="800002106",="Present",="7/27/2026",
="800002107",="Present",="7/27/2026",
="800002109",="Present",="7/27/2026",
="800002120",="Present",="7/27/2026",
="800002122",="Present",="7/27/2026",
="800002123",="Present",="7/27/2026",
="800002128",="Present",="7/27/2026",
="800002136",="Absent",="7/27/2026",
="800002154",="Present",="7/27/2026",
="800002160",="Present",="7/27/2026",
="800002162",="Present",="7/27/2026",
="800002172",="Present",="7/27/2026",
="770000737",="Present",="7/28/2026",
="800000463",="Present",="7/28/2026",
="800001757",="Present",="7/28/2026",
="800001845",="Present",="7/28/2026",
="800001884",="Present",="7/28/2026",
="800001888",="Present",="7/28/2026",
="800001909",="Present",="7/28/2026",
="800001910",="Present",="7/28/2026",
="800001943",="Present",="7/28/2026",
="800001998",="Present",="7/28/2026",
="800002007",="Present",="7/28/2026",
="800002020",="Present",="7/28/2026",
="800002023",="Present",="7/28/2026",
="800002034",="Present",="7/28/2026",
="800002042",="Present",="7/28/2026",
="800002049",="Present",="7/28/2026",
="800002064",="Present",="7/28/2026",
="800002088",="Present",="7/28/2026",
="800002100",="Present",="7/28/2026",
="800002104",="Present",="7/28/2026",
="800002111",="Present",="7/28/2026",
="800002114",="Present",="7/28/2026",
="800002127",="Present",="7/28/2026",
="800002132",="Present",="7/28/2026",
="800002133",="Present",="7/28/2026",
="800002141",="Present",="7/28/2026",
="800002177",="Present",="7/28/2026",
="800001543",="Present",="7/27/2026",
="800001634",="Present",="7/27/2026",
="800001650",="Present",="7/27/2026",
="800001757",="Present",="7/27/2026",
="800001761",="Present",="7/27/2026",
="800001850",="Present",="7/27/2026",
="800001860",="Present",="7/27/2026",
="800001862",="Present",="7/27/2026",
="800001878",="Present",="7/27/2026",
="800001884",="Present",="7/27/2026",
="800001888",="Present",="7/27/2026",
="800001954",="Present",="7/27/2026",
="800002010",="Present",="7/27/2026",
="800002011",="Present",="7/27/2026",
="800002021",="Present",="7/27/2026",
="800002053",="Present",="7/27/2026",
="800001439",="Present",="7/27/2026",
="800001714",="Present",="7/27/2026",
="800001778",="Present",="7/27/2026",
="800001840",="Present",="7/27/2026",
="800001856",="Present",="7/27/2026",
="800001903",="Present",="7/27/2026",
="800002026",="Present",="7/27/2026",
="800001439",="Present",="7/28/2026",
="800001714",="Present",="7/28/2026",
="800001778",="Present",="7/28/2026",
="800001840",="Present",="7/28/2026",
="800001856",="Present",="7/28/2026",
="800001903",="Present",="7/28/2026",
="800002026",="Present",="7/28/2026",
="800001580",="Present",="7/28/2026",
="800001860",="Present",="7/28/2026",
="800001862",="Present",="7/28/2026",
="800001878",="Present",="7/28/2026",
="800001954",="Present",="7/28/2026",
="800002008",="Present",="7/28/2026",
="800002010",="Present",="7/28/2026",
="800002011",="Present",="7/28/2026",
="800001198",="Present",="7/28/2026",
="800001607",="Present",="7/28/2026",
="800001657",="Present",="7/28/2026",
="800001902",="Present",="7/28/2026",
="800000495",="Present",="7/27/2026",
="800002165",="Present",="7/27/2026",
="800000722",="Present",="7/22/2026",
="800000722",="Present",="7/29/2026",
="800001513",="Present",="7/29/2026",
="800000072",="Present",="7/29/2026",
="800001066",="Present",="7/29/2026",
="800001560",="Present",="7/29/2026",
="800001691",="Absent",="7/29/2026",
="800001950",="Present",="7/29/2026",
="800002036",="Present",="7/29/2026",
="800002067",="Present",="7/29/2026",
="800002071",="Present",="7/29/2026",
="800002079",="Present",="7/29/2026",
="800002080",="Present",="7/29/2026",
="800002092",="Present",="7/29/2026",
="800002093",="Present",="7/29/2026",
="800002099",="Present",="7/29/2026",
="800002106",="Present",="7/29/2026",
="800002107",="Present",="7/29/2026",
="800002109",="Present",="7/29/2026",
="800002120",="Present",="7/29/2026",
="800002122",="Present",="7/29/2026",
="800002123",="Present",="7/29/2026",
="800002128",="Present",="7/29/2026",
="800002136",="Absent",="7/29/2026",
="800002154",="Present",="7/29/2026",
="800002160",="Present",="7/29/2026",
="800002162",="Present",="7/29/2026",
="800002172",="Present",="7/29/2026",
="800001445",="Present",="7/28/2026",
="800001740",="Present",="7/28/2026",
="800002005",="Present",="7/28/2026",
="800002114",="Present",="7/27/2026",
="800002127",="Present",="7/27/2026",
="800002132",="Present",="7/27/2026",
="800002133",="Present",="7/27/2026",
="800002134",="Present",="7/27/2026",
="800002141",="Present",="7/27/2026",
="800002143",="Present",="7/27/2026",
="800002177",="Present",="7/27/2026",
="800001445",="Present",="7/29/2026",
="800001468",="Present",="7/29/2026",
="800001607",="Present",="7/29/2026",
="800001688",="Present",="7/29/2026",
="800001712",="Present",="7/29/2026",
="800001740",="Present",="7/29/2026",
="800001902",="Present",="7/29/2026",
="800002005",="Present",="7/29/2026",
="800001466",="Absent",="7/29/2026",
="800001958",="Present",="7/29/2026",
="800001959",="Present",="7/29/2026",
="800001963",="Present",="7/29/2026",
="800000495",="Present",="7/29/2026",
="800002015",="Tardy/Late",="7/29/2026",
="800002142",="Present",="7/29/2026",
="770000737",="Present",="7/29/2026",
="800000463",="Present",="7/29/2026",
="800001757",="Absent",="7/29/2026",
="800001845",="Present",="7/29/2026",
="800001884",="Present",="7/29/2026",
="800001888",="Present",="7/29/2026",
="800001909",="Present",="7/29/2026",
="800001910",="Present",="7/29/2026",
="800001943",="Present",="7/29/2026",
="800001998",="Present",="7/29/2026",
="800002007",="Present",="7/29/2026",
="800002020",="Present",="7/29/2026",
="800002023",="Present",="7/29/2026",
="800002034",="Present",="7/29/2026",
="800002042",="Present",="7/29/2026",
="800002049",="Present",="7/29/2026",
="800002064",="Present",="7/29/2026",
="800002088",="Present",="7/29/2026",
="800002100",="Present",="7/29/2026",
="800002104",="Present",="7/29/2026",
="800002111",="Present",="7/29/2026",
="800002114",="Present",="7/29/2026",
="800002127",="Present",="7/29/2026",
="800002132",="Present",="7/29/2026",
="800002133",="Present",="7/29/2026",
="800002141",="Present",="7/29/2026",
="800002177",="Present",="7/29/2026",
="800001466",="Present",="7/29/2026",
="800001591",="Present",="7/29/2026",
="800001543",="Present",="7/30/2026",
="800001623",="Present",="7/30/2026",
="800001739",="Present",="7/30/2026",
="800001761",="Present",="7/30/2026",
="800001769",="Present",="7/30/2026",
="800001775",="Present",="7/30/2026",
="800001874",="Absent",="7/30/2026",
="800001928",="Present",="7/30/2026",
="800002021",="Present",="7/30/2026",
="800001325",="Present",="7/30/2026",
="800001414",="Present",="7/30/2026",
="800001445",="Present",="7/30/2026",
="800001468",="Present",="7/30/2026",
="800001508",="Present",="7/30/2026",
="800001688",="Present",="7/30/2026",
="800001712",="Present",="7/30/2026",
="800001740",="Present",="7/30/2026",
="800001902",="Present",="7/30/2026",
="800002005",="Present",="7/30/2026",
="800001623",="Present",="7/27/2026",
="800001739",="Present",="7/27/2026",
="800001769",="Present",="7/27/2026",
="800001775",="Present",="7/27/2026",
="800001874",="Absent",="7/27/2026",
="800001928",="Present",="7/27/2026",
="800001439",="Present",="7/25/2026",
="800001714",="Present",="7/25/2026",
="800001778",="Present",="7/25/2026",
="800001840",="Present",="7/25/2026",
="800001856",="Present",="7/25/2026",
="800001903",="Present",="7/25/2026",
="800002026",="Present",="7/25/2026",
="800000754",="Present",="7/30/2026",
="800000941",="Present",="7/30/2026",
="800001368",="Present",="7/30/2026",
="800001502",="Present",="7/30/2026",
="800001626",="Present",="7/30/2026",
="800001657",="Present",="7/30/2026",
="800001701",="Present",="7/30/2026",
="800001502",="Present",="7/16/2026",
="800001634",="Present",="7/30/2026",
="800001714",="Present",="7/30/2026",
="800001724",="Present",="7/30/2026",
="800001821",="Present",="7/30/2026",
="800001841",="Present",="7/30/2026",
="800001842",="Present",="7/30/2026",
="800001850",="Present",="7/30/2026",
="800001860",="Present",="7/30/2026",
="800001874",="Present",="7/30/2026",
="800001884",="Present",="7/30/2026",
="800001888",="Present",="7/30/2026",
="800001924",="Present",="7/30/2026",
="800001925",="Present",="7/30/2026",
="800001934",="Present",="7/30/2026",
="800001940",="Present",="7/30/2026",
="800001987",="Present",="7/30/2026",
="800002023",="Present",="7/30/2026",
="800002062",="Present",="7/30/2026",
="800001114",="Present",="7/27/2026",
="800001330",="Present",="7/27/2026",
="800001649",="Present",="7/27/2026",
="800001708",="Present",="7/27/2026",
="800001802",="Present",="7/27/2026",
="800001829",="Present",="7/27/2026",
="800001876",="Present",="7/27/2026",
="800001986",="Present",="7/27/2026",
="800000348",="Present",="6/25/2026",
="800001434",="Present",="6/25/2026",
="800001439",="Present",="6/25/2026",
="800001735",="Present",="6/25/2026",
="800001771",="Present",="6/25/2026",
="800001815",="Present",="6/25/2026",
="800001829",="Present",="6/25/2026",
="800001840",="Present",="6/25/2026",
="800001852",="Present",="6/25/2026",
="800001856",="Present",="6/25/2026",
="800001862",="Present",="6/25/2026",
="800001864",="Present",="6/25/2026",
="800001876",="Present",="6/25/2026",
="800001878",="Present",="6/25/2026",
="800001892",="Present",="6/25/2026",
="800001905",="Present",="6/25/2026",
="800001908",="Present",="6/25/2026",
="800001928",="Present",="6/25/2026",
="800001954",="Present",="6/25/2026",
="800001543",="Present",="7/14/2026",
="800001634",="Present",="7/14/2026",
="800001650",="Present",="7/14/2026",
="800001761",="Present",="7/14/2026",
="800001850",="Present",="7/14/2026",
="800001852",="Present",="7/14/2026",
="800001860",="Present",="7/14/2026",
="800001862",="Present",="7/14/2026",
="800001863",="Present",="7/14/2026",
="800001878",="Present",="7/14/2026",
="800001954",="Present",="7/14/2026",
="800002010",="Present",="7/14/2026",
="800002011",="Present",="7/14/2026",
="800002021",="Present",="7/14/2026",
="800002035",="Present",="7/14/2026",
="800002053",="Present",="7/14/2026",
="800000348",="Present",="7/14/2026",
="800001114",="Present",="7/14/2026",
="800001330",="Present",="7/14/2026",
="800001439",="Present",="7/14/2026",
="800001580",="Present",="7/14/2026",
="800001623",="Present",="7/14/2026",
="800001649",="Present",="7/14/2026",
="800001689",="Present",="7/14/2026",
="800001708",="Present",="7/14/2026",
="800001714",="Present",="7/14/2026",
="800001739",="Present",="7/14/2026",
="800001769",="Present",="7/14/2026",
="800001771",="Present",="7/14/2026",
="800001775",="Present",="7/14/2026",
="800001778",="Present",="7/14/2026",
="800001802",="Present",="7/14/2026",
="800001829",="Present",="7/14/2026",
="800001840",="Present",="7/14/2026",
="800001856",="Present",="7/14/2026",
="800001864",="Present",="7/14/2026",
="800001876",="Present",="7/14/2026",
="800001903",="Present",="7/14/2026",
="800001908",="Present",="7/14/2026",
="800001928",="Present",="7/14/2026",
="800001955",="Present",="7/14/2026",
="800001986",="Present",="7/14/2026",
="800002008",="Present",="7/14/2026",
="800002017",="Present",="7/14/2026",
="800002026",="Present",="7/14/2026",
="800002029",="Present",="7/14/2026",
="800001580",="Present",="7/27/2026",
="800001955",="Present",="7/27/2026",
="800002008",="Present",="7/27/2026",
="800002017",="Present",="7/27/2026",
="800001543",="Present",="7/28/2026",
="800001634",="Present",="7/28/2026",
="800001650",="Present",="7/28/2026",
="800001761",="Present",="7/28/2026",
="800001850",="Present",="7/28/2026",
="800001852",="Present",="7/28/2026",
="800001863",="Present",="7/28/2026",
="800002021",="Present",="7/28/2026",
="800002035",="Present",="7/28/2026",
="800002053",="Present",="7/28/2026",
="800000348",="Present",="7/28/2026",
="800001114",="Present",="7/28/2026",
="800001330",="Present",="7/28/2026",
="800001623",="Present",="7/28/2026",
="800001649",="Present",="7/28/2026",
="800001689",="Present",="7/28/2026",
="800001708",="Present",="7/28/2026",
="800001739",="Present",="7/28/2026",
="800001769",="Present",="7/28/2026",
="800001771",="Present",="7/28/2026",
="800001775",="Present",="7/28/2026",
="800001802",="Present",="7/28/2026",
="800001829",="Present",="7/28/2026",
="800001864",="Present",="7/28/2026",
="800001876",="Present",="7/28/2026",
="800001908",="Present",="7/28/2026",
="800001928",="Present",="7/28/2026",
="800001955",="Present",="7/28/2026",
="800001986",="Present",="7/28/2026",
="800002017",="Present",="7/28/2026",
="800002029",="Present",="7/28/2026",
="800001638",="Absent",="7/31/2026",
="800001955",="Absent",="7/31/2026",
="800001986",="Present",="7/31/2026",
="800002008",="Present",="7/31/2026",
="800002044",="Present",="7/31/2026",
="800002062",="Absent",="7/31/2026",
="800002144",="Present",="7/31/2026",
="800001066",="Present",="7/28/2026",
="800001560",="Present",="7/28/2026",
="800001830",="Present",="7/28/2026",
="800002071",="Present",="7/28/2026",
="800002079",="Present",="7/28/2026",
="800002092",="Present",="7/28/2026",
="800002093",="Present",="7/28/2026",
="800002099",="Present",="7/28/2026",
="800002106",="Present",="7/28/2026",
="800002107",="Present",="7/28/2026",
="800002109",="Present",="7/28/2026",
="800002122",="Present",="7/28/2026",
="800002123",="Present",="7/28/2026",
="800002128",="Present",="7/28/2026",
="800002136",="Absent",="7/28/2026",
="800002142",="Present",="7/28/2026",
="800002160",="Present",="7/28/2026",
="800002162",="Present",="7/28/2026",
="800002172",="Present",="7/28/2026",
="800000072",="Present",="7/28/2026",
="800002080",="Present",="7/28/2026",
="800002120",="Present",="7/28/2026",
="800002154",="Present",="7/28/2026",
="800002067",="Present",="7/28/2026",
="800002049",="Present",="8/1/2026",
="800002064",="Present",="8/1/2026",
="800002081",="Present",="8/1/2026",
="800002087",="Present",="8/1/2026",
="800002088",="Present",="8/1/2026",
="800002100",="Present",="8/1/2026",
="800002104",="Present",="8/1/2026",
="800002111",="Present",="8/1/2026",
="800000495",="Present",="7/31/2026",
="800001466",="Absent",="7/31/2026",
="800002165",="Present",="7/31/2026",
="800001439",="Present",="8/1/2026",
="800001714",="Present",="8/1/2026",
="800001778",="Present",="8/1/2026",
="800001840",="Present",="8/1/2026",
="800001856",="Present",="8/1/2026",
="800001903",="Present",="8/1/2026",
="800002026",="Present",="8/1/2026",
="800001468",="Present",="8/1/2026",
="800001688",="Present",="8/1/2026",
="800001712",="Present",="8/1/2026",
="800001580",="Present",="8/1/2026",
="800001757",="Present",="8/1/2026",
="800001860",="Absent excused",="8/1/2026",
="800001862",="Present",="8/1/2026",
="800001878",="Present",="8/1/2026",
="800001954",="Present",="8/1/2026",
="800002008",="Present",="8/1/2026",
="800002010",="Present",="8/1/2026",
="800002011",="Present",="8/1/2026",
="800001325",="Absent",="8/2/2026",
="800001443",="Absent",="8/2/2026",
="800001459",="Present",="8/2/2026",
="800001529",="Present",="8/2/2026",
="800001681",="Present",="8/2/2026",
="800002005",="Present",="8/2/2026",
="800001560",="Absent",="7/28/2026",
="800002015",="Absent",="7/28/2026",
="800000463",="Present",="7/30/2026",
="800001638",="Absent",="7/30/2026",
="800002007",="Present",="7/30/2026",
="800002034",="Present",="7/30/2026",
="800002064",="Present",="7/30/2026",
="800002081",="Present",="7/30/2026",
="800002087",="Present",="7/30/2026",
="800002100",="Present",="7/30/2026",
="800002104",="Present",="7/30/2026",
="800002111",="Present",="7/30/2026",
="800002114",="Present",="7/30/2026",
="800002127",="Absent",="7/30/2026",
="800002132",="Present",="7/30/2026",
="800002133",="Present",="7/30/2026",
="800002134",="Present",="7/30/2026",
="800002141",="Present",="7/30/2026",
="800002143",="Present",="7/30/2026",
="800002177",="Present",="7/30/2026",
="800001958",="Present",="8/2/2026",
="800001959",="Present",="8/2/2026",
="800001963",="Present",="8/2/2026",
="800001414",="Present",="8/2/2026",
="800001508",="Present",="8/2/2026",
="800001740",="Present",="8/2/2026",
="800001902",="Absent",="8/2/2026",
="800002174",="Present",="8/2/2026",
="800001649",="Present",="7/29/2026",
="800001841",="Present",="7/29/2026",
="800001842",="Present",="7/29/2026",
="800001856",="Present",="7/29/2026",
="800001874",="Present",="7/29/2026",
="800001903",="Present",="7/29/2026",
="800001905",="Present",="7/29/2026",
="800001955",="Present",="7/29/2026",
="800001986",="Absent",="7/29/2026",
="800001987",="Present",="7/29/2026",
="800002008",="Present",="7/29/2026",
="800002017",="Present",="7/29/2026",
="800002026",="Present",="7/29/2026",
="800002029",="Present",="7/29/2026",
="800002044",="Present",="7/29/2026",
="800002062",="Present",="7/29/2026",
="800001414",="Present",="7/29/2026",
="800001508",="Present",="7/29/2026",
="800002144",="Present",="7/29/2026",
="800002174",="Present",="7/29/2026",
="800001634",="Present",="8/2/2026",
="800001650",="Present",="8/2/2026",
="800001850",="Present",="8/2/2026",
="800001884",="Present",="8/2/2026",
="800001888",="Present",="8/2/2026",
="800001934",="Absent",="8/2/2026",
="800001955",="Present",="8/2/2026",
="800002017",="Absent",="8/2/2026",
="800002035",="Present",="8/2/2026",
="800002053",="Present",="8/2/2026",
="770000737",="Present",="7/30/2026",
="800001723",="Present",="7/30/2026",
="800001846",="Present",="7/30/2026",
="800001863",="Present",="7/30/2026",
="800001943",="Present",="7/30/2026",
="800001950",="Present",="7/30/2026",
="800001985",="Present",="7/30/2026",
="800002010",="Absent",="7/30/2026",
="800002011",="Present",="7/30/2026",
="800002020",="Present",="7/30/2026",
="800002035",="Present",="7/30/2026",
="800002036",="Present",="7/30/2026",
="800002053",="Present",="7/30/2026",
="800002059",="Present",="7/30/2026",
="800001958",="Present",="6/19/2026",
="800001959",="Present",="6/19/2026",
="800001963",="Present",="6/19/2026",
="800001958",="Present",="6/20/2026",
="800001959",="Present",="6/20/2026",
="800001963",="Present",="6/20/2026",
="800001934",="Present",="7/27/2026",
="800000754",="Present",="8/1/2026",
="800000941",="Present",="8/1/2026",
="800001368",="Present",="8/1/2026",
="800001508",="Present",="8/1/2026",
="800001626",="Present",="8/1/2026",
="800001657",="Present",="8/1/2026",
="800001543",="Present",="8/3/2026",
="800001623",="Present",="8/3/2026",
="800001739",="Present",="8/3/2026",
="800001761",="Present",="8/3/2026",
="800001769",="Present",="8/3/2026",
="800001775",="Present",="8/3/2026",
="800001874",="Absent",="8/3/2026",
="800001928",="Present",="8/3/2026",
="800002021",="Present",="8/3/2026",
="800000495",="Present",="8/2/2026",
="800000927",="Present",="8/2/2026",
="800001657",="Present",="8/2/2026",
="800002165",="Present",="8/2/2026",
="800002007",="Present",="8/2/2026",
="800002020",="Present",="8/2/2026",
="800002036",="Present",="8/2/2026",
="800002042",="Present",="8/2/2026",
="800002062",="Present",="8/2/2026",
="800002133",="Present",="8/2/2026",
="800002134",="Present",="8/2/2026",
="800002144",="Present",="8/2/2026",
="800002177",="Present",="8/2/2026",
="800000463",="Present",="8/2/2026",
="800001863",="Present",="8/2/2026",
="800001985",="Present",="8/2/2026",
="800002011",="Present",="8/2/2026",
="800002021",="Present",="8/2/2026",
="800002029",="Present",="8/2/2026",
="800002034",="Present",="8/2/2026",
="800002059",="Present",="8/2/2026",
="800002081",="Present",="8/2/2026",
="800002087",="Present",="8/2/2026",
="800002100",="Present",="8/2/2026",
="800002104",="Present",="8/2/2026",
="800002111",="Present",="8/2/2026",
="800002114",="Present",="8/2/2026",
="800002127",="Absent",="8/2/2026",
="800002132",="Present",="8/2/2026",
="800002141",="Present",="8/2/2026",
="800002143",="Present",="8/2/2026",
="800001634",="Absent",="7/31/2026",
="800001650",="Present",="7/31/2026",
="800001850",="No class",="7/31/2026",
="800001884",="Present",="7/31/2026",
="800001888",="Present",="7/31/2026",
="800001934",="Absent",="7/31/2026",
="800001955",="Present",="7/31/2026",
="800002017",="Absent",="7/31/2026",
="800002035",="Present",="7/31/2026",
="800002053",="Present",="7/31/2026",
="800000927",="Present",="7/31/2026",
="800000941",="Present",="7/31/2026",
="800001325",="Absent",="7/31/2026",
="800001607",="Present",="7/31/2026",
="800001626",="Present",="7/31/2026",
="800001657",="Present",="7/31/2026",
="800001681",="Present",="7/31/2026",
="800001466",="Absent",="7/28/2026",
="800001958",="Present",="7/28/2026",
="800001959",="Present",="7/28/2026",
="800001963",="Present",="7/28/2026",
="800001634",="Absent",="7/26/2026",
="800001650",="Present",="7/26/2026",
="800001850",="Present",="7/26/2026",
="800001884",="Present",="7/26/2026",
="800001888",="Present",="7/26/2026",
="800001934",="Absent",="7/26/2026",
="800001955",="Present",="7/26/2026",
="800002017",="Absent",="7/26/2026",
="800000463",="Present",="8/3/2026",
="800001845",="Present",="8/3/2026",
="800001909",="Present",="8/3/2026",
="800001998",="Present",="8/3/2026",
="800002007",="Present",="8/3/2026",
="800002034",="Present",="8/3/2026",
="800002042",="Present",="8/3/2026",
="800002049",="Present",="8/3/2026",
="800002064",="Present",="8/3/2026",
="800002081",="Present",="8/3/2026",
="800002087",="Present",="8/3/2026",
="800002088",="Present",="8/3/2026",
="800002100",="Present",="8/3/2026",
="800002104",="Present",="8/3/2026",
="800002111",="Present",="8/3/2026",
="800002114",="Present",="8/3/2026",
="800002127",="Absent",="8/3/2026",
="800002132",="Present",="8/3/2026",
="800002133",="Present",="8/3/2026",
="800002134",="Present",="8/3/2026",
="800002141",="Present",="8/3/2026",
="800002143",="Present",="8/3/2026",
="800002177",="Present",="8/3/2026",
="800000774",="Present",="7/29/2026",
="770000323",="Present",="7/29/2026",
="770000409",="Present",="7/29/2026",
="770017870",="Present",="7/29/2026",
="800000927",="Present",="7/29/2026",
="800001094",="Present",="7/29/2026",
="800001268",="Absent",="7/29/2026",
="800001410",="Present",="7/29/2026",
="800001529",="Present",="7/29/2026",
="800001548",="Present",="7/29/2026",
="800001562",="Present",="7/29/2026",
="800001114",="Present",="7/29/2026",
="800001330",="Present",="7/29/2026",
="800001434",="Present",="7/29/2026",
="800001443",="Present",="7/29/2026",
="800001498",="Present",="7/29/2026",
="800001528",="Present",="7/29/2026",
="800001533",="Present",="7/29/2026",
="800001563",="Present",="7/29/2026",
="800001580",="Absent",="7/29/2026",
="800001625",="Present",="7/29/2026",
="800001633",="Present",="7/29/2026",
="800001644",="Present",="7/29/2026",
="800001650",="Present",="7/29/2026",
="800001665",="Present",="7/29/2026",
="800001689",="Present",="7/29/2026",
="800001695",="Present",="7/29/2026",
="800001708",="Present",="7/29/2026",
="800001710",="Present",="7/29/2026",
="800001724",="Present",="7/29/2026",
="800001729",="Present",="7/29/2026",
="800001735",="Present",="7/29/2026",
="800001757",="Present",="7/29/2026",
="800001761",="Present",="7/29/2026",
="800001769",="Present",="7/29/2026",
="800001771",="Present",="7/29/2026",
="800001775",="Present",="7/29/2026",
="800001778",="Present",="7/29/2026",
="800001789",="Present",="7/29/2026",
="800001798",="Present",="7/29/2026",
="800001802",="Absent",="7/29/2026",
="800001803",="Present",="7/29/2026",
="800001815",="Present",="7/29/2026",
="800001821",="Present",="7/29/2026",
="800001862",="Present",="7/29/2026",
="800001892",="Present",="7/29/2026",
="800001924",="Present",="7/29/2026",
="800001925",="Present",="7/29/2026",
="800001940",="Present",="7/29/2026",
="800000348",="Present",="8/3/2026",
="800001689",="Present",="8/3/2026",
="800001771",="Present",="8/3/2026",
="800001852",="Present",="8/3/2026",
="800001863",="Present",="8/3/2026",
="800001864",="Present",="8/3/2026",
="800001908",="Present",="8/3/2026",
="800002029",="Present",="8/3/2026",
="800002035",="Present",="8/3/2026",
="800001066",="Present",="8/4/2026",
="800001560",="Present",="8/4/2026",
="800001830",="Present",="8/4/2026",
="800002071",="Present",="8/4/2026",
="800002079",="Present",="8/4/2026",
="800002092",="Present",="8/4/2026",
="800002093",="Present",="8/4/2026",
="800002099",="Present",="8/4/2026",
="800002106",="Present",="8/4/2026",
="800002107",="Present",="8/4/2026",
="800002109",="Present",="8/4/2026",
="800002122",="Present",="8/4/2026",
="800002123",="Present",="8/4/2026",
="800002128",="Present",="8/4/2026",
="800002136",="Absent",="8/4/2026",
="800002142",="Present",="8/4/2026",
="800002160",="Present",="8/4/2026",
="800002162",="Present",="8/4/2026",
="800002172",="Present",="8/4/2026",
="800000072",="Present",="8/4/2026",
="800002080",="Present",="8/4/2026",
="800002120",="Present",="8/4/2026",
="800002154",="Present",="8/4/2026",
="800002067",="Present",="8/4/2026",
="800002067",="No class",="8/3/2026",
="800001634",="Present",="8/4/2026",
="800001650",="Present",="8/4/2026",
="800001850",="Present",="8/4/2026",
="800001884",="Present",="8/4/2026",
="800001888",="Present",="8/4/2026",
="800001934",="Present",="8/4/2026",
="800001955",="Present",="8/4/2026",
="800002017",="Absent",="8/4/2026",
="800002035",="Present",="8/4/2026",
="800002053",="Present",="8/4/2026",
="800001198",="Present",="8/4/2026",
="800001607",="Present",="8/4/2026",
="800001657",="Present",="8/4/2026",
="800001902",="Present",="8/4/2026",
="800001445",="Present",="8/4/2026",
="800001740",="Present",="8/4/2026",
="800002005",="Present",="8/4/2026",
="800000072",="Present",="8/5/2026",
="800000495",="Present",="8/5/2026",
="800002015",="Present",="8/5/2026",
="800002071",="Present",="8/5/2026",
="800002079",="Present",="8/5/2026",
="800002080",="Present",="8/5/2026",
="800002092",="Present",="8/5/2026",
="800002093",="Present",="8/5/2026",
="800002099",="Present",="8/5/2026",
="800002106",="Present",="8/5/2026",
="800002107",="Present",="8/5/2026",
="800002120",="Present",="8/5/2026",
="800002122",="Present",="8/5/2026",
="800002123",="Present",="8/5/2026",
="800002128",="Present",="8/5/2026",
="800002136",="Absent",="8/5/2026",
="800002142",="Present",="8/5/2026",
="800002154",="Present",="8/5/2026",
="800002160",="Present",="8/5/2026",
="800002162",="Present",="8/5/2026",
="800001114",="Present",="8/3/2026",
="800001330",="Present",="8/3/2026",
="800001649",="Present",="8/3/2026",
="800001708",="Present",="8/3/2026",
="800001802",="Present",="8/3/2026",
="800001829",="Present",="8/3/2026",
="800001876",="Present",="8/3/2026",
="800001986",="Present",="8/3/2026",
="800002017",="Present",="8/3/2026",
="800001439",="Present",="8/4/2026",
="800001714",="Present",="8/4/2026",
="800001778",="Tardy/Late",="8/4/2026",
="800001840",="Present",="8/4/2026",
="800001856",="Present",="8/4/2026",
="800001903",="Present",="8/4/2026",
="800002026",="Present",="8/4/2026",
="800000495",="Present",="8/3/2026",
="800002067",="Present",="8/3/2026",
="800002165",="Present",="8/3/2026",
="800000774",="Present",="8/5/2026",
="800001513",="Absent",="8/5/2026",
="770000323",="Present",="8/5/2026",
="770000409",="Present",="8/5/2026",
="770017870",="Absent",="8/5/2026",
="800000927",="Present",="8/5/2026",
="800001094",="Present",="8/5/2026",
="800001268",="Absent",="8/5/2026",
="800001410",="Present",="8/5/2026",
="800001529",="Present",="8/5/2026",
="800001548",="Present",="8/5/2026",
="800001562",="Absent",="8/5/2026",
="800001114",="Present",="8/5/2026",
="800001330",="Present",="8/5/2026",
="800001434",="Present",="8/5/2026",
="800001443",="Present",="8/5/2026",
="800001498",="Present",="8/5/2026",
="800001528",="Present",="8/5/2026",
="800001533",="Present",="8/5/2026",
="800001563",="Present",="8/5/2026",
="800001580",="Absent",="8/5/2026",
="800001625",="Absent",="8/5/2026",
="800001633",="Present",="8/5/2026",
="800001644",="Present",="8/5/2026",
="800001650",="Present",="8/5/2026",
="800001665",="Present",="8/5/2026",
="800001689",="Present",="8/5/2026",
="800001695",="Present",="8/5/2026",
="800001708",="Present",="8/5/2026",
="800001710",="Present",="8/5/2026",
="800001724",="Present",="8/5/2026",
="800001729",="Present",="8/5/2026",
="800001735",="Present",="8/5/2026",
="800001757",="Present",="8/5/2026",
="800001761",="Present",="8/5/2026",
="800001769",="Present",="8/5/2026",
="800001771",="Present",="8/5/2026",
="800001775",="Present",="8/5/2026",
="800001778",="Present",="8/5/2026",
="800001789",="Present",="8/5/2026",
="800001798",="Present",="8/5/2026",
="800001802",="Present",="8/5/2026",
="800001803",="Present",="8/5/2026",
="800001815",="Present",="8/5/2026",
="800001821",="Present",="8/5/2026",
="800001862",="Present",="8/5/2026",
="800001892",="Present",="8/5/2026",
="800001924",="Present",="8/5/2026",
="800001925",="Present",="8/5/2026",
="800001940",="Present",="8/5/2026",
="800001114",="Present",="8/6/2026",
="800001330",="Present",="8/6/2026",
="800001649",="Present",="8/6/2026",
="800001708",="Present",="8/6/2026",
="800001802",="Present",="8/6/2026",
="800001829",="Present",="8/6/2026",
="800001876",="Present",="8/6/2026",
="800001986",="Present",="8/6/2026",
="800002017",="Present",="8/6/2026",
="800001325",="Present",="8/6/2026",
="800001414",="Present",="8/6/2026",
="800001445",="Present",="8/6/2026",
="800001468",="Present",="8/6/2026",
="800001508",="Present",="8/6/2026",
="800001688",="Present",="8/6/2026",
="800001712",="Present",="8/6/2026",
="800001740",="Present",="8/6/2026",
="800001902",="Present",="8/6/2026",
="800002005",="Present",="8/6/2026",
="800001623",="Present",="7/31/2026",
="800001634",="Present",="7/31/2026",
="800001714",="Present",="7/31/2026",
="800001842",="Present",="7/31/2026",
="800001850",="Present",="7/31/2026",
="800001860",="Present",="7/31/2026",
="800001874",="Present",="7/31/2026",
="800001987",="Present",="7/31/2026",
="800002023",="Present",="7/31/2026",
="800002062",="Present",="7/31/2026",
="800001623",="Present",="8/1/2026",
="800001634",="Present",="8/1/2026",
="800001842",="Present",="8/1/2026",
="800001850",="Present",="8/1/2026",
="800001860",="Present",="8/1/2026",
="800001874",="Present",="8/1/2026",
="800001884",="Present",="8/1/2026",
="800001888",="Present",="8/1/2026",
="800001987",="Present",="8/1/2026",
="800002023",="Present",="8/1/2026",
="800002062",="Present",="8/1/2026",
="800000754",="Present",="8/6/2026",
="800000941",="Present",="8/6/2026",
="800001368",="Present",="8/6/2026",
="800001502",="Present",="8/6/2026",
="800001626",="Present",="8/6/2026",
="800001657",="Present",="8/6/2026",
="800001701",="Present",="8/6/2026",
="800000927",="Present",="8/7/2026",
="800000941",="Present",="8/7/2026",
="800001325",="Absent",="8/7/2026",
="800001607",="Present",="8/7/2026",
="800001626",="Present",="8/7/2026",
="800001657",="Present",="8/7/2026",
="800001681",="Present",="8/7/2026",
="800002049",="Present",="8/8/2026",
="800002064",="Present",="8/8/2026",
="800002081",="Present",="8/8/2026",
="800002087",="Present",="8/8/2026",
="800002088",="Present",="8/8/2026",
="800002100",="Present",="8/8/2026",
="800002104",="Absent",="8/8/2026",
="800002111",="Present",="8/8/2026",
="800002067",="No class",="7/27/2026",
="800001439",="Present",="8/8/2026",
="800001714",="Present",="8/8/2026",
="800001778",="Present",="8/8/2026",
="800001840",="Present",="8/8/2026",
="800001856",="Present",="8/8/2026",
="800001903",="Present",="8/8/2026",
="800002026",="Present",="8/8/2026",
="800000072",="Present",="8/6/2026",
="800001066",="Present",="8/6/2026",
="800001560",="Present",="8/6/2026",
="800001950",="Present",="8/6/2026",
="800002036",="Present",="8/6/2026",
="800002067",="Present",="8/6/2026",
="800002071",="Present",="8/6/2026",
="800002079",="Present",="8/6/2026",
="800002080",="Present",="8/6/2026",
="800002092",="Present",="8/6/2026",
="800002093",="Present",="8/6/2026",
="800002099",="Present",="8/6/2026",
="800002106",="Present",="8/6/2026",
="800002107",="Present",="8/6/2026",
="800002109",="Present",="8/6/2026",
="800002120",="Present",="8/6/2026",
="800002122",="Present",="8/6/2026",
="800002123",="Present",="8/6/2026",
="800002128",="Present",="8/6/2026",
="800002136",="Absent",="8/6/2026",
="800002154",="Present",="8/6/2026",
="800002160",="Present",="8/6/2026",
="800002162",="Present",="8/6/2026",
="800002172",="Present",="8/6/2026",
="800001638",="Absent",="8/7/2026",
="800001955",="Present",="8/7/2026",
="800001986",="Present",="8/7/2026",
="800002008",="Present",="8/7/2026",
="800002044",="Present",="8/7/2026",
="800002062",="Present",="8/7/2026",
="800002144",="Present",="8/7/2026",
="800001634",="Present",="8/9/2026",
="800001650",="Present",="8/9/2026",
="800001850",="Absent",="8/9/2026",
="800001884",="Present",="8/9/2026",
="800001888",="Absent",="8/9/2026",
="800001934",="Absent",="8/9/2026",
="800001955",="Present",="8/9/2026",
="800002017",="Absent",="8/9/2026",
="800002035",="Present",="8/9/2026",
="800002053",="Present",="8/9/2026",
="800001325",="No class",="8/9/2026",
="800001414",="Present",="8/9/2026",
="800001459",="Present",="8/9/2026",
="800001508",="Present",="8/9/2026",
="800001740",="Present",="8/9/2026",
="800001902",="Present",="8/9/2026",
="800002005",="Present",="8/9/2026",
="800002174",="Present",="8/9/2026",
="800001958",="Present",="8/9/2026",
="800001959",="Present",="8/9/2026",
="800001963",="Present",="8/9/2026",
="800001560",="Absent",="8/4/2026",
="800002015",="Present",="8/4/2026",
="800002142",="Absent",="8/4/2026",
="800001414",="Present",="8/5/2026",
="800001445",="Present",="8/5/2026",
="800001468",="Present",="8/5/2026",
="800001508",="Absent",="8/5/2026",
="800001740",="Present",="8/5/2026",
="800002144",="Present",="8/5/2026",
="800002174",="Present",="8/5/2026",
="800001508",="Present",="8/5/2026",
="770000737",="Present",="8/6/2026",
="800001543",="Absent",="8/6/2026",
="800001723",="Present",="8/6/2026",
="800001739",="Present",="8/6/2026",
="800001846",="Present",="8/6/2026",
="800001863",="Present",="8/6/2026",
="800001934",="Absent",="8/6/2026",
="800001943",="Present",="8/6/2026",
="800001985",="Present",="8/6/2026",
="800002010",="Present",="8/6/2026",
="800002011",="Present",="8/6/2026",
="800002020",="Present",="8/6/2026",
="800002021",="Present",="8/6/2026",
="800002035",="Present",="8/6/2026",
="800002053",="Present",="8/6/2026",
="800002059",="Present",="8/6/2026",
="800000072",="Present",="8/10/2026",
="800001066",="Present",="8/10/2026",
="800001560",="Present",="8/10/2026",
="800001830",="Present",="8/10/2026",
="800002071",="Present",="8/10/2026",
="800002079",="Present",="8/10/2026",
="800002080",="Present",="8/10/2026",
="800002092",="Present",="8/10/2026",
="800002093",="Present",="8/10/2026",
="800002099",="Present",="8/10/2026",
="800002106",="Present",="8/10/2026",
="800002107",="Present",="8/10/2026",
="800002109",="Present",="8/10/2026",
="800002120",="Present",="8/10/2026",
="800002122",="Present",="8/10/2026",
="800002123",="Present",="8/10/2026",
="800002128",="Present",="8/10/2026",
="800002136",="Absent",="8/10/2026",
="800002142",="Present",="8/10/2026",
="800002154",="Present",="8/10/2026",
="800002160",="Present",="8/10/2026",
="800002162",="Present",="8/10/2026",
="800002172",="Present",="8/10/2026",
="800001649",="Present",="8/5/2026",
="800001691",="Present",="8/5/2026",
="800001841",="Present",="8/5/2026",
="800001842",="Present",="8/5/2026",
="800001856",="Present",="8/5/2026",
="800001874",="Present",="8/5/2026",
="800001903",="Present",="8/5/2026",
="800001905",="Present",="8/5/2026",
="800001910",="Present",="8/5/2026",
="800001955",="Present",="8/5/2026",
="800001986",="Present",="8/5/2026",
="800001987",="Present",="8/5/2026",
="800002008",="Present",="8/5/2026",
="800002017",="Present",="8/5/2026",
="800002026",="Present",="8/5/2026",
="800002029",="Present",="8/5/2026",
="800002044",="Present",="8/5/2026",
="800002062",="Absent",="8/5/2026",
="800001468",="Present",="8/8/2026",
="800001688",="Present",="8/8/2026",
="800001712",="Present",="8/8/2026",
="800000463",="Present",="8/6/2026",
="800001638",="Absent",="8/6/2026",
="800002007",="Present",="8/6/2026",
="800002034",="Present",="8/6/2026",
="800002064",="Present",="8/6/2026",
="800002081",="Present",="8/6/2026",
="800002087",="Present",="8/6/2026",
="800002100",="Present",="8/6/2026",
="800002104",="Present",="8/6/2026",
="800002111",="Present",="8/6/2026",
="800002114",="Present",="8/6/2026",
="800002127",="Absent",="8/6/2026",
="800002132",="Present",="8/6/2026",
="800002133",="Present",="8/6/2026",
="800002134",="Present",="8/6/2026",
="800002141",="Present",="8/6/2026",
="800002143",="Present",="8/6/2026",
="800002177",="Present",="8/6/2026",
="800000495",="Present",="8/9/2026",
="800000927",="Present",="8/9/2026",
="800001325",="Absent",="8/9/2026",
="800001657",="Present",="8/9/2026",
="800001681",="Present",="8/9/2026",
="800002165",="Present",="8/9/2026",
="800001114",="Present",="8/10/2026",
="800001330",="Present",="8/10/2026",
="800001649",="Present",="8/10/2026",
="800001708",="Present",="8/10/2026",
="800001802",="Present",="8/10/2026",
="800001829",="Present",="8/10/2026",
="800001876",="Present",="8/10/2026",
="800001986",="Present",="8/10/2026",
="800002017",="Present",="8/10/2026",
="800001958",="Present",="7/27/2026",
="800001959",="Present",="7/27/2026",
="800001963",="Present",="7/27/2026",
="800001198",="Present",="7/27/2026",
="800001445",="Present",="7/27/2026",
="800001468",="Present",="7/27/2026",
="800001607",="Present",="7/27/2026",
="800001688",="Present",="7/27/2026",
="800001701",="Present",="7/27/2026",
="800001712",="Present",="7/27/2026",
="800001740",="Present",="7/27/2026",
="800001902",="Present",="7/27/2026",
="800002005",="Present",="7/27/2026",
="800001268",="Present",="7/27/2026",
="800001502",="Present",="7/27/2026",
="800001508",="Present",="7/27/2026",
="800001626",="Present",="7/27/2026",
="800001657",="Present",="7/27/2026",
="800001958",="Present",="8/3/2026",
="800001959",="Present",="8/3/2026",
="800001963",="Present",="8/3/2026",
="800001268",="Present",="8/3/2026",
="800001502",="Present",="8/3/2026",
="800001508",="Present",="8/3/2026",
="800001626",="Present",="8/3/2026",
="800001657",="Present",="8/3/2026",
="800001701",="Present",="8/3/2026",
="800000463",="Present",="8/9/2026",
="800001863",="Present",="8/9/2026",
="800001985",="Present",="8/9/2026",
="800002011",="Present",="8/9/2026",
="800002017",="Present",="8/9/2026",
="800002021",="Present",="8/9/2026",
="800002029",="Present",="8/9/2026",
="800002034",="Present",="8/9/2026",
="800002059",="Present",="8/9/2026",
="800002081",="Present",="8/9/2026",
="800002087",="Present",="8/9/2026",
="800002100",="Present",="8/9/2026",
="800002104",="Present",="8/9/2026",
="800002111",="Present",="8/9/2026",
="800002114",="Present",="8/9/2026",
="800002127",="Present",="8/9/2026",
="800002132",="Present",="8/9/2026",
="800002141",="Present",="8/9/2026",
="800002143",="Present",="8/9/2026",
="800002007",="Present",="8/9/2026",
="800002020",="Present",="8/9/2026",
="800002036",="Present",="8/9/2026",
="800002042",="Present",="8/9/2026",
="800002062",="Present",="8/9/2026",
="800002133",="Present",="8/9/2026",
="800002134",="Present",="8/9/2026",
="800002144",="Present",="8/9/2026",
="800002177",="Present",="8/9/2026",
="800000072",="Present",="8/3/2026",
="800001066",="Present",="8/3/2026",
="800001560",="Present",="8/3/2026",
="800001691",="Present",="8/3/2026",
="800001950",="Present",="8/3/2026",
="800002036",="Present",="8/3/2026",
="800002071",="Present",="8/3/2026",
="800002079",="Present",="8/3/2026",
="800002080",="Present",="8/3/2026",
="800002092",="Present",="8/3/2026",
="800002093",="Present",="8/3/2026",
="800002099",="Present",="8/3/2026",
="800002106",="Present",="8/3/2026",
="800002107",="Present",="8/3/2026",
="800002109",="Present",="8/3/2026",
="800002120",="Present",="8/3/2026",
="800002122",="Present",="8/3/2026",
="800002123",="Present",="8/3/2026",
="800002128",="Present",="8/3/2026",
="800002136",="Absent",="8/3/2026",
="800002154",="Present",="8/3/2026",
="800002160",="Present",="8/3/2026",
="800002162",="Present",="8/3/2026",
="800002172",="Present",="8/3/2026",
="770000737",="Present",="8/4/2026",
="800000463",="Present",="8/4/2026",
="800001757",="Present",="8/4/2026",
="800001845",="Present",="8/4/2026",
="800001909",="Present",="8/4/2026",
="800001910",="Present",="8/4/2026",
="800001943",="Present",="8/4/2026",
="800001998",="Present",="8/4/2026",
="800002007",="Present",="8/4/2026",
="800002020",="Present",="8/4/2026",
="800002023",="Present",="8/4/2026",
="800002034",="Present",="8/4/2026",
="800002042",="Present",="8/4/2026",
="800002049",="Present",="8/4/2026",
="800002064",="Present",="8/4/2026",
="800002088",="Present",="8/4/2026",
="800002100",="Present",="8/4/2026",
="800002104",="Present",="8/4/2026",
="800002111",="Present",="8/4/2026",
="800002114",="Present",="8/4/2026",
="800002127",="Present",="8/4/2026",
="800002132",="Present",="8/4/2026",
="800002133",="Present",="8/4/2026",
="800002141",="Present",="8/4/2026",
="800002177",="Present",="8/4/2026",
="800000754",="Present",="8/4/2026",
="800000941",="Present",="8/4/2026",
="800001368",="Present",="8/4/2026",
="800001548",="Present",="8/4/2026",
="800001562",="Present",="8/4/2026",
="800001066",="Present",="8/5/2026",
="800001560",="Present",="8/5/2026",
="800001950",="Present",="8/5/2026",
="800002036",="Present",="8/5/2026",
="800002067",="Present",="8/5/2026",
="800002109",="Present",="8/5/2026",
="800002172",="Present",="8/5/2026",
="770000737",="Present",="8/5/2026",
="800000463",="Present",="8/5/2026",
="800001845",="Present",="8/5/2026",
="800001884",="Present",="8/5/2026",
="800001888",="Present",="8/5/2026",
="800001909",="Present",="8/5/2026",
="800001943",="Present",="8/5/2026",
="800001998",="Present",="8/5/2026",
="800002007",="Present",="8/5/2026",
="800002020",="Present",="8/5/2026",
="800002023",="Present",="8/5/2026",
="800002034",="Present",="8/5/2026",
="800002042",="Present",="8/5/2026",
="800002049",="Present",="8/5/2026",
="800002064",="Present",="8/5/2026",
="800002088",="Present",="8/5/2026",
="800002100",="Present",="8/5/2026",
="800002104",="Present",="8/5/2026",
="800002111",="Present",="8/5/2026",
="800002114",="Present",="8/5/2026",
="800002127",="Present",="8/5/2026",
="800002132",="Present",="8/5/2026",
="800002133",="Present",="8/5/2026",
="800002141",="Present",="8/5/2026",
="800002177",="Present",="8/5/2026",
="800001580",="Present",="8/8/2026",
="800001757",="Present",="8/8/2026",
="800001860",="Present",="8/8/2026",
="800001862",="Present",="8/8/2026",
="800001878",="Present",="8/8/2026",
="800001954",="Present",="8/8/2026",
="800002008",="Present",="8/8/2026",
="800002010",="Present",="8/8/2026",
="800002011",="Present",="8/8/2026",
="800001443",="Present",="8/9/2026",
="800001529",="Present",="8/9/2026",
="800000348",="Present",="8/8/2026",
="800001689",="Present",="8/8/2026",
="800001771",="Present",="8/8/2026",
="800001852",="Present",="8/8/2026",
="800001863",="Present",="8/8/2026",
="800001864",="Present",="8/8/2026",
="800001908",="Present",="8/8/2026",
="800002029",="Present",="8/8/2026",
="800002035",="Present",="8/8/2026",
="800001466",="Absent",="8/4/2026",
="800001958",="Present",="8/4/2026",
="800001959",="Present",="8/4/2026",
="800001963",="Present",="8/4/2026",
="800001466",="Absent",="8/9/2026",
="800001198",="Present",="8/3/2026",
="800001445",="Present",="8/3/2026",
="800001468",="Present",="8/3/2026",
="800001607",="Present",="8/3/2026",
="800001688",="Present",="8/3/2026",
="800001712",="Present",="8/3/2026",
="800001740",="Present",="8/3/2026",
="800001902",="Present",="8/3/2026",
="800002005",="Present",="8/3/2026",
="800001958",="Present",="8/10/2026",
="800001959",="Present",="8/10/2026",
="800001963",="Present",="8/10/2026",
="800001958",="Absent",="8/10/2026",
="800001959",="Absent",="8/10/2026",
="800001963",="Absent",="8/10/2026",
="800001198",="Present",="8/10/2026",
="800001445",="Present",="8/10/2026",
="800001468",="Present",="8/10/2026",
="800001607",="Present",="8/10/2026",
="800001688",="Present",="8/10/2026",
="800001701",="Absent",="8/10/2026",
="800001712",="Present",="8/10/2026",
="800001740",="Present",="8/10/2026",
="800001902",="Present",="8/10/2026",
="800002005",="Present",="8/10/2026",
="800001268",="Present",="8/10/2026",
="800001502",="Absent",="8/10/2026",
="800001508",="Present",="8/10/2026",
="800001626",="Present",="8/10/2026",
="800001657",="Present",="8/10/2026",
="800001066",="Present",="8/11/2026",
="800001560",="Absent",="8/11/2026",
="800001830",="Present",="8/11/2026",
="800002071",="Present",="8/11/2026",
="800002079",="Present",="8/11/2026",
="800002092",="Present",="8/11/2026",
="800002093",="Present",="8/11/2026",
="800002099",="Present",="8/11/2026",
="800002106",="Present",="8/11/2026",
="800002107",="Present",="8/11/2026",
="800002109",="Present",="8/11/2026",
="800002122",="Present",="8/11/2026",
="800002123",="Present",="8/11/2026",
="800002128",="Present",="8/11/2026",
="800002136",="Absent",="8/11/2026",
="800002142",="Present",="8/11/2026",
="800002160",="Present",="8/11/2026",
="800002162",="Present",="8/11/2026",
="800002172",="Present",="8/11/2026",
="800002067",="Present",="8/11/2026",
="800001543",="Present",="8/10/2026",
="800001623",="Present",="8/10/2026",
="800001739",="Present",="8/10/2026",
="800001761",="Present",="8/10/2026",
="800001769",="Present",="8/10/2026",
="800001775",="Present",="8/10/2026",
="800001874",="Absent",="8/10/2026",
="800001928",="Present",="8/10/2026",
="800002021",="Present",="8/10/2026",
="800001543",="Present",="8/6/2026",
="800001623",="Present",="8/6/2026",
="800001761",="Present",="8/6/2026",
="800001769",="Present",="8/6/2026",
="800001775",="Present",="8/6/2026",
="800001874",="Absent",="8/6/2026",
="800001928",="Present",="8/6/2026",
="800001634",="Present",="8/3/2026",
="800001650",="Present",="8/3/2026",
="800001757",="Present",="8/3/2026",
="800001850",="Present",="8/3/2026",
="800001860",="Present",="8/3/2026",
="800001862",="Present",="8/3/2026",
="800001878",="Present",="8/3/2026",
="800001884",="Present",="8/3/2026",
="800001888",="Present",="8/3/2026",
="800001954",="Present",="8/3/2026",
="800002010",="Present",="8/3/2026",
="800002011",="Present",="8/3/2026",
="800002053",="Present",="8/3/2026",
="800001543",="Present",="8/4/2026",
="800001761",="Present",="8/4/2026",
="800001852",="Present",="8/4/2026",
="800001860",="Present",="8/4/2026",
="800001862",="Present",="8/4/2026",
="800001863",="Present",="8/4/2026",
="800001878",="Present",="8/4/2026",
="800001954",="Present",="8/4/2026",
="800002010",="Present",="8/4/2026",
="800002011",="Present",="8/4/2026",
="800002021",="Present",="8/4/2026",
="800001580",="Present",="8/4/2026",
="800002008",="Present",="8/4/2026",
="800001439",="Present",="8/3/2026",
="800001580",="Present",="8/3/2026",
="800001714",="Present",="8/3/2026",
="800001778",="Present",="8/3/2026",
="800001840",="Present",="8/3/2026",
="800001856",="Present",="8/3/2026",
="800001903",="Present",="8/3/2026",
="800001955",="Present",="8/3/2026",
="800002008",="Present",="8/3/2026",
="800002026",="Present",="8/3/2026",
="800000348",="Present",="8/4/2026",
="800001114",="Present",="8/4/2026",
="800001330",="Present",="8/4/2026",
="800001623",="Present",="8/4/2026",
="800001649",="Present",="8/4/2026",
="800001689",="Present",="8/4/2026",
="800001708",="Present",="8/4/2026",
="800001739",="Present",="8/4/2026",
="800001769",="Present",="8/4/2026",
="800001771",="Present",="8/4/2026",
="800001775",="Present",="8/4/2026",
="800001778",="Present",="8/4/2026",
="800001802",="Present",="8/4/2026",
="800001829",="Present",="8/4/2026",
="800001864",="Present",="8/4/2026",
="800001876",="Present",="8/4/2026",
="800001908",="Present",="8/4/2026",
="800001928",="Present",="8/4/2026",
="800001986",="Present",="8/4/2026",
="800002017",="Present",="8/4/2026",
="800002029",="Present",="8/4/2026",
="800001580",="Present",="8/11/2026",
="800001757",="Present",="8/11/2026",
="800001860",="Present",="8/11/2026",
="800001862",="Present",="8/11/2026",
="800001878",="Present",="8/11/2026",
="800001954",="Present",="8/11/2026",
="800002008",="Present",="8/11/2026",
="800002010",="Present",="8/11/2026",
="800002011",="Present",="8/11/2026",
="800001114",="Present",="7/30/2026",
="800001330",="Present",="7/30/2026",
="800001649",="Present",="7/30/2026",
="800001708",="Present",="7/30/2026",
="800001802",="Present",="7/30/2026",
="800001829",="Present",="7/30/2026",
="800001876",="Present",="7/30/2026",
="800001986",="Present",="7/30/2026",
="800002017",="Present",="7/30/2026",
="800001634",="Absent",="8/6/2026",
="800001714",="Absent",="8/6/2026",
="800001724",="Absent",="8/6/2026",
="800001821",="Absent",="8/6/2026",
="800001841",="Present",="8/6/2026",
="800001842",="Absent",="8/6/2026",
="800001850",="Present",="8/6/2026",
="800001860",="Present",="8/6/2026",
="800001884",="Present",="8/6/2026",
="800001888",="Absent",="8/6/2026",
="800001924",="Present",="8/6/2026",
="800001925",="Present",="8/6/2026",
="800001940",="Present",="8/6/2026",
="800001987",="Present",="8/6/2026",
="800002023",="Present",="8/6/2026",
="800002062",="Absent",="8/6/2026",
="800000722",="Present",="8/5/2026",
="800001513",="Present",="8/5/2026",
="800000348",="Present",="7/9/2026",
="800001114",="Present",="7/9/2026",
="800001330",="Present",="7/9/2026",
="800001439",="Present",="7/9/2026",
="800001580",="Absent",="7/9/2026",
="800001649",="Present",="7/9/2026",
="800001708",="Present",="7/9/2026",
="800001769",="Present",="7/9/2026",
="800001771",="Present",="7/9/2026",
="800001775",="Present",="7/9/2026",
="800001778",="Present",="7/9/2026",
="800001802",="Present",="7/9/2026",
="800001829",="Present",="7/9/2026",
="800001840",="Present",="7/9/2026",
="800001856",="Present",="7/9/2026",
="800001864",="Present",="7/9/2026",
="800001876",="Present",="7/9/2026",
="800001903",="Present",="7/9/2026",
="800001908",="Present",="7/9/2026",
="800001928",="Present",="7/9/2026",
="800001955",="Present",="7/9/2026",
="800001986",="Present",="7/9/2026",
="800002008",="Present",="7/9/2026",
="800002017",="Present",="7/9/2026",
="800002026",="Present",="7/9/2026",
="800002029",="Present",="7/9/2026",
="800002011",="Absent excused",="8/3/2026",
="800000348",="Present",="7/16/2026",
="800001114",="Present",="7/16/2026",
="800001330",="Present",="7/16/2026",
="800001439",="Present",="7/16/2026",
="800001580",="Absent",="7/16/2026",
="800001649",="Present",="7/16/2026",
="800001708",="Present",="7/16/2026",
="800001769",="Present",="7/16/2026",
="800001771",="Present",="7/16/2026",
="800001775",="Present",="7/16/2026",
="800001778",="Present",="7/16/2026",
="800001802",="Present",="7/16/2026",
="800001829",="Present",="7/16/2026",
="800001840",="Present",="7/16/2026",
="800001856",="Present",="7/16/2026",
="800001864",="Present",="7/16/2026",
="800001876",="Present",="7/16/2026",
="800001903",="Present",="7/16/2026",
="800001908",="Present",="7/16/2026",
="800001928",="Present",="7/16/2026",
="800001955",="Present",="7/16/2026",
="800001986",="Present",="7/16/2026",
="800002008",="Present",="7/16/2026",
="800002017",="Present",="7/16/2026",
="800002026",="Present",="7/16/2026",
="800002029",="Present",="7/16/2026",
="800000348",="Present",="8/1/2026",
="800001689",="Present",="8/1/2026",
="800001771",="Present",="8/1/2026",
="800001852",="Present",="8/1/2026",
="800001863",="Present",="8/1/2026",
="800001864",="Present",="8/1/2026",
="800001908",="Present",="8/1/2026",
="800002029",="Present",="8/1/2026",
="800002035",="Present",="8/1/2026",
="800000348",="Present",="8/10/2026",
="800001689",="Present",="8/10/2026",
="800001771",="Present",="8/10/2026",
="800001852",="Present",="8/10/2026",
="800001863",="Present",="8/10/2026",
="800001864",="Present",="8/10/2026",
="800001908",="Present",="8/10/2026",
="800002029",="Present",="8/10/2026",
="800002035",="Present",="8/10/2026",
="800000072",="Present",="8/11/2026",
="800002015",="Present",="8/11/2026",
="800002080",="Present",="8/11/2026",
="800002120",="Present",="8/11/2026",
="800002154",="Present",="8/11/2026",
="800000463",="Present",="8/10/2026",
="800001845",="Present",="8/10/2026",
="800001909",="Present",="8/10/2026",
="800001998",="Present",="8/10/2026",
="800002007",="Present",="8/10/2026",
="800002034",="Present",="8/10/2026",
="800002042",="Present",="8/10/2026",
="800002049",="Present",="8/10/2026",
="800002064",="Present",="8/10/2026",
="800002081",="Present",="8/10/2026",
="800002087",="Present",="8/10/2026",
="800002088",="Present",="8/10/2026",
="800002100",="Present",="8/10/2026",
="800002104",="Present",="8/10/2026",
="800002111",="Present",="8/10/2026",
="800002114",="Present",="8/10/2026",
="800002127",="Absent",="8/10/2026",
="800002132",="Present",="8/10/2026",
="800002133",="Present",="8/10/2026",
="800002134",="Present",="8/10/2026",
="800002141",="Present",="8/10/2026",
="800002143",="Present",="8/10/2026",
="800002177",="Present",="8/10/2026",
="800002067",="Present",="8/10/2026",
="770000323",="Present",="6/29/2026",
="770000409",="Present",="6/29/2026",
="770017870",="Present",="6/29/2026",
="800000927",="Present",="6/29/2026",
="800001094",="Present",="6/29/2026",
="800001410",="Present",="6/29/2026",
="800001529",="Present",="6/29/2026",
="800001548",="Present",="6/29/2026",
="800001562",="Present",="6/29/2026",
="770000323",="Present",="6/30/2026",
="770000409",="Present",="6/30/2026",
="770017870",="Present",="6/30/2026",
="800000927",="Present",="6/30/2026",
="800001094",="Present",="6/30/2026",
="800001268",="Present",="6/30/2026",
="800001410",="Present",="6/30/2026",
="800001529",="Present",="6/30/2026",
="800001414",="Present",="8/12/2026",
="800001445",="Present",="8/12/2026",
="800001468",="Present",="8/12/2026",
="800001508",="Present",="8/12/2026",
="800001740",="Present",="8/12/2026",
="800002144",="Present",="8/12/2026",
="800002174",="Present",="8/12/2026",
="800001466",="Present",="8/12/2026",
="800001591",="Present",="8/12/2026",
="800000754",="Present",="8/8/2026",
="800000941",="Present",="8/8/2026",
="800001368",="Present",="8/8/2026",
="800001508",="Present",="8/8/2026",
="800001626",="Present",="8/8/2026",
="800001657",="Present",="8/8/2026",
="800001502",="Present",="8/8/2026",
="800001701",="Present",="8/8/2026",
="800001198",="Present",="8/11/2026",
="800001607",="Present",="8/11/2026",
="800001657",="Present",="8/11/2026",
="800001902",="Present",="8/11/2026",
="800001724",="Present",="7/24/2026",
="800001821",="Present",="7/24/2026",
="800001841",="Present",="7/24/2026",
="800001842",="Present",="7/24/2026",
="800001884",="Absent",="7/24/2026",
="800001888",="Absent",="7/24/2026",
="800001924",="Present",="7/24/2026",
="800001925",="Present",="7/24/2026",
="800001934",="Present",="7/24/2026",
="800001940",="Present",="7/24/2026",
="800001943",="Absent",="7/24/2026",
="800001987",="Present",="7/24/2026",
="800000072",="Present",="8/12/2026",
="800001066",="Present",="8/12/2026",
="800001560",="Present",="8/12/2026",
="800001691",="Present",="8/12/2026",
="800001950",="Present",="8/12/2026",
="800002036",="Present",="8/12/2026",
="800002067",="Present",="8/12/2026",
="800002071",="Present",="8/12/2026",
="800002079",="Present",="8/12/2026",
="800002080",="Present",="8/12/2026",
="800002092",="Present",="8/12/2026",
="800002093",="Present",="8/12/2026",
="800002099",="Present",="8/12/2026",
="800002106",="Present",="8/12/2026",
="800002107",="Present",="8/12/2026",
="800002109",="Present",="8/12/2026",
="800002120",="Present",="8/12/2026",
="800002122",="Present",="8/12/2026",
="800002123",="Present",="8/12/2026",
="800002128",="Present",="8/12/2026",
="800002136",="Absent",="8/12/2026",
="800002154",="Present",="8/12/2026",
="800002160",="Present",="8/12/2026",
="800002162",="Present",="8/12/2026",
="800002172",="Present",="8/12/2026",
="800001502",="Present",="8/11/2026",
="800001591",="Present",="8/11/2026",
="800001673",="Present",="8/11/2026",
="800001701",="Present",="8/11/2026",
="800001691",="Present",="8/10/2026",
="800001950",="Present",="8/10/2026",
="800002036",="Present",="8/10/2026",
="800000495",="Tardy/Late",="8/10/2026",
="800002067",="Tardy/Late",="8/10/2026",
="800002165",="Tardy/Late",="8/10/2026",
="800001649",="Present",="8/12/2026",
="800001691",="Absent",="8/12/2026",
="800001841",="Present",="8/12/2026",
="800001842",="Present",="8/12/2026",
="800001856",="Present",="8/12/2026",
="800001874",="Present",="8/12/2026",
="800001903",="Present",="8/12/2026",
="800001905",="Present",="8/12/2026",
="800001910",="Present",="8/12/2026",
="800001955",="Present",="8/12/2026",
="800001986",="Present",="8/12/2026",
="800001987",="Absent",="8/12/2026",
="800002008",="Present",="8/12/2026",
="800002017",="Present",="8/12/2026",
="800002026",="Present",="8/12/2026",
="800002029",="Present",="8/12/2026",
="800002044",="Present",="8/12/2026",
="800002062",="Present",="8/12/2026",
="800001466",="Present",="8/7/2026",
="800001591",="Present",="8/7/2026",
="800001466",="Present",="8/5/2026",
="800001591",="Present",="8/5/2026",
="800001591",="Present",="7/17/2026",
="800001466",="Present",="7/31/2026",
="800001591",="Present",="7/31/2026",
="800001114",="Present",="8/13/2026",
="800001330",="Present",="8/13/2026",
="800001649",="Present",="8/13/2026",
="800001708",="Present",="8/13/2026",
="800001802",="Present",="8/13/2026",
="800001829",="Present",="8/13/2026",
="800001876",="Present",="8/13/2026",
="800001986",="Present",="8/13/2026",
="800002017",="Present",="8/13/2026",
="800002081",="Present",="7/24/2026",
="800002087",="Present",="7/24/2026",
="800002127",="Present",="7/24/2026",
="800002134",="Present",="7/24/2026",
="800002143",="Present",="7/24/2026",
="800000495",="Present",="8/10/2026",
="800002165",="Present",="8/10/2026",
="800000754",="Present",="8/11/2026",
="800000941",="Present",="8/11/2026",
="800001368",="Present",="8/11/2026",
="800001548",="Present",="8/11/2026",
="800001562",="Present",="8/11/2026",
="800001607",="Present",="8/5/2026",
="800001688",="Present",="8/5/2026",
="800001712",="Present",="8/5/2026",
="800001902",="Present",="8/5/2026",
="800002005",="Present",="8/5/2026",
="800001607",="Present",="8/12/2026",
="800001688",="Present",="8/12/2026",
="800001712",="Present",="8/12/2026",
="800001902",="Present",="8/12/2026",
="800002005",="Present",="8/12/2026",
="800001958",="Present",="5/7/2026",
="800001959",="Present",="5/7/2026",
="800001963",="Present",="5/7/2026",
="800001958",="Present",="5/14/2026",
="800001959",="Present",="5/14/2026",
="800001963",="Present",="5/14/2026",
="800001958",="Present",="5/21/2026",
="800001959",="Present",="5/21/2026",
="800001963",="Present",="5/21/2026",
="800001958",="Present",="5/28/2026",
="800001959",="Present",="5/28/2026",
="800001963",="Present",="5/28/2026",
="800001958",="Present",="6/25/2026",
="800001959",="Present",="6/25/2026",
="800001963",="Present",="6/25/2026",
="800001958",="Present",="7/2/2026",
="800001959",="Present",="7/2/2026",
="800001963",="Present",="7/2/2026",
="800001466",="Absent",="8/7/2026",
="800001958",="Present",="8/7/2026",
="800001959",="Present",="8/7/2026",
="800001963",="Present",="8/7/2026",
="800001439",="Present",="8/10/2026",
="800001580",="Present",="8/10/2026",
="800001714",="Present",="8/10/2026",
="800001778",="Present",="8/10/2026",
="800001840",="Present",="8/10/2026",
="800001856",="Present",="8/10/2026",
="800001903",="Present",="8/10/2026",
="800001955",="Present",="8/10/2026",
="800002008",="Present",="8/10/2026",
="800002026",="Present",="8/10/2026",
="800000348",="Present",="8/11/2026",
="800001114",="Present",="8/11/2026",
="800001330",="Present",="8/11/2026",
="800001439",="Present",="8/11/2026",
="800001623",="Present",="8/11/2026",
="800001649",="Present",="8/11/2026",
="800001689",="Present",="8/11/2026",
="800001708",="Present",="8/11/2026",
="800001714",="Present",="8/11/2026",
="800001739",="Present",="8/11/2026",
="800001769",="Present",="8/11/2026",
="800001771",="Present",="8/11/2026",
="800001775",="Present",="8/11/2026",
="800001778",="Present",="8/11/2026",
="800001802",="Present",="8/11/2026",
="800001829",="Present",="8/11/2026",
="800001840",="Present",="8/11/2026",
="800001856",="Present",="8/11/2026",
="800001864",="Present",="8/11/2026",
="800001876",="Present",="8/11/2026",
="800001903",="Present",="8/11/2026",
="800001908",="Present",="8/11/2026",
="800001928",="Present",="8/11/2026",
="800001955",="Present",="8/11/2026",
="800001986",="Present",="8/11/2026",
="800002017",="Present",="8/11/2026",
="800002026",="Present",="8/11/2026",
="800002029",="Present",="8/11/2026",
="800001543",="Present",="8/11/2026",
="800001634",="Present",="8/11/2026",
="800001650",="Present",="8/11/2026",
="800001761",="Present",="8/11/2026",
="800001850",="Present",="8/11/2026",
="800001852",="Present",="8/11/2026",
="800001863",="Present",="8/11/2026",
="800001884",="Present",="8/11/2026",
="800001888",="Present",="8/11/2026",
="800002021",="Present",="8/11/2026",
="800002035",="Present",="8/11/2026",
="800002053",="Present",="8/11/2026",
="800001634",="Present",="8/10/2026",
="800001650",="Present",="8/10/2026",
="800001757",="Present",="8/10/2026",
="800001850",="Present",="8/10/2026",
="800001860",="Present",="8/10/2026",
="800001862",="Present",="8/10/2026",
="800001878",="Present",="8/10/2026",
="800001884",="Present",="8/10/2026",
="800001888",="Present",="8/10/2026",
="800001954",="Present",="8/10/2026",
="800002010",="Present",="8/10/2026",
="800002011",="Present",="8/10/2026",
="800002053",="Present",="8/10/2026",
="800000348",="Present",="7/30/2026",
="800001439",="Present",="7/30/2026",
="800001580",="Present",="7/30/2026",
="800001771",="Present",="7/30/2026",
="800001778",="Present",="7/30/2026",
="800001840",="Present",="7/30/2026",
="800001856",="Present",="7/30/2026",
="800001864",="Present",="7/30/2026",
="800001903",="Present",="7/30/2026",
="800001908",="Present",="7/30/2026",
="800001955",="Present",="7/30/2026",
="800002008",="Present",="7/30/2026",
="800002026",="Present",="7/30/2026",
="800002029",="Present",="7/30/2026",
="800000348",="Present",="8/6/2026",
="800001439",="Present",="8/6/2026",
="800001580",="Present",="8/6/2026",
="800001714",="Present",="8/6/2026",
="800001771",="Present",="8/6/2026",
="800001778",="Present",="8/6/2026",
="800001840",="Present",="8/6/2026",
="800001856",="Present",="8/6/2026",
="800001864",="Present",="8/6/2026",
="800001903",="Present",="8/6/2026",
="800001908",="Present",="8/6/2026",
="800001955",="Present",="8/6/2026",
="800002008",="Present",="8/6/2026",
="800002026",="Present",="8/6/2026",
="800002029",="Present",="8/6/2026",
="770000737",="Present",="8/13/2026",
="800001543",="Present",="8/13/2026",
="800001723",="Present",="8/13/2026",
="800001739",="Present",="8/13/2026",
="800001846",="Present",="8/13/2026",
="800001863",="Present",="8/13/2026",
="800001934",="Present",="8/13/2026",
="800001943",="Present",="8/13/2026",
="800001950",="Present",="8/13/2026",
="800001985",="Present",="8/13/2026",
="800002010",="Present",="8/13/2026",
="800002011",="Present",="8/13/2026",
="800002020",="Present",="8/13/2026",
="800002021",="Present",="8/13/2026",
="800002035",="Present",="8/13/2026",
="800002036",="Present",="8/13/2026",
="800002053",="Present",="8/13/2026",
="800002059",="Present",="8/13/2026",
="800000754",="Present",="8/13/2026",
="800000941",="Present",="8/13/2026",
="800001368",="Present",="8/13/2026",
="800001502",="Present",="8/13/2026",
="800001508",="Present",="8/13/2026",
="800001626",="Present",="8/13/2026",
="800001657",="Present",="8/13/2026",
="800001701",="Present",="8/13/2026",
="800001466",="Present",="8/14/2026",
="800001591",="Present",="8/14/2026",
="800000463",="Present",="8/13/2026",
="800001638",="Absent",="8/13/2026",
="800002007",="Present",="8/13/2026",
="800002034",="Present",="8/13/2026",
="800002064",="Present",="8/13/2026",
="800002081",="Present",="8/13/2026",
="800002087",="Present",="8/13/2026",
="800002100",="Present",="8/13/2026",
="800002104",="Present",="8/13/2026",
="800002111",="Present",="8/13/2026",
="800002114",="Present",="8/13/2026",
="800002127",="Absent",="8/13/2026",
="800002132",="Present",="8/13/2026",
="800002133",="Present",="8/13/2026",
="800002134",="Present",="8/13/2026",
="800002141",="Present",="8/13/2026",
="800002143",="Present",="8/13/2026",
="800002177",="Present",="8/13/2026",
="800000348",="Present",="8/15/2026",
="800001689",="Present",="8/15/2026",
="800001771",="Present",="8/15/2026",
="800001852",="Present",="8/15/2026",
="800001863",="Present",="8/15/2026",
="800001864",="Present",="8/15/2026",
="800001908",="Present",="8/15/2026",
="800002029",="Present",="8/15/2026",
="800002035",="Present",="8/15/2026",
="800001502",="Present",="6/13/2026",
="800001701",="Present",="6/13/2026",
="800001502",="Present",="6/20/2026",
="800001701",="Present",="6/20/2026",
="800001502",="Present",="8/1/2026",
="800001701",="Present",="8/1/2026",
="800001114",="Present",="8/12/2026",
="800001330",="Present",="8/12/2026",
="800001434",="Present",="8/12/2026",
="800001443",="Present",="8/12/2026",
="800001498",="Present",="8/12/2026",
="800001528",="Present",="8/12/2026",
="800001533",="Present",="8/12/2026",
="800001563",="Present",="8/12/2026",
="800001580",="Present",="8/12/2026",
="800001625",="Present",="8/12/2026",
="800001633",="Present",="8/12/2026",
="800001644",="Present",="8/12/2026",
="800001650",="Present",="8/12/2026",
="800001665",="Present",="8/12/2026",
="800001689",="Present",="8/12/2026",
="800001695",="Present",="8/12/2026",
="800001708",="Present",="8/12/2026",
="800001710",="Present",="8/12/2026",
="800001724",="Present",="8/12/2026",
="800001729",="Present",="8/12/2026",
="800001735",="Present",="8/12/2026",
="800001757",="Present",="8/12/2026",
="800001761",="Present",="8/12/2026",
="800001769",="Present",="8/12/2026",
="800001771",="Present",="8/12/2026",
="800001775",="Present",="8/12/2026",
="800001778",="Present",="8/12/2026",
="800001789",="Present",="8/12/2026",
="800001798",="Present",="8/12/2026",
="800001802",="Present",="8/12/2026",
="800001803",="Present",="8/12/2026",
="800001815",="Present",="8/12/2026",
="800001821",="Present",="8/12/2026",
="800001862",="Present",="8/12/2026",
="800001892",="Present",="8/12/2026",
="800001924",="Present",="8/12/2026",
="800001925",="Present",="8/12/2026",
="800001940",="Present",="8/12/2026",
="770000323",="Present",="8/12/2026",
="770000409",="Present",="8/12/2026",
="770017870",="Present",="8/12/2026",
="800000927",="Present",="8/12/2026",
="800001094",="Present",="8/12/2026",
="800001268",="Present",="8/12/2026",
="800001410",="Present",="8/12/2026",
="800001529",="Present",="8/12/2026",
="800001548",="Present",="8/12/2026",
="800001562",="Present",="8/12/2026",
="800000722",="Present",="8/12/2026",
="800001513",="Present",="8/12/2026",
="800000774",="Present",="8/12/2026",
="800001325",="Absent",="8/13/2026",
="800001414",="Present",="8/13/2026",
="800001445",="Present",="8/13/2026",
="800001468",="Present",="8/13/2026",
="800001688",="Present",="8/13/2026",
="800001712",="Present",="8/13/2026",
="800001740",="Present",="8/13/2026",
="800001902",="Present",="8/13/2026",
="800002005",="Present",="8/13/2026",
="800001958",="Present",="8/16/2026",
="800001959",="Present",="8/16/2026",
="800001963",="Present",="8/16/2026",
="800000072",="Present",="8/17/2026",
="800001066",="Present",="8/17/2026",
="800001560",="Present",="8/17/2026",
="800001830",="Present",="8/17/2026",
="800002071",="Present",="8/17/2026",
="800002079",="Present",="8/17/2026",
="800002080",="Present",="8/17/2026",
="800002092",="Present",="8/17/2026",
="800002093",="Present",="8/17/2026",
="800002099",="Present",="8/17/2026",
="800002106",="Present",="8/17/2026",
="800002107",="Present",="8/17/2026",
="800002109",="Present",="8/17/2026",
="800002120",="Present",="8/17/2026",
="800002122",="Present",="8/17/2026",
="800002123",="Present",="8/17/2026",
="800002128",="Present",="8/17/2026",
="800002142",="Present",="8/17/2026",
="800002154",="Present",="8/17/2026",
="800002160",="Absent",="8/17/2026",
="800002162",="Present",="8/17/2026",
="800002172",="Present",="8/17/2026",
="800002067",="Present",="8/17/2026",
="800000072",="Present",="7/16/2026",
="800001066",="Present",="7/16/2026",
="800001560",="Absent",="7/16/2026",
="800002067",="Present",="7/16/2026",
="800002071",="Present",="7/16/2026",
="800002079",="Present",="7/16/2026",
="800002080",="Present",="7/16/2026",
="800002092",="Present",="7/16/2026",
="800002093",="Present",="7/16/2026",
="800002099",="Present",="7/16/2026",
="800002106",="Present",="7/16/2026",
="800002107",="Present",="7/16/2026",
="800002109",="Present",="7/16/2026",
="800002120",="Present",="7/16/2026",
="800002122",="Present",="7/16/2026",
="800002123",="Present",="7/16/2026",
="800002128",="Present",="7/16/2026",
="800002154",="Present",="7/16/2026",
="800002160",="Present",="7/16/2026",
="800002162",="Absent",="7/16/2026",
="800002172",="Present",="7/16/2026",
="800000072",="Present",="8/13/2026",
="800001066",="Present",="8/13/2026",
="800001560",="Present",="8/13/2026",
="800002067",="Present",="8/13/2026",
="800002071",="Present",="8/13/2026",
="800002079",="Present",="8/13/2026",
="800002080",="Present",="8/13/2026",
="800002092",="Present",="8/13/2026",
="800002093",="Present",="8/13/2026",
="800002099",="Present",="8/13/2026",
="800002106",="Present",="8/13/2026",
="800002107",="Present",="8/13/2026",
="800002109",="Present",="8/13/2026",
="800002120",="Present",="8/13/2026",
="800002122",="Present",="8/13/2026",
="800002123",="Present",="8/13/2026",
="800002128",="Present",="8/13/2026",
="800002154",="Present",="8/13/2026",
="800002160",="Present",="8/13/2026",
="800002162",="Present",="8/13/2026",
="800002172",="Present",="8/13/2026",
="800002289",="Present",="8/13/2026",
="800002289",="Present",="8/6/2026",
="800002289",="Present",="6/11/2026",
="800000463",="Present",="8/17/2026",
="800001845",="Present",="8/17/2026",
="800001909",="Present",="8/17/2026",
="800001998",="Present",="8/17/2026",
="800002007",="Present",="8/17/2026",
="800002034",="Present",="8/17/2026",
="800002042",="Present",="8/17/2026",
="800002049",="Present",="8/17/2026",
="800002064",="Present",="8/17/2026",
="800002081",="Present",="8/17/2026",
="800002087",="Present",="8/17/2026",
="800002088",="Present",="8/17/2026",
="800002100",="Present",="8/17/2026",
="800002104",="Present",="8/17/2026",
="800002111",="Present",="8/17/2026",
="800002114",="Present",="8/17/2026",
="800002127",="Absent",="8/17/2026",
="800002132",="Present",="8/17/2026",
="800002133",="Present",="8/17/2026",
="800002134",="Present",="8/17/2026",
="800002141",="Present",="8/17/2026",
="800002143",="Present",="8/17/2026",
="800002177",="Present",="8/17/2026",
="800001466",="Present",="8/19/2026",
="800001591",="Present",="8/19/2026",
="800001987",="Absent",="7/2/2026",
="800001623",="Present",="8/13/2026",
="800001761",="Present",="8/13/2026",
="800001769",="Present",="8/13/2026",
="800001775",="Present",="8/13/2026",
="800001928",="Present",="8/13/2026",
="800000463",="Present",="8/14/2026",
="800001845",="Present",="8/14/2026",
="800001909",="Present",="8/14/2026",
="800001998",="Present",="8/14/2026",
="800002007",="Present",="8/14/2026",
="800002034",="Present",="8/14/2026",
="800002042",="Present",="8/14/2026",
="800002049",="Present",="8/14/2026",
="800002064",="Present",="8/14/2026",
="800002081",="Present",="8/14/2026",
="800002087",="Present",="8/14/2026",
="800002088",="Present",="8/14/2026",
="800002100",="Present",="8/14/2026",
="800002104",="Present",="8/14/2026",
="800002111",="Present",="8/14/2026",
="800002114",="Present",="8/14/2026",
="800002127",="Present",="8/14/2026",
="800002132",="Present",="8/14/2026",
="800002133",="Present",="8/14/2026",
="800002134",="Present",="8/14/2026",
="800002141",="Present",="8/14/2026",
="800002143",="Present",="8/14/2026",
="800002177",="Present",="8/14/2026",
="800000072",="Present",="7/30/2026",
="800001066",="Present",="7/30/2026",
="800001560",="Present",="7/30/2026",
="800002067",="Present",="7/30/2026",
="800002071",="Present",="7/30/2026",
="800002079",="Present",="7/30/2026",
="800002080",="Present",="7/30/2026",
="800002092",="Present",="7/30/2026",
="800002093",="Present",="7/30/2026",
="800002099",="Present",="7/30/2026",
="800002106",="Present",="7/30/2026",
="800002107",="Present",="7/30/2026",
="800002109",="Present",="7/30/2026",
="800002120",="Present",="7/30/2026",
="800002122",="Present",="7/30/2026",
="800002123",="Present",="7/30/2026",
="800002128",="Present",="7/30/2026",
="800002154",="Present",="7/30/2026",
="800002160",="Present",="7/30/2026",
="800002162",="Present",="7/30/2026",
="800002172",="Present",="7/30/2026",
="800002289",="Present",="7/30/2026",
="770000737",="Present",="7/31/2026",
="800000463",="Present",="7/31/2026",
="800001691",="Present",="7/31/2026",
="800001757",="Present",="7/31/2026",
="800001845",="Present",="7/31/2026",
="800001909",="Present",="7/31/2026",
="800001910",="Present",="7/31/2026",
="800001943",="Present",="7/31/2026",
="800001998",="Present",="7/31/2026",
="800002007",="Present",="7/31/2026",
="800002020",="Present",="7/31/2026",
="800002034",="Present",="7/31/2026",
="800002042",="Present",="7/31/2026",
="800002049",="Present",="7/31/2026",
="800002064",="Present",="7/31/2026",
="800002088",="Present",="7/31/2026",
="800002100",="Present",="7/31/2026",
="800002104",="Present",="7/31/2026",
="800002111",="Present",="7/31/2026",
="800002114",="Present",="7/31/2026",
="800002127",="Present",="7/31/2026",
="800002132",="Present",="7/31/2026",
="800002133",="Present",="7/31/2026",
="800002141",="Present",="7/31/2026",
="800002177",="Present",="7/31/2026",
="800001466",="Present",="8/21/2026",
="800001591",="Present",="8/21/2026",
="800001502",="Present",="8/18/2026",
="800001591",="Present",="8/18/2026",
="800001657",="Present",="8/18/2026",
="800001673",="Present",="8/18/2026",
="800001701",="Present",="8/18/2026",
="800001543",="Present",="8/17/2026",
="800001634",="Present",="8/17/2026",
="800001650",="Absent",="8/17/2026",
="800001757",="Present",="8/17/2026",
="800001761",="Present",="8/17/2026",
="800001850",="Present",="8/17/2026",
="800001852",="Present",="8/17/2026",
="800001860",="Present",="8/17/2026",
="800001862",="Present",="8/17/2026",
="800001863",="Present",="8/17/2026",
="800001878",="Present",="8/17/2026",
="800001884",="Present",="8/17/2026",
="800001888",="Present",="8/17/2026",
="800001954",="Present",="8/17/2026",
="800002010",="Present",="8/17/2026",
="800002011",="Present",="8/17/2026",
="800002021",="Present",="8/17/2026",
="800002035",="Present",="8/17/2026",
="800002053",="Present",="8/17/2026",
="800001543",="Present",="8/18/2026",
="800001634",="Present",="8/18/2026",
="800001650",="Absent",="8/18/2026",
="800001757",="Present",="8/18/2026",
="800001761",="Present",="8/18/2026",
="800001850",="Present",="8/18/2026",
="800001852",="Present",="8/18/2026",
="800001860",="Present",="8/18/2026",
="800001862",="Present",="8/18/2026",
="800001863",="Present",="8/18/2026",
="800001878",="Present",="8/18/2026",
="800001884",="Present",="8/18/2026",
="800001888",="Present",="8/18/2026",
="800001954",="Present",="8/18/2026",
="800002010",="Present",="8/18/2026",
="800002011",="Present",="8/18/2026",
="800002021",="Present",="8/18/2026",
="800002035",="Present",="8/18/2026",
="800002053",="Present",="8/18/2026",
="800000348",="Present",="8/17/2026",
="800001114",="Present",="8/17/2026",
="800001330",="Present",="8/17/2026",
="800001439",="Present",="8/17/2026",
="800001580",="Absent",="8/17/2026",
="800001623",="Present",="8/17/2026",
="800001649",="Present",="8/17/2026",
="800001689",="Present",="8/17/2026",
="800001708",="Present",="8/17/2026",
="800001714",="Present",="8/17/2026",
="800001739",="Present",="8/17/2026",
="800001769",="Present",="8/17/2026",
="800001771",="Present",="8/17/2026",
="800001775",="Present",="8/17/2026",
="800001778",="Present",="8/17/2026",
="800001802",="Present",="8/17/2026",
="800001829",="Present",="8/17/2026",
="800001840",="Present",="8/17/2026",
="800001856",="Present",="8/17/2026",
="800001864",="Present",="8/17/2026",
="800001876",="Present",="8/17/2026",
="800001903",="Present",="8/17/2026",
="800001908",="Present",="8/17/2026",
="800001928",="Present",="8/17/2026",
="800001955",="Present",="8/17/2026",
="800001986",="Present",="8/17/2026",
="800002008",="Present",="8/17/2026",
="800002017",="Present",="8/17/2026",
="800002026",="Present",="8/17/2026",
="800002029",="Present",="8/17/2026",
="800000348",="Present",="8/18/2026",
="800001114",="Present",="8/18/2026",
="800001330",="Present",="8/18/2026",
="800001439",="Present",="8/18/2026",
="800001580",="Absent",="8/18/2026",
="800001623",="Present",="8/18/2026",
="800001649",="Present",="8/18/2026",
="800001689",="Present",="8/18/2026",
="800001708",="Present",="8/18/2026",
="800001714",="Present",="8/18/2026",
="800001739",="Present",="8/18/2026",
="800001769",="Present",="8/18/2026",
="800001771",="Present",="8/18/2026",
="800001775",="Present",="8/18/2026",
="800001778",="Present",="8/18/2026",
="800001802",="Present",="8/18/2026",
="800001829",="Present",="8/18/2026",
="800001840",="Present",="8/18/2026",
="800001856",="Present",="8/18/2026",
="800001864",="Present",="8/18/2026",
="800001876",="Absent",="8/18/2026",
="800001903",="Present",="8/18/2026",
="800001908",="Present",="8/18/2026",
="800001928",="Present",="8/18/2026",
="800001955",="Present",="8/18/2026",
="800001986",="Present",="8/18/2026",
="800002008",="Present",="8/18/2026",
="800002017",="Present",="8/18/2026",
="800002026",="Present",="8/18/2026",
="800002029",="Absent",="8/18/2026",
="800001634",="Absent",="8/13/2026",
="800001714",="Absent",="8/13/2026",
="800001724",="Present",="8/13/2026",
="800001821",="Absent",="8/13/2026",
="800001841",="Present",="8/13/2026",
="800001842",="Present",="8/13/2026",
="800001850",="Present",="8/13/2026",
="800001860",="Present",="8/13/2026",
="800001874",="Present",="8/13/2026",
="800001884",="Present",="8/13/2026",
="800001888",="Present",="8/13/2026",
="800001924",="Present",="8/13/2026",
="800001925",="Present",="8/13/2026",
="800001940",="Present",="8/13/2026",
="800001987",="Present",="8/13/2026",
="800002023",="Present",="8/13/2026",
="800002062",="Present",="8/13/2026",
="800001623",="Present",="8/20/2026",
="800001634",="Absent",="8/20/2026",
="800001714",="Present",="8/20/2026",
="800001724",="Present",="8/20/2026",
="800001821",="Present",="8/20/2026",
="800001841",="Present",="8/20/2026",
="800001842",="Present",="8/20/2026",
="800001850",="Present",="8/20/2026",
="800001860",="Present",="8/20/2026",
="800001874",="Present",="8/20/2026",
="800001884",="Present",="8/20/2026",
="800001888",="Present",="8/20/2026",
="800001924",="Present",="8/20/2026",
="800001925",="Present",="8/20/2026",
="800001934",="Present",="8/20/2026",
="800001940",="Present",="8/20/2026",
="800001987",="Present",="8/20/2026",
="800002023",="Present",="8/20/2026",
="800002062",="Absent",="8/20/2026",
="800000072",="Present",="8/31/2026",
="800001066",="Present",="8/31/2026",
="800001950",="Absent",="8/31/2026",
="800001985",="Present",="8/31/2026",
="800002036",="Present",="8/31/2026",
="800002059",="Present",="8/31/2026",
="800002062",="Absent",="8/31/2026",
="800002071",="Present",="8/31/2026",
="800002079",="Present",="8/31/2026",
="800002099",="Present",="8/31/2026",
="800002109",="Present",="8/31/2026",
="800002120",="Present",="8/31/2026",
="800002122",="Present",="8/31/2026",
="800002128",="Present",="8/31/2026",
="800002154",="Present",="8/31/2026",
="800002160",="Present",="8/31/2026",
="800002172",="Absent",="8/31/2026",
="800002020",="Absent",="8/31/2026",
="800002059",="Tardy/Late",="8/31/2026",
="800002062",="Tardy/Late",="8/31/2026",
="800002109",="Absent",="8/31/2026",
="770062569",="Present",="8/31/2026",
="800001326",="Present",="8/31/2026",
="800001436",="Absent",="8/31/2026",
="800001747",="Present",="8/31/2026",
="800002086",="Present",="8/31/2026",
="800002107",="Present",="8/31/2026",
="800002137",="Present",="8/31/2026",
="800002150",="Present",="8/31/2026",
="800002164",="Present",="8/31/2026",
="800002178",="Present",="8/31/2026",
="800002185",="Present",="8/31/2026",
="800002194",="Present",="8/31/2026",
="800002220",="Present",="8/31/2026",
="800002224",="Present",="8/31/2026",
="800002225",="Absent",="8/31/2026",
="800002244",="Present",="8/31/2026",
="800002245",="Present",="8/31/2026",
="800002248",="Present",="8/31/2026",
="800002252",="Present",="8/31/2026",
="800002256",="Present",="8/31/2026",
="800002257",="Present",="8/31/2026",
="800002259",="Absent",="8/31/2026",
="800002262",="Absent",="8/31/2026",
="800002266",="Present",="8/31/2026",
="800001750",="Present",="8/31/2026",
="800001942",="Absent",="8/31/2026",
="800002082",="Present",="8/31/2026",
="800002092",="Present",="8/31/2026",
="800002104",="Absent",="8/31/2026",
="800002106",="Present",="8/31/2026",
="800002112",="Present",="8/31/2026",
="800002127",="Absent",="8/31/2026",
="800002230",="Absent",="8/31/2026",
="800002234",="Present",="8/31/2026",
="800002272",="Present",="8/31/2026",
="800002277",="Present",="8/31/2026",
="800002278",="Absent",="8/31/2026",
="800002280",="Present",="8/31/2026",
="800002292",="Present",="8/31/2026",
="800002307",="Present",="8/31/2026",
="800002314",="Present",="8/31/2026",
="800002315",="Present",="8/31/2026",
="800002316",="Present",="8/31/2026",
="800002321",="Present",="8/31/2026",
="770000737",="Present",="8/31/2026",
="800000463",="Present",="8/31/2026",
="800001842",="Present",="8/31/2026",
="800001845",="Present",="8/31/2026",
="800001874",="Present",="8/31/2026",
="800001909",="Present",="8/31/2026",
="800001943",="Absent",="8/31/2026",
="800001987",="Present",="8/31/2026",
="800001998",="Present",="8/31/2026",
="800002007",="Present",="8/31/2026",
="800002023",="Present",="8/31/2026",
="800002034",="Present",="8/31/2026",
="800002042",="Present",="8/31/2026",
="800002049",="Present",="8/31/2026",
="800002088",="Present",="8/31/2026",
="800002100",="Present",="8/31/2026",
="800002111",="Present",="8/31/2026",
="800002114",="Present",="8/31/2026",
="800002123",="Present",="8/31/2026",
="800002132",="Present",="8/31/2026",
="800002133",="Present",="8/31/2026",
="800002141",="Present",="8/31/2026",
="800002177",="Absent",="8/31/2026",
="800001958",="Absent",="8/31/2026",
="770000203",="Absent",="8/31/2026",
="770000237",="Present",="8/31/2026",
="800000104",="Present",="8/31/2026",
="800000228",="Present",="8/31/2026",
="800000659",="Present",="8/31/2026",
="800001031",="Absent",="8/31/2026",
="800001414",="Present",="8/31/2026",
="800001415",="Present",="8/31/2026",
="800001419",="Present",="8/31/2026",
="800001443",="Absent",="8/31/2026",
="800001459",="Present",="8/31/2026",
="800001598",="Absent",="8/31/2026",
="800001681",="Present",="8/31/2026",
="800001821",="Present",="8/31/2026",
="800001940",="Present",="8/31/2026",
="800002057",="Present",="8/31/2026",
="800002174",="Present",="8/31/2026",
="800001198",="Present",="8/31/2026",
="800001445",="Present",="8/31/2026",
="800001468",="Present",="8/31/2026",
="800001593",="Present",="8/31/2026",
="800001607",="Present",="8/31/2026",
="800001688",="Present",="8/31/2026",
="800001712",="Present",="8/31/2026",
="800001740",="Present",="8/31/2026",
="800001902",="Present",="8/31/2026",
="800002005",="Present",="8/31/2026",
="800000348",="Present",="8/31/2026",
="800001439",="Present",="8/31/2026",
="800001623",="Absent",="8/31/2026",
="800001634",="Absent",="8/31/2026",
="800001649",="Present",="8/31/2026",
="800001829",="Present",="8/31/2026",
="800001840",="Present",="8/31/2026",
="800001846",="Present",="8/31/2026",
="800001850",="Present",="8/31/2026",
="800001852",="Present",="8/31/2026",
="800001856",="Present",="8/31/2026",
="800001860",="Present",="8/31/2026",
="800001863",="Present",="8/31/2026",
="800001864",="Present",="8/31/2026",
="800001876",="Present",="8/31/2026",
="800001878",="Present",="8/31/2026",
="800001884",="Present",="8/31/2026",
="800001888",="Present",="8/31/2026",
="800001903",="Absent",="8/31/2026",
="800001908",="Present",="8/31/2026",
="800001910",="Present",="8/31/2026",
="800001934",="Present",="8/31/2026",
="800001954",="Present",="8/31/2026",
="800001955",="Present",="8/31/2026",
="800001986",="Present",="8/31/2026",
="800002008",="Present",="8/31/2026",
="800002010",="Present",="8/31/2026",
="800002011",="Present",="8/31/2026",
="800002017",="Present",="8/31/2026",
="800002021",="Present",="8/31/2026",
="800002026",="Present",="8/31/2026",
="800002029",="Present",="8/31/2026",
="800002035",="Present",="8/31/2026",
="800002053",="Present",="8/31/2026",
="800001967",="Present",="8/31/2026",
="800002165",="Present",="8/31/2026",
="800002189",="Absent",="8/31/2026",
="800002249",="Present",="8/31/2026",
="800002285",="Present",="8/31/2026",
="800002310",="Present",="8/31/2026",
="800002324",="Present",="8/31/2026",
="770000203",="Present",="8/31/2026",
="770061948",="Present",="8/31/2026",
="800001394",="Present",="8/31/2026",
="800001443",="Present",="8/31/2026",
="800001533",="Present",="8/31/2026",
="800001598",="Present",="8/31/2026",
="800001697",="Present",="8/31/2026",
="800002144",="Present",="8/31/2026",
="800000495",="Present",="8/31/2026",
="800002203",="Present",="8/31/2026",
="800001830",="Present",="8/31/2026",
="800002117",="Present",="8/31/2026",
="800002152",="Present",="8/31/2026",
="800002187",="Present",="8/31/2026",
="800002193",="Present",="8/31/2026",
="800002202",="Present",="8/31/2026",
="800002216",="Present",="8/31/2026",
="800002218",="Present",="8/31/2026",
="800002221",="Absent",="8/31/2026",
="800002222",="Absent",="8/31/2026",
="800002228",="Present",="8/31/2026",
="800002237",="Absent",="8/31/2026",
="800002240",="Present",="8/31/2026",
="800002264",="Present",="8/31/2026",
="800002269",="Absent",="8/31/2026",
="800002281",="Present",="8/31/2026",
="800002286",="Present",="8/31/2026",
="800002293",="Present",="8/31/2026",
="800002299",="Present",="8/31/2026",
="800002303",="Present",="8/31/2026",
="800002312",="Present",="8/31/2026",
="800002322",="Present",="8/31/2026",
="800001974",="Present",="8/31/2026",
="800001994",="Present",="8/31/2026",
="800002055",="Present",="8/31/2026",
="800002136",="Present",="8/31/2026",
="800002260",="Present",="8/31/2026",
="800002267",="Present",="8/31/2026",
="800002271",="Present",="8/31/2026",
="800002300",="Present",="8/31/2026",
="800002317",="Present",="8/31/2026",
="800002327",="Absent",="8/31/2026",
="800002329",="Present",="8/31/2026",
="800002235",="Present",="8/31/2026",
="800002203",="Present",="9/1/2026",
="800002235",="Present",="9/1/2026",
="800002285",="Present",="9/1/2026",
="800002324",="Present",="9/1/2026",
="800002226",="Absent",="8/31/2026",
="800000941",="Absent",="8/31/2026",
="800001502",="Absent",="8/31/2026",
="800001508",="Absent",="8/31/2026",
="800001626",="Present",="8/31/2026",
="800001657",="Present",="8/31/2026",
="800001701",="Absent",="8/31/2026",
="800002005",="Absent",="8/31/2026",
="800001958",="Present",="8/31/2026",
="800001959",="Absent",="8/31/2026",
="800001963",="Present",="8/31/2026",
="800001830",="Present",="9/1/2026",
="800001967",="Present",="9/1/2026",
="800002152",="Present",="9/1/2026",
="800002187",="Present",="9/1/2026",
="800002193",="Present",="9/1/2026",
="800002202",="Present",="9/1/2026",
="800002216",="Present",="9/1/2026",
="800002218",="Present",="9/1/2026",
="800002221",="Present",="9/1/2026",
="800002222",="Absent",="9/1/2026",
="800002228",="Present",="9/1/2026",
="800002237",="Present",="9/1/2026",
="800002264",="Present",="9/1/2026",
="800002269",="Absent",="9/1/2026",
="800002281",="Present",="9/1/2026",
="800002286",="Absent",="9/1/2026",
="800002300",="Present",="9/1/2026",
="800001974",="Present",="9/1/2026",
="800001994",="Present",="9/1/2026",
="800002055",="Present",="9/1/2026",
="800002117",="Present",="9/1/2026",
="800002136",="Present",="9/1/2026",
="800002240",="Present",="9/1/2026",
="800002260",="Present",="9/1/2026",
="800002267",="Present",="9/1/2026",
="800002271",="Present",="9/1/2026",
="800002293",="Present",="9/1/2026",
="800002299",="Present",="9/1/2026",
="800002303",="Present",="9/1/2026",
="800002312",="Present",="9/1/2026",
="800002317",="Present",="9/1/2026",
="800002322",="Present",="9/1/2026",
="800002324",="Absent",="9/1/2026",
="800002327",="Absent",="9/1/2026",
="800002329",="Present",="9/1/2026",
="770000203",="Present",="9/1/2026",
="770000237",="Present",="9/1/2026",
="770061948",="Present",="9/1/2026",
="800000228",="Present",="9/1/2026",
="800000659",="Present",="9/1/2026",
="800001031",="Present",="9/1/2026",
="800001394",="Present",="9/1/2026",
="800001415",="Present",="9/1/2026",
="800001419",="Present",="9/1/2026",
="800001443",="Present",="9/1/2026",
="800001459",="Present",="9/1/2026",
="800001593",="Absent",="9/1/2026",
="800001598",="Present",="9/1/2026",
="800001681",="Present",="9/1/2026",
="800001771",="Absent",="9/1/2026",
="800001821",="Present",="9/1/2026",
="800001940",="Present",="9/1/2026",
="800002057",="Present",="9/1/2026",
="800002144",="Present",="9/1/2026",
="800002174",="Present",="9/1/2026",
="800002261",="Present",="9/1/2026",
="800001459",="Absent",="9/1/2026",
="800001598",="Absent",="9/1/2026",
="800001771",="Present",="9/1/2026",
="800002174",="Absent",="9/1/2026",
="800000072",="Present",="9/1/2026",
="800001066",="Present",="9/1/2026",
="800001950",="Absent",="9/1/2026",
="800001985",="Present",="9/1/2026",
="800002020",="Present",="9/1/2026",
="800002036",="Present",="9/1/2026",
="800002059",="Present",="9/1/2026",
="800002062",="Present",="9/1/2026",
="800002071",="Present",="9/1/2026",
="800002079",="Present",="9/1/2026",
="800002099",="Present",="9/1/2026",
="800002109",="Present",="9/1/2026",
="800002120",="Present",="9/1/2026",
="800002122",="Present",="9/1/2026",
="800002128",="Present",="9/1/2026",
="800002154",="Present",="9/1/2026",
="800002160",="Present",="9/1/2026",
="800002172",="Absent",="9/1/2026",
="800001508",="Present",="9/1/2026",
="800001712",="Present",="9/1/2026",
="800001740",="Present",="9/1/2026",
="800002067",="Present",="9/1/2026",
="770000737",="Present",="9/1/2026",
="800000463",="Tardy/Late excused",="9/1/2026",
="800001842",="Tardy/Late excused",="9/1/2026",
="800001845",="Present",="9/1/2026",
="800001874",="Present",="9/1/2026",
="800001909",="Present",="9/1/2026",
="800001943",="Present",="9/1/2026",
="800001987",="Tardy/Late",="9/1/2026",
="800001998",="Present",="9/1/2026",
="800002007",="Absent",="9/1/2026",
="800002023",="Present",="9/1/2026",
="800002034",="Present",="9/1/2026",
="800002042",="Present",="9/1/2026",
="800002049",="Present",="9/1/2026",
="800002088",="Tardy/Late",="9/1/2026",
="800002100",="Present",="9/1/2026",
="800002111",="Present",="9/1/2026",
="800002114",="Present",="9/1/2026",
="800002123",="Present",="9/1/2026",
="800002132",="Present",="9/1/2026",
="800002133",="Present",="9/1/2026",
="800002141",="Present",="9/1/2026",
="800002177",="Present",="9/1/2026",
="770000436",="Present",="9/1/2026",
="800001899",="Present",="9/1/2026",
="800002033",="Present",="9/1/2026",
="800002164",="Present",="9/1/2026",
="800002180",="Absent",="9/1/2026",
="800002237",="Absent",="9/1/2026",
="800002255",="Present",="9/1/2026",
="800002315",="Present",="9/1/2026",
="800002080",="Present",="9/1/2026",
="800002093",="Present",="9/1/2026",
="800002140",="Present",="9/1/2026",
="800002142",="Present",="9/1/2026",
="800002150",="Present",="9/1/2026",
="800002300",="Absent",="9/1/2026",
="800002329",="Absent",="9/1/2026",
="800002033",="Present",="9/2/2026",
="800002061",="Absent",="9/2/2026",
="800002081",="Present",="9/2/2026",
="800002087",="Present",="9/2/2026",
="800002117",="Present",="9/2/2026",
="800002134",="Present",="9/2/2026",
="800002136",="Present",="9/2/2026",
="800002180",="Absent",="9/2/2026",
="800002187",="Present",="9/2/2026",
="800002193",="Present",="9/2/2026",
="800002202",="Present",="9/2/2026",
="800002216",="Absent",="9/2/2026",
="800002218",="Present",="9/2/2026",
="800002228",="Present",="9/2/2026",
="800002237",="Absent",="9/2/2026",
="800002238",="Present",="9/2/2026",
="800002240",="Present",="9/2/2026",
="800002261",="Tardy/Late",="9/2/2026",
="800002281",="Present",="9/2/2026",
="800002286",="Absent",="9/2/2026",
="800002300",="Present",="9/2/2026",
="800002312",="Present",="9/2/2026",
="800002226",="Absent",="9/2/2026",
="800001723",="Present",="9/2/2026",
="800001842",="Present",="9/2/2026",
="800001845",="Present",="9/2/2026",
="800001846",="Present",="9/2/2026",
="800001852",="Present",="9/2/2026",
="800001863",="Present",="9/2/2026",
="800001874",="Present",="9/2/2026",
="800001908",="Absent",="9/2/2026",
="800001985",="Present",="9/2/2026",
="800001987",="Present",="9/2/2026",
="800002010",="Present",="9/2/2026",
="800002011",="Present",="9/2/2026",
="800002021",="Present",="9/2/2026",
="800002035",="Present",="9/2/2026",
="800002036",="Present",="9/2/2026",
="800002053",="Present",="9/2/2026",
="800002059",="Present",="9/2/2026",
="800002062",="Present",="9/2/2026",
="800002296",="Present",="8/31/2026",
="800000319",="Present",="9/1/2026",
="800000319",="Present",="8/31/2026",
="800001899",="Present",="8/31/2026",
="800001198",="Present",="9/1/2026",
="800001445",="Present",="9/1/2026",
="800001468",="Present",="9/1/2026",
="800001626",="Present",="9/1/2026",
="800001688",="Present",="9/1/2026",
="800001902",="Present",="9/1/2026",
="800002005",="Present",="9/1/2026",
="800001958",="Present",="9/1/2026",
="800001959",="Present",="9/1/2026",
="800001963",="Present",="9/1/2026",
="800001557",="Present",="8/31/2026",
="800000934",="Present",="5/20/2026",
="800000934",="Present",="5/27/2026",
="800001668",="Present",="8/31/2026",
="800000934",="Present",="6/10/2026",
="800000934",="Present",="6/17/2026",
="800001771",="Present",="8/31/2026",
="800000934",="Present",="6/24/2026",
="800000934",="Present",="7/8/2026",
="800000934",="Present",="7/15/2026",
="800000934",="Present",="8/12/2026",
="800000934",="Present",="8/5/2026",
="800000934",="Present",="6/3/2026",
="800000934",="Present",="6/29/2026",
="800000934",="Present",="6/30/2026",
="800000934",="Present",="7/1/2026",
="770000237",="Present",="9/2/2026",
="800000228",="Present",="9/2/2026",
="800000659",="Present",="9/2/2026",
="800001198",="Present",="9/2/2026",
="800001414",="Present",="9/2/2026",
="800001415",="Present",="9/2/2026",
="800001419",="Present",="9/2/2026",
="800001459",="Present",="9/2/2026",
="800001593",="Present",="9/2/2026",
="800001598",="Absent",="9/2/2026",
="800001607",="Absent",="9/2/2026",
="800001681",="Present",="9/2/2026",
="800001771",="Present",="9/2/2026",
="800001821",="Present",="9/2/2026",
="800001940",="Present",="9/2/2026",
="800002057",="Absent",="9/2/2026",
="800002174",="Present",="9/2/2026",
="800001198",="Absent excused",="9/2/2026",
="800001593",="Absent",="9/2/2026",
="800001466",="Present",="9/2/2026",
="800001466",="Absent",="9/2/2026",
="800000348",="Present",="9/2/2026",
="800001439",="Present",="9/2/2026",
="800001623",="Absent",="9/2/2026",
="800001649",="Present",="9/2/2026",
="800001829",="Present",="9/2/2026",
="800001840",="Present",="9/2/2026",
="800001846",="Absent",="9/2/2026",
="800001850",="Present",="9/2/2026",
="800001856",="Present",="9/2/2026",
="800001860",="Present",="9/2/2026",
="800001876",="Present",="9/2/2026",
="800001878",="Present",="9/2/2026",
="800001888",="Present",="9/2/2026",
="800001917",="Present",="9/2/2026",
="800001928",="Present",="9/2/2026",
="800001955",="Present",="9/2/2026",
="800001986",="Present",="9/2/2026",
="800002008",="Present",="9/2/2026",
="800002017",="Present",="9/2/2026",
="800002026",="Present",="9/2/2026",
="800002029",="Present",="9/2/2026",
="770000436",="Present",="9/2/2026",
="800000072",="Present",="9/2/2026",
="800002071",="Present",="9/2/2026",
="800002079",="Present",="9/2/2026",
="800002080",="Present",="9/2/2026",
="800002099",="Present",="9/2/2026",
="800002109",="Present",="9/2/2026",
="800002120",="Present",="9/2/2026",
="800002122",="Present",="9/2/2026",
="800002154",="Present",="9/2/2026",
="800002189",="Absent",="9/2/2026",
="800002255",="Present",="9/2/2026",
="800002315",="Present",="9/2/2026",
="770061948",="Present",="9/2/2026",
="800001198",="Absent",="9/2/2026",
="800001557",="Present",="9/2/2026",
="800002331",="Present",="9/2/2026",
="800000495",="Present",="9/2/2026",
="800002067",="Present",="9/2/2026",
="800002203",="Present",="9/2/2026",
="800000463",="Present",="9/2/2026",
="800001436",="Absent",="9/2/2026",
="800001903",="Absent",="9/2/2026",
="800001909",="Present",="9/2/2026",
="800001943",="Present",="9/2/2026",
="800001998",="Present",="9/2/2026",
="800002007",="Present",="9/2/2026",
="800002023",="Present",="9/2/2026",
="800002034",="Present",="9/2/2026",
="800002042",="Present",="9/2/2026",
="800002049",="Present",="9/2/2026",
="800002088",="Present",="9/2/2026",
="800002100",="Present",="9/2/2026",
="800002111",="Present",="9/2/2026",
="800002114",="Present",="9/2/2026",
="800002123",="Present",="9/2/2026",
="800002132",="Present",="9/2/2026",
="800002133",="Present",="9/2/2026",
="800002141",="Present",="9/2/2026",
="800002177",="Present",="9/2/2026",
="800001591",="Absent",="9/2/2026",
="800001958",="Present",="9/2/2026",
="800001959",="Present",="9/2/2026",
="800001963",="Present",="9/2/2026",
="800001771",="Absent",="8/31/2026",
="800001668",="Absent",="8/31/2026",
="800002238",="Absent",="8/31/2026",
="800000319",="Absent",="9/1/2026",
="800002335",="Absent",="9/1/2026",
="770000237",="Present",="9/3/2026",
="770061948",="Present",="9/3/2026",
="800000104",="Present",="9/3/2026",
="800001394",="Absent",="9/3/2026",
="800002057",="Present",="9/3/2026",
="800002061",="Present",="9/3/2026",
="800002226",="Present",="9/3/2026",
="800002238",="Present",="9/3/2026",
="800002261",="Present",="9/3/2026",
="800000319",="Absent",="9/2/2026",
="800002255",="Absent",="9/2/2026",
="800002023",="Absent",="9/2/2026",
="800002042",="Absent",="9/2/2026",
="800001899",="Absent",="9/3/2026",
="800002140",="Present",="9/3/2026",
="800002150",="Present",="9/3/2026",
="800002164",="Present",="9/3/2026",
="800002189",="Absent",="9/3/2026",
="800002260",="Absent",="9/3/2026",
="800002267",="Present",="9/3/2026",
="800002271",="Present",="9/3/2026",
="800002299",="Present",="9/3/2026",
="800002317",="Present",="9/3/2026",
="800002329",="Present",="9/3/2026",
="800002331",="Present",="9/3/2026",
="800002233",="Absent",="8/31/2026",
="800002344",="Absent",="8/31/2026",
="800002335",="Absent",="8/31/2026",
="800002344",="Absent",="9/1/2026",
="800001910",="Absent",="9/2/2026",
="800002010",="Absent",="9/2/2026",
="800001958",="Present",="9/3/2026",
="800001959",="Present",="9/3/2026",
="800001963",="Present",="9/3/2026",
="800001445",="Present",="9/3/2026",
="800001468",="Present",="9/3/2026",
="800001688",="Present",="9/3/2026",
="800001712",="Present",="9/3/2026",
="800001740",="Present",="9/3/2026",
="800001902",="Present",="9/3/2026",
="800002005",="Present",="9/3/2026",
="770062569",="Present",="9/3/2026",
="800001326",="Present",="9/3/2026",
="800001747",="Present",="9/3/2026",
="800001750",="Present",="9/3/2026",
="800001942",="Absent",="9/3/2026",
="800002086",="Present",="9/3/2026",
="800002112",="Absent",="9/3/2026",
="800002137",="Present",="9/3/2026",
="800002178",="Present",="9/3/2026",
="800002185",="Present",="9/3/2026",
="800002194",="Present",="9/3/2026",
="800002220",="Present",="9/3/2026",
="800002224",="Present",="9/3/2026",
="800002225",="Absent",="9/3/2026",
="800002233",="Present",="9/3/2026",
="800002244",="Present",="9/3/2026",
="800002245",="Present",="9/3/2026",
="800002248",="Present",="9/3/2026",
="800002252",="Present",="9/3/2026",
="800002256",="Absent",="9/3/2026",
="800002257",="Present",="9/3/2026",
="800002266",="Present",="9/3/2026",
="800002272",="Present",="9/3/2026",
="800002278",="Absent",="9/3/2026",
="800001994",="Tardy/Late",="9/4/2026",
="800002033",="Tardy/Late",="9/4/2026",
="800002117",="Tardy/Late",="9/4/2026",
="800002152",="Tardy/Late",="9/4/2026",
="800002180",="Absent",="9/4/2026",
="800002187",="Tardy/Late",="9/4/2026",
="800002193",="Tardy/Late",="9/4/2026",
="800002202",="Tardy/Late",="9/4/2026",
="800002216",="Tardy/Late",="9/4/2026",
="800002218",="Tardy/Late",="9/4/2026",
="800002221",="Tardy/Late",="9/4/2026",
="800002222",="Absent",="9/4/2026",
="800002228",="Tardy/Late",="9/4/2026",
="800002237",="Absent",="9/4/2026",
="800002240",="Tardy/Late",="9/4/2026",
="800002255",="Tardy/Late",="9/4/2026",
="800002264",="Tardy/Late",="9/4/2026",
="800002281",="Tardy/Late",="9/4/2026",
="800002286",="Absent",="9/4/2026",
="800002293",="Tardy/Late",="9/4/2026",
="800002299",="Tardy/Late",="9/4/2026",
="800002303",="Tardy/Late",="9/4/2026",
="800002322",="Tardy/Late",="9/4/2026",
="800002344",="Tardy/Late",="9/4/2026",
="800000319",="Absent",="9/4/2026",
="800001899",="Absent",="9/4/2026",
="800001974",="Tardy/Late",="9/4/2026",
="800002055",="Tardy/Late",="9/4/2026",
="800002140",="Tardy/Late",="9/4/2026",
="800002178",="Tardy/Late",="9/4/2026",
="800002260",="Tardy/Late",="9/4/2026",
="800002267",="Tardy/Late",="9/4/2026",
="800002271",="Tardy/Late",="9/4/2026",
="800002300",="Tardy/Late",="9/4/2026",
="800002312",="Tardy/Late",="9/4/2026",
="800002315",="Tardy/Late",="9/4/2026",
="800002317",="Tardy/Late",="9/4/2026",
="800002329",="Tardy/Late",="9/4/2026",
="800001466",="Present",="9/4/2026",
="800001591",="Absent",="9/4/2026",
="800000941",="Present",="9/4/2026",
="800001414",="Present",="9/4/2026",
="800001459",="Present",="9/4/2026",
="800001508",="Present",="9/4/2026",
="800001557",="Present",="9/4/2026",
="800001607",="Present",="9/4/2026",
="800001712",="Present",="9/4/2026",
="800001740",="Present",="9/4/2026",
="800001902",="Present",="9/4/2026",
="800002005",="Present",="9/4/2026",
="800000072",="Present",="9/3/2026",
="800001066",="Present",="9/3/2026",
="800001986",="Present",="9/3/2026",
="800002008",="Present",="9/3/2026",
="800002062",="Present",="9/3/2026",
="800002071",="Present",="9/3/2026",
="800002079",="Present",="9/3/2026",
="800002080",="Present",="9/3/2026",
="800002099",="Present",="9/3/2026",
="800002109",="Present",="9/3/2026",
="800002120",="Present",="9/3/2026",
="800002122",="Present",="9/3/2026",
="800002128",="Present",="9/3/2026",
="800002154",="Present",="9/3/2026",
="800002160",="Present",="9/3/2026",
="800002172",="Present",="9/3/2026",
="800001958",="Present",="9/4/2026",
="800001959",="Present",="9/4/2026",
="800001963",="Present",="9/4/2026",
="800001958",="Present",="9/5/2026",
="800001959",="Present",="9/5/2026",
="800001963",="Present",="9/5/2026",
="800001967",="Present",="9/5/2026",
="800002203",="Present",="9/5/2026",
="800002249",="Present",="9/5/2026",
="800002310",="Present",="9/5/2026",
="800002324",="Present",="9/5/2026",
="800001439",="Present",="9/1/2026",
="800001691",="Present",="9/1/2026",
="800001829",="Present",="9/1/2026",
="800001840",="Present",="9/1/2026",
="800001850",="Present",="9/1/2026",
="800001856",="Present",="9/1/2026",
="800001860",="Present",="9/1/2026",
="800001864",="Present",="9/1/2026",
="800001903",="Present",="9/1/2026",
="800001908",="Present",="9/1/2026",
="800001910",="Present",="9/1/2026",
="800001955",="Present",="9/1/2026",
="800001986",="Present",="9/1/2026",
="800002008",="Present",="9/1/2026",
="800002017",="Present",="9/1/2026",
="800002026",="Present",="9/1/2026",
="800002029",="Present",="9/1/2026",
="800000495",="Present",="9/6/2026",
="800001394",="Present",="9/6/2026",
="800001445",="Present",="9/6/2026",
="800001657",="Present",="9/6/2026",
="800001668",="Present",="9/6/2026",
="800001697",="Absent",="9/6/2026",
="800001902",="Present",="9/6/2026",
="800002144",="Present",="9/6/2026",
="800002165",="Present",="9/6/2026",
="800002174",="Present",="9/6/2026",
="800002249",="Present",="9/6/2026",
="800002261",="Present",="9/6/2026",
="800002310",="Present",="9/6/2026",
="800002331",="Present",="9/6/2026",
="800001958",="Present",="9/6/2026",
="800001959",="Present",="9/6/2026",
="800001963",="Present",="9/6/2026",
="800002067",="Present",="9/6/2026",
="770017870",="Present",="9/4/2026",
="800000754",="Present",="9/4/2026",
="800001268",="Present",="9/4/2026",
="800001368",="Present",="9/4/2026",
="800001502",="Present",="9/4/2026",
="800001548",="Present",="9/4/2026",
="800001626",="Present",="9/4/2026",
="800001657",="Present",="9/4/2026",
="800001673",="Present",="9/4/2026",
="800001701",="Present",="9/4/2026",
="800000463",="Present",="9/4/2026",
="800001703",="Present",="9/4/2026",
="800001909",="Present",="9/4/2026",
="800001917",="Present",="9/4/2026",
="800001928",="Present",="9/4/2026",
="800002007",="Present",="9/4/2026",
="800002034",="Present",="9/4/2026",
="800002049",="Absent",="9/4/2026",
="800002064",="Present",="9/4/2026",
="800002100",="Present",="9/4/2026",
="800002111",="Present",="9/4/2026",
="800002114",="Present",="9/4/2026",
="800002127",="Present",="9/4/2026",
="800002132",="Present",="9/4/2026",
="800002133",="Present",="9/4/2026",
="800002141",="Present",="9/4/2026",
="800002177",="Present",="9/4/2026",
="800002309",="Absent",="9/4/2026",
="770000237",="Present",="9/6/2026",
="770061948",="Present",="9/6/2026",
="800000104",="Present",="9/6/2026",
="800000228",="Present",="9/6/2026",
="800000659",="Present",="9/6/2026",
="800001419",="Present",="9/6/2026",
="800001557",="Present",="9/6/2026",
="800001593",="Present",="9/6/2026",
="800001598",="Absent",="9/6/2026",
="800001697",="Present",="9/6/2026",
="800001757",="Present",="9/6/2026",
="800001771",="Present",="9/6/2026",
="800001821",="Present",="9/6/2026",
="800001940",="Present",="9/6/2026",
="800002203",="Present",="9/6/2026",
="800002285",="Present",="9/6/2026",
="770062569",="Present",="9/6/2026",
="800001326",="Present",="9/6/2026",
="800001703",="Present",="9/6/2026",
="800001747",="Present",="9/6/2026",
="800001942",="Absent",="9/6/2026",
="800002064",="Present",="9/6/2026",
="800002086",="Absent",="9/6/2026",
="800002127",="Absent",="9/6/2026",
="800002137",="Present",="9/6/2026",
="800002150",="Present",="9/6/2026",
="800002164",="Present",="9/6/2026",
="800002185",="Present",="9/6/2026",
="800002194",="Present",="9/6/2026",
="800002220",="Present",="9/6/2026",
="800002224",="Present",="9/6/2026",
="800002225",="Absent",="9/6/2026",
="800002244",="Present",="9/6/2026",
="800002245",="Present",="9/6/2026",
="800002248",="Present",="9/6/2026",
="800002252",="Present",="9/6/2026",
="800002256",="Present",="9/6/2026",
="800002257",="Absent",="9/6/2026",
="800002266",="Present",="9/6/2026",
="800002296",="Absent",="9/6/2026",
="800002309",="Absent",="9/6/2026",
="800001750",="Present",="9/6/2026",
="800002137",="Absent",="9/6/2026",
="800002178",="Present",="9/6/2026",
="800002220",="Absent",="9/6/2026",
="800002238",="Present",="9/6/2026",
="800002257",="Present",="9/6/2026",
="800002278",="Absent",="9/6/2026",
="800002309",="Present",="9/6/2026",
="800002314",="Present",="9/6/2026",
="800002057",="Present",="9/6/2026",
="800002082",="Absent",="9/6/2026",
="800002092",="Present",="9/6/2026",
="800002093",="Present",="9/6/2026",
="800002106",="Present",="9/6/2026",
="800002107",="Present",="9/6/2026",
="800002112",="Absent",="9/6/2026",
="800002123",="Present",="9/6/2026",
="800002128",="Present",="9/6/2026",
="800002142",="Present",="9/6/2026",
="800002226",="Present",="9/6/2026",
="800002234",="Present",="9/6/2026",
="800002272",="Present",="9/6/2026",
="800002277",="Present",="9/6/2026",
="800002280",="Present",="9/6/2026",
="800002292",="Present",="9/6/2026",
="800002307",="Present",="9/6/2026",
="800002316",="Present",="9/6/2026",
="800002321",="Present",="9/6/2026",
="800002324",="Present",="9/6/2026",
="800001414",="Present",="9/6/2026",
="800001740",="Present",="9/6/2026",
="800001940",="Absent",="9/6/2026",
="800001967",="Present",="9/6/2026",
="800002226",="Absent",="9/6/2026",
="800001757",="Absent",="8/31/2026",
="800001924",="Absent",="8/31/2026",
="800001924",="Absent",="9/6/2026",
="800001925",="Absent",="8/31/2026",
="800001925",="Absent",="9/6/2026",
="800001850",="Absent",="9/2/2026",
="800001860",="Absent",="9/2/2026",
="800002064",="Present",="8/31/2026",
="800002064",="Present",="9/1/2026",
="800001703",="Absent",="9/3/2026",
="800002082",="Absent",="9/3/2026",
="800002092",="Present",="9/3/2026",
="800002107",="Present",="9/3/2026",
="800002127",="Present",="9/3/2026",
="800002234",="Present",="9/3/2026",
="800002277",="Present",="9/3/2026",
="800002292",="Present",="9/3/2026",
="800002307",="Present",="9/3/2026",
="800002314",="Present",="9/3/2026",
="800002316",="Present",="9/3/2026",
="800002321",="Present",="9/3/2026",
="800002067",="Present",="9/8/2026",
="770000237",="Present",="9/8/2026",
="770061948",="Present",="9/8/2026",
="800000228",="Present",="9/8/2026",
="800000659",="Present",="9/8/2026",
="800001031",="Absent",="9/8/2026",
="800001394",="Absent",="9/8/2026",
="800001415",="Absent",="9/8/2026",
="800001419",="Absent",="9/8/2026",
="800001459",="Absent",="9/8/2026",
="800001593",="Present",="9/8/2026",
="800001598",="Present",="9/8/2026",
="800001681",="Present",="9/8/2026",
="800001757",="Present",="9/8/2026",
="800001771",="Present",="9/8/2026",
="800001821",="Present",="9/8/2026",
="800001862",="Present",="9/8/2026",
="800001940",="Present",="9/8/2026",
="800002057",="Present",="9/8/2026",
="800002144",="Present",="9/8/2026",
="800002174",="Present",="9/8/2026",
="800002261",="Present",="9/8/2026",
="800000072",="Present",="9/8/2026",
="800001066",="Present",="9/8/2026",
="800001950",="Present",="9/8/2026",
="800001985",="Present",="9/8/2026",
="800002020",="Present",="9/8/2026",
="800002036",="Present",="9/8/2026",
="800002059",="Present",="9/8/2026",
="800002062",="Present",="9/8/2026",
="800002071",="Present",="9/8/2026",
="800002079",="Present",="9/8/2026",
="800002099",="Present",="9/8/2026",
="800002109",="Present",="9/8/2026",
="800002120",="Present",="9/8/2026",
="800002122",="Present",="9/8/2026",
="800002128",="Present",="9/8/2026",
="800002154",="Present",="9/8/2026",
="800002160",="Present",="9/8/2026",
="800002172",="Present",="9/8/2026",
="800001757",="Absent",="9/6/2026",
="800001757",="Absent",="9/1/2026",
="800001862",="Absent",="9/1/2026",
="800001634",="Absent",="9/3/2026",
="800001723",="Present",="9/3/2026",
="800001846",="Present",="9/3/2026",
="800001863",="Present",="9/3/2026",
="800001917",="Present",="9/3/2026",
="800001950",="Absent",="9/3/2026",
="800001985",="Present",="9/3/2026",
="800002010",="Present",="9/3/2026",
="800002011",="Present",="9/3/2026",
="800002021",="Present",="9/3/2026",
="800002035",="Present",="9/3/2026",
="800002036",="Present",="9/3/2026",
="800002053",="Present",="9/3/2026",
="800002059",="Present",="9/3/2026",
="800000319",="Absent",="8/31/2026",
="770000436",="Present",="9/8/2026",
="800001830",="Present",="9/8/2026",
="800001899",="Absent",="9/8/2026",
="800002033",="Present",="9/8/2026",
="800002117",="Present",="9/8/2026",
="800002152",="Present",="9/8/2026",
="800002164",="Present",="9/8/2026",
="800002180",="Absent",="9/8/2026",
="800002187",="Present",="9/8/2026",
="800002193",="Present",="9/8/2026",
="800002202",="Present",="9/8/2026",
="800002216",="Present",="9/8/2026",
="800002218",="Present",="9/8/2026",
="800002221",="Present",="9/8/2026",
="800002222",="Absent",="9/8/2026",
="800002228",="Present",="9/8/2026",
="800002237",="Absent",="9/8/2026",
="800002240",="Present",="9/8/2026",
="800002255",="Present",="9/8/2026",
="800002281",="Present",="9/8/2026",
="800002286",="Absent",="9/8/2026",
="800002299",="Present",="9/8/2026",
="800002315",="Present",="9/8/2026",
="800002322",="Present",="9/8/2026",
="800000319",="Present",="9/8/2026",
="800001994",="Present",="9/8/2026",
="800002055",="Present",="9/8/2026",
="800002080",="Present",="9/8/2026",
="800002093",="Present",="9/8/2026",
="800002140",="Present",="9/8/2026",
="800002142",="Present",="9/8/2026",
="800002150",="Present",="9/8/2026",
="800002260",="Present",="9/8/2026",
="800002267",="Present",="9/8/2026",
="800002271",="Present",="9/8/2026",
="800002293",="Present",="9/8/2026",
="800002300",="Present",="9/8/2026",
="800002312",="Present",="9/8/2026",
="800002317",="Present",="9/8/2026",
="800002329",="Present",="9/8/2026",
="800002235",="Present",="9/5/2026",
="800002067",="Present",="9/5/2026",
="800001841",="Absent",="8/31/2026",
="800001841",="Absent",="9/1/2026",
="800002067",="Absent",="9/1/2026",
="800002067",="Absent",="9/3/2026",
="800002293",="Absent",="9/3/2026",
="800001644",="Absent",="9/2/2026",
="800001650",="Absent",="9/2/2026",
="800001769",="Absent",="9/2/2026",
="800001778",="Absent",="9/2/2026",
="800001798",="Absent",="9/2/2026",
="800001757",="Absent",="9/2/2026",
="800001862",="Absent",="9/2/2026",
="800001950",="Absent",="9/2/2026",
="800002064",="Absent",="9/2/2026",
="800002136",="Absent",="9/3/2026",
="770000737",="Present",="9/8/2026",
="800000463",="Present",="9/8/2026",
="800001841",="Present",="9/8/2026",
="800001842",="Present",="9/8/2026",
="800001845",="Present",="9/8/2026",
="800001874",="Present",="9/8/2026",
="800001909",="Present",="9/8/2026",
="800001943",="Present",="9/8/2026",
="800001987",="Present",="9/8/2026",
="800001998",="Present",="9/8/2026",
="800002007",="Present",="9/8/2026",
="800002023",="Present",="9/8/2026",
="800002034",="Present",="9/8/2026",
="800002042",="Present",="9/8/2026",
="800002049",="Present",="9/8/2026",
="800002064",="Present",="9/8/2026",
="800002088",="Present",="9/8/2026",
="800002100",="Present",="9/8/2026",
="800002111",="Present",="9/8/2026",
="800002114",="Present",="9/8/2026",
="800002123",="Present",="9/8/2026",
="800002132",="Present",="9/8/2026",
="800002133",="Present",="9/8/2026",
="800002141",="Present",="9/8/2026",
="800002177",="Present",="9/8/2026",
="770000737",="Present",="9/3/2026",
="800000463",="Present",="9/3/2026",
="800001842",="Present",="9/3/2026",
="800001845",="Present",="9/3/2026",
="800001874",="Present",="9/3/2026",
="800001909",="Present",="9/3/2026",
="800001943",="Present",="9/3/2026",
="800001987",="Present",="9/3/2026",
="800001998",="Present",="9/3/2026",
="800002007",="Present",="9/3/2026",
="800002023",="Present",="9/3/2026",
="800002034",="Present",="9/3/2026",
="800002042",="Present",="9/3/2026",
="800002049",="Present",="9/3/2026",
="800002064",="Present",="9/3/2026",
="800002088",="Present",="9/3/2026",
="800002100",="Present",="9/3/2026",
="800002111",="Present",="9/3/2026",
="800002114",="Present",="9/3/2026",
="800002123",="Present",="9/3/2026",
="800002132",="Present",="9/3/2026",
="800002133",="Present",="9/3/2026",
="800002141",="Present",="9/3/2026",
="800002177",="Present",="9/3/2026",
="800001508",="Present",="9/8/2026",
="800001712",="Present",="9/8/2026",
="800001740",="Present",="9/8/2026",
="800001974",="No class",="9/7/2026",
="800001994",="No class",="9/7/2026",
="800002055",="No class",="9/7/2026",
="800002136",="No class",="9/7/2026",
="800002260",="No class",="9/7/2026",
="800002267",="No class",="9/7/2026",
="800002271",="No class",="9/7/2026",
="800002300",="No class",="9/7/2026",
="800002317",="No class",="9/7/2026",
="800002329",="No class",="9/7/2026",
="800001967",="No class",="9/7/2026",
="800002203",="No class",="9/7/2026",
="800002235",="No class",="9/7/2026",
="800002285",="No class",="9/7/2026",
="800002324",="No class",="9/7/2026",
="800002335",="No class",="9/7/2026",
="800002203",="Present",="9/8/2026",
="800002235",="Present",="9/8/2026",
="800002285",="Present",="9/8/2026",
="800002324",="Present",="9/8/2026",
="800001967",="Present",="9/8/2026",
="800002264",="Present",="9/8/2026",
="800002300",="Absent",="9/8/2026",
="800002344",="Present",="9/8/2026",
="800001974",="Present",="9/8/2026",
="800002136",="Present",="9/8/2026",
="800002303",="Present",="9/8/2026",
="800002335",="Present",="9/8/2026",
="800001439",="Present",="9/8/2026",
="800001691",="Present",="9/8/2026",
="800001829",="Present",="9/8/2026",
="800001840",="Present",="9/8/2026",
="800001856",="Present",="9/8/2026",
="800001864",="Present",="9/8/2026",
="800001903",="Present",="9/8/2026",
="800001908",="Present",="9/8/2026",
="800001910",="Present",="9/8/2026",
="800001955",="Present",="9/8/2026",
="800001986",="Present",="9/8/2026",
="800002008",="Present",="9/8/2026",
="800002017",="Present",="9/8/2026",
="800002026",="Present",="9/8/2026",
="800002029",="Present",="9/8/2026",
="800000319",="Present",="9/9/2026",
="800002033",="Present",="9/9/2026",
="800002061",="Absent",="9/9/2026",
="800002081",="Present",="9/9/2026",
="800002087",="Present",="9/9/2026",
="800002117",="Present",="9/9/2026",
="800002134",="Absent",="9/9/2026",
="800002136",="Present",="9/9/2026",
="800002180",="Absent",="9/9/2026",
="800002187",="Present",="9/9/2026",
="800002193",="Present",="9/9/2026",
="800002202",="Present",="9/9/2026",
="800002218",="Present",="9/9/2026",
="800002226",="Present",="9/9/2026",
="800002228",="Present",="9/9/2026",
="800002237",="Absent",="9/9/2026",
="800002238",="Present",="9/9/2026",
="800002240",="Present",="9/9/2026",
="800002255",="Present",="9/9/2026",
="800002261",="Present",="9/9/2026",
="800002281",="Present",="9/9/2026",
="800002286",="Absent",="9/9/2026",
="800002300",="Present",="9/9/2026",
="800002312",="Present",="9/9/2026",
="800001723",="Present",="9/9/2026",
="800001842",="Present",="9/9/2026",
="800001845",="Present",="9/9/2026",
="800001846",="Present",="9/9/2026",
="800001850",="Present",="9/9/2026",
="800001852",="Present",="9/9/2026",
="800001860",="Present",="9/9/2026",
="800001863",="Present",="9/9/2026",
="800001874",="Present",="9/9/2026",
="800001985",="Present",="9/9/2026",
="800001987",="Present",="9/9/2026",
="800002010",="Present",="9/9/2026",
="800002011",="Present",="9/9/2026",
="800002021",="Present",="9/9/2026",
="800002023",="Present",="9/9/2026",
="800002035",="Present",="9/9/2026",
="800002036",="Present",="9/9/2026",
="800002042",="Present",="9/9/2026",
="800002053",="Present",="9/9/2026",
="800002059",="Present",="9/9/2026",
="800002062",="Present",="9/9/2026",
="800001649",="Present",="9/9/2026",
="770000237",="Present",="9/9/2026",
="770061948",="Present",="9/9/2026",
="800000228",="Present",="9/9/2026",
="800000659",="Present",="9/9/2026",
="800001198",="Present",="9/9/2026",
="800001415",="Present",="9/9/2026",
="800001419",="Present",="9/9/2026",
="800001459",="Present",="9/9/2026",
="800001557",="Present",="9/9/2026",
="800001593",="Present",="9/9/2026",
="800001598",="Absent",="9/9/2026",
="800001681",="Present",="9/9/2026",
="800001757",="Present",="9/9/2026",
="800001771",="Present",="9/9/2026",
="800001821",="Present",="9/9/2026",
="800001862",="Present",="9/9/2026",
="800001940",="Present",="9/9/2026",
="800002057",="Present",="9/9/2026",
="800002331",="Present",="9/9/2026",
="800000495",="Present",="9/9/2026",
="800002067",="Present",="9/9/2026",
="800002203",="Present",="9/9/2026",
="800001414",="Present",="9/9/2026",
="800001607",="Present",="9/9/2026",
="800002174",="Present",="9/9/2026",
="800001466",="Present",="9/9/2026",
="800001757",="Absent excused",="9/2/2026",
="800001591",="Present",="9/9/2026",
="800001958",="Present",="9/9/2026",
="800001959",="Present",="9/9/2026",
="800001963",="Present",="9/9/2026",
="800000722",="Present",="9/2/2026",
="800001625",="Absent",="9/4/2026",
="800001634",="Absent",="9/4/2026",
="800001649",="Present",="9/4/2026",
="800001689",="Present",="9/4/2026",
="800001695",="Absent",="9/4/2026",
="800001708",="Present",="9/4/2026",
="800001710",="Absent",="9/4/2026",
="800001864",="Present",="9/4/2026",
="800001884",="Present",="9/4/2026",
="800001888",="Present",="9/4/2026",
="800001908",="Present",="9/4/2026",
="800001934",="Present",="9/4/2026",
="800001954",="Present",="9/4/2026",
="800002011",="Present",="9/4/2026",
="800002021",="Present",="9/4/2026",
="800002053",="Present",="9/4/2026",
="800000722",="Present",="9/4/2026",
="800000774",="Present",="9/4/2026",
="800001513",="Present",="9/4/2026",
="800000659",="Absent",="9/9/2026",
="800001198",="Absent",="9/9/2026",
="800001414",="Absent excused",="9/9/2026",
="800001466",="Tardy/Late",="9/9/2026",
="800000348",="Present",="9/9/2026",
="800001439",="Present",="9/9/2026",
="800001644",="Present",="9/9/2026",
="800001650",="Present",="9/9/2026",
="800001769",="Present",="9/9/2026",
="800001778",="Present",="9/9/2026",
="800001798",="Present",="9/9/2026",
="800001829",="Present",="9/9/2026",
="800001840",="Present",="9/9/2026",
="800001856",="Present",="9/9/2026",
="800001876",="Present",="9/9/2026",
="800001878",="Present",="9/9/2026",
="800001928",="Present",="9/9/2026",
="800001955",="Present",="9/9/2026",
="800001986",="Present",="9/9/2026",
="800002008",="Present",="9/9/2026",
="800002010",="Absent",="9/9/2026",
="800002017",="Present",="9/9/2026",
="800002026",="Present",="9/9/2026",
="800002029",="Present",="9/9/2026",
="800000348",="Present",="9/7/2026",
="800001439",="Present",="9/7/2026",
="800001634",="Absent",="9/7/2026",
="800001649",="Present",="9/7/2026",
="800001829",="Present",="9/7/2026",
="800001840",="Present",="9/7/2026",
="800001846",="Present",="9/7/2026",
="800001850",="Present",="9/7/2026",
="800001852",="Present",="9/7/2026",
="800001856",="Present",="9/7/2026",
="800001860",="Present",="9/7/2026",
="800001863",="Present",="9/7/2026",
="800001864",="Present",="9/7/2026",
="800001876",="Present",="9/7/2026",
="800001878",="Present",="9/7/2026",
="800001884",="Present",="9/7/2026",
="800001888",="Present",="9/7/2026",
="800001903",="Present",="9/7/2026",
="800001908",="Present",="9/7/2026",
="800001910",="Present",="9/7/2026",
="800001934",="Present",="9/7/2026",
="800001954",="Present",="9/7/2026",
="800001955",="Present",="9/7/2026",
="800001986",="Present",="9/7/2026",
="800002008",="Present",="9/7/2026",
="800002010",="Present",="9/7/2026",
="800002011",="Present",="9/7/2026",
="800002017",="Present",="9/7/2026",
="800002021",="Present",="9/7/2026",
="800002026",="Present",="9/7/2026",
="800002029",="Present",="9/7/2026",
="800002035",="Present",="9/7/2026",
="800002053",="Present",="9/7/2026",
="800002062",="Present",="9/7/2026",
="770000436",="Present",="9/9/2026",
="800000072",="Present",="9/9/2026",
="800002071",="Present",="9/9/2026",
="800002079",="Present",="9/9/2026",
="800002080",="Present",="9/9/2026",
="800002099",="Present",="9/9/2026",
="800002109",="Present",="9/9/2026",
="800002120",="Present",="9/9/2026",
="800002122",="Present",="9/9/2026",
="800002154",="Present",="9/9/2026",
="800002315",="Present",="9/9/2026",
="800001198",="Present",="9/8/2026",
="800001445",="Present",="9/8/2026",
="800001468",="Present",="9/8/2026",
="800001626",="Present",="9/8/2026",
="800001688",="Present",="9/8/2026",
="800001902",="Present",="9/8/2026",
="800002005",="Present",="9/8/2026",
="800001958",="Present",="9/8/2026",
="800001959",="Present",="9/8/2026",
="800001963",="Present",="9/8/2026",
="800000463",="Present",="9/9/2026",
="800001436",="Present",="9/9/2026",
="800001903",="Present",="9/9/2026",
="800001909",="Present",="9/9/2026",
="800001943",="Present",="9/9/2026",
="800001950",="Absent",="9/9/2026",
="800001998",="Present",="9/9/2026",
="800002007",="Present",="9/9/2026",
="800002034",="Present",="9/9/2026",
="800002049",="Present",="9/9/2026",
="800002064",="Present",="9/9/2026",
="800002088",="Present",="9/9/2026",
="800002100",="Present",="9/9/2026",
="800002111",="Present",="9/9/2026",
="800002114",="Present",="9/9/2026",
="800002123",="Present",="9/9/2026",
="800002132",="Present",="9/9/2026",
="800002133",="Present",="9/9/2026",
="800002141",="Present",="9/9/2026",
="800002177",="Present",="9/9/2026",
="800001750",="No class",="9/7/2026",
="800001942",="No class",="9/7/2026",
="800002082",="No class",="9/7/2026",
="800002092",="No class",="9/7/2026",
="800002106",="No class",="9/7/2026",
="800002112",="No class",="9/7/2026",
="800002127",="No class",="9/7/2026",
="800002234",="No class",="9/7/2026",
="800002272",="No class",="9/7/2026",
="800002277",="No class",="9/7/2026",
="800002278",="No class",="9/7/2026",
="800002280",="No class",="9/7/2026",
="800002292",="No class",="9/7/2026",
="800002296",="No class",="9/7/2026",
="800002307",="No class",="9/7/2026",
="800002314",="No class",="9/7/2026",
="800002316",="No class",="9/7/2026",
="800002321",="No class",="9/7/2026",
="770036397",="Present",="9/6/2026",
="770045261",="Present",="9/6/2026",
="770063129",="Present",="9/6/2026",
="800000607",="Present",="9/6/2026",
="800000678",="Present",="9/6/2026",
="800002330",="Present",="9/6/2026",
="800001750",="Present",="9/4/2026",
="800001942",="Absent",="9/4/2026",
="800002082",="Present",="9/4/2026",
="800002086",="Present",="9/4/2026",
="800002092",="Present",="9/4/2026",
="800002112",="Absent",="9/4/2026",
="800002127",="Absent",="9/4/2026",
="800002234",="Present",="9/4/2026",
="800002277",="Present",="9/4/2026",
="800002292",="Present",="9/4/2026",
="800002307",="Present",="9/4/2026",
="800002314",="Present",="9/4/2026",
="800002316",="Present",="9/4/2026",
="800002321",="Present",="9/4/2026",
="800002106",="Absent",="9/4/2026",
="800002107",="Absent",="9/4/2026",
="800002233",="Absent",="9/4/2026",
="800002272",="Present",="9/4/2026",
="800002296",="Present",="9/4/2026",
="800001326",="Present",="9/4/2026",
="800001436",="Absent",="9/4/2026",
="800002137",="Present",="9/4/2026",
="800002150",="Present",="9/4/2026",
="800002164",="Present",="9/4/2026",
="800002178",="Present",="9/4/2026",
="800002185",="Present",="9/4/2026",
="800002194",="Present",="9/4/2026",
="800002220",="Absent",="9/4/2026",
="800002224",="Present",="9/4/2026",
="800002225",="Absent",="9/4/2026",
="800002244",="Present",="9/4/2026",
="800002245",="Present",="9/4/2026",
="800002248",="Present",="9/4/2026",
="800002252",="Present",="9/4/2026",
="800002256",="Present",="9/4/2026",
="800002257",="Present",="9/4/2026",
="800002266",="Present",="9/4/2026",
="800002140",="Present",="9/10/2026",
="800002150",="Present",="9/10/2026",
="800002164",="Present",="9/10/2026",
="800002267",="Present",="9/10/2026",
="800002271",="Present",="9/10/2026",
="800002293",="Present",="9/10/2026",
="800002299",="Present",="9/10/2026",
="800002317",="Present",="9/10/2026",
="800002329",="Present",="9/10/2026",
="800002331",="Present",="9/10/2026",
="770000237",="Present",="9/10/2026",
="770061948",="Present",="9/10/2026",
="800000104",="Present",="9/10/2026",
="800001394",="Absent",="9/10/2026",
="800002057",="Present",="9/10/2026",
="800002061",="Absent",="9/10/2026",
="800002226",="Present",="9/10/2026",
="800002238",="Present",="9/10/2026",
="800002261",="Present",="9/10/2026",
="800002165",="Present",="9/2/2026",
="800002165",="Present",="9/9/2026",
="800000072",="Present",="9/10/2026",
="800001066",="Present",="9/10/2026",
="800001986",="Present",="9/10/2026",
="800002008",="Present",="9/10/2026",
="800002062",="Present",="9/10/2026",
="800002071",="Present",="9/10/2026",
="800002079",="Present",="9/10/2026",
="800002080",="Present",="9/10/2026",
="800002099",="Present",="9/10/2026",
="800002109",="Present",="9/10/2026",
="800002120",="Absent",="9/10/2026",
="800002122",="Present",="9/10/2026",
="800002128",="Present",="9/10/2026",
="800002154",="Present",="9/10/2026",
="800002160",="Present",="9/10/2026",
="800002172",="Present",="9/10/2026",
="800000722",="Present",="9/11/2026",
="800000774",="Present",="9/11/2026",
="800001513",="Present",="9/11/2026",
="800001994",="Tardy/Late",="9/11/2026",
="800002033",="Tardy/Late",="9/11/2026",
="800002117",="Tardy/Late",="9/11/2026",
="800002152",="Tardy/Late",="9/11/2026",
="800002180",="Absent",="9/11/2026",
="800002187",="Tardy/Late",="9/11/2026",
="800002193",="Tardy/Late",="9/11/2026",
="800002202",="Tardy/Late",="9/11/2026",
="800002216",="Tardy/Late",="9/11/2026",
="800002218",="Tardy/Late",="9/11/2026",
="800002221",="Tardy/Late",="9/11/2026",
="800002222",="Absent",="9/11/2026",
="800002228",="Tardy/Late",="9/11/2026",
="800002237",="Absent",="9/11/2026",
="800002240",="Absent",="9/11/2026",
="800002255",="Tardy/Late",="9/11/2026",
="800002264",="Tardy/Late",="9/11/2026",
="800002281",="Tardy/Late",="9/11/2026",
="800002286",="Absent",="9/11/2026",
="800002293",="Tardy/Late",="9/11/2026",
="800002299",="Absent",="9/11/2026",
="800002303",="Tardy/Late",="9/11/2026",
="800002322",="Tardy/Late",="9/11/2026",
="800002344",="Tardy/Late",="9/11/2026",
="800000319",="Tardy/Late",="9/11/2026",
="800001974",="Tardy/Late",="9/11/2026",
="800002055",="Tardy/Late",="9/11/2026",
="800002140",="Tardy/Late",="9/11/2026",
="800002178",="Tardy/Late",="9/11/2026",
="800002260",="Tardy/Late",="9/11/2026",
="800002267",="Tardy/Late",="9/11/2026",
="800002271",="Tardy/Late",="9/11/2026",
="800002300",="Tardy/Late",="9/11/2026",
="800002312",="Tardy/Late",="9/11/2026",
="800002317",="Tardy/Late",="9/11/2026",
="800002329",="Tardy/Late",="9/11/2026",
="800001729",="Absent",="9/9/2026",
="800001634",="Present",="9/10/2026",
="800001723",="Present",="9/10/2026",
="800001846",="Present",="9/10/2026",
="800001863",="Present",="9/10/2026",
="800001917",="Present",="9/10/2026",
="800001950",="Present",="9/10/2026",
="800001985",="Present",="9/10/2026",
="800002010",="Present",="9/10/2026",
="800002011",="Present",="9/10/2026",
="800002021",="Present",="9/10/2026",
="800002035",="Present",="9/10/2026",
="800002036",="Present",="9/10/2026",
="800002053",="Present",="9/10/2026",
="800002059",="Present",="9/10/2026",
="800001466",="Present",="9/11/2026",
="800001591",="Present",="9/11/2026",
="800001330",="Present",="9/11/2026",
="800001625",="Present",="9/11/2026",
="800001634",="Absent",="9/11/2026",
="800001649",="Present",="9/11/2026",
="800001689",="Present",="9/11/2026",
="800001695",="Present",="9/11/2026",
="800001708",="Present",="9/11/2026",
="800001710",="Absent",="9/11/2026",
="800001769",="Absent",="9/11/2026",
="800001802",="Absent",="9/11/2026",
="800001864",="Present",="9/11/2026",
="800001884",="Present",="9/11/2026",
="800001888",="Present",="9/11/2026",
="800001908",="Present",="9/11/2026",
="800001917",="Present",="9/11/2026",
="800001934",="Present",="9/11/2026",
="800001954",="Present",="9/11/2026",
="800002011",="Present",="9/11/2026",
="800002021",="Present",="9/11/2026",
="800002053",="Present",="9/11/2026",
="770017870",="Absent",="9/11/2026",
="800000754",="Present",="9/11/2026",
="800000941",="Present",="9/11/2026",
="800001268",="Present",="9/11/2026",
="800001368",="Present",="9/11/2026",
="800001502",="Absent",="9/11/2026",
="800001548",="Present",="9/11/2026",
="800001626",="Present",="9/11/2026",
="800001657",="Absent",="9/11/2026",
="800001673",="Present",="9/11/2026",
="800001701",="Present",="9/11/2026",
="800001958",="Absent",="9/11/2026",
="800001959",="Absent",="9/11/2026",
="800001963",="Absent",="9/11/2026",
="770000737",="No class",="9/10/2026",
="800000463",="No class",="9/10/2026",
="800001842",="No class",="9/10/2026",
="800001845",="No class",="9/10/2026",
="800001874",="No class",="9/10/2026",
="800001909",="No class",="9/10/2026",
="800001943",="No class",="9/10/2026",
="800001987",="No class",="9/10/2026",
="800001998",="No class",="9/10/2026",
="800002007",="No class",="9/10/2026",
="800002023",="No class",="9/10/2026",
="800002034",="No class",="9/10/2026",
="800002042",="No class",="9/10/2026",
="800002049",="No class",="9/10/2026",
="800002064",="No class",="9/10/2026",
="800002088",="No class",="9/10/2026",
="800002100",="No class",="9/10/2026",
="800002111",="No class",="9/10/2026",
="800002114",="No class",="9/10/2026",
="800002123",="No class",="9/10/2026",
="800002132",="No class",="9/10/2026",
="800002133",="No class",="9/10/2026",
="800002141",="No class",="9/10/2026",
="800002177",="No class",="9/10/2026",
="800001326",="Present",="9/11/2026",
="800001436",="Absent",="9/11/2026",
="800002137",="Present",="9/11/2026",
="800002150",="Present",="9/11/2026",
="800002164",="Present",="9/11/2026",
="800002178",="Present",="9/11/2026",
="800002185",="Present",="9/11/2026",
="800002194",="Present",="9/11/2026",
="800002220",="Present",="9/11/2026",
="800002224",="Present",="9/11/2026",
="800002244",="Present",="9/11/2026",
="800002245",="Present",="9/11/2026",
="800002248",="Present",="9/11/2026",
="800002252",="Present",="9/11/2026",
="800002256",="Present",="9/11/2026",
="800002257",="Present",="9/11/2026",
="800002266",="Absent",="9/11/2026",
="800001958",="Present",="9/12/2026",
="800001959",="Present",="9/12/2026",
="800001963",="Present",="9/12/2026",
="800001967",="Present",="9/12/2026",
="800002067",="Present",="9/12/2026",
="800002203",="Present",="9/12/2026",
="800002235",="Present",="9/12/2026",
="800002249",="Present",="9/12/2026",
="800002310",="Present",="9/12/2026",
="800002324",="Present",="9/12/2026",
="770062569",="Present",="9/10/2026",
="800001326",="Present",="9/10/2026",
="800001747",="Present",="9/10/2026",
="800001750",="Present",="9/10/2026",
="800002086",="Present",="9/10/2026",
="800002112",="Absent",="9/10/2026",
="800002136",="Present",="9/10/2026",
="800002137",="Present",="9/10/2026",
="800002178",="Present",="9/10/2026",
="800002185",="Present",="9/10/2026",
="800002194",="Present",="9/10/2026",
="800002220",="Present",="9/10/2026",
="800002224",="Present",="9/10/2026",
="800002233",="Absent",="9/10/2026",
="800002244",="Present",="9/10/2026",
="800002245",="Present",="9/10/2026",
="800002248",="Present",="9/10/2026",
="800002252",="Present",="9/10/2026",
="800002256",="Present",="9/10/2026",
="800002257",="Present",="9/10/2026",
="800002266",="Present",="9/10/2026",
="800002272",="Present",="9/10/2026",
="800001703",="Present",="9/10/2026",
="800001830",="Present",="9/10/2026",
="800002082",="Absent",="9/10/2026",
="800002092",="Present",="9/10/2026",
="800002093",="Absent",="9/10/2026",
="800002107",="Present",="9/10/2026",
="800002127",="Present",="9/10/2026",
="800002234",="Present",="9/10/2026",
="800002277",="Present",="9/10/2026",
="800002292",="Present",="9/10/2026",
="800002307",="Present",="9/10/2026",
="800002314",="Present",="9/10/2026",
="800002316",="Present",="9/10/2026",
="800002321",="Present",="9/10/2026",
="800000463",="Present",="9/11/2026",
="800001703",="Present",="9/11/2026",
="800001909",="Present",="9/11/2026",
="800001928",="Absent",="9/11/2026",
="800002007",="Present",="9/11/2026",
="800002034",="Present",="9/11/2026",
="800002049",="Present",="9/11/2026",
="800002064",="Present",="9/11/2026",
="800002100",="Present",="9/11/2026",
="800002111",="Present",="9/11/2026",
="800002114",="Present",="9/11/2026",
="800002127",="Present",="9/11/2026",
="800002132",="Present",="9/11/2026",
="800002133",="Present",="9/11/2026",
="800002141",="Present",="9/11/2026",
="800002177",="Present",="9/11/2026",
="800002309",="Present",="9/11/2026",
="800000495",="Present",="9/13/2026",
="800002165",="Present",="9/13/2026",
="800002203",="Present",="9/13/2026",
="800002249",="Present",="9/13/2026",
="800002285",="Present",="9/13/2026",
="800002310",="Present",="9/13/2026",
="770000237",="Present",="9/13/2026",
="770061948",="Present",="9/13/2026",
="800000104",="Present",="9/13/2026",
="800000228",="Present",="9/13/2026",
="800001394",="Present",="9/13/2026",
="800001419",="Present",="9/13/2026",
="800001557",="Present",="9/13/2026",
="800001593",="Present",="9/13/2026",
="800001668",="Present",="9/13/2026",
="800001697",="Present",="9/13/2026",
="800001757",="Present",="9/13/2026",
="800001771",="Present",="9/13/2026",
="800001821",="Present",="9/13/2026",
="800001924",="Absent",="9/13/2026",
="800001925",="Absent",="9/13/2026",
="800001940",="Present",="9/13/2026",
="800002144",="Present",="9/13/2026",
="800001445",="Present",="9/13/2026",
="800001657",="Present",="9/13/2026",
="800001902",="Present",="9/13/2026",
="800002174",="Present",="9/13/2026",
="800002261",="Present",="9/13/2026",
="800002331",="Present",="9/13/2026",
="800001958",="Present",="9/13/2026",
="800001959",="Present",="9/13/2026",
="800001963",="Present",="9/13/2026",
="800002067",="Present",="9/13/2026",
="800000754",="Present",="9/6/2026",
="800000941",="Present",="9/6/2026",
="800001268",="Absent",="9/6/2026",
="800001368",="Present",="9/6/2026",
="800001502",="Present",="9/6/2026",
="800001508",="Present",="9/6/2026",
="800001626",="Present",="9/6/2026",
="800001701",="Present",="9/6/2026",
="800000754",="Present",="9/10/2026",
="800000941",="Present",="9/10/2026",
="800001268",="Present",="9/10/2026",
="800001368",="Present",="9/10/2026",
="800001502",="Present",="9/10/2026",
="800001508",="Present",="9/10/2026",
="800001626",="Present",="9/10/2026",
="800001657",="Present",="9/10/2026",
="800001701",="Present",="9/10/2026",
="800001414",="Present",="9/13/2026",
="800001740",="Present",="9/13/2026",
="800001967",="Present",="9/13/2026",
="800002226",="Present",="9/13/2026",
="800002238",="Present",="9/13/2026",
="800000072",="Present",="9/14/2026",
="800001066",="Present",="9/14/2026",
="800001739",="No class",="9/14/2026",
="800001950",="Present",="9/14/2026",
="800001985",="Present",="9/14/2026",
="800002020",="Present",="9/14/2026",
="800002036",="Present",="9/14/2026",
="800002059",="Present",="9/14/2026",
="800002062",="Absent",="9/14/2026",
="800002071",="Present",="9/14/2026",
="800002079",="Present",="9/14/2026",
="800002099",="Present",="9/14/2026",
="800002109",="Present",="9/14/2026",
="800002120",="Present",="9/14/2026",
="800002122",="Present",="9/14/2026",
="800002128",="Present",="9/14/2026",
="800002154",="Present",="9/14/2026",
="800002160",="Tardy/Late",="9/14/2026",
="800002172",="Present",="9/14/2026",
="800001414",="Present",="9/11/2026",
="800001459",="Present",="9/11/2026",
="800001508",="Present",="9/11/2026",
="800001557",="Present",="9/11/2026",
="800001712",="Present",="9/11/2026",
="800001740",="Present",="9/11/2026",
="800001902",="Present",="9/11/2026",
="800002005",="Present",="9/11/2026",
="800001967",="Present",="9/14/2026",
="800002203",="Present",="9/14/2026",
="800002235",="Present",="9/14/2026",
="800002285",="Present",="9/14/2026",
="800002324",="Present",="9/14/2026",
="800002335",="Present",="9/14/2026",
="800001974",="Present",="9/14/2026",
="800001994",="Present",="9/14/2026",
="800002055",="Present",="9/14/2026",
="800002136",="Present",="9/14/2026",
="800002260",="Present",="9/14/2026",
="800002267",="Present",="9/14/2026",
="800002271",="Present",="9/14/2026",
="800002300",="Present",="9/14/2026",
="800002317",="Present",="9/14/2026",
="800002329",="Present",="9/14/2026",
="800001830",="Present",="9/14/2026",
="800001841",="Present",="9/14/2026",
="800002117",="Present",="9/14/2026",
="800002152",="Present",="9/14/2026",
="800002187",="Present",="9/14/2026",
="800002193",="Present",="9/14/2026",
="800002202",="Present",="9/14/2026",
="800002216",="Present",="9/14/2026",
="800002218",="Present",="9/14/2026",
="800002221",="Present",="9/14/2026",
="800002222",="Absent",="9/14/2026",
="800002228",="Present",="9/14/2026",
="800002237",="Absent",="9/14/2026",
="800002240",="Present",="9/14/2026",
="800002264",="Present",="9/14/2026",
="800002281",="Present",="9/14/2026",
="800002286",="Absent",="9/14/2026",
="800002293",="Present",="9/14/2026",
="800002299",="Absent",="9/14/2026",
="800002303",="Present",="9/14/2026",
="800002312",="Present",="9/14/2026",
="800002315",="Present",="9/14/2026",
="800002322",="Present",="9/14/2026",
="800002344",="Present",="9/14/2026",
="800000319",="Present",="9/11/2026",
="800001739",="Absent",="9/11/2026",
="800002106",="Present",="9/11/2026",
="800002107",="Present",="9/11/2026",
="800002233",="Absent",="9/11/2026",
="800002272",="Present",="9/11/2026",
="800002296",="Present",="9/11/2026",
="800002082",="Present",="9/11/2026",
="800002086",="Present",="9/11/2026",
="800002092",="Present",="9/11/2026",
="800002112",="Present",="9/11/2026",
="800002234",="Present",="9/11/2026",
="800002277",="Present",="9/11/2026",
="800002292",="Present",="9/11/2026",
="800002307",="Present",="9/11/2026",
="800002314",="Present",="9/11/2026",
="800002316",="Present",="9/11/2026",
="800002321",="Present",="9/11/2026",
="770062569",="Present",="9/13/2026",
="800001326",="Present",="9/13/2026",
="800001703",="Present",="9/13/2026",
="800001747",="Present",="9/13/2026",
="800002064",="Present",="9/13/2026",
="800002086",="Present",="9/13/2026",
="800002127",="Absent",="9/13/2026",
="800002137",="Present",="9/13/2026",
="800002150",="Present",="9/13/2026",
="800002164",="Present",="9/13/2026",
="800002185",="Present",="9/13/2026",
="800002194",="Present",="9/13/2026",
="800002220",="Present",="9/13/2026",
="800002224",="Present",="9/13/2026",
="800002244",="Present",="9/13/2026",
="800002245",="Present",="9/13/2026",
="800002248",="Present",="9/13/2026",
="800002252",="Present",="9/13/2026",
="800002256",="Present",="9/13/2026",
="800002257",="Present",="9/13/2026",
="800002266",="Present",="9/13/2026",
="800002296",="Present",="9/13/2026",
="800002309",="Present",="9/13/2026",
="800001750",="Present",="9/13/2026",
="800002082",="Present",="9/13/2026",
="800002112",="Absent",="9/13/2026",
="800002233",="Present",="9/13/2026",
="800002234",="Present",="9/13/2026",
="800002272",="Present",="9/13/2026",
="800002277",="Present",="9/13/2026",
="800002280",="Present",="9/13/2026",
="800002292",="Present",="9/13/2026",
="800002307",="Present",="9/13/2026",
="800002314",="Present",="9/13/2026",
="800002315",="Present",="9/13/2026",
="800002316",="Present",="9/13/2026",
="800002321",="Present",="9/13/2026",
="800002178",="Present",="9/13/2026",
="800002216",="Present",="9/13/2026",
="800001703",="Absent",="9/13/2026",
="800002057",="Present",="9/13/2026",
="800002082",="Absent",="9/13/2026",
="800002092",="Present",="9/13/2026",
="800002093",="Present",="9/13/2026",
="800002106",="Present",="9/13/2026",
="800002107",="Present",="9/13/2026",
="800002123",="Present",="9/13/2026",
="800002128",="Present",="9/13/2026",
="800002142",="Present",="9/13/2026",
="800002324",="Present",="9/13/2026",
="800001739",="Present",="9/14/2026",
="800002062",="Present",="9/14/2026",
="800002071",="Absent",="9/14/2026",
="800002160",="Present",="9/14/2026",
="770062569",="Present",="9/14/2026",
="800000319",="Present",="9/14/2026",
="800001326",="Present",="9/14/2026",
="800001436",="Present",="9/14/2026",
="800001714",="Present",="9/14/2026",
="800001747",="Present",="9/14/2026",
="800002086",="Present",="9/14/2026",
="800002107",="Present",="9/14/2026",
="800002137",="Present",="9/14/2026",
="800002150",="Present",="9/14/2026",
="800002164",="Present",="9/14/2026",
="800002178",="Present",="9/14/2026",
="800002185",="Present",="9/14/2026",
="800002194",="Present",="9/14/2026",
="800002220",="Present",="9/14/2026",
="800002224",="Present",="9/14/2026",
="800002233",="Absent",="9/14/2026",
="800002244",="Present",="9/14/2026",
="800002245",="Present",="9/14/2026",
="800002248",="Present",="9/14/2026",
="800002252",="Present",="9/14/2026",
="800002256",="Present",="9/14/2026",
="800002257",="Present",="9/14/2026",
="800002266",="Present",="9/14/2026",
="800002082",="Present",="9/14/2026",
="800002092",="Present",="9/14/2026",
="800002106",="Present",="9/14/2026",
="800002112",="Absent",="9/14/2026",
="800002127",="Absent",="9/14/2026",
="800002234",="Present",="9/14/2026",
="800002272",="Present",="9/14/2026",
="800002277",="Present",="9/14/2026",
="800002280",="Present",="9/14/2026",
="800002292",="Present",="9/14/2026",
="800002296",="Present",="9/14/2026",
="800002307",="Present",="9/14/2026",
="800002314",="Present",="9/14/2026",
="800002316",="Present",="9/14/2026",
="800002321",="Present",="9/14/2026",
="800000072",="No class",="9/7/2026",
="800001066",="No class",="9/7/2026",
="800001739",="No class",="9/7/2026",
="800001950",="No class",="9/7/2026",
="800001985",="No class",="9/7/2026",
="800002020",="No class",="9/7/2026",
="800002036",="No class",="9/7/2026",
="800002059",="No class",="9/7/2026",
="800002062",="No class",="9/7/2026",
="800002071",="No class",="9/7/2026",
="800002079",="No class",="9/7/2026",
="800002099",="No class",="9/7/2026",
="800002109",="No class",="9/7/2026",
="800002120",="No class",="9/7/2026",
="800002122",="No class",="9/7/2026",
="800002128",="No class",="9/7/2026",
="800002154",="No class",="9/7/2026",
="800002160",="No class",="9/7/2026",
="800002172",="No class",="9/7/2026",
="770000737",="Present",="9/14/2026",
="800000463",="Present",="9/14/2026",
="800001714",="Absent",="9/14/2026",
="800001842",="Present",="9/14/2026",
="800001845",="Absent excused",="9/14/2026",
="800001874",="Present",="9/14/2026",
="800001909",="Present",="9/14/2026",
="800001943",="Absent",="9/14/2026",
="800001987",="Present",="9/14/2026",
="800001998",="Present",="9/14/2026",
="800002007",="Present",="9/14/2026",
="800002023",="Present",="9/14/2026",
="800002034",="Present",="9/14/2026",
="800002042",="Present",="9/14/2026",
="800002049",="Present",="9/14/2026",
="800002064",="Present",="9/14/2026",
="800002088",="Present",="9/14/2026",
="800002100",="Present",="9/14/2026",
="800002111",="Present",="9/14/2026",
="800002114",="Present",="9/14/2026",
="800002123",="Present",="9/14/2026",
="800002132",="Present",="9/14/2026",
="800002133",="Present",="9/14/2026",
="800002141",="Present",="9/14/2026",
="800002177",="Present",="9/14/2026",
="800000941",="Present",="9/14/2026",
="800001502",="Present",="9/14/2026",
="800001508",="Present",="9/14/2026",
="800001626",="Present",="9/14/2026",
="800001657",="Present",="9/14/2026",
="800001701",="Present",="9/14/2026",
="800001958",="Present",="9/14/2026",
="800001959",="Present",="9/14/2026",
="800001963",="Present",="9/14/2026",
="770000237",="Present",="9/14/2026",
="800000104",="Present",="9/14/2026",
="800000228",="Present",="9/14/2026",
="800001031",="Tardy/Late",="9/14/2026",
="800001414",="Present",="9/14/2026",
="800001415",="Present",="9/14/2026",
="800001419",="Present",="9/14/2026",
="800001459",="Tardy/Late",="9/14/2026",
="800001681",="Present",="9/14/2026",
="800001771",="Present",="9/14/2026",
="800001821",="Present",="9/14/2026",
="800001940",="Present",="9/14/2026",
="800002005",="Absent",="9/14/2026",
="800002174",="Present",="9/14/2026",
="800001031",="Present",="9/14/2026",
="800001198",="Present",="9/14/2026",
="800001445",="Present",="9/14/2026",
="800001468",="Present",="9/14/2026",
="800001593",="Present",="9/14/2026",
="800001688",="Present",="9/14/2026",
="800001712",="Present",="9/14/2026",
="800001740",="Present",="9/14/2026",
="800001902",="Present",="9/14/2026",
="800001958",="Absent",="9/14/2026",
="800001445",="Present",="9/10/2026",
="800001468",="Present",="9/10/2026",
="800001688",="Present",="9/10/2026",
="800001712",="Present",="9/10/2026",
="800001740",="Present",="9/10/2026",
="800001902",="Present",="9/10/2026",
="800000941",="No class",="9/7/2026",
="800001502",="No class",="9/7/2026",
="800001508",="No class",="9/7/2026",
="800001626",="No class",="9/7/2026",
="800001657",="No class",="9/7/2026",
="800001701",="No class",="9/7/2026",
="800001958",="No class",="9/7/2026",
="800001959",="No class",="9/7/2026",
="800001963",="No class",="9/7/2026",
="800002335",="Absent",="9/5/2026",
="800002335",="Absent",="9/12/2026",
="800001649",="Absent",="9/1/2026",
="800001649",="Absent",="9/8/2026",
="800001649",="Absent",="9/2/2026",
="800001665",="Absent",="9/2/2026",
="800001665",="Absent",="9/9/2026",
="800001729",="Absent",="9/2/2026",
="800001775",="Absent",="9/2/2026",
="800001775",="Absent",="9/9/2026",
="800002005",="Absent",="9/2/2026",
="800002005",="Absent",="9/9/2026",
="800002216",="Absent",="9/6/2026",
="770062569",="Absent",="9/4/2026",
="770062569",="Absent",="9/11/2026",
="800001739",="Absent",="9/4/2026",
="800001747",="Absent",="9/4/2026",
="800001747",="Absent",="9/11/2026",
="800001330",="Absent",="9/4/2026",
="800001769",="Absent",="9/4/2026",
="800001802",="Absent",="9/4/2026",
="800001830",="Absent",="9/3/2026",
="800002093",="Absent",="9/3/2026",
="800000348",="Present",="9/14/2026",
="800001439",="Present",="9/14/2026",
="800001649",="Present",="9/14/2026",
="800001829",="Present",="9/14/2026",
="800001840",="Present",="9/14/2026",
="800001846",="Present",="9/14/2026",
="800001850",="Present",="9/14/2026",
="800001852",="Present",="9/14/2026",
="800001856",="Present",="9/14/2026",
="800001860",="Present",="9/14/2026",
="800001863",="Present",="9/14/2026",
="800001864",="Present",="9/14/2026",
="800001876",="Present",="9/14/2026",
="800001878",="Present",="9/14/2026",
="800001884",="Present",="9/14/2026",
="800001888",="Present",="9/14/2026",
="800001903",="Present",="9/14/2026",
="800001908",="Present",="9/14/2026",
="800001910",="Present",="9/14/2026",
="800001934",="Present",="9/14/2026",
="800001954",="Present",="9/14/2026",
="800001955",="Present",="9/14/2026",
="800001986",="Absent",="9/14/2026",
="800002008",="Present",="9/14/2026",
="800002010",="Present",="9/14/2026",
="800002011",="Present",="9/14/2026",
="800002017",="Present",="9/14/2026",
="800002021",="Present",="9/14/2026",
="800002026",="Present",="9/14/2026",
="800002029",="Present",="9/14/2026",
="800002035",="Present",="9/14/2026",
="800002053",="Present",="9/14/2026",
="800001830",="Absent",="9/15/2026",
="800001967",="Present",="9/15/2026",
="800002152",="Present",="9/15/2026",
="800002187",="Present",="9/15/2026",
="800002193",="Present",="9/15/2026",
="800002202",="Present",="9/15/2026",
="800002216",="Present",="9/15/2026",
="800002218",="Present",="9/15/2026",
="800002221",="Present",="9/15/2026",
="800002228",="Present",="9/15/2026",
="800002237",="Absent",="9/15/2026",
="800002264",="Present",="9/15/2026",
="800002281",="Present",="9/15/2026",
="800002286",="Absent",="9/15/2026",
="800002300",="Present",="9/15/2026",
="800002344",="Present",="9/15/2026",
="800001974",="Present",="9/15/2026",
="800001994",="Present",="9/15/2026",
="800002055",="Present",="9/15/2026",
="800002117",="Present",="9/15/2026",
="800002136",="Present",="9/15/2026",
="800002240",="Present",="9/15/2026",
="800002260",="Present",="9/15/2026",
="800002267",="Present",="9/15/2026",
="800002271",="Present",="9/15/2026",
="800002293",="Present",="9/15/2026",
="800002299",="Absent",="9/15/2026",
="800002303",="Present",="9/15/2026",
="800002312",="Present",="9/15/2026",
="800002315",="Present",="9/15/2026",
="800002317",="Present",="9/15/2026",
="800002322",="Present",="9/15/2026",
="800002329",="Present",="9/15/2026",
="800002335",="Present",="9/15/2026",
="800002203",="Present",="9/15/2026",
="800002235",="Present",="9/15/2026",
="800002285",="Present",="9/15/2026",
="800002324",="Present",="9/15/2026",
="800001508",="Present",="9/15/2026",
="800001712",="Present",="9/15/2026",
="800001740",="Present",="9/15/2026",
="770000237",="Present",="9/15/2026",
="770061948",="Present",="9/15/2026",
="800000228",="Present",="9/15/2026",
="800001031",="Present",="9/15/2026",
="800001394",="Present",="9/15/2026",
="800001415",="Present",="9/15/2026",
="800001419",="Present",="9/15/2026",
="800001459",="Present",="9/15/2026",
="800001593",="Present",="9/15/2026",
="800001681",="Present",="9/15/2026",
="800001757",="Present",="9/15/2026",
="800001771",="Present",="9/15/2026",
="800001821",="Present",="9/15/2026",
="800001862",="Present",="9/15/2026",
="800001940",="Present",="9/15/2026",
="800002057",="Present",="9/15/2026",
="800002144",="Present",="9/15/2026",
="800002174",="Present",="9/15/2026",
="800002261",="Present",="9/15/2026",
="770000436",="Present",="9/15/2026",
="800002033",="Present",="9/15/2026",
="800002164",="Present",="9/15/2026",
="800002180",="Absent",="9/15/2026",
="800002255",="Present",="9/15/2026",
="800000319",="Present",="9/15/2026",
="800002080",="Present",="9/15/2026",
="800002140",="Present",="9/15/2026",
="800002142",="Present",="9/15/2026",
="800002150",="Present",="9/15/2026",
="800000072",="Present",="9/15/2026",
="800001066",="Present",="9/15/2026",
="800001739",="Present",="9/15/2026",
="800001950",="Present",="9/15/2026",
="800001985",="Present",="9/15/2026",
="800002020",="Present",="9/15/2026",
="800002036",="Present",="9/15/2026",
="800002059",="Present",="9/15/2026",
="800002062",="Present",="9/15/2026",
="800002071",="Present",="9/15/2026",
="800002079",="Present",="9/15/2026",
="800002099",="Present",="9/15/2026",
="800002109",="Present",="9/15/2026",
="800002120",="Present",="9/15/2026",
="800002122",="Present",="9/15/2026",
="800002128",="Present",="9/15/2026",
="800002154",="Present",="9/15/2026",
="800002160",="Present",="9/15/2026",
="800002172",="Present",="9/15/2026",
="770000737",="Present",="9/15/2026",
="800000463",="Present",="9/15/2026",
="800001714",="Present",="9/15/2026",
="800001841",="Present",="9/15/2026",
="800001842",="Present",="9/15/2026",
="800001845",="Present",="9/15/2026",
="800001874",="Present",="9/15/2026",
="800001909",="Present",="9/15/2026",
="800001943",="Absent",="9/15/2026",
="800001987",="Present",="9/15/2026",
="800001998",="Present",="9/15/2026",
="800002007",="Present",="9/15/2026",
="800002023",="Present",="9/15/2026",
="800002034",="Present",="9/15/2026",
="800002042",="Present",="9/15/2026",
="800002049",="Present",="9/15/2026",
="800002064",="Present",="9/15/2026",
="800002088",="Present",="9/15/2026",
="800002100",="Present",="9/15/2026",
="800002111",="Present",="9/15/2026",
="800002114",="Present",="9/15/2026",
="800002123",="Present",="9/15/2026",
="800002132",="Present",="9/15/2026",
="800002133",="Present",="9/15/2026",
="800002141",="Present",="9/15/2026",
="800002177",="Present",="9/15/2026",
="800002249",="Present",="9/14/2026",
="800002310",="Present",="9/14/2026",
="800002087",="Present",="9/16/2026",
="800002117",="Present",="9/16/2026",
="800002193",="Present",="9/16/2026",
="800002202",="Present",="9/16/2026",
="800002255",="Present",="9/16/2026",
="800002312",="Present",="9/16/2026",
