Student Id Number,Attendance Type,Attendance Date,Class Name,
="800001829",="Present",="10/1/2025",="PHARM100-P",
="800001829",="Present",="10/8/2025",="PHARM100-P",
="800001829",="Present",="10/15/2025",="PHARM100-P",
="800001829",="Present",="10/22/2025",="PHARM100-P",
="800001829",="Present",="10/29/2025",="PHARM100-P",
="800001829",="Present",="11/5/2025",="PHARM100-P",
="800001829",="Present",="11/12/2025",="PHARM100-P",
="800001829",="Present",="12/3/2025",="PHARM100-P",
="800001829",="Present",="9/8/2025",="NUR100-P",
="800001829",="Present",="9/15/2025",="NUR100-P",
="800001829",="Present",="9/22/2025",="NUR100-P",
="800001829",="Present",="9/29/2025",="NUR100-P",
="800001829",="Absent",="10/6/2025",="NUR100-P",
="800001829",="Present",="10/13/2025",="NUR100-P",
="800001829",="Present",="11/3/2025",="NUR100-P",
="800001829",="Present",="11/10/2025",="NUR100-P",
="800001829",="Present",="11/17/2025",="NUR100-P",
="800001829",="Present",="11/24/2025",="NUR100-P",
="800001829",="Present",="12/1/2025",="NUR100-P",
="800001829",="Present",="9/6/2025",="PSY101 -OL",
="800001829",="Present",="9/13/2025",="PSY101 -OL",
="800001829",="Present",="9/20/2025",="PSY101 -OL",
="800001829",="Present",="9/27/2025",="PSY101 -OL",
="800001829",="Present",="10/4/2025",="PSY101 -OL",
="800001829",="Present",="10/11/2025",="PSY101 -OL",
="800001829",="Present",="10/18/2025",="PSY101 -OL",
="800001829",="Present",="10/25/2025",="PSY101 -OL",
="800001829",="Present",="11/1/2025",="PSY101 -OL",
="800001829",="Present",="11/8/2025",="PSY101 -OL",
="800001829",="Present",="11/15/2025",="PSY101 -OL",
="800001829",="Present",="11/22/2025",="PSY101 -OL",
="800001829",="Present",="9/5/2025",="ENG101 -P",
="800001829",="Present",="9/12/2025",="ENG101 -P",
="800001829",="Present",="9/19/2025",="ENG101 -P",
="800001829",="Present",="9/26/2025",="ENG101 -P",
="800001829",="Present",="10/3/2025",="ENG101 -P",
="800001829",="Present",="10/10/2025",="ENG101 -P",
="800001829",="Present",="10/17/2025",="ENG101 -P",
="800001829",="Present",="10/24/2025",="ENG101 -P",
="800001829",="Present",="10/31/2025",="ENG101 -P",
="800001829",="Present",="11/7/2025",="ENG101 -P",
="800001829",="Present",="11/14/2025",="ENG101 -P",
="800001829",="Present",="11/21/2025",="ENG101 -P",
="800001829",="Present",="9/6/2025",="COL010 - OL I",
="800001829",="Present",="9/13/2025",="COL010 - OL I",
="800001829",="Present",="9/20/2025",="COL010 - OL I",
="800001829",="Present",="9/27/2025",="COL010 - OL I",
="800001829",="Present",="9/4/2025",="AP100-P",
="800001829",="Present",="9/11/2025",="AP100-P",
="800001829",="Present",="9/18/2025",="AP100-P",
="800001829",="Present",="9/25/2025",="AP100-P",
="800001829",="Present",="10/2/2025",="AP100-P",
="800001829",="Present",="10/9/2025",="AP100-P",
="800001829",="Present",="10/16/2025",="AP100-P",
="800001829",="Present",="10/23/2025",="AP100-P",
="800001829",="Present",="10/30/2025",="AP100-P",
="800001829",="Present",="11/6/2025",="AP100-P",
="800001829",="Present",="11/13/2025",="AP100-P",
="800001829",="Present",="11/20/2025",="AP100-P",
="800001829",="Present",="12/4/2025",="AP100-P",
="800001829",="Present",="9/9/2025",="NUR100-L-P1",
="800001829",="Present",="9/16/2025",="NUR100-L-P1",
="800001829",="Present",="9/23/2025",="NUR100-L-P1",
="800001829",="Present",="9/30/2025",="NUR100-L-P1",
="800001829",="Present",="10/7/2025",="NUR100-L-P1",
="800001829",="Present",="10/14/2025",="NUR100-L-P1",
="800001829",="Present",="10/21/2025",="NUR100-L-P1",
="800001829",="Present",="10/28/2025",="NUR100-L-P1",
="800001829",="Present",="11/4/2025",="NUR100-L-P1",
="800001829",="Present",="11/18/2025",="NUR100-L-P1",
="800001829",="Present",="11/25/2025",="NUR100-L-P1",
="800001829",="Present",="12/2/2025",="NUR100-L-P1",
="800001841",="Present",="10/1/2025",="PHARM100-P",
="800001841",="Present",="10/8/2025",="PHARM100-P",
="800001841",="Present",="10/15/2025",="PHARM100-P",
="800001841",="Present",="10/22/2025",="PHARM100-P",
="800001841",="Present",="10/29/2025",="PHARM100-P",
="800001841",="Present",="11/5/2025",="PHARM100-P",
="800001841",="Present",="11/12/2025",="PHARM100-P",
="800001841",="Present",="12/3/2025",="PHARM100-P",
="800001841",="Present",="9/4/2025",="AP100-P",
="800001841",="Present",="9/11/2025",="AP100-P",
="800001841",="Present",="9/18/2025",="AP100-P",
="800001841",="Present",="9/25/2025",="AP100-P",
="800001841",="Present",="10/2/2025",="AP100-P",
="800001841",="Present",="10/9/2025",="AP100-P",
="800001841",="Present",="10/16/2025",="AP100-P",
="800001841",="Present",="10/23/2025",="AP100-P",
="800001841",="Present",="10/30/2025",="AP100-P",
="800001841",="Present",="11/6/2025",="AP100-P",
="800001841",="Present",="11/13/2025",="AP100-P",
="800001841",="Present",="11/20/2025",="AP100-P",
="800001841",="Present",="12/4/2025",="AP100-P",
="800001841",="Present",="9/6/2025",="PSY101 -OL",
="800001841",="Present",="9/13/2025",="PSY101 -OL",
="800001841",="Present",="9/20/2025",="PSY101 -OL",
="800001841",="Present",="9/27/2025",="PSY101 -OL",
="800001841",="Present",="10/4/2025",="PSY101 -OL",
="800001841",="Present",="10/11/2025",="PSY101 -OL",
="800001841",="Present",="10/18/2025",="PSY101 -OL",
="800001841",="Present",="10/25/2025",="PSY101 -OL",
="800001841",="Present",="11/1/2025",="PSY101 -OL",
="800001841",="Present",="11/8/2025",="PSY101 -OL",
="800001841",="Present",="11/15/2025",="PSY101 -OL",
="800001841",="Present",="11/22/2025",="PSY101 -OL",
="800001841",="Present",="9/9/2025",="NUR100-L-P1",
="800001841",="Present",="9/16/2025",="NUR100-L-P1",
="800001841",="Present",="9/23/2025",="NUR100-L-P1",
="800001841",="Present",="9/30/2025",="NUR100-L-P1",
="800001841",="Present",="10/7/2025",="NUR100-L-P1",
="800001841",="Present",="10/14/2025",="NUR100-L-P1",
="800001841",="Present",="10/21/2025",="NUR100-L-P1",
="800001841",="Present",="10/28/2025",="NUR100-L-P1",
="800001841",="Present",="11/4/2025",="NUR100-L-P1",
="800001841",="Present",="11/18/2025",="NUR100-L-P1",
="800001841",="Present",="11/25/2025",="NUR100-L-P1",
="800001841",="Present",="12/2/2025",="NUR100-L-P1",
="800001841",="Present",="9/5/2025",="ENG101 -P",
="800001841",="Present",="9/12/2025",="ENG101 -P",
="800001841",="Present",="9/19/2025",="ENG101 -P",
="800001841",="Present",="9/26/2025",="ENG101 -P",
="800001841",="Present",="10/3/2025",="ENG101 -P",
="800001841",="Present",="10/10/2025",="ENG101 -P",
="800001841",="Present",="10/17/2025",="ENG101 -P",
="800001841",="Present",="10/24/2025",="ENG101 -P",
="800001841",="Present",="10/31/2025",="ENG101 -P",
="800001841",="Present",="11/7/2025",="ENG101 -P",
="800001841",="Present",="11/14/2025",="ENG101 -P",
="800001841",="Present",="11/21/2025",="ENG101 -P",
="800001841",="Present",="9/6/2025",="COL010 - OL I",
="800001841",="Present",="9/13/2025",="COL010 - OL I",
="800001841",="Present",="9/20/2025",="COL010 - OL I",
="800001841",="Present",="9/27/2025",="COL010 - OL I",
="800001841",="Present",="9/8/2025",="NUR100-P",
="800001841",="Present",="9/15/2025",="NUR100-P",
="800001841",="Present",="9/22/2025",="NUR100-P",
="800001841",="Present",="9/29/2025",="NUR100-P",
="800001841",="Present",="10/6/2025",="NUR100-P",
="800001841",="Present",="10/13/2025",="NUR100-P",
="800001841",="Present",="11/3/2025",="NUR100-P",
="800001841",="Present",="11/10/2025",="NUR100-P",
="800001841",="Present",="11/17/2025",="NUR100-P",
="800001841",="Present",="11/24/2025",="NUR100-P",
="800001841",="Present",="12/1/2025",="NUR100-P",
="800001840",="Present",="9/5/2025",="ENG101 -P",
="800001840",="Present",="9/12/2025",="ENG101 -P",
="800001840",="Present",="9/19/2025",="ENG101 -P",
="800001840",="Present",="9/26/2025",="ENG101 -P",
="800001840",="Present",="10/3/2025",="ENG101 -P",
="800001840",="Present",="10/10/2025",="ENG101 -P",
="800001840",="Present",="10/17/2025",="ENG101 -P",
="800001840",="Present",="10/24/2025",="ENG101 -P",
="800001840",="Present",="10/31/2025",="ENG101 -P",
="800001840",="Present",="11/7/2025",="ENG101 -P",
="800001840",="Present",="11/14/2025",="ENG101 -P",
="800001840",="Present",="11/21/2025",="ENG101 -P",
="800001840",="Present",="9/6/2025",="COL010 - OL I",
="800001840",="Present",="9/13/2025",="COL010 - OL I",
="800001840",="Present",="9/20/2025",="COL010 - OL I",
="800001840",="Present",="9/27/2025",="COL010 - OL I",
="800001840",="Present",="10/1/2025",="PHARM100-P",
="800001840",="Present",="10/8/2025",="PHARM100-P",
="800001840",="Present",="10/15/2025",="PHARM100-P",
="800001840",="Present",="10/22/2025",="PHARM100-P",
="800001840",="Present",="10/29/2025",="PHARM100-P",
="800001840",="Present",="11/5/2025",="PHARM100-P",
="800001840",="Present",="11/12/2025",="PHARM100-P",
="800001840",="Present",="12/3/2025",="PHARM100-P",
="800001840",="Present",="9/6/2025",="PSY101 -OL",
="800001840",="Present",="9/13/2025",="PSY101 -OL",
="800001840",="Present",="9/20/2025",="PSY101 -OL",
="800001840",="Present",="9/27/2025",="PSY101 -OL",
="800001840",="Present",="10/4/2025",="PSY101 -OL",
="800001840",="Present",="10/11/2025",="PSY101 -OL",
="800001840",="Present",="10/18/2025",="PSY101 -OL",
="800001840",="Present",="10/25/2025",="PSY101 -OL",
="800001840",="Present",="11/1/2025",="PSY101 -OL",
="800001840",="Present",="11/8/2025",="PSY101 -OL",
="800001840",="Present",="11/15/2025",="PSY101 -OL",
="800001840",="Present",="11/22/2025",="PSY101 -OL",
="800001840",="Present",="9/9/2025",="NUR100-L-P1",
="800001840",="Present",="9/16/2025",="NUR100-L-P1",
="800001840",="Present",="9/23/2025",="NUR100-L-P1",
="800001840",="Present",="9/30/2025",="NUR100-L-P1",
="800001840",="Present",="10/7/2025",="NUR100-L-P1",
="800001840",="Present",="10/14/2025",="NUR100-L-P1",
="800001840",="Present",="10/21/2025",="NUR100-L-P1",
="800001840",="Present",="10/28/2025",="NUR100-L-P1",
="800001840",="Present",="11/4/2025",="NUR100-L-P1",
="800001840",="Present",="11/18/2025",="NUR100-L-P1",
="800001840",="Present",="11/25/2025",="NUR100-L-P1",
="800001840",="Present",="12/2/2025",="NUR100-L-P1",
="800001840",="Present",="9/4/2025",="AP100-P",
="800001840",="Present",="9/11/2025",="AP100-P",
="800001840",="Present",="9/18/2025",="AP100-P",
="800001840",="Present",="9/25/2025",="AP100-P",
="800001840",="Present",="10/2/2025",="AP100-P",
="800001840",="Present",="10/9/2025",="AP100-P",
="800001840",="Present",="10/16/2025",="AP100-P",
="800001840",="Present",="10/23/2025",="AP100-P",
="800001840",="Present",="10/30/2025",="AP100-P",
="800001840",="Present",="11/6/2025",="AP100-P",
="800001840",="Present",="11/13/2025",="AP100-P",
="800001840",="Present",="11/20/2025",="AP100-P",
="800001840",="Present",="12/4/2025",="AP100-P",
="800001840",="Present",="9/8/2025",="NUR100-P",
="800001840",="Present",="9/15/2025",="NUR100-P",
="800001840",="Present",="9/22/2025",="NUR100-P",
="800001840",="Present",="9/29/2025",="NUR100-P",
="800001840",="Present",="10/6/2025",="NUR100-P",
="800001840",="Present",="10/13/2025",="NUR100-P",
="800001840",="Present",="11/3/2025",="NUR100-P",
="800001840",="Present",="11/10/2025",="NUR100-P",
="800001840",="Present",="11/17/2025",="NUR100-P",
="800001840",="Present",="11/24/2025",="NUR100-P",
="800001840",="Present",="12/1/2025",="NUR100-P",
="800001439",="Present",="9/6/2025",="PSY101 -OL",
="800001439",="Present",="9/13/2025",="PSY101 -OL",
="800001439",="Present",="9/20/2025",="PSY101 -OL",
="800001439",="Present",="9/27/2025",="PSY101 -OL",
="800001439",="Present",="10/4/2025",="PSY101 -OL",
="800001439",="Present",="10/11/2025",="PSY101 -OL",
="800001439",="Present",="10/18/2025",="PSY101 -OL",
="800001439",="Present",="10/25/2025",="PSY101 -OL",
="800001439",="Present",="11/1/2025",="PSY101 -OL",
="800001439",="Present",="11/8/2025",="PSY101 -OL",
="800001439",="Present",="11/15/2025",="PSY101 -OL",
="800001439",="Present",="11/22/2025",="PSY101 -OL",
="800001439",="Absent",="9/4/2025",="AP100-P",
="800001439",="Absent",="9/11/2025",="AP100-P",
="800001439",="Present",="9/18/2025",="AP100-P",
="800001439",="Present",="9/25/2025",="AP100-P",
="800001439",="Present",="10/2/2025",="AP100-P",
="800001439",="Present",="10/9/2025",="AP100-P",
="800001439",="Present",="10/16/2025",="AP100-P",
="800001439",="Present",="10/23/2025",="AP100-P",
="800001439",="Present",="10/30/2025",="AP100-P",
="800001439",="Present",="11/6/2025",="AP100-P",
="800001439",="Present",="11/13/2025",="AP100-P",
="800001439",="Present",="11/20/2025",="AP100-P",
="800001439",="Present",="12/4/2025",="AP100-P",
="800001439",="Present",="9/5/2025",="ENG101 -P",
="800001439",="Present",="9/12/2025",="ENG101 -P",
="800001439",="Present",="9/19/2025",="ENG101 -P",
="800001439",="Present",="9/26/2025",="ENG101 -P",
="800001439",="Present",="10/3/2025",="ENG101 -P",
="800001439",="Present",="10/10/2025",="ENG101 -P",
="800001439",="Present",="10/17/2025",="ENG101 -P",
="800001439",="Present",="10/24/2025",="ENG101 -P",
="800001439",="Present",="10/31/2025",="ENG101 -P",
="800001439",="Present",="11/7/2025",="ENG101 -P",
="800001439",="Present",="11/14/2025",="ENG101 -P",
="800001439",="Present",="11/21/2025",="ENG101 -P",
="800001439",="Present",="10/1/2025",="PHARM100-P",
="800001439",="Present",="10/8/2025",="PHARM100-P",
="800001439",="Present",="10/15/2025",="PHARM100-P",
="800001439",="Present",="10/22/2025",="PHARM100-P",
="800001439",="Present",="10/29/2025",="PHARM100-P",
="800001439",="Present",="11/5/2025",="PHARM100-P",
="800001439",="Present",="11/12/2025",="PHARM100-P",
="800001439",="Present",="12/3/2025",="PHARM100-P",
="800001439",="Present",="9/9/2025",="NUR100-L-P1",
="800001439",="Present",="9/16/2025",="NUR100-L-P1",
="800001439",="Present",="9/23/2025",="NUR100-L-P1",
="800001439",="Present",="9/30/2025",="NUR100-L-P1",
="800001439",="Present",="10/7/2025",="NUR100-L-P1",
="800001439",="Present",="10/14/2025",="NUR100-L-P1",
="800001439",="Present",="10/21/2025",="NUR100-L-P1",
="800001439",="Present",="10/28/2025",="NUR100-L-P1",
="800001439",="Present",="11/4/2025",="NUR100-L-P1",
="800001439",="Present",="11/18/2025",="NUR100-L-P1",
="800001439",="Present",="11/25/2025",="NUR100-L-P1",
="800001439",="Present",="12/2/2025",="NUR100-L-P1",
="800001439",="Present",="9/6/2025",="COL010 - OL I",
="800001439",="Present",="9/13/2025",="COL010 - OL I",
="800001439",="Present",="9/20/2025",="COL010 - OL I",
="800001439",="Present",="9/27/2025",="COL010 - OL I",
="800001439",="Present",="9/8/2025",="NUR100-P",
="800001439",="Present",="9/15/2025",="NUR100-P",
="800001439",="Present",="9/22/2025",="NUR100-P",
="800001439",="Present",="9/29/2025",="NUR100-P",
="800001439",="Present",="10/6/2025",="NUR100-P",
="800001439",="Present",="10/13/2025",="NUR100-P",
="800001439",="Present",="11/3/2025",="NUR100-P",
="800001439",="Present",="11/10/2025",="NUR100-P",
="800001439",="Present",="11/17/2025",="NUR100-P",
="800001439",="Present",="11/24/2025",="NUR100-P",
="800001439",="Present",="12/1/2025",="NUR100-P",
="800001845",="Present",="9/6/2025",="COL010 - OL I",
="800001845",="Present",="9/13/2025",="COL010 - OL I",
="800001845",="Present",="9/20/2025",="COL010 - OL I",
="800001845",="Present",="9/27/2025",="COL010 - OL I",
="800001845",="Present",="9/6/2025",="PSY101 -OL",
="800001845",="Present",="9/13/2025",="PSY101 -OL",
="800001845",="Present",="9/20/2025",="PSY101 -OL",
="800001845",="Present",="9/27/2025",="PSY101 -OL",
="800001845",="Present",="10/4/2025",="PSY101 -OL",
="800001845",="Present",="10/11/2025",="PSY101 -OL",
="800001845",="Present",="10/18/2025",="PSY101 -OL",
="800001845",="Present",="10/25/2025",="PSY101 -OL",
="800001845",="Present",="11/1/2025",="PSY101 -OL",
="800001845",="Present",="11/8/2025",="PSY101 -OL",
="800001845",="Present",="11/15/2025",="PSY101 -OL",
="800001845",="Present",="11/22/2025",="PSY101 -OL",
="800001845",="Present",="9/4/2025",="AP100-P",
="800001845",="Present",="9/11/2025",="AP100-P",
="800001845",="Present",="9/18/2025",="AP100-P",
="800001845",="Present",="9/25/2025",="AP100-P",
="800001845",="Present",="10/2/2025",="AP100-P",
="800001845",="Present",="10/9/2025",="AP100-P",
="800001845",="Present",="10/16/2025",="AP100-P",
="800001845",="Present",="10/23/2025",="AP100-P",
="800001845",="Present",="10/30/2025",="AP100-P",
="800001845",="Present",="11/6/2025",="AP100-P",
="800001845",="Present",="11/13/2025",="AP100-P",
="800001845",="Present",="11/20/2025",="AP100-P",
="800001845",="Present",="12/4/2025",="AP100-P",
="800001845",="Present",="9/5/2025",="ENG101 -P",
="800001845",="Present",="9/12/2025",="ENG101 -P",
="800001845",="Present",="9/19/2025",="ENG101 -P",
="800001845",="Present",="9/26/2025",="ENG101 -P",
="800001845",="Present",="10/3/2025",="ENG101 -P",
="800001845",="Present",="10/10/2025",="ENG101 -P",
="800001845",="Present",="10/17/2025",="ENG101 -P",
="800001845",="Present",="10/24/2025",="ENG101 -P",
="800001845",="Present",="10/31/2025",="ENG101 -P",
="800001845",="Present",="11/7/2025",="ENG101 -P",
="800001845",="Present",="11/14/2025",="ENG101 -P",
="800001845",="Present",="11/21/2025",="ENG101 -P",
="800001864",="Present",="9/4/2025",="PSY101 -A",
="800001864",="Present",="10/9/2025",="PSY101 -A",
="800001864",="Present",="10/16/2025",="PSY101 -A",
="800001864",="Tardy/Late",="9/5/2025",="COL010 -A",
="800001864",="Tardy/Late",="9/12/2025",="COL010 -A",
="800001864",="Tardy/Late",="9/19/2025",="COL010 -A",
="800001864",="Tardy/Late",="9/26/2025",="COL010 -A",
="800001864",="Present",="9/8/2025",="NUR100 -A",
="800001864",="Present",="9/15/2025",="NUR100 -A",
="800001864",="Present",="9/22/2025",="NUR100 -A",
="800001864",="Present",="9/29/2025",="NUR100 -A",
="800001864",="Present",="10/6/2025",="NUR100 -A",
="800001864",="Present",="10/13/2025",="NUR100 -A",
="800001864",="Present",="11/3/2025",="NUR100 -A",
="800001864",="Present",="11/10/2025",="NUR100 -A",
="800001864",="Present",="11/17/2025",="NUR100 -A",
="800001864",="Present",="11/24/2025",="NUR100 -A",
="800001864",="Present",="12/1/2025",="NUR100 -A",
="800001864",="Present",="12/8/2025",="NUR100 -A",
="800001864",="Present",="9/29/2025",="PHARM100-A",
="800001864",="Present",="10/6/2025",="PHARM100-A",
="800001864",="Present",="10/13/2025",="PHARM100-A",
="800001864",="Absent",="11/17/2025",="PHARM100-A",
="800001864",="Present",="11/24/2025",="PHARM100-A",
="800001864",="Absent",="11/24/2025",="PHARM100-A",
="800001864",="Present",="12/1/2025",="PHARM100-A",
="800001864",="Present",="9/2/2025",="NUR100-L-A1",
="800001864",="Present",="9/9/2025",="NUR100-L-A1",
="800001864",="Present",="9/16/2025",="NUR100-L-A1",
="800001864",="Present",="9/23/2025",="NUR100-L-A1",
="800001864",="Present",="9/30/2025",="NUR100-L-A1",
="800001864",="Present",="10/7/2025",="NUR100-L-A1",
="800001864",="Present",="10/14/2025",="NUR100-L-A1",
="800001864",="Present",="10/21/2025",="NUR100-L-A1",
="800001864",="Present",="10/28/2025",="NUR100-L-A1",
="800001864",="Present",="11/4/2025",="NUR100-L-A1",
="800001864",="Present",="11/11/2025",="NUR100-L-A1",
="800001864",="Present",="11/18/2025",="NUR100-L-A1",
="800001864",="Present",="11/25/2025",="NUR100-L-A1",
="800001864",="Present",="12/2/2025",="NUR100-L-A1",
="800001864",="Present",="12/9/2025",="NUR100-L-A1",
="800001864",="Present",="9/3/2025",="ENG101 -A",
="800001864",="Present",="9/10/2025",="ENG101 -A",
="800001864",="Present",="9/17/2025",="ENG101 -A",
="800001864",="Present",="9/24/2025",="ENG101 -A",
="800001864",="Present",="10/1/2025",="ENG101 -A",
="800001864",="Present",="10/8/2025",="ENG101 -A",
="800001864",="Tardy/Late excused",="10/15/2025",="ENG101 -A",
="800001864",="Present",="10/22/2025",="ENG101 -A",
="800001864",="Present",="10/29/2025",="ENG101 -A",
="800001864",="Present",="11/5/2025",="ENG101 -A",
="800001864",="Present",="11/12/2025",="ENG101 -A",
="800001864",="Present",="11/19/2025",="ENG101 -A",
="800001864",="Present",="11/26/2025",="ENG101 -A",
="800001864",="Present",="12/3/2025",="ENG101 -A",
="800001827",="Present",="9/9/2025",="NUR125-A",
="800001827",="Present",="9/16/2025",="NUR125-A",
="800001827",="Present",="9/23/2025",="NUR125-A",
="800001827",="Present",="9/30/2025",="NUR125-A",
="800001827",="Present",="10/7/2025",="NUR125-A",
="800001827",="Present",="10/14/2025",="NUR125-A",
="800001827",="Present",="11/4/2025",="NUR125-A",
="800001827",="Present",="11/11/2025",="NUR125-A",
="800001827",="Present",="11/18/2025",="NUR125-A",
="800001827",="Present",="11/25/2025",="NUR125-A",
="800001827",="Present",="12/2/2025",="NUR125-A",
="800001827",="Present",="9/4/2025",="PSY101 -A",
="800001827",="Present",="10/9/2025",="PSY101 -A",
="800001827",="Present",="10/16/2025",="PSY101 -A",
="800001827",="Present",="9/3/2025",="ENG101 -A",
="800001827",="Present",="9/10/2025",="ENG101 -A",
="800001827",="Present",="9/17/2025",="ENG101 -A",
="800001827",="Present",="9/24/2025",="ENG101 -A",
="800001827",="Present",="10/1/2025",="ENG101 -A",
="800001827",="Present",="10/8/2025",="ENG101 -A",
="800001827",="Present",="10/15/2025",="ENG101 -A",
="800001827",="Present",="10/22/2025",="ENG101 -A",
="800001827",="Present",="10/29/2025",="ENG101 -A",
="800001827",="Present",="11/5/2025",="ENG101 -A",
="800001827",="Present",="11/12/2025",="ENG101 -A",
="800001827",="Present",="11/19/2025",="ENG101 -A",
="800001827",="Present",="11/26/2025",="ENG101 -A",
="800001827",="Present",="12/3/2025",="ENG101 -A",
="800001827",="Present",="9/9/2025",="NUR125-L-A1",
="800001827",="Present",="9/16/2025",="NUR125-L-A1",
="800001827",="Present",="9/23/2025",="NUR125-L-A1",
="800001827",="Present",="9/30/2025",="NUR125-L-A1",
="800001827",="Present",="10/7/2025",="NUR125-L-A1",
="800001827",="Present",="10/14/2025",="NUR125-L-A1",
="800001827",="Absent",="11/4/2025",="NUR125-L-A1",
="800001827",="Present",="11/11/2025",="NUR125-L-A1",
="800001827",="Present",="11/18/2025",="NUR125-L-A1",
="800001827",="Present",="11/25/2025",="NUR125-L-A1",
="800001827",="Present",="12/2/2025",="NUR125-L-A1",
="800001827",="Present",="9/4/2025",="NUR201-A",
="800001827",="Present",="9/11/2025",="NUR201-A",
="800001827",="Present",="9/18/2025",="NUR201-A",
="800001827",="Present",="9/25/2025",="NUR201-A",
="800001827",="Present",="10/2/2025",="NUR201-A",
="800001827",="Present",="10/9/2025",="NUR201-A",
="800001827",="Present",="10/16/2025",="NUR201-A",
="800001827",="Present",="11/6/2025",="NUR201-A",
="800001827",="Present",="11/13/2025",="NUR201-A",
="800001827",="Present",="11/20/2025",="NUR201-A",
="800001827",="Present",="9/3/2025",="AP209 -A",
="800001827",="Present",="9/10/2025",="AP209 -A",
="800001827",="Present",="9/17/2025",="AP209 -A",
="800001827",="Present",="9/24/2025",="AP209 -A",
="800001827",="Present",="10/1/2025",="AP209 -A",
="800001827",="Present",="10/8/2025",="AP209 -A",
="800001827",="Present",="10/15/2025",="AP209 -A",
="800001827",="Present",="10/22/2025",="AP209 -A",
="800001827",="Present",="10/29/2025",="AP209 -A",
="800001827",="Present",="11/5/2025",="AP209 -A",
="800001827",="Present",="11/12/2025",="AP209 -A",
="800001827",="Present",="11/19/2025",="AP209 -A",
="800001827",="Present",="11/26/2025",="AP209 -A",
="800001827",="Present",="12/3/2025",="AP209 -A",
="800001827",="Present",="12/10/2025",="AP209 -A",
="800001827",="Present",="9/6/2025",="COL010 - OL I",
="800001827",="Present",="9/13/2025",="COL010 - OL I",
="800001827",="Present",="9/20/2025",="COL010 - OL I",
="800001827",="Present",="9/27/2025",="COL010 - OL I",
="800001827",="Present",="9/4/2025",="NUR201-L-A",
="800001827",="Present",="9/11/2025",="NUR201-L-A",
="800001827",="Present",="9/18/2025",="NUR201-L-A",
="800001827",="Present",="9/25/2025",="NUR201-L-A",
="800001827",="Present",="10/2/2025",="NUR201-L-A",
="800001827",="Present",="10/9/2025",="NUR201-L-A",
="800001827",="Present",="10/16/2025",="NUR201-L-A",
="800001827",="Present",="11/6/2025",="NUR201-L-A",
="800001649",="Present",="9/8/2025",="NUR100-P",
="800001649",="Present",="9/15/2025",="NUR100-P",
="800001649",="Present",="9/22/2025",="NUR100-P",
="800001649",="Present",="9/29/2025",="NUR100-P",
="800001649",="Present",="10/6/2025",="NUR100-P",
="800001649",="Present",="10/13/2025",="NUR100-P",
="800001649",="Present",="11/3/2025",="NUR100-P",
="800001649",="Present",="11/10/2025",="NUR100-P",
="800001649",="Present",="11/17/2025",="NUR100-P",
="800001649",="Present",="11/24/2025",="NUR100-P",
="800001649",="Present",="12/1/2025",="NUR100-P",
="800001649",="Absent",="9/4/2025",="AP100-P",
="800001649",="Present",="9/11/2025",="AP100-P",
="800001649",="Present",="9/18/2025",="AP100-P",
="800001649",="Present",="9/25/2025",="AP100-P",
="800001649",="Present",="10/2/2025",="AP100-P",
="800001649",="Present",="10/9/2025",="AP100-P",
="800001649",="Present",="10/16/2025",="AP100-P",
="800001649",="Present",="10/23/2025",="AP100-P",
="800001649",="Present",="10/30/2025",="AP100-P",
="800001649",="Present",="11/6/2025",="AP100-P",
="800001649",="Present",="11/13/2025",="AP100-P",
="800001649",="Present",="11/20/2025",="AP100-P",
="800001649",="Present",="12/4/2025",="AP100-P",
="800001649",="Present",="9/9/2025",="NUR100-L-P1",
="800001649",="Present",="9/16/2025",="NUR100-L-P1",
="800001649",="Present",="9/23/2025",="NUR100-L-P1",
="800001649",="Present",="9/30/2025",="NUR100-L-P1",
="800001649",="Present",="10/7/2025",="NUR100-L-P1",
="800001649",="Present",="10/14/2025",="NUR100-L-P1",
="800001649",="Present",="10/21/2025",="NUR100-L-P1",
="800001649",="Present",="10/28/2025",="NUR100-L-P1",
="800001649",="Present",="11/4/2025",="NUR100-L-P1",
="800001649",="Present",="11/18/2025",="NUR100-L-P1",
="800001649",="Present",="11/25/2025",="NUR100-L-P1",
="800001649",="Present",="12/2/2025",="NUR100-L-P1",
="800001649",="Absent",="9/6/2025",="COL010 - OL I",
="800001649",="Present",="9/13/2025",="COL010 - OL I",
="800001649",="Absent",="9/20/2025",="COL010 - OL I",
="800001649",="Present",="9/27/2025",="COL010 - OL I",
="800001649",="Present",="9/6/2025",="PSY101 -OL",
="800001649",="Present",="9/13/2025",="PSY101 -OL",
="800001649",="Present",="9/20/2025",="PSY101 -OL",
="800001649",="Present",="9/5/2025",="ENG101 -P",
="800001649",="Present",="9/12/2025",="ENG101 -P",
="800001649",="Present",="9/19/2025",="ENG101 -P",
="800001649",="Present",="9/26/2025",="ENG101 -P",
="800001649",="Present",="10/3/2025",="ENG101 -P",
="800001649",="Present",="10/10/2025",="ENG101 -P",
="800001649",="Present",="10/17/2025",="ENG101 -P",
="800001649",="Present",="10/24/2025",="ENG101 -P",
="800001649",="Present",="10/31/2025",="ENG101 -P",
="800001649",="Absent",="11/7/2025",="ENG101 -P",
="800001649",="Present",="11/14/2025",="ENG101 -P",
="800001649",="Present",="11/21/2025",="ENG101 -P",
="800001851",="Present",="9/6/2025",="PSY101 -OL",
="800001851",="Present",="9/13/2025",="PSY101 -OL",
="800001851",="Present",="9/20/2025",="PSY101 -OL",
="800001851",="Absent",="9/27/2025",="PSY101 -OL",
="800001851",="Present",="10/4/2025",="PSY101 -OL",
="800001851",="Absent",="10/11/2025",="PSY101 -OL",
="800001851",="Present",="10/18/2025",="PSY101 -OL",
="800001851",="Absent",="10/25/2025",="PSY101 -OL",
="800001851",="Absent",="11/1/2025",="PSY101 -OL",
="800001851",="Absent",="11/8/2025",="PSY101 -OL",
="800001851",="Absent",="11/15/2025",="PSY101 -OL",
="800001851",="Absent",="11/22/2025",="PSY101 -OL",
="800001851",="Absent",="9/6/2025",="COL010 - OL I",
="800001851",="Present",="9/13/2025",="COL010 - OL I",
="800001851",="Absent",="9/20/2025",="COL010 - OL I",
="800001851",="Absent",="9/27/2025",="COL010 - OL I",
="800001851",="Present",="9/4/2025",="AP100-P",
="800001851",="Absent",="9/11/2025",="AP100-P",
="800001851",="Present",="9/18/2025",="AP100-P",
="800001851",="Absent",="9/25/2025",="AP100-P",
="800001851",="Absent",="10/2/2025",="AP100-P",
="800001851",="Absent",="10/9/2025",="AP100-P",
="800001851",="Absent",="10/16/2025",="AP100-P",
="800001851",="Absent",="10/23/2025",="AP100-P",
="800001851",="Absent",="10/30/2025",="AP100-P",
="800001851",="Absent",="11/6/2025",="AP100-P",
="800001851",="Absent",="11/13/2025",="AP100-P",
="800001851",="Absent",="11/20/2025",="AP100-P",
="800001851",="Present",="9/5/2025",="ENG101 -P",
="800001851",="Present",="9/12/2025",="ENG101 -P",
="800001851",="Absent",="9/19/2025",="ENG101 -P",
="800001851",="Absent",="9/26/2025",="ENG101 -P",
="800001851",="Absent",="10/3/2025",="ENG101 -P",
="800001851",="Absent",="10/10/2025",="ENG101 -P",
="800001851",="Absent",="10/17/2025",="ENG101 -P",
="800001851",="Absent",="10/24/2025",="ENG101 -P",
="800001851",="Present",="10/31/2025",="ENG101 -P",
="800001851",="Absent",="11/7/2025",="ENG101 -P",
="800001851",="Absent",="11/14/2025",="ENG101 -P",
="800001851",="Absent",="11/21/2025",="ENG101 -P",
="800001856",="Present",="9/5/2025",="ENG101 -P",
="800001856",="Present",="9/12/2025",="ENG101 -P",
="800001856",="Present",="9/19/2025",="ENG101 -P",
="800001856",="Present",="9/26/2025",="ENG101 -P",
="800001856",="Present",="10/3/2025",="ENG101 -P",
="800001856",="Present",="10/10/2025",="ENG101 -P",
="800001856",="Present",="10/17/2025",="ENG101 -P",
="800001856",="Present",="10/24/2025",="ENG101 -P",
="800001856",="Present",="10/31/2025",="ENG101 -P",
="800001856",="Present",="11/7/2025",="ENG101 -P",
="800001856",="Present",="11/14/2025",="ENG101 -P",
="800001856",="Present",="11/21/2025",="ENG101 -P",
="800001856",="Present",="9/8/2025",="NUR100-P",
="800001856",="Present",="9/15/2025",="NUR100-P",
="800001856",="Present",="9/22/2025",="NUR100-P",
="800001856",="Present",="9/29/2025",="NUR100-P",
="800001856",="Present",="10/6/2025",="NUR100-P",
="800001856",="Present",="10/13/2025",="NUR100-P",
="800001856",="Present",="11/3/2025",="NUR100-P",
="800001856",="Present",="11/10/2025",="NUR100-P",
="800001856",="Present",="11/17/2025",="NUR100-P",
="800001856",="Present",="11/24/2025",="NUR100-P",
="800001856",="Present",="12/1/2025",="NUR100-P",
="800001856",="Present",="9/9/2025",="NUR100-L-P1",
="800001856",="Present",="9/16/2025",="NUR100-L-P1",
="800001856",="Present",="9/23/2025",="NUR100-L-P1",
="800001856",="Present",="9/30/2025",="NUR100-L-P1",
="800001856",="Present",="10/7/2025",="NUR100-L-P1",
="800001856",="Present",="10/14/2025",="NUR100-L-P1",
="800001856",="Present",="10/21/2025",="NUR100-L-P1",
="800001856",="Present",="10/28/2025",="NUR100-L-P1",
="800001856",="Present",="11/4/2025",="NUR100-L-P1",
="800001856",="Present",="11/18/2025",="NUR100-L-P1",
="800001856",="Present",="11/25/2025",="NUR100-L-P1",
="800001856",="Present",="12/2/2025",="NUR100-L-P1",
="800001856",="Present",="9/6/2025",="PSY101 -OL",
="800001856",="Present",="9/13/2025",="PSY101 -OL",
="800001856",="Present",="9/20/2025",="PSY101 -OL",
="800001856",="Present",="9/27/2025",="PSY101 -OL",
="800001856",="Present",="10/4/2025",="PSY101 -OL",
="800001856",="Present",="10/11/2025",="PSY101 -OL",
="800001856",="Present",="10/18/2025",="PSY101 -OL",
="800001856",="Present",="10/25/2025",="PSY101 -OL",
="800001856",="Present",="11/1/2025",="PSY101 -OL",
="800001856",="Present",="11/8/2025",="PSY101 -OL",
="800001856",="Present",="11/15/2025",="PSY101 -OL",
="800001856",="Present",="11/22/2025",="PSY101 -OL",
="800001856",="Present",="9/6/2025",="COL010 - OL I",
="800001856",="Present",="9/13/2025",="COL010 - OL I",
="800001856",="Present",="9/20/2025",="COL010 - OL I",
="800001856",="Present",="9/27/2025",="COL010 - OL I",
="800001856",="Present",="9/4/2025",="AP100-P",
="800001856",="Present",="9/11/2025",="AP100-P",
="800001856",="Present",="9/18/2025",="AP100-P",
="800001856",="Present",="9/25/2025",="AP100-P",
="800001856",="Present",="10/2/2025",="AP100-P",
="800001856",="Present",="10/9/2025",="AP100-P",
="800001856",="Present",="10/16/2025",="AP100-P",
="800001856",="Present",="10/23/2025",="AP100-P",
="800001856",="Present",="10/30/2025",="AP100-P",
="800001856",="Present",="11/6/2025",="AP100-P",
="800001856",="Present",="11/13/2025",="AP100-P",
="800001856",="Present",="11/20/2025",="AP100-P",
="800001856",="Present",="12/4/2025",="AP100-P",
="800001856",="Present",="10/1/2025",="PHARM100-P",
="800001856",="Present",="10/8/2025",="PHARM100-P",
="800001856",="Present",="10/15/2025",="PHARM100-P",
="800001856",="Present",="10/22/2025",="PHARM100-P",
="800001856",="Present",="10/29/2025",="PHARM100-P",
="800001856",="Present",="11/5/2025",="PHARM100-P",
="800001856",="Present",="11/12/2025",="PHARM100-P",
="800001856",="Present",="12/3/2025",="PHARM100-P",
="800001862",="Present",="9/2/2025",="NUR100-L-A1",
="800001862",="Present",="9/9/2025",="NUR100-L-A1",
="800001862",="Present",="9/16/2025",="NUR100-L-A1",
="800001862",="Present",="9/23/2025",="NUR100-L-A1",
="800001862",="Present",="9/30/2025",="NUR100-L-A1",
="800001862",="Present",="10/7/2025",="NUR100-L-A1",
="800001862",="Present",="10/14/2025",="NUR100-L-A1",
="800001862",="Present",="10/21/2025",="NUR100-L-A1",
="800001862",="Present",="10/28/2025",="NUR100-L-A1",
="800001862",="Present",="11/4/2025",="NUR100-L-A1",
="800001862",="Present",="11/11/2025",="NUR100-L-A1",
="800001862",="Present",="11/18/2025",="NUR100-L-A1",
="800001862",="Present",="11/25/2025",="NUR100-L-A1",
="800001862",="Present",="12/2/2025",="NUR100-L-A1",
="800001862",="Present",="12/9/2025",="NUR100-L-A1",
="800001862",="Tardy/Late",="9/5/2025",="COL010 -A",
="800001862",="Tardy/Late",="9/12/2025",="COL010 -A",
="800001862",="Tardy/Late",="9/19/2025",="COL010 -A",
="800001862",="Tardy/Late",="9/26/2025",="COL010 -A",
="800001862",="Present",="9/8/2025",="NUR100 -A",
="800001862",="Present",="9/15/2025",="NUR100 -A",
="800001862",="Present",="9/22/2025",="NUR100 -A",
="800001862",="Present",="9/29/2025",="NUR100 -A",
="800001862",="Present",="10/6/2025",="NUR100 -A",
="800001862",="Present",="10/13/2025",="NUR100 -A",
="800001862",="Present",="11/3/2025",="NUR100 -A",
="800001862",="Present",="11/10/2025",="NUR100 -A",
="800001862",="Present",="11/17/2025",="NUR100 -A",
="800001862",="Present",="11/24/2025",="NUR100 -A",
="800001862",="Present",="12/1/2025",="NUR100 -A",
="800001862",="Present",="12/8/2025",="NUR100 -A",
="800001842",="Present",="9/6/2025",="PSY101 -OL",
="800001842",="Present",="9/13/2025",="PSY101 -OL",
="800001842",="Present",="9/20/2025",="PSY101 -OL",
="800001842",="Present",="9/27/2025",="PSY101 -OL",
="800001842",="Present",="10/4/2025",="PSY101 -OL",
="800001842",="Present",="10/11/2025",="PSY101 -OL",
="800001842",="Present",="10/18/2025",="PSY101 -OL",
="800001842",="Present",="10/25/2025",="PSY101 -OL",
="800001842",="Present",="11/1/2025",="PSY101 -OL",
="800001842",="Present",="11/8/2025",="PSY101 -OL",
="800001842",="Present",="11/15/2025",="PSY101 -OL",
="800001842",="Present",="11/22/2025",="PSY101 -OL",
="800001842",="Present",="9/4/2025",="AP100-P",
="800001842",="Present",="9/11/2025",="AP100-P",
="800001842",="Present",="9/18/2025",="AP100-P",
="800001842",="Present",="9/25/2025",="AP100-P",
="800001842",="Present",="10/2/2025",="AP100-P",
="800001842",="Present",="10/9/2025",="AP100-P",
="800001842",="Present",="10/16/2025",="AP100-P",
="800001842",="Present",="10/23/2025",="AP100-P",
="800001842",="Present",="10/30/2025",="AP100-P",
="800001842",="Present",="11/6/2025",="AP100-P",
="800001842",="Present",="11/13/2025",="AP100-P",
="800001842",="Present",="11/20/2025",="AP100-P",
="800001842",="Present",="12/4/2025",="AP100-P",
="800001842",="Present",="9/5/2025",="ENG101 -P",
="800001842",="Present",="9/12/2025",="ENG101 -P",
="800001842",="Present",="9/19/2025",="ENG101 -P",
="800001842",="Present",="9/26/2025",="ENG101 -P",
="800001842",="Present",="10/3/2025",="ENG101 -P",
="800001842",="Present",="10/10/2025",="ENG101 -P",
="800001842",="Present",="10/17/2025",="ENG101 -P",
="800001842",="Present",="10/24/2025",="ENG101 -P",
="800001842",="Present",="10/31/2025",="ENG101 -P",
="800001842",="Present",="11/7/2025",="ENG101 -P",
="800001842",="Present",="11/14/2025",="ENG101 -P",
="800001842",="Present",="11/21/2025",="ENG101 -P",
="800001842",="Present",="9/8/2025",="NUR100-P",
="800001842",="Present",="9/15/2025",="NUR100-P",
="800001842",="Present",="9/22/2025",="NUR100-P",
="800001842",="Present",="9/29/2025",="NUR100-P",
="800001842",="Present",="10/6/2025",="NUR100-P",
="800001842",="Present",="10/13/2025",="NUR100-P",
="800001842",="Present",="11/3/2025",="NUR100-P",
="800001842",="Present",="11/10/2025",="NUR100-P",
="800001842",="Present",="11/17/2025",="NUR100-P",
="800001842",="Present",="11/24/2025",="NUR100-P",
="800001842",="Present",="12/1/2025",="NUR100-P",
="800001842",="Present",="10/1/2025",="PHARM100-P",
="800001842",="Present",="10/8/2025",="PHARM100-P",
="800001842",="Present",="10/15/2025",="PHARM100-P",
="800001842",="Present",="10/22/2025",="PHARM100-P",
="800001842",="Present",="10/29/2025",="PHARM100-P",
="800001842",="Present",="11/5/2025",="PHARM100-P",
="800001842",="Present",="11/12/2025",="PHARM100-P",
="800001842",="Present",="12/3/2025",="PHARM100-P",
="800001842",="Present",="9/9/2025",="NUR100-L-P1",
="800001842",="Present",="9/16/2025",="NUR100-L-P1",
="800001842",="Present",="9/23/2025",="NUR100-L-P1",
="800001842",="Present",="9/30/2025",="NUR100-L-P1",
="800001842",="Present",="10/7/2025",="NUR100-L-P1",
="800001842",="Present",="10/14/2025",="NUR100-L-P1",
="800001842",="Present",="10/21/2025",="NUR100-L-P1",
="800001842",="Present",="10/28/2025",="NUR100-L-P1",
="800001842",="Present",="11/4/2025",="NUR100-L-P1",
="800001842",="Present",="11/18/2025",="NUR100-L-P1",
="800001842",="Present",="11/25/2025",="NUR100-L-P1",
="800001842",="Present",="12/2/2025",="NUR100-L-P1",
="800001842",="Present",="9/6/2025",="COL010 - OL I",
="800001842",="Present",="9/13/2025",="COL010 - OL I",
="800001842",="Present",="9/20/2025",="COL010 - OL I",
="800001842",="Present",="9/27/2025",="COL010 - OL I",
="800001833",="Present",="9/6/2025",="COL010 - OL I",
="800001833",="Present",="9/13/2025",="COL010 - OL I",
="800001833",="Present",="9/20/2025",="COL010 - OL I",
="800001833",="Present",="9/27/2025",="COL010 - OL I",
="800001833",="Present",="9/4/2025",="AP100-P",
="800001833",="Present",="9/11/2025",="AP100-P",
="800001833",="Present",="9/18/2025",="AP100-P",
="800001833",="Present",="9/25/2025",="AP100-P",
="800001833",="Present",="10/2/2025",="AP100-P",
="800001833",="Present",="10/9/2025",="AP100-P",
="800001833",="Present",="10/16/2025",="AP100-P",
="800001833",="Present",="10/23/2025",="AP100-P",
="800001833",="Present",="10/30/2025",="AP100-P",
="800001833",="Present",="11/6/2025",="AP100-P",
="800001833",="Present",="11/13/2025",="AP100-P",
="800001833",="Present",="11/20/2025",="AP100-P",
="800001833",="Present",="12/4/2025",="AP100-P",
="800001833",="Present",="9/6/2025",="PSY101 -OL",
="800001833",="Present",="9/13/2025",="PSY101 -OL",
="800001833",="Present",="9/20/2025",="PSY101 -OL",
="800001833",="Present",="9/27/2025",="PSY101 -OL",
="800001833",="Present",="10/4/2025",="PSY101 -OL",
="800001833",="Present",="10/11/2025",="PSY101 -OL",
="800001833",="Present",="10/18/2025",="PSY101 -OL",
="800001833",="Present",="10/25/2025",="PSY101 -OL",
="800001833",="Present",="11/1/2025",="PSY101 -OL",
="800001833",="Present",="11/8/2025",="PSY101 -OL",
="800001833",="Present",="11/15/2025",="PSY101 -OL",
="800001833",="Present",="11/22/2025",="PSY101 -OL",
="800001833",="Present",="9/5/2025",="ENG101 -P",
="800001833",="Present",="9/12/2025",="ENG101 -P",
="800001833",="Present",="9/19/2025",="ENG101 -P",
="800001833",="Present",="9/26/2025",="ENG101 -P",
="800001833",="Present",="10/3/2025",="ENG101 -P",
="800001833",="Present",="10/10/2025",="ENG101 -P",
="800001833",="Present",="10/17/2025",="ENG101 -P",
="800001833",="Present",="10/24/2025",="ENG101 -P",
="800001833",="Present",="10/31/2025",="ENG101 -P",
="800001833",="Absent",="11/7/2025",="ENG101 -P",
="800001833",="Present",="11/14/2025",="ENG101 -P",
="800001833",="Present",="11/21/2025",="ENG101 -P",
="800001838",="Present",="9/4/2025",="NUR201-A",
="800001838",="Present",="9/11/2025",="NUR201-A",
="800001838",="Present",="9/18/2025",="NUR201-A",
="800001838",="Present",="9/25/2025",="NUR201-A",
="800001838",="Present",="10/2/2025",="NUR201-A",
="800001838",="Present",="10/9/2025",="NUR201-A",
="800001838",="Present",="10/16/2025",="NUR201-A",
="800001838",="Present",="11/6/2025",="NUR201-A",
="800001838",="Present",="11/13/2025",="NUR201-A",
="800001838",="Present",="11/20/2025",="NUR201-A",
="800001838",="Present",="9/3/2025",="AP209 -A",
="800001838",="Present",="9/10/2025",="AP209 -A",
="800001838",="Present",="9/17/2025",="AP209 -A",
="800001838",="Present",="9/24/2025",="AP209 -A",
="800001838",="Present",="10/1/2025",="AP209 -A",
="800001838",="Present",="10/8/2025",="AP209 -A",
="800001838",="Present",="10/15/2025",="AP209 -A",
="800001838",="Present",="10/22/2025",="AP209 -A",
="800001838",="Present",="10/29/2025",="AP209 -A",
="800001838",="Present",="11/5/2025",="AP209 -A",
="800001838",="Present",="11/12/2025",="AP209 -A",
="800001838",="Present",="11/19/2025",="AP209 -A",
="800001838",="Present",="11/26/2025",="AP209 -A",
="800001838",="Present",="12/3/2025",="AP209 -A",
="800001838",="Present",="12/10/2025",="AP209 -A",
="800001838",="Present",="9/4/2025",="NUR201-L-A",
="800001838",="Present",="9/11/2025",="NUR201-L-A",
="800001838",="Present",="9/18/2025",="NUR201-L-A",
="800001838",="Present",="9/25/2025",="NUR201-L-A",
="800001838",="Present",="10/2/2025",="NUR201-L-A",
="800001838",="Present",="10/9/2025",="NUR201-L-A",
="800001838",="Present",="10/16/2025",="NUR201-L-A",
="800001838",="Present",="11/6/2025",="NUR201-L-A",
="800001838",="Present",="9/4/2025",="PSY101 -A",
="800001838",="Present",="9/11/2025",="PSY101 -A",
="800001838",="Present",="9/18/2025",="PSY101 -A",
="800001838",="Present",="9/25/2025",="PSY101 -A",
="800001838",="Present",="10/9/2025",="PSY101 -A",
="800001838",="Present",="10/16/2025",="PSY101 -A",
="800001838",="Present",="10/23/2025",="PSY101 -A",
="800001838",="Present",="10/30/2025",="PSY101 -A",
="800001838",="Present",="11/6/2025",="PSY101 -A",
="800001838",="Present",="11/13/2025",="PSY101 -A",
="800001838",="Present",="11/20/2025",="PSY101 -A",
="800001838",="Present",="12/4/2025",="PSY101 -A",
="800001838",="Present",="9/9/2025",="NUR125-L-A1",
="800001838",="Present",="9/16/2025",="NUR125-L-A1",
="800001838",="Present",="9/23/2025",="NUR125-L-A1",
="800001838",="Present",="9/30/2025",="NUR125-L-A1",
="800001838",="Present",="10/7/2025",="NUR125-L-A1",
="800001838",="Present",="10/14/2025",="NUR125-L-A1",
="800001838",="Absent",="11/4/2025",="NUR125-L-A1",
="800001838",="Present",="11/11/2025",="NUR125-L-A1",
="800001838",="Present",="11/18/2025",="NUR125-L-A1",
="800001838",="Present",="11/25/2025",="NUR125-L-A1",
="800001838",="Present",="12/2/2025",="NUR125-L-A1",
="800001838",="Present",="9/3/2025",="ENG101 -A",
="800001838",="Present",="9/10/2025",="ENG101 -A",
="800001838",="Present",="9/17/2025",="ENG101 -A",
="800001838",="Present",="9/24/2025",="ENG101 -A",
="800001838",="Present",="10/1/2025",="ENG101 -A",
="800001838",="Present",="10/8/2025",="ENG101 -A",
="800001838",="Absent",="10/15/2025",="ENG101 -A",
="800001838",="Present",="10/22/2025",="ENG101 -A",
="800001838",="Present",="10/29/2025",="ENG101 -A",
="800001838",="Present",="11/5/2025",="ENG101 -A",
="800001838",="Present",="11/12/2025",="ENG101 -A",
="800001838",="Present",="11/19/2025",="ENG101 -A",
="800001838",="Present",="11/26/2025",="ENG101 -A",
="800001838",="Present",="12/3/2025",="ENG101 -A",
="800001838",="Present",="9/9/2025",="NUR125-A",
="800001838",="Present",="9/16/2025",="NUR125-A",
="800001838",="Present",="9/23/2025",="NUR125-A",
="800001838",="Present",="9/30/2025",="NUR125-A",
="800001838",="Present",="10/7/2025",="NUR125-A",
="800001838",="Present",="10/14/2025",="NUR125-A",
="800001838",="Present",="11/4/2025",="NUR125-A",
="800001838",="Present",="11/11/2025",="NUR125-A",
="800001838",="Present",="11/18/2025",="NUR125-A",
="800001838",="Present",="11/25/2025",="NUR125-A",
="800001838",="Present",="12/2/2025",="NUR125-A",
="800001197",="Present",="9/8/2025",="NUR100-P",
="800001197",="Present",="9/15/2025",="NUR100-P",
="800001197",="Present",="9/22/2025",="NUR100-P",
="800001197",="Present",="9/29/2025",="NUR100-P",
="800001197",="Present",="10/6/2025",="NUR100-P",
="800001197",="Present",="10/13/2025",="NUR100-P",
="800001197",="Present",="11/3/2025",="NUR100-P",
="800001197",="Present",="11/10/2025",="NUR100-P",
="800001197",="Present",="11/17/2025",="NUR100-P",
="800001197",="Present",="11/24/2025",="NUR100-P",
="800001197",="Present",="12/1/2025",="NUR100-P",
="800001197",="Present",="10/1/2025",="PHARM100-P",
="800001197",="Present",="10/8/2025",="PHARM100-P",
="800001197",="Present",="10/15/2025",="PHARM100-P",
="800001197",="Present",="10/22/2025",="PHARM100-P",
="800001197",="Present",="10/29/2025",="PHARM100-P",
="800001197",="Present",="11/5/2025",="PHARM100-P",
="800001197",="Present",="11/12/2025",="PHARM100-P",
="800001197",="Present",="12/3/2025",="PHARM100-P",
="800001197",="Present",="9/4/2025",="AP100-P",
="800001197",="Present",="9/11/2025",="AP100-P",
="800001197",="Present",="9/18/2025",="AP100-P",
="800001197",="Present",="9/25/2025",="AP100-P",
="800001197",="Present",="10/2/2025",="AP100-P",
="800001197",="Present",="10/9/2025",="AP100-P",
="800001197",="Present",="10/16/2025",="AP100-P",
="800001197",="Present",="10/23/2025",="AP100-P",
="800001197",="Present",="10/30/2025",="AP100-P",
="800001197",="Present",="11/6/2025",="AP100-P",
="800001197",="Present",="11/13/2025",="AP100-P",
="800001197",="Present",="11/20/2025",="AP100-P",
="800001197",="Present",="12/4/2025",="AP100-P",
="800001197",="Present",="9/6/2025",="COL010 - OL I",
="800001197",="Present",="9/13/2025",="COL010 - OL I",
="800001197",="Present",="9/20/2025",="COL010 - OL I",
="800001197",="Present",="9/27/2025",="COL010 - OL I",
="800001197",="Present",="9/9/2025",="NUR100-L-P1",
="800001197",="Present",="9/16/2025",="NUR100-L-P1",
="800001197",="Present",="9/23/2025",="NUR100-L-P1",
="800001197",="Present",="9/30/2025",="NUR100-L-P1",
="800001197",="Present",="10/7/2025",="NUR100-L-P1",
="800001197",="Present",="10/14/2025",="NUR100-L-P1",
="800001197",="Present",="10/21/2025",="NUR100-L-P1",
="800001197",="Present",="10/28/2025",="NUR100-L-P1",
="800001197",="Present",="11/4/2025",="NUR100-L-P1",
="800001197",="Present",="11/18/2025",="NUR100-L-P1",
="800001197",="Present",="11/25/2025",="NUR100-L-P1",
="800001197",="Present",="12/2/2025",="NUR100-L-P1",
="800001832",="Present",="9/5/2025",="ENG101 -P",
="800001832",="Present",="9/12/2025",="ENG101 -P",
="800001832",="Present",="9/19/2025",="ENG101 -P",
="800001832",="Present",="9/26/2025",="ENG101 -P",
="800001832",="Present",="10/3/2025",="ENG101 -P",
="800001832",="Present",="10/10/2025",="ENG101 -P",
="800001832",="Present",="10/17/2025",="ENG101 -P",
="800001832",="Present",="10/24/2025",="ENG101 -P",
="800001832",="Present",="10/31/2025",="ENG101 -P",
="800001832",="Absent",="11/7/2025",="ENG101 -P",
="800001832",="Present",="11/14/2025",="ENG101 -P",
="800001832",="Present",="11/21/2025",="ENG101 -P",
="800001832",="Present",="9/6/2025",="COL010 - OL I",
="800001832",="Present",="9/13/2025",="COL010 - OL I",
="800001832",="Present",="9/20/2025",="COL010 - OL I",
="800001832",="Present",="9/27/2025",="COL010 - OL I",
="800001832",="Present",="9/4/2025",="AP100-P",
="800001832",="Present",="9/11/2025",="AP100-P",
="800001832",="Present",="9/18/2025",="AP100-P",
="800001832",="Present",="9/25/2025",="AP100-P",
="800001832",="Present",="10/2/2025",="AP100-P",
="800001832",="Present",="10/9/2025",="AP100-P",
="800001832",="Present",="10/16/2025",="AP100-P",
="800001832",="Present",="10/23/2025",="AP100-P",
="800001832",="Present",="10/30/2025",="AP100-P",
="800001832",="Absent",="11/6/2025",="AP100-P",
="800001832",="Present",="11/13/2025",="AP100-P",
="800001832",="Absent",="11/20/2025",="AP100-P",
="800001832",="Present",="9/6/2025",="PSY101 -OL",
="800001832",="Present",="9/13/2025",="PSY101 -OL",
="800001832",="Present",="9/20/2025",="PSY101 -OL",
="800001832",="Present",="9/27/2025",="PSY101 -OL",
="800001832",="Present",="10/4/2025",="PSY101 -OL",
="800001832",="Present",="10/11/2025",="PSY101 -OL",
="800001832",="Present",="10/25/2025",="PSY101 -OL",
="800001832",="Present",="11/1/2025",="PSY101 -OL",
="800001832",="Present",="11/8/2025",="PSY101 -OL",
="800001874",="Present",="9/2/2025",="NUR100-L-A1",
="800001874",="Present",="9/9/2025",="NUR100-L-A1",
="800001874",="Present",="9/16/2025",="NUR100-L-A1",
="800001874",="Present",="9/23/2025",="NUR100-L-A1",
="800001874",="Present",="9/30/2025",="NUR100-L-A1",
="800001874",="Present",="10/7/2025",="NUR100-L-A1",
="800001874",="Present",="10/14/2025",="NUR100-L-A1",
="800001874",="Present",="10/21/2025",="NUR100-L-A1",
="800001874",="Present",="10/28/2025",="NUR100-L-A1",
="800001874",="Present",="11/4/2025",="NUR100-L-A1",
="800001874",="Present",="11/11/2025",="NUR100-L-A1",
="800001874",="Present",="11/18/2025",="NUR100-L-A1",
="800001874",="Present",="11/25/2025",="NUR100-L-A1",
="800001874",="Present",="12/2/2025",="NUR100-L-A1",
="800001874",="Present",="12/9/2025",="NUR100-L-A1",
="800001874",="Present",="9/29/2025",="PHARM100-A",
="800001874",="Present",="10/6/2025",="PHARM100-A",
="800001874",="Absent",="10/13/2025",="PHARM100-A",
="800001874",="Present",="11/17/2025",="PHARM100-A",
="800001874",="Present",="11/24/2025",="PHARM100-A",
="800001874",="Present",="12/1/2025",="PHARM100-A",
="800001874",="Present",="9/2/2025",="AP100-A",
="800001874",="Present",="9/9/2025",="AP100-A",
="800001874",="Present",="9/16/2025",="AP100-A",
="800001874",="Present",="9/23/2025",="AP100-A",
="800001874",="Present",="9/30/2025",="AP100-A",
="800001874",="Present",="10/7/2025",="AP100-A",
="800001874",="Present",="10/14/2025",="AP100-A",
="800001874",="Present",="10/21/2025",="AP100-A",
="800001874",="Present",="10/28/2025",="AP100-A",
="800001874",="Present",="11/4/2025",="AP100-A",
="800001874",="Present",="11/11/2025",="AP100-A",
="800001874",="Present",="11/18/2025",="AP100-A",
="800001874",="Present",="11/25/2025",="AP100-A",
="800001874",="Present",="9/4/2025",="PSY101 -A",
="800001874",="Present",="10/9/2025",="PSY101 -A",
="800001874",="Present",="10/16/2025",="PSY101 -A",
="800001874",="Present",="9/8/2025",="NUR100 -A",
="800001874",="Present",="9/15/2025",="NUR100 -A",
="800001874",="Present",="9/22/2025",="NUR100 -A",
="800001874",="Present",="9/29/2025",="NUR100 -A",
="800001874",="Present",="10/6/2025",="NUR100 -A",
="800001874",="Present",="10/13/2025",="NUR100 -A",
="800001874",="Present",="11/3/2025",="NUR100 -A",
="800001874",="Present",="11/10/2025",="NUR100 -A",
="800001874",="Present",="11/17/2025",="NUR100 -A",
="800001874",="Present",="11/24/2025",="NUR100 -A",
="800001874",="Present",="12/1/2025",="NUR100 -A",
="800001874",="Present",="12/8/2025",="NUR100 -A",
="800001874",="Tardy/Late",="9/5/2025",="COL010 -A",
="800001874",="Tardy/Late",="9/12/2025",="COL010 -A",
="800001874",="Tardy/Late",="9/19/2025",="COL010 -A",
="800001874",="Tardy/Late",="9/26/2025",="COL010 -A",
="800001874",="Present",="9/3/2025",="ENG101 -A",
="800001874",="Present",="9/10/2025",="ENG101 -A",
="800001874",="Present",="9/17/2025",="ENG101 -A",
="800001874",="Tardy/Late excused",="9/24/2025",="ENG101 -A",
="800001874",="Present",="10/1/2025",="ENG101 -A",
="800001874",="Present",="10/8/2025",="ENG101 -A",
="800001874",="Present",="10/15/2025",="ENG101 -A",
="800001874",="Present",="10/22/2025",="ENG101 -A",
="800001874",="Present",="10/29/2025",="ENG101 -A",
="800001874",="Present",="11/5/2025",="ENG101 -A",
="800001874",="Present",="11/12/2025",="ENG101 -A",
="800001874",="Present",="11/19/2025",="ENG101 -A",
="800001874",="Present",="11/26/2025",="ENG101 -A",
="800001874",="Present",="12/3/2025",="ENG101 -A",
="800001821",="Present",="9/8/2025",="NUR100-P",
="800001821",="Present",="9/15/2025",="NUR100-P",
="800001821",="Present",="9/22/2025",="NUR100-P",
="800001821",="Present",="9/29/2025",="NUR100-P",
="800001821",="Present",="10/6/2025",="NUR100-P",
="800001821",="Present",="10/13/2025",="NUR100-P",
="800001821",="Present",="11/3/2025",="NUR100-P",
="800001821",="Present",="11/10/2025",="NUR100-P",
="800001821",="Present",="11/17/2025",="NUR100-P",
="800001821",="Present",="11/24/2025",="NUR100-P",
="800001821",="Present",="12/1/2025",="NUR100-P",
="800001821",="Present",="9/9/2025",="NUR100-L-P1",
="800001821",="Present",="9/16/2025",="NUR100-L-P1",
="800001821",="Present",="9/23/2025",="NUR100-L-P1",
="800001821",="Present",="9/30/2025",="NUR100-L-P1",
="800001821",="Present",="10/7/2025",="NUR100-L-P1",
="800001821",="Present",="10/14/2025",="NUR100-L-P1",
="800001821",="Present",="10/21/2025",="NUR100-L-P1",
="800001821",="Present",="10/28/2025",="NUR100-L-P1",
="800001821",="Present",="11/4/2025",="NUR100-L-P1",
="800001821",="Present",="11/18/2025",="NUR100-L-P1",
="800001821",="Present",="11/25/2025",="NUR100-L-P1",
="800001821",="Present",="12/2/2025",="NUR100-L-P1",
="800001821",="Present",="9/4/2025",="AP100-P",
="800001821",="Present",="9/11/2025",="AP100-P",
="800001821",="Present",="9/18/2025",="AP100-P",
="800001821",="Present",="9/25/2025",="AP100-P",
="800001821",="Present",="10/2/2025",="AP100-P",
="800001821",="Present",="10/9/2025",="AP100-P",
="800001821",="Present",="10/16/2025",="AP100-P",
="800001821",="Present",="10/23/2025",="AP100-P",
="800001821",="Present",="10/30/2025",="AP100-P",
="800001821",="Present",="11/6/2025",="AP100-P",
="800001821",="Present",="11/13/2025",="AP100-P",
="800001821",="Present",="11/20/2025",="AP100-P",
="800001821",="Present",="12/4/2025",="AP100-P",
="800001821",="Present",="10/1/2025",="PHARM100-P",
="800001821",="Present",="10/8/2025",="PHARM100-P",
="800001821",="Present",="10/15/2025",="PHARM100-P",
="800001821",="Present",="10/22/2025",="PHARM100-P",
="800001821",="Present",="10/29/2025",="PHARM100-P",
="800001821",="Present",="11/5/2025",="PHARM100-P",
="800001821",="Present",="11/12/2025",="PHARM100-P",
="800001821",="Present",="12/3/2025",="PHARM100-P",
="800001821",="Present",="9/6/2025",="COL010 - OL I",
="800001821",="Present",="9/13/2025",="COL010 - OL I",
="800001821",="Present",="9/20/2025",="COL010 - OL I",
="800001821",="Present",="9/27/2025",="COL010 - OL I",
="800001882",="Present",="9/2/2025",="AP100-A",
="800001882",="Present",="9/9/2025",="AP100-A",
="800001882",="Present",="9/16/2025",="AP100-A",
="800001882",="Present",="9/23/2025",="AP100-A",
="800001882",="Present",="9/30/2025",="AP100-A",
="800001882",="Present",="10/7/2025",="AP100-A",
="800001882",="Present",="10/14/2025",="AP100-A",
="800001882",="Present",="10/21/2025",="AP100-A",
="800001882",="Present",="10/28/2025",="AP100-A",
="800001882",="Present",="11/4/2025",="AP100-A",
="800001882",="Present",="11/11/2025",="AP100-A",
="800001882",="Absent",="11/18/2025",="AP100-A",
="800001882",="Present",="11/25/2025",="AP100-A",
="800001882",="Present",="12/2/2025",="AP100-A",
="800001882",="Present",="12/9/2025",="AP100-A",
="800001882",="Present",="9/29/2025",="PHARM100-A",
="800001882",="Present",="10/6/2025",="PHARM100-A",
="800001882",="Present",="10/13/2025",="PHARM100-A",
="800001882",="Present",="11/17/2025",="PHARM100-A",
="800001882",="Present",="11/24/2025",="PHARM100-A",
="800001882",="Absent",="11/24/2025",="PHARM100-A",
="800001882",="Present",="12/1/2025",="PHARM100-A",
="800001882",="Present",="9/4/2025",="PSY101 -A",
="800001882",="Present",="10/9/2025",="PSY101 -A",
="800001882",="Present",="10/16/2025",="PSY101 -A",
="800001882",="Present",="9/3/2025",="ENG101 -A",
="800001882",="Present",="9/10/2025",="ENG101 -A",
="800001882",="Present",="9/17/2025",="ENG101 -A",
="800001882",="Tardy/Late excused",="9/24/2025",="ENG101 -A",
="800001882",="Present",="10/1/2025",="ENG101 -A",
="800001882",="Present",="10/8/2025",="ENG101 -A",
="800001882",="Present",="10/15/2025",="ENG101 -A",
="800001882",="Present",="10/22/2025",="ENG101 -A",
="800001882",="Present",="10/29/2025",="ENG101 -A",
="800001882",="Present",="11/5/2025",="ENG101 -A",
="800001882",="Present",="11/12/2025",="ENG101 -A",
="800001882",="Present",="11/19/2025",="ENG101 -A",
="800001882",="Present",="11/26/2025",="ENG101 -A",
="800001882",="Present",="12/3/2025",="ENG101 -A",
="800001882",="Tardy/Late",="9/5/2025",="COL010 -A",
="800001882",="Tardy/Late",="9/12/2025",="COL010 -A",
="800001882",="Tardy/Late",="9/19/2025",="COL010 -A",
="800001882",="Tardy/Late",="9/26/2025",="COL010 -A",
="800001882",="Present",="9/8/2025",="NUR100 -A",
="800001882",="Present",="9/15/2025",="NUR100 -A",
="800001882",="Present",="9/22/2025",="NUR100 -A",
="800001882",="Present",="9/29/2025",="NUR100 -A",
="800001882",="Present",="10/6/2025",="NUR100 -A",
="800001882",="Present",="10/13/2025",="NUR100 -A",
="800001882",="Present",="11/3/2025",="NUR100 -A",
="800001882",="Present",="11/10/2025",="NUR100 -A",
="800001882",="Present",="11/17/2025",="NUR100 -A",
="800001882",="Present",="11/24/2025",="NUR100 -A",
="800001882",="Present",="12/1/2025",="NUR100 -A",
="800001882",="Present",="12/8/2025",="NUR100 -A",
="770000737",="Absent",="9/6/2025",="PSY101 -OL",
="770000737",="Absent",="9/13/2025",="PSY101 -OL",
="770000737",="Absent",="9/20/2025",="PSY101 -OL",
="770000737",="Absent",="9/27/2025",="PSY101 -OL",
="770000737",="Present",="10/4/2025",="PSY101 -OL",
="770000737",="Present",="10/11/2025",="PSY101 -OL",
="770000737",="Absent",="10/18/2025",="PSY101 -OL",
="770000737",="Present",="10/25/2025",="PSY101 -OL",
="770000737",="Present",="11/1/2025",="PSY101 -OL",
="770000737",="Present",="11/8/2025",="PSY101 -OL",
="770000737",="Present",="11/15/2025",="PSY101 -OL",
="770000737",="Present",="11/22/2025",="PSY101 -OL",
="770000737",="Present",="9/4/2025",="AP100-P",
="770000737",="Present",="9/11/2025",="AP100-P",
="770000737",="Present",="9/18/2025",="AP100-P",
="770000737",="Absent",="9/25/2025",="AP100-P",
="770000737",="Present",="10/2/2025",="AP100-P",
="770000737",="Present",="10/9/2025",="AP100-P",
="770000737",="Present",="10/16/2025",="AP100-P",
="770000737",="Absent",="10/23/2025",="AP100-P",
="770000737",="Present",="10/30/2025",="AP100-P",
="770000737",="Present",="11/6/2025",="AP100-P",
="770000737",="Present",="11/13/2025",="AP100-P",
="770000737",="Present",="11/20/2025",="AP100-P",
="770000737",="Present",="12/4/2025",="AP100-P",
="770000737",="Present",="9/6/2025",="COL010 - OL I",
="770000737",="Absent",="9/13/2025",="COL010 - OL I",
="770000737",="Absent",="9/20/2025",="COL010 - OL I",
="770000737",="Absent",="9/27/2025",="COL010 - OL I",
="800001860",="Present",="9/9/2025",="NUR100-L-P1",
="800001860",="Present",="9/16/2025",="NUR100-L-P1",
="800001860",="Present",="9/23/2025",="NUR100-L-P1",
="800001860",="Present",="9/30/2025",="NUR100-L-P1",
="800001860",="Present",="10/7/2025",="NUR100-L-P1",
="800001860",="Present",="10/14/2025",="NUR100-L-P1",
="800001860",="Present",="10/21/2025",="NUR100-L-P1",
="800001860",="Present",="10/28/2025",="NUR100-L-P1",
="800001860",="Present",="11/4/2025",="NUR100-L-P1",
="800001860",="Present",="11/18/2025",="NUR100-L-P1",
="800001860",="Present",="11/25/2025",="NUR100-L-P1",
="800001860",="Present",="12/2/2025",="NUR100-L-P1",
="800001860",="Present",="9/6/2025",="COL010 - OL II",
="800001860",="Present",="9/13/2025",="COL010 - OL II",
="800001860",="Present",="9/20/2025",="COL010 - OL II",
="800001860",="Present",="9/27/2025",="COL010 - OL II",
="800001860",="Present",="10/1/2025",="PHARM100-P",
="800001860",="Present",="10/8/2025",="PHARM100-P",
="800001860",="Present",="10/15/2025",="PHARM100-P",
="800001860",="Present",="10/22/2025",="PHARM100-P",
="800001860",="Present",="10/29/2025",="PHARM100-P",
="800001860",="Present",="11/5/2025",="PHARM100-P",
="800001860",="Present",="11/12/2025",="PHARM100-P",
="800001860",="Present",="12/3/2025",="PHARM100-P",
="800001860",="Present",="9/6/2025",="PSY101 -OL",
="800001860",="Present",="9/13/2025",="PSY101 -OL",
="800001860",="Present",="9/20/2025",="PSY101 -OL",
="800001860",="Present",="9/27/2025",="PSY101 -OL",
="800001860",="Present",="10/4/2025",="PSY101 -OL",
="800001860",="Present",="10/11/2025",="PSY101 -OL",
="800001860",="Present",="10/18/2025",="PSY101 -OL",
="800001860",="Present",="10/25/2025",="PSY101 -OL",
="800001860",="Present",="11/1/2025",="PSY101 -OL",
="800001860",="Present",="11/8/2025",="PSY101 -OL",
="800001860",="Present",="11/15/2025",="PSY101 -OL",
="800001860",="Present",="11/22/2025",="PSY101 -OL",
="800001860",="Present",="9/5/2025",="ENG101 -P",
="800001860",="Present",="9/12/2025",="ENG101 -P",
="800001860",="Present",="9/19/2025",="ENG101 -P",
="800001860",="Present",="9/26/2025",="ENG101 -P",
="800001860",="Present",="10/3/2025",="ENG101 -P",
="800001860",="Present",="10/10/2025",="ENG101 -P",
="800001860",="Present",="10/17/2025",="ENG101 -P",
="800001860",="Present",="10/24/2025",="ENG101 -P",
="800001860",="Present",="10/31/2025",="ENG101 -P",
="800001860",="Present",="11/7/2025",="ENG101 -P",
="800001860",="Present",="11/14/2025",="ENG101 -P",
="800001860",="Present",="11/21/2025",="ENG101 -P",
="800001860",="Present",="9/8/2025",="NUR100-P",
="800001860",="Present",="9/15/2025",="NUR100-P",
="800001860",="Present",="9/22/2025",="NUR100-P",
="800001860",="Present",="9/29/2025",="NUR100-P",
="800001860",="Present",="10/6/2025",="NUR100-P",
="800001860",="Present",="10/13/2025",="NUR100-P",
="800001860",="Present",="11/3/2025",="NUR100-P",
="800001860",="Present",="11/10/2025",="NUR100-P",
="800001860",="Present",="11/17/2025",="NUR100-P",
="800001860",="Present",="11/24/2025",="NUR100-P",
="800001860",="Present",="12/1/2025",="NUR100-P",
="800001850",="Present",="9/6/2025",="COL010 - OL II",
="800001850",="Present",="9/13/2025",="COL010 - OL II",
="800001850",="Present",="9/20/2025",="COL010 - OL II",
="800001850",="Present",="9/27/2025",="COL010 - OL II",
="800001850",="Present",="9/5/2025",="ENG101 -P",
="800001850",="Present",="9/12/2025",="ENG101 -P",
="800001850",="Present",="9/19/2025",="ENG101 -P",
="800001850",="Present",="9/26/2025",="ENG101 -P",
="800001850",="Present",="10/3/2025",="ENG101 -P",
="800001850",="Present",="10/10/2025",="ENG101 -P",
="800001850",="Present",="10/17/2025",="ENG101 -P",
="800001850",="Present",="10/24/2025",="ENG101 -P",
="800001850",="Present",="10/31/2025",="ENG101 -P",
="800001850",="Present",="11/7/2025",="ENG101 -P",
="800001850",="Present",="11/14/2025",="ENG101 -P",
="800001850",="Present",="11/21/2025",="ENG101 -P",
="800001850",="Present",="9/8/2025",="NUR100-P",
="800001850",="Present",="9/15/2025",="NUR100-P",
="800001850",="Present",="9/22/2025",="NUR100-P",
="800001850",="Present",="9/29/2025",="NUR100-P",
="800001850",="Present",="10/6/2025",="NUR100-P",
="800001850",="Present",="10/13/2025",="NUR100-P",
="800001850",="Present",="11/3/2025",="NUR100-P",
="800001850",="Present",="11/10/2025",="NUR100-P",
="800001850",="Present",="11/17/2025",="NUR100-P",
="800001850",="Present",="11/24/2025",="NUR100-P",
="800001850",="Present",="12/1/2025",="NUR100-P",
="800001850",="Present",="9/6/2025",="PSY101 -OL",
="800001850",="Present",="9/13/2025",="PSY101 -OL",
="800001850",="Present",="9/20/2025",="PSY101 -OL",
="800001850",="Present",="9/27/2025",="PSY101 -OL",
="800001850",="Present",="10/4/2025",="PSY101 -OL",
="800001850",="Present",="10/11/2025",="PSY101 -OL",
="800001850",="Present",="10/18/2025",="PSY101 -OL",
="800001850",="Present",="10/25/2025",="PSY101 -OL",
="800001850",="Present",="11/1/2025",="PSY101 -OL",
="800001850",="Present",="11/8/2025",="PSY101 -OL",
="800001850",="Present",="11/15/2025",="PSY101 -OL",
="800001850",="Present",="11/22/2025",="PSY101 -OL",
="800001850",="Present",="9/9/2025",="NUR100-L-P1",
="800001850",="Present",="9/16/2025",="NUR100-L-P1",
="800001850",="Present",="9/23/2025",="NUR100-L-P1",
="800001850",="Present",="9/30/2025",="NUR100-L-P1",
="800001850",="Present",="10/7/2025",="NUR100-L-P1",
="800001850",="Present",="10/14/2025",="NUR100-L-P1",
="800001850",="Present",="10/21/2025",="NUR100-L-P1",
="800001850",="Present",="10/28/2025",="NUR100-L-P1",
="800001850",="Present",="11/4/2025",="NUR100-L-P1",
="800001850",="Present",="11/18/2025",="NUR100-L-P1",
="800001850",="Present",="11/25/2025",="NUR100-L-P1",
="800001850",="Present",="12/2/2025",="NUR100-L-P1",
="800001766",="Absent",="9/3/2025",="AP100-P2",
="800001766",="Present",="9/10/2025",="AP100-P2",
="800001766",="Present",="9/17/2025",="AP100-P2",
="800001766",="Present",="9/24/2025",="AP100-P2",
="800001766",="Present",="10/1/2025",="AP100-P2",
="800001766",="Present",="10/8/2025",="AP100-P2",
="800001766",="Present",="10/15/2025",="AP100-P2",
="800001766",="Present",="10/22/2025",="AP100-P2",
="800001766",="Present",="10/29/2025",="AP100-P2",
="800001766",="Present",="11/5/2025",="AP100-P2",
="800001766",="Present",="11/12/2025",="AP100-P2",
="800001766",="Absent",="11/19/2025",="AP100-P2",
="800001766",="Absent",="11/26/2025",="AP100-P2",
="800001766",="Absent",="12/3/2025",="AP100-P2",
="800001766",="Present",="9/8/2025",="NUR100-P",
="800001766",="Present",="9/15/2025",="NUR100-P",
="800001766",="Present",="9/22/2025",="NUR100-P",
="800001766",="Present",="9/29/2025",="NUR100-P",
="800001766",="Present",="10/6/2025",="NUR100-P",
="800001766",="Present",="10/13/2025",="NUR100-P",
="800001766",="Present",="11/3/2025",="NUR100-P",
="800001766",="Present",="11/10/2025",="NUR100-P",
="800001766",="Present",="11/17/2025",="NUR100-P",
="800001766",="Present",="11/24/2025",="NUR100-P",
="800001766",="Absent",="12/1/2025",="NUR100-P",
="800001766",="Present",="9/6/2025",="COL010 - OL II",
="800001766",="Present",="9/13/2025",="COL010 - OL II",
="800001766",="Present",="9/20/2025",="COL010 - OL II",
="800001766",="Present",="9/27/2025",="COL010 - OL II",
="800001766",="Present",="10/2/2025",="PHARM100-P2",
="800001766",="Absent",="10/9/2025",="PHARM100-P2",
="800001766",="Absent",="10/16/2025",="PHARM100-P2",
="800001766",="Absent",="10/23/2025",="PHARM100-P2",
="800001766",="Absent",="10/30/2025",="PHARM100-P2",
="800001766",="Present",="9/9/2025",="NUR100-L-P1",
="800001766",="Absent",="9/16/2025",="NUR100-L-P1",
="800001766",="Present",="9/23/2025",="NUR100-L-P1",
="800001766",="Present",="9/30/2025",="NUR100-L-P1",
="800001766",="Present",="10/7/2025",="NUR100-L-P1",
="800001766",="Absent",="10/14/2025",="NUR100-L-P1",
="800001766",="Present",="10/21/2025",="NUR100-L-P1",
="800001766",="Present",="10/28/2025",="NUR100-L-P1",
="800001766",="Present",="11/4/2025",="NUR100-L-P1",
="800001766",="Absent",="11/18/2025",="NUR100-L-P1",
="800001766",="Absent",="11/25/2025",="NUR100-L-P1",
="800001766",="Absent",="12/2/2025",="NUR100-L-P1",
="800001846",="Present",="9/2/2025",="AP100-A",
="800001846",="Present",="9/9/2025",="AP100-A",
="800001846",="Present",="9/16/2025",="AP100-A",
="800001846",="Present",="9/23/2025",="AP100-A",
="800001846",="Present",="9/30/2025",="AP100-A",
="800001846",="Absent",="10/7/2025",="AP100-A",
="800001846",="Present",="10/14/2025",="AP100-A",
="800001846",="Present",="10/21/2025",="AP100-A",
="800001846",="Present",="10/28/2025",="AP100-A",
="800001846",="Present",="11/4/2025",="AP100-A",
="800001846",="Present",="11/11/2025",="AP100-A",
="800001846",="Present",="11/18/2025",="AP100-A",
="800001846",="Present",="11/25/2025",="AP100-A",
="800001846",="Present",="12/2/2025",="AP100-A",
="800001846",="Present",="12/9/2025",="AP100-A",
="800001846",="Present",="9/2/2025",="NUR100-L-A1",
="800001846",="Present",="9/9/2025",="NUR100-L-A1",
="800001846",="Present",="9/16/2025",="NUR100-L-A1",
="800001846",="Present",="9/23/2025",="NUR100-L-A1",
="800001846",="Present",="9/30/2025",="NUR100-L-A1",
="800001846",="Present",="10/7/2025",="NUR100-L-A1",
="800001846",="Present",="10/14/2025",="NUR100-L-A1",
="800001846",="Present",="10/21/2025",="NUR100-L-A1",
="800001846",="Present",="10/28/2025",="NUR100-L-A1",
="800001846",="Present",="11/4/2025",="NUR100-L-A1",
="800001846",="Present",="11/11/2025",="NUR100-L-A1",
="800001846",="Present",="11/18/2025",="NUR100-L-A1",
="800001846",="Present",="11/25/2025",="NUR100-L-A1",
="800001846",="Present",="12/2/2025",="NUR100-L-A1",
="800001846",="Present",="12/9/2025",="NUR100-L-A1",
="800001846",="Tardy/Late",="9/5/2025",="COL010 -A",
="800001846",="Tardy/Late",="9/12/2025",="COL010 -A",
="800001846",="Tardy/Late",="9/19/2025",="COL010 -A",
="800001846",="Tardy/Late",="9/26/2025",="COL010 -A",
="800001846",="Present",="9/3/2025",="ENG101 -A",
="800001846",="Absent",="9/10/2025",="ENG101 -A",
="800001846",="Tardy/Late",="9/17/2025",="ENG101 -A",
="800001846",="Tardy/Late excused",="9/24/2025",="ENG101 -A",
="800001846",="Tardy/Late",="10/1/2025",="ENG101 -A",
="800001846",="Tardy/Late",="10/8/2025",="ENG101 -A",
="800001846",="Tardy/Late",="10/15/2025",="ENG101 -A",
="800001846",="Present",="10/22/2025",="ENG101 -A",
="800001846",="Present",="10/29/2025",="ENG101 -A",
="800001846",="Absent",="11/5/2025",="ENG101 -A",
="800001846",="Tardy/Late",="11/12/2025",="ENG101 -A",
="800001846",="Absent",="11/19/2025",="ENG101 -A",
="800001846",="Tardy/Late",="11/26/2025",="ENG101 -A",
="800001846",="Present",="12/3/2025",="ENG101 -A",
="800001846",="Absent",="9/29/2025",="PHARM100-A",
="800001846",="Present",="10/6/2025",="PHARM100-A",
="800001846",="Present",="10/13/2025",="PHARM100-A",
="800001846",="Absent",="11/17/2025",="PHARM100-A",
="800001846",="Present",="11/24/2025",="PHARM100-A",
="800001846",="Present",="12/1/2025",="PHARM100-A",
="800001846",="Present",="9/8/2025",="NUR100 -A",
="800001846",="Present",="9/15/2025",="NUR100 -A",
="800001846",="Present",="9/22/2025",="NUR100 -A",
="800001846",="Present",="9/29/2025",="NUR100 -A",
="800001846",="Present",="10/6/2025",="NUR100 -A",
="800001846",="Present",="10/13/2025",="NUR100 -A",
="800001846",="Present",="11/3/2025",="NUR100 -A",
="800001846",="Present",="11/10/2025",="NUR100 -A",
="800001846",="Present",="11/17/2025",="NUR100 -A",
="800001846",="Present",="11/24/2025",="NUR100 -A",
="800001846",="Present",="12/1/2025",="NUR100 -A",
="800001846",="Present",="12/8/2025",="NUR100 -A",
="800001846",="Present",="9/4/2025",="PSY101 -A",
="800001846",="Present",="10/9/2025",="PSY101 -A",
="800001846",="Absent",="10/16/2025",="PSY101 -A",
="800001823",="Present",="9/2/2025",="AP100-A",
="800001823",="Present",="9/9/2025",="AP100-A",
="800001823",="Present",="9/16/2025",="AP100-A",
="800001823",="Present",="9/23/2025",="AP100-A",
="800001823",="Present",="9/30/2025",="AP100-A",
="800001823",="Absent",="10/7/2025",="AP100-A",
="800001823",="Present",="10/14/2025",="AP100-A",
="800001823",="Present",="10/21/2025",="AP100-A",
="800001823",="Present",="10/28/2025",="AP100-A",
="800001823",="Present",="11/4/2025",="AP100-A",
="800001823",="Present",="11/11/2025",="AP100-A",
="800001823",="Present",="11/18/2025",="AP100-A",
="800001823",="Present",="11/25/2025",="AP100-A",
="800001823",="Present",="12/2/2025",="AP100-A",
="800001823",="Absent",="12/9/2025",="AP100-A",
="800001823",="Present",="9/29/2025",="PHARM100-A",
="800001823",="Present",="10/6/2025",="PHARM100-A",
="800001823",="Present",="10/13/2025",="PHARM100-A",
="800001823",="Present",="11/17/2025",="PHARM100-A",
="800001823",="Absent",="11/24/2025",="PHARM100-A",
="800001823",="Present",="12/1/2025",="PHARM100-A",
="800001823",="Present",="9/4/2025",="PSY101 -A",
="800001823",="Present",="10/9/2025",="PSY101 -A",
="800001823",="Present",="10/16/2025",="PSY101 -A",
="800001823",="Present",="9/2/2025",="NUR100-L-A1",
="800001823",="Absent",="9/9/2025",="NUR100-L-A1",
="800001823",="Present",="9/16/2025",="NUR100-L-A1",
="800001823",="Present",="9/23/2025",="NUR100-L-A1",
="800001823",="Present",="9/30/2025",="NUR100-L-A1",
="800001823",="Present",="10/7/2025",="NUR100-L-A1",
="800001823",="Present",="10/14/2025",="NUR100-L-A1",
="800001823",="Present",="10/21/2025",="NUR100-L-A1",
="800001823",="Present",="10/28/2025",="NUR100-L-A1",
="800001823",="Absent",="11/4/2025",="NUR100-L-A1",
="800001823",="Present",="11/11/2025",="NUR100-L-A1",
="800001823",="Present",="11/18/2025",="NUR100-L-A1",
="800001823",="Present",="11/25/2025",="NUR100-L-A1",
="800001823",="Present",="12/2/2025",="NUR100-L-A1",
="800001823",="Present",="12/9/2025",="NUR100-L-A1",
="800001823",="Present",="9/3/2025",="ENG101 -A",
="800001823",="Present",="9/10/2025",="ENG101 -A",
="800001823",="Present",="9/17/2025",="ENG101 -A",
="800001823",="Absent",="9/24/2025",="ENG101 -A",
="800001823",="Present",="10/1/2025",="ENG101 -A",
="800001823",="Present",="10/8/2025",="ENG101 -A",
="800001823",="Present",="10/15/2025",="ENG101 -A",
="800001823",="Present",="10/22/2025",="ENG101 -A",
="800001823",="Present",="10/29/2025",="ENG101 -A",
="800001823",="Present",="11/5/2025",="ENG101 -A",
="800001823",="Present",="11/12/2025",="ENG101 -A",
="800001823",="Present",="11/19/2025",="ENG101 -A",
="800001823",="Tardy/Late",="11/26/2025",="ENG101 -A",
="800001823",="Present",="12/3/2025",="ENG101 -A",
="800001823",="Present",="9/8/2025",="NUR100 -A",
="800001823",="Present",="9/15/2025",="NUR100 -A",
="800001823",="Present",="9/22/2025",="NUR100 -A",
="800001823",="Present",="9/29/2025",="NUR100 -A",
="800001823",="Present",="10/6/2025",="NUR100 -A",
="800001823",="Present",="10/13/2025",="NUR100 -A",
="800001823",="Present",="11/3/2025",="NUR100 -A",
="800001823",="Present",="11/10/2025",="NUR100 -A",
="800001823",="Present",="11/17/2025",="NUR100 -A",
="800001823",="Present",="11/24/2025",="NUR100 -A",
="800001823",="Present",="12/1/2025",="NUR100 -A",
="800001823",="Present",="12/8/2025",="NUR100 -A",
="800001888",="Present",="9/4/2025",="PSY101 -A",
="800001888",="Present",="10/9/2025",="PSY101 -A",
="800001888",="Present",="10/16/2025",="PSY101 -A",
="800001888",="Present",="9/8/2025",="NUR100 -A",
="800001888",="Present",="9/15/2025",="NUR100 -A",
="800001888",="Present",="9/22/2025",="NUR100 -A",
="800001888",="Present",="9/29/2025",="NUR100 -A",
="800001888",="Present",="10/6/2025",="NUR100 -A",
="800001888",="Present",="10/13/2025",="NUR100 -A",
="800001888",="Present",="11/3/2025",="NUR100 -A",
="800001888",="Present",="11/10/2025",="NUR100 -A",
="800001888",="Present",="11/17/2025",="NUR100 -A",
="800001888",="Present",="11/24/2025",="NUR100 -A",
="800001888",="Present",="12/1/2025",="NUR100 -A",
="800001888",="Present",="12/8/2025",="NUR100 -A",
="800001888",="Present",="9/2/2025",="AP100-A",
="800001888",="Present",="9/9/2025",="AP100-A",
="800001888",="Present",="9/16/2025",="AP100-A",
="800001888",="Present",="9/23/2025",="AP100-A",
="800001888",="Present",="9/30/2025",="AP100-A",
="800001888",="Present",="10/7/2025",="AP100-A",
="800001888",="Present",="10/14/2025",="AP100-A",
="800001888",="Present",="10/21/2025",="AP100-A",
="800001888",="Present",="10/28/2025",="AP100-A",
="800001888",="Present",="11/4/2025",="AP100-A",
="800001888",="Present",="11/11/2025",="AP100-A",
="800001888",="Present",="11/18/2025",="AP100-A",
="800001888",="Present",="11/25/2025",="AP100-A",
="800001888",="Present",="12/2/2025",="AP100-A",
="800001888",="Present",="12/9/2025",="AP100-A",
="800001888",="Present",="9/2/2025",="NUR100-L-A1",
="800001888",="Present",="9/9/2025",="NUR100-L-A1",
="800001888",="Present",="9/16/2025",="NUR100-L-A1",
="800001888",="Present",="9/23/2025",="NUR100-L-A1",
="800001888",="Present",="9/30/2025",="NUR100-L-A1",
="800001888",="Present",="10/7/2025",="NUR100-L-A1",
="800001888",="Present",="10/14/2025",="NUR100-L-A1",
="800001888",="Present",="10/21/2025",="NUR100-L-A1",
="800001888",="Present",="10/28/2025",="NUR100-L-A1",
="800001888",="Present",="11/4/2025",="NUR100-L-A1",
="800001888",="Present",="11/11/2025",="NUR100-L-A1",
="800001888",="Present",="11/18/2025",="NUR100-L-A1",
="800001888",="Present",="11/25/2025",="NUR100-L-A1",
="800001888",="Present",="12/2/2025",="NUR100-L-A1",
="800001888",="Present",="12/9/2025",="NUR100-L-A1",
="800001888",="Present",="9/29/2025",="PHARM100-A",
="800001888",="Present",="10/6/2025",="PHARM100-A",
="800001888",="Present",="10/13/2025",="PHARM100-A",
="800001888",="Present",="11/17/2025",="PHARM100-A",
="800001888",="Present",="11/24/2025",="PHARM100-A",
="800001888",="Present",="12/1/2025",="PHARM100-A",
="770000452",="Present",="9/3/2025",="AP209 -A",
="770000452",="Present",="9/10/2025",="AP209 -A",
="770000452",="Present",="9/17/2025",="AP209 -A",
="770000452",="Present",="9/24/2025",="AP209 -A",
="770000452",="Present",="10/1/2025",="AP209 -A",
="770000452",="Present",="10/8/2025",="AP209 -A",
="770000452",="Present",="10/15/2025",="AP209 -A",
="770000452",="Present",="10/22/2025",="AP209 -A",
="770000452",="Present",="10/29/2025",="AP209 -A",
="770000452",="Present",="11/5/2025",="AP209 -A",
="770000452",="Present",="11/12/2025",="AP209 -A",
="770000452",="Present",="11/19/2025",="AP209 -A",
="770000452",="Present",="11/26/2025",="AP209 -A",
="770000452",="Present",="12/3/2025",="AP209 -A",
="770000452",="Present",="12/10/2025",="AP209 -A",
="770000452",="Present",="9/4/2025",="NUR201-L-A",
="770000452",="Present",="9/11/2025",="NUR201-L-A",
="770000452",="Present",="9/18/2025",="NUR201-L-A",
="770000452",="Present",="9/25/2025",="NUR201-L-A",
="770000452",="Present",="10/2/2025",="NUR201-L-A",
="770000452",="Present",="10/9/2025",="NUR201-L-A",
="770000452",="Present",="10/16/2025",="NUR201-L-A",
="770000452",="Present",="11/6/2025",="NUR201-L-A",
="770000452",="Present",="9/4/2025",="NUR201-A",
="770000452",="Present",="9/11/2025",="NUR201-A",
="770000452",="Present",="9/18/2025",="NUR201-A",
="770000452",="Present",="9/25/2025",="NUR201-A",
="770000452",="Present",="10/2/2025",="NUR201-A",
="770000452",="Present",="10/9/2025",="NUR201-A",
="770000452",="Present",="10/16/2025",="NUR201-A",
="770000452",="Present",="11/6/2025",="NUR201-A",
="770000452",="Present",="11/13/2025",="NUR201-A",
="770000452",="Present",="11/20/2025",="NUR201-A",
="800001884",="Present",="9/4/2025",="PSY101 -A",
="800001884",="Present",="10/9/2025",="PSY101 -A",
="800001884",="Present",="10/16/2025",="PSY101 -A",
="800001884",="Absent",="9/29/2025",="PHARM100-A",
="800001884",="Present",="10/6/2025",="PHARM100-A",
="800001884",="Absent",="10/13/2025",="PHARM100-A",
="800001884",="Present",="11/17/2025",="PHARM100-A",
="800001884",="Present",="11/24/2025",="PHARM100-A",
="800001884",="Present",="12/1/2025",="PHARM100-A",
="800001884",="Present",="9/3/2025",="ENG101 -A",
="800001884",="Present",="9/10/2025",="ENG101 -A",
="800001884",="Present",="9/17/2025",="ENG101 -A",
="800001884",="Present",="9/24/2025",="ENG101 -A",
="800001884",="Present",="10/1/2025",="ENG101 -A",
="800001884",="Present",="10/8/2025",="ENG101 -A",
="800001884",="Present",="10/15/2025",="ENG101 -A",
="800001884",="Present",="10/22/2025",="ENG101 -A",
="800001884",="Present",="10/29/2025",="ENG101 -A",
="800001884",="Present",="11/5/2025",="ENG101 -A",
="800001884",="Present",="11/12/2025",="ENG101 -A",
="800001884",="Present",="11/19/2025",="ENG101 -A",
="800001884",="Present",="11/26/2025",="ENG101 -A",
="800001884",="Present",="12/3/2025",="ENG101 -A",
="800001876",="Tardy/Late",="9/5/2025",="COL010 -A",
="800001876",="Tardy/Late",="9/12/2025",="COL010 -A",
="800001876",="Tardy/Late",="9/19/2025",="COL010 -A",
="800001876",="Tardy/Late",="9/26/2025",="COL010 -A",
="800001876",="Present",="9/2/2025",="AP100-A",
="800001876",="Present",="9/9/2025",="AP100-A",
="800001876",="Present",="9/16/2025",="AP100-A",
="800001876",="Present",="9/23/2025",="AP100-A",
="800001876",="Present",="9/30/2025",="AP100-A",
="800001876",="Present",="10/7/2025",="AP100-A",
="800001876",="Present",="10/14/2025",="AP100-A",
="800001876",="Present",="10/21/2025",="AP100-A",
="800001876",="Present",="10/28/2025",="AP100-A",
="800001876",="Present",="11/4/2025",="AP100-A",
="800001876",="Present",="11/11/2025",="AP100-A",
="800001876",="Present",="11/18/2025",="AP100-A",
="800001876",="Present",="11/25/2025",="AP100-A",
="800001876",="Present",="12/2/2025",="AP100-A",
="800001876",="Present",="9/4/2025",="PSY101 -A",
="800001876",="Present",="10/9/2025",="PSY101 -A",
="800001876",="Present",="10/16/2025",="PSY101 -A",
="800001876",="Present",="9/29/2025",="PHARM100-A",
="800001876",="Present",="10/6/2025",="PHARM100-A",
="800001876",="Present",="10/13/2025",="PHARM100-A",
="800001876",="Present",="11/17/2025",="PHARM100-A",
="800001876",="Present",="11/24/2025",="PHARM100-A",
="800001876",="Present",="12/1/2025",="PHARM100-A",
="800001876",="Present",="9/3/2025",="ENG101 -A",
="800001876",="Tardy/Late",="9/10/2025",="ENG101 -A",
="800001876",="Present",="9/17/2025",="ENG101 -A",
="800001876",="Present",="9/24/2025",="ENG101 -A",
="800001876",="Present",="10/1/2025",="ENG101 -A",
="800001876",="Present",="10/8/2025",="ENG101 -A",
="800001876",="Present",="10/15/2025",="ENG101 -A",
="800001876",="Present",="10/22/2025",="ENG101 -A",
="800001876",="Present",="10/29/2025",="ENG101 -A",
="800001876",="Present",="11/5/2025",="ENG101 -A",
="800001876",="Present",="11/12/2025",="ENG101 -A",
="800001876",="Present",="11/19/2025",="ENG101 -A",
="800001876",="Present",="11/26/2025",="ENG101 -A",
="800001876",="Present",="12/3/2025",="ENG101 -A",
="800001876",="Present",="9/2/2025",="NUR100-L-A1",
="800001876",="Present",="9/9/2025",="NUR100-L-A1",
="800001876",="Present",="9/16/2025",="NUR100-L-A1",
="800001876",="Present",="9/23/2025",="NUR100-L-A1",
="800001876",="Present",="9/30/2025",="NUR100-L-A1",
="800001876",="Present",="10/7/2025",="NUR100-L-A1",
="800001876",="Present",="10/14/2025",="NUR100-L-A1",
="800001876",="Present",="10/21/2025",="NUR100-L-A1",
="800001876",="Present",="10/28/2025",="NUR100-L-A1",
="800001876",="Present",="11/4/2025",="NUR100-L-A1",
="800001876",="Present",="11/11/2025",="NUR100-L-A1",
="800001876",="Absent",="11/18/2025",="NUR100-L-A1",
="800001876",="Present",="9/8/2025",="NUR100 -A",
="800001876",="Present",="9/15/2025",="NUR100 -A",
="800001876",="Present",="9/22/2025",="NUR100 -A",
="800001876",="Present",="9/29/2025",="NUR100 -A",
="800001876",="Present",="10/6/2025",="NUR100 -A",
="800001876",="Present",="10/13/2025",="NUR100 -A",
="800001876",="Present",="11/3/2025",="NUR100 -A",
="800001876",="Present",="11/17/2025",="NUR100 -A",
="800001908",="Present",="9/3/2025",="ENG101 -A",
="800001908",="Present",="9/10/2025",="ENG101 -A",
="800001908",="Present",="9/17/2025",="ENG101 -A",
="800001908",="Present",="9/24/2025",="ENG101 -A",
="800001908",="Present",="10/1/2025",="ENG101 -A",
="800001908",="Tardy/Late",="10/8/2025",="ENG101 -A",
="800001908",="Present",="10/15/2025",="ENG101 -A",
="800001908",="Present",="10/22/2025",="ENG101 -A",
="800001908",="Present",="10/29/2025",="ENG101 -A",
="800001908",="Present",="11/5/2025",="ENG101 -A",
="800001908",="Present",="11/12/2025",="ENG101 -A",
="800001908",="Present",="11/19/2025",="ENG101 -A",
="800001908",="Absent",="11/26/2025",="ENG101 -A",
="800001908",="Present",="12/3/2025",="ENG101 -A",
="800001908",="Present",="9/2/2025",="AP100-A",
="800001908",="Present",="9/9/2025",="AP100-A",
="800001908",="Present",="9/16/2025",="AP100-A",
="800001908",="Present",="9/23/2025",="AP100-A",
="800001908",="Present",="9/30/2025",="AP100-A",
="800001908",="Present",="10/7/2025",="AP100-A",
="800001908",="Present",="10/14/2025",="AP100-A",
="800001908",="Present",="10/21/2025",="AP100-A",
="800001908",="Present",="10/28/2025",="AP100-A",
="800001908",="Present",="11/4/2025",="AP100-A",
="800001908",="Present",="11/11/2025",="AP100-A",
="800001908",="Present",="11/18/2025",="AP100-A",
="800001908",="Present",="11/25/2025",="AP100-A",
="800001908",="Present",="12/2/2025",="AP100-A",
="800001908",="Present",="12/9/2025",="AP100-A",
="800001908",="Present",="9/4/2025",="PSY101 -A",
="800001908",="Present",="10/9/2025",="PSY101 -A",
="800001908",="Present",="10/16/2025",="PSY101 -A",
="800001908",="Present",="9/29/2025",="PHARM100-A",
="800001908",="Present",="10/6/2025",="PHARM100-A",
="800001908",="Present",="10/13/2025",="PHARM100-A",
="800001908",="Absent",="11/17/2025",="PHARM100-A",
="800001908",="Absent",="11/24/2025",="PHARM100-A",
="800001908",="Present",="12/1/2025",="PHARM100-A",
="800001908",="Present",="9/8/2025",="NUR100 -A",
="800001908",="Present",="9/15/2025",="NUR100 -A",
="800001908",="Present",="9/22/2025",="NUR100 -A",
="800001908",="Present",="9/29/2025",="NUR100 -A",
="800001908",="Present",="10/6/2025",="NUR100 -A",
="800001908",="Present",="10/13/2025",="NUR100 -A",
="800001908",="Present",="11/3/2025",="NUR100 -A",
="800001908",="Present",="11/10/2025",="NUR100 -A",
="800001908",="Present",="11/17/2025",="NUR100 -A",
="800001908",="Present",="11/24/2025",="NUR100 -A",
="800001908",="Present",="12/1/2025",="NUR100 -A",
="800001908",="Present",="12/8/2025",="NUR100 -A",
="800001908",="Present",="9/2/2025",="NUR100-L-A1",
="800001908",="Present",="9/9/2025",="NUR100-L-A1",
="800001908",="Present",="9/16/2025",="NUR100-L-A1",
="800001908",="Present",="9/23/2025",="NUR100-L-A1",
="800001908",="Present",="9/30/2025",="NUR100-L-A1",
="800001908",="Present",="10/7/2025",="NUR100-L-A1",
="800001908",="Present",="10/14/2025",="NUR100-L-A1",
="800001908",="Present",="10/21/2025",="NUR100-L-A1",
="800001908",="Present",="10/28/2025",="NUR100-L-A1",
="800001908",="Present",="11/4/2025",="NUR100-L-A1",
="800001908",="Present",="11/11/2025",="NUR100-L-A1",
="800001908",="Present",="11/18/2025",="NUR100-L-A1",
="800001908",="Present",="11/25/2025",="NUR100-L-A1",
="800001908",="Present",="12/2/2025",="NUR100-L-A1",
="800001908",="Present",="12/9/2025",="NUR100-L-A1",
="800001892",="Present",="9/8/2025",="NUR100 -A",
="800001892",="Present",="9/15/2025",="NUR100 -A",
="800001892",="Present",="9/22/2025",="NUR100 -A",
="800001892",="Present",="9/29/2025",="NUR100 -A",
="800001892",="Present",="10/6/2025",="NUR100 -A",
="800001892",="Present",="10/13/2025",="NUR100 -A",
="800001892",="Present",="11/3/2025",="NUR100 -A",
="800001892",="Present",="11/10/2025",="NUR100 -A",
="800001892",="Present",="11/17/2025",="NUR100 -A",
="800001892",="Present",="11/24/2025",="NUR100 -A",
="800001892",="Present",="12/1/2025",="NUR100 -A",
="800001892",="Present",="12/8/2025",="NUR100 -A",
="800001892",="Present",="9/2/2025",="NUR100-L-A1",
="800001892",="Present",="9/9/2025",="NUR100-L-A1",
="800001892",="Present",="9/16/2025",="NUR100-L-A1",
="800001892",="Present",="9/23/2025",="NUR100-L-A1",
="800001892",="Present",="9/30/2025",="NUR100-L-A1",
="800001892",="Present",="10/7/2025",="NUR100-L-A1",
="800001892",="Present",="10/14/2025",="NUR100-L-A1",
="800001892",="Present",="10/21/2025",="NUR100-L-A1",
="800001892",="Present",="10/28/2025",="NUR100-L-A1",
="800001892",="Present",="11/4/2025",="NUR100-L-A1",
="800001892",="Present",="11/11/2025",="NUR100-L-A1",
="800001892",="Present",="11/18/2025",="NUR100-L-A1",
="800001892",="Present",="11/25/2025",="NUR100-L-A1",
="800001892",="Present",="12/2/2025",="NUR100-L-A1",
="800001892",="Present",="12/9/2025",="NUR100-L-A1",
="800001884",="Present",="9/6/2025",="COL010 - OL II",
="800001884",="Present",="9/13/2025",="COL010 - OL II",
="800001884",="Present",="9/20/2025",="COL010 - OL II",
="800001884",="Present",="9/27/2025",="COL010 - OL II",
="800001908",="Tardy/Late",="9/5/2025",="COL010 -A",
="800001908",="Tardy/Late",="9/12/2025",="COL010 -A",
="800001908",="Tardy/Late",="9/19/2025",="COL010 -A",
="800001908",="Tardy/Late",="9/26/2025",="COL010 -A",
="800001729",="Present",="9/15/2025",="NUR120-L-A1",
="800001729",="No class",="10/6/2025",="NUR120-L-A1",
="800001729",="Present",="11/3/2025",="NUR120-L-A1",
="800001729",="Present",="11/10/2025",="NUR120-L-A1",
="800001729",="No class",="11/17/2025",="NUR120-L-A1",
="800001729",="Present",="9/2/2025",="NUR120-A",
="800001729",="Present",="9/9/2025",="NUR120-A",
="800001729",="Present",="9/16/2025",="NUR120-A",
="800001729",="Present",="9/30/2025",="NUR120-A",
="800001729",="Present",="10/7/2025",="NUR120-A",
="800001729",="Present",="10/14/2025",="NUR120-A",
="800001729",="Present",="11/11/2025",="NUR120-A",
="800001729",="Present",="11/18/2025",="NUR120-A",
="800001729",="Absent",="11/25/2025",="NUR120-A",
="800001729",="Present",="12/2/2025",="NUR120-A",
="800001729",="Present",="9/9/2025",="NUR125-L-A1",
="800001729",="Present",="9/16/2025",="NUR125-L-A1",
="800001729",="Present",="9/23/2025",="NUR125-L-A1",
="800001729",="Present",="9/30/2025",="NUR125-L-A1",
="800001729",="Present",="10/7/2025",="NUR125-L-A1",
="800001729",="Present",="10/14/2025",="NUR125-L-A1",
="800001729",="Present",="11/4/2025",="NUR125-L-A1",
="800001729",="Present",="11/11/2025",="NUR125-L-A1",
="800001729",="Present",="11/18/2025",="NUR125-L-A1",
="800001729",="Present",="11/25/2025",="NUR125-L-A1",
="800001729",="Present",="12/2/2025",="NUR125-L-A1",
="800001729",="Present",="9/4/2025",="PHARM130-A",
="800001729",="Present",="9/11/2025",="PHARM130-A",
="800001729",="Present",="9/18/2025",="PHARM130-A",
="800001729",="Present",="9/25/2025",="PHARM130-A",
="800001729",="Present",="10/2/2025",="PHARM130-A",
="800001729",="Present",="10/9/2025",="PHARM130-A",
="800001729",="Present",="10/16/2025",="PHARM130-A",
="800001729",="Present",="10/23/2025",="PHARM130-A",
="800001729",="Present",="10/30/2025",="PHARM130-A",
="800001729",="Present",="11/6/2025",="PHARM130-A",
="800001729",="Present",="11/13/2025",="PHARM130-A",
="800001729",="Present",="11/20/2025",="PHARM130-A",
="800001729",="Present",="12/4/2025",="PHARM130-A",
="800001729",="Present",="9/9/2025",="NUR125-A",
="800001729",="Present",="9/16/2025",="NUR125-A",
="800001729",="Present",="9/23/2025",="NUR125-A",
="800001729",="Present",="9/30/2025",="NUR125-A",
="800001729",="Present",="10/7/2025",="NUR125-A",
="800001729",="Present",="10/14/2025",="NUR125-A",
="800001729",="Present",="11/4/2025",="NUR125-A",
="800001729",="Present",="11/11/2025",="NUR125-A",
="800001729",="Present",="11/18/2025",="NUR125-A",
="800001729",="Present",="11/25/2025",="NUR125-A",
="800001729",="Present",="12/2/2025",="NUR125-A",
="800001729",="Present",="9/6/2025",="NUT100 -OL",
="800001729",="Present",="9/13/2025",="NUT100 -OL",
="800001729",="Present",="9/20/2025",="NUT100 -OL",
="800001729",="Present",="9/27/2025",="NUT100 -OL",
="800001729",="Present",="10/4/2025",="NUT100 -OL",
="800001729",="Present",="10/11/2025",="NUT100 -OL",
="800001729",="Present",="10/18/2025",="NUT100 -OL",
="800001729",="Present",="10/25/2025",="NUT100 -OL",
="800001729",="Present",="11/1/2025",="NUT100 -OL",
="800001729",="Present",="11/8/2025",="NUT100 -OL",
="800001729",="Present",="11/15/2025",="NUT100 -OL",
="800001729",="Present",="11/22/2025",="NUT100 -OL",
="800001729",="Present",="11/29/2025",="NUT100 -OL",
="800001729",="Present",="12/6/2025",="NUT100 -OL",
="800001852",="Present",="9/6/2025",="PSY101 -OL II",
="800001852",="Present",="9/13/2025",="PSY101 -OL II",
="800001852",="Present",="9/20/2025",="PSY101 -OL II",
="800001852",="Present",="9/27/2025",="PSY101 -OL II",
="800001852",="Present",="10/4/2025",="PSY101 -OL II",
="800001852",="Present",="10/11/2025",="PSY101 -OL II",
="800001852",="Present",="10/18/2025",="PSY101 -OL II",
="800001852",="Present",="10/25/2025",="PSY101 -OL II",
="800001852",="Present",="11/1/2025",="PSY101 -OL II",
="800001852",="Present",="11/8/2025",="PSY101 -OL II",
="800001852",="Present",="11/15/2025",="PSY101 -OL II",
="800001852",="Present",="11/22/2025",="PSY101 -OL II",
="800001852",="Present",="9/3/2025",="AP100-P2",
="800001852",="Present",="9/10/2025",="AP100-P2",
="800001852",="Absent",="9/17/2025",="AP100-P2",
="800001852",="Present",="9/24/2025",="AP100-P2",
="800001852",="Present",="10/1/2025",="AP100-P2",
="800001852",="Present",="10/8/2025",="AP100-P2",
="800001852",="Present",="10/15/2025",="AP100-P2",
="800001852",="Present",="10/22/2025",="AP100-P2",
="800001852",="Present",="10/29/2025",="AP100-P2",
="800001852",="Present",="11/5/2025",="AP100-P2",
="800001852",="Present",="11/12/2025",="AP100-P2",
="800001852",="Present",="11/19/2025",="AP100-P2",
="800001852",="Present",="11/26/2025",="AP100-P2",
="800001852",="Present",="12/3/2025",="AP100-P2",
="800001852",="Present",="9/6/2025",="COL010 - OL II",
="800001852",="Present",="9/13/2025",="COL010 - OL II",
="800001852",="Present",="9/20/2025",="COL010 - OL II",
="800001852",="Present",="9/27/2025",="COL010 - OL II",
="800001852",="Present",="10/2/2025",="PHARM100-P2",
="800001852",="Present",="10/9/2025",="PHARM100-P2",
="800001852",="Absent",="10/16/2025",="PHARM100-P2",
="800001852",="Present",="10/23/2025",="PHARM100-P2",
="800001852",="Present",="10/30/2025",="PHARM100-P2",
="800001852",="Present",="11/6/2025",="PHARM100-P2",
="800001852",="Present",="11/13/2025",="PHARM100-P2",
="800001852",="Present",="11/20/2025",="PHARM100-P2",
="800001852",="Present",="12/4/2025",="PHARM100-P2",
="800001852",="Present",="12/11/2025",="PHARM100-P2",
="800001852",="Present",="9/9/2025",="NUR100-L-P1",
="800001852",="Present",="9/16/2025",="NUR100-L-P1",
="800001852",="Present",="9/23/2025",="NUR100-L-P1",
="800001852",="Present",="9/30/2025",="NUR100-L-P1",
="800001852",="Present",="10/7/2025",="NUR100-L-P1",
="800001852",="Absent",="10/14/2025",="NUR100-L-P1",
="800001852",="Present",="10/21/2025",="NUR100-L-P1",
="800001852",="Present",="10/28/2025",="NUR100-L-P1",
="800001852",="Present",="11/4/2025",="NUR100-L-P1",
="800001852",="Present",="11/18/2025",="NUR100-L-P1",
="800001852",="Present",="11/25/2025",="NUR100-L-P1",
="800001852",="Present",="12/2/2025",="NUR100-L-P1",
="800001852",="Present",="9/8/2025",="NUR100-P",
="800001852",="Present",="9/15/2025",="NUR100-P",
="800001852",="Present",="9/22/2025",="NUR100-P",
="800001852",="Present",="9/29/2025",="NUR100-P",
="800001852",="Present",="10/6/2025",="NUR100-P",
="800001852",="Absent",="10/13/2025",="NUR100-P",
="800001852",="Present",="11/3/2025",="NUR100-P",
="800001852",="Present",="11/10/2025",="NUR100-P",
="800001852",="Present",="11/17/2025",="NUR100-P",
="800001852",="Present",="11/24/2025",="NUR100-P",
="800001852",="Present",="12/1/2025",="NUR100-P",
="800001907",="Present",="9/3/2025",="AP100-P2",
="800001907",="Present",="9/10/2025",="AP100-P2",
="800001907",="Present",="9/17/2025",="AP100-P2",
="800001907",="Absent",="9/24/2025",="AP100-P2",
="800001907",="Present",="10/1/2025",="AP100-P2",
="800001907",="Absent",="10/8/2025",="AP100-P2",
="800001907",="Absent",="10/15/2025",="AP100-P2",
="800001907",="Absent",="10/22/2025",="AP100-P2",
="800001907",="Present",="10/29/2025",="AP100-P2",
="800001907",="Absent",="11/5/2025",="AP100-P2",
="800001907",="Absent",="11/12/2025",="AP100-P2",
="800001907",="Absent",="11/19/2025",="AP100-P2",
="800001907",="Absent",="11/26/2025",="AP100-P2",
="800001907",="Absent",="12/3/2025",="AP100-P2",
="800001907",="Present",="9/6/2025",="PSY101 -OL II",
="800001907",="Present",="9/13/2025",="PSY101 -OL II",
="800001907",="Present",="9/20/2025",="PSY101 -OL II",
="800001907",="Present",="9/27/2025",="PSY101 -OL II",
="800001907",="Absent",="10/4/2025",="PSY101 -OL II",
="800001907",="Absent",="10/11/2025",="PSY101 -OL II",
="800001907",="Present",="10/18/2025",="PSY101 -OL II",
="800001907",="Present",="10/25/2025",="PSY101 -OL II",
="800001907",="Absent",="11/1/2025",="PSY101 -OL II",
="800001907",="Present",="11/8/2025",="PSY101 -OL II",
="800001907",="Present",="11/15/2025",="PSY101 -OL II",
="800001907",="Present",="11/22/2025",="PSY101 -OL II",
="800001907",="Present",="9/6/2025",="COL010 - OL II",
="800001907",="Present",="9/13/2025",="COL010 - OL II",
="800001907",="Present",="9/20/2025",="COL010 - OL II",
="800001907",="Present",="9/27/2025",="COL010 - OL II",
="800001586",="Absent excused",="11/19/2025",="NUR145-C-A1",
="800001586",="Present",="9/3/2025",="NUR155-P",
="800001586",="Present",="9/10/2025",="NUR155-P",
="800001586",="Present",="9/17/2025",="NUR155-P",
="800001586",="Present",="9/24/2025",="NUR155-P",
="800001586",="Present",="10/1/2025",="NUR155-P",
="800001586",="Present",="10/8/2025",="NUR155-P",
="800001586",="Present",="10/15/2025",="NUR155-P",
="800001586",="Present",="10/22/2025",="NUR155-P",
="800001586",="Present",="10/29/2025",="NUR155-P",
="800001586",="Present",="11/5/2025",="NUR155-P",
="800001586",="Present",="11/12/2025",="NUR155-P",
="800001586",="Present",="11/19/2025",="NUR155-P",
="800001586",="Present",="11/26/2025",="NUR155-P",
="800001586",="Present",="12/3/2025",="NUR155-P",
="800001586",="Present",="12/10/2025",="NUR155-P",
="800001586",="Absent",="9/2/2025",="NUR150-P",
="800001586",="Present",="9/9/2025",="NUR150-P",
="800001586",="Present",="9/16/2025",="NUR150-P",
="800001586",="Present",="9/23/2025",="NUR150-P",
="800001586",="Present",="9/30/2025",="NUR150-P",
="800001586",="Present",="10/7/2025",="NUR150-P",
="800001586",="Present",="11/4/2025",="NUR150-P",
="800001586",="Present",="11/11/2025",="NUR150-P",
="800001586",="Present",="11/18/2025",="NUR150-P",
="800001586",="Absent",="11/25/2025",="NUR150-P",
="800001586",="Present",="12/2/2025",="NUR150-P",
="800001586",="Absent",="9/6/2025",="PSY101 -OL II",
="800001586",="Present",="9/13/2025",="PSY101 -OL II",
="800001586",="Present",="9/20/2025",="PSY101 -OL II",
="800001586",="Present",="9/27/2025",="PSY101 -OL II",
="800001586",="Present",="10/4/2025",="PSY101 -OL II",
="800001586",="Present",="10/11/2025",="PSY101 -OL II",
="800001586",="Present",="10/18/2025",="PSY101 -OL II",
="800001586",="Present",="10/25/2025",="PSY101 -OL II",
="800001586",="Present",="11/1/2025",="PSY101 -OL II",
="800001586",="Present",="11/8/2025",="PSY101 -OL II",
="800001586",="Present",="11/15/2025",="PSY101 -OL II",
="800001586",="Present",="11/22/2025",="PSY101 -OL II",
="800001586",="Present",="9/11/2025",="NUR140-A",
="800001586",="Present",="9/18/2025",="NUR140-A",
="800001586",="Present",="9/25/2025",="NUR140-A",
="800001586",="Present",="10/2/2025",="NUR140-A",
="800001586",="Present",="10/9/2025",="NUR140-A",
="800001586",="Present",="10/16/2025",="NUR140-A",
="800001586",="Present",="11/6/2025",="NUR140-A",
="800001586",="Present",="11/13/2025",="NUR140-A",
="800001586",="Present",="11/20/2025",="NUR140-A",
="800001586",="Present",="9/15/2025",="NUR145 - P",
="800001586",="Present",="9/22/2025",="NUR145 - P",
="800001586",="Present",="9/29/2025",="NUR145 - P",
="800001586",="Present",="10/6/2025",="NUR145 - P",
="800001586",="Present",="10/13/2025",="NUR145 - P",
="800001586",="Present",="11/3/2025",="NUR145 - P",
="800001586",="Present",="11/10/2025",="NUR145 - P",
="800001586",="Present",="11/17/2025",="NUR145 - P",
="800001586",="Present",="11/24/2025",="NUR145 - P",
="800001586",="Present",="12/1/2025",="NUR145 - P",
="800001563",="Present",="9/2/2025",="NUR120-A",
="800001563",="Present",="9/9/2025",="NUR120-A",
="800001563",="Present",="9/16/2025",="NUR120-A",
="800001563",="Present",="9/30/2025",="NUR120-A",
="800001563",="Absent",="10/7/2025",="NUR120-A",
="800001563",="Present",="10/14/2025",="NUR120-A",
="800001563",="Present",="11/11/2025",="NUR120-A",
="800001563",="Present",="11/18/2025",="NUR120-A",
="800001563",="Present",="11/25/2025",="NUR120-A",
="800001563",="Present",="12/2/2025",="NUR120-A",
="800001563",="Present",="9/4/2025",="PHARM130-A",
="800001563",="Present",="9/11/2025",="PHARM130-A",
="800001563",="Present",="9/18/2025",="PHARM130-A",
="800001563",="Present",="9/25/2025",="PHARM130-A",
="800001563",="Present",="10/2/2025",="PHARM130-A",
="800001563",="Present",="10/9/2025",="PHARM130-A",
="800001563",="Present",="10/16/2025",="PHARM130-A",
="800001563",="Present",="10/23/2025",="PHARM130-A",
="800001563",="Present",="10/30/2025",="PHARM130-A",
="800001563",="Present",="11/6/2025",="PHARM130-A",
="800001563",="Present",="11/13/2025",="PHARM130-A",
="800001563",="Present",="11/20/2025",="PHARM130-A",
="800001563",="Present",="12/4/2025",="PHARM130-A",
="800001563",="Present",="9/9/2025",="NUR125-A",
="800001563",="Present",="9/16/2025",="NUR125-A",
="800001563",="Present",="9/23/2025",="NUR125-A",
="800001563",="Present",="9/30/2025",="NUR125-A",
="800001563",="Present",="10/7/2025",="NUR125-A",
="800001563",="Present",="10/14/2025",="NUR125-A",
="800001563",="Present",="11/4/2025",="NUR125-A",
="800001563",="Present",="11/11/2025",="NUR125-A",
="800001563",="Present",="11/18/2025",="NUR125-A",
="800001563",="Present",="11/25/2025",="NUR125-A",
="800001563",="Present",="12/2/2025",="NUR125-A",
="800001563",="Present",="9/9/2025",="NUR125-L-A1",
="800001563",="Present",="9/16/2025",="NUR125-L-A1",
="800001563",="Present",="9/23/2025",="NUR125-L-A1",
="800001563",="Present",="9/30/2025",="NUR125-L-A1",
="800001563",="Present",="10/7/2025",="NUR125-L-A1",
="800001563",="Present",="10/14/2025",="NUR125-L-A1",
="800001563",="Present",="11/4/2025",="NUR125-L-A1",
="800001563",="Present",="11/11/2025",="NUR125-L-A1",
="800001563",="Present",="11/18/2025",="NUR125-L-A1",
="800001563",="Present",="11/25/2025",="NUR125-L-A1",
="800001563",="Present",="12/2/2025",="NUR125-L-A1",
="800001563",="Present",="9/6/2025",="NUT100 -OL",
="800001563",="Present",="9/13/2025",="NUT100 -OL",
="800001563",="Present",="9/20/2025",="NUT100 -OL",
="800001563",="Present",="9/27/2025",="NUT100 -OL",
="800001563",="Present",="10/4/2025",="NUT100 -OL",
="800001563",="Present",="10/11/2025",="NUT100 -OL",
="800001563",="Present",="10/18/2025",="NUT100 -OL",
="800001563",="Present",="10/25/2025",="NUT100 -OL",
="800001563",="Present",="11/1/2025",="NUT100 -OL",
="800001563",="Present",="11/8/2025",="NUT100 -OL",
="800001563",="Present",="11/15/2025",="NUT100 -OL",
="800001563",="Present",="11/22/2025",="NUT100 -OL",
="800001563",="Present",="11/29/2025",="NUT100 -OL",
="800001563",="Present",="12/6/2025",="NUT100 -OL",
="800001484",="Present",="9/15/2025",="NUR145 - P",
="800001484",="Present",="9/22/2025",="NUR145 - P",
="800001484",="Present",="9/29/2025",="NUR145 - P",
="800001484",="Present",="10/6/2025",="NUR145 - P",
="800001484",="Absent",="10/13/2025",="NUR145 - P",
="800001484",="Present",="11/3/2025",="NUR145 - P",
="800001484",="Present",="11/10/2025",="NUR145 - P",
="800001484",="Present",="11/17/2025",="NUR145 - P",
="800001484",="Present",="11/24/2025",="NUR145 - P",
="800001484",="Present",="12/1/2025",="NUR145 - P",
="800001893",="Present",="9/6/2025",="PSY101 -OL II",
="800001893",="Present",="9/13/2025",="PSY101 -OL II",
="800001893",="Present",="9/20/2025",="PSY101 -OL II",
="800001893",="Present",="9/27/2025",="PSY101 -OL II",
="800001893",="Absent",="10/4/2025",="PSY101 -OL II",
="800001893",="Absent",="10/11/2025",="PSY101 -OL II",
="800001893",="Absent",="10/18/2025",="PSY101 -OL II",
="800001893",="Absent",="10/25/2025",="PSY101 -OL II",
="800001893",="Present",="9/8/2025",="NUR100-P",
="800001893",="Present",="9/15/2025",="NUR100-P",
="800001893",="Absent",="9/22/2025",="NUR100-P",
="800001893",="Present",="9/29/2025",="NUR100-P",
="800001893",="Absent",="10/6/2025",="NUR100-P",
="800001893",="Absent",="10/13/2025",="NUR100-P",
="800001893",="Present",="9/6/2025",="COL010 - OL II",
="800001893",="Present",="9/13/2025",="COL010 - OL II",
="800001893",="Absent",="9/20/2025",="COL010 - OL II",
="800001893",="Absent",="9/27/2025",="COL010 - OL II",
="800001893",="Present",="9/3/2025",="AP100-P2",
="800001893",="Present",="9/10/2025",="AP100-P2",
="800001893",="Absent",="9/17/2025",="AP100-P2",
="800001893",="Absent",="9/24/2025",="AP100-P2",
="800001893",="Absent",="10/1/2025",="AP100-P2",
="800001893",="Absent",="10/8/2025",="AP100-P2",
="800001893",="Absent",="10/15/2025",="AP100-P2",
="800001893",="Present",="9/9/2025",="NUR100-L-P1",
="800001893",="Present",="9/16/2025",="NUR100-L-P1",
="800001893",="Present",="9/23/2025",="NUR100-L-P1",
="800001893",="Absent",="9/30/2025",="NUR100-L-P1",
="800001893",="Absent",="10/7/2025",="NUR100-L-P1",
="800001893",="Absent",="10/14/2025",="NUR100-L-P1",
="800001893",="Absent",="10/2/2025",="PHARM100-P2",
="800001893",="Absent",="10/9/2025",="PHARM100-P2",
="800001893",="Absent",="10/16/2025",="PHARM100-P2",
="800001893",="Absent",="10/23/2025",="PHARM100-P2",
="800001673",="Present",="9/3/2025",="AP209 -A",
="800001673",="Present",="9/10/2025",="AP209 -A",
="800001673",="Present",="9/17/2025",="AP209 -A",
="800001673",="Present",="9/24/2025",="AP209 -A",
="800001673",="Present",="10/1/2025",="AP209 -A",
="800001673",="Present",="10/8/2025",="AP209 -A",
="800001673",="Present",="10/15/2025",="AP209 -A",
="800001673",="Present",="10/22/2025",="AP209 -A",
="800001673",="Present",="10/29/2025",="AP209 -A",
="800001673",="Present",="11/5/2025",="AP209 -A",
="800001673",="Present",="11/12/2025",="AP209 -A",
="800001673",="Present",="11/19/2025",="AP209 -A",
="800001673",="Present",="11/26/2025",="AP209 -A",
="800001673",="Present",="12/3/2025",="AP209 -A",
="800001673",="Present",="12/10/2025",="AP209 -A",
="800001673",="Present",="9/6/2025",="SOC101 -OL",
="800001673",="Present",="9/13/2025",="SOC101 -OL",
="800001673",="Present",="9/20/2025",="SOC101 -OL",
="800001673",="Present",="9/27/2025",="SOC101 -OL",
="800001673",="Present",="10/4/2025",="SOC101 -OL",
="800001673",="Present",="10/11/2025",="SOC101 -OL",
="800001673",="Present",="10/18/2025",="SOC101 -OL",
="800001673",="Present",="10/25/2025",="SOC101 -OL",
="800001673",="Present",="11/1/2025",="SOC101 -OL",
="800001673",="Present",="11/8/2025",="SOC101 -OL",
="800001673",="Present",="11/15/2025",="SOC101 -OL",
="800001673",="Present",="11/22/2025",="SOC101 -OL",
="800001673",="Present",="12/6/2025",="SOC101 -OL",
="800001673",="Present",="10/6/2025",="NUR216-A-L",
="800001673",="Present",="10/13/2025",="NUR216-A-L",
="800001673",="Present",="11/17/2025",="NUR216-A-L",
="800001673",="Present",="12/1/2025",="NUR216-A-L",
="800001673",="Present",="9/8/2025",="NUR216 -A",
="800001673",="Present",="9/15/2025",="NUR216 -A",
="800001673",="Present",="9/22/2025",="NUR216 -A",
="800001673",="Present",="9/29/2025",="NUR216 -A",
="800001673",="Present",="10/6/2025",="NUR216 -A",
="800001673",="Present",="10/13/2025",="NUR216 -A",
="800001673",="Present",="11/3/2025",="NUR216 -A",
="800001673",="Present",="11/10/2025",="NUR216 -A",
="800001673",="Present",="11/17/2025",="NUR216 -A",
="800001673",="Present",="11/24/2025",="NUR216 -A",
="800001673",="Present",="12/1/2025",="NUR216 -A",
="800001673",="Present",="12/8/2025",="NUR216 -A",
="800001705",="Present",="9/9/2025",="NUR100-L-P2",
="800001705",="Absent",="9/16/2025",="NUR100-L-P2",
="800001705",="Absent",="9/23/2025",="NUR100-L-P2",
="800001705",="Absent",="9/17/2025",="PHARM130-P",
="800001705",="Absent",="9/24/2025",="PHARM130-P",
="800001789",="Present",="11/1/2025",="NUR120-C-P3",
="800001789",="Present",="11/2/2025",="NUR120-C-P3",
="800001789",="Present",="12/13/2025",="NUR120-C-P3",
="800001789",="Present",="12/14/2025",="NUR120-C-P3",
="800001789",="Present",="9/4/2025",="NUR125-P",
="800001789",="Present",="9/11/2025",="NUR125-P",
="800001789",="Present",="9/18/2025",="NUR125-P",
="800001789",="Present",="9/25/2025",="NUR125-P",
="800001789",="Present",="10/2/2025",="NUR125-P",
="800001789",="Present",="10/9/2025",="NUR125-P",
="800001789",="Present",="11/6/2025",="NUR125-P",
="800001789",="Present",="11/13/2025",="NUR125-P",
="800001789",="Present",="11/20/2025",="NUR125-P",
="800001789",="Present",="12/4/2025",="NUR125-P",
="800001789",="Present",="12/11/2025",="NUR125-P",
="800001789",="Present",="9/11/2025",="NUR125-L-P1",
="800001789",="Present",="9/18/2025",="NUR125-L-P1",
="800001789",="Present",="9/25/2025",="NUR125-L-P1",
="800001789",="Present",="10/2/2025",="NUR125-L-P1",
="800001789",="Present",="10/9/2025",="NUR125-L-P1",
="800001789",="Present",="10/16/2025",="NUR125-L-P1",
="800001789",="Present",="11/6/2025",="NUR125-L-P1",
="800001789",="Present",="11/13/2025",="NUR125-L-P1",
="800001789",="Present",="11/20/2025",="NUR125-L-P1",
="800001789",="Present",="12/4/2025",="NUR125-L-P1",
="800001789",="Present",="12/11/2025",="NUR125-L-P1",
="800001789",="Present",="10/6/2025",="NUR135-L-P1",
="800001789",="Present",="10/20/2025",="NUR135-L-P1",
="800001789",="Present",="9/8/2025",="NUR135-P",
="800001789",="Present",="9/15/2025",="NUR135-P",
="800001789",="Present",="9/22/2025",="NUR135-P",
="800001789",="Present",="9/29/2025",="NUR135-P",
="800001789",="Present",="10/13/2025",="NUR135-P",
="800001789",="Present",="11/3/2025",="NUR135-P",
="800001789",="Present",="11/10/2025",="NUR135-P",
="800001789",="Present",="11/17/2025",="NUR135-P",
="800001789",="Present",="11/24/2025",="NUR135-P",
="800001789",="Present",="12/1/2025",="NUR135-P",
="800001789",="Present",="12/8/2025",="NUR135-P",
="800001789",="Present",="9/10/2025",="PHARM130-P",
="800001789",="Present",="9/17/2025",="PHARM130-P",
="800001789",="Present",="9/24/2025",="PHARM130-P",
="800001789",="Present",="10/1/2025",="PHARM130-P",
="800001789",="Present",="10/8/2025",="PHARM130-P",
="800001789",="Present",="10/15/2025",="PHARM130-P",
="800001789",="Present",="10/22/2025",="PHARM130-P",
="800001789",="Present",="10/29/2025",="PHARM130-P",
="800001789",="Present",="11/5/2025",="PHARM130-P",
="800001789",="Present",="11/12/2025",="PHARM130-P",
="800001789",="Present",="11/19/2025",="PHARM130-P",
="800001789",="Present",="12/3/2025",="PHARM130-P",
="800001789",="Present",="12/10/2025",="PHARM130-P",
="800001789",="Present",="9/2/2025",="NUR120 -P",
="800001789",="Present",="9/9/2025",="NUR120 -P",
="800001789",="Present",="9/16/2025",="NUR120 -P",
="800001789",="Present",="9/30/2025",="NUR120 -P",
="800001789",="Present",="10/7/2025",="NUR120 -P",
="800001789",="Present",="10/14/2025",="NUR120 -P",
="800001789",="Present",="11/11/2025",="NUR120 -P",
="800001789",="Present",="11/18/2025",="NUR120 -P",
="800001789",="Absent",="11/25/2025",="NUR120 -P",
="800001789",="Present",="12/2/2025",="NUR120 -P",
="800001789",="Present",="9/19/2025",="NUR120-L-P1",
="800001789",="Present",="10/17/2025",="NUR120-L-P1",
="800001789",="Present",="11/7/2025",="NUR120-L-P1",
="800001789",="Present",="11/14/2025",="NUR120-L-P1",
="800001705",="Present",="9/8/2025",="NUR100-P",
="800001705",="Absent",="9/15/2025",="NUR100-P",
="800001705",="Absent",="9/22/2025",="NUR100-P",
="800001711",="Present",="9/9/2025",="NUR125-A",
="800001711",="Present",="9/16/2025",="NUR125-A",
="800001711",="Present",="9/23/2025",="NUR125-A",
="800001711",="Present",="9/30/2025",="NUR125-A",
="800001711",="Present",="10/7/2025",="NUR125-A",
="800001711",="Present",="10/14/2025",="NUR125-A",
="800001711",="Present",="11/4/2025",="NUR125-A",
="800001711",="Present",="11/11/2025",="NUR125-A",
="800001711",="Present",="11/18/2025",="NUR125-A",
="800001711",="Present",="11/25/2025",="NUR125-A",
="800001711",="Present",="12/2/2025",="NUR125-A",
="800001711",="Present",="9/9/2025",="NUR125-L-A1",
="800001711",="Present",="9/16/2025",="NUR125-L-A1",
="800001711",="Present",="9/23/2025",="NUR125-L-A1",
="800001711",="Present",="9/30/2025",="NUR125-L-A1",
="800001711",="Present",="10/7/2025",="NUR125-L-A1",
="800001711",="Present",="10/14/2025",="NUR125-L-A1",
="800001711",="Present",="11/4/2025",="NUR125-L-A1",
="800001711",="Present",="11/11/2025",="NUR125-L-A1",
="800001711",="Present",="11/18/2025",="NUR125-L-A1",
="800001711",="Present",="11/25/2025",="NUR125-L-A1",
="800001711",="Present",="12/2/2025",="NUR125-L-A1",
="800001711",="Present",="9/15/2025",="NUR120-L-A1",
="800001711",="No class",="10/6/2025",="NUR120-L-A1",
="800001711",="Present",="11/3/2025",="NUR120-L-A1",
="800001711",="Present",="11/10/2025",="NUR120-L-A1",
="800001711",="No class",="11/17/2025",="NUR120-L-A1",
="800001711",="Present",="9/6/2025",="NUT100 -OL",
="800001711",="Present",="9/13/2025",="NUT100 -OL",
="800001711",="Present",="9/20/2025",="NUT100 -OL",
="800001711",="Absent",="9/27/2025",="NUT100 -OL",
="800001711",="Present",="10/4/2025",="NUT100 -OL",
="800001711",="Present",="10/11/2025",="NUT100 -OL",
="800001711",="Present",="10/18/2025",="NUT100 -OL",
="800001711",="Present",="10/25/2025",="NUT100 -OL",
="800001711",="Present",="11/1/2025",="NUT100 -OL",
="800001711",="Present",="11/8/2025",="NUT100 -OL",
="800001711",="Present",="11/15/2025",="NUT100 -OL",
="800001711",="Present",="11/22/2025",="NUT100 -OL",
="800001711",="Present",="11/29/2025",="NUT100 -OL",
="800001711",="Present",="12/6/2025",="NUT100 -OL",
="800001711",="Present",="9/4/2025",="PHARM130-A",
="800001711",="Present",="9/11/2025",="PHARM130-A",
="800001711",="Present",="9/18/2025",="PHARM130-A",
="800001711",="Present",="9/25/2025",="PHARM130-A",
="800001711",="Present",="10/2/2025",="PHARM130-A",
="800001711",="Present",="10/9/2025",="PHARM130-A",
="800001711",="Present",="10/16/2025",="PHARM130-A",
="800001711",="Present",="10/23/2025",="PHARM130-A",
="800001711",="Present",="10/30/2025",="PHARM130-A",
="800001711",="Present",="11/6/2025",="PHARM130-A",
="800001711",="Present",="11/13/2025",="PHARM130-A",
="800001711",="Present",="11/20/2025",="PHARM130-A",
="800001711",="Present",="12/4/2025",="PHARM130-A",
="800001711",="Present",="10/8/2025",="NUR135-L-A1",
="800001711",="Present",="9/2/2025",="NUR120-A",
="800001711",="Present",="9/9/2025",="NUR120-A",
="800001711",="Present",="9/16/2025",="NUR120-A",
="800001711",="Present",="9/30/2025",="NUR120-A",
="800001711",="Present",="10/7/2025",="NUR120-A",
="800001711",="Present",="10/14/2025",="NUR120-A",
="800001711",="Present",="11/11/2025",="NUR120-A",
="800001711",="Present",="11/18/2025",="NUR120-A",
="800001711",="Present",="11/25/2025",="NUR120-A",
="800001711",="Present",="12/2/2025",="NUR120-A",
="800001711",="Present",="9/3/2025",="NUR135-A",
="800001711",="Present",="9/10/2025",="NUR135-A",
="800001711",="Present",="9/17/2025",="NUR135-A",
="800001711",="Present",="9/24/2025",="NUR135-A",
="800001711",="Present",="10/1/2025",="NUR135-A",
="800001711",="No class",="10/15/2025",="NUR135-A",
="800001711",="Present",="11/12/2025",="NUR135-A",
="800001711",="Present",="11/26/2025",="NUR135-A",
="800001711",="Present",="12/3/2025",="NUR135-A",
="800001810",="Present",="9/9/2025",="AP100-A",
="800001810",="Present",="9/16/2025",="AP100-A",
="800001810",="Present",="9/23/2025",="AP100-A",
="800001810",="Present",="9/30/2025",="AP100-A",
="800001810",="Present",="10/7/2025",="AP100-A",
="800001810",="Present",="10/14/2025",="AP100-A",
="800001810",="Absent",="10/21/2025",="AP100-A",
="800001810",="Present",="10/28/2025",="AP100-A",
="800001810",="Present",="11/4/2025",="AP100-A",
="800001810",="Absent",="11/11/2025",="AP100-A",
="800001710",="Present",="9/9/2025",="NUR125-L-A1",
="800001710",="Present",="9/16/2025",="NUR125-L-A1",
="800001710",="Present",="9/23/2025",="NUR125-L-A1",
="800001710",="Present",="9/30/2025",="NUR125-L-A1",
="800001710",="Present",="10/7/2025",="NUR125-L-A1",
="800001710",="Absent",="10/14/2025",="NUR125-L-A1",
="800001710",="Present",="11/4/2025",="NUR125-L-A1",
="800001710",="Present",="11/11/2025",="NUR125-L-A1",
="800001710",="Present",="11/18/2025",="NUR125-L-A1",
="800001710",="Present",="11/25/2025",="NUR125-L-A1",
="800001710",="Present",="12/2/2025",="NUR125-L-A1",
="800001710",="Present",="9/2/2025",="NUR120-A",
="800001710",="Present",="9/9/2025",="NUR120-A",
="800001710",="Present",="9/16/2025",="NUR120-A",
="800001710",="Present",="9/30/2025",="NUR120-A",
="800001710",="Absent",="10/7/2025",="NUR120-A",
="800001710",="Present",="10/14/2025",="NUR120-A",
="800001710",="Present",="11/11/2025",="NUR120-A",
="800001710",="Present",="11/18/2025",="NUR120-A",
="800001710",="Present",="11/25/2025",="NUR120-A",
="800001710",="Present",="12/2/2025",="NUR120-A",
="800001710",="Present",="9/9/2025",="NUR125-A",
="800001710",="Present",="9/16/2025",="NUR125-A",
="800001710",="Present",="9/23/2025",="NUR125-A",
="800001710",="Present",="9/30/2025",="NUR125-A",
="800001710",="Present",="10/7/2025",="NUR125-A",
="800001710",="Absent",="10/14/2025",="NUR125-A",
="800001710",="Present",="11/4/2025",="NUR125-A",
="800001710",="Present",="11/11/2025",="NUR125-A",
="800001710",="Present",="11/18/2025",="NUR125-A",
="800001710",="Present",="11/25/2025",="NUR125-A",
="800001710",="Present",="12/2/2025",="NUR125-A",
="800001710",="Absent",="9/4/2025",="PHARM130-A",
="800001710",="Present",="9/11/2025",="PHARM130-A",
="800001710",="Present",="9/18/2025",="PHARM130-A",
="800001710",="Present",="9/25/2025",="PHARM130-A",
="800001710",="Present",="10/2/2025",="PHARM130-A",
="800001710",="Present",="10/9/2025",="PHARM130-A",
="800001710",="Absent",="10/16/2025",="PHARM130-A",
="800001710",="Present",="10/23/2025",="PHARM130-A",
="800001710",="Present",="10/30/2025",="PHARM130-A",
="800001710",="Present",="11/6/2025",="PHARM130-A",
="800001710",="Present",="11/13/2025",="PHARM130-A",
="800001710",="Present",="11/20/2025",="PHARM130-A",
="800001710",="Present",="12/4/2025",="PHARM130-A",
="800000708",="Present",="10/18/2025",="NUR150-C-A1",
="800000708",="Present",="10/19/2025",="NUR150-C-A1",
="800000708",="Present",="10/25/2025",="NUR150-C-A1",
="800000708",="Present",="10/26/2025",="NUR150-C-A1",
="800000708",="Present",="12/12/2025",="NUR140-C-P1",
="800000708",="Present",="9/4/2025",="NUR140-A",
="800000708",="Present",="9/11/2025",="NUR140-A",
="800000708",="Present",="9/18/2025",="NUR140-A",
="800000708",="Present",="9/25/2025",="NUR140-A",
="800000708",="Present",="10/2/2025",="NUR140-A",
="800000708",="Present",="10/9/2025",="NUR140-A",
="800000708",="Present",="10/16/2025",="NUR140-A",
="800000708",="Absent",="11/6/2025",="NUR140-A",
="800000708",="Present",="11/13/2025",="NUR140-A",
="800000708",="Present",="11/20/2025",="NUR140-A",
="800000708",="Present",="9/3/2025",="NUR155-P",
="800000708",="Present",="9/10/2025",="NUR155-P",
="800000708",="Present",="9/17/2025",="NUR155-P",
="800000708",="Present",="9/24/2025",="NUR155-P",
="800000708",="Present",="10/1/2025",="NUR155-P",
="800000708",="Present",="10/8/2025",="NUR155-P",
="800000708",="Present",="10/15/2025",="NUR155-P",
="800000708",="Present",="10/22/2025",="NUR155-P",
="800000708",="Present",="10/29/2025",="NUR155-P",
="800000708",="Present",="11/5/2025",="NUR155-P",
="800000708",="Present",="11/12/2025",="NUR155-P",
="800000708",="Present",="11/19/2025",="NUR155-P",
="800000708",="Present",="11/26/2025",="NUR155-P",
="800000708",="Present",="12/3/2025",="NUR155-P",
="800000708",="Present",="12/10/2025",="NUR155-P",
="800000708",="Present",="9/3/2025",="NUR150 -A",
="800000708",="Present",="9/10/2025",="NUR150 -A",
="800000708",="Present",="9/17/2025",="NUR150 -A",
="800000708",="Present",="9/24/2025",="NUR150 -A",
="800000708",="Present",="10/1/2025",="NUR150 -A",
="800000708",="Present",="10/8/2025",="NUR150 -A",
="800000708",="Present",="10/15/2025",="NUR150 -A",
="800000708",="Absent",="11/5/2025",="NUR150 -A",
="800000708",="Present",="11/12/2025",="NUR150 -A",
="800000708",="Present",="11/19/2025",="NUR150 -A",
="800001591",="Present",="9/4/2025",="NUR125-P",
="800001591",="Present",="9/11/2025",="NUR125-P",
="800001591",="Present",="9/18/2025",="NUR125-P",
="800001591",="Present",="9/25/2025",="NUR125-P",
="800001591",="Present",="10/2/2025",="NUR125-P",
="800001591",="Present",="10/9/2025",="NUR125-P",
="800001591",="Present",="11/6/2025",="NUR125-P",
="800001591",="Present",="11/13/2025",="NUR125-P",
="800001591",="Present",="11/20/2025",="NUR125-P",
="800001591",="Present",="12/4/2025",="NUR125-P",
="800001591",="Present",="12/11/2025",="NUR125-P",
="800001591",="Present",="9/11/2025",="NUR125-L-P1",
="800001591",="Present",="9/18/2025",="NUR125-L-P1",
="800001591",="Present",="9/25/2025",="NUR125-L-P1",
="800001591",="Present",="10/2/2025",="NUR125-L-P1",
="800001591",="Present",="10/9/2025",="NUR125-L-P1",
="800001591",="Present",="10/16/2025",="NUR125-L-P1",
="800001591",="Present",="11/6/2025",="NUR125-L-P1",
="800001591",="Present",="11/13/2025",="NUR125-L-P1",
="800001591",="Present",="11/20/2025",="NUR125-L-P1",
="800001591",="Present",="12/4/2025",="NUR125-L-P1",
="800001591",="Present",="12/11/2025",="NUR125-L-P1",
="800001591",="Present",="9/8/2025",="PHARM205 P_B",
="800001591",="Present",="9/15/2025",="PHARM205 P_B",
="800001591",="Present",="9/22/2025",="PHARM205 P_B",
="800001591",="Present",="9/29/2025",="PHARM205 P_B",
="800001591",="Present",="10/6/2025",="PHARM205 P_B",
="800001591",="Present",="10/13/2025",="PHARM205 P_B",
="800001591",="Present",="9/9/2025",="SCI201-A",
="800001591",="Present",="9/16/2025",="SCI201-A",
="800001591",="Present",="9/23/2025",="SCI201-A",
="800001591",="Present",="9/30/2025",="SCI201-A",
="800001591",="Present",="10/7/2025",="SCI201-A",
="800001591",="Present",="10/14/2025",="SCI201-A",
="800001591",="Present",="10/21/2025",="SCI201-A",
="800001591",="Present",="10/28/2025",="SCI201-A",
="800001591",="Present",="11/4/2025",="SCI201-A",
="800001591",="Present",="11/11/2025",="SCI201-A",
="800001591",="Present",="11/18/2025",="SCI201-A",
="800001591",="Present",="11/25/2025",="SCI201-A",
="800001591",="Present",="12/2/2025",="SCI201-A",
="800001591",="Present",="12/9/2025",="SCI201-A",
="800001443",="Present",="10/6/2025",="NUR135-L-P1",
="800001443",="Present",="10/20/2025",="NUR135-L-P1",
="800001443",="Present",="9/8/2025",="NUR135-P",
="800001443",="Present",="9/15/2025",="NUR135-P",
="800001443",="Present",="9/22/2025",="NUR135-P",
="800001443",="Present",="9/29/2025",="NUR135-P",
="800001443",="Present",="10/13/2025",="NUR135-P",
="800001443",="Present",="11/3/2025",="NUR135-P",
="800001443",="Present",="11/10/2025",="NUR135-P",
="800001443",="Present",="11/17/2025",="NUR135-P",
="800001443",="Present",="11/24/2025",="NUR135-P",
="800001443",="Present",="12/1/2025",="NUR135-P",
="800001443",="Present",="12/8/2025",="NUR135-P",
="800001443",="Present",="9/2/2025",="NUR120 -P",
="800001443",="Present",="9/9/2025",="NUR120 -P",
="800001443",="Present",="9/16/2025",="NUR120 -P",
="800001443",="Present",="9/30/2025",="NUR120 -P",
="800001443",="Present",="10/7/2025",="NUR120 -P",
="800001443",="Present",="10/14/2025",="NUR120 -P",
="800001443",="Present",="9/19/2025",="NUR120-L-P1",
="800001443",="Absent",="10/17/2025",="NUR120-L-P1",
="800001724",="Present",="9/8/2025",="NUR135-P",
="800001724",="Present",="9/15/2025",="NUR135-P",
="800001724",="Present",="9/22/2025",="NUR135-P",
="800001724",="Present",="9/29/2025",="NUR135-P",
="800001724",="Present",="10/13/2025",="NUR135-P",
="800001724",="Present",="11/3/2025",="NUR135-P",
="800001724",="Present",="11/10/2025",="NUR135-P",
="800001724",="Present",="11/17/2025",="NUR135-P",
="800001724",="Present",="11/24/2025",="NUR135-P",
="800001724",="Present",="12/1/2025",="NUR135-P",
="800001724",="Present",="12/8/2025",="NUR135-P",
="800001724",="Present",="9/10/2025",="PHARM130-P",
="800001724",="Present",="9/17/2025",="PHARM130-P",
="800001724",="Present",="9/24/2025",="PHARM130-P",
="800001724",="Present",="10/1/2025",="PHARM130-P",
="800001724",="Present",="10/8/2025",="PHARM130-P",
="800001724",="Present",="10/15/2025",="PHARM130-P",
="800001724",="Present",="10/22/2025",="PHARM130-P",
="800001724",="Present",="10/29/2025",="PHARM130-P",
="800001724",="Present",="11/5/2025",="PHARM130-P",
="800001724",="Present",="11/12/2025",="PHARM130-P",
="800001724",="Present",="11/19/2025",="PHARM130-P",
="800001724",="Present",="12/3/2025",="PHARM130-P",
="800001724",="Present",="12/10/2025",="PHARM130-P",
="800001724",="Present",="10/6/2025",="NUR135-L-P1",
="800001724",="Present",="10/20/2025",="NUR135-L-P1",
="800001724",="Present",="9/11/2025",="NUR125-L-P1",
="800001724",="Present",="9/18/2025",="NUR125-L-P1",
="800001724",="Present",="9/25/2025",="NUR125-L-P1",
="800001724",="Present",="10/2/2025",="NUR125-L-P1",
="800001724",="Present",="10/9/2025",="NUR125-L-P1",
="800001724",="Present",="10/16/2025",="NUR125-L-P1",
="800001724",="Present",="11/6/2025",="NUR125-L-P1",
="800001724",="Present",="11/13/2025",="NUR125-L-P1",
="800001724",="Present",="11/20/2025",="NUR125-L-P1",
="800001724",="Present",="12/4/2025",="NUR125-L-P1",
="800001724",="Present",="12/11/2025",="NUR125-L-P1",
="800001724",="Present",="9/4/2025",="NUR125-P",
="800001724",="Present",="9/11/2025",="NUR125-P",
="800001724",="Present",="9/18/2025",="NUR125-P",
="800001724",="Present",="9/25/2025",="NUR125-P",
="800001724",="Present",="10/2/2025",="NUR125-P",
="800001724",="Present",="10/9/2025",="NUR125-P",
="800001724",="Present",="11/6/2025",="NUR125-P",
="800001724",="Present",="11/13/2025",="NUR125-P",
="800001724",="Present",="11/20/2025",="NUR125-P",
="800001724",="Present",="12/4/2025",="NUR125-P",
="800001724",="Present",="12/11/2025",="NUR125-P",
="800001724",="Present",="9/19/2025",="NUR120-L-P1",
="800001724",="Present",="10/17/2025",="NUR120-L-P1",
="800001724",="Present",="11/7/2025",="NUR120-L-P1",
="800001724",="Present",="11/14/2025",="NUR120-L-P1",
="800001724",="Present",="9/2/2025",="NUR120 -P",
="800001724",="Present",="9/9/2025",="NUR120 -P",
="800001724",="Present",="9/16/2025",="NUR120 -P",
="800001724",="Present",="9/30/2025",="NUR120 -P",
="800001724",="Present",="10/7/2025",="NUR120 -P",
="800001724",="Present",="10/14/2025",="NUR120 -P",
="800001724",="Present",="11/11/2025",="NUR120 -P",
="800001724",="Present",="11/18/2025",="NUR120 -P",
="800001724",="Present",="11/25/2025",="NUR120 -P",
="800001724",="Present",="12/2/2025",="NUR120 -P",
="800001724",="Present",="9/6/2025",="NUT100 -OL",
="800001724",="Present",="9/13/2025",="NUT100 -OL",
="800001724",="Present",="9/20/2025",="NUT100 -OL",
="800001724",="Present",="9/27/2025",="NUT100 -OL",
="800001724",="Present",="10/4/2025",="NUT100 -OL",
="800001724",="Present",="10/11/2025",="NUT100 -OL",
="800001724",="Present",="10/18/2025",="NUT100 -OL",
="800001724",="Present",="10/25/2025",="NUT100 -OL",
="800001724",="Present",="11/1/2025",="NUT100 -OL",
="800001724",="Present",="11/8/2025",="NUT100 -OL",
="800001724",="Present",="11/15/2025",="NUT100 -OL",
="800001724",="Present",="11/22/2025",="NUT100 -OL",
="800001724",="Absent",="11/29/2025",="NUT100 -OL",
="800001803",="Present",="9/4/2025",="PHARM130-A",
="800001803",="Present",="9/11/2025",="PHARM130-A",
="800001803",="Present",="9/18/2025",="PHARM130-A",
="800001803",="Present",="9/25/2025",="PHARM130-A",
="800001803",="Present",="10/2/2025",="PHARM130-A",
="800001803",="Present",="10/9/2025",="PHARM130-A",
="800001803",="Present",="10/16/2025",="PHARM130-A",
="800001803",="Present",="10/23/2025",="PHARM130-A",
="800001803",="Present",="10/30/2025",="PHARM130-A",
="800001803",="Present",="11/6/2025",="PHARM130-A",
="800001803",="Present",="11/13/2025",="PHARM130-A",
="800001803",="Present",="11/20/2025",="PHARM130-A",
="800001803",="Present",="12/4/2025",="PHARM130-A",
="800001803",="Present",="9/2/2025",="NUR120-A",
="800001803",="Present",="9/9/2025",="NUR120-A",
="800001803",="Present",="9/16/2025",="NUR120-A",
="800001803",="Present",="9/30/2025",="NUR120-A",
="800001803",="Present",="10/7/2025",="NUR120-A",
="800001803",="Present",="10/14/2025",="NUR120-A",
="800001803",="Present",="11/11/2025",="NUR120-A",
="800001803",="Present",="11/18/2025",="NUR120-A",
="800001803",="Present",="11/25/2025",="NUR120-A",
="800001803",="Present",="12/2/2025",="NUR120-A",
="800001803",="Present",="9/3/2025",="NUR135-A",
="800001803",="Present",="9/10/2025",="NUR135-A",
="800001803",="Present",="9/17/2025",="NUR135-A",
="800001803",="Present",="9/24/2025",="NUR135-A",
="800001803",="Present",="10/1/2025",="NUR135-A",
="800001803",="No class",="10/15/2025",="NUR135-A",
="800001803",="Present",="11/12/2025",="NUR135-A",
="800001803",="Present",="11/26/2025",="NUR135-A",
="800001803",="Present",="12/3/2025",="NUR135-A",
="800001803",="Present",="9/6/2025",="NUT100 -OL",
="800001803",="Present",="9/13/2025",="NUT100 -OL",
="800001803",="Present",="9/20/2025",="NUT100 -OL",
="800001803",="Present",="9/27/2025",="NUT100 -OL",
="800001803",="Present",="10/4/2025",="NUT100 -OL",
="800001803",="Present",="10/11/2025",="NUT100 -OL",
="800001803",="Present",="10/18/2025",="NUT100 -OL",
="800001803",="Present",="10/25/2025",="NUT100 -OL",
="800001803",="Present",="11/1/2025",="NUT100 -OL",
="800001803",="Present",="11/8/2025",="NUT100 -OL",
="800001803",="Present",="11/15/2025",="NUT100 -OL",
="800001803",="Present",="11/22/2025",="NUT100 -OL",
="800001803",="Present",="11/29/2025",="NUT100 -OL",
="800001803",="Present",="12/6/2025",="NUT100 -OL",
="800001803",="Present",="10/8/2025",="NUR135-L-A1",
="800001803",="Present",="9/9/2025",="NUR125-A",
="800001803",="Present",="9/16/2025",="NUR125-A",
="800001803",="Present",="9/23/2025",="NUR125-A",
="800001803",="Present",="9/30/2025",="NUR125-A",
="800001803",="Present",="10/7/2025",="NUR125-A",
="800001803",="Present",="10/14/2025",="NUR125-A",
="800001803",="Present",="11/4/2025",="NUR125-A",
="800001803",="Present",="11/11/2025",="NUR125-A",
="800001803",="Present",="11/18/2025",="NUR125-A",
="800001803",="Present",="11/25/2025",="NUR125-A",
="800001803",="Present",="12/2/2025",="NUR125-A",
="800001803",="Present",="9/9/2025",="NUR125-L-A1",
="800001803",="Present",="9/16/2025",="NUR125-L-A1",
="800001803",="Present",="9/23/2025",="NUR125-L-A1",
="800001803",="Present",="9/30/2025",="NUR125-L-A1",
="800001803",="Present",="10/7/2025",="NUR125-L-A1",
="800001803",="Present",="10/14/2025",="NUR125-L-A1",
="800001803",="Present",="11/4/2025",="NUR125-L-A1",
="800001803",="Present",="11/11/2025",="NUR125-L-A1",
="800001803",="Present",="11/18/2025",="NUR125-L-A1",
="800001803",="Present",="11/25/2025",="NUR125-L-A1",
="800001803",="Present",="12/2/2025",="NUR125-L-A1",
="800001803",="Present",="9/15/2025",="NUR120-L-A1",
="800001803",="No class",="10/6/2025",="NUR120-L-A1",
="800001803",="Present",="11/3/2025",="NUR120-L-A1",
="800001803",="Present",="11/10/2025",="NUR120-L-A1",
="800001803",="No class",="11/17/2025",="NUR120-L-A1",
="800001001",="Present",="10/18/2025",="NUR150-C-A1",
="800001001",="Present",="10/19/2025",="NUR150-C-A1",
="800001001",="Present",="10/25/2025",="NUR150-C-A1",
="800001001",="Present",="10/26/2025",="NUR150-C-A1",
="800001001",="Present",="9/3/2025",="NUR155-P",
="800001001",="Present",="9/10/2025",="NUR155-P",
="800001001",="Present",="9/17/2025",="NUR155-P",
="800001001",="Present",="9/24/2025",="NUR155-P",
="800001001",="Present",="10/1/2025",="NUR155-P",
="800001001",="Present",="10/8/2025",="NUR155-P",
="800001001",="Present",="10/15/2025",="NUR155-P",
="800001001",="Present",="10/22/2025",="NUR155-P",
="800001001",="Present",="10/29/2025",="NUR155-P",
="800001001",="Present",="11/5/2025",="NUR155-P",
="800001001",="Present",="11/12/2025",="NUR155-P",
="800001001",="Present",="11/19/2025",="NUR155-P",
="800001001",="Present",="11/26/2025",="NUR155-P",
="800001001",="Present",="12/3/2025",="NUR155-P",
="800001001",="Present",="12/10/2025",="NUR155-P",
="800001001",="Present",="9/15/2025",="NUR145 - P",
="800001001",="Present",="9/22/2025",="NUR145 - P",
="800001001",="Present",="9/29/2025",="NUR145 - P",
="800001001",="Present",="10/6/2025",="NUR145 - P",
="800001001",="Present",="10/13/2025",="NUR145 - P",
="800001001",="Present",="11/3/2025",="NUR145 - P",
="800001001",="Present",="11/10/2025",="NUR145 - P",
="800001001",="Present",="11/17/2025",="NUR145 - P",
="800001001",="Present",="11/24/2025",="NUR145 - P",
="800001001",="Present",="12/1/2025",="NUR145 - P",
="800001001",="Present",="9/2/2025",="NUR150-P",
="800001001",="Present",="9/9/2025",="NUR150-P",
="800001001",="Present",="9/16/2025",="NUR150-P",
="800001001",="Present",="9/23/2025",="NUR150-P",
="800001001",="Present",="9/30/2025",="NUR150-P",
="800001001",="Present",="10/7/2025",="NUR150-P",
="800001001",="Present",="11/4/2025",="NUR150-P",
="800001001",="Present",="11/11/2025",="NUR150-P",
="800001001",="Present",="11/18/2025",="NUR150-P",
="800001001",="Present",="11/25/2025",="NUR150-P",
="800001001",="Present",="12/2/2025",="NUR150-P",
="800001001",="Present",="9/4/2025",="NUR140-A",
="800001001",="Present",="9/11/2025",="NUR140-A",
="800001001",="Present",="9/18/2025",="NUR140-A",
="800001001",="Present",="9/25/2025",="NUR140-A",
="800001001",="Present",="10/2/2025",="NUR140-A",
="800001001",="Present",="10/9/2025",="NUR140-A",
="800001001",="Present",="10/16/2025",="NUR140-A",
="800001001",="Present",="11/6/2025",="NUR140-A",
="800001001",="Present",="11/13/2025",="NUR140-A",
="800001001",="Present",="11/20/2025",="NUR140-A",
="800001761",="Present",="9/10/2025",="PHARM130-P",
="800001761",="Present",="9/17/2025",="PHARM130-P",
="800001761",="Present",="9/24/2025",="PHARM130-P",
="800001761",="Present",="10/1/2025",="PHARM130-P",
="800001761",="Present",="10/8/2025",="PHARM130-P",
="800001761",="Present",="10/15/2025",="PHARM130-P",
="800001761",="Present",="10/22/2025",="PHARM130-P",
="800001761",="Present",="10/29/2025",="PHARM130-P",
="800001761",="Present",="11/5/2025",="PHARM130-P",
="800001761",="Present",="11/12/2025",="PHARM130-P",
="800001761",="Present",="11/19/2025",="PHARM130-P",
="800001761",="Present",="12/3/2025",="PHARM130-P",
="800001761",="Present",="12/10/2025",="PHARM130-P",
="800001761",="Absent",="9/19/2025",="NUR120-L-P1",
="800001761",="Present",="10/17/2025",="NUR120-L-P1",
="800001761",="Present",="11/7/2025",="NUR120-L-P1",
="800001761",="Present",="11/14/2025",="NUR120-L-P1",
="800001761",="Present",="9/8/2025",="NUR135-P",
="800001761",="Present",="9/15/2025",="NUR135-P",
="800001761",="Present",="9/22/2025",="NUR135-P",
="800001761",="Present",="9/29/2025",="NUR135-P",
="800001761",="Present",="10/13/2025",="NUR135-P",
="800001761",="Present",="11/3/2025",="NUR135-P",
="800001761",="Present",="11/10/2025",="NUR135-P",
="800001761",="Present",="11/17/2025",="NUR135-P",
="800001761",="Present",="11/24/2025",="NUR135-P",
="800001761",="Present",="12/1/2025",="NUR135-P",
="800001761",="Present",="12/8/2025",="NUR135-P",
="800001761",="Present",="10/6/2025",="NUR135-L-P1",
="800001761",="Present",="10/20/2025",="NUR135-L-P1",
="800001761",="Present",="9/4/2025",="NUR125-P",
="800001761",="Present",="9/11/2025",="NUR125-P",
="800001761",="Present",="9/18/2025",="NUR125-P",
="800001761",="Present",="9/25/2025",="NUR125-P",
="800001761",="Present",="10/2/2025",="NUR125-P",
="800001761",="Present",="10/9/2025",="NUR125-P",
="800001761",="Present",="11/6/2025",="NUR125-P",
="800001761",="Present",="11/13/2025",="NUR125-P",
="800001761",="Present",="11/20/2025",="NUR125-P",
="800001761",="Present",="12/4/2025",="NUR125-P",
="800001761",="Present",="12/11/2025",="NUR125-P",
="800001761",="Present",="9/2/2025",="NUR120 -P",
="800001761",="Present",="9/9/2025",="NUR120 -P",
="800001761",="Present",="9/16/2025",="NUR120 -P",
="800001761",="Present",="9/30/2025",="NUR120 -P",
="800001761",="Present",="10/7/2025",="NUR120 -P",
="800001761",="Present",="10/14/2025",="NUR120 -P",
="800001761",="Present",="11/11/2025",="NUR120 -P",
="800001761",="Present",="11/18/2025",="NUR120 -P",
="800001761",="Present",="11/25/2025",="NUR120 -P",
="800001761",="Present",="12/2/2025",="NUR120 -P",
="800001761",="Present",="9/6/2025",="NUT100 -OL",
="800001761",="Present",="9/13/2025",="NUT100 -OL",
="800001761",="Present",="9/20/2025",="NUT100 -OL",
="800001761",="Present",="9/27/2025",="NUT100 -OL",
="800001761",="Present",="10/4/2025",="NUT100 -OL",
="800001761",="Present",="10/11/2025",="NUT100 -OL",
="800001761",="Present",="10/18/2025",="NUT100 -OL",
="800001761",="Present",="10/25/2025",="NUT100 -OL",
="800001761",="Present",="11/1/2025",="NUT100 -OL",
="800001761",="Present",="11/8/2025",="NUT100 -OL",
="800001761",="Present",="11/15/2025",="NUT100 -OL",
="800001761",="Present",="11/22/2025",="NUT100 -OL",
="800001761",="Present",="11/29/2025",="NUT100 -OL",
="800001761",="Present",="12/6/2025",="NUT100 -OL",
="800001740",="Present",="9/9/2025",="NUR125-A",
="800001740",="Present",="9/16/2025",="NUR125-A",
="800001740",="Present",="9/23/2025",="NUR125-A",
="800001740",="Present",="9/30/2025",="NUR125-A",
="800001740",="Present",="10/7/2025",="NUR125-A",
="800001740",="Present",="10/14/2025",="NUR125-A",
="800001740",="Present",="11/4/2025",="NUR125-A",
="800001740",="Present",="11/11/2025",="NUR125-A",
="800001740",="Present",="11/18/2025",="NUR125-A",
="800001740",="Present",="11/25/2025",="NUR125-A",
="800001740",="Present",="12/2/2025",="NUR125-A",
="800001740",="Present",="10/8/2025",="NUR135-L-A1",
="800001740",="Present",="9/4/2025",="PHARM130-A",
="800001740",="Present",="9/11/2025",="PHARM130-A",
="800001740",="Present",="9/18/2025",="PHARM130-A",
="800001740",="Present",="9/25/2025",="PHARM130-A",
="800001740",="Present",="10/2/2025",="PHARM130-A",
="800001740",="Present",="10/9/2025",="PHARM130-A",
="800001740",="Present",="10/16/2025",="PHARM130-A",
="800001740",="Present",="10/23/2025",="PHARM130-A",
="800001740",="Present",="10/30/2025",="PHARM130-A",
="800001740",="Present",="11/6/2025",="PHARM130-A",
="800001740",="Present",="11/13/2025",="PHARM130-A",
="800001740",="Present",="11/20/2025",="PHARM130-A",
="800001740",="Present",="12/4/2025",="PHARM130-A",
="800001740",="Present",="9/3/2025",="NUR135-A",
="800001740",="Present",="9/10/2025",="NUR135-A",
="800001740",="Present",="9/17/2025",="NUR135-A",
="800001740",="Present",="9/24/2025",="NUR135-A",
="800001740",="Present",="10/1/2025",="NUR135-A",
="800001740",="No class",="10/15/2025",="NUR135-A",
="800001740",="Present",="11/12/2025",="NUR135-A",
="800001740",="Present",="11/26/2025",="NUR135-A",
="800001740",="Present",="12/3/2025",="NUR135-A",
="800001740",="Present",="9/2/2025",="NUR120-A",
="800001740",="Present",="9/9/2025",="NUR120-A",
="800001740",="Present",="9/16/2025",="NUR120-A",
="800001740",="Present",="9/30/2025",="NUR120-A",
="800001740",="Present",="10/7/2025",="NUR120-A",
="800001740",="Present",="10/14/2025",="NUR120-A",
="800001740",="Present",="11/11/2025",="NUR120-A",
="800001740",="Present",="11/18/2025",="NUR120-A",
="800001740",="Present",="11/25/2025",="NUR120-A",
="800001740",="Present",="12/2/2025",="NUR120-A",
="800001740",="Present",="9/9/2025",="NUR125-L-A1",
="800001740",="Present",="9/16/2025",="NUR125-L-A1",
="800001740",="Present",="9/23/2025",="NUR125-L-A1",
="800001740",="Present",="9/30/2025",="NUR125-L-A1",
="800001740",="Present",="10/7/2025",="NUR125-L-A1",
="800001740",="Present",="10/14/2025",="NUR125-L-A1",
="800001740",="Present",="11/4/2025",="NUR125-L-A1",
="800001740",="Present",="11/11/2025",="NUR125-L-A1",
="800001740",="Present",="11/18/2025",="NUR125-L-A1",
="800001740",="Present",="11/25/2025",="NUR125-L-A1",
="800001740",="Present",="12/2/2025",="NUR125-L-A1",
="800001740",="Present",="9/15/2025",="NUR120-L-A1",
="800001740",="No class",="10/6/2025",="NUR120-L-A1",
="800001740",="Present",="11/3/2025",="NUR120-L-A1",
="800001740",="Present",="11/10/2025",="NUR120-L-A1",
="800001740",="No class",="11/17/2025",="NUR120-L-A1",
="800001793",="Present",="10/8/2025",="NUR135-L-A1",
="800001793",="Present",="9/15/2025",="NUR120-L-A1",
="800001793",="No class",="10/6/2025",="NUR120-L-A1",
="800001793",="Present",="11/3/2025",="NUR120-L-A1",
="800001793",="Present",="11/10/2025",="NUR120-L-A1",
="800001793",="No class",="11/17/2025",="NUR120-L-A1",
="800001793",="Present",="9/6/2025",="NUT100 -OL",
="800001793",="Present",="9/13/2025",="NUT100 -OL",
="800001793",="Present",="9/20/2025",="NUT100 -OL",
="800001793",="Present",="9/27/2025",="NUT100 -OL",
="800001793",="Present",="10/4/2025",="NUT100 -OL",
="800001793",="Present",="10/11/2025",="NUT100 -OL",
="800001793",="Present",="10/18/2025",="NUT100 -OL",
="800001793",="Present",="10/25/2025",="NUT100 -OL",
="800001793",="Present",="11/1/2025",="NUT100 -OL",
="800001793",="Present",="11/8/2025",="NUT100 -OL",
="800001793",="Present",="11/15/2025",="NUT100 -OL",
="800001793",="Present",="11/22/2025",="NUT100 -OL",
="800001793",="Present",="11/29/2025",="NUT100 -OL",
="800001793",="Present",="12/6/2025",="NUT100 -OL",
="800001793",="Present",="9/2/2025",="NUR120-A",
="800001793",="Present",="9/9/2025",="NUR120-A",
="800001793",="Present",="9/16/2025",="NUR120-A",
="800001793",="Present",="9/30/2025",="NUR120-A",
="800001793",="Present",="10/7/2025",="NUR120-A",
="800001793",="Present",="10/14/2025",="NUR120-A",
="800001793",="Present",="11/11/2025",="NUR120-A",
="800001793",="Present",="11/18/2025",="NUR120-A",
="800001793",="Absent",="11/25/2025",="NUR120-A",
="800001793",="Present",="12/2/2025",="NUR120-A",
="800001793",="Present",="9/9/2025",="NUR125-L-A1",
="800001793",="Present",="9/16/2025",="NUR125-L-A1",
="800001793",="Present",="9/23/2025",="NUR125-L-A1",
="800001793",="Present",="9/30/2025",="NUR125-L-A1",
="800001793",="Present",="10/7/2025",="NUR125-L-A1",
="800001793",="Present",="10/14/2025",="NUR125-L-A1",
="800001793",="Present",="11/4/2025",="NUR125-L-A1",
="800001793",="Present",="11/11/2025",="NUR125-L-A1",
="800001793",="Present",="11/18/2025",="NUR125-L-A1",
="800001793",="Present",="11/25/2025",="NUR125-L-A1",
="800001793",="Present",="12/2/2025",="NUR125-L-A1",
="800001793",="No class",="10/20/2025",="NUR120-C-A1",
="800001793",="Present",="10/23/2025",="NUR120-C-A1",
="800001793",="Present",="10/27/2025",="NUR120-C-A1",
="800001793",="Present",="10/30/2025",="NUR120-C-A1",
="800001793",="Present",="9/9/2025",="NUR125-A",
="800001793",="Present",="9/16/2025",="NUR125-A",
="800001793",="Present",="9/23/2025",="NUR125-A",
="800001793",="Present",="9/30/2025",="NUR125-A",
="800001793",="Present",="10/7/2025",="NUR125-A",
="800001793",="Present",="10/14/2025",="NUR125-A",
="800001793",="Present",="11/4/2025",="NUR125-A",
="800001793",="Present",="11/11/2025",="NUR125-A",
="800001793",="Present",="11/18/2025",="NUR125-A",
="800001793",="Present",="11/25/2025",="NUR125-A",
="800001793",="Present",="12/2/2025",="NUR125-A",
="800001793",="Present",="9/3/2025",="NUR135-A",
="800001793",="Present",="9/10/2025",="NUR135-A",
="800001793",="Present",="9/17/2025",="NUR135-A",
="800001793",="Present",="9/24/2025",="NUR135-A",
="800001793",="Present",="10/1/2025",="NUR135-A",
="800001793",="No class",="10/15/2025",="NUR135-A",
="800001793",="Absent",="11/12/2025",="NUR135-A",
="800001793",="Present",="11/26/2025",="NUR135-A",
="800001793",="Present",="12/3/2025",="NUR135-A",
="800001793",="Present",="9/4/2025",="PHARM130-A",
="800001793",="Present",="9/11/2025",="PHARM130-A",
="800001793",="Present",="9/18/2025",="PHARM130-A",
="800001793",="Present",="9/25/2025",="PHARM130-A",
="800001793",="Present",="10/2/2025",="PHARM130-A",
="800001793",="Present",="10/9/2025",="PHARM130-A",
="800001793",="Present",="10/16/2025",="PHARM130-A",
="800001793",="Present",="10/23/2025",="PHARM130-A",
="800001793",="Present",="10/30/2025",="PHARM130-A",
="800001793",="Present",="11/6/2025",="PHARM130-A",
="800001793",="Present",="11/13/2025",="PHARM130-A",
="800001793",="Present",="11/20/2025",="PHARM130-A",
="800001793",="Present",="12/4/2025",="PHARM130-A",
="800001318",="Present",="9/6/2025",="HUM200 -OL",
="800001318",="Present",="9/13/2025",="HUM200 -OL",
="800001318",="Present",="9/20/2025",="HUM200 -OL",
="800001318",="Present",="9/27/2025",="HUM200 -OL",
="800001318",="Present",="10/4/2025",="HUM200 -OL",
="800001318",="Present",="10/11/2025",="HUM200 -OL",
="800001318",="Present",="10/18/2025",="HUM200 -OL",
="800001318",="Present",="10/25/2025",="HUM200 -OL",
="800001318",="Present",="11/1/2025",="HUM200 -OL",
="800001318",="Present",="11/8/2025",="HUM200 -OL",
="800001318",="Present",="11/15/2025",="HUM200 -OL",
="800001318",="Absent",="11/22/2025",="HUM200 -OL",
="800001318",="Present",="12/6/2025",="HUM200 -OL",
="800001318",="Present",="10/2/2025",="NUR236-L-P1",
="800001318",="Present",="9/2/2025",="NUR245 - P",
="800001318",="Present",="9/9/2025",="NUR245 - P",
="800001318",="Present",="9/23/2025",="NUR245 - P",
="800001318",="Present",="9/30/2025",="NUR245 - P",
="800001318",="Present",="10/7/2025",="NUR245 - P",
="800001318",="Present",="10/14/2025",="NUR245 - P",
="800001318",="Present",="11/4/2025",="NUR245 - P",
="800001318",="Present",="11/11/2025",="NUR245 - P",
="800001318",="Present",="11/18/2025",="NUR245 - P",
="800001318",="Present",="11/25/2025",="NUR245 - P",
="800001318",="Present",="12/2/2025",="NUR245 - P",
="800001318",="Present",="9/8/2025",="PHARM225-P_B",
="800001318",="Present",="9/15/2025",="PHARM225-P_B",
="800001318",="Present",="9/22/2025",="PHARM225-P_B",
="800001318",="Tardy/Late",="9/29/2025",="PHARM225-P_B",
="800001318",="Present",="10/6/2025",="PHARM225-P_B",
="800001318",="Present",="9/4/2025",="NUR236-P",
="800001318",="Present",="9/11/2025",="NUR236-P",
="800001318",="Present",="9/18/2025",="NUR236-P",
="800001318",="Present",="9/25/2025",="NUR236-P",
="800001318",="Present",="10/9/2025",="NUR236-P",
="800001318",="Present",="10/16/2025",="NUR236-P",
="800001318",="Present",="12/4/2025",="NUR236-P",
="800001553",="Present",="9/6/2025",="PSY101 -OL II",
="800001553",="Present",="9/13/2025",="PSY101 -OL II",
="800001553",="Present",="9/20/2025",="PSY101 -OL II",
="800001553",="Present",="9/27/2025",="PSY101 -OL II",
="800001553",="Present",="10/4/2025",="PSY101 -OL II",
="800001553",="Present",="10/11/2025",="PSY101 -OL II",
="800001553",="Present",="10/18/2025",="PSY101 -OL II",
="800001553",="Present",="10/25/2025",="PSY101 -OL II",
="800001553",="Present",="11/1/2025",="PSY101 -OL II",
="800001553",="Present",="11/8/2025",="PSY101 -OL II",
="800001553",="Present",="11/15/2025",="PSY101 -OL II",
="800001553",="Present",="11/22/2025",="PSY101 -OL II",
="800001553",="Present",="9/4/2025",="PHARM130-A",
="800001553",="Present",="9/11/2025",="PHARM130-A",
="800001553",="Present",="9/18/2025",="PHARM130-A",
="800001553",="Present",="9/25/2025",="PHARM130-A",
="800001553",="Present",="10/2/2025",="PHARM130-A",
="800001553",="Present",="10/9/2025",="PHARM130-A",
="800001553",="Present",="10/16/2025",="PHARM130-A",
="800001553",="Present",="10/23/2025",="PHARM130-A",
="800001553",="Present",="10/30/2025",="PHARM130-A",
="800001553",="Present",="11/6/2025",="PHARM130-A",
="800001553",="Present",="11/13/2025",="PHARM130-A",
="800001553",="Present",="11/20/2025",="PHARM130-A",
="800001553",="Present",="12/4/2025",="PHARM130-A",
="800001553",="Present",="9/3/2025",="NUR135-A",
="800001553",="Present",="9/10/2025",="NUR135-A",
="800001553",="Present",="9/17/2025",="NUR135-A",
="800001553",="Present",="9/24/2025",="NUR135-A",
="800001553",="Present",="10/1/2025",="NUR135-A",
="800001553",="No class",="10/15/2025",="NUR135-A",
="800001553",="Present",="11/12/2025",="NUR135-A",
="800001553",="Present",="11/26/2025",="NUR135-A",
="800001553",="Present",="12/3/2025",="NUR135-A",
="800001553",="Present",="9/9/2025",="NUR125-A",
="800001553",="Present",="9/16/2025",="NUR125-A",
="800001553",="Present",="9/23/2025",="NUR125-A",
="800001553",="Present",="9/30/2025",="NUR125-A",
="800001553",="Present",="10/7/2025",="NUR125-A",
="800001553",="Present",="10/14/2025",="NUR125-A",
="800001553",="Present",="11/4/2025",="NUR125-A",
="800001553",="Present",="11/11/2025",="NUR125-A",
="800001553",="Present",="11/18/2025",="NUR125-A",
="800001553",="Present",="11/25/2025",="NUR125-A",
="800001553",="Present",="12/2/2025",="NUR125-A",
="800001553",="Present",="9/9/2025",="NUR125-L-A1",
="800001553",="Present",="9/16/2025",="NUR125-L-A1",
="800001553",="Present",="9/23/2025",="NUR125-L-A1",
="800001553",="Present",="9/30/2025",="NUR125-L-A1",
="800001553",="Present",="10/7/2025",="NUR125-L-A1",
="800001553",="Present",="10/14/2025",="NUR125-L-A1",
="800001553",="Present",="11/4/2025",="NUR125-L-A1",
="800001553",="Present",="11/11/2025",="NUR125-L-A1",
="800001553",="Present",="11/18/2025",="NUR125-L-A1",
="800001553",="Present",="11/25/2025",="NUR125-L-A1",
="800001553",="Present",="12/2/2025",="NUR125-L-A1",
="800001553",="Present",="9/2/2025",="NUR120-A",
="800001553",="Present",="9/9/2025",="NUR120-A",
="800001553",="Present",="9/16/2025",="NUR120-A",
="800001553",="Present",="9/30/2025",="NUR120-A",
="800001553",="Present",="10/7/2025",="NUR120-A",
="800001553",="Present",="10/14/2025",="NUR120-A",
="800001553",="Present",="11/11/2025",="NUR120-A",
="800001553",="Present",="11/18/2025",="NUR120-A",
="800001553",="Present",="11/25/2025",="NUR120-A",
="800001553",="Present",="12/2/2025",="NUR120-A",
="800001553",="Present",="10/8/2025",="NUR135-L-A1",
="800001740",="Present",="9/6/2025",="NUT100 -OL II",
="800001740",="Present",="9/13/2025",="NUT100 -OL II",
="800001740",="Present",="9/20/2025",="NUT100 -OL II",
="800001740",="Present",="9/27/2025",="NUT100 -OL II",
="800001740",="Present",="10/4/2025",="NUT100 -OL II",
="800001740",="Present",="10/11/2025",="NUT100 -OL II",
="800001740",="Present",="10/18/2025",="NUT100 -OL II",
="800001740",="Present",="10/25/2025",="NUT100 -OL II",
="800001740",="Present",="11/1/2025",="NUT100 -OL II",
="800001740",="Present",="11/8/2025",="NUT100 -OL II",
="800001740",="Present",="11/15/2025",="NUT100 -OL II",
="800001740",="Present",="11/22/2025",="NUT100 -OL II",
="800001740",="Present",="11/29/2025",="NUT100 -OL II",
="800001740",="Present",="12/6/2025",="NUT100 -OL II",
="800001907",="Present",="9/6/2025",="NUT100 -OL",
="800001907",="Present",="9/13/2025",="NUT100 -OL",
="800001907",="Present",="9/20/2025",="NUT100 -OL",
="800001907",="Present",="9/27/2025",="NUT100 -OL",
="800001907",="Absent",="10/4/2025",="NUT100 -OL",
="800001907",="Present",="10/11/2025",="NUT100 -OL",
="800001907",="Present",="10/18/2025",="NUT100 -OL",
="800001907",="Absent",="10/25/2025",="NUT100 -OL",
="800001907",="Absent",="11/1/2025",="NUT100 -OL",
="800001907",="Present",="11/8/2025",="NUT100 -OL",
="800001907",="Present",="11/15/2025",="NUT100 -OL",
="800001907",="Present",="11/22/2025",="NUT100 -OL",
="800001907",="Absent",="11/29/2025",="NUT100 -OL",
="800001907",="Absent",="12/6/2025",="NUT100 -OL",
="800001712",="Present",="9/15/2025",="NUR120-L-A1",
="800001712",="No class",="10/6/2025",="NUR120-L-A1",
="800001712",="Present",="11/3/2025",="NUR120-L-A1",
="800001712",="Present",="11/10/2025",="NUR120-L-A1",
="800001712",="No class",="11/17/2025",="NUR120-L-A1",
="800001712",="Present",="9/9/2025",="NUR125-L-A1",
="800001712",="Present",="9/16/2025",="NUR125-L-A1",
="800001712",="Present",="9/23/2025",="NUR125-L-A1",
="800001712",="Present",="9/30/2025",="NUR125-L-A1",
="800001712",="Present",="10/7/2025",="NUR125-L-A1",
="800001712",="Present",="10/14/2025",="NUR125-L-A1",
="800001712",="Present",="11/4/2025",="NUR125-L-A1",
="800001712",="Present",="11/11/2025",="NUR125-L-A1",
="800001712",="Present",="11/18/2025",="NUR125-L-A1",
="800001712",="Present",="11/25/2025",="NUR125-L-A1",
="800001712",="Present",="12/2/2025",="NUR125-L-A1",
="800001712",="Present",="10/8/2025",="NUR135-L-A1",
="800001712",="Present",="9/2/2025",="NUR120-A",
="800001712",="Present",="9/9/2025",="NUR120-A",
="800001712",="Present",="9/16/2025",="NUR120-A",
="800001712",="Present",="9/30/2025",="NUR120-A",
="800001712",="Present",="10/7/2025",="NUR120-A",
="800001712",="Present",="10/14/2025",="NUR120-A",
="800001712",="Present",="11/11/2025",="NUR120-A",
="800001712",="Present",="11/18/2025",="NUR120-A",
="800001712",="Present",="11/25/2025",="NUR120-A",
="800001712",="Absent",="12/2/2025",="NUR120-A",
="800001712",="Present",="9/9/2025",="NUR125-A",
="800001712",="Present",="9/16/2025",="NUR125-A",
="800001712",="Present",="9/23/2025",="NUR125-A",
="800001712",="Present",="9/30/2025",="NUR125-A",
="800001712",="Present",="10/7/2025",="NUR125-A",
="800001712",="Present",="10/14/2025",="NUR125-A",
="800001712",="Present",="11/4/2025",="NUR125-A",
="800001712",="Present",="11/11/2025",="NUR125-A",
="800001712",="Present",="11/18/2025",="NUR125-A",
="800001712",="Present",="11/25/2025",="NUR125-A",
="800001712",="Present",="12/2/2025",="NUR125-A",
="800001712",="Present",="9/3/2025",="NUR135-A",
="800001712",="Present",="9/10/2025",="NUR135-A",
="800001712",="Present",="9/17/2025",="NUR135-A",
="800001712",="Present",="9/24/2025",="NUR135-A",
="800001712",="Present",="10/1/2025",="NUR135-A",
="800001712",="No class",="10/15/2025",="NUR135-A",
="800001712",="Present",="11/12/2025",="NUR135-A",
="800001712",="Present",="11/26/2025",="NUR135-A",
="800001712",="Present",="12/3/2025",="NUR135-A",
="800001712",="Present",="9/4/2025",="PHARM130-A",
="800001712",="Present",="9/11/2025",="PHARM130-A",
="800001712",="Present",="9/18/2025",="PHARM130-A",
="800001712",="Present",="9/25/2025",="PHARM130-A",
="800001712",="Present",="10/2/2025",="PHARM130-A",
="800001712",="Present",="10/9/2025",="PHARM130-A",
="800001712",="Present",="10/16/2025",="PHARM130-A",
="800001712",="Present",="10/23/2025",="PHARM130-A",
="800001712",="Present",="10/30/2025",="PHARM130-A",
="800001712",="Present",="11/6/2025",="PHARM130-A",
="800001712",="Present",="11/13/2025",="PHARM130-A",
="800001712",="Present",="11/20/2025",="PHARM130-A",
="800001712",="Present",="12/4/2025",="PHARM130-A",
="800001712",="No class",="10/20/2025",="NUR120-C-A1",
="800001712",="Present",="10/23/2025",="NUR120-C-A1",
="800001712",="Present",="10/27/2025",="NUR120-C-A1",
="800001712",="Present",="10/30/2025",="NUR120-C-A1",
="800001757",="Present",="10/6/2025",="NUR135-L-P1",
="800001757",="Present",="10/20/2025",="NUR135-L-P1",
="800001757",="Present",="9/15/2025",="NUR120-L-A1",
="800001757",="No class",="10/6/2025",="NUR120-L-A1",
="800001757",="Present",="11/3/2025",="NUR120-L-A1",
="800001757",="Present",="11/10/2025",="NUR120-L-A1",
="800001757",="No class",="11/17/2025",="NUR120-L-A1",
="800001757",="Present",="9/2/2025",="NUR120-A",
="800001757",="Present",="9/9/2025",="NUR120-A",
="800001757",="Present",="9/16/2025",="NUR120-A",
="800001757",="Present",="9/30/2025",="NUR120-A",
="800001757",="Absent",="10/7/2025",="NUR120-A",
="800001757",="Present",="10/14/2025",="NUR120-A",
="800001757",="Present",="11/11/2025",="NUR120-A",
="800001757",="Present",="11/18/2025",="NUR120-A",
="800001757",="Present",="11/25/2025",="NUR120-A",
="800001757",="Present",="12/2/2025",="NUR120-A",
="800001757",="Present",="9/6/2025",="NUT100 -OL",
="800001757",="Present",="9/13/2025",="NUT100 -OL",
="800001757",="Present",="9/20/2025",="NUT100 -OL",
="800001757",="Present",="9/27/2025",="NUT100 -OL",
="800001757",="Present",="10/4/2025",="NUT100 -OL",
="800001757",="Present",="10/11/2025",="NUT100 -OL",
="800001757",="Present",="10/18/2025",="NUT100 -OL",
="800001757",="Present",="10/25/2025",="NUT100 -OL",
="800001757",="Present",="11/1/2025",="NUT100 -OL",
="800001757",="Present",="11/8/2025",="NUT100 -OL",
="800001757",="Present",="11/15/2025",="NUT100 -OL",
="800001757",="Absent",="11/22/2025",="NUT100 -OL",
="800001757",="Present",="11/29/2025",="NUT100 -OL",
="800001757",="Present",="12/6/2025",="NUT100 -OL",
="800001757",="Present",="9/8/2025",="NUR135-P",
="800001757",="Present",="9/15/2025",="NUR135-P",
="800001757",="Present",="9/22/2025",="NUR135-P",
="800001757",="Present",="9/29/2025",="NUR135-P",
="800001757",="Present",="10/13/2025",="NUR135-P",
="800001757",="Present",="11/3/2025",="NUR135-P",
="800001757",="Present",="11/10/2025",="NUR135-P",
="800001757",="Present",="11/17/2025",="NUR135-P",
="800001757",="Present",="11/24/2025",="NUR135-P",
="800001757",="Present",="12/1/2025",="NUR135-P",
="800001757",="Present",="12/8/2025",="NUR135-P",
="800001605",="Present",="10/6/2025",="NUR135-L-P1",
="800001605",="Present",="10/20/2025",="NUR135-L-P1",
="800001605",="Present",="9/8/2025",="NUR135-P",
="800001605",="Present",="9/15/2025",="NUR135-P",
="800001605",="Present",="9/22/2025",="NUR135-P",
="800001605",="Present",="9/29/2025",="NUR135-P",
="800001605",="Present",="10/13/2025",="NUR135-P",
="800001605",="Present",="11/3/2025",="NUR135-P",
="800001605",="Present",="11/10/2025",="NUR135-P",
="800001605",="Present",="11/17/2025",="NUR135-P",
="800001605",="Present",="11/24/2025",="NUR135-P",
="800001605",="Present",="12/1/2025",="NUR135-P",
="800001605",="Present",="12/8/2025",="NUR135-P",
="800001605",="Present",="9/4/2025",="PHARM130-A",
="800001605",="Present",="9/11/2025",="PHARM130-A",
="800001605",="Present",="9/18/2025",="PHARM130-A",
="800001605",="Present",="9/25/2025",="PHARM130-A",
="800001605",="Present",="10/2/2025",="PHARM130-A",
="800001605",="Present",="10/9/2025",="PHARM130-A",
="800001605",="Absent",="10/16/2025",="PHARM130-A",
="800001605",="Present",="10/23/2025",="PHARM130-A",
="800001605",="Present",="10/30/2025",="PHARM130-A",
="800001605",="Present",="11/6/2025",="PHARM130-A",
="800001605",="Present",="11/13/2025",="PHARM130-A",
="800001605",="Present",="11/20/2025",="PHARM130-A",
="800001605",="Present",="12/4/2025",="PHARM130-A",
="800001733",="Present",="9/3/2025",="AP100-P2",
="800001733",="Present",="9/17/2025",="AP100-P2",
="800001733",="Present",="9/24/2025",="AP100-P2",
="800001733",="Present",="10/1/2025",="AP100-P2",
="800001733",="Present",="10/8/2025",="AP100-P2",
="800001733",="Present",="10/15/2025",="AP100-P2",
="800001733",="Present",="10/22/2025",="AP100-P2",
="800001733",="Present",="10/29/2025",="AP100-P2",
="800001733",="Present",="11/5/2025",="AP100-P2",
="800001733",="Present",="11/12/2025",="AP100-P2",
="800001733",="Present",="11/19/2025",="AP100-P2",
="800001733",="Present",="11/26/2025",="AP100-P2",
="800001733",="Present",="12/3/2025",="AP100-P2",
="800001733",="Present",="9/6/2025",="NUT100 -OL",
="800001733",="Present",="9/13/2025",="NUT100 -OL",
="800001733",="Present",="9/20/2025",="NUT100 -OL",
="800001733",="Present",="9/27/2025",="NUT100 -OL",
="800001733",="Present",="10/4/2025",="NUT100 -OL",
="800001733",="Present",="10/11/2025",="NUT100 -OL",
="800001733",="Present",="10/18/2025",="NUT100 -OL",
="800001733",="Present",="10/25/2025",="NUT100 -OL",
="800001733",="Present",="11/1/2025",="NUT100 -OL",
="800001733",="Present",="11/8/2025",="NUT100 -OL",
="800001733",="Present",="11/15/2025",="NUT100 -OL",
="800001733",="Present",="11/22/2025",="NUT100 -OL",
="800001733",="Present",="11/29/2025",="NUT100 -OL",
="800001733",="Present",="12/6/2025",="NUT100 -OL",
="800001650",="Present",="9/9/2025",="NUR125-A",
="800001650",="Present",="9/16/2025",="NUR125-A",
="800001650",="Present",="9/23/2025",="NUR125-A",
="800001650",="Present",="9/30/2025",="NUR125-A",
="800001650",="Present",="10/7/2025",="NUR125-A",
="800001650",="Present",="10/14/2025",="NUR125-A",
="800001650",="Present",="11/4/2025",="NUR125-A",
="800001650",="Present",="11/11/2025",="NUR125-A",
="800001650",="Present",="11/18/2025",="NUR125-A",
="800001650",="Present",="11/25/2025",="NUR125-A",
="800001650",="Present",="12/2/2025",="NUR125-A",
="800001650",="Present",="9/9/2025",="NUR125-L-A1",
="800001650",="Present",="9/16/2025",="NUR125-L-A1",
="800001650",="Present",="9/23/2025",="NUR125-L-A1",
="800001650",="Present",="9/30/2025",="NUR125-L-A1",
="800001650",="Present",="10/7/2025",="NUR125-L-A1",
="800001650",="Present",="10/14/2025",="NUR125-L-A1",
="800001650",="Present",="11/4/2025",="NUR125-L-A1",
="800001650",="Present",="11/11/2025",="NUR125-L-A1",
="800001650",="Present",="11/18/2025",="NUR125-L-A1",
="800001650",="Present",="11/25/2025",="NUR125-L-A1",
="800001650",="Present",="12/2/2025",="NUR125-L-A1",
="800001650",="Present",="9/2/2025",="NUR120-A",
="800001650",="Present",="9/9/2025",="NUR120-A",
="800001650",="Present",="9/16/2025",="NUR120-A",
="800001650",="Present",="9/30/2025",="NUR120-A",
="800001650",="Present",="10/7/2025",="NUR120-A",
="800001650",="Present",="10/14/2025",="NUR120-A",
="800001650",="Present",="11/11/2025",="NUR120-A",
="800001650",="Present",="11/18/2025",="NUR120-A",
="800001650",="Present",="11/25/2025",="NUR120-A",
="800001650",="Present",="12/2/2025",="NUR120-A",
="800001650",="Present",="9/3/2025",="NUR135-A",
="800001650",="Present",="9/10/2025",="NUR135-A",
="800001650",="Present",="9/17/2025",="NUR135-A",
="800001650",="Present",="9/24/2025",="NUR135-A",
="800001650",="Present",="10/1/2025",="NUR135-A",
="800001650",="No class",="10/15/2025",="NUR135-A",
="800001650",="Present",="11/12/2025",="NUR135-A",
="800001650",="Present",="11/26/2025",="NUR135-A",
="800001650",="Absent",="12/3/2025",="NUR135-A",
="800001650",="Present",="10/8/2025",="NUR135-L-A1",
="800001650",="Present",="9/4/2025",="PHARM130-A",
="800001650",="Present",="9/11/2025",="PHARM130-A",
="800001650",="Present",="9/18/2025",="PHARM130-A",
="800001650",="Present",="9/25/2025",="PHARM130-A",
="800001650",="Present",="10/2/2025",="PHARM130-A",
="800001650",="Present",="10/9/2025",="PHARM130-A",
="800001650",="Present",="10/16/2025",="PHARM130-A",
="800001650",="Present",="10/23/2025",="PHARM130-A",
="800001650",="Present",="10/30/2025",="PHARM130-A",
="800001650",="Present",="11/6/2025",="PHARM130-A",
="800001650",="Present",="11/13/2025",="PHARM130-A",
="800001650",="Present",="11/20/2025",="PHARM130-A",
="800001650",="Present",="12/4/2025",="PHARM130-A",
="800001714",="Present",="10/6/2025",="NUR135-L-P1",
="800001714",="Present",="10/20/2025",="NUR135-L-P1",
="800001714",="Present",="9/6/2025",="NUT100 -OL II",
="800001714",="Present",="9/13/2025",="NUT100 -OL II",
="800001714",="Present",="9/20/2025",="NUT100 -OL II",
="800001714",="Present",="9/27/2025",="NUT100 -OL II",
="800001714",="Present",="10/4/2025",="NUT100 -OL II",
="800001714",="Present",="10/11/2025",="NUT100 -OL II",
="800001714",="Present",="10/18/2025",="NUT100 -OL II",
="800001714",="Present",="10/25/2025",="NUT100 -OL II",
="800001714",="Present",="11/1/2025",="NUT100 -OL II",
="800001714",="Present",="11/8/2025",="NUT100 -OL II",
="800001714",="Present",="11/15/2025",="NUT100 -OL II",
="800001714",="Present",="11/22/2025",="NUT100 -OL II",
="800001714",="Present",="11/29/2025",="NUT100 -OL II",
="800001714",="Present",="12/6/2025",="NUT100 -OL II",
="800001714",="Present",="9/11/2025",="NUR125-L-P1",
="800001714",="Present",="9/18/2025",="NUR125-L-P1",
="800001714",="Present",="9/25/2025",="NUR125-L-P1",
="800001714",="Present",="10/2/2025",="NUR125-L-P1",
="800001714",="Present",="10/9/2025",="NUR125-L-P1",
="800001714",="Present",="10/16/2025",="NUR125-L-P1",
="800001714",="Present",="11/6/2025",="NUR125-L-P1",
="800001714",="Present",="11/13/2025",="NUR125-L-P1",
="800001714",="Present",="11/20/2025",="NUR125-L-P1",
="800001714",="Present",="12/4/2025",="NUR125-L-P1",
="800001714",="Present",="12/11/2025",="NUR125-L-P1",
="800001714",="Present",="12/13/2025",="NUR120-C-P3",
="800001714",="Present",="12/14/2025",="NUR120-C-P3",
="800001714",="Present",="9/8/2025",="NUR135-P",
="800001714",="Present",="9/15/2025",="NUR135-P",
="800001714",="Present",="9/22/2025",="NUR135-P",
="800001714",="Present",="9/29/2025",="NUR135-P",
="800001714",="Present",="10/13/2025",="NUR135-P",
="800001714",="Absent",="11/3/2025",="NUR135-P",
="800001714",="Present",="11/10/2025",="NUR135-P",
="800001714",="Present",="11/17/2025",="NUR135-P",
="800001714",="Present",="11/24/2025",="NUR135-P",
="800001714",="Present",="12/1/2025",="NUR135-P",
="800001714",="Present",="12/8/2025",="NUR135-P",
="800001714",="Present",="9/4/2025",="NUR125-P",
="800001714",="Present",="9/11/2025",="NUR125-P",
="800001714",="Present",="9/18/2025",="NUR125-P",
="800001714",="Present",="9/25/2025",="NUR125-P",
="800001714",="Present",="10/2/2025",="NUR125-P",
="800001714",="Present",="10/9/2025",="NUR125-P",
="800001714",="Present",="11/6/2025",="NUR125-P",
="800001714",="Present",="11/13/2025",="NUR125-P",
="800001714",="Present",="11/20/2025",="NUR125-P",
="800001714",="Present",="12/4/2025",="NUR125-P",
="800001714",="Present",="12/11/2025",="NUR125-P",
="800001714",="Present",="9/2/2025",="NUR120 -P",
="800001714",="Present",="9/9/2025",="NUR120 -P",
="800001714",="Present",="9/16/2025",="NUR120 -P",
="800001714",="Absent",="9/30/2025",="NUR120 -P",
="800001714",="Present",="10/7/2025",="NUR120 -P",
="800001714",="Present",="10/14/2025",="NUR120 -P",
="800001714",="Present",="11/11/2025",="NUR120 -P",
="800001714",="Present",="11/18/2025",="NUR120 -P",
="800001714",="Present",="11/25/2025",="NUR120 -P",
="800001714",="Present",="12/2/2025",="NUR120 -P",
="800001714",="Present",="9/10/2025",="PHARM130-P",
="800001714",="Present",="9/17/2025",="PHARM130-P",
="800001714",="Present",="9/24/2025",="PHARM130-P",
="800001714",="Present",="10/1/2025",="PHARM130-P",
="800001714",="Present",="10/8/2025",="PHARM130-P",
="800001714",="Present",="10/15/2025",="PHARM130-P",
="800001714",="Present",="10/22/2025",="PHARM130-P",
="800001714",="Present",="10/29/2025",="PHARM130-P",
="800001714",="Present",="11/5/2025",="PHARM130-P",
="800001714",="Present",="11/12/2025",="PHARM130-P",
="800001714",="Present",="11/19/2025",="PHARM130-P",
="800001714",="Present",="12/3/2025",="PHARM130-P",
="800001714",="Present",="12/10/2025",="PHARM130-P",
="800001714",="Present",="9/19/2025",="NUR120-L-P1",
="800001714",="Present",="10/17/2025",="NUR120-L-P1",
="800001714",="Absent",="11/7/2025",="NUR120-L-P1",
="800001714",="No class",="11/14/2025",="NUR120-L-P1",
="800001650",="Present",="9/6/2025",="PSY101 -OL II",
="800001650",="Present",="9/13/2025",="PSY101 -OL II",
="800001650",="Present",="9/20/2025",="PSY101 -OL II",
="800001650",="Present",="9/27/2025",="PSY101 -OL II",
="800001650",="Present",="10/4/2025",="PSY101 -OL II",
="800001650",="Present",="10/11/2025",="PSY101 -OL II",
="800001650",="Present",="10/18/2025",="PSY101 -OL II",
="800001650",="Present",="10/25/2025",="PSY101 -OL II",
="800001650",="Present",="11/1/2025",="PSY101 -OL II",
="800001650",="Present",="11/8/2025",="PSY101 -OL II",
="800001650",="Present",="11/15/2025",="PSY101 -OL II",
="800001650",="Present",="11/22/2025",="PSY101 -OL II",
="800001511",="Present",="9/4/2025",="NUR140-A",
="800001511",="Present",="9/11/2025",="NUR140-A",
="800001511",="Present",="9/18/2025",="NUR140-A",
="800001511",="Present",="9/25/2025",="NUR140-A",
="800001511",="Present",="10/2/2025",="NUR140-A",
="800001511",="Present",="10/9/2025",="NUR140-A",
="800001511",="Present",="10/16/2025",="NUR140-A",
="800001511",="Present",="11/6/2025",="NUR140-A",
="800001511",="Present",="11/13/2025",="NUR140-A",
="800001511",="Present",="11/20/2025",="NUR140-A",
="800001511",="Present",="9/3/2025",="NUR155-P",
="800001511",="Present",="9/10/2025",="NUR155-P",
="800001511",="Present",="9/17/2025",="NUR155-P",
="800001511",="Present",="9/24/2025",="NUR155-P",
="800001511",="Present",="10/1/2025",="NUR155-P",
="800001511",="Present",="10/8/2025",="NUR155-P",
="800001511",="Present",="10/15/2025",="NUR155-P",
="800001511",="Present",="10/22/2025",="NUR155-P",
="800001511",="Present",="10/29/2025",="NUR155-P",
="800001511",="Present",="11/5/2025",="NUR155-P",
="800001511",="Present",="11/12/2025",="NUR155-P",
="800001511",="Present",="11/19/2025",="NUR155-P",
="800001511",="Present",="11/26/2025",="NUR155-P",
="800001511",="Present",="12/3/2025",="NUR155-P",
="800001511",="Present",="12/10/2025",="NUR155-P",
="800001511",="Present",="10/17/2025",="NUR140 -C-A1",
="800001511",="Present",="10/18/2025",="NUR140 -C-A1",
="800001511",="Present",="9/3/2025",="NUR150 -A",
="800001511",="Present",="9/10/2025",="NUR150 -A",
="800001511",="Present",="9/17/2025",="NUR150 -A",
="800001511",="Present",="9/24/2025",="NUR150 -A",
="800001511",="Present",="10/1/2025",="NUR150 -A",
="800001511",="Present",="10/8/2025",="NUR150 -A",
="800001511",="Present",="10/15/2025",="NUR150 -A",
="800001511",="Present",="11/5/2025",="NUR150 -A",
="800001511",="Present",="11/12/2025",="NUR150 -A",
="800001511",="Present",="11/19/2025",="NUR150 -A",
="800001322",="Present",="9/3/2025",="NUR150 -A",
="800001322",="Present",="9/10/2025",="NUR150 -A",
="800001322",="Present",="9/17/2025",="NUR150 -A",
="800001322",="Present",="9/24/2025",="NUR150 -A",
="800001322",="Present",="10/1/2025",="NUR150 -A",
="800001322",="Present",="10/8/2025",="NUR150 -A",
="800001322",="Present",="10/15/2025",="NUR150 -A",
="800001322",="Present",="11/5/2025",="NUR150 -A",
="800001322",="Present",="11/12/2025",="NUR150 -A",
="800001322",="Present",="11/19/2025",="NUR150 -A",
="800001322",="Present",="10/18/2025",="NUR150-C-A1",
="800001322",="Present",="10/19/2025",="NUR150-C-A1",
="800001322",="Present",="10/25/2025",="NUR150-C-A1",
="800001322",="Present",="10/26/2025",="NUR150-C-A1",
="800001322",="Present",="9/3/2025",="NUR155-P",
="800001322",="Present",="9/10/2025",="NUR155-P",
="800001322",="Present",="9/17/2025",="NUR155-P",
="800001322",="Present",="9/24/2025",="NUR155-P",
="800001322",="Present",="10/1/2025",="NUR155-P",
="800001322",="Present",="10/8/2025",="NUR155-P",
="800001322",="Present",="10/15/2025",="NUR155-P",
="800001322",="Present",="10/22/2025",="NUR155-P",
="800001322",="Present",="10/29/2025",="NUR155-P",
="800001322",="Present",="11/5/2025",="NUR155-P",
="800001322",="Present",="11/12/2025",="NUR155-P",
="800001322",="Present",="11/19/2025",="NUR155-P",
="800001322",="Present",="11/26/2025",="NUR155-P",
="800001322",="Present",="12/3/2025",="NUR155-P",
="800001322",="Present",="12/10/2025",="NUR155-P",
="800001802",="Present",="9/15/2025",="NUR120-L-A1",
="800001802",="No class",="10/6/2025",="NUR120-L-A1",
="800001802",="Present",="11/3/2025",="NUR120-L-A1",
="800001802",="Present",="11/10/2025",="NUR120-L-A1",
="800001802",="No class",="11/17/2025",="NUR120-L-A1",
="800001802",="Present",="9/9/2025",="NUR125-L-A1",
="800001802",="Present",="9/16/2025",="NUR125-L-A1",
="800001802",="Present",="9/23/2025",="NUR125-L-A1",
="800001802",="Present",="9/30/2025",="NUR125-L-A1",
="800001802",="Present",="10/7/2025",="NUR125-L-A1",
="800001802",="Present",="10/14/2025",="NUR125-L-A1",
="800001802",="Present",="11/4/2025",="NUR125-L-A1",
="800001802",="Present",="11/11/2025",="NUR125-L-A1",
="800001802",="Present",="11/18/2025",="NUR125-L-A1",
="800001802",="Present",="11/25/2025",="NUR125-L-A1",
="800001802",="Present",="12/2/2025",="NUR125-L-A1",
="800001802",="Present",="9/10/2025",="PHARM130-P",
="800001802",="Present",="9/17/2025",="PHARM130-P",
="800001802",="Present",="9/24/2025",="PHARM130-P",
="800001802",="Present",="10/1/2025",="PHARM130-P",
="800001802",="Present",="10/8/2025",="PHARM130-P",
="800001802",="Present",="10/15/2025",="PHARM130-P",
="800001802",="Absent",="10/22/2025",="PHARM130-P",
="800001802",="Present",="10/29/2025",="PHARM130-P",
="800001802",="Present",="11/5/2025",="PHARM130-P",
="800001802",="Present",="11/12/2025",="PHARM130-P",
="800001802",="Present",="11/19/2025",="PHARM130-P",
="800001802",="Present",="12/3/2025",="PHARM130-P",
="800001802",="Present",="12/10/2025",="PHARM130-P",
="800001802",="Absent",="9/3/2025",="NUR135-A",
="800001802",="Present",="9/10/2025",="NUR135-A",
="800001802",="Present",="9/17/2025",="NUR135-A",
="800001802",="Present",="9/24/2025",="NUR135-A",
="800001802",="Present",="10/1/2025",="NUR135-A",
="800001802",="No class",="10/15/2025",="NUR135-A",
="800001802",="Present",="11/12/2025",="NUR135-A",
="800001802",="Present",="11/26/2025",="NUR135-A",
="800001802",="Present",="12/3/2025",="NUR135-A",
="800001802",="Present",="9/9/2025",="NUR125-A",
="800001802",="Present",="9/16/2025",="NUR125-A",
="800001802",="Present",="9/23/2025",="NUR125-A",
="800001802",="Present",="9/30/2025",="NUR125-A",
="800001802",="Present",="10/7/2025",="NUR125-A",
="800001802",="Present",="10/14/2025",="NUR125-A",
="800001802",="Present",="11/4/2025",="NUR125-A",
="800001802",="Present",="11/11/2025",="NUR125-A",
="800001802",="Present",="11/18/2025",="NUR125-A",
="800001802",="Present",="11/25/2025",="NUR125-A",
="800001802",="Present",="12/2/2025",="NUR125-A",
="800001802",="Present",="9/2/2025",="NUR120-A",
="800001802",="Present",="9/9/2025",="NUR120-A",
="800001802",="Present",="9/16/2025",="NUR120-A",
="800001802",="Present",="9/30/2025",="NUR120-A",
="800001802",="Present",="10/7/2025",="NUR120-A",
="800001802",="Present",="10/14/2025",="NUR120-A",
="800001802",="Present",="11/11/2025",="NUR120-A",
="800001802",="Present",="11/18/2025",="NUR120-A",
="800001802",="Present",="11/25/2025",="NUR120-A",
="800001802",="Present",="12/2/2025",="NUR120-A",
="800001802",="Present",="9/6/2025",="NUT100 -OL II",
="800001802",="Present",="9/13/2025",="NUT100 -OL II",
="800001802",="Present",="9/20/2025",="NUT100 -OL II",
="800001802",="Present",="9/27/2025",="NUT100 -OL II",
="800001802",="Absent",="10/4/2025",="NUT100 -OL II",
="800001802",="Absent",="10/11/2025",="NUT100 -OL II",
="800001802",="Absent",="10/18/2025",="NUT100 -OL II",
="800001802",="Absent",="10/25/2025",="NUT100 -OL II",
="800001802",="Present",="11/1/2025",="NUT100 -OL II",
="800001802",="Absent",="11/8/2025",="NUT100 -OL II",
="800001802",="Present",="11/15/2025",="NUT100 -OL II",
="800001802",="Absent",="11/22/2025",="NUT100 -OL II",
="800001802",="Present",="11/29/2025",="NUT100 -OL II",
="800001802",="Absent",="12/6/2025",="NUT100 -OL II",
="800001802",="Present",="10/8/2025",="NUR135-L-A1",
="800001598",="Present",="9/6/2025",="NUT100 -OL II",
="800001598",="Present",="9/13/2025",="NUT100 -OL II",
="800001598",="Present",="9/20/2025",="NUT100 -OL II",
="800001598",="Present",="9/27/2025",="NUT100 -OL II",
="800001598",="Present",="10/4/2025",="NUT100 -OL II",
="800001598",="Present",="10/11/2025",="NUT100 -OL II",
="800001598",="Present",="10/18/2025",="NUT100 -OL II",
="800001598",="Present",="10/25/2025",="NUT100 -OL II",
="800001598",="Present",="11/1/2025",="NUT100 -OL II",
="800001598",="Present",="11/8/2025",="NUT100 -OL II",
="800001598",="Present",="11/15/2025",="NUT100 -OL II",
="800001598",="Present",="11/22/2025",="NUT100 -OL II",
="800001598",="Present",="11/29/2025",="NUT100 -OL II",
="800001598",="Present",="12/6/2025",="NUT100 -OL II",
="800001598",="Present",="9/15/2025",="NUR145 - P",
="800001598",="Present",="9/22/2025",="NUR145 - P",
="800001598",="Present",="9/29/2025",="NUR145 - P",
="800001598",="Present",="10/6/2025",="NUR145 - P",
="800001598",="Present",="10/13/2025",="NUR145 - P",
="800001598",="Present",="11/3/2025",="NUR145 - P",
="800001598",="Present",="11/10/2025",="NUR145 - P",
="800001598",="Present",="11/17/2025",="NUR145 - P",
="800001598",="Present",="11/24/2025",="NUR145 - P",
="800001598",="Present",="12/1/2025",="NUR145 - P",
="800001598",="Present",="9/5/2025",="ENG101 -P",
="800001598",="Present",="9/12/2025",="ENG101 -P",
="800001598",="Present",="9/19/2025",="ENG101 -P",
="800001598",="Present",="9/26/2025",="ENG101 -P",
="800001598",="Present",="10/3/2025",="ENG101 -P",
="800001598",="Present",="10/10/2025",="ENG101 -P",
="800001598",="Present",="10/17/2025",="ENG101 -P",
="800001598",="Present",="10/24/2025",="ENG101 -P",
="800001598",="Present",="10/31/2025",="ENG101 -P",
="800001598",="Present",="11/7/2025",="ENG101 -P",
="800001598",="Present",="11/14/2025",="ENG101 -P",
="800001598",="Present",="11/21/2025",="ENG101 -P",
="800001728",="Absent",="12/9/2025",="NUR100-C-P1",
="800001728",="Absent",="9/9/2025",="NUR100-L-P1",
="800001728",="Present",="9/16/2025",="NUR100-L-P1",
="800001728",="Present",="9/23/2025",="NUR100-L-P1",
="800001728",="Absent",="9/30/2025",="NUR100-L-P1",
="800001728",="Tardy/Late",="10/7/2025",="NUR100-L-P1",
="800001728",="Absent",="10/14/2025",="NUR100-L-P1",
="800001728",="Present",="10/21/2025",="NUR100-L-P1",
="800001728",="Present",="10/28/2025",="NUR100-L-P1",
="800001728",="Absent",="11/4/2025",="NUR100-L-P1",
="800001728",="Absent",="11/18/2025",="NUR100-L-P1",
="800001728",="Absent",="11/25/2025",="NUR100-L-P1",
="800001728",="Absent",="12/2/2025",="NUR100-L-P1",
="800001728",="Present",="9/8/2025",="NUR100-P",
="800001728",="Present",="9/15/2025",="NUR100-P",
="800001728",="Present",="9/22/2025",="NUR100-P",
="800001728",="Present",="9/29/2025",="NUR100-P",
="800001728",="Absent",="10/6/2025",="NUR100-P",
="800001728",="Absent",="10/13/2025",="NUR100-P",
="800001728",="Absent",="11/3/2025",="NUR100-P",
="800001728",="Present",="11/10/2025",="NUR100-P",
="800001728",="Present",="11/17/2025",="NUR100-P",
="800001728",="Present",="11/24/2025",="NUR100-P",
="800001728",="Present",="12/1/2025",="NUR100-P",
="800001728",="Absent",="10/2/2025",="PHARM100-P2",
="800001728",="Absent",="10/9/2025",="PHARM100-P2",
="800001728",="Absent",="10/16/2025",="PHARM100-P2",
="800001728",="Present",="10/23/2025",="PHARM100-P2",
="800001728",="Present",="10/30/2025",="PHARM100-P2",
="800001728",="Absent",="11/6/2025",="PHARM100-P2",
="800001728",="Absent",="11/13/2025",="PHARM100-P2",
="800001728",="Absent",="11/20/2025",="PHARM100-P2",
="800001813",="Present",="9/2/2025",="NUR120-A",
="800001813",="Present",="9/9/2025",="NUR120-A",
="800001813",="Present",="9/16/2025",="NUR120-A",
="800001813",="Present",="9/30/2025",="NUR120-A",
="800001813",="Present",="10/7/2025",="NUR120-A",
="800001813",="Present",="10/14/2025",="NUR120-A",
="800001813",="Present",="11/11/2025",="NUR120-A",
="800001813",="Present",="11/18/2025",="NUR120-A",
="800001813",="Present",="11/25/2025",="NUR120-A",
="800001813",="Present",="12/2/2025",="NUR120-A",
="800001813",="Present",="9/15/2025",="NUR120-L-A1",
="800001813",="No class",="10/6/2025",="NUR120-L-A1",
="800001813",="Present",="11/3/2025",="NUR120-L-A1",
="800001813",="Present",="11/10/2025",="NUR120-L-A1",
="800001813",="No class",="11/17/2025",="NUR120-L-A1",
="800001813",="Present",="9/9/2025",="NUR125-A",
="800001813",="Present",="9/16/2025",="NUR125-A",
="800001813",="Present",="9/23/2025",="NUR125-A",
="800001813",="Present",="9/30/2025",="NUR125-A",
="800001813",="Present",="10/7/2025",="NUR125-A",
="800001813",="Present",="10/14/2025",="NUR125-A",
="800001813",="Present",="11/4/2025",="NUR125-A",
="800001813",="Present",="11/11/2025",="NUR125-A",
="800001813",="Present",="11/18/2025",="NUR125-A",
="800001813",="Present",="11/25/2025",="NUR125-A",
="800001813",="Present",="12/2/2025",="NUR125-A",
="800001813",="Present",="10/8/2025",="NUR135-L-A1",
="800001813",="Present",="9/9/2025",="NUR125-L-A1",
="800001813",="Present",="9/16/2025",="NUR125-L-A1",
="800001813",="Present",="9/23/2025",="NUR125-L-A1",
="800001813",="Present",="9/30/2025",="NUR125-L-A1",
="800001813",="Present",="10/7/2025",="NUR125-L-A1",
="800001813",="Present",="10/14/2025",="NUR125-L-A1",
="800001813",="Present",="11/4/2025",="NUR125-L-A1",
="800001813",="Present",="11/11/2025",="NUR125-L-A1",
="800001813",="Present",="11/18/2025",="NUR125-L-A1",
="800001813",="Present",="11/25/2025",="NUR125-L-A1",
="800001813",="Present",="12/2/2025",="NUR125-L-A1",
="800001813",="Present",="9/3/2025",="NUR135-A",
="800001813",="Present",="9/10/2025",="NUR135-A",
="800001813",="Present",="9/17/2025",="NUR135-A",
="800001813",="Present",="9/24/2025",="NUR135-A",
="800001813",="Present",="10/1/2025",="NUR135-A",
="800001813",="No class",="10/15/2025",="NUR135-A",
="800001813",="Present",="11/12/2025",="NUR135-A",
="800001813",="Present",="11/26/2025",="NUR135-A",
="800001813",="Present",="12/3/2025",="NUR135-A",
="800001813",="Present",="9/4/2025",="PHARM130-A",
="800001813",="Present",="9/11/2025",="PHARM130-A",
="800001813",="Present",="9/18/2025",="PHARM130-A",
="800001813",="Present",="9/25/2025",="PHARM130-A",
="800001813",="Present",="10/2/2025",="PHARM130-A",
="800001813",="Present",="10/9/2025",="PHARM130-A",
="800001813",="Present",="10/16/2025",="PHARM130-A",
="800001813",="Present",="10/23/2025",="PHARM130-A",
="800001813",="Present",="10/30/2025",="PHARM130-A",
="800001813",="Present",="11/6/2025",="PHARM130-A",
="800001813",="Present",="11/13/2025",="PHARM130-A",
="800001813",="Present",="11/20/2025",="PHARM130-A",
="800001813",="Present",="12/4/2025",="PHARM130-A",
="800001688",="Present",="9/3/2025",="NUR155-P",
="800001688",="Present",="9/10/2025",="NUR155-P",
="800001688",="Present",="9/17/2025",="NUR155-P",
="800001688",="Present",="9/24/2025",="NUR155-P",
="800001688",="Present",="10/1/2025",="NUR155-P",
="800001688",="Present",="10/8/2025",="NUR155-P",
="800001688",="Present",="10/15/2025",="NUR155-P",
="800001688",="Present",="10/22/2025",="NUR155-P",
="800001688",="Present",="10/29/2025",="NUR155-P",
="800001688",="Present",="11/5/2025",="NUR155-P",
="800001688",="Present",="11/12/2025",="NUR155-P",
="800001688",="Present",="11/19/2025",="NUR155-P",
="800001688",="Present",="11/26/2025",="NUR155-P",
="800001688",="Present",="12/3/2025",="NUR155-P",
="800001688",="Present",="12/10/2025",="NUR155-P",
="800001688",="Present",="9/3/2025",="NUR150 -A",
="800001688",="Present",="9/10/2025",="NUR150 -A",
="800001688",="Present",="9/17/2025",="NUR150 -A",
="800001688",="Present",="9/24/2025",="NUR150 -A",
="800001688",="Present",="10/1/2025",="NUR150 -A",
="800001688",="Present",="10/8/2025",="NUR150 -A",
="800001688",="Present",="10/15/2025",="NUR150 -A",
="800001688",="Present",="11/5/2025",="NUR150 -A",
="800001688",="Present",="11/12/2025",="NUR150 -A",
="800001688",="Absent",="11/19/2025",="NUR150 -A",
="800001688",="Present",="9/15/2025",="NUR145 - P",
="800001688",="Present",="9/22/2025",="NUR145 - P",
="800001688",="Present",="9/29/2025",="NUR145 - P",
="800001688",="Present",="10/6/2025",="NUR145 - P",
="800001688",="Present",="10/13/2025",="NUR145 - P",
="800001688",="Present",="11/3/2025",="NUR145 - P",
="800001688",="Present",="11/10/2025",="NUR145 - P",
="800001688",="Present",="11/17/2025",="NUR145 - P",
="800001688",="Present",="11/24/2025",="NUR145 - P",
="800001688",="Present",="12/1/2025",="NUR145 - P",
="800001688",="Present",="9/4/2025",="NUR140-A",
="800001688",="Present",="9/11/2025",="NUR140-A",
="800001688",="Present",="9/18/2025",="NUR140-A",
="800001688",="Present",="9/25/2025",="NUR140-A",
="800001688",="Present",="10/2/2025",="NUR140-A",
="800001688",="Present",="10/9/2025",="NUR140-A",
="800001688",="Absent",="10/16/2025",="NUR140-A",
="800001688",="Present",="11/6/2025",="NUR140-A",
="800001688",="Present",="11/13/2025",="NUR140-A",
="800001688",="Present",="11/20/2025",="NUR140-A",
="800001688",="Present",="11/19/2025",="NUR145-C-A1",
="800001655",="Present",="9/2/2025",="NUR120 -P",
="800001655",="Present",="9/9/2025",="NUR120 -P",
="800001655",="Present",="9/16/2025",="NUR120 -P",
="800001655",="Present",="9/30/2025",="NUR120 -P",
="800001655",="Present",="10/7/2025",="NUR120 -P",
="800001655",="Present",="10/14/2025",="NUR120 -P",
="800001655",="Present",="11/11/2025",="NUR120 -P",
="800001655",="Present",="11/18/2025",="NUR120 -P",
="800001655",="Absent",="11/25/2025",="NUR120 -P",
="800001655",="Present",="12/2/2025",="NUR120 -P",
="800001655",="Present",="9/11/2025",="NUR125-L-P1",
="800001655",="Present",="9/18/2025",="NUR125-L-P1",
="800001655",="Present",="9/25/2025",="NUR125-L-P1",
="800001655",="Present",="10/2/2025",="NUR125-L-P1",
="800001655",="Present",="10/9/2025",="NUR125-L-P1",
="800001655",="Present",="10/16/2025",="NUR125-L-P1",
="800001655",="Present",="11/6/2025",="NUR125-L-P1",
="800001655",="Present",="11/13/2025",="NUR125-L-P1",
="800001655",="Present",="11/20/2025",="NUR125-L-P1",
="800001655",="Present",="12/4/2025",="NUR125-L-P1",
="800001655",="Present",="12/11/2025",="NUR125-L-P1",
="800001655",="Present",="9/19/2025",="NUR120-L-P1",
="800001655",="Present",="10/17/2025",="NUR120-L-P1",
="800001655",="Present",="11/7/2025",="NUR120-L-P1",
="800001655",="Present",="11/14/2025",="NUR120-L-P1",
="800001655",="Present",="9/8/2025",="NUR135-P",
="800001655",="Present",="9/15/2025",="NUR135-P",
="800001655",="Present",="9/22/2025",="NUR135-P",
="800001655",="Present",="9/29/2025",="NUR135-P",
="800001655",="Present",="10/13/2025",="NUR135-P",
="800001655",="Present",="11/3/2025",="NUR135-P",
="800001655",="Present",="11/10/2025",="NUR135-P",
="800001655",="Present",="11/17/2025",="NUR135-P",
="800001655",="Present",="11/24/2025",="NUR135-P",
="800001655",="Present",="12/1/2025",="NUR135-P",
="800001655",="Present",="12/8/2025",="NUR135-P",
="800001655",="Present",="9/4/2025",="NUR125-P",
="800001655",="Present",="9/11/2025",="NUR125-P",
="800001655",="Present",="9/18/2025",="NUR125-P",
="800001655",="Present",="9/25/2025",="NUR125-P",
="800001655",="Present",="10/2/2025",="NUR125-P",
="800001655",="Present",="10/9/2025",="NUR125-P",
="800001655",="Present",="11/6/2025",="NUR125-P",
="800001655",="Present",="11/13/2025",="NUR125-P",
="800001655",="Present",="11/20/2025",="NUR125-P",
="800001655",="Present",="12/4/2025",="NUR125-P",
="800001655",="Present",="12/11/2025",="NUR125-P",
="800001655",="Present",="10/6/2025",="NUR135-L-P1",
="800001655",="Present",="10/20/2025",="NUR135-L-P1",
="800001621",="Present",="9/2/2025",="NUR120 -P",
="800001621",="Present",="9/9/2025",="NUR120 -P",
="800001621",="Present",="9/16/2025",="NUR120 -P",
="800001621",="Present",="9/30/2025",="NUR120 -P",
="800001621",="Present",="10/7/2025",="NUR120 -P",
="800001621",="Absent",="10/14/2025",="NUR120 -P",
="800001621",="Present",="9/19/2025",="NUR120-L-P1",
="800001621",="Absent",="10/17/2025",="NUR120-L-P1",
="800001621",="Present",="9/8/2025",="NUR135-P",
="800001621",="Present",="9/15/2025",="NUR135-P",
="800001621",="Present",="9/22/2025",="NUR135-P",
="800001621",="Present",="9/29/2025",="NUR135-P",
="800001673",="Present",="12/8/2025",="NUR216-C-P1",
="800001921",="Present",="9/3/2025",="AP100-P2",
="800001921",="Present",="9/10/2025",="AP100-P2",
="800001921",="Present",="9/17/2025",="AP100-P2",
="800001921",="Present",="9/24/2025",="AP100-P2",
="800001921",="Present",="10/1/2025",="AP100-P2",
="800001921",="Present",="10/8/2025",="AP100-P2",
="800001921",="Present",="10/15/2025",="AP100-P2",
="800001921",="Present",="10/22/2025",="AP100-P2",
="800001921",="Present",="10/29/2025",="AP100-P2",
="800001921",="Present",="11/5/2025",="AP100-P2",
="800001921",="Present",="11/12/2025",="AP100-P2",
="800001921",="Present",="11/19/2025",="AP100-P2",
="800001921",="Present",="11/26/2025",="AP100-P2",
="800001921",="Present",="12/3/2025",="AP100-P2",
="800001921",="Present",="9/6/2025",="PSY101 -OL II",
="800001921",="Present",="9/13/2025",="PSY101 -OL II",
="800001921",="Present",="9/20/2025",="PSY101 -OL II",
="800001921",="Present",="9/27/2025",="PSY101 -OL II",
="800001921",="Present",="10/4/2025",="PSY101 -OL II",
="800001921",="Present",="10/11/2025",="PSY101 -OL II",
="800001921",="Present",="10/18/2025",="PSY101 -OL II",
="800001921",="Present",="10/25/2025",="PSY101 -OL II",
="800001921",="Present",="11/1/2025",="PSY101 -OL II",
="800001921",="Present",="11/8/2025",="PSY101 -OL II",
="800001921",="Present",="11/15/2025",="PSY101 -OL II",
="800001921",="Present",="11/22/2025",="PSY101 -OL II",
="800001921",="Present",="9/6/2025",="COL010 - OL II",
="800001921",="Present",="9/13/2025",="COL010 - OL II",
="800001921",="Present",="9/20/2025",="COL010 - OL II",
="800001921",="Present",="9/27/2025",="COL010 - OL II",
="800001728",="Present",="9/6/2025",="NUT100 -OL",
="800001728",="Present",="9/13/2025",="NUT100 -OL",
="800001728",="Present",="9/20/2025",="NUT100 -OL",
="800001728",="Present",="9/27/2025",="NUT100 -OL",
="800001728",="Present",="10/4/2025",="NUT100 -OL",
="800001728",="Present",="10/11/2025",="NUT100 -OL",
="800001728",="Present",="10/18/2025",="NUT100 -OL",
="800001728",="Present",="10/25/2025",="NUT100 -OL",
="800001728",="Present",="11/1/2025",="NUT100 -OL",
="800001728",="Present",="11/8/2025",="NUT100 -OL",
="800001728",="Present",="11/15/2025",="NUT100 -OL",
="800001728",="Present",="11/22/2025",="NUT100 -OL",
="800001728",="Absent",="11/29/2025",="NUT100 -OL",
="800001728",="Present",="12/6/2025",="NUT100 -OL",
="800001849",="Absent",="9/2/2025",="AP100-A",
="800001849",="Present",="9/9/2025",="AP100-A",
="800001849",="Present",="9/16/2025",="AP100-A",
="800001849",="Present",="9/23/2025",="AP100-A",
="800001849",="Present",="9/30/2025",="AP100-A",
="800001849",="Present",="10/7/2025",="AP100-A",
="800001849",="Present",="10/14/2025",="AP100-A",
="800001849",="Present",="10/21/2025",="AP100-A",
="800001849",="Present",="10/28/2025",="AP100-A",
="800001849",="Present",="11/4/2025",="AP100-A",
="800001849",="Present",="11/11/2025",="AP100-A",
="800001849",="Present",="11/18/2025",="AP100-A",
="800001849",="Present",="11/25/2025",="AP100-A",
="800001849",="Present",="12/2/2025",="AP100-A",
="800001849",="Present",="12/9/2025",="AP100-A",
="800001849",="Present",="9/29/2025",="PHARM100-A",
="800001849",="Present",="10/6/2025",="PHARM100-A",
="800001849",="Absent",="10/13/2025",="PHARM100-A",
="800001849",="Present",="11/17/2025",="PHARM100-A",
="800001849",="Present",="11/24/2025",="PHARM100-A",
="800001849",="Present",="12/1/2025",="PHARM100-A",
="800001849",="Present",="9/3/2025",="ENG101 -A",
="800001849",="Present",="9/10/2025",="ENG101 -A",
="800001849",="Present",="9/17/2025",="ENG101 -A",
="800001849",="Present",="9/24/2025",="ENG101 -A",
="800001849",="Tardy/Late",="10/1/2025",="ENG101 -A",
="800001849",="Present",="10/8/2025",="ENG101 -A",
="800001849",="Present",="10/15/2025",="ENG101 -A",
="800001849",="Present",="10/22/2025",="ENG101 -A",
="800001849",="Present",="10/29/2025",="ENG101 -A",
="800001849",="Present",="11/5/2025",="ENG101 -A",
="800001849",="Present",="11/12/2025",="ENG101 -A",
="800001849",="Present",="11/19/2025",="ENG101 -A",
="800001849",="Tardy/Late",="11/26/2025",="ENG101 -A",
="800001849",="Present",="12/3/2025",="ENG101 -A",
="800001849",="Absent",="9/2/2025",="NUR100-L-A1",
="800001849",="Present",="9/9/2025",="NUR100-L-A1",
="800001849",="Present",="9/16/2025",="NUR100-L-A1",
="800001849",="Present",="9/23/2025",="NUR100-L-A1",
="800001849",="Present",="9/30/2025",="NUR100-L-A1",
="800001849",="Present",="10/7/2025",="NUR100-L-A1",
="800001849",="Present",="10/14/2025",="NUR100-L-A1",
="800001849",="Present",="10/21/2025",="NUR100-L-A1",
="800001849",="Present",="10/28/2025",="NUR100-L-A1",
="800001849",="Present",="11/4/2025",="NUR100-L-A1",
="800001849",="Present",="11/11/2025",="NUR100-L-A1",
="800001849",="Present",="11/18/2025",="NUR100-L-A1",
="800001849",="Present",="11/25/2025",="NUR100-L-A1",
="800001849",="Present",="12/2/2025",="NUR100-L-A1",
="800001849",="Present",="12/9/2025",="NUR100-L-A1",
="800001849",="Tardy/Late",="9/5/2025",="COL010 -A",
="800001849",="Tardy/Late",="9/12/2025",="COL010 -A",
="800001849",="Tardy/Late",="9/19/2025",="COL010 -A",
="800001849",="Tardy/Late",="9/26/2025",="COL010 -A",
="800001849",="Present",="9/4/2025",="PSY101 -A",
="800001849",="Present",="10/9/2025",="PSY101 -A",
="800001849",="Present",="10/16/2025",="PSY101 -A",
="800001849",="Present",="9/8/2025",="NUR100 -A",
="800001849",="Present",="9/15/2025",="NUR100 -A",
="800001849",="Present",="9/22/2025",="NUR100 -A",
="800001849",="Present",="9/29/2025",="NUR100 -A",
="800001849",="Present",="10/6/2025",="NUR100 -A",
="800001849",="Present",="10/13/2025",="NUR100 -A",
="800001849",="Present",="11/3/2025",="NUR100 -A",
="800001849",="Present",="11/10/2025",="NUR100 -A",
="800001849",="Present",="11/17/2025",="NUR100 -A",
="800001849",="Present",="11/24/2025",="NUR100 -A",
="800001849",="Present",="12/1/2025",="NUR100 -A",
="800001849",="Present",="12/8/2025",="NUR100 -A",
="800001793",="Present",="10/1/2025",="PHARM100-P",
="800001793",="Present",="10/8/2025",="PHARM100-P",
="800001793",="Present",="10/15/2025",="PHARM100-P",
="800001793",="Present",="10/22/2025",="PHARM100-P",
="800001793",="Present",="10/29/2025",="PHARM100-P",
="800001793",="Present",="11/5/2025",="PHARM100-P",
="800001793",="Present",="11/12/2025",="PHARM100-P",
="800001793",="Present",="12/3/2025",="PHARM100-P",
="800001666",="Present",="9/3/2025",="NUR150 -A",
="800001666",="Present",="9/10/2025",="NUR150 -A",
="800001666",="Present",="9/17/2025",="NUR150 -A",
="800001666",="Present",="9/24/2025",="NUR150 -A",
="800001666",="Present",="10/1/2025",="NUR150 -A",
="800001666",="Present",="10/8/2025",="NUR150 -A",
="800001666",="Present",="10/15/2025",="NUR150 -A",
="800001666",="Present",="11/5/2025",="NUR150 -A",
="800001666",="Present",="11/12/2025",="NUR150 -A",
="800001666",="Absent",="11/19/2025",="NUR150 -A",
="800001666",="Present",="9/4/2025",="NUR140-A",
="800001666",="Present",="9/11/2025",="NUR140-A",
="800001666",="Present",="9/18/2025",="NUR140-A",
="800001666",="Present",="9/25/2025",="NUR140-A",
="800001666",="Present",="10/2/2025",="NUR140-A",
="800001666",="Present",="10/9/2025",="NUR140-A",
="800001666",="Present",="10/16/2025",="NUR140-A",
="800001666",="Present",="11/6/2025",="NUR140-A",
="800001666",="Present",="11/13/2025",="NUR140-A",
="800001666",="Present",="11/20/2025",="NUR140-A",
="800001666",="Present",="11/19/2025",="NUR145-C-A1",
="800001666",="Present",="9/3/2025",="NUR155-P",
="800001666",="Present",="9/10/2025",="NUR155-P",
="800001666",="Present",="9/17/2025",="NUR155-P",
="800001666",="Present",="9/24/2025",="NUR155-P",
="800001666",="Present",="10/1/2025",="NUR155-P",
="800001666",="Present",="10/8/2025",="NUR155-P",
="800001666",="Present",="10/15/2025",="NUR155-P",
="800001666",="Present",="10/22/2025",="NUR155-P",
="800001666",="Present",="10/29/2025",="NUR155-P",
="800001666",="Present",="11/5/2025",="NUR155-P",
="800001666",="Present",="11/12/2025",="NUR155-P",
="800001666",="Present",="11/19/2025",="NUR155-P",
="800001666",="Present",="11/26/2025",="NUR155-P",
="800001666",="Present",="12/3/2025",="NUR155-P",
="800001666",="Present",="12/10/2025",="NUR155-P",
="800001666",="Present",="9/15/2025",="NUR145 - P",
="800001666",="Present",="9/22/2025",="NUR145 - P",
="800001666",="Present",="9/29/2025",="NUR145 - P",
="800001666",="Present",="10/6/2025",="NUR145 - P",
="800001666",="Present",="10/13/2025",="NUR145 - P",
="800001666",="Present",="11/3/2025",="NUR145 - P",
="800001666",="Present",="11/10/2025",="NUR145 - P",
="800001666",="Present",="11/17/2025",="NUR145 - P",
="800001666",="Present",="11/24/2025",="NUR145 - P",
="800001666",="Present",="12/1/2025",="NUR145 - P",
="800001668",="Present",="9/3/2025",="NUR155-P",
="800001668",="Present",="9/10/2025",="NUR155-P",
="800001668",="Present",="9/17/2025",="NUR155-P",
="800001668",="Present",="9/24/2025",="NUR155-P",
="800001668",="Present",="10/1/2025",="NUR155-P",
="800001668",="Present",="10/8/2025",="NUR155-P",
="800001668",="Present",="10/15/2025",="NUR155-P",
="800001668",="Present",="10/22/2025",="NUR155-P",
="800001668",="Present",="10/29/2025",="NUR155-P",
="800001668",="Present",="11/5/2025",="NUR155-P",
="800001668",="Present",="11/12/2025",="NUR155-P",
="800001668",="Present",="11/19/2025",="NUR155-P",
="800001668",="Present",="11/26/2025",="NUR155-P",
="800001668",="Present",="12/3/2025",="NUR155-P",
="800001668",="Present",="12/10/2025",="NUR155-P",
="800001668",="Present",="9/15/2025",="NUR145 - P",
="800001668",="Present",="9/22/2025",="NUR145 - P",
="800001668",="Present",="9/29/2025",="NUR145 - P",
="800001668",="Present",="10/6/2025",="NUR145 - P",
="800001668",="Present",="10/13/2025",="NUR145 - P",
="800001668",="Present",="11/3/2025",="NUR145 - P",
="800001668",="Present",="11/10/2025",="NUR145 - P",
="800001668",="Present",="11/17/2025",="NUR145 - P",
="800001668",="Present",="11/24/2025",="NUR145 - P",
="800001668",="Present",="12/1/2025",="NUR145 - P",
="800001668",="Present",="9/4/2025",="NUR140-A",
="800001668",="Present",="9/11/2025",="NUR140-A",
="800001668",="Present",="9/18/2025",="NUR140-A",
="800001668",="Present",="9/25/2025",="NUR140-A",
="800001668",="Present",="10/2/2025",="NUR140-A",
="800001668",="Present",="10/9/2025",="NUR140-A",
="800001668",="Present",="10/16/2025",="NUR140-A",
="800001668",="Present",="11/6/2025",="NUR140-A",
="800001668",="Present",="11/13/2025",="NUR140-A",
="800001668",="Present",="11/20/2025",="NUR140-A",
="800001815",="Present",="9/8/2025",="NUR100 -A",
="800001815",="Present",="9/15/2025",="NUR100 -A",
="800001815",="Present",="9/22/2025",="NUR100 -A",
="800001815",="Present",="9/29/2025",="NUR100 -A",
="800001815",="Present",="10/6/2025",="NUR100 -A",
="800001815",="Present",="10/13/2025",="NUR100 -A",
="800001815",="Present",="11/3/2025",="NUR100 -A",
="800001815",="Present",="11/10/2025",="NUR100 -A",
="800001815",="Present",="11/17/2025",="NUR100 -A",
="800001815",="Present",="11/24/2025",="NUR100 -A",
="800001815",="Present",="12/1/2025",="NUR100 -A",
="800001815",="Present",="12/8/2025",="NUR100 -A",
="800001815",="Present",="9/6/2025",="NUT100 -OL",
="800001815",="Present",="9/13/2025",="NUT100 -OL",
="800001815",="Present",="9/20/2025",="NUT100 -OL",
="800001815",="Present",="9/27/2025",="NUT100 -OL",
="800001815",="Present",="10/4/2025",="NUT100 -OL",
="800001815",="Present",="10/11/2025",="NUT100 -OL",
="800001815",="Present",="10/18/2025",="NUT100 -OL",
="800001815",="Present",="10/25/2025",="NUT100 -OL",
="800001815",="Present",="11/1/2025",="NUT100 -OL",
="800001815",="Present",="11/8/2025",="NUT100 -OL",
="800001815",="Present",="11/15/2025",="NUT100 -OL",
="800001815",="Present",="11/22/2025",="NUT100 -OL",
="800001815",="Present",="11/29/2025",="NUT100 -OL",
="800001815",="Present",="12/6/2025",="NUT100 -OL",
="800001815",="Present",="9/11/2025",="PHARM130-A",
="800001815",="Present",="9/18/2025",="PHARM130-A",
="800001815",="Present",="9/25/2025",="PHARM130-A",
="800001815",="Present",="10/2/2025",="PHARM130-A",
="800001815",="Present",="10/9/2025",="PHARM130-A",
="800001815",="Present",="10/16/2025",="PHARM130-A",
="800001815",="Present",="10/23/2025",="PHARM130-A",
="800001815",="Present",="10/30/2025",="PHARM130-A",
="800001815",="Present",="11/6/2025",="PHARM130-A",
="800001815",="Present",="11/13/2025",="PHARM130-A",
="800001815",="Present",="11/20/2025",="PHARM130-A",
="800001815",="Present",="12/4/2025",="PHARM130-A",
="800001815",="Present",="10/21/2025",="NUR100-C-A1",
="800001815",="Present",="10/28/2025",="NUR100-C-A1",
="800001642",="Absent",="9/3/2025",="NUR150 -A",
="800001642",="Present",="9/10/2025",="NUR150 -A",
="800001642",="Present",="9/17/2025",="NUR150 -A",
="800001642",="Present",="9/24/2025",="NUR150 -A",
="800001642",="Present",="10/1/2025",="NUR150 -A",
="800001642",="Present",="10/8/2025",="NUR150 -A",
="800001642",="Present",="10/15/2025",="NUR150 -A",
="800001642",="Present",="11/5/2025",="NUR150 -A",
="800001642",="Present",="11/12/2025",="NUR150 -A",
="800001642",="Present",="11/19/2025",="NUR150 -A",
="800001642",="Absent",="9/4/2025",="NUR140-A",
="800001642",="Present",="9/11/2025",="NUR140-A",
="800001642",="Absent",="9/18/2025",="NUR140-A",
="800001642",="Present",="9/25/2025",="NUR140-A",
="800001642",="Present",="10/2/2025",="NUR140-A",
="800001642",="Present",="10/9/2025",="NUR140-A",
="800001642",="Present",="10/16/2025",="NUR140-A",
="800001642",="Present",="11/6/2025",="NUR140-A",
="800001642",="Present",="11/13/2025",="NUR140-A",
="800001642",="Present",="11/20/2025",="NUR140-A",
="800001642",="Present",="9/15/2025",="NUR145 - P",
="800001642",="Present",="9/22/2025",="NUR145 - P",
="800001642",="Present",="9/29/2025",="NUR145 - P",
="800001642",="Present",="10/6/2025",="NUR145 - P",
="800001642",="Present",="10/13/2025",="NUR145 - P",
="800001642",="Present",="11/3/2025",="NUR145 - P",
="800001642",="Present",="11/10/2025",="NUR145 - P",
="800001642",="Present",="11/17/2025",="NUR145 - P",
="800001642",="Present",="11/24/2025",="NUR145 - P",
="800001642",="Present",="12/1/2025",="NUR145 - P",
="800001642",="Absent",="9/3/2025",="NUR155-P",
="800001642",="Present",="9/10/2025",="NUR155-P",
="800001642",="Present",="9/17/2025",="NUR155-P",
="800001642",="Present",="9/24/2025",="NUR155-P",
="800001642",="Present",="10/1/2025",="NUR155-P",
="800001642",="Present",="10/8/2025",="NUR155-P",
="800001642",="Present",="10/15/2025",="NUR155-P",
="800001642",="Present",="10/22/2025",="NUR155-P",
="800001642",="Present",="10/29/2025",="NUR155-P",
="800001642",="Present",="11/5/2025",="NUR155-P",
="800001642",="Present",="11/12/2025",="NUR155-P",
="800001642",="Present",="11/19/2025",="NUR155-P",
="800001642",="Present",="11/26/2025",="NUR155-P",
="800001642",="Present",="12/3/2025",="NUR155-P",
="800001642",="Present",="12/10/2025",="NUR155-P",
="800001852",="Present",="9/3/2025",="ENG101 -A",
="800001852",="Present",="9/10/2025",="ENG101 -A",
="800001852",="Present",="9/17/2025",="ENG101 -A",
="800001852",="Present",="9/24/2025",="ENG101 -A",
="800001852",="Tardy/Late",="10/1/2025",="ENG101 -A",
="800001852",="Present",="10/8/2025",="ENG101 -A",
="800001852",="Absent",="10/15/2025",="ENG101 -A",
="800001852",="Present",="10/22/2025",="ENG101 -A",
="800001852",="Present",="10/29/2025",="ENG101 -A",
="800001852",="Present",="11/5/2025",="ENG101 -A",
="800001852",="Present",="11/12/2025",="ENG101 -A",
="800001852",="Present",="11/19/2025",="ENG101 -A",
="800001852",="Absent",="11/26/2025",="ENG101 -A",
="800001852",="Present",="12/3/2025",="ENG101 -A",
="800001587",="Present",="10/6/2025",="NUR135-L-P1",
="800001587",="Present",="10/20/2025",="NUR135-L-P1",
="800001587",="Present",="9/4/2025",="NUR125-P",
="800001587",="Present",="9/11/2025",="NUR125-P",
="800001587",="Present",="9/18/2025",="NUR125-P",
="800001587",="Present",="9/25/2025",="NUR125-P",
="800001587",="Present",="10/2/2025",="NUR125-P",
="800001587",="Present",="10/9/2025",="NUR125-P",
="800001587",="Present",="11/6/2025",="NUR125-P",
="800001587",="Present",="11/13/2025",="NUR125-P",
="800001587",="Present",="11/20/2025",="NUR125-P",
="800001587",="Present",="12/4/2025",="NUR125-P",
="800001587",="Present",="12/11/2025",="NUR125-P",
="800001587",="Present",="9/11/2025",="NUR125-L-P1",
="800001587",="Present",="9/18/2025",="NUR125-L-P1",
="800001587",="Present",="9/25/2025",="NUR125-L-P1",
="800001587",="Present",="10/2/2025",="NUR125-L-P1",
="800001587",="Present",="10/9/2025",="NUR125-L-P1",
="800001587",="Present",="10/16/2025",="NUR125-L-P1",
="800001587",="Present",="11/6/2025",="NUR125-L-P1",
="800001587",="Present",="11/13/2025",="NUR125-L-P1",
="800001587",="Present",="11/20/2025",="NUR125-L-P1",
="800001587",="Present",="12/4/2025",="NUR125-L-P1",
="800001587",="Present",="12/11/2025",="NUR125-L-P1",
="800001587",="Present",="9/6/2025",="NUT100 -OL",
="800001587",="Present",="9/13/2025",="NUT100 -OL",
="800001587",="Present",="9/20/2025",="NUT100 -OL",
="800001587",="Present",="9/27/2025",="NUT100 -OL",
="800001587",="Present",="10/4/2025",="NUT100 -OL",
="800001587",="Present",="10/11/2025",="NUT100 -OL",
="800001587",="Present",="10/18/2025",="NUT100 -OL",
="800001587",="Present",="10/25/2025",="NUT100 -OL",
="800001587",="Present",="11/1/2025",="NUT100 -OL",
="800001587",="Present",="11/8/2025",="NUT100 -OL",
="800001587",="Present",="11/15/2025",="NUT100 -OL",
="800001587",="Present",="11/22/2025",="NUT100 -OL",
="800001587",="Present",="11/29/2025",="NUT100 -OL",
="800001587",="Present",="12/6/2025",="NUT100 -OL",
="800001587",="Present",="9/8/2025",="NUR135-P",
="800001587",="Present",="9/15/2025",="NUR135-P",
="800001587",="Present",="9/22/2025",="NUR135-P",
="800001587",="Present",="9/29/2025",="NUR135-P",
="800001587",="Present",="10/13/2025",="NUR135-P",
="800001587",="Absent",="11/3/2025",="NUR135-P",
="800001587",="Present",="11/10/2025",="NUR135-P",
="800001587",="Present",="11/17/2025",="NUR135-P",
="800001587",="Present",="11/24/2025",="NUR135-P",
="800001587",="Present",="12/1/2025",="NUR135-P",
="800001587",="Present",="12/8/2025",="NUR135-P",
="800000659",="Absent",="9/2/2025",="NUR150-P",
="800000659",="Present",="9/9/2025",="NUR150-P",
="800000659",="Present",="9/16/2025",="NUR150-P",
="800000659",="Present",="9/23/2025",="NUR150-P",
="800000659",="Present",="9/30/2025",="NUR150-P",
="800000659",="Present",="10/7/2025",="NUR150-P",
="800000659",="Present",="11/4/2025",="NUR150-P",
="800000659",="Present",="11/11/2025",="NUR150-P",
="800000659",="Present",="11/18/2025",="NUR150-P",
="800000659",="Absent",="11/25/2025",="NUR150-P",
="800000659",="Present",="12/2/2025",="NUR150-P",
="800000659",="Present",="9/4/2025",="NUR140-A",
="800000659",="Present",="9/11/2025",="NUR140-A",
="800000659",="Present",="9/18/2025",="NUR140-A",
="800000659",="Present",="9/25/2025",="NUR140-A",
="800000659",="Present",="10/2/2025",="NUR140-A",
="800000659",="Present",="10/9/2025",="NUR140-A",
="800000659",="Present",="10/16/2025",="NUR140-A",
="800000659",="Present",="11/6/2025",="NUR140-A",
="800000659",="Present",="11/13/2025",="NUR140-A",
="800000659",="Present",="11/20/2025",="NUR140-A",
="800000659",="Present",="9/3/2025",="NUR155-P",
="800000659",="Present",="9/10/2025",="NUR155-P",
="800000659",="Present",="9/17/2025",="NUR155-P",
="800000659",="Present",="9/24/2025",="NUR155-P",
="800000659",="Present",="10/1/2025",="NUR155-P",
="800000659",="Present",="10/8/2025",="NUR155-P",
="800000659",="Present",="10/15/2025",="NUR155-P",
="800000659",="Present",="10/22/2025",="NUR155-P",
="800000659",="Present",="10/29/2025",="NUR155-P",
="800000659",="Present",="11/5/2025",="NUR155-P",
="800000659",="Present",="11/12/2025",="NUR155-P",
="800000659",="Present",="11/19/2025",="NUR155-P",
="800000659",="Present",="11/26/2025",="NUR155-P",
="800000659",="Present",="12/3/2025",="NUR155-P",
="800000659",="Present",="12/10/2025",="NUR155-P",
="800001517",="Present",="9/8/2025",="NUR100-P",
="800001517",="Present",="9/15/2025",="NUR100-P",
="800001517",="Present",="9/22/2025",="NUR100-P",
="800001517",="Present",="9/29/2025",="NUR100-P",
="800001517",="Present",="10/6/2025",="NUR100-P",
="800001517",="Present",="10/13/2025",="NUR100-P",
="800001517",="Present",="11/3/2025",="NUR100-P",
="800001517",="Present",="11/10/2025",="NUR100-P",
="800001517",="Present",="11/17/2025",="NUR100-P",
="800001517",="Present",="11/24/2025",="NUR100-P",
="800001517",="Present",="12/1/2025",="NUR100-P",
="800001517",="Present",="9/11/2025",="NUR125-L-P1",
="800001517",="Present",="9/18/2025",="NUR125-L-P1",
="800001517",="Present",="9/25/2025",="NUR125-L-P1",
="800001517",="Present",="10/2/2025",="NUR125-L-P1",
="800001517",="Present",="10/9/2025",="NUR125-L-P1",
="800001517",="Present",="10/16/2025",="NUR125-L-P1",
="800001517",="Present",="11/6/2025",="NUR125-L-P1",
="800001517",="Present",="11/13/2025",="NUR125-L-P1",
="800001517",="Present",="11/20/2025",="NUR125-L-P1",
="800001517",="Present",="12/4/2025",="NUR125-L-P1",
="800001517",="Present",="12/11/2025",="NUR125-L-P1",
="800001517",="Present",="12/9/2025",="NUR100-C-P1",
="800001517",="Present",="12/16/2025",="NUR100-C-P1",
="800001517",="Present",="9/9/2025",="NUR100-L-P2",
="800001517",="Present",="9/16/2025",="NUR100-L-P2",
="800001517",="Present",="9/23/2025",="NUR100-L-P2",
="800001517",="Present",="9/30/2025",="NUR100-L-P2",
="800001517",="Present",="10/7/2025",="NUR100-L-P2",
="800001517",="Present",="10/14/2025",="NUR100-L-P2",
="800001517",="Present",="10/21/2025",="NUR100-L-P2",
="800001517",="Present",="10/28/2025",="NUR100-L-P2",
="800001517",="Present",="11/4/2025",="NUR100-L-P2",
="800001517",="Present",="11/18/2025",="NUR100-L-P2",
="800001517",="Present",="11/25/2025",="NUR100-L-P2",
="800001517",="Present",="12/2/2025",="NUR100-L-P2",
="800001517",="Present",="9/4/2025",="NUR125-P",
="800001517",="Present",="9/11/2025",="NUR125-P",
="800001517",="Present",="9/18/2025",="NUR125-P",
="800001517",="Present",="9/25/2025",="NUR125-P",
="800001517",="Present",="10/2/2025",="NUR125-P",
="800001517",="Present",="10/9/2025",="NUR125-P",
="800001517",="Present",="11/6/2025",="NUR125-P",
="800001517",="Present",="11/13/2025",="NUR125-P",
="800001517",="Present",="11/20/2025",="NUR125-P",
="800001517",="Present",="12/4/2025",="NUR125-P",
="800001517",="Present",="12/11/2025",="NUR125-P",
="800001665",="Present",="9/2/2025",="NUR120-A",
="800001665",="Present",="9/9/2025",="NUR120-A",
="800001665",="Present",="9/16/2025",="NUR120-A",
="800001665",="Present",="9/30/2025",="NUR120-A",
="800001665",="Present",="10/7/2025",="NUR120-A",
="800001665",="Present",="10/14/2025",="NUR120-A",
="800001665",="Present",="9/9/2025",="NUR125-A",
="800001665",="Present",="9/16/2025",="NUR125-A",
="800001665",="Present",="9/23/2025",="NUR125-A",
="800001665",="Present",="9/30/2025",="NUR125-A",
="800001665",="Present",="10/7/2025",="NUR125-A",
="800001665",="Present",="10/14/2025",="NUR125-A",
="800001665",="Present",="11/4/2025",="NUR125-A",
="800001665",="Present",="11/11/2025",="NUR125-A",
="800001665",="Present",="11/18/2025",="NUR125-A",
="800001665",="Present",="11/25/2025",="NUR125-A",
="800001665",="Present",="12/2/2025",="NUR125-A",
="800001665",="Present",="10/8/2025",="NUR135-L-A1",
="800001665",="Present",="9/9/2025",="NUR125-L-A1",
="800001665",="Present",="9/16/2025",="NUR125-L-A1",
="800001665",="Present",="9/23/2025",="NUR125-L-A1",
="800001665",="Present",="9/30/2025",="NUR125-L-A1",
="800001665",="Present",="10/7/2025",="NUR125-L-A1",
="800001665",="Present",="10/14/2025",="NUR125-L-A1",
="800001665",="Present",="11/4/2025",="NUR125-L-A1",
="800001665",="Present",="11/11/2025",="NUR125-L-A1",
="800001665",="Present",="11/18/2025",="NUR125-L-A1",
="800001665",="Present",="11/25/2025",="NUR125-L-A1",
="800001665",="Present",="12/2/2025",="NUR125-L-A1",
="800001665",="Present",="9/3/2025",="NUR135-A",
="800001665",="Present",="9/10/2025",="NUR135-A",
="800001665",="Present",="9/17/2025",="NUR135-A",
="800001665",="Present",="9/24/2025",="NUR135-A",
="800001665",="Present",="10/1/2025",="NUR135-A",
="800001665",="No class",="10/15/2025",="NUR135-A",
="800001665",="Present",="11/12/2025",="NUR135-A",
="800001665",="Present",="11/26/2025",="NUR135-A",
="800001665",="Present",="12/3/2025",="NUR135-A",
="800001917",="Present",="9/8/2025",="NUR100-P",
="800001917",="Present",="9/15/2025",="NUR100-P",
="800001917",="Present",="9/22/2025",="NUR100-P",
="800001917",="Present",="9/29/2025",="NUR100-P",
="800001917",="Present",="10/6/2025",="NUR100-P",
="800001917",="Present",="10/13/2025",="NUR100-P",
="800001917",="Present",="11/3/2025",="NUR100-P",
="800001917",="Present",="11/10/2025",="NUR100-P",
="800001917",="Present",="11/17/2025",="NUR100-P",
="800001917",="Present",="11/24/2025",="NUR100-P",
="800001917",="Present",="12/1/2025",="NUR100-P",
="800001917",="Present",="9/3/2025",="AP100-P2",
="800001917",="Present",="9/10/2025",="AP100-P2",
="800001917",="Present",="9/17/2025",="AP100-P2",
="800001917",="Present",="9/24/2025",="AP100-P2",
="800001917",="Present",="10/1/2025",="AP100-P2",
="800001917",="Present",="10/8/2025",="AP100-P2",
="800001917",="Present",="10/15/2025",="AP100-P2",
="800001917",="Present",="10/22/2025",="AP100-P2",
="800001917",="Present",="10/29/2025",="AP100-P2",
="800001917",="Present",="11/5/2025",="AP100-P2",
="800001917",="Present",="11/12/2025",="AP100-P2",
="800001917",="Present",="11/19/2025",="AP100-P2",
="800001917",="Present",="11/26/2025",="AP100-P2",
="800001917",="Present",="12/3/2025",="AP100-P2",
="800001917",="Present",="9/9/2025",="NUR100-L-P2",
="800001917",="Present",="9/16/2025",="NUR100-L-P2",
="800001917",="Present",="9/23/2025",="NUR100-L-P2",
="800001917",="Present",="9/30/2025",="NUR100-L-P2",
="800001917",="Present",="10/7/2025",="NUR100-L-P2",
="800001917",="Present",="10/14/2025",="NUR100-L-P2",
="800001917",="Present",="10/21/2025",="NUR100-L-P2",
="800001917",="Present",="10/28/2025",="NUR100-L-P2",
="800001917",="Present",="11/4/2025",="NUR100-L-P2",
="800001917",="Present",="11/18/2025",="NUR100-L-P2",
="800001917",="Present",="11/25/2025",="NUR100-L-P2",
="800001917",="Present",="12/2/2025",="NUR100-L-P2",
="800001917",="Present",="9/6/2025",="COL010 - OL II",
="800001917",="Present",="9/13/2025",="COL010 - OL II",
="800001917",="Present",="9/20/2025",="COL010 - OL II",
="800001917",="Present",="9/27/2025",="COL010 - OL II",
="800001917",="Present",="9/6/2025",="PSY101 -OL II",
="800001917",="Present",="9/13/2025",="PSY101 -OL II",
="800001917",="Present",="9/20/2025",="PSY101 -OL II",
="800001917",="Present",="9/27/2025",="PSY101 -OL II",
="800001917",="Present",="10/4/2025",="PSY101 -OL II",
="800001917",="Present",="10/11/2025",="PSY101 -OL II",
="800001917",="Present",="10/18/2025",="PSY101 -OL II",
="800001917",="Present",="10/25/2025",="PSY101 -OL II",
="800001917",="Present",="11/1/2025",="PSY101 -OL II",
="800001917",="Present",="11/8/2025",="PSY101 -OL II",
="800001917",="Present",="11/15/2025",="PSY101 -OL II",
="800001917",="Present",="11/22/2025",="PSY101 -OL II",
="800001708",="Present",="9/19/2025",="NUR120-L-P1",
="800001708",="Present",="10/17/2025",="NUR120-L-P1",
="800001708",="Present",="11/7/2025",="NUR120-L-P1",
="800001708",="Present",="11/14/2025",="NUR120-L-P1",
="800001708",="Present",="9/6/2025",="NUT100 -OL",
="800001708",="Present",="9/13/2025",="NUT100 -OL",
="800001708",="Present",="9/20/2025",="NUT100 -OL",
="800001708",="Present",="9/27/2025",="NUT100 -OL",
="800001708",="Present",="10/4/2025",="NUT100 -OL",
="800001708",="Present",="10/11/2025",="NUT100 -OL",
="800001708",="Present",="10/18/2025",="NUT100 -OL",
="800001708",="Present",="10/25/2025",="NUT100 -OL",
="800001708",="Present",="11/1/2025",="NUT100 -OL",
="800001708",="Present",="11/8/2025",="NUT100 -OL",
="800001708",="Present",="11/15/2025",="NUT100 -OL",
="800001708",="Present",="11/22/2025",="NUT100 -OL",
="800001708",="Present",="11/29/2025",="NUT100 -OL",
="800001708",="Present",="12/6/2025",="NUT100 -OL",
="800001708",="Present",="9/2/2025",="NUR120 -P",
="800001708",="Present",="9/9/2025",="NUR120 -P",
="800001708",="Present",="9/16/2025",="NUR120 -P",
="800001708",="Present",="9/30/2025",="NUR120 -P",
="800001708",="Present",="10/7/2025",="NUR120 -P",
="800001708",="Present",="10/14/2025",="NUR120 -P",
="800001708",="Present",="11/11/2025",="NUR120 -P",
="800001708",="Present",="11/18/2025",="NUR120 -P",
="800001708",="Present",="11/25/2025",="NUR120 -P",
="800001708",="Present",="12/2/2025",="NUR120 -P",
="800001843",="Present",="9/8/2025",="NUR100-P",
="800001843",="Present",="9/15/2025",="NUR100-P",
="800001843",="Present",="9/22/2025",="NUR100-P",
="800001843",="Present",="9/29/2025",="NUR100-P",
="800001843",="Present",="10/6/2025",="NUR100-P",
="800001843",="Absent",="10/13/2025",="NUR100-P",
="800001843",="Absent",="11/3/2025",="NUR100-P",
="800001843",="Absent",="11/10/2025",="NUR100-P",
="800001843",="Absent",="11/17/2025",="NUR100-P",
="800001843",="Absent",="11/24/2025",="NUR100-P",
="800001843",="Absent",="12/1/2025",="NUR100-P",
="800001843",="Present",="9/3/2025",="AP100-P2",
="800001843",="Present",="9/10/2025",="AP100-P2",
="800001843",="Present",="9/17/2025",="AP100-P2",
="800001843",="Present",="9/24/2025",="AP100-P2",
="800001843",="Present",="10/1/2025",="AP100-P2",
="800001843",="Present",="10/8/2025",="AP100-P2",
="800001843",="Absent",="10/15/2025",="AP100-P2",
="800001843",="Present",="10/22/2025",="AP100-P2",
="800001843",="Absent",="10/29/2025",="AP100-P2",
="800001843",="Absent",="11/5/2025",="AP100-P2",
="800001843",="Absent",="11/12/2025",="AP100-P2",
="800001843",="Absent",="11/19/2025",="AP100-P2",
="800001843",="Absent",="11/26/2025",="AP100-P2",
="800001843",="Present",="9/6/2025",="PSY101 -OL II",
="800001843",="Present",="9/13/2025",="PSY101 -OL II",
="800001843",="Present",="9/20/2025",="PSY101 -OL II",
="800001843",="Present",="9/27/2025",="PSY101 -OL II",
="800001843",="Absent",="10/4/2025",="PSY101 -OL II",
="800001843",="Absent",="10/11/2025",="PSY101 -OL II",
="800001843",="Absent",="10/18/2025",="PSY101 -OL II",
="800001843",="Present",="10/25/2025",="PSY101 -OL II",
="800001843",="Absent",="11/1/2025",="PSY101 -OL II",
="800001843",="Absent",="11/8/2025",="PSY101 -OL II",
="800001843",="Present",="11/15/2025",="PSY101 -OL II",
="800001843",="Absent",="11/22/2025",="PSY101 -OL II",
="800001843",="Present",="10/2/2025",="PHARM100-P2",
="800001843",="Absent",="10/9/2025",="PHARM100-P2",
="800001843",="Absent",="10/16/2025",="PHARM100-P2",
="800001843",="Absent",="10/23/2025",="PHARM100-P2",
="800001843",="Absent",="10/30/2025",="PHARM100-P2",
="800001843",="Absent",="11/6/2025",="PHARM100-P2",
="800001843",="Absent",="11/13/2025",="PHARM100-P2",
="800001843",="Absent",="11/20/2025",="PHARM100-P2",
="800001843",="Present",="9/9/2025",="NUR100-L-P2",
="800001843",="Present",="9/16/2025",="NUR100-L-P2",
="800001843",="Present",="9/23/2025",="NUR100-L-P2",
="800001843",="Present",="9/30/2025",="NUR100-L-P2",
="800001843",="Present",="10/7/2025",="NUR100-L-P2",
="800001843",="Absent",="10/14/2025",="NUR100-L-P2",
="800001843",="Absent",="10/21/2025",="NUR100-L-P2",
="800001843",="Absent",="10/28/2025",="NUR100-L-P2",
="800001843",="Absent",="11/4/2025",="NUR100-L-P2",
="800001843",="Absent",="11/18/2025",="NUR100-L-P2",
="800001843",="Absent",="11/25/2025",="NUR100-L-P2",
="800001843",="Present",="9/6/2025",="COL010 - OL II",
="800001843",="Present",="9/13/2025",="COL010 - OL II",
="800001843",="Present",="9/20/2025",="COL010 - OL II",
="800001843",="Absent",="9/27/2025",="COL010 - OL II",
="800001901",="Tardy/Late",="9/5/2025",="COL010 -A",
="800001901",="Tardy/Late",="9/12/2025",="COL010 -A",
="800001901",="Tardy/Late",="9/19/2025",="COL010 -A",
="800001901",="Tardy/Late",="9/26/2025",="COL010 -A",
="800001901",="Present",="9/2/2025",="NUR100-L-A1",
="800001901",="Present",="9/9/2025",="NUR100-L-A1",
="800001901",="Present",="9/16/2025",="NUR100-L-A1",
="800001901",="Present",="9/23/2025",="NUR100-L-A1",
="800001901",="Present",="9/30/2025",="NUR100-L-A1",
="800001901",="Present",="10/7/2025",="NUR100-L-A1",
="800001901",="Absent excused",="10/14/2025",="NUR100-L-A1",
="800001901",="Present",="10/21/2025",="NUR100-L-A1",
="800001901",="Present",="10/28/2025",="NUR100-L-A1",
="800001901",="Present",="11/4/2025",="NUR100-L-A1",
="800001901",="Present",="11/11/2025",="NUR100-L-A1",
="800001901",="Present",="11/18/2025",="NUR100-L-A1",
="800001901",="Present",="11/25/2025",="NUR100-L-A1",
="800001901",="Absent",="12/2/2025",="NUR100-L-A1",
="800001901",="Present",="9/3/2025",="ENG101 -A",
="800001901",="Present",="9/10/2025",="ENG101 -A",
="800001901",="Present",="9/17/2025",="ENG101 -A",
="800001901",="Tardy/Late excused",="9/24/2025",="ENG101 -A",
="800001901",="Present",="10/1/2025",="ENG101 -A",
="800001901",="Present",="10/8/2025",="ENG101 -A",
="800001901",="Present",="10/15/2025",="ENG101 -A",
="800001901",="Present",="10/22/2025",="ENG101 -A",
="800001901",="Present",="10/29/2025",="ENG101 -A",
="800001901",="Tardy/Late",="11/5/2025",="ENG101 -A",
="800001901",="Tardy/Late excused",="11/12/2025",="ENG101 -A",
="800001901",="Present",="11/19/2025",="ENG101 -A",
="800001901",="Absent",="11/26/2025",="ENG101 -A",
="800001901",="Absent",="12/3/2025",="ENG101 -A",
="800001901",="Present",="9/2/2025",="AP100-A",
="800001901",="Present",="9/9/2025",="AP100-A",
="800001901",="Present",="9/16/2025",="AP100-A",
="800001901",="Present",="9/23/2025",="AP100-A",
="800001901",="Present",="9/30/2025",="AP100-A",
="800001901",="Present",="10/7/2025",="AP100-A",
="800001901",="Absent",="10/14/2025",="AP100-A",
="800001901",="Present",="10/21/2025",="AP100-A",
="800001901",="Present",="10/28/2025",="AP100-A",
="800001901",="Present",="11/4/2025",="AP100-A",
="800001901",="Present",="11/11/2025",="AP100-A",
="800001901",="Present",="11/18/2025",="AP100-A",
="800001901",="Absent",="11/25/2025",="AP100-A",
="800001901",="Absent",="12/2/2025",="AP100-A",
="800001901",="Present",="9/29/2025",="PHARM100-A",
="800001901",="Present",="10/6/2025",="PHARM100-A",
="800001901",="Absent",="10/13/2025",="PHARM100-A",
="800001901",="Present",="11/17/2025",="PHARM100-A",
="800001901",="Present",="11/24/2025",="PHARM100-A",
="800001901",="Absent",="11/24/2025",="PHARM100-A",
="800001901",="Absent",="12/1/2025",="PHARM100-A",
="800001901",="Present",="9/4/2025",="PSY101 -A",
="800001901",="Present",="10/9/2025",="PSY101 -A",
="800001901",="Present",="10/16/2025",="PSY101 -A",
="800001901",="Present",="9/8/2025",="NUR100 -A",
="800001901",="Present",="9/15/2025",="NUR100 -A",
="800001901",="Absent",="9/22/2025",="NUR100 -A",
="800001901",="Present",="9/29/2025",="NUR100 -A",
="800001901",="Present",="10/6/2025",="NUR100 -A",
="800001901",="Present",="10/13/2025",="NUR100 -A",
="800001901",="Present",="11/3/2025",="NUR100 -A",
="800001901",="Present",="11/17/2025",="NUR100 -A",
="800001901",="Absent",="12/1/2025",="NUR100 -A",
="800001878",="Present",="9/4/2025",="PSY101 -A",
="800001878",="Absent",="10/9/2025",="PSY101 -A",
="800001878",="Present",="10/16/2025",="PSY101 -A",
="800001878",="Present",="9/2/2025",="NUR100-L-A1",
="800001878",="Present",="9/9/2025",="NUR100-L-A1",
="800001878",="Present",="9/16/2025",="NUR100-L-A1",
="800001878",="Present",="9/23/2025",="NUR100-L-A1",
="800001878",="Present",="9/30/2025",="NUR100-L-A1",
="800001878",="Present",="10/7/2025",="NUR100-L-A1",
="800001878",="Present",="10/14/2025",="NUR100-L-A1",
="800001878",="Present",="10/21/2025",="NUR100-L-A1",
="800001878",="Present",="10/28/2025",="NUR100-L-A1",
="800001878",="Present",="11/4/2025",="NUR100-L-A1",
="800001878",="Present",="11/11/2025",="NUR100-L-A1",
="800001878",="Present",="11/18/2025",="NUR100-L-A1",
="800001878",="Present",="11/25/2025",="NUR100-L-A1",
="800001878",="Present",="12/2/2025",="NUR100-L-A1",
="800001878",="Present",="12/9/2025",="NUR100-L-A1",
="800001878",="Present",="9/3/2025",="ENG101 -A",
="800001878",="Present",="9/10/2025",="ENG101 -A",
="800001878",="Present",="9/17/2025",="ENG101 -A",
="800001878",="Present",="9/24/2025",="ENG101 -A",
="800001878",="Present",="10/1/2025",="ENG101 -A",
="800001878",="Present",="10/8/2025",="ENG101 -A",
="800001878",="Present",="10/15/2025",="ENG101 -A",
="800001878",="Present",="10/22/2025",="ENG101 -A",
="800001878",="Present",="10/29/2025",="ENG101 -A",
="800001878",="Present",="11/5/2025",="ENG101 -A",
="800001878",="Present",="11/12/2025",="ENG101 -A",
="800001878",="Present",="11/19/2025",="ENG101 -A",
="800001878",="Tardy/Late",="11/26/2025",="ENG101 -A",
="800001878",="Present",="12/3/2025",="ENG101 -A",
="800001878",="Present",="9/29/2025",="PHARM100-A",
="800001878",="Present",="10/6/2025",="PHARM100-A",
="800001878",="Present",="10/13/2025",="PHARM100-A",
="800001878",="Present",="11/17/2025",="PHARM100-A",
="800001878",="Present",="11/24/2025",="PHARM100-A",
="800001878",="Present",="12/1/2025",="PHARM100-A",
="800001878",="Tardy/Late",="9/5/2025",="COL010 -A",
="800001878",="Tardy/Late",="9/12/2025",="COL010 -A",
="800001878",="Present",="9/19/2025",="COL010 -A",
="800001878",="Tardy/Late",="9/26/2025",="COL010 -A",
="800001878",="Present",="9/8/2025",="NUR100 -A",
="800001878",="Present",="9/15/2025",="NUR100 -A",
="800001878",="Present",="9/22/2025",="NUR100 -A",
="800001878",="Present",="9/29/2025",="NUR100 -A",
="800001878",="Present",="10/6/2025",="NUR100 -A",
="800001878",="Present",="10/13/2025",="NUR100 -A",
="800001878",="Present",="11/3/2025",="NUR100 -A",
="800001878",="Present",="11/10/2025",="NUR100 -A",
="800001878",="Present",="11/17/2025",="NUR100 -A",
="800001878",="Present",="11/24/2025",="NUR100 -A",
="800001878",="Present",="12/1/2025",="NUR100 -A",
="800001878",="Present",="12/8/2025",="NUR100 -A",
="800001878",="Present",="9/2/2025",="AP100-A",
="800001878",="Present",="9/9/2025",="AP100-A",
="800001878",="Present",="9/16/2025",="AP100-A",
="800001878",="Present",="9/23/2025",="AP100-A",
="800001878",="Present",="9/30/2025",="AP100-A",
="800001878",="Present",="10/7/2025",="AP100-A",
="800001878",="Present",="10/14/2025",="AP100-A",
="800001878",="Present",="10/21/2025",="AP100-A",
="800001878",="Present",="10/28/2025",="AP100-A",
="800001878",="Present",="11/4/2025",="AP100-A",
="800001878",="Present",="11/11/2025",="AP100-A",
="800001878",="Present",="11/18/2025",="AP100-A",
="800001878",="Present",="11/25/2025",="AP100-A",
="800001878",="Present",="12/2/2025",="AP100-A",
="800001878",="Present",="12/9/2025",="AP100-A",
="800001910",="Present",="9/2/2025",="NUR100-L-A2",
="800001910",="Present",="9/9/2025",="NUR100-L-A2",
="800001910",="Present",="9/16/2025",="NUR100-L-A2",
="800001910",="Present",="9/23/2025",="NUR100-L-A2",
="800001910",="Present",="9/30/2025",="NUR100-L-A2",
="800001910",="Present",="10/7/2025",="NUR100-L-A2",
="800001910",="Present",="10/14/2025",="NUR100-L-A2",
="800001910",="Present",="10/21/2025",="NUR100-L-A2",
="800001910",="Present",="10/28/2025",="NUR100-L-A2",
="800001910",="Present",="11/4/2025",="NUR100-L-A2",
="800001910",="Present",="11/11/2025",="NUR100-L-A2",
="800001910",="Present",="11/18/2025",="NUR100-L-A2",
="800001910",="Present",="11/25/2025",="NUR100-L-A2",
="800001910",="Present",="12/2/2025",="NUR100-L-A2",
="800001910",="Present",="12/9/2025",="NUR100-L-A2",
="800001910",="Tardy/Late",="9/5/2025",="COL010 -A",
="800001910",="Tardy/Late",="9/12/2025",="COL010 -A",
="800001910",="Tardy/Late",="9/19/2025",="COL010 -A",
="800001910",="Tardy/Late",="9/26/2025",="COL010 -A",
="800001910",="Present",="9/2/2025",="AP100-A",
="800001910",="Present",="9/9/2025",="AP100-A",
="800001910",="Present",="9/16/2025",="AP100-A",
="800001910",="Present",="9/23/2025",="AP100-A",
="800001910",="Present",="9/30/2025",="AP100-A",
="800001910",="Present",="10/7/2025",="AP100-A",
="800001910",="Present",="10/14/2025",="AP100-A",
="800001910",="Present",="10/21/2025",="AP100-A",
="800001910",="Present",="10/28/2025",="AP100-A",
="800001910",="Present",="11/4/2025",="AP100-A",
="800001910",="Present",="11/11/2025",="AP100-A",
="800001910",="Present",="11/18/2025",="AP100-A",
="800001910",="Present",="11/25/2025",="AP100-A",
="800001910",="Present",="12/2/2025",="AP100-A",
="800001910",="Present",="12/9/2025",="AP100-A",
="800001910",="Present",="9/8/2025",="NUR100 -A",
="800001910",="Present",="9/15/2025",="NUR100 -A",
="800001910",="Present",="9/22/2025",="NUR100 -A",
="800001910",="Present",="9/29/2025",="NUR100 -A",
="800001910",="Absent",="10/6/2025",="NUR100 -A",
="800001910",="Present",="10/13/2025",="NUR100 -A",
="800001910",="Present",="11/3/2025",="NUR100 -A",
="800001910",="Present",="11/10/2025",="NUR100 -A",
="800001910",="Present",="11/17/2025",="NUR100 -A",
="800001910",="Present",="11/24/2025",="NUR100 -A",
="800001910",="Present",="12/1/2025",="NUR100 -A",
="800001910",="Present",="12/8/2025",="NUR100 -A",
="800001910",="Present",="9/4/2025",="PSY101 -A",
="800001910",="Present",="10/9/2025",="PSY101 -A",
="800001910",="Present",="10/16/2025",="PSY101 -A",
="800001910",="Present",="9/29/2025",="PHARM100-A",
="800001910",="Present",="10/6/2025",="PHARM100-A",
="800001910",="Absent",="10/13/2025",="PHARM100-A",
="800001910",="Present",="11/17/2025",="PHARM100-A",
="800001910",="Present",="11/24/2025",="PHARM100-A",
="800001910",="Present",="12/1/2025",="PHARM100-A",
="800001905",="Present",="9/2/2025",="NUR100-L-A2",
="800001905",="Present",="9/9/2025",="NUR100-L-A2",
="800001905",="Present",="9/16/2025",="NUR100-L-A2",
="800001905",="Present",="9/23/2025",="NUR100-L-A2",
="800001905",="Present",="9/30/2025",="NUR100-L-A2",
="800001905",="Present",="10/7/2025",="NUR100-L-A2",
="800001905",="Present",="10/14/2025",="NUR100-L-A2",
="800001905",="Present",="10/21/2025",="NUR100-L-A2",
="800001905",="Present",="10/28/2025",="NUR100-L-A2",
="800001905",="Present",="11/4/2025",="NUR100-L-A2",
="800001905",="Present",="11/11/2025",="NUR100-L-A2",
="800001905",="Present",="11/18/2025",="NUR100-L-A2",
="800001905",="Present",="11/25/2025",="NUR100-L-A2",
="800001905",="Present",="12/2/2025",="NUR100-L-A2",
="800001905",="Present",="12/9/2025",="NUR100-L-A2",
="800001905",="Present",="9/29/2025",="PHARM100-A",
="800001905",="Tardy/Late",="10/6/2025",="PHARM100-A",
="800001905",="Present",="10/13/2025",="PHARM100-A",
="800001905",="Present",="11/17/2025",="PHARM100-A",
="800001905",="Present",="11/24/2025",="PHARM100-A",
="800001905",="Present",="12/1/2025",="PHARM100-A",
="800001905",="Present",="9/4/2025",="PSY101 -A",
="800001905",="Present",="10/9/2025",="PSY101 -A",
="800001905",="Present",="10/16/2025",="PSY101 -A",
="800001905",="Present",="9/3/2025",="ENG101 -A",
="800001905",="Present",="9/10/2025",="ENG101 -A",
="800001905",="Present",="9/17/2025",="ENG101 -A",
="800001905",="Tardy/Late excused",="9/24/2025",="ENG101 -A",
="800001905",="Tardy/Late",="10/1/2025",="ENG101 -A",
="800001905",="Tardy/Late",="10/8/2025",="ENG101 -A",
="800001905",="Present",="10/15/2025",="ENG101 -A",
="800001905",="Present",="10/22/2025",="ENG101 -A",
="800001905",="Present",="10/29/2025",="ENG101 -A",
="800001905",="Present",="11/5/2025",="ENG101 -A",
="800001905",="Present",="11/12/2025",="ENG101 -A",
="800001905",="Present",="11/19/2025",="ENG101 -A",
="800001905",="Absent",="11/26/2025",="ENG101 -A",
="800001905",="Present",="12/3/2025",="ENG101 -A",
="800001905",="Present",="9/8/2025",="NUR100 -A",
="800001905",="Present",="9/15/2025",="NUR100 -A",
="800001905",="Present",="9/22/2025",="NUR100 -A",
="800001905",="Present",="9/29/2025",="NUR100 -A",
="800001905",="Present",="10/6/2025",="NUR100 -A",
="800001905",="Present",="10/13/2025",="NUR100 -A",
="800001905",="Present",="11/3/2025",="NUR100 -A",
="800001905",="Present",="11/10/2025",="NUR100 -A",
="800001905",="Present",="11/17/2025",="NUR100 -A",
="800001905",="Present",="11/24/2025",="NUR100 -A",
="800001905",="Present",="12/1/2025",="NUR100 -A",
="800001905",="Present",="12/8/2025",="NUR100 -A",
="800001905",="Present",="9/2/2025",="AP100-A",
="800001905",="Present",="9/9/2025",="AP100-A",
="800001905",="Present",="9/16/2025",="AP100-A",
="800001905",="Present",="9/23/2025",="AP100-A",
="800001905",="Present",="9/30/2025",="AP100-A",
="800001905",="Present",="10/7/2025",="AP100-A",
="800001905",="Present",="10/14/2025",="AP100-A",
="800001905",="Present",="10/21/2025",="AP100-A",
="800001905",="Present",="10/28/2025",="AP100-A",
="800001905",="Present",="11/4/2025",="AP100-A",
="800001905",="Present",="11/11/2025",="AP100-A",
="800001905",="Present",="11/18/2025",="AP100-A",
="800001905",="Present",="11/25/2025",="AP100-A",
="800001905",="Present",="12/2/2025",="AP100-A",
="800001905",="Present",="12/9/2025",="AP100-A",
="800001905",="Tardy/Late",="9/5/2025",="COL010 -A",
="800001905",="Tardy/Late",="9/12/2025",="COL010 -A",
="800001905",="Tardy/Late",="9/19/2025",="COL010 -A",
="800001905",="Tardy/Late",="9/26/2025",="COL010 -A",
="800001534",="Present",="11/19/2025",="NUR145-C-A1",
="800001534",="Present",="9/3/2025",="NUR155-P",
="800001534",="Present",="9/10/2025",="NUR155-P",
="800001534",="Present",="9/17/2025",="NUR155-P",
="800001534",="Present",="9/24/2025",="NUR155-P",
="800001534",="Present",="10/1/2025",="NUR155-P",
="800001534",="Present",="10/8/2025",="NUR155-P",
="800001534",="Present",="10/15/2025",="NUR155-P",
="800001534",="Present",="10/22/2025",="NUR155-P",
="800001534",="Present",="10/29/2025",="NUR155-P",
="800001534",="Present",="11/5/2025",="NUR155-P",
="800001534",="Present",="11/12/2025",="NUR155-P",
="800001534",="Present",="11/19/2025",="NUR155-P",
="800001534",="Present",="11/26/2025",="NUR155-P",
="800001534",="Present",="12/3/2025",="NUR155-P",
="800001534",="Present",="12/10/2025",="NUR155-P",
="800001534",="Present",="9/15/2025",="NUR145 - P",
="800001534",="Present",="9/22/2025",="NUR145 - P",
="800001534",="Present",="9/29/2025",="NUR145 - P",
="800001534",="Present",="10/6/2025",="NUR145 - P",
="800001534",="Present",="10/13/2025",="NUR145 - P",
="800001534",="Present",="11/3/2025",="NUR145 - P",
="800001534",="Present",="11/10/2025",="NUR145 - P",
="800001534",="Present",="11/17/2025",="NUR145 - P",
="800001534",="Present",="11/24/2025",="NUR145 - P",
="800001534",="Present",="12/1/2025",="NUR145 - P",
="800001534",="Present",="9/2/2025",="NUR150-P",
="800001534",="Present",="9/9/2025",="NUR150-P",
="800001534",="Present",="9/16/2025",="NUR150-P",
="800001534",="Present",="9/23/2025",="NUR150-P",
="800001534",="Present",="9/30/2025",="NUR150-P",
="800001534",="Present",="10/7/2025",="NUR150-P",
="800001534",="Present",="11/4/2025",="NUR150-P",
="800001534",="Present",="11/11/2025",="NUR150-P",
="800001534",="Present",="11/18/2025",="NUR150-P",
="800001534",="Present",="11/25/2025",="NUR150-P",
="800001534",="Present",="12/2/2025",="NUR150-P",
="800001530",="Present",="9/3/2025",="NUR155-P",
="800001530",="Present",="9/10/2025",="NUR155-P",
="800001530",="Present",="9/17/2025",="NUR155-P",
="800001530",="Present",="9/24/2025",="NUR155-P",
="800001530",="Present",="10/1/2025",="NUR155-P",
="800001530",="Present",="10/8/2025",="NUR155-P",
="800001530",="Present",="10/15/2025",="NUR155-P",
="800001530",="Present",="10/22/2025",="NUR155-P",
="800001530",="Present",="10/29/2025",="NUR155-P",
="800001530",="Present",="11/5/2025",="NUR155-P",
="800001530",="Present",="11/12/2025",="NUR155-P",
="800001530",="Present",="12/10/2025",="NUR155-P",
="800001530",="Present",="11/19/2025",="NUR145-C-A1",
="800001530",="Present",="9/15/2025",="NUR145 - P",
="800001530",="Present",="9/22/2025",="NUR145 - P",
="800001530",="Present",="9/29/2025",="NUR145 - P",
="800001530",="Present",="10/6/2025",="NUR145 - P",
="800001530",="Present",="10/13/2025",="NUR145 - P",
="800001530",="Present",="11/3/2025",="NUR145 - P",
="800001530",="Present",="11/10/2025",="NUR145 - P",
="800001530",="Present",="11/17/2025",="NUR145 - P",
="800001626",="Present",="10/6/2025",="NUR216-A-L",
="800001626",="Present",="10/13/2025",="NUR216-A-L",
="800001626",="Present",="11/17/2025",="NUR216-A-L",
="800001626",="Present",="12/1/2025",="NUR216-A-L",
="800001626",="Absent",="9/8/2025",="PHARM225-P_ A",
="800001626",="Tardy/Late",="9/15/2025",="PHARM225-P_ A",
="800001626",="Present",="9/22/2025",="PHARM225-P_ A",
="800001626",="Present",="9/29/2025",="PHARM225-P_ A",
="800001626",="Tardy/Late",="10/6/2025",="PHARM225-P_ A",
="800001626",="Present",="10/13/2025",="PHARM225-P_ A",
="800001626",="Present",="9/8/2025",="NUR216 -A",
="800001626",="Present",="9/15/2025",="NUR216 -A",
="800001626",="Present",="9/22/2025",="NUR216 -A",
="800001626",="Present",="9/29/2025",="NUR216 -A",
="800001626",="Present",="10/6/2025",="NUR216 -A",
="800001626",="Present",="10/13/2025",="NUR216 -A",
="800001626",="Present",="11/3/2025",="NUR216 -A",
="800001626",="Present",="11/10/2025",="NUR216 -A",
="800001626",="Present",="11/17/2025",="NUR216 -A",
="800001626",="Present",="11/24/2025",="NUR216 -A",
="800001626",="Present",="12/1/2025",="NUR216 -A",
="800001626",="Present",="12/8/2025",="NUR216 -A",
="800001466",="Absent",="9/8/2025",="PHARM205-P_A",
="800001466",="Tardy/Late",="9/15/2025",="PHARM205-P_A",
="800001466",="Absent",="9/22/2025",="PHARM205-P_A",
="800001466",="Present",="9/29/2025",="PHARM205-P_A",
="800001466",="Present",="10/6/2025",="PHARM205-P_A",
="800001466",="Present",="10/13/2025",="PHARM205-P_A",
="800001466",="Absent",="10/6/2025",="NUR221-L-A1",
="800001466",="Present",="10/13/2025",="NUR221-L-A1",
="800001466",="Present",="9/6/2025",="HUM200 -OL",
="800001466",="Present",="9/13/2025",="HUM200 -OL",
="800001466",="Present",="9/20/2025",="HUM200 -OL",
="800001466",="Present",="9/27/2025",="HUM200 -OL",
="800001466",="Present",="10/4/2025",="HUM200 -OL",
="800001466",="Present",="10/11/2025",="HUM200 -OL",
="800001466",="Present",="10/18/2025",="HUM200 -OL",
="800001466",="Present",="10/25/2025",="HUM200 -OL",
="800001466",="Present",="11/1/2025",="HUM200 -OL",
="800001466",="Present",="11/8/2025",="HUM200 -OL",
="800001466",="Present",="11/15/2025",="HUM200 -OL",
="800001466",="Present",="11/22/2025",="HUM200 -OL",
="800001466",="Absent",="9/8/2025",="NUR221-A",
="800001466",="Absent",="9/15/2025",="NUR221-A",
="800001466",="Absent",="9/22/2025",="NUR221-A",
="800001466",="Present",="9/29/2025",="NUR221-A",
="800001466",="Absent",="10/6/2025",="NUR221-A",
="800001466",="Present",="10/13/2025",="NUR221-A",
="800001378",="Present",="9/3/2025",="NUR155-P",
="800001378",="Present",="9/10/2025",="NUR155-P",
="800001378",="Present",="9/17/2025",="NUR155-P",
="800001378",="Present",="9/24/2025",="NUR155-P",
="800001378",="Present",="10/1/2025",="NUR155-P",
="800001378",="Present",="10/8/2025",="NUR155-P",
="800001378",="Present",="10/15/2025",="NUR155-P",
="800001378",="Present",="10/22/2025",="NUR155-P",
="800001378",="Present",="10/29/2025",="NUR155-P",
="800001378",="Present",="11/5/2025",="NUR155-P",
="800001378",="Present",="11/12/2025",="NUR155-P",
="800001378",="Present",="11/19/2025",="NUR155-P",
="800001378",="Present",="11/26/2025",="NUR155-P",
="800001378",="Present",="12/3/2025",="NUR155-P",
="800001378",="Present",="12/10/2025",="NUR155-P",
="800001378",="Present",="9/4/2025",="NUR140-A",
="800001378",="Present",="9/11/2025",="NUR140-A",
="800001378",="Present",="9/18/2025",="NUR140-A",
="800001378",="Present",="9/25/2025",="NUR140-A",
="800001378",="Present",="10/2/2025",="NUR140-A",
="800001378",="Present",="10/9/2025",="NUR140-A",
="800001378",="Present",="10/16/2025",="NUR140-A",
="800001378",="Absent",="11/6/2025",="NUR140-A",
="800001378",="Present",="11/13/2025",="NUR140-A",
="800001378",="Present",="11/20/2025",="NUR140-A",
="800000893",="Present",="10/10/2025",="NUR255-C-P1",
="800000893",="Present",="10/11/2025",="NUR255-C-P1",
="800000893",="Present",="9/3/2025",="NUR270-P",
="800000893",="Present",="9/10/2025",="NUR270-P",
="800000893",="Present",="9/17/2025",="NUR270-P",
="800000893",="Present",="9/24/2025",="NUR270-P",
="800000893",="Present",="10/1/2025",="NUR270-P",
="800000893",="Present",="10/8/2025",="NUR270-P",
="800000893",="Present",="10/15/2025",="NUR270-P",
="800000893",="Present",="11/5/2025",="NUR270-P",
="800000893",="Present",="11/12/2025",="NUR270-P",
="800000893",="Present",="11/19/2025",="NUR270-P",
="800000893",="Present",="11/26/2025",="NUR270-P",
="800000893",="Present",="12/3/2025",="NUR270-P",
="800000893",="Present",="12/10/2025",="NUR270-P",
="800000893",="Present",="12/17/2025",="NUR270-P",
="800000893",="Present",="9/4/2025",="NUR255 -P",
="800000893",="Present",="9/11/2025",="NUR255 -P",
="800000893",="Present",="9/18/2025",="NUR255 -P",
="800000893",="Present",="9/25/2025",="NUR255 -P",
="800000893",="Present",="10/2/2025",="NUR255 -P",
="800000893",="Present",="10/9/2025",="NUR255 -P",
="800000893",="Present",="10/16/2025",="NUR255 -P",
="800000893",="Present",="10/23/2025",="NUR255 -P",
="800000893",="Present",="9/8/2025",="NUR265 -P",
="800000893",="Present",="9/15/2025",="NUR265 -P",
="800000893",="Present",="9/22/2025",="NUR265 -P",
="800000893",="Present",="9/29/2025",="NUR265 -P",
="800000893",="Present",="10/6/2025",="NUR265 -P",
="800000893",="Present",="10/13/2025",="NUR265 -P",
="770062456",="Present",="9/11/2025",="NUR140-A",
="770062456",="Present",="9/18/2025",="NUR140-A",
="770062456",="Present",="9/25/2025",="NUR140-A",
="770062456",="Present",="10/2/2025",="NUR140-A",
="770062456",="Present",="10/9/2025",="NUR140-A",
="770062456",="Present",="10/16/2025",="NUR140-A",
="770062456",="Absent",="11/6/2025",="NUR140-A",
="770062456",="Present",="11/13/2025",="NUR140-A",
="770062456",="Present",="11/20/2025",="NUR140-A",
="770062456",="Present",="9/3/2025",="NUR155-P",
="770062456",="Present",="9/10/2025",="NUR155-P",
="770062456",="Present",="9/17/2025",="NUR155-P",
="770062456",="Present",="9/24/2025",="NUR155-P",
="770062456",="Present",="10/1/2025",="NUR155-P",
="770062456",="Present",="10/8/2025",="NUR155-P",
="770062456",="Present",="10/15/2025",="NUR155-P",
="770062456",="Present",="10/22/2025",="NUR155-P",
="770062456",="Present",="10/29/2025",="NUR155-P",
="770062456",="Present",="11/5/2025",="NUR155-P",
="770062456",="Present",="11/12/2025",="NUR155-P",
="770062456",="Present",="11/19/2025",="NUR155-P",
="770062456",="Present",="11/26/2025",="NUR155-P",
="770062456",="Present",="12/3/2025",="NUR155-P",
="770062456",="Present",="12/10/2025",="NUR155-P",
="770062456",="Present",="12/11/2025",="NUR150-C-A2",
="770062456",="Present",="12/18/2025",="NUR150-C-A2",
="770062456",="Present",="9/15/2025",="NUR145 - P",
="770062456",="Present",="9/22/2025",="NUR145 - P",
="770062456",="Present",="9/29/2025",="NUR145 - P",
="770062456",="Present",="10/6/2025",="NUR145 - P",
="770062456",="Present",="10/13/2025",="NUR145 - P",
="770062456",="Present",="11/3/2025",="NUR145 - P",
="770062456",="Present",="11/10/2025",="NUR145 - P",
="770062456",="Present",="11/17/2025",="NUR145 - P",
="770062456",="Present",="11/24/2025",="NUR145 - P",
="770062456",="Present",="12/1/2025",="NUR145 - P",
="800001593",="Present",="9/6/2025",="NUT100 -OL",
="800001593",="Present",="9/13/2025",="NUT100 -OL",
="800001593",="Present",="9/20/2025",="NUT100 -OL",
="800001593",="Present",="9/27/2025",="NUT100 -OL",
="800001593",="Present",="10/4/2025",="NUT100 -OL",
="800001593",="Present",="10/11/2025",="NUT100 -OL",
="800001593",="Present",="10/18/2025",="NUT100 -OL",
="800001593",="Present",="10/25/2025",="NUT100 -OL",
="800001593",="Present",="11/1/2025",="NUT100 -OL",
="800001593",="Present",="11/8/2025",="NUT100 -OL",
="800001593",="Present",="11/15/2025",="NUT100 -OL",
="800001593",="Present",="11/22/2025",="NUT100 -OL",
="800001593",="Present",="11/29/2025",="NUT100 -OL",
="800001593",="Present",="12/6/2025",="NUT100 -OL",
="800001593",="Present",="9/6/2025",="PSY101 -OL II",
="800001593",="Present",="9/13/2025",="PSY101 -OL II",
="800001593",="Present",="9/20/2025",="PSY101 -OL II",
="800001593",="Present",="9/27/2025",="PSY101 -OL II",
="800001593",="Present",="10/4/2025",="PSY101 -OL II",
="800001593",="Present",="10/11/2025",="PSY101 -OL II",
="800001593",="Present",="10/18/2025",="PSY101 -OL II",
="800001593",="Present",="10/25/2025",="PSY101 -OL II",
="800001593",="Present",="11/1/2025",="PSY101 -OL II",
="800001593",="Present",="11/8/2025",="PSY101 -OL II",
="800001593",="Present",="11/15/2025",="PSY101 -OL II",
="800001593",="Present",="11/22/2025",="PSY101 -OL II",
="770062456",="Present",="9/2/2025",="NUR150-P",
="770062456",="Present",="9/9/2025",="NUR150-P",
="770062456",="Present",="9/16/2025",="NUR150-P",
="770062456",="Present",="9/23/2025",="NUR150-P",
="770062456",="Present",="9/30/2025",="NUR150-P",
="770062456",="Present",="10/7/2025",="NUR150-P",
="770062456",="Present",="11/4/2025",="NUR150-P",
="770062456",="Present",="11/11/2025",="NUR150-P",
="770062456",="Present",="11/18/2025",="NUR150-P",
="770062456",="Present",="11/25/2025",="NUR150-P",
="770062456",="Present",="12/2/2025",="NUR150-P",
="800001667",="Present",="9/9/2025",="NUR125-A",
="800001667",="Present",="9/16/2025",="NUR125-A",
="800001667",="Present",="9/23/2025",="NUR125-A",
="800001667",="Present",="9/30/2025",="NUR125-A",
="800001667",="Present",="10/7/2025",="NUR125-A",
="800001667",="Present",="10/14/2025",="NUR125-A",
="800001667",="Present",="11/4/2025",="NUR125-A",
="800001667",="Absent",="11/11/2025",="NUR125-A",
="800001667",="Present",="11/18/2025",="NUR125-A",
="800001667",="Present",="11/25/2025",="NUR125-A",
="800001667",="Present",="12/2/2025",="NUR125-A",
="800001667",="Absent",="9/2/2025",="NUR120-A",
="800001667",="Present",="9/9/2025",="NUR120-A",
="800001667",="Absent",="9/16/2025",="NUR120-A",
="800001667",="Present",="9/30/2025",="NUR120-A",
="800001667",="Present",="10/7/2025",="NUR120-A",
="800001667",="Present",="10/14/2025",="NUR120-A",
="800001667",="Absent",="11/11/2025",="NUR120-A",
="800001667",="Absent",="11/18/2025",="NUR120-A",
="800001667",="Present",="9/3/2025",="NUR135-A",
="800001667",="Present",="9/10/2025",="NUR135-A",
="800001667",="Present",="9/17/2025",="NUR135-A",
="800001667",="Present",="9/24/2025",="NUR135-A",
="800001667",="Present",="10/1/2025",="NUR135-A",
="800001667",="No class",="10/15/2025",="NUR135-A",
="800001667",="Absent",="11/12/2025",="NUR135-A",
="800001667",="Present",="10/8/2025",="NUR135-L-A1",
="800001667",="Absent",="9/15/2025",="NUR120-L-A1",
="800001667",="Absent",="10/6/2025",="NUR120-L-A1",
="800001667",="Absent",="11/3/2025",="NUR120-L-A1",
="800001667",="Absent",="11/10/2025",="NUR120-L-A1",
="800001667",="No class",="11/17/2025",="NUR120-L-A1",
="800001667",="Absent",="9/9/2025",="NUR125-L-A1",
="800001667",="Absent",="9/16/2025",="NUR125-L-A1",
="800001667",="Present",="9/23/2025",="NUR125-L-A1",
="800001667",="Present",="9/30/2025",="NUR125-L-A1",
="800001667",="Present",="10/7/2025",="NUR125-L-A1",
="800001667",="Present",="10/14/2025",="NUR125-L-A1",
="800001667",="Present",="11/4/2025",="NUR125-L-A1",
="800001667",="Absent",="11/11/2025",="NUR125-L-A1",
="800001667",="Present",="11/18/2025",="NUR125-L-A1",
="800001667",="Present",="11/25/2025",="NUR125-L-A1",
="800001667",="Present",="12/2/2025",="NUR125-L-A1",
="800001590",="Present",="9/6/2025",="SOC101 -OL",
="800001590",="Present",="9/13/2025",="SOC101 -OL",
="800001590",="Present",="9/20/2025",="SOC101 -OL",
="800001590",="Present",="9/27/2025",="SOC101 -OL",
="800001590",="Present",="10/4/2025",="SOC101 -OL",
="800001590",="Present",="10/11/2025",="SOC101 -OL",
="800001590",="Present",="10/18/2025",="SOC101 -OL",
="800001590",="Present",="10/25/2025",="SOC101 -OL",
="800001590",="Present",="11/1/2025",="SOC101 -OL",
="800001590",="Present",="11/8/2025",="SOC101 -OL",
="800001590",="Present",="11/15/2025",="SOC101 -OL",
="800001590",="Present",="11/22/2025",="SOC101 -OL",
="800001590",="Present",="12/6/2025",="SOC101 -OL",
="800001590",="Present",="9/4/2025",="NUR125-P",
="800001590",="Present",="9/11/2025",="NUR125-P",
="800001590",="Present",="9/18/2025",="NUR125-P",
="800001590",="Present",="9/25/2025",="NUR125-P",
="800001590",="Present",="10/2/2025",="NUR125-P",
="800001590",="Present",="10/9/2025",="NUR125-P",
="800001590",="Present",="11/6/2025",="NUR125-P",
="800001590",="Present",="11/13/2025",="NUR125-P",
="800001590",="Present",="11/20/2025",="NUR125-P",
="800001590",="Present",="12/4/2025",="NUR125-P",
="800001590",="Present",="12/11/2025",="NUR125-P",
="800001590",="Present",="9/11/2025",="NUR125-L-P1",
="800001590",="Present",="9/18/2025",="NUR125-L-P1",
="800001590",="Present",="9/25/2025",="NUR125-L-P1",
="800001590",="Present",="10/2/2025",="NUR125-L-P1",
="800001590",="Present",="10/9/2025",="NUR125-L-P1",
="800001590",="Present",="10/16/2025",="NUR125-L-P1",
="800001590",="Present",="11/6/2025",="NUR125-L-P1",
="800001590",="Present",="11/13/2025",="NUR125-L-P1",
="800001590",="Present",="11/20/2025",="NUR125-L-P1",
="800001590",="Present",="12/4/2025",="NUR125-L-P1",
="800001590",="Present",="12/11/2025",="NUR125-L-P1",
="800001590",="Present",="9/10/2025",="PHARM130-P",
="800001590",="Present",="9/17/2025",="PHARM130-P",
="800001590",="Present",="9/24/2025",="PHARM130-P",
="800001590",="Present",="10/1/2025",="PHARM130-P",
="800001590",="Present",="10/8/2025",="PHARM130-P",
="800001590",="Present",="10/15/2025",="PHARM130-P",
="800001590",="Present",="10/22/2025",="PHARM130-P",
="800001590",="Present",="10/29/2025",="PHARM130-P",
="800001590",="Present",="11/5/2025",="PHARM130-P",
="800001590",="Present",="11/12/2025",="PHARM130-P",
="800001590",="Present",="11/19/2025",="PHARM130-P",
="800001590",="Present",="12/3/2025",="PHARM130-P",
="800001590",="Present",="12/10/2025",="PHARM130-P",
="800001697",="Present",="9/4/2025",="NUR140-A",
="800001697",="Present",="9/11/2025",="NUR140-A",
="800001697",="Present",="9/18/2025",="NUR140-A",
="800001697",="Present",="9/25/2025",="NUR140-A",
="800001697",="Present",="10/2/2025",="NUR140-A",
="800001697",="Present",="10/9/2025",="NUR140-A",
="800001697",="Present",="10/16/2025",="NUR140-A",
="800001697",="Present",="11/6/2025",="NUR140-A",
="800001697",="Present",="11/13/2025",="NUR140-A",
="800001697",="Present",="11/20/2025",="NUR140-A",
="800001697",="Present",="9/2/2025",="NUR120-A",
="800001697",="Present",="9/9/2025",="NUR120-A",
="800001697",="Present",="9/16/2025",="NUR120-A",
="800001697",="Present",="9/30/2025",="NUR120-A",
="800001697",="Absent",="10/7/2025",="NUR120-A",
="800001697",="Present",="10/14/2025",="NUR120-A",
="800001697",="Present",="11/11/2025",="NUR120-A",
="800001697",="Present",="11/18/2025",="NUR120-A",
="800001697",="Present",="11/25/2025",="NUR120-A",
="800001697",="Absent",="12/2/2025",="NUR120-A",
="800001697",="Tardy/Late",="11/1/2025",="NUR140-C-P1",
="800001697",="Present",="12/12/2025",="NUR140-C-P1",
="800001697",="Present",="9/15/2025",="NUR145 - P",
="800001697",="Present",="9/22/2025",="NUR145 - P",
="800001697",="Present",="9/29/2025",="NUR145 - P",
="800001697",="Present",="10/6/2025",="NUR145 - P",
="800001697",="Present",="10/13/2025",="NUR145 - P",
="800001697",="Present",="11/3/2025",="NUR145 - P",
="800001697",="Present",="11/10/2025",="NUR145 - P",
="800001697",="Present",="11/17/2025",="NUR145 - P",
="800001697",="Present",="11/24/2025",="NUR145 - P",
="800001697",="Present",="12/1/2025",="NUR145 - P",
="800001308",="Present",="9/2/2025",="NUR120 -P",
="800001308",="Present",="9/9/2025",="NUR120 -P",
="800001308",="Present",="9/16/2025",="NUR120 -P",
="800001308",="Present",="9/30/2025",="NUR120 -P",
="800001308",="Present",="10/7/2025",="NUR120 -P",
="800001308",="Absent",="10/14/2025",="NUR120 -P",
="800001308",="Present",="9/19/2025",="NUR120-L-P1",
="800001308",="Present",="9/11/2025",="NUR125-L-P1",
="800001308",="Present",="9/18/2025",="NUR125-L-P1",
="800001308",="Present",="9/25/2025",="NUR125-L-P1",
="800001308",="Present",="10/2/2025",="NUR125-L-P1",
="800001308",="Present",="10/9/2025",="NUR125-L-P1",
="800001308",="Present",="10/16/2025",="NUR125-L-P1",
="800001308",="Present",="11/6/2025",="NUR125-L-P1",
="800001308",="Present",="11/13/2025",="NUR125-L-P1",
="800001308",="Present",="11/20/2025",="NUR125-L-P1",
="800001308",="Present",="12/4/2025",="NUR125-L-P1",
="800001308",="Present",="12/11/2025",="NUR125-L-P1",
="800001308",="Present",="9/4/2025",="NUR125-P",
="800001308",="Present",="9/11/2025",="NUR125-P",
="800001308",="Present",="9/18/2025",="NUR125-P",
="800001308",="Present",="9/25/2025",="NUR125-P",
="800001308",="Present",="10/2/2025",="NUR125-P",
="800001308",="Present",="10/9/2025",="NUR125-P",
="800001308",="Present",="11/6/2025",="NUR125-P",
="800001308",="Present",="11/13/2025",="NUR125-P",
="800001308",="Present",="11/20/2025",="NUR125-P",
="800001308",="Present",="12/4/2025",="NUR125-P",
="800001308",="Present",="12/11/2025",="NUR125-P",
="800001308",="Present",="10/6/2025",="NUR135-L-P1",
="800001308",="Present",="10/20/2025",="NUR135-L-P1",
="800001308",="Present",="9/8/2025",="NUR135-P",
="800001308",="Present",="9/15/2025",="NUR135-P",
="800001308",="Present",="9/22/2025",="NUR135-P",
="800001308",="Present",="9/29/2025",="NUR135-P",
="800001308",="Present",="10/13/2025",="NUR135-P",
="800001308",="Present",="11/3/2025",="NUR135-P",
="800001308",="Present",="11/10/2025",="NUR135-P",
="800001308",="Present",="11/17/2025",="NUR135-P",
="800001308",="Present",="11/24/2025",="NUR135-P",
="800001308",="Present",="12/1/2025",="NUR135-P",
="800001308",="Present",="12/8/2025",="NUR135-P",
="800001308",="Present",="9/17/2025",="PHARM130-P",
="800001308",="Present",="9/24/2025",="PHARM130-P",
="800001308",="Present",="10/1/2025",="PHARM130-P",
="800001308",="Absent",="10/8/2025",="PHARM130-P",
="800001308",="Present",="10/15/2025",="PHARM130-P",
="800001420",="Present",="9/3/2025",="NUR155-P",
="800001420",="Present",="9/10/2025",="NUR155-P",
="800001420",="Present",="9/17/2025",="NUR155-P",
="800001420",="Present",="9/24/2025",="NUR155-P",
="800001420",="Present",="10/1/2025",="NUR155-P",
="800001420",="Present",="10/8/2025",="NUR155-P",
="800001420",="Present",="10/15/2025",="NUR155-P",
="800001420",="Present",="10/22/2025",="NUR155-P",
="800001420",="Present",="10/29/2025",="NUR155-P",
="800001420",="Present",="11/5/2025",="NUR155-P",
="800001420",="Present",="11/12/2025",="NUR155-P",
="800001420",="Absent",="9/3/2025",="NUR150 -A",
="800001420",="Present",="9/10/2025",="NUR150 -A",
="800001420",="Present",="9/17/2025",="NUR150 -A",
="800001420",="Present",="9/24/2025",="NUR150 -A",
="800001420",="Present",="10/1/2025",="NUR150 -A",
="800001420",="Absent",="10/8/2025",="NUR150 -A",
="800001420",="Absent",="10/15/2025",="NUR150 -A",
="800001420",="Present",="11/5/2025",="NUR150 -A",
="800001420",="Present",="11/12/2025",="NUR150 -A",
="800001420",="Present",="11/19/2025",="NUR150 -A",
="800001114",="Present",="9/11/2025",="NUR125-L-P1",
="800001114",="Present",="9/18/2025",="NUR125-L-P1",
="800001114",="Present",="9/25/2025",="NUR125-L-P1",
="800001114",="Present",="10/2/2025",="NUR125-L-P1",
="800001114",="Present",="10/9/2025",="NUR125-L-P1",
="800001114",="Present",="10/16/2025",="NUR125-L-P1",
="800001114",="Absent",="11/6/2025",="NUR125-L-P1",
="800001114",="Present",="11/13/2025",="NUR125-L-P1",
="800001114",="Present",="11/20/2025",="NUR125-L-P1",
="800001114",="Present",="12/4/2025",="NUR125-L-P1",
="800001114",="Present",="12/11/2025",="NUR125-L-P1",
="800001114",="Present",="9/8/2025",="NUR135-P",
="800001114",="Present",="9/15/2025",="NUR135-P",
="800001114",="Present",="9/22/2025",="NUR135-P",
="800001114",="Present",="9/29/2025",="NUR135-P",
="800001114",="Present",="10/13/2025",="NUR135-P",
="800001114",="Present",="11/3/2025",="NUR135-P",
="800001114",="Present",="11/10/2025",="NUR135-P",
="800001114",="Present",="11/17/2025",="NUR135-P",
="800001114",="Absent",="11/24/2025",="NUR135-P",
="800001114",="Present",="12/1/2025",="NUR135-P",
="800001114",="Present",="12/8/2025",="NUR135-P",
="800001114",="Present",="9/4/2025",="NUR125-P",
="800001114",="Present",="9/11/2025",="NUR125-P",
="800001114",="Present",="9/18/2025",="NUR125-P",
="800001114",="Present",="9/25/2025",="NUR125-P",
="800001114",="Present",="10/2/2025",="NUR125-P",
="800001114",="Present",="10/9/2025",="NUR125-P",
="800001114",="Present",="11/6/2025",="NUR125-P",
="800001114",="Present",="11/13/2025",="NUR125-P",
="800001114",="Present",="11/20/2025",="NUR125-P",
="800001114",="Present",="12/4/2025",="NUR125-P",
="800001114",="Present",="12/11/2025",="NUR125-P",
="800001114",="Present",="9/6/2025",="PSY101 -OL",
="800001114",="Present",="9/13/2025",="PSY101 -OL",
="800001114",="Present",="9/20/2025",="PSY101 -OL",
="800001114",="Present",="9/27/2025",="PSY101 -OL",
="800001114",="Present",="10/4/2025",="PSY101 -OL",
="800001114",="Present",="10/11/2025",="PSY101 -OL",
="800001114",="Present",="10/18/2025",="PSY101 -OL",
="800001114",="Present",="10/25/2025",="PSY101 -OL",
="800001114",="Present",="11/1/2025",="PSY101 -OL",
="800001114",="Present",="11/8/2025",="PSY101 -OL",
="800001114",="Present",="11/15/2025",="PSY101 -OL",
="800001114",="Present",="11/22/2025",="PSY101 -OL",
="800001114",="Present",="10/6/2025",="NUR135-L-P1",
="800001114",="Present",="10/20/2025",="NUR135-L-P1",
="800001691",="Present",="9/3/2025",="NUR135-A",
="800001691",="Present",="9/10/2025",="NUR135-A",
="800001691",="Present",="9/17/2025",="NUR135-A",
="800001691",="Present",="9/24/2025",="NUR135-A",
="800001691",="Present",="10/1/2025",="NUR135-A",
="800001691",="No class",="10/15/2025",="NUR135-A",
="800001691",="Absent",="11/12/2025",="NUR135-A",
="800001691",="Present",="10/8/2025",="NUR135-L-A1",
="800001798",="Present",="9/10/2025",="PHARM130-P",
="800001798",="Present",="9/17/2025",="PHARM130-P",
="800001798",="Present",="9/24/2025",="PHARM130-P",
="800001798",="Present",="10/1/2025",="PHARM130-P",
="800001798",="Present",="10/8/2025",="PHARM130-P",
="800001798",="Present",="10/15/2025",="PHARM130-P",
="800001798",="Present",="10/22/2025",="PHARM130-P",
="800001798",="Present",="10/29/2025",="PHARM130-P",
="800001798",="Present",="11/5/2025",="PHARM130-P",
="800001798",="Present",="11/12/2025",="PHARM130-P",
="800001798",="Present",="11/19/2025",="PHARM130-P",
="800001798",="Present",="12/3/2025",="PHARM130-P",
="800001798",="Present",="12/10/2025",="PHARM130-P",
="800001798",="Present",="9/8/2025",="NUR135-P",
="800001798",="Present",="9/15/2025",="NUR135-P",
="800001798",="Present",="9/22/2025",="NUR135-P",
="800001798",="Present",="9/29/2025",="NUR135-P",
="800001798",="Present",="10/13/2025",="NUR135-P",
="800001798",="Present",="11/3/2025",="NUR135-P",
="800001798",="Present",="11/10/2025",="NUR135-P",
="800001798",="Present",="11/17/2025",="NUR135-P",
="800001798",="Present",="11/24/2025",="NUR135-P",
="800001798",="Present",="12/1/2025",="NUR135-P",
="800001798",="Present",="12/8/2025",="NUR135-P",
="800001798",="Present",="9/11/2025",="NUR125-L-P1",
="800001798",="Present",="9/18/2025",="NUR125-L-P1",
="800001798",="Present",="9/25/2025",="NUR125-L-P1",
="800001798",="Present",="10/2/2025",="NUR125-L-P1",
="800001798",="Absent",="10/9/2025",="NUR125-L-P1",
="800001798",="Present",="10/16/2025",="NUR125-L-P1",
="800001798",="Present",="11/6/2025",="NUR125-L-P1",
="800001798",="Present",="11/13/2025",="NUR125-L-P1",
="800001798",="Present",="11/20/2025",="NUR125-L-P1",
="800001798",="Absent",="12/4/2025",="NUR125-L-P1",
="800001798",="Present",="12/11/2025",="NUR125-L-P1",
="800001798",="Present",="9/19/2025",="NUR120-L-P1",
="800001798",="Present",="10/17/2025",="NUR120-L-P1",
="800001798",="Present",="11/7/2025",="NUR120-L-P1",
="800001798",="Present",="11/14/2025",="NUR120-L-P1",
="800001798",="Present",="9/2/2025",="NUR120 -P",
="800001798",="Present",="9/9/2025",="NUR120 -P",
="800001798",="Present",="9/16/2025",="NUR120 -P",
="800001798",="Present",="9/30/2025",="NUR120 -P",
="800001798",="Present",="10/7/2025",="NUR120 -P",
="800001798",="Present",="10/14/2025",="NUR120 -P",
="800001798",="Present",="11/11/2025",="NUR120 -P",
="800001798",="Present",="11/18/2025",="NUR120 -P",
="800001798",="Present",="11/25/2025",="NUR120 -P",
="800001798",="Present",="12/2/2025",="NUR120 -P",
="800001798",="Present",="10/6/2025",="NUR135-L-P1",
="800001798",="Present",="10/20/2025",="NUR135-L-P1",
="800001798",="Present",="9/4/2025",="NUR125-P",
="800001798",="Present",="9/11/2025",="NUR125-P",
="800001798",="Present",="9/18/2025",="NUR125-P",
="800001798",="Present",="9/25/2025",="NUR125-P",
="800001798",="Present",="10/2/2025",="NUR125-P",
="800001798",="Present",="10/9/2025",="NUR125-P",
="800001798",="Present",="11/6/2025",="NUR125-P",
="800001798",="Present",="11/13/2025",="NUR125-P",
="800001798",="Present",="11/20/2025",="NUR125-P",
="800001798",="Absent",="12/4/2025",="NUR125-P",
="800001798",="Present",="12/11/2025",="NUR125-P",
="800001775",="Present",="9/8/2025",="NUR135-P",
="800001775",="Present",="9/15/2025",="NUR135-P",
="800001775",="Present",="9/22/2025",="NUR135-P",
="800001775",="Present",="9/29/2025",="NUR135-P",
="800001775",="Present",="10/13/2025",="NUR135-P",
="800001775",="Present",="11/3/2025",="NUR135-P",
="800001775",="Present",="11/10/2025",="NUR135-P",
="800001775",="Present",="11/17/2025",="NUR135-P",
="800001775",="Present",="11/24/2025",="NUR135-P",
="800001775",="Present",="12/1/2025",="NUR135-P",
="800001775",="Present",="12/8/2025",="NUR135-P",
="800001775",="Present",="9/19/2025",="NUR120-L-P1",
="800001775",="Absent",="10/17/2025",="NUR120-L-P1",
="800001775",="Present",="11/7/2025",="NUR120-L-P1",
="800001775",="Present",="11/14/2025",="NUR120-L-P1",
="800001775",="Present",="9/2/2025",="NUR120 -P",
="800001775",="Present",="9/9/2025",="NUR120 -P",
="800001775",="Present",="9/16/2025",="NUR120 -P",
="800001775",="Present",="9/30/2025",="NUR120 -P",
="800001775",="Present",="10/7/2025",="NUR120 -P",
="800001775",="Present",="10/14/2025",="NUR120 -P",
="800001775",="Present",="11/11/2025",="NUR120 -P",
="800001775",="Present",="11/18/2025",="NUR120 -P",
="800001775",="Present",="11/25/2025",="NUR120 -P",
="800001775",="Present",="12/2/2025",="NUR120 -P",
="800001775",="Present",="10/6/2025",="NUR135-L-P1",
="800001775",="Present",="10/20/2025",="NUR135-L-P1",
="800001775",="Present",="9/11/2025",="NUR125-L-P1",
="800001775",="Present",="9/18/2025",="NUR125-L-P1",
="800001775",="Present",="9/25/2025",="NUR125-L-P1",
="800001775",="Present",="10/2/2025",="NUR125-L-P1",
="800001775",="Present",="10/9/2025",="NUR125-L-P1",
="800001775",="Present",="10/16/2025",="NUR125-L-P1",
="800001775",="Present",="11/6/2025",="NUR125-L-P1",
="800001775",="Present",="11/13/2025",="NUR125-L-P1",
="800001775",="Present",="11/20/2025",="NUR125-L-P1",
="800001775",="Present",="12/4/2025",="NUR125-L-P1",
="800001775",="Present",="12/11/2025",="NUR125-L-P1",
="800001775",="Present",="9/10/2025",="PHARM130-P",
="800001775",="Present",="9/17/2025",="PHARM130-P",
="800001775",="Present",="9/24/2025",="PHARM130-P",
="800001775",="Present",="10/1/2025",="PHARM130-P",
="800001775",="Present",="10/8/2025",="PHARM130-P",
="800001775",="Present",="10/15/2025",="PHARM130-P",
="800001775",="Absent",="10/22/2025",="PHARM130-P",
="800001775",="Present",="10/29/2025",="PHARM130-P",
="800001775",="Present",="11/5/2025",="PHARM130-P",
="800001775",="Present",="11/12/2025",="PHARM130-P",
="800001775",="Present",="11/19/2025",="PHARM130-P",
="800001775",="Present",="12/3/2025",="PHARM130-P",
="800001775",="Present",="12/10/2025",="PHARM130-P",
="800001775",="Present",="9/4/2025",="NUR125-P",
="800001775",="Present",="9/11/2025",="NUR125-P",
="800001775",="Present",="9/18/2025",="NUR125-P",
="800001775",="Present",="9/25/2025",="NUR125-P",
="800001775",="Present",="10/2/2025",="NUR125-P",
="800001775",="Present",="10/9/2025",="NUR125-P",
="800001775",="Present",="11/6/2025",="NUR125-P",
="800001775",="Present",="11/13/2025",="NUR125-P",
="800001775",="Present",="11/20/2025",="NUR125-P",
="800001775",="Present",="12/4/2025",="NUR125-P",
="800001775",="Present",="12/11/2025",="NUR125-P",
="800001778",="Present",="9/8/2025",="NUR135-P",
="800001778",="Present",="9/15/2025",="NUR135-P",
="800001778",="Present",="9/22/2025",="NUR135-P",
="800001778",="Present",="9/29/2025",="NUR135-P",
="800001778",="Present",="10/13/2025",="NUR135-P",
="800001778",="Present",="11/3/2025",="NUR135-P",
="800001778",="Present",="11/10/2025",="NUR135-P",
="800001778",="Present",="11/17/2025",="NUR135-P",
="800001778",="Present",="11/24/2025",="NUR135-P",
="800001778",="Present",="12/1/2025",="NUR135-P",
="800001778",="Present",="12/8/2025",="NUR135-P",
="800001778",="Present",="9/10/2025",="PHARM130-P",
="800001778",="Present",="9/17/2025",="PHARM130-P",
="800001778",="Present",="9/24/2025",="PHARM130-P",
="800001778",="Present",="10/1/2025",="PHARM130-P",
="800001778",="Present",="10/8/2025",="PHARM130-P",
="800001778",="Present",="10/15/2025",="PHARM130-P",
="800001778",="Present",="10/22/2025",="PHARM130-P",
="800001778",="Present",="10/29/2025",="PHARM130-P",
="800001778",="Present",="11/5/2025",="PHARM130-P",
="800001778",="Present",="11/12/2025",="PHARM130-P",
="800001778",="Present",="11/19/2025",="PHARM130-P",
="800001778",="Present",="12/3/2025",="PHARM130-P",
="800001778",="Present",="12/10/2025",="PHARM130-P",
="800001778",="Present",="9/2/2025",="NUR120 -P",
="800001778",="Present",="9/9/2025",="NUR120 -P",
="800001778",="Present",="9/16/2025",="NUR120 -P",
="800001778",="Present",="9/30/2025",="NUR120 -P",
="800001778",="Present",="10/7/2025",="NUR120 -P",
="800001778",="Present",="10/14/2025",="NUR120 -P",
="800001778",="Present",="11/11/2025",="NUR120 -P",
="800001778",="Present",="11/18/2025",="NUR120 -P",
="800001778",="Present",="11/25/2025",="NUR120 -P",
="800001778",="Present",="12/2/2025",="NUR120 -P",
="800001778",="Present",="10/6/2025",="NUR135-L-P1",
="800001778",="Present",="10/20/2025",="NUR135-L-P1",
="800001778",="Present",="9/19/2025",="NUR120-L-P1",
="800001778",="Present",="10/17/2025",="NUR120-L-P1",
="800001778",="Present",="11/7/2025",="NUR120-L-P1",
="800001778",="Present",="11/14/2025",="NUR120-L-P1",
="800001778",="Present",="9/4/2025",="NUR125-P",
="800001778",="Present",="9/11/2025",="NUR125-P",
="800001778",="Present",="9/18/2025",="NUR125-P",
="800001778",="Present",="9/25/2025",="NUR125-P",
="800001778",="Present",="10/2/2025",="NUR125-P",
="800001778",="Present",="10/9/2025",="NUR125-P",
="800001778",="Present",="11/6/2025",="NUR125-P",
="800001778",="Present",="11/13/2025",="NUR125-P",
="800001778",="Present",="11/20/2025",="NUR125-P",
="800001778",="Present",="12/4/2025",="NUR125-P",
="800001778",="Present",="12/11/2025",="NUR125-P",
="800001778",="Present",="9/11/2025",="NUR125-L-P1",
="800001778",="Present",="9/18/2025",="NUR125-L-P1",
="800001778",="Present",="9/25/2025",="NUR125-L-P1",
="800001778",="Present",="10/2/2025",="NUR125-L-P1",
="800001778",="Present",="10/9/2025",="NUR125-L-P1",
="800001778",="Present",="10/16/2025",="NUR125-L-P1",
="800001778",="Present",="11/6/2025",="NUR125-L-P1",
="800001778",="Present",="11/13/2025",="NUR125-L-P1",
="800001778",="Present",="11/20/2025",="NUR125-L-P1",
="800001778",="Present",="12/4/2025",="NUR125-L-P1",
="800001778",="Present",="12/11/2025",="NUR125-L-P1",
="800001689",="Present",="9/10/2025",="PHARM130-P",
="800001689",="Present",="9/17/2025",="PHARM130-P",
="800001689",="Present",="9/24/2025",="PHARM130-P",
="800001689",="Present",="10/1/2025",="PHARM130-P",
="800001689",="Present",="10/8/2025",="PHARM130-P",
="800001689",="Present",="10/15/2025",="PHARM130-P",
="800001689",="Present",="10/22/2025",="PHARM130-P",
="800001689",="Present",="10/29/2025",="PHARM130-P",
="800001689",="Present",="11/5/2025",="PHARM130-P",
="800001689",="Present",="11/12/2025",="PHARM130-P",
="800001689",="Present",="11/19/2025",="PHARM130-P",
="800001689",="Present",="12/3/2025",="PHARM130-P",
="800001689",="Present",="12/10/2025",="PHARM130-P",
="800001689",="Absent",="9/9/2025",="NUR120 -P",
="800001689",="Present",="9/16/2025",="NUR120 -P",
="800001689",="Present",="9/30/2025",="NUR120 -P",
="800001689",="Present",="10/7/2025",="NUR120 -P",
="800001689",="Present",="10/14/2025",="NUR120 -P",
="800001689",="Present",="11/11/2025",="NUR120 -P",
="800001689",="Present",="11/18/2025",="NUR120 -P",
="800001689",="Absent",="11/25/2025",="NUR120 -P",
="800001689",="Present",="12/2/2025",="NUR120 -P",
="800001689",="Absent",="9/6/2025",="NUT100 -OL",
="800001689",="Present",="9/13/2025",="NUT100 -OL",
="800001689",="Present",="9/20/2025",="NUT100 -OL",
="800001689",="Present",="9/27/2025",="NUT100 -OL",
="800001689",="Present",="10/4/2025",="NUT100 -OL",
="800001689",="Present",="10/11/2025",="NUT100 -OL",
="800001689",="Present",="10/18/2025",="NUT100 -OL",
="800001689",="Present",="10/25/2025",="NUT100 -OL",
="800001689",="Present",="11/1/2025",="NUT100 -OL",
="800001689",="Absent",="11/8/2025",="NUT100 -OL",
="800001689",="Present",="11/15/2025",="NUT100 -OL",
="800001689",="Present",="11/22/2025",="NUT100 -OL",
="800001689",="Present",="11/29/2025",="NUT100 -OL",
="800001689",="Present",="12/6/2025",="NUT100 -OL",
="800001142",="Absent",="10/2/2025",="NUR236-L-P1",
="800001142",="Present",="9/9/2025",="MCB100 -A",
="800001142",="Present",="9/16/2025",="MCB100 -A",
="800001142",="Present",="9/23/2025",="MCB100 -A",
="800001142",="Present",="9/30/2025",="MCB100 -A",
="800001142",="Present",="10/7/2025",="MCB100 -A",
="800001142",="Present",="10/14/2025",="MCB100 -A",
="800001142",="Present",="10/21/2025",="MCB100 -A",
="800001142",="Present",="10/28/2025",="MCB100 -A",
="800001142",="Present",="11/4/2025",="MCB100 -A",
="800001142",="Present",="11/11/2025",="MCB100 -A",
="800001142",="Present",="11/18/2025",="MCB100 -A",
="800001142",="Present",="11/25/2025",="MCB100 -A",
="800001142",="Present",="12/2/2025",="MCB100 -A",
="800001142",="Present",="12/9/2025",="MCB100 -A",
="800001142",="Absent",="9/4/2025",="NUR236-P",
="800001142",="Present",="9/11/2025",="NUR236-P",
="800001142",="Present",="9/18/2025",="NUR236-P",
="800001142",="Present",="9/25/2025",="NUR236-P",
="800001142",="Present",="10/9/2025",="NUR236-P",
="800001142",="Present",="10/16/2025",="NUR236-P",
="800001142",="Present",="12/4/2025",="NUR236-P",
="800001142",="Present",="9/6/2025",="HUM200 -OL",
="800001142",="Present",="9/13/2025",="HUM200 -OL",
="800001142",="Present",="9/20/2025",="HUM200 -OL",
="800001142",="Present",="9/27/2025",="HUM200 -OL",
="800001142",="Present",="10/4/2025",="HUM200 -OL",
="800001142",="Present",="10/11/2025",="HUM200 -OL",
="800001142",="Present",="10/18/2025",="HUM200 -OL",
="800001142",="Present",="10/25/2025",="HUM200 -OL",
="800001142",="Present",="11/1/2025",="HUM200 -OL",
="800001142",="Present",="11/8/2025",="HUM200 -OL",
="800001142",="Present",="11/15/2025",="HUM200 -OL",
="800001142",="Present",="11/22/2025",="HUM200 -OL",
="800001142",="Present",="12/6/2025",="HUM200 -OL",
="800001142",="Present",="10/20/2025",="NUR245-C-P1",
="800001142",="Present",="10/21/2025",="NUR245-C-P1",
="800001142",="Present",="9/2/2025",="NUR245 - P",
="800001142",="Present",="9/9/2025",="NUR245 - P",
="800001142",="Present",="9/23/2025",="NUR245 - P",
="800001142",="Present",="9/30/2025",="NUR245 - P",
="800001142",="Present",="10/7/2025",="NUR245 - P",
="800001142",="Present",="10/14/2025",="NUR245 - P",
="800001142",="Present",="11/4/2025",="NUR245 - P",
="800001142",="Present",="11/11/2025",="NUR245 - P",
="800001142",="Present",="11/18/2025",="NUR245 - P",
="800001142",="Present",="11/25/2025",="NUR245 - P",
="800001142",="Present",="12/2/2025",="NUR245 - P",
="800001735",="Present",="9/9/2025",="NUR125-L-A1",
="800001735",="Present",="9/16/2025",="NUR125-L-A1",
="800001735",="Present",="9/23/2025",="NUR125-L-A1",
="800001735",="Present",="9/30/2025",="NUR125-L-A1",
="800001735",="Present",="10/7/2025",="NUR125-L-A1",
="800001735",="Present",="10/14/2025",="NUR125-L-A1",
="800001735",="Present",="11/4/2025",="NUR125-L-A1",
="800001735",="Present",="11/11/2025",="NUR125-L-A1",
="800001735",="Present",="11/18/2025",="NUR125-L-A1",
="800001735",="Present",="11/25/2025",="NUR125-L-A1",
="800001735",="Present",="12/2/2025",="NUR125-L-A1",
="800001735",="Present",="9/2/2025",="NUR120-A",
="800001735",="Present",="9/9/2025",="NUR120-A",
="800001735",="Present",="9/16/2025",="NUR120-A",
="800001735",="Present",="9/30/2025",="NUR120-A",
="800001735",="Present",="10/7/2025",="NUR120-A",
="800001735",="Present",="10/14/2025",="NUR120-A",
="800001735",="Present",="11/11/2025",="NUR120-A",
="800001735",="Present",="11/18/2025",="NUR120-A",
="800001735",="Present",="11/25/2025",="NUR120-A",
="800001735",="Present",="12/2/2025",="NUR120-A",
="800001735",="Present",="9/15/2025",="NUR120-L-A1",
="800001735",="No class",="10/6/2025",="NUR120-L-A1",
="800001735",="Present",="11/3/2025",="NUR120-L-A1",
="800001735",="Present",="11/10/2025",="NUR120-L-A1",
="800001735",="No class",="11/17/2025",="NUR120-L-A1",
="800001735",="Present",="9/9/2025",="NUR125-A",
="800001735",="Present",="9/16/2025",="NUR125-A",
="800001735",="Present",="9/23/2025",="NUR125-A",
="800001735",="Present",="9/30/2025",="NUR125-A",
="800001735",="Present",="10/7/2025",="NUR125-A",
="800001735",="Present",="10/14/2025",="NUR125-A",
="800001735",="Present",="11/4/2025",="NUR125-A",
="800001735",="Present",="11/11/2025",="NUR125-A",
="800001735",="Present",="11/18/2025",="NUR125-A",
="800001735",="Present",="11/25/2025",="NUR125-A",
="800001735",="Present",="12/2/2025",="NUR125-A",
="800001434",="Present",="9/2/2025",="NUR120-A",
="800001434",="Present",="9/9/2025",="NUR120-A",
="800001434",="Present",="9/16/2025",="NUR120-A",
="800001434",="Present",="9/30/2025",="NUR120-A",
="800001434",="Present",="10/7/2025",="NUR120-A",
="800001434",="Present",="10/14/2025",="NUR120-A",
="800001434",="Present",="11/11/2025",="NUR120-A",
="800001434",="Present",="11/18/2025",="NUR120-A",
="800001434",="Present",="11/25/2025",="NUR120-A",
="800001434",="Present",="12/2/2025",="NUR120-A",
="800001434",="Present",="9/4/2025",="PHARM130-A",
="800001434",="Present",="9/11/2025",="PHARM130-A",
="800001434",="Present",="9/18/2025",="PHARM130-A",
="800001434",="Present",="9/25/2025",="PHARM130-A",
="800001434",="Present",="10/2/2025",="PHARM130-A",
="800001434",="Present",="10/9/2025",="PHARM130-A",
="800001434",="Present",="10/16/2025",="PHARM130-A",
="800001434",="Present",="10/23/2025",="PHARM130-A",
="800001434",="Present",="10/30/2025",="PHARM130-A",
="800001434",="Present",="11/6/2025",="PHARM130-A",
="800001434",="Present",="11/13/2025",="PHARM130-A",
="800001434",="Present",="11/20/2025",="PHARM130-A",
="800001434",="Present",="12/4/2025",="PHARM130-A",
="800001434",="Present",="9/6/2025",="NUT100 -OL",
="800001434",="Present",="9/13/2025",="NUT100 -OL",
="800001434",="Present",="9/20/2025",="NUT100 -OL",
="800001434",="Present",="9/27/2025",="NUT100 -OL",
="800001434",="Present",="10/4/2025",="NUT100 -OL",
="800001434",="Present",="10/11/2025",="NUT100 -OL",
="800001434",="Present",="10/18/2025",="NUT100 -OL",
="800001434",="Present",="10/25/2025",="NUT100 -OL",
="800001434",="Present",="11/1/2025",="NUT100 -OL",
="800001434",="Present",="11/8/2025",="NUT100 -OL",
="800001434",="Present",="11/15/2025",="NUT100 -OL",
="800001434",="Present",="11/22/2025",="NUT100 -OL",
="800001434",="Absent",="11/29/2025",="NUT100 -OL",
="800001643",="Present",="9/4/2025",="NUR125-P",
="800001643",="Present",="9/11/2025",="NUR125-P",
="800001643",="Present",="9/18/2025",="NUR125-P",
="800001643",="Present",="9/25/2025",="NUR125-P",
="800001643",="Present",="10/2/2025",="NUR125-P",
="800001643",="Present",="10/9/2025",="NUR125-P",
="800001643",="Present",="11/6/2025",="NUR125-P",
="800001643",="Present",="11/13/2025",="NUR125-P",
="800001643",="Present",="11/20/2025",="NUR125-P",
="800001643",="Present",="12/4/2025",="NUR125-P",
="800001643",="Present",="12/11/2025",="NUR125-P",
="800001643",="Present",="9/11/2025",="NUR125-L-P1",
="800001643",="Present",="9/18/2025",="NUR125-L-P1",
="800001643",="Present",="9/25/2025",="NUR125-L-P1",
="800001643",="Present",="10/2/2025",="NUR125-L-P1",
="800001643",="Present",="10/9/2025",="NUR125-L-P1",
="800001643",="Present",="10/16/2025",="NUR125-L-P1",
="800001643",="Present",="11/6/2025",="NUR125-L-P1",
="800001643",="Present",="11/13/2025",="NUR125-L-P1",
="800001643",="Present",="11/20/2025",="NUR125-L-P1",
="800001643",="Present",="12/4/2025",="NUR125-L-P1",
="800001643",="Present",="12/11/2025",="NUR125-L-P1",
="800001643",="Present",="9/10/2025",="PHARM130-P",
="800001643",="Present",="9/17/2025",="PHARM130-P",
="800001643",="Present",="9/24/2025",="PHARM130-P",
="800001643",="Present",="10/1/2025",="PHARM130-P",
="800001643",="Present",="10/8/2025",="PHARM130-P",
="800001643",="Present",="10/15/2025",="PHARM130-P",
="800001643",="Present",="10/22/2025",="PHARM130-P",
="800001643",="Present",="10/29/2025",="PHARM130-P",
="800001643",="Present",="11/5/2025",="PHARM130-P",
="800001643",="Present",="11/12/2025",="PHARM130-P",
="800001643",="Present",="11/19/2025",="PHARM130-P",
="800001643",="Present",="12/3/2025",="PHARM130-P",
="800001643",="Present",="12/10/2025",="PHARM130-P",
="800001909",="Present",="9/6/2025",="COL010 - OL I",
="800001909",="Present",="9/13/2025",="COL010 - OL I",
="800001909",="Present",="9/20/2025",="COL010 - OL I",
="800001909",="Present",="9/27/2025",="COL010 - OL I",
="800001934",="Present",="9/2/2025",="AP100-A",
="800001934",="Present",="9/9/2025",="AP100-A",
="800001934",="Present",="9/16/2025",="AP100-A",
="800001934",="Present",="9/23/2025",="AP100-A",
="800001934",="Present",="9/30/2025",="AP100-A",
="800001934",="Present",="10/7/2025",="AP100-A",
="800001934",="Present",="10/14/2025",="AP100-A",
="800001934",="Present",="10/21/2025",="AP100-A",
="800001934",="Present",="10/28/2025",="AP100-A",
="800001934",="Present",="11/4/2025",="AP100-A",
="800001934",="Present",="11/11/2025",="AP100-A",
="800001934",="Present",="11/18/2025",="AP100-A",
="800001934",="Present",="11/25/2025",="AP100-A",
="800001934",="Present",="12/2/2025",="AP100-A",
="800001934",="Present",="12/9/2025",="AP100-A",
="800001934",="Present",="9/2/2025",="NUR100-L-A2",
="800001934",="Present",="9/9/2025",="NUR100-L-A2",
="800001934",="Present",="9/16/2025",="NUR100-L-A2",
="800001934",="Present",="9/23/2025",="NUR100-L-A2",
="800001934",="Present",="9/30/2025",="NUR100-L-A2",
="800001934",="Present",="10/7/2025",="NUR100-L-A2",
="800001934",="Present",="10/14/2025",="NUR100-L-A2",
="800001934",="Present",="10/21/2025",="NUR100-L-A2",
="800001934",="Present",="10/28/2025",="NUR100-L-A2",
="800001934",="Present",="11/4/2025",="NUR100-L-A2",
="800001934",="Present",="11/11/2025",="NUR100-L-A2",
="800001934",="Present",="11/18/2025",="NUR100-L-A2",
="800001934",="Present",="11/25/2025",="NUR100-L-A2",
="800001934",="Present",="12/2/2025",="NUR100-L-A2",
="800001934",="Present",="12/9/2025",="NUR100-L-A2",
="800001934",="Present",="9/3/2025",="ENG101 -A",
="800001934",="Present",="9/10/2025",="ENG101 -A",
="800001934",="Present",="9/17/2025",="ENG101 -A",
="800001934",="Tardy/Late",="9/24/2025",="ENG101 -A",
="800001934",="Tardy/Late",="10/1/2025",="ENG101 -A",
="800001934",="Tardy/Late",="10/8/2025",="ENG101 -A",
="800001934",="Present",="10/15/2025",="ENG101 -A",
="800001934",="Present",="10/22/2025",="ENG101 -A",
="800001934",="Present",="10/29/2025",="ENG101 -A",
="800001934",="Tardy/Late",="11/5/2025",="ENG101 -A",
="800001934",="Present",="11/12/2025",="ENG101 -A",
="800001934",="Present",="11/19/2025",="ENG101 -A",
="800001934",="Present",="11/26/2025",="ENG101 -A",
="800001934",="Present",="12/3/2025",="ENG101 -A",
="800001934",="Present",="9/29/2025",="PHARM100-A",
="800001934",="Present",="10/6/2025",="PHARM100-A",
="800001934",="Present",="10/13/2025",="PHARM100-A",
="800001934",="Present",="11/17/2025",="PHARM100-A",
="800001934",="Present",="11/24/2025",="PHARM100-A",
="800001934",="Present",="12/1/2025",="PHARM100-A",
="800001934",="Present",="9/6/2025",="COL010 - OL II",
="800001934",="Absent",="9/13/2025",="COL010 - OL II",
="800001934",="Absent",="9/20/2025",="COL010 - OL II",
="800001934",="Present",="9/27/2025",="COL010 - OL II",
="800001934",="Present",="9/8/2025",="NUR100 -A",
="800001934",="Present",="9/15/2025",="NUR100 -A",
="800001934",="Present",="9/22/2025",="NUR100 -A",
="800001934",="Present",="9/29/2025",="NUR100 -A",
="800001934",="Present",="10/6/2025",="NUR100 -A",
="800001934",="Present",="10/13/2025",="NUR100 -A",
="800001934",="Present",="11/3/2025",="NUR100 -A",
="800001934",="Present",="11/10/2025",="NUR100 -A",
="800001934",="Present",="11/17/2025",="NUR100 -A",
="800001934",="Present",="11/24/2025",="NUR100 -A",
="800001934",="Present",="12/1/2025",="NUR100 -A",
="800001934",="Present",="12/8/2025",="NUR100 -A",
="800001925",="Present",="9/8/2025",="NUR100-P",
="800001925",="Present",="9/15/2025",="NUR100-P",
="800001925",="Present",="9/22/2025",="NUR100-P",
="800001925",="Present",="9/29/2025",="NUR100-P",
="800001925",="Absent",="10/6/2025",="NUR100-P",
="800001925",="Present",="10/13/2025",="NUR100-P",
="800001925",="Present",="11/3/2025",="NUR100-P",
="800001925",="Present",="11/10/2025",="NUR100-P",
="800001925",="Present",="11/17/2025",="NUR100-P",
="800001925",="Present",="11/24/2025",="NUR100-P",
="800001925",="Present",="12/1/2025",="NUR100-P",
="800001925",="Present",="9/5/2025",="ENG101 -P",
="800001925",="Present",="9/12/2025",="ENG101 -P",
="800001925",="Present",="9/19/2025",="ENG101 -P",
="800001925",="Present",="9/26/2025",="ENG101 -P",
="800001925",="Present",="10/3/2025",="ENG101 -P",
="800001925",="Present",="10/10/2025",="ENG101 -P",
="800001925",="Present",="10/17/2025",="ENG101 -P",
="800001925",="Present",="10/24/2025",="ENG101 -P",
="800001925",="Present",="10/31/2025",="ENG101 -P",
="800001925",="Present",="11/7/2025",="ENG101 -P",
="800001925",="Present",="11/14/2025",="ENG101 -P",
="800001925",="Present",="11/21/2025",="ENG101 -P",
="800001925",="Present",="9/9/2025",="NUR100-L-P1",
="800001925",="Present",="9/16/2025",="NUR100-L-P1",
="800001925",="Present",="9/23/2025",="NUR100-L-P1",
="800001925",="Present",="9/30/2025",="NUR100-L-P1",
="800001925",="Present",="10/7/2025",="NUR100-L-P1",
="800001925",="Present",="10/14/2025",="NUR100-L-P1",
="800001925",="Present",="10/21/2025",="NUR100-L-P1",
="800001925",="Present",="10/28/2025",="NUR100-L-P1",
="800001925",="Present",="11/4/2025",="NUR100-L-P1",
="800001925",="Present",="11/18/2025",="NUR100-L-P1",
="800001925",="Present",="11/25/2025",="NUR100-L-P1",
="800001925",="Present",="12/2/2025",="NUR100-L-P1",
="800001925",="Present",="9/6/2025",="COL010 - OL II",
="800001925",="Present",="9/13/2025",="COL010 - OL II",
="800001925",="Present",="9/20/2025",="COL010 - OL II",
="800001925",="Present",="9/27/2025",="COL010 - OL II",
="800001403",="Present",="9/3/2025",="NUR155-P",
="800001403",="Present",="9/10/2025",="NUR155-P",
="800001403",="Present",="9/17/2025",="NUR155-P",
="800001403",="Present",="9/24/2025",="NUR155-P",
="800001403",="Present",="10/1/2025",="NUR155-P",
="800001403",="Present",="10/8/2025",="NUR155-P",
="800001403",="Present",="10/15/2025",="NUR155-P",
="800001403",="Present",="10/22/2025",="NUR155-P",
="800001403",="Present",="10/29/2025",="NUR155-P",
="800001403",="Present",="11/5/2025",="NUR155-P",
="800001403",="Present",="11/12/2025",="NUR155-P",
="800001403",="Present",="11/19/2025",="NUR155-P",
="800001403",="Present",="11/26/2025",="NUR155-P",
="800001403",="Present",="12/3/2025",="NUR155-P",
="800001403",="Present",="12/10/2025",="NUR155-P",
="800001403",="Present",="9/4/2025",="NUR140-A",
="800001403",="Present",="9/11/2025",="NUR140-A",
="800001403",="Present",="9/18/2025",="NUR140-A",
="800001403",="Present",="9/25/2025",="NUR140-A",
="800001403",="Present",="10/2/2025",="NUR140-A",
="800001403",="Present",="10/9/2025",="NUR140-A",
="800001403",="Present",="10/16/2025",="NUR140-A",
="800001403",="Present",="11/6/2025",="NUR140-A",
="800001403",="Present",="11/13/2025",="NUR140-A",
="800001403",="Present",="11/20/2025",="NUR140-A",
="800001403",="Present",="9/15/2025",="NUR145 - P",
="800001403",="Absent",="9/22/2025",="NUR145 - P",
="800001403",="Present",="9/29/2025",="NUR145 - P",
="800001403",="Present",="10/6/2025",="NUR145 - P",
="800001403",="Present",="10/13/2025",="NUR145 - P",
="800001403",="Present",="11/3/2025",="NUR145 - P",
="800001403",="Present",="11/10/2025",="NUR145 - P",
="800001403",="Present",="11/17/2025",="NUR145 - P",
="800001403",="Present",="11/24/2025",="NUR145 - P",
="800001403",="Present",="12/1/2025",="NUR145 - P",
="800001924",="Present",="9/8/2025",="NUR100-P",
="800001924",="Present",="9/15/2025",="NUR100-P",
="800001924",="Present",="9/22/2025",="NUR100-P",
="800001924",="Present",="9/29/2025",="NUR100-P",
="800001924",="Present",="10/6/2025",="NUR100-P",
="800001924",="Present",="10/13/2025",="NUR100-P",
="800001924",="Present",="11/3/2025",="NUR100-P",
="800001924",="Present",="11/10/2025",="NUR100-P",
="800001924",="Present",="11/17/2025",="NUR100-P",
="800001924",="Present",="11/24/2025",="NUR100-P",
="800001924",="Present",="12/1/2025",="NUR100-P",
="800001924",="Present",="9/6/2025",="COL010 - OL II",
="800001924",="Present",="9/13/2025",="COL010 - OL II",
="800001924",="Present",="9/20/2025",="COL010 - OL II",
="800001924",="Present",="9/27/2025",="COL010 - OL II",
="800001924",="Present",="9/9/2025",="NUR100-L-P1",
="800001924",="Present",="9/16/2025",="NUR100-L-P1",
="800001924",="Present",="9/23/2025",="NUR100-L-P1",
="800001924",="Present",="9/30/2025",="NUR100-L-P1",
="800001924",="Present",="10/7/2025",="NUR100-L-P1",
="800001924",="Present",="10/14/2025",="NUR100-L-P1",
="800001924",="Present",="10/21/2025",="NUR100-L-P1",
="800001924",="Present",="10/28/2025",="NUR100-L-P1",
="800001924",="Present",="11/4/2025",="NUR100-L-P1",
="800001924",="Present",="11/18/2025",="NUR100-L-P1",
="800001924",="Present",="11/25/2025",="NUR100-L-P1",
="800001924",="Present",="12/2/2025",="NUR100-L-P1",
="800001924",="Present",="9/5/2025",="ENG101 -P",
="800001924",="Present",="9/12/2025",="ENG101 -P",
="800001924",="Present",="9/19/2025",="ENG101 -P",
="800001924",="Present",="9/26/2025",="ENG101 -P",
="800001924",="Present",="10/3/2025",="ENG101 -P",
="800001924",="Present",="10/10/2025",="ENG101 -P",
="800001924",="Present",="10/17/2025",="ENG101 -P",
="800001924",="Present",="10/24/2025",="ENG101 -P",
="800001924",="Present",="10/31/2025",="ENG101 -P",
="800001924",="Present",="11/7/2025",="ENG101 -P",
="800001924",="Present",="11/14/2025",="ENG101 -P",
="800001924",="Present",="11/21/2025",="ENG101 -P",
="800001922",="Present",="9/6/2025",="COL010 - OL II",
="800001922",="Present",="9/13/2025",="COL010 - OL II",
="800001922",="Present",="9/20/2025",="COL010 - OL II",
="800001922",="Present",="9/27/2025",="COL010 - OL II",
="800001922",="Present",="9/5/2025",="ENG101 -P",
="800001922",="Present",="9/12/2025",="ENG101 -P",
="800001922",="Present",="9/19/2025",="ENG101 -P",
="800001922",="Present",="9/26/2025",="ENG101 -P",
="800001922",="Present",="10/3/2025",="ENG101 -P",
="800001922",="Present",="10/10/2025",="ENG101 -P",
="800001922",="Present",="10/17/2025",="ENG101 -P",
="800001922",="Present",="10/24/2025",="ENG101 -P",
="800001922",="Present",="10/31/2025",="ENG101 -P",
="800001922",="Present",="11/7/2025",="ENG101 -P",
="800001922",="Present",="11/14/2025",="ENG101 -P",
="800001922",="Present",="11/21/2025",="ENG101 -P",
="800001922",="Present",="9/3/2025",="AP100-P2",
="800001922",="Present",="9/10/2025",="AP100-P2",
="800001922",="Present",="9/17/2025",="AP100-P2",
="800001922",="Present",="9/24/2025",="AP100-P2",
="800001922",="Present",="10/1/2025",="AP100-P2",
="800001922",="Present",="10/8/2025",="AP100-P2",
="800001922",="Present",="10/15/2025",="AP100-P2",
="800001922",="Present",="10/22/2025",="AP100-P2",
="800001922",="Absent",="10/29/2025",="AP100-P2",
="800001922",="Present",="11/5/2025",="AP100-P2",
="800001922",="Present",="11/12/2025",="AP100-P2",
="800001922",="Present",="11/19/2025",="AP100-P2",
="800001922",="Present",="11/26/2025",="AP100-P2",
="800001922",="Present",="12/3/2025",="AP100-P2",
="800001922",="Present",="9/9/2025",="NUR100-L-P2",
="800001922",="Present",="9/16/2025",="NUR100-L-P2",
="800001922",="Present",="9/23/2025",="NUR100-L-P2",
="800001922",="Present",="9/30/2025",="NUR100-L-P2",
="800001922",="Present",="10/7/2025",="NUR100-L-P2",
="800001922",="Present",="10/14/2025",="NUR100-L-P2",
="800001922",="Present",="10/21/2025",="NUR100-L-P2",
="800001922",="Present",="10/28/2025",="NUR100-L-P2",
="800001922",="Present",="11/4/2025",="NUR100-L-P2",
="800001922",="Present",="11/18/2025",="NUR100-L-P2",
="800001922",="Present",="11/25/2025",="NUR100-L-P2",
="800001922",="Present",="12/2/2025",="NUR100-L-P2",
="800001922",="Present",="9/8/2025",="NUR100-P",
="800001922",="Present",="9/15/2025",="NUR100-P",
="800001922",="Present",="9/22/2025",="NUR100-P",
="800001922",="Present",="9/29/2025",="NUR100-P",
="800001922",="Present",="10/6/2025",="NUR100-P",
="800001922",="Present",="10/13/2025",="NUR100-P",
="800001922",="Present",="11/3/2025",="NUR100-P",
="800001922",="Present",="11/10/2025",="NUR100-P",
="800001922",="Present",="11/17/2025",="NUR100-P",
="800001922",="Present",="11/24/2025",="NUR100-P",
="800001922",="Present",="12/1/2025",="NUR100-P",
="800001922",="Present",="10/2/2025",="PHARM100-P2",
="800001922",="Present",="10/9/2025",="PHARM100-P2",
="800001922",="Present",="10/16/2025",="PHARM100-P2",
="800001922",="Present",="10/23/2025",="PHARM100-P2",
="800001922",="Absent",="10/30/2025",="PHARM100-P2",
="800001922",="Present",="11/6/2025",="PHARM100-P2",
="800001922",="Present",="11/13/2025",="PHARM100-P2",
="800001922",="Present",="11/20/2025",="PHARM100-P2",
="800001922",="Present",="12/4/2025",="PHARM100-P2",
="800001922",="Present",="12/11/2025",="PHARM100-P2",
="800001922",="Present",="9/6/2025",="PSY101 -OL II",
="800001922",="Present",="9/13/2025",="PSY101 -OL II",
="800001922",="Present",="9/20/2025",="PSY101 -OL II",
="800001922",="Present",="9/27/2025",="PSY101 -OL II",
="800001922",="Present",="10/4/2025",="PSY101 -OL II",
="800001922",="Present",="10/11/2025",="PSY101 -OL II",
="800001922",="Present",="10/18/2025",="PSY101 -OL II",
="800001922",="Present",="10/25/2025",="PSY101 -OL II",
="800001922",="Absent",="11/1/2025",="PSY101 -OL II",
="800001922",="Present",="11/8/2025",="PSY101 -OL II",
="800001922",="Present",="11/15/2025",="PSY101 -OL II",
="800001922",="Absent",="11/22/2025",="PSY101 -OL II",
="800001909",="Present",="9/3/2025",="AP100-P2",
="800001909",="Present",="9/10/2025",="AP100-P2",
="800001909",="Absent",="9/17/2025",="AP100-P2",
="800001909",="Present",="9/24/2025",="AP100-P2",
="800001909",="Present",="10/1/2025",="AP100-P2",
="800001909",="Present",="10/8/2025",="AP100-P2",
="800001909",="Present",="10/15/2025",="AP100-P2",
="800001909",="Present",="10/22/2025",="AP100-P2",
="800001909",="Present",="10/29/2025",="AP100-P2",
="800001909",="Present",="11/5/2025",="AP100-P2",
="800001909",="Present",="11/12/2025",="AP100-P2",
="800001909",="Present",="11/19/2025",="AP100-P2",
="800001909",="Present",="11/26/2025",="AP100-P2",
="800001909",="Present",="12/3/2025",="AP100-P2",
="800001909",="Present",="9/6/2025",="PSY101 -OL II",
="800001909",="Present",="9/13/2025",="PSY101 -OL II",
="800001909",="Present",="9/20/2025",="PSY101 -OL II",
="800001909",="Present",="9/27/2025",="PSY101 -OL II",
="800001909",="Present",="10/4/2025",="PSY101 -OL II",
="800001909",="Present",="10/11/2025",="PSY101 -OL II",
="800001909",="Present",="10/18/2025",="PSY101 -OL II",
="800001909",="Present",="10/25/2025",="PSY101 -OL II",
="800001909",="Present",="11/1/2025",="PSY101 -OL II",
="800001909",="Present",="11/8/2025",="PSY101 -OL II",
="800001909",="Present",="11/15/2025",="PSY101 -OL II",
="800001909",="Present",="11/22/2025",="PSY101 -OL II",
="800001919",="Present",="9/3/2025",="AP100-P2",
="800001919",="Present",="9/10/2025",="AP100-P2",
="800001919",="Present",="9/17/2025",="AP100-P2",
="800001919",="Present",="9/24/2025",="AP100-P2",
="800001919",="Absent",="10/1/2025",="AP100-P2",
="800001919",="Present",="10/8/2025",="AP100-P2",
="800001919",="Present",="10/15/2025",="AP100-P2",
="800001919",="Present",="10/22/2025",="AP100-P2",
="800001919",="Present",="10/29/2025",="AP100-P2",
="800001919",="Present",="11/5/2025",="AP100-P2",
="800001919",="Present",="11/12/2025",="AP100-P2",
="800001919",="Present",="11/19/2025",="AP100-P2",
="800001919",="Present",="11/26/2025",="AP100-P2",
="800001919",="Present",="12/3/2025",="AP100-P2",
="800001919",="Present",="9/6/2025",="COL010 - OL II",
="800001919",="Present",="9/13/2025",="COL010 - OL II",
="800001919",="Present",="9/20/2025",="COL010 - OL II",
="800001919",="Present",="9/27/2025",="COL010 - OL II",
="800001910",="Present",="9/5/2025",="ENG101 -P",
="800001910",="Present",="9/12/2025",="ENG101 -P",
="800001910",="Present",="9/19/2025",="ENG101 -P",
="800001910",="Present",="9/26/2025",="ENG101 -P",
="800001910",="Present",="10/3/2025",="ENG101 -P",
="800001910",="Present",="10/10/2025",="ENG101 -P",
="800001910",="Present",="10/17/2025",="ENG101 -P",
="800001910",="Present",="10/24/2025",="ENG101 -P",
="800001910",="Present",="10/31/2025",="ENG101 -P",
="800001910",="Present",="11/7/2025",="ENG101 -P",
="800001910",="Present",="11/14/2025",="ENG101 -P",
="800001910",="Present",="11/21/2025",="ENG101 -P",
="800001602",="Present",="9/29/2025",="PHARM100-A",
="800001602",="Present",="10/6/2025",="PHARM100-A",
="800001602",="Present",="10/13/2025",="PHARM100-A",
="800001602",="Present",="11/3/2025",="PHARM100-A",
="800001602",="Absent",="9/6/2025",="NUT100 -OL",
="800001602",="Present",="9/13/2025",="NUT100 -OL",
="800001602",="Present",="9/20/2025",="NUT100 -OL",
="800001602",="Present",="9/27/2025",="NUT100 -OL",
="800001602",="Present",="10/4/2025",="NUT100 -OL",
="800001602",="Present",="10/11/2025",="NUT100 -OL",
="800001602",="Present",="10/18/2025",="NUT100 -OL",
="800001602",="Present",="10/25/2025",="NUT100 -OL",
="800001602",="Absent",="11/1/2025",="NUT100 -OL",
="800001497",="Present",="9/6/2025",="HUM200 -OL",
="800001497",="Present",="9/13/2025",="HUM200 -OL",
="800001497",="Present",="9/20/2025",="HUM200 -OL",
="800001497",="Absent",="9/27/2025",="HUM200 -OL",
="800001497",="Present",="10/4/2025",="HUM200 -OL",
="800001497",="Present",="10/11/2025",="HUM200 -OL",
="800001497",="Present",="10/18/2025",="HUM200 -OL",
="800001497",="Present",="10/25/2025",="HUM200 -OL",
="800001497",="Absent",="11/1/2025",="HUM200 -OL",
="800001497",="Absent",="11/8/2025",="HUM200 -OL",
="800001265",="Present",="9/4/2025",="NUR140-A",
="800001265",="Present",="9/11/2025",="NUR140-A",
="800001265",="Present",="9/18/2025",="NUR140-A",
="800001265",="Present",="9/25/2025",="NUR140-A",
="800001265",="Present",="10/2/2025",="NUR140-A",
="800001265",="Present",="10/9/2025",="NUR140-A",
="800001265",="Present",="10/16/2025",="NUR140-A",
="800001265",="Present",="11/6/2025",="NUR140-A",
="800001265",="Present",="11/13/2025",="NUR140-A",
="800001265",="Present",="11/20/2025",="NUR140-A",
="800001265",="Present",="9/3/2025",="NUR155-P",
="800001265",="Present",="9/10/2025",="NUR155-P",
="800001265",="Present",="9/17/2025",="NUR155-P",
="800001265",="Present",="9/24/2025",="NUR155-P",
="800001265",="Present",="10/1/2025",="NUR155-P",
="800001265",="Present",="10/8/2025",="NUR155-P",
="800001265",="Present",="10/15/2025",="NUR155-P",
="800001265",="Present",="10/22/2025",="NUR155-P",
="800001265",="Present",="10/29/2025",="NUR155-P",
="800001265",="Present",="11/5/2025",="NUR155-P",
="800001265",="Present",="11/12/2025",="NUR155-P",
="800001265",="Present",="11/19/2025",="NUR155-P",
="800001265",="Present",="11/26/2025",="NUR155-P",
="800001265",="Present",="12/3/2025",="NUR155-P",
="800001265",="Present",="12/10/2025",="NUR155-P",
="800000754",="Present",="9/8/2025",="PHARM225-P_ A",
="800000754",="Present",="9/15/2025",="PHARM225-P_ A",
="800000754",="Present",="9/22/2025",="PHARM225-P_ A",
="800000754",="Present",="9/29/2025",="PHARM225-P_ A",
="800000754",="Present",="10/6/2025",="PHARM225-P_ A",
="800000754",="Present",="10/13/2025",="PHARM225-P_ A",
="800000754",="Present",="9/6/2025",="HUM200 -OL",
="800000754",="Present",="9/13/2025",="HUM200 -OL",
="800000754",="Present",="9/20/2025",="HUM200 -OL",
="800000754",="Present",="9/27/2025",="HUM200 -OL",
="800000754",="Present",="10/4/2025",="HUM200 -OL",
="800000754",="Present",="10/11/2025",="HUM200 -OL",
="800000754",="Present",="10/18/2025",="HUM200 -OL",
="800000754",="Absent",="10/25/2025",="HUM200 -OL",
="800000754",="Absent",="11/1/2025",="HUM200 -OL",
="800000754",="Absent",="11/8/2025",="HUM200 -OL",
="800000754",="Present",="11/15/2025",="HUM200 -OL",
="800000754",="Present",="11/22/2025",="HUM200 -OL",
="800000754",="Present",="12/6/2025",="HUM200 -OL",
="800001265",="Present",="9/15/2025",="NUR145 - P",
="800001265",="Present",="9/22/2025",="NUR145 - P",
="800001265",="Present",="9/29/2025",="NUR145 - P",
="800001265",="Present",="10/6/2025",="NUR145 - P",
="800001265",="Present",="10/13/2025",="NUR145 - P",
="800001265",="Present",="11/3/2025",="NUR145 - P",
="800001265",="Present",="11/10/2025",="NUR145 - P",
="800001265",="Present",="11/17/2025",="NUR145 - P",
="800001265",="Present",="11/24/2025",="NUR145 - P",
="800001265",="Present",="12/1/2025",="NUR145 - P",
="800001813",="Present",="10/1/2025",="PHARM100-P",
="800001813",="Present",="10/8/2025",="PHARM100-P",
="800001813",="Present",="10/15/2025",="PHARM100-P",
="800001813",="Present",="10/22/2025",="PHARM100-P",
="800001813",="Present",="10/29/2025",="PHARM100-P",
="800001813",="Present",="11/5/2025",="PHARM100-P",
="800001813",="Present",="11/12/2025",="PHARM100-P",
="800001813",="Present",="12/3/2025",="PHARM100-P",
="800001502",="Present",="9/4/2025",="NUR140-A",
="800001502",="Present",="9/11/2025",="NUR140-A",
="800001502",="Present",="9/18/2025",="NUR140-A",
="800001502",="Present",="9/25/2025",="NUR140-A",
="800001502",="Present",="10/2/2025",="NUR140-A",
="800001502",="Present",="10/9/2025",="NUR140-A",
="800001502",="Present",="10/16/2025",="NUR140-A",
="800001502",="Absent",="11/6/2025",="NUR140-A",
="800001502",="Present",="11/13/2025",="NUR140-A",
="800001502",="Present",="11/20/2025",="NUR140-A",
="800001502",="Present",="9/15/2025",="NUR145 - P",
="800001502",="Present",="9/22/2025",="NUR145 - P",
="800001502",="Present",="9/29/2025",="NUR145 - P",
="800001502",="Present",="10/6/2025",="NUR145 - P",
="800001502",="Present",="10/13/2025",="NUR145 - P",
="800001502",="Present",="11/3/2025",="NUR145 - P",
="800001502",="Present",="11/10/2025",="NUR145 - P",
="800001502",="Present",="11/17/2025",="NUR145 - P",
="800001502",="Present",="11/24/2025",="NUR145 - P",
="800001502",="Present",="12/1/2025",="NUR145 - P",
="800001502",="Present",="9/3/2025",="NUR155-P",
="800001502",="Present",="9/10/2025",="NUR155-P",
="800001502",="Present",="9/17/2025",="NUR155-P",
="800001502",="Present",="9/24/2025",="NUR155-P",
="800001502",="Present",="10/1/2025",="NUR155-P",
="800001502",="Present",="10/8/2025",="NUR155-P",
="800001502",="Present",="10/15/2025",="NUR155-P",
="800001502",="Present",="10/22/2025",="NUR155-P",
="800001502",="Present",="10/29/2025",="NUR155-P",
="800001502",="Present",="11/5/2025",="NUR155-P",
="800001502",="Present",="11/12/2025",="NUR155-P",
="800001502",="Present",="11/19/2025",="NUR155-P",
="800001502",="Present",="11/26/2025",="NUR155-P",
="800001502",="Present",="12/3/2025",="NUR155-P",
="800001502",="Present",="12/10/2025",="NUR155-P",
="800001502",="Present",="9/3/2025",="NUR150 -A",
="800001502",="Present",="9/10/2025",="NUR150 -A",
="800001502",="Present",="9/17/2025",="NUR150 -A",
="800001502",="Present",="9/24/2025",="NUR150 -A",
="800001502",="Present",="10/1/2025",="NUR150 -A",
="800001502",="Present",="10/8/2025",="NUR150 -A",
="800001502",="Present",="10/15/2025",="NUR150 -A",
="800001502",="Present",="11/5/2025",="NUR150 -A",
="800001502",="Present",="11/12/2025",="NUR150 -A",
="800001502",="Present",="11/19/2025",="NUR150 -A",
="800001528",="Present",="9/4/2025",="NUR140-A",
="800001528",="Present",="9/11/2025",="NUR140-A",
="800001528",="Present",="9/18/2025",="NUR140-A",
="800001528",="Present",="9/25/2025",="NUR140-A",
="800001528",="Present",="10/2/2025",="NUR140-A",
="800001528",="Present",="10/9/2025",="NUR140-A",
="800001528",="Absent",="10/16/2025",="NUR140-A",
="800001528",="Present",="11/6/2025",="NUR140-A",
="800001528",="Present",="11/13/2025",="NUR140-A",
="800001528",="Present",="11/20/2025",="NUR140-A",
="800001528",="Present",="9/3/2025",="NUR155-P",
="800001528",="Present",="9/10/2025",="NUR155-P",
="800001528",="Present",="9/17/2025",="NUR155-P",
="800001528",="Present",="9/24/2025",="NUR155-P",
="800001528",="Present",="10/1/2025",="NUR155-P",
="800001528",="Present",="10/8/2025",="NUR155-P",
="800001528",="Present",="10/15/2025",="NUR155-P",
="800001528",="Present",="10/22/2025",="NUR155-P",
="800001528",="Present",="10/29/2025",="NUR155-P",
="800001528",="Present",="11/5/2025",="NUR155-P",
="800001528",="Present",="11/12/2025",="NUR155-P",
="800001528",="Present",="11/19/2025",="NUR155-P",
="800001528",="Present",="11/26/2025",="NUR155-P",
="800001528",="Present",="12/3/2025",="NUR155-P",
="800001528",="Present",="12/10/2025",="NUR155-P",
="800001528",="Present",="9/2/2025",="NUR150-P",
="800001528",="Present",="9/9/2025",="NUR150-P",
="800001528",="Present",="9/16/2025",="NUR150-P",
="800001528",="Present",="9/23/2025",="NUR150-P",
="800001528",="Present",="9/30/2025",="NUR150-P",
="800001528",="Present",="10/7/2025",="NUR150-P",
="800001528",="Present",="11/4/2025",="NUR150-P",
="800001528",="Present",="11/11/2025",="NUR150-P",
="800001528",="Present",="11/18/2025",="NUR150-P",
="800001528",="Present",="11/25/2025",="NUR150-P",
="800001528",="Present",="12/2/2025",="NUR150-P",
="800001324",="Present",="9/6/2025",="HUM200 -OL",
="800001324",="Present",="9/13/2025",="HUM200 -OL",
="800001324",="Present",="9/20/2025",="HUM200 -OL",
="800001324",="Present",="10/4/2025",="HUM200 -OL",
="800001324",="Present",="10/11/2025",="HUM200 -OL",
="800001324",="Present",="10/18/2025",="HUM200 -OL",
="800001324",="Present",="10/25/2025",="HUM200 -OL",
="800001324",="Present",="11/1/2025",="HUM200 -OL",
="800001324",="Present",="11/8/2025",="HUM200 -OL",
="800001324",="Present",="11/15/2025",="HUM200 -OL",
="800001324",="Present",="11/22/2025",="HUM200 -OL",
="800001324",="Present",="12/6/2025",="HUM200 -OL",
="800001394",="Absent",="10/8/2025",="NUR135-L-A1",
="800001394",="Present",="9/3/2025",="NUR155-P",
="800001394",="Present",="9/10/2025",="NUR155-P",
="800001394",="Present",="9/17/2025",="NUR155-P",
="800001394",="Present",="9/24/2025",="NUR155-P",
="800001394",="Present",="10/1/2025",="NUR155-P",
="800001394",="Present",="10/8/2025",="NUR155-P",
="800001394",="Present",="10/15/2025",="NUR155-P",
="800001394",="Present",="10/22/2025",="NUR155-P",
="800001394",="Present",="10/29/2025",="NUR155-P",
="800001394",="Present",="11/5/2025",="NUR155-P",
="800001394",="Present",="11/12/2025",="NUR155-P",
="800001394",="Present",="11/19/2025",="NUR155-P",
="800001394",="Present",="11/26/2025",="NUR155-P",
="800001394",="Present",="12/3/2025",="NUR155-P",
="800001394",="Present",="12/10/2025",="NUR155-P",
="770000452",="Present",="9/6/2025",="PSY101 -OL II",
="770000452",="Present",="9/13/2025",="PSY101 -OL II",
="770000452",="Present",="9/20/2025",="PSY101 -OL II",
="770000452",="Present",="9/27/2025",="PSY101 -OL II",
="770000452",="Present",="10/4/2025",="PSY101 -OL II",
="770000452",="Present",="10/11/2025",="PSY101 -OL II",
="770000452",="Present",="10/18/2025",="PSY101 -OL II",
="770000452",="Present",="10/25/2025",="PSY101 -OL II",
="770000452",="Absent",="11/1/2025",="PSY101 -OL II",
="770000452",="Present",="11/8/2025",="PSY101 -OL II",
="770000452",="Present",="11/15/2025",="PSY101 -OL II",
="770000452",="Present",="11/22/2025",="PSY101 -OL II",
="800001322",="Present",="9/6/2025",="HUM200 -OL",
="800001322",="Present",="9/13/2025",="HUM200 -OL",
="800001322",="Present",="9/20/2025",="HUM200 -OL",
="800001322",="Present",="9/27/2025",="HUM200 -OL",
="800001322",="Present",="10/4/2025",="HUM200 -OL",
="800001322",="Present",="10/11/2025",="HUM200 -OL",
="800001322",="Present",="10/18/2025",="HUM200 -OL",
="800001322",="Present",="10/25/2025",="HUM200 -OL",
="800001322",="Present",="11/1/2025",="HUM200 -OL",
="800001322",="Present",="11/8/2025",="HUM200 -OL",
="800001322",="Present",="11/15/2025",="HUM200 -OL",
="800001322",="Present",="11/22/2025",="HUM200 -OL",
="800001322",="Present",="12/6/2025",="HUM200 -OL",
="800001925",="Present",="9/3/2025",="AP100-P2",
="800001925",="Present",="9/10/2025",="AP100-P2",
="800001925",="Present",="9/17/2025",="AP100-P2",
="800001925",="Present",="9/24/2025",="AP100-P2",
="800001925",="Present",="10/1/2025",="AP100-P2",
="800001925",="Present",="10/8/2025",="AP100-P2",
="800001925",="Present",="10/15/2025",="AP100-P2",
="800001925",="Present",="10/22/2025",="AP100-P2",
="800001925",="Present",="10/29/2025",="AP100-P2",
="800001925",="Present",="11/5/2025",="AP100-P2",
="800001925",="Present",="11/12/2025",="AP100-P2",
="800001925",="Absent",="11/19/2025",="AP100-P2",
="800001925",="Present",="11/26/2025",="AP100-P2",
="800001925",="Present",="12/3/2025",="AP100-P2",
="800001925",="Present",="10/2/2025",="PHARM100-P2",
="800001925",="Present",="10/9/2025",="PHARM100-P2",
="800001925",="Present",="10/16/2025",="PHARM100-P2",
="800001925",="Present",="10/23/2025",="PHARM100-P2",
="800001925",="Present",="10/30/2025",="PHARM100-P2",
="800001925",="Present",="11/6/2025",="PHARM100-P2",
="800001925",="Present",="11/13/2025",="PHARM100-P2",
="800001925",="Present",="11/20/2025",="PHARM100-P2",
="800001925",="Present",="12/4/2025",="PHARM100-P2",
="800001925",="Present",="12/11/2025",="PHARM100-P2",
="800001925",="Present",="9/6/2025",="PSY101 -OL II",
="800001925",="Present",="9/13/2025",="PSY101 -OL II",
="800001925",="Present",="9/20/2025",="PSY101 -OL II",
="800001925",="Present",="9/27/2025",="PSY101 -OL II",
="800001925",="Present",="10/4/2025",="PSY101 -OL II",
="800001925",="Present",="10/11/2025",="PSY101 -OL II",
="800001925",="Present",="10/18/2025",="PSY101 -OL II",
="800001925",="Present",="10/25/2025",="PSY101 -OL II",
="800001925",="Present",="11/1/2025",="PSY101 -OL II",
="800001925",="Present",="11/8/2025",="PSY101 -OL II",
="800001925",="Present",="11/15/2025",="PSY101 -OL II",
="800001925",="Present",="11/22/2025",="PSY101 -OL II",
="800001924",="Present",="9/3/2025",="AP100-P2",
="800001924",="Present",="9/10/2025",="AP100-P2",
="800001924",="Present",="9/17/2025",="AP100-P2",
="800001924",="Present",="9/24/2025",="AP100-P2",
="800001924",="Present",="10/1/2025",="AP100-P2",
="800001924",="Present",="10/8/2025",="AP100-P2",
="800001924",="Present",="10/15/2025",="AP100-P2",
="800001924",="Present",="10/22/2025",="AP100-P2",
="800001924",="Present",="10/29/2025",="AP100-P2",
="800001924",="Present",="11/5/2025",="AP100-P2",
="800001924",="Present",="11/12/2025",="AP100-P2",
="800001924",="Present",="11/19/2025",="AP100-P2",
="800001924",="Present",="11/26/2025",="AP100-P2",
="800001924",="Present",="12/3/2025",="AP100-P2",
="800001924",="Present",="9/6/2025",="PSY101 -OL II",
="800001924",="Present",="9/13/2025",="PSY101 -OL II",
="800001924",="Present",="9/20/2025",="PSY101 -OL II",
="800001924",="Present",="9/27/2025",="PSY101 -OL II",
="800001924",="Present",="10/4/2025",="PSY101 -OL II",
="800001924",="Present",="10/11/2025",="PSY101 -OL II",
="800001924",="Present",="10/18/2025",="PSY101 -OL II",
="800001924",="Present",="10/25/2025",="PSY101 -OL II",
="800001924",="Present",="11/1/2025",="PSY101 -OL II",
="800001924",="Present",="11/8/2025",="PSY101 -OL II",
="800001924",="Present",="11/15/2025",="PSY101 -OL II",
="800001924",="Present",="11/22/2025",="PSY101 -OL II",
="800001924",="Present",="10/2/2025",="PHARM100-P2",
="800001924",="Present",="10/9/2025",="PHARM100-P2",
="800001924",="Present",="10/16/2025",="PHARM100-P2",
="800001924",="Present",="10/23/2025",="PHARM100-P2",
="800001924",="Present",="10/30/2025",="PHARM100-P2",
="800001924",="Present",="11/6/2025",="PHARM100-P2",
="800001924",="Present",="11/13/2025",="PHARM100-P2",
="800001924",="Present",="11/20/2025",="PHARM100-P2",
="800001924",="Present",="12/4/2025",="PHARM100-P2",
="800001924",="Present",="12/11/2025",="PHARM100-P2",
="800001776",="Present",="9/11/2025",="NUR125-L-P1",
="800001776",="Present",="9/18/2025",="NUR125-L-P1",
="800001776",="Present",="9/25/2025",="NUR125-L-P1",
="800001776",="Present",="10/2/2025",="NUR125-L-P1",
="800001776",="Present",="10/9/2025",="NUR125-L-P1",
="800001776",="Present",="10/16/2025",="NUR125-L-P1",
="800001776",="Present",="11/6/2025",="NUR125-L-P1",
="800001776",="Present",="11/13/2025",="NUR125-L-P1",
="800001776",="Present",="11/20/2025",="NUR125-L-P1",
="800001776",="Present",="12/4/2025",="NUR125-L-P1",
="800001776",="Present",="12/11/2025",="NUR125-L-P1",
="800001776",="Present",="9/10/2025",="PHARM130-P",
="800001776",="Present",="9/17/2025",="PHARM130-P",
="800001776",="Present",="9/24/2025",="PHARM130-P",
="800001776",="Present",="10/1/2025",="PHARM130-P",
="800001776",="Present",="10/8/2025",="PHARM130-P",
="800001776",="Present",="10/15/2025",="PHARM130-P",
="800001776",="Present",="10/22/2025",="PHARM130-P",
="800001776",="Present",="10/29/2025",="PHARM130-P",
="800001776",="Present",="11/5/2025",="PHARM130-P",
="800001776",="Present",="11/12/2025",="PHARM130-P",
="800001776",="Present",="11/19/2025",="PHARM130-P",
="800001776",="Present",="12/3/2025",="PHARM130-P",
="800001776",="Present",="12/10/2025",="PHARM130-P",
="800001776",="Present",="9/2/2025",="NUR120 -P",
="800001776",="Present",="9/9/2025",="NUR120 -P",
="800001776",="Present",="9/16/2025",="NUR120 -P",
="800001776",="Present",="9/30/2025",="NUR120 -P",
="800001776",="Present",="10/7/2025",="NUR120 -P",
="800001776",="Present",="10/14/2025",="NUR120 -P",
="800001776",="Present",="11/11/2025",="NUR120 -P",
="800001776",="Present",="11/18/2025",="NUR120 -P",
="800001776",="Present",="11/25/2025",="NUR120 -P",
="800001776",="Present",="12/2/2025",="NUR120 -P",
="800001776",="Present",="9/4/2025",="NUR125-P",
="800001776",="Present",="9/11/2025",="NUR125-P",
="800001776",="Present",="9/18/2025",="NUR125-P",
="800001776",="Present",="9/25/2025",="NUR125-P",
="800001776",="Present",="10/2/2025",="NUR125-P",
="800001776",="Present",="10/9/2025",="NUR125-P",
="800001776",="Present",="11/6/2025",="NUR125-P",
="800001776",="Present",="11/13/2025",="NUR125-P",
="800001776",="Present",="11/20/2025",="NUR125-P",
="800001776",="Present",="12/4/2025",="NUR125-P",
="800001776",="Present",="12/11/2025",="NUR125-P",
="800001776",="Present",="9/6/2025",="NUT100 -OL",
="800001776",="Present",="9/13/2025",="NUT100 -OL",
="800001776",="Present",="9/20/2025",="NUT100 -OL",
="800001776",="Present",="9/27/2025",="NUT100 -OL",
="800001776",="Present",="10/4/2025",="NUT100 -OL",
="800001776",="Present",="10/11/2025",="NUT100 -OL",
="800001776",="Present",="10/18/2025",="NUT100 -OL",
="800001776",="Present",="10/25/2025",="NUT100 -OL",
="800001776",="Present",="11/1/2025",="NUT100 -OL",
="800001776",="Present",="11/8/2025",="NUT100 -OL",
="800001776",="Present",="11/15/2025",="NUT100 -OL",
="800001776",="Present",="11/22/2025",="NUT100 -OL",
="800001776",="Present",="11/29/2025",="NUT100 -OL",
="800001776",="Present",="12/6/2025",="NUT100 -OL",
="800001776",="Absent",="10/8/2025",="NUR135-L-A1",
="800001776",="Present",="9/19/2025",="NUR120-L-P1",
="800001776",="Present",="10/17/2025",="NUR120-L-P1",
="800001776",="Present",="11/7/2025",="NUR120-L-P1",
="800001776",="Present",="11/14/2025",="NUR120-L-P1",
="800001776",="Present",="9/8/2025",="NUR135-P",
="800001776",="Present",="9/15/2025",="NUR135-P",
="800001776",="Present",="9/22/2025",="NUR135-P",
="800001776",="Present",="9/29/2025",="NUR135-P",
="800001776",="Present",="10/13/2025",="NUR135-P",
="800001776",="Present",="11/3/2025",="NUR135-P",
="800001776",="Present",="11/10/2025",="NUR135-P",
="800001776",="Present",="11/17/2025",="NUR135-P",
="800001776",="Present",="11/24/2025",="NUR135-P",
="800001776",="Present",="12/1/2025",="NUR135-P",
="800001776",="Present",="12/8/2025",="NUR135-P",
="800001765",="Present",="9/2/2025",="AP100-A",
="800001765",="Absent",="9/9/2025",="AP100-A",
="800001765",="Present",="9/16/2025",="AP100-A",
="800001765",="Absent",="9/23/2025",="AP100-A",
="800001765",="Present",="9/30/2025",="AP100-A",
="800001765",="Present",="10/7/2025",="AP100-A",
="800001765",="Absent",="10/14/2025",="AP100-A",
="800001765",="Absent",="10/21/2025",="AP100-A",
="800001765",="Present",="10/28/2025",="AP100-A",
="800001765",="Absent",="11/4/2025",="AP100-A",
="800001765",="Present",="9/8/2025",="NUR100 -A",
="800001765",="Present",="9/15/2025",="NUR100 -A",
="800001765",="Present",="9/22/2025",="NUR100 -A",
="800001765",="Present",="9/29/2025",="NUR100 -A",
="800001765",="Present",="10/6/2025",="NUR100 -A",
="800001765",="Present",="10/13/2025",="NUR100 -A",
="800001765",="Present",="11/3/2025",="NUR100 -A",
="800001765",="Present",="9/2/2025",="NUR100-L-A2",
="800001765",="Present",="9/9/2025",="NUR100-L-A2",
="800001765",="Present",="9/16/2025",="NUR100-L-A2",
="800001765",="Present",="9/23/2025",="NUR100-L-A2",
="800001765",="Present",="9/30/2025",="NUR100-L-A2",
="800001765",="Present",="10/7/2025",="NUR100-L-A2",
="800001765",="Present",="10/14/2025",="NUR100-L-A2",
="800001765",="Present",="10/21/2025",="NUR100-L-A2",
="800001765",="Present",="10/28/2025",="NUR100-L-A2",
="800001765",="Present",="11/4/2025",="NUR100-L-A2",
="800001765",="Present",="9/29/2025",="PHARM100-A",
="800001765",="Absent",="10/6/2025",="PHARM100-A",
="800001765",="Absent",="10/13/2025",="PHARM100-A",
="800001587",="Present",="9/2/2025",="NUR150-P",
="800001587",="Present",="9/9/2025",="NUR150-P",
="800001587",="Present",="9/16/2025",="NUR150-P",
="800001587",="Present",="9/23/2025",="NUR150-P",
="800001587",="Present",="9/30/2025",="NUR150-P",
="800001587",="Present",="10/7/2025",="NUR150-P",
="800001587",="Present",="11/4/2025",="NUR150-P",
="800001587",="Present",="11/11/2025",="NUR150-P",
="800001587",="Present",="11/18/2025",="NUR150-P",
="800001587",="Present",="11/25/2025",="NUR150-P",
="800001587",="Present",="12/2/2025",="NUR150-P",
="770000409",="Present",="9/6/2025",="HUM200 -OL",
="770000409",="Present",="9/13/2025",="HUM200 -OL",
="770000409",="Present",="9/20/2025",="HUM200 -OL",
="770000409",="Present",="9/27/2025",="HUM200 -OL",
="770000409",="Present",="10/4/2025",="HUM200 -OL",
="770000409",="Present",="10/11/2025",="HUM200 -OL",
="770000409",="Present",="10/18/2025",="HUM200 -OL",
="770000409",="Present",="10/25/2025",="HUM200 -OL",
="770000409",="Present",="11/1/2025",="HUM200 -OL",
="770000409",="Present",="11/8/2025",="HUM200 -OL",
="770000409",="Absent",="11/15/2025",="HUM200 -OL",
="770000409",="Present",="11/22/2025",="HUM200 -OL",
="770000409",="Present",="12/6/2025",="HUM200 -OL",
="770000409",="Present",="9/8/2025",="PHARM225-P_B",
="770000409",="Present",="9/15/2025",="PHARM225-P_B",
="770000409",="Present",="9/22/2025",="PHARM225-P_B",
="770000409",="Present",="9/29/2025",="PHARM225-P_B",
="770000409",="Present",="10/6/2025",="PHARM225-P_B",
="770000409",="Present",="9/4/2025",="NUR236-P",
="770000409",="Present",="9/11/2025",="NUR236-P",
="770000409",="Present",="9/18/2025",="NUR236-P",
="770000409",="Present",="9/25/2025",="NUR236-P",
="770000409",="Present",="10/9/2025",="NUR236-P",
="770000409",="Present",="10/16/2025",="NUR236-P",
="770000409",="Present",="12/4/2025",="NUR236-P",
="770000409",="Present",="10/2/2025",="NUR236-L-P1",
="770000409",="Present",="9/2/2025",="NUR245 - P",
="770000409",="Present",="9/9/2025",="NUR245 - P",
="770000409",="Present",="9/23/2025",="NUR245 - P",
="770000409",="Present",="9/30/2025",="NUR245 - P",
="770000409",="Present",="10/7/2025",="NUR245 - P",
="770000409",="Present",="10/14/2025",="NUR245 - P",
="770000409",="Present",="11/4/2025",="NUR245 - P",
="770000409",="Present",="11/11/2025",="NUR245 - P",
="770000409",="Present",="11/18/2025",="NUR245 - P",
="770000409",="Present",="11/25/2025",="NUR245 - P",
="770000409",="Present",="12/2/2025",="NUR245 - P",
="800001867",="Present",="9/8/2025",="NUR100 -A",
="800001867",="Present",="9/15/2025",="NUR100 -A",
="800001867",="Present",="9/22/2025",="NUR100 -A",
="800001867",="Absent",="9/29/2025",="NUR100 -A",
="800001867",="Present",="10/6/2025",="NUR100 -A",
="800001867",="Present",="10/13/2025",="NUR100 -A",
="800001867",="Present",="11/3/2025",="NUR100 -A",
="800001867",="Present",="11/10/2025",="NUR100 -A",
="800001867",="Present",="11/17/2025",="NUR100 -A",
="800001867",="Present",="11/24/2025",="NUR100 -A",
="800001867",="Present",="12/1/2025",="NUR100 -A",
="800001867",="Present",="12/8/2025",="NUR100 -A",
="800001867",="Present",="9/2/2025",="NUR100-L-A2",
="800001867",="Present",="9/9/2025",="NUR100-L-A2",
="800001867",="Present",="9/16/2025",="NUR100-L-A2",
="800001867",="Present",="9/23/2025",="NUR100-L-A2",
="800001867",="Present",="9/30/2025",="NUR100-L-A2",
="800001867",="Present",="10/7/2025",="NUR100-L-A2",
="800001867",="Present",="10/14/2025",="NUR100-L-A2",
="800001867",="Present",="10/21/2025",="NUR100-L-A2",
="800001867",="Present",="10/28/2025",="NUR100-L-A2",
="800001867",="Present",="11/4/2025",="NUR100-L-A2",
="800001867",="Present",="11/11/2025",="NUR100-L-A2",
="800001867",="Present",="11/18/2025",="NUR100-L-A2",
="800001867",="Present",="11/25/2025",="NUR100-L-A2",
="800001867",="Present",="12/2/2025",="NUR100-L-A2",
="800001867",="Present",="12/9/2025",="NUR100-L-A2",
="800001867",="Absent",="9/29/2025",="PHARM100-A",
="800001867",="Present",="10/6/2025",="PHARM100-A",
="800001867",="Present",="10/13/2025",="PHARM100-A",
="800001867",="Present",="11/17/2025",="PHARM100-A",
="800001867",="Present",="11/24/2025",="PHARM100-A",
="800001867",="Present",="12/1/2025",="PHARM100-A",
="800001867",="Present",="9/2/2025",="AP100-A",
="800001867",="Present",="9/9/2025",="AP100-A",
="800001867",="Present",="9/16/2025",="AP100-A",
="800001867",="Present",="9/23/2025",="AP100-A",
="800001867",="Present",="9/30/2025",="AP100-A",
="800001867",="Present",="10/7/2025",="AP100-A",
="800001867",="Present",="10/14/2025",="AP100-A",
="800001867",="Present",="10/21/2025",="AP100-A",
="800001867",="Present",="10/28/2025",="AP100-A",
="800001867",="Present",="11/4/2025",="AP100-A",
="800001867",="Present",="11/11/2025",="AP100-A",
="800001867",="Present",="11/18/2025",="AP100-A",
="800001867",="Present",="11/25/2025",="AP100-A",
="800001867",="Present",="12/2/2025",="AP100-A",
="800001867",="Present",="12/9/2025",="AP100-A",
="800001394",="Present",="9/8/2025",="NUR135-P",
="800001394",="Present",="9/15/2025",="NUR135-P",
="800001394",="Present",="9/22/2025",="NUR135-P",
="800001394",="Present",="9/29/2025",="NUR135-P",
="800001394",="Present",="10/13/2025",="NUR135-P",
="800001394",="Present",="11/3/2025",="NUR135-P",
="800001394",="Present",="11/10/2025",="NUR135-P",
="800001394",="Present",="11/17/2025",="NUR135-P",
="800001394",="Present",="11/24/2025",="NUR135-P",
="800001394",="Present",="12/1/2025",="NUR135-P",
="800001394",="Present",="12/8/2025",="NUR135-P",
="800001410",="Present",="9/6/2025",="SOC101 -OL",
="800001410",="Present",="9/13/2025",="SOC101 -OL",
="800001410",="Present",="9/20/2025",="SOC101 -OL",
="800001410",="Present",="9/27/2025",="SOC101 -OL",
="800001410",="Present",="10/4/2025",="SOC101 -OL",
="800001410",="Present",="10/11/2025",="SOC101 -OL",
="800001410",="Present",="10/18/2025",="SOC101 -OL",
="800001410",="Present",="10/25/2025",="SOC101 -OL",
="800001410",="Present",="11/1/2025",="SOC101 -OL",
="800001410",="Present",="11/8/2025",="SOC101 -OL",
="800001410",="Present",="11/15/2025",="SOC101 -OL",
="800001410",="Present",="11/22/2025",="SOC101 -OL",
="800001410",="Present",="12/6/2025",="SOC101 -OL",
="800001410",="Present",="10/2/2025",="NUR236-L-P1",
="800001410",="Present",="9/5/2025",="STAT101-A",
="800001410",="Present",="9/12/2025",="STAT101-A",
="800001410",="Absent",="9/19/2025",="STAT101-A",
="800001410",="Present",="9/26/2025",="STAT101-A",
="800001410",="Present",="10/3/2025",="STAT101-A",
="800001410",="Present",="10/10/2025",="STAT101-A",
="800001410",="Present",="10/17/2025",="STAT101-A",
="800001410",="Present",="10/31/2025",="STAT101-A",
="800001410",="Present",="11/7/2025",="STAT101-A",
="800001410",="Present",="11/21/2025",="STAT101-A",
="800001410",="Present",="9/4/2025",="NUR236-P",
="800001410",="Present",="9/11/2025",="NUR236-P",
="800001410",="Present",="9/18/2025",="NUR236-P",
="800001410",="Present",="9/25/2025",="NUR236-P",
="800001410",="Present",="10/9/2025",="NUR236-P",
="800001410",="Present",="10/16/2025",="NUR236-P",
="800001410",="Present",="12/4/2025",="NUR236-P",
="800001410",="Present",="9/8/2025",="PHARM225-P_B",
="800001410",="Present",="9/15/2025",="PHARM225-P_B",
="800001410",="Present",="9/22/2025",="PHARM225-P_B",
="800001410",="Present",="9/29/2025",="PHARM225-P_B",
="800001410",="Present",="10/6/2025",="PHARM225-P_B",
="800001410",="Present",="9/9/2025",="MCB100 -A",
="800001410",="Present",="9/16/2025",="MCB100 -A",
="800001410",="Present",="9/23/2025",="MCB100 -A",
="800001410",="Present",="9/30/2025",="MCB100 -A",
="800001410",="Present",="10/7/2025",="MCB100 -A",
="800001410",="Present",="10/14/2025",="MCB100 -A",
="800001410",="Present",="10/21/2025",="MCB100 -A",
="800001410",="Present",="10/28/2025",="MCB100 -A",
="800001410",="Present",="11/4/2025",="MCB100 -A",
="800001410",="Present",="11/11/2025",="MCB100 -A",
="800001410",="Present",="11/18/2025",="MCB100 -A",
="800001410",="Present",="11/25/2025",="MCB100 -A",
="800001410",="Present",="12/2/2025",="MCB100 -A",
="800001410",="Present",="12/9/2025",="MCB100 -A",
="800000348",="Present",="9/2/2025",="NUR120-A",
="800000348",="Present",="9/9/2025",="NUR120-A",
="800000348",="Present",="9/16/2025",="NUR120-A",
="800000348",="Present",="9/30/2025",="NUR120-A",
="800000348",="Present",="10/7/2025",="NUR120-A",
="800000348",="Present",="10/14/2025",="NUR120-A",
="800000348",="Present",="9/4/2025",="PHARM130-A",
="800000348",="Present",="9/11/2025",="PHARM130-A",
="800000348",="Absent",="9/18/2025",="PHARM130-A",
="800000348",="Present",="9/25/2025",="PHARM130-A",
="800000348",="Present",="10/2/2025",="PHARM130-A",
="800000348",="Present",="10/9/2025",="PHARM130-A",
="800000348",="Present",="10/16/2025",="PHARM130-A",
="800000348",="Present",="10/23/2025",="PHARM130-A",
="800000348",="Present",="10/30/2025",="PHARM130-A",
="800000348",="Present",="11/6/2025",="PHARM130-A",
="800000348",="Present",="11/13/2025",="PHARM130-A",
="800000348",="Present",="11/20/2025",="PHARM130-A",
="800000348",="Present",="12/4/2025",="PHARM130-A",
="800000348",="Present",="9/6/2025",="NUT100 -OL",
="800000348",="Present",="9/13/2025",="NUT100 -OL",
="800000348",="Present",="9/20/2025",="NUT100 -OL",
="800000348",="Present",="9/27/2025",="NUT100 -OL",
="800000348",="Present",="10/4/2025",="NUT100 -OL",
="800000348",="Present",="10/11/2025",="NUT100 -OL",
="800000348",="Present",="10/18/2025",="NUT100 -OL",
="800000348",="Present",="10/25/2025",="NUT100 -OL",
="800000348",="Present",="11/1/2025",="NUT100 -OL",
="800000348",="Present",="11/8/2025",="NUT100 -OL",
="800000348",="Present",="11/15/2025",="NUT100 -OL",
="800000348",="Present",="11/22/2025",="NUT100 -OL",
="800000348",="Absent",="11/29/2025",="NUT100 -OL",
="800000348",="Present",="9/9/2025",="NUR125-L-A1",
="800000348",="Present",="9/16/2025",="NUR125-L-A1",
="800000348",="Present",="9/23/2025",="NUR125-L-A1",
="800000348",="Present",="9/30/2025",="NUR125-L-A1",
="800000348",="Present",="10/7/2025",="NUR125-L-A1",
="800000348",="Present",="10/14/2025",="NUR125-L-A1",
="800000348",="Present",="11/4/2025",="NUR125-L-A1",
="800000348",="Present",="11/11/2025",="NUR125-L-A1",
="800000348",="Present",="11/18/2025",="NUR125-L-A1",
="800000348",="Present",="11/25/2025",="NUR125-L-A1",
="800000348",="Present",="12/2/2025",="NUR125-L-A1",
="800000348",="Present",="9/9/2025",="NUR125-A",
="800000348",="Present",="9/16/2025",="NUR125-A",
="800000348",="Present",="9/23/2025",="NUR125-A",
="800000348",="Present",="9/30/2025",="NUR125-A",
="800000348",="Present",="10/7/2025",="NUR125-A",
="800000348",="Present",="10/14/2025",="NUR125-A",
="800000348",="Present",="11/4/2025",="NUR125-A",
="800000348",="Present",="11/11/2025",="NUR125-A",
="800000348",="Present",="11/18/2025",="NUR125-A",
="800000348",="Present",="11/25/2025",="NUR125-A",
="800000348",="Present",="12/2/2025",="NUR125-A",
="800000348",="Present",="9/3/2025",="NUR135-A",
="800000348",="Present",="9/10/2025",="NUR135-A",
="800000348",="Present",="9/17/2025",="NUR135-A",
="800000348",="Present",="9/24/2025",="NUR135-A",
="800000348",="Present",="10/1/2025",="NUR135-A",
="800000348",="No class",="10/15/2025",="NUR135-A",
="800000348",="Present",="10/8/2025",="NUR135-L-A1",
="800000952",="Present",="9/10/2025",="PHARM130-P",
="800000952",="Absent",="10/8/2025",="PHARM130-P",
="800000952",="Absent",="10/15/2025",="PHARM130-P",
="800000952",="Absent",="10/22/2025",="PHARM130-P",
="800000952",="Absent",="10/29/2025",="PHARM130-P",
="800000952",="Absent",="11/5/2025",="PHARM130-P",
="800000952",="Absent",="11/12/2025",="PHARM130-P",
="800000952",="Absent",="11/19/2025",="PHARM130-P",
="800000952",="Absent",="12/3/2025",="PHARM130-P",
="800000952",="Absent",="12/10/2025",="PHARM130-P",
="800001030",="Present",="9/3/2025",="NUR155-P",
="800001030",="Present",="9/10/2025",="NUR155-P",
="800001030",="Present",="9/17/2025",="NUR155-P",
="800001030",="Present",="9/24/2025",="NUR155-P",
="800001030",="Present",="10/1/2025",="NUR155-P",
="800001030",="Present",="10/8/2025",="NUR155-P",
="800001030",="Present",="10/15/2025",="NUR155-P",
="800001030",="Present",="10/22/2025",="NUR155-P",
="800001030",="Present",="10/29/2025",="NUR155-P",
="800001030",="Present",="11/5/2025",="NUR155-P",
="800001030",="Present",="11/12/2025",="NUR155-P",
="800001030",="Present",="11/19/2025",="NUR155-P",
="800001030",="Present",="11/26/2025",="NUR155-P",
="800001030",="Present",="12/3/2025",="NUR155-P",
="800001030",="Present",="12/10/2025",="NUR155-P",
="800001030",="Present",="9/2/2025",="NUR150-P",
="800001030",="Present",="9/9/2025",="NUR150-P",
="800001030",="Present",="9/16/2025",="NUR150-P",
="800001030",="Present",="9/23/2025",="NUR150-P",
="800001030",="Present",="9/30/2025",="NUR150-P",
="800001030",="Absent",="10/7/2025",="NUR150-P",
="800001030",="Present",="11/4/2025",="NUR150-P",
="800001030",="Present",="11/11/2025",="NUR150-P",
="800001030",="Present",="11/18/2025",="NUR150-P",
="800001030",="Present",="11/25/2025",="NUR150-P",
="800001030",="Present",="12/2/2025",="NUR150-P",
="800001030",="Present",="9/4/2025",="NUR140-A",
="800001030",="Present",="9/11/2025",="NUR140-A",
="800001030",="Present",="9/18/2025",="NUR140-A",
="800001030",="Present",="9/25/2025",="NUR140-A",
="800001030",="Present",="10/2/2025",="NUR140-A",
="800001030",="Present",="10/9/2025",="NUR140-A",
="800001030",="Present",="10/16/2025",="NUR140-A",
="800001030",="Present",="11/6/2025",="NUR140-A",
="800001030",="Present",="11/13/2025",="NUR140-A",
="800001030",="Absent",="11/20/2025",="NUR140-A",
="800001928",="Present",="9/6/2025",="PSY101 -OL II",
="800001928",="Present",="9/13/2025",="PSY101 -OL II",
="800001928",="Present",="9/20/2025",="PSY101 -OL II",
="800001928",="Present",="9/27/2025",="PSY101 -OL II",
="800001928",="Present",="10/4/2025",="PSY101 -OL II",
="800001928",="Present",="10/11/2025",="PSY101 -OL II",
="800001928",="Present",="10/18/2025",="PSY101 -OL II",
="800001928",="Present",="10/25/2025",="PSY101 -OL II",
="800001928",="Present",="11/1/2025",="PSY101 -OL II",
="800001928",="Present",="11/8/2025",="PSY101 -OL II",
="800001928",="Present",="11/15/2025",="PSY101 -OL II",
="800001928",="Present",="11/22/2025",="PSY101 -OL II",
="800001928",="Absent",="9/4/2025",="AP100-P",
="800001928",="Present",="9/11/2025",="AP100-P",
="800001928",="Absent",="9/18/2025",="AP100-P",
="800001928",="Present",="9/25/2025",="AP100-P",
="800001928",="Present",="10/2/2025",="AP100-P",
="800001928",="Present",="10/9/2025",="AP100-P",
="800001928",="Present",="10/16/2025",="AP100-P",
="800001928",="Present",="10/23/2025",="AP100-P",
="800001928",="Present",="10/30/2025",="AP100-P",
="800001928",="Present",="11/6/2025",="AP100-P",
="800001928",="Present",="11/13/2025",="AP100-P",
="800001928",="Present",="11/20/2025",="AP100-P",
="800001928",="Present",="12/4/2025",="AP100-P",
="800001928",="Present",="9/5/2025",="ENG101 -P",
="800001928",="Present",="9/12/2025",="ENG101 -P",
="800001928",="Present",="9/19/2025",="ENG101 -P",
="800001928",="Present",="9/26/2025",="ENG101 -P",
="800001928",="Present",="10/3/2025",="ENG101 -P",
="800001928",="Present",="10/10/2025",="ENG101 -P",
="800001928",="Present",="10/17/2025",="ENG101 -P",
="800001928",="Present",="10/24/2025",="ENG101 -P",
="800001928",="Present",="10/31/2025",="ENG101 -P",
="800001928",="Present",="11/7/2025",="ENG101 -P",
="800001928",="Present",="11/14/2025",="ENG101 -P",
="800001928",="Present",="11/21/2025",="ENG101 -P",
="800001928",="Present",="9/8/2025",="NUR100-P",
="800001928",="Present",="9/15/2025",="NUR100-P",
="800001928",="Present",="9/22/2025",="NUR100-P",
="800001928",="Present",="9/29/2025",="NUR100-P",
="800001928",="Present",="10/6/2025",="NUR100-P",
="800001928",="Present",="10/13/2025",="NUR100-P",
="800001928",="Present",="11/3/2025",="NUR100-P",
="800001928",="Present",="11/10/2025",="NUR100-P",
="800001928",="Present",="11/17/2025",="NUR100-P",
="800001928",="Present",="11/24/2025",="NUR100-P",
="800001928",="Present",="12/1/2025",="NUR100-P",
="800001928",="Present",="9/6/2025",="COL010 - OL II",
="800001928",="Present",="9/13/2025",="COL010 - OL II",
="800001928",="Present",="9/20/2025",="COL010 - OL II",
="800001928",="Present",="9/27/2025",="COL010 - OL II",
="800001928",="Present",="10/1/2025",="PHARM100-P",
="800001928",="Present",="10/8/2025",="PHARM100-P",
="800001928",="Present",="10/15/2025",="PHARM100-P",
="800001928",="Present",="10/22/2025",="PHARM100-P",
="800001928",="Present",="10/29/2025",="PHARM100-P",
="800001928",="Present",="11/5/2025",="PHARM100-P",
="800001928",="Present",="11/12/2025",="PHARM100-P",
="800001928",="Present",="12/3/2025",="PHARM100-P",
="800001657",="Present",="9/4/2025",="NUR140-A",
="800001657",="Present",="9/11/2025",="NUR140-A",
="800001657",="Present",="9/18/2025",="NUR140-A",
="800001657",="Present",="9/25/2025",="NUR140-A",
="800001657",="Present",="10/2/2025",="NUR140-A",
="800001657",="Present",="10/9/2025",="NUR140-A",
="800001657",="Present",="10/16/2025",="NUR140-A",
="800001657",="Present",="11/6/2025",="NUR140-A",
="800001657",="Present",="11/13/2025",="NUR140-A",
="800001657",="Present",="11/20/2025",="NUR140-A",
="800001657",="Present",="9/3/2025",="NUR155-P",
="800001657",="Present",="9/10/2025",="NUR155-P",
="800001657",="Present",="9/17/2025",="NUR155-P",
="800001657",="Present",="9/24/2025",="NUR155-P",
="800001657",="Present",="10/1/2025",="NUR155-P",
="800001657",="Present",="10/8/2025",="NUR155-P",
="800001657",="Present",="10/15/2025",="NUR155-P",
="800001657",="Present",="10/22/2025",="NUR155-P",
="800001657",="Present",="10/29/2025",="NUR155-P",
="800001657",="Present",="11/5/2025",="NUR155-P",
="800001657",="Present",="11/12/2025",="NUR155-P",
="800001657",="Present",="11/19/2025",="NUR155-P",
="800001657",="Present",="11/26/2025",="NUR155-P",
="800001657",="Present",="12/3/2025",="NUR155-P",
="800001657",="Present",="12/10/2025",="NUR155-P",
="800001657",="Present",="9/6/2025",="PSY101 -OL II",
="800001657",="Present",="9/13/2025",="PSY101 -OL II",
="800001657",="Present",="9/20/2025",="PSY101 -OL II",
="800001657",="Present",="9/27/2025",="PSY101 -OL II",
="800001657",="Present",="10/4/2025",="PSY101 -OL II",
="800001657",="Present",="10/11/2025",="PSY101 -OL II",
="800001657",="Present",="10/18/2025",="PSY101 -OL II",
="800001657",="Present",="10/25/2025",="PSY101 -OL II",
="800001657",="Present",="11/1/2025",="PSY101 -OL II",
="800001657",="Present",="11/8/2025",="PSY101 -OL II",
="800001657",="Present",="11/15/2025",="PSY101 -OL II",
="800001657",="Present",="11/22/2025",="PSY101 -OL II",
="800001657",="Present",="9/15/2025",="NUR145 - P",
="800001657",="Present",="9/22/2025",="NUR145 - P",
="800001657",="Present",="9/29/2025",="NUR145 - P",
="800001657",="Present",="10/6/2025",="NUR145 - P",
="800001657",="Present",="10/13/2025",="NUR145 - P",
="800001657",="Present",="11/3/2025",="NUR145 - P",
="800001657",="Present",="11/10/2025",="NUR145 - P",
="800001657",="Present",="11/17/2025",="NUR145 - P",
="800001657",="Present",="11/24/2025",="NUR145 - P",
="800001657",="Present",="12/1/2025",="NUR145 - P",
="800001657",="Present",="9/2/2025",="NUR150-P",
="800001657",="Present",="9/9/2025",="NUR150-P",
="800001657",="Present",="9/16/2025",="NUR150-P",
="800001657",="Present",="9/23/2025",="NUR150-P",
="800001657",="Present",="9/30/2025",="NUR150-P",
="800001657",="Present",="10/7/2025",="NUR150-P",
="800001657",="Present",="11/4/2025",="NUR150-P",
="800001657",="Present",="11/11/2025",="NUR150-P",
="800001657",="Present",="11/18/2025",="NUR150-P",
="800001657",="Present",="11/25/2025",="NUR150-P",
="800001657",="Present",="12/2/2025",="NUR150-P",
="800001657",="Present",="12/3/2025",="NUR145-C-A2",
="800001414",="Present",="9/3/2025",="NUR155-P",
="800001414",="Present",="9/10/2025",="NUR155-P",
="800001414",="Present",="9/17/2025",="NUR155-P",
="800001414",="Present",="9/24/2025",="NUR155-P",
="800001414",="Present",="10/1/2025",="NUR155-P",
="800001414",="Present",="10/8/2025",="NUR155-P",
="800001414",="Present",="10/15/2025",="NUR155-P",
="800001414",="Present",="10/22/2025",="NUR155-P",
="800001414",="Present",="10/29/2025",="NUR155-P",
="800001414",="Present",="11/5/2025",="NUR155-P",
="800001414",="Present",="11/12/2025",="NUR155-P",
="800001414",="Present",="11/19/2025",="NUR155-P",
="800001414",="Present",="11/26/2025",="NUR155-P",
="800001414",="Present",="12/3/2025",="NUR155-P",
="800001414",="Present",="12/10/2025",="NUR155-P",
="800000754",="Present",="9/5/2025",="STAT101-A",
="800000754",="Present",="9/12/2025",="STAT101-A",
="800000754",="Present",="9/19/2025",="STAT101-A",
="800000754",="Present",="9/26/2025",="STAT101-A",
="800000754",="Present",="10/3/2025",="STAT101-A",
="800000754",="Present",="10/10/2025",="STAT101-A",
="800000754",="Present",="10/17/2025",="STAT101-A",
="800000754",="Present",="10/31/2025",="STAT101-A",
="800000754",="Absent",="11/7/2025",="STAT101-A",
="800000754",="Present",="11/21/2025",="STAT101-A",
="800001888",="Present",="9/6/2025",="COL010 - OL II",
="800001888",="Present",="9/13/2025",="COL010 - OL II",
="800001888",="Present",="9/20/2025",="COL010 - OL II",
="800001888",="Present",="9/27/2025",="COL010 - OL II",
="800001468",="Present",="9/3/2025",="NUR150 -A",
="800001468",="Present",="9/10/2025",="NUR150 -A",
="800001468",="Present",="9/17/2025",="NUR150 -A",
="800001468",="Present",="9/24/2025",="NUR150 -A",
="800001468",="Present",="10/1/2025",="NUR150 -A",
="800001468",="Present",="10/8/2025",="NUR150 -A",
="800001468",="Present",="10/15/2025",="NUR150 -A",
="800001468",="Present",="11/5/2025",="NUR150 -A",
="800001468",="Present",="11/12/2025",="NUR150 -A",
="800001468",="Absent",="11/19/2025",="NUR150 -A",
="800001681",="Present",="9/15/2025",="NUR145 - P",
="800001681",="Present",="9/22/2025",="NUR145 - P",
="800001681",="Present",="9/29/2025",="NUR145 - P",
="800001681",="Present",="10/6/2025",="NUR145 - P",
="800001681",="Present",="10/13/2025",="NUR145 - P",
="800001681",="Present",="11/3/2025",="NUR145 - P",
="800001681",="Present",="11/10/2025",="NUR145 - P",
="800001681",="Present",="11/17/2025",="NUR145 - P",
="800001681",="Present",="11/24/2025",="NUR145 - P",
="800001681",="Present",="12/1/2025",="NUR145 - P",
="800001681",="Present",="9/3/2025",="NUR150 -A",
="800001681",="Present",="9/10/2025",="NUR150 -A",
="800001681",="Present",="9/17/2025",="NUR150 -A",
="800001681",="Present",="9/24/2025",="NUR150 -A",
="800001681",="Present",="10/1/2025",="NUR150 -A",
="800001681",="Present",="10/8/2025",="NUR150 -A",
="800001681",="Present",="10/15/2025",="NUR150 -A",
="800001681",="Present",="11/5/2025",="NUR150 -A",
="800001681",="Present",="11/12/2025",="NUR150 -A",
="800001681",="Present",="11/19/2025",="NUR150 -A",
="800001681",="Present",="12/3/2025",="NUR145-C-A2",
="800001548",="Present",="9/8/2025",="NUR216 -A",
="800001548",="Present",="9/15/2025",="NUR216 -A",
="800001548",="Present",="9/22/2025",="NUR216 -A",
="800001548",="Present",="9/29/2025",="NUR216 -A",
="800001548",="Present",="10/6/2025",="NUR216 -A",
="800001548",="Present",="10/13/2025",="NUR216 -A",
="800001548",="Present",="11/3/2025",="NUR216 -A",
="800001548",="Present",="11/10/2025",="NUR216 -A",
="800001548",="Present",="11/17/2025",="NUR216 -A",
="800001548",="Present",="11/24/2025",="NUR216 -A",
="800001548",="Present",="12/1/2025",="NUR216 -A",
="800001548",="Present",="12/8/2025",="NUR216 -A",
="800001548",="Present",="10/6/2025",="NUR216-A-L",
="800001548",="Present",="10/13/2025",="NUR216-A-L",
="800001548",="Present",="11/17/2025",="NUR216-A-L",
="800001548",="Present",="12/1/2025",="NUR216-A-L",
="800001548",="Present",="9/16/2025",="NUR205-L-A1",
="800001548",="No class",="10/7/2025",="NUR205-L-A1",
="800001548",="Present",="10/14/2025",="NUR205-L-A1",
="800001548",="No class",="11/4/2025",="NUR205-L-A1",
="800001548",="No class",="11/11/2025",="NUR205-L-A1",
="800001548",="No class",="11/18/2025",="NUR205-L-A1",
="800001548",="No class",="11/25/2025",="NUR205-L-A1",
="800001548",="No class",="12/2/2025",="NUR205-L-A1",
="800001548",="Present",="9/4/2025",="NUR205 -P",
="800001548",="Absent",="9/11/2025",="NUR205 -P",
="800001548",="Present",="9/25/2025",="NUR205 -P",
="800001548",="Present",="10/2/2025",="NUR205 -P",
="800001548",="Present",="10/16/2025",="NUR205 -P",
="800001548",="Present",="11/20/2025",="NUR205 -P",
="800001548",="Present",="12/4/2025",="NUR205 -P",
="800001548",="Present",="9/8/2025",="PHARM225-P_ A",
="800001548",="Present",="9/15/2025",="PHARM225-P_ A",
="800001548",="Present",="9/22/2025",="PHARM225-P_ A",
="800001548",="Present",="9/29/2025",="PHARM225-P_ A",
="800001548",="Present",="10/6/2025",="PHARM225-P_ A",
="800001548",="Present",="10/13/2025",="PHARM225-P_ A",
="800001533",="Present",="9/15/2025",="NUR145 - P",
="800001533",="Present",="9/22/2025",="NUR145 - P",
="800001533",="Present",="9/29/2025",="NUR145 - P",
="800001533",="Present",="10/6/2025",="NUR145 - P",
="800001533",="Present",="10/13/2025",="NUR145 - P",
="800001533",="Present",="11/3/2025",="NUR145 - P",
="800001533",="Present",="11/10/2025",="NUR145 - P",
="800001533",="Absent",="11/17/2025",="NUR145 - P",
="800001533",="Present",="9/3/2025",="NUR150 -A",
="800001533",="Present",="9/10/2025",="NUR150 -A",
="800001533",="Present",="9/17/2025",="NUR150 -A",
="800001533",="Present",="9/24/2025",="NUR150 -A",
="800001533",="Present",="10/1/2025",="NUR150 -A",
="800001533",="Present",="10/8/2025",="NUR150 -A",
="800001533",="Present",="10/15/2025",="NUR150 -A",
="800001533",="Present",="11/5/2025",="NUR150 -A",
="800001533",="Present",="11/12/2025",="NUR150 -A",
="800001533",="Present",="11/19/2025",="NUR150 -A",
="800001562",="Present",="9/8/2025",="PHARM225-P_B",
="800001562",="Present",="9/15/2025",="PHARM225-P_B",
="800001562",="Present",="9/22/2025",="PHARM225-P_B",
="800001562",="Absent",="9/29/2025",="PHARM225-P_B",
="800001562",="Present",="10/6/2025",="PHARM225-P_B",
="800001562",="Present",="9/8/2025",="NUR216 -A",
="800001562",="Present",="9/15/2025",="NUR216 -A",
="800001562",="Present",="9/22/2025",="NUR216 -A",
="800001562",="Present",="9/29/2025",="NUR216 -A",
="800001562",="Present",="10/6/2025",="NUR216 -A",
="800001562",="Present",="10/13/2025",="NUR216 -A",
="800001562",="Present",="11/3/2025",="NUR216 -A",
="800001562",="Present",="11/10/2025",="NUR216 -A",
="800001562",="Present",="11/17/2025",="NUR216 -A",
="800001562",="Present",="11/24/2025",="NUR216 -A",
="800001562",="Present",="12/1/2025",="NUR216 -A",
="800001562",="Present",="12/8/2025",="NUR216 -A",
="800001562",="Present",="10/6/2025",="NUR216-A-L",
="800001562",="Present",="10/13/2025",="NUR216-A-L",
="800001562",="Present",="11/17/2025",="NUR216-A-L",
="800001562",="Present",="12/1/2025",="NUR216-A-L",
="800001947",="Present",="9/3/2025",="ENG101 -A",
="800001947",="Present",="9/10/2025",="ENG101 -A",
="800001947",="Present",="9/17/2025",="ENG101 -A",
="800001947",="Present",="9/24/2025",="ENG101 -A",
="800001947",="Present",="10/1/2025",="ENG101 -A",
="800001947",="Present",="10/8/2025",="ENG101 -A",
="800001947",="Present",="10/15/2025",="ENG101 -A",
="800001947",="Present",="10/22/2025",="ENG101 -A",
="800001947",="Present",="10/29/2025",="ENG101 -A",
="800001947",="Present",="11/5/2025",="ENG101 -A",
="800001947",="Tardy/Late",="11/12/2025",="ENG101 -A",
="800001947",="Present",="11/19/2025",="ENG101 -A",
="800001947",="Absent",="11/26/2025",="ENG101 -A",
="800001947",="Present",="12/3/2025",="ENG101 -A",
="800001605",="Present",="10/2/2025",="PHARM100-P2",
="800001605",="Present",="10/9/2025",="PHARM100-P2",
="800001605",="Present",="10/16/2025",="PHARM100-P2",
="800001605",="Present",="10/23/2025",="PHARM100-P2",
="800001605",="Present",="10/30/2025",="PHARM100-P2",
="800001605",="Present",="11/6/2025",="PHARM100-P2",
="800001605",="Present",="11/13/2025",="PHARM100-P2",
="800001605",="Present",="11/20/2025",="PHARM100-P2",
="800001605",="Present",="12/4/2025",="PHARM100-P2",
="800001605",="Present",="12/11/2025",="PHARM100-P2",
="800001605",="Absent",="12/3/2025",="NUR145-C-A2",
="800001723",="Present",="9/2/2025",="NUR100-L-A2",
="800001723",="Present",="9/9/2025",="NUR100-L-A2",
="800001723",="Present",="9/16/2025",="NUR100-L-A2",
="800001723",="Present",="9/23/2025",="NUR100-L-A2",
="800001723",="Present",="9/30/2025",="NUR100-L-A2",
="800001723",="Present",="10/7/2025",="NUR100-L-A2",
="800001723",="Present",="10/14/2025",="NUR100-L-A2",
="800001723",="Present",="10/21/2025",="NUR100-L-A2",
="800001723",="Present",="10/28/2025",="NUR100-L-A2",
="800001723",="Absent",="11/4/2025",="NUR100-L-A2",
="800001723",="Present",="11/11/2025",="NUR100-L-A2",
="800001723",="Absent",="11/18/2025",="NUR100-L-A2",
="800001723",="Present",="11/25/2025",="NUR100-L-A2",
="800001723",="Present",="12/2/2025",="NUR100-L-A2",
="800001723",="Present",="12/9/2025",="NUR100-L-A2",
="800001723",="Present",="9/8/2025",="NUR100 -A",
="800001723",="Present",="9/15/2025",="NUR100 -A",
="800001723",="Present",="9/22/2025",="NUR100 -A",
="800001723",="Present",="9/29/2025",="NUR100 -A",
="800001723",="Present",="10/6/2025",="NUR100 -A",
="800001723",="Present",="10/13/2025",="NUR100 -A",
="800001723",="Present",="11/3/2025",="NUR100 -A",
="800001723",="Present",="11/10/2025",="NUR100 -A",
="800001723",="Present",="11/17/2025",="NUR100 -A",
="800001723",="Present",="11/24/2025",="NUR100 -A",
="800001723",="Present",="12/1/2025",="NUR100 -A",
="800001723",="Present",="12/8/2025",="NUR100 -A",
="800001723",="Absent",="9/4/2025",="PSY101 -A",
="800001723",="Present",="10/9/2025",="PSY101 -A",
="800001633",="Absent",="9/2/2025",="NUR120 -P",
="800001633",="Present",="9/9/2025",="NUR120 -P",
="800001633",="Present",="9/16/2025",="NUR120 -P",
="800001633",="Present",="9/30/2025",="NUR120 -P",
="800001633",="Present",="10/7/2025",="NUR120 -P",
="800001633",="Present",="10/14/2025",="NUR120 -P",
="800001633",="Present",="11/11/2025",="NUR120 -P",
="800001633",="Present",="11/18/2025",="NUR120 -P",
="800001633",="Absent",="11/25/2025",="NUR120 -P",
="800001633",="Present",="12/2/2025",="NUR120 -P",
="800001633",="Present",="9/4/2025",="NUR125-P",
="800001633",="Present",="9/11/2025",="NUR125-P",
="800001633",="Present",="9/18/2025",="NUR125-P",
="800001633",="Present",="9/25/2025",="NUR125-P",
="800001633",="Tardy/Late",="10/2/2025",="NUR125-P",
="800001633",="Present",="10/9/2025",="NUR125-P",
="800001633",="Present",="11/6/2025",="NUR125-P",
="800001633",="Present",="11/13/2025",="NUR125-P",
="800001633",="Present",="11/20/2025",="NUR125-P",
="800001633",="Present",="12/4/2025",="NUR125-P",
="800001633",="Present",="12/11/2025",="NUR125-P",
="800001633",="Present",="9/11/2025",="NUR125-L-P1",
="800001633",="Present",="9/18/2025",="NUR125-L-P1",
="800001633",="Present",="9/25/2025",="NUR125-L-P1",
="800001633",="Present",="10/2/2025",="NUR125-L-P1",
="800001633",="Present",="10/9/2025",="NUR125-L-P1",
="800001633",="Present",="10/16/2025",="NUR125-L-P1",
="800001633",="Present",="11/6/2025",="NUR125-L-P1",
="800001633",="Present",="11/13/2025",="NUR125-L-P1",
="800001633",="Present",="11/20/2025",="NUR125-L-P1",
="800001633",="Present",="12/4/2025",="NUR125-L-P1",
="800001633",="Present",="12/11/2025",="NUR125-L-P1",
="800001633",="Present",="9/10/2025",="PHARM130-P",
="800001633",="Present",="9/17/2025",="PHARM130-P",
="800001633",="Present",="9/24/2025",="PHARM130-P",
="800001633",="Present",="10/1/2025",="PHARM130-P",
="800001633",="Present",="10/8/2025",="PHARM130-P",
="800001633",="Absent",="10/15/2025",="PHARM130-P",
="800001633",="Present",="10/22/2025",="PHARM130-P",
="800001633",="Present",="10/29/2025",="PHARM130-P",
="800001633",="Present",="11/5/2025",="PHARM130-P",
="800001633",="Present",="11/12/2025",="PHARM130-P",
="800001633",="Present",="11/19/2025",="PHARM130-P",
="800001633",="Present",="12/3/2025",="PHARM130-P",
="800001633",="Present",="12/10/2025",="PHARM130-P",
="800001508",="Present",="9/2/2025",="NUR150-P",
="800001508",="Present",="9/9/2025",="NUR150-P",
="800001508",="Present",="9/16/2025",="NUR150-P",
="800001508",="Present",="9/23/2025",="NUR150-P",
="800001508",="Present",="9/30/2025",="NUR150-P",
="800001508",="Present",="10/7/2025",="NUR150-P",
="800001508",="Present",="11/4/2025",="NUR150-P",
="800001508",="Present",="11/11/2025",="NUR150-P",
="800001508",="Present",="11/18/2025",="NUR150-P",
="800001508",="Present",="11/25/2025",="NUR150-P",
="800001508",="Present",="12/2/2025",="NUR150-P",
="800001769",="Present",="9/4/2025",="PHARM130-A",
="800001769",="Present",="9/11/2025",="PHARM130-A",
="800001769",="Present",="9/18/2025",="PHARM130-A",
="800001769",="Present",="9/25/2025",="PHARM130-A",
="800001769",="Present",="10/2/2025",="PHARM130-A",
="800001769",="Present",="10/9/2025",="PHARM130-A",
="800001769",="Present",="10/16/2025",="PHARM130-A",
="800001769",="Present",="10/23/2025",="PHARM130-A",
="800001769",="Present",="10/30/2025",="PHARM130-A",
="800001769",="Present",="11/6/2025",="PHARM130-A",
="800001769",="Present",="11/13/2025",="PHARM130-A",
="800001769",="Present",="11/20/2025",="PHARM130-A",
="800001769",="Present",="12/4/2025",="PHARM130-A",
="800001769",="Present",="9/6/2025",="NUT100 -OL",
="800001769",="Present",="9/13/2025",="NUT100 -OL",
="800001769",="Present",="9/20/2025",="NUT100 -OL",
="800001769",="Present",="9/27/2025",="NUT100 -OL",
="800001769",="Present",="10/4/2025",="NUT100 -OL",
="800001769",="Present",="10/11/2025",="NUT100 -OL",
="800001769",="Present",="10/18/2025",="NUT100 -OL",
="800001769",="Present",="10/25/2025",="NUT100 -OL",
="800001769",="Present",="11/1/2025",="NUT100 -OL",
="800001769",="Present",="11/8/2025",="NUT100 -OL",
="800001769",="Present",="11/15/2025",="NUT100 -OL",
="800001769",="Present",="11/22/2025",="NUT100 -OL",
="800001769",="Present",="11/29/2025",="NUT100 -OL",
="800001769",="Present",="12/6/2025",="NUT100 -OL",
="800001769",="Present",="9/9/2025",="NUR125-A",
="800001769",="Present",="9/16/2025",="NUR125-A",
="800001769",="Present",="9/23/2025",="NUR125-A",
="800001769",="Present",="9/30/2025",="NUR125-A",
="800001769",="Present",="10/7/2025",="NUR125-A",
="800001769",="Present",="10/14/2025",="NUR125-A",
="800001769",="Present",="11/4/2025",="NUR125-A",
="800001769",="Present",="11/11/2025",="NUR125-A",
="800001769",="Present",="11/18/2025",="NUR125-A",
="800001769",="Present",="11/25/2025",="NUR125-A",
="800001769",="Present",="12/2/2025",="NUR125-A",
="800001769",="Present",="9/9/2025",="NUR125-L-A1",
="800001769",="Present",="9/16/2025",="NUR125-L-A1",
="800001769",="Present",="9/23/2025",="NUR125-L-A1",
="800001769",="Present",="9/30/2025",="NUR125-L-A1",
="800001769",="Present",="10/7/2025",="NUR125-L-A1",
="800001769",="Present",="10/14/2025",="NUR125-L-A1",
="800001769",="Present",="11/4/2025",="NUR125-L-A1",
="800001769",="Present",="11/11/2025",="NUR125-L-A1",
="800001769",="Present",="11/18/2025",="NUR125-L-A1",
="800001769",="Present",="11/25/2025",="NUR125-L-A1",
="800001769",="Present",="12/2/2025",="NUR125-L-A1",
="800001769",="Present",="10/8/2025",="NUR135-L-A1",
="800001769",="Present",="9/15/2025",="NUR120-L-A1",
="800001769",="No class",="10/6/2025",="NUR120-L-A1",
="800001769",="Present",="11/3/2025",="NUR120-L-A1",
="800001769",="Present",="11/10/2025",="NUR120-L-A1",
="800001769",="No class",="11/17/2025",="NUR120-L-A1",
="800001769",="Present",="9/2/2025",="NUR120-A",
="800001769",="Present",="9/9/2025",="NUR120-A",
="800001769",="Present",="9/16/2025",="NUR120-A",
="800001769",="Present",="9/30/2025",="NUR120-A",
="800001769",="Present",="10/7/2025",="NUR120-A",
="800001769",="Present",="10/14/2025",="NUR120-A",
="800001769",="Present",="11/11/2025",="NUR120-A",
="800001769",="Present",="11/18/2025",="NUR120-A",
="800001769",="Present",="11/25/2025",="NUR120-A",
="800001769",="Present",="12/2/2025",="NUR120-A",
="800001769",="Present",="9/3/2025",="NUR135-A",
="800001769",="Present",="9/10/2025",="NUR135-A",
="800001769",="Present",="9/17/2025",="NUR135-A",
="800001769",="Present",="9/24/2025",="NUR135-A",
="800001769",="Present",="10/1/2025",="NUR135-A",
="800001769",="No class",="10/15/2025",="NUR135-A",
="800001769",="Present",="11/12/2025",="NUR135-A",
="800001769",="Present",="11/26/2025",="NUR135-A",
="800001769",="Present",="12/3/2025",="NUR135-A",
="800001459",="Present",="9/15/2025",="NUR145 - P",
="800001459",="Present",="9/22/2025",="NUR145 - P",
="800001459",="Present",="9/29/2025",="NUR145 - P",
="800001459",="Present",="10/6/2025",="NUR145 - P",
="800001459",="Present",="10/13/2025",="NUR145 - P",
="800001459",="Present",="11/3/2025",="NUR145 - P",
="800001459",="Present",="11/10/2025",="NUR145 - P",
="800001459",="Present",="11/17/2025",="NUR145 - P",
="800001459",="Present",="11/24/2025",="NUR145 - P",
="800001459",="Present",="12/1/2025",="NUR145 - P",
="800001459",="Present",="9/2/2025",="NUR150-P",
="800001459",="Present",="9/9/2025",="NUR150-P",
="800001459",="Present",="9/16/2025",="NUR150-P",
="800001459",="Present",="9/23/2025",="NUR150-P",
="800001459",="Present",="9/30/2025",="NUR150-P",
="800001459",="Present",="10/7/2025",="NUR150-P",
="800001459",="Present",="11/4/2025",="NUR150-P",
="800001459",="Present",="11/11/2025",="NUR150-P",
="800001459",="Present",="11/18/2025",="NUR150-P",
="800001459",="Present",="11/25/2025",="NUR150-P",
="800001459",="Present",="12/2/2025",="NUR150-P",
="800001532",="Present",="9/4/2025",="NUR140-A",
="800001532",="Present",="9/11/2025",="NUR140-A",
="800001532",="Present",="9/18/2025",="NUR140-A",
="800001532",="Present",="9/25/2025",="NUR140-A",
="800001532",="Present",="10/2/2025",="NUR140-A",
="800001532",="Present",="10/9/2025",="NUR140-A",
="800001532",="Present",="10/16/2025",="NUR140-A",
="800001532",="Present",="11/6/2025",="NUR140-A",
="800001532",="Present",="11/13/2025",="NUR140-A",
="800001532",="Present",="11/20/2025",="NUR140-A",
="800001532",="Present",="9/3/2025",="NUR155-P",
="800001532",="Present",="9/10/2025",="NUR155-P",
="800001532",="Present",="9/17/2025",="NUR155-P",
="800001532",="Present",="9/24/2025",="NUR155-P",
="800001532",="Present",="10/1/2025",="NUR155-P",
="800001532",="Present",="10/8/2025",="NUR155-P",
="800001532",="Present",="10/15/2025",="NUR155-P",
="800001532",="Present",="10/22/2025",="NUR155-P",
="800001532",="Present",="10/29/2025",="NUR155-P",
="800001532",="Present",="11/5/2025",="NUR155-P",
="800001532",="Present",="11/12/2025",="NUR155-P",
="800001532",="Present",="11/19/2025",="NUR155-P",
="800001532",="Present",="11/26/2025",="NUR155-P",
="800001532",="Present",="12/3/2025",="NUR155-P",
="800001532",="Present",="12/10/2025",="NUR155-P",
="800001508",="Present",="9/4/2025",="NUR140-A",
="800001508",="Present",="9/11/2025",="NUR140-A",
="800001508",="Absent",="9/18/2025",="NUR140-A",
="800001508",="Present",="9/25/2025",="NUR140-A",
="800001508",="Present",="10/2/2025",="NUR140-A",
="800001508",="Present",="10/9/2025",="NUR140-A",
="800001508",="Present",="10/16/2025",="NUR140-A",
="800001508",="Present",="11/6/2025",="NUR140-A",
="800001508",="Present",="11/13/2025",="NUR140-A",
="800001508",="Present",="11/20/2025",="NUR140-A",
="800001508",="Present",="9/3/2025",="NUR155-P",
="800001508",="Present",="9/10/2025",="NUR155-P",
="800001508",="Present",="9/17/2025",="NUR155-P",
="800001508",="Present",="9/24/2025",="NUR155-P",
="800001508",="Present",="10/1/2025",="NUR155-P",
="800001508",="Present",="10/8/2025",="NUR155-P",
="800001508",="Present",="10/15/2025",="NUR155-P",
="800001508",="Present",="10/22/2025",="NUR155-P",
="800001508",="Present",="10/29/2025",="NUR155-P",
="800001508",="Present",="11/5/2025",="NUR155-P",
="800001508",="Present",="11/12/2025",="NUR155-P",
="800001508",="Present",="11/19/2025",="NUR155-P",
="800001508",="Present",="11/26/2025",="NUR155-P",
="800001508",="Present",="12/3/2025",="NUR155-P",
="800001508",="Present",="12/10/2025",="NUR155-P",
="800001471",="Present",="9/3/2025",="NUR155-P",
="800001471",="Present",="9/10/2025",="NUR155-P",
="800001471",="Present",="9/17/2025",="NUR155-P",
="800001471",="Present",="9/24/2025",="NUR155-P",
="800001471",="Present",="10/1/2025",="NUR155-P",
="800001471",="Present",="10/8/2025",="NUR155-P",
="800001471",="Present",="10/15/2025",="NUR155-P",
="800001471",="Present",="10/22/2025",="NUR155-P",
="800001471",="Present",="10/29/2025",="NUR155-P",
="800001471",="Present",="11/5/2025",="NUR155-P",
="800001471",="Present",="11/12/2025",="NUR155-P",
="800001471",="Present",="11/19/2025",="NUR155-P",
="800001471",="Present",="11/26/2025",="NUR155-P",
="800001471",="Present",="12/3/2025",="NUR155-P",
="800001471",="Present",="12/10/2025",="NUR155-P",
="800001459",="Present",="9/4/2025",="NUR140-A",
="800001459",="Present",="9/11/2025",="NUR140-A",
="800001459",="Present",="9/18/2025",="NUR140-A",
="800001459",="Present",="9/25/2025",="NUR140-A",
="800001459",="Present",="10/2/2025",="NUR140-A",
="800001459",="Present",="10/9/2025",="NUR140-A",
="800001459",="Present",="10/16/2025",="NUR140-A",
="800001459",="Present",="11/6/2025",="NUR140-A",
="800001459",="Present",="11/13/2025",="NUR140-A",
="800001459",="Present",="11/20/2025",="NUR140-A",
="800001459",="Present",="9/3/2025",="NUR155-P",
="800001459",="Present",="9/10/2025",="NUR155-P",
="800001459",="Present",="9/17/2025",="NUR155-P",
="800001459",="Present",="9/24/2025",="NUR155-P",
="800001459",="Present",="10/1/2025",="NUR155-P",
="800001459",="Present",="10/8/2025",="NUR155-P",
="800001459",="Present",="10/15/2025",="NUR155-P",
="800001459",="Present",="10/22/2025",="NUR155-P",
="800001459",="Present",="10/29/2025",="NUR155-P",
="800001459",="Present",="11/5/2025",="NUR155-P",
="800001459",="Present",="11/12/2025",="NUR155-P",
="800001459",="Present",="11/19/2025",="NUR155-P",
="800001459",="Present",="11/26/2025",="NUR155-P",
="800001459",="Present",="12/3/2025",="NUR155-P",
="800001459",="Present",="12/10/2025",="NUR155-P",
="800001468",="Present",="9/4/2025",="NUR140-A",
="800001468",="Present",="9/11/2025",="NUR140-A",
="800001468",="Present",="9/18/2025",="NUR140-A",
="800001468",="Present",="9/25/2025",="NUR140-A",
="800001468",="Present",="10/2/2025",="NUR140-A",
="800001468",="Present",="10/9/2025",="NUR140-A",
="800001468",="Present",="10/16/2025",="NUR140-A",
="800001468",="Absent",="11/6/2025",="NUR140-A",
="800001468",="Present",="11/13/2025",="NUR140-A",
="800001468",="Present",="11/20/2025",="NUR140-A",
="800001292",="Present",="9/2/2025",="NUR245 - P",
="800001292",="Present",="9/9/2025",="NUR245 - P",
="800001292",="Present",="9/23/2025",="NUR245 - P",
="800001292",="Present",="9/30/2025",="NUR245 - P",
="800001292",="Present",="10/7/2025",="NUR245 - P",
="800001292",="Present",="10/14/2025",="NUR245 - P",
="800001292",="Present",="11/4/2025",="NUR245 - P",
="800001292",="Absent",="11/11/2025",="NUR245 - P",
="800001292",="Present",="11/18/2025",="NUR245 - P",
="800001292",="Present",="11/25/2025",="NUR245 - P",
="800001292",="Present",="12/2/2025",="NUR245 - P",
="800001292",="Present",="10/2/2025",="NUR236-L-P1",
="800001292",="Present",="9/9/2025",="MCB100 -A",
="800001292",="Present",="9/16/2025",="MCB100 -A",
="800001292",="Present",="9/23/2025",="MCB100 -A",
="800001292",="Present",="9/30/2025",="MCB100 -A",
="800001292",="Present",="10/7/2025",="MCB100 -A",
="800001292",="Present",="10/14/2025",="MCB100 -A",
="800001292",="Present",="10/21/2025",="MCB100 -A",
="800001292",="Present",="10/28/2025",="MCB100 -A",
="800001292",="Present",="11/4/2025",="MCB100 -A",
="800001292",="Present",="11/11/2025",="MCB100 -A",
="800001292",="Present",="11/18/2025",="MCB100 -A",
="800001292",="Present",="11/25/2025",="MCB100 -A",
="800001292",="Present",="12/2/2025",="MCB100 -A",
="800001292",="Present",="12/9/2025",="MCB100 -A",
="800001292",="Present",="9/4/2025",="NUR236-P",
="800001292",="Present",="9/11/2025",="NUR236-P",
="800001292",="Present",="9/18/2025",="NUR236-P",
="800001292",="Present",="9/25/2025",="NUR236-P",
="800001292",="Present",="10/9/2025",="NUR236-P",
="800001292",="Present",="10/16/2025",="NUR236-P",
="800001292",="Present",="12/4/2025",="NUR236-P",
="800001292",="Present",="9/8/2025",="PHARM225-P_B",
="800001292",="Present",="9/15/2025",="PHARM225-P_B",
="800001292",="Present",="9/22/2025",="PHARM225-P_B",
="800001292",="Present",="9/29/2025",="PHARM225-P_B",
="800001292",="Present",="10/6/2025",="PHARM225-P_B",
="800001292",="Present",="9/6/2025",="SOC101 -OL",
="800001292",="Present",="9/13/2025",="SOC101 -OL",
="800001292",="Present",="9/20/2025",="SOC101 -OL",
="800001292",="Present",="9/27/2025",="SOC101 -OL",
="800001292",="Present",="10/4/2025",="SOC101 -OL",
="800001292",="Present",="10/11/2025",="SOC101 -OL",
="800001292",="Present",="10/18/2025",="SOC101 -OL",
="800001292",="Present",="10/25/2025",="SOC101 -OL",
="800001292",="Present",="11/1/2025",="SOC101 -OL",
="800001292",="Present",="11/8/2025",="SOC101 -OL",
="800001292",="Present",="11/15/2025",="SOC101 -OL",
="800001292",="Present",="11/22/2025",="SOC101 -OL",
="800001292",="Present",="12/6/2025",="SOC101 -OL",
="800001147",="Present",="9/3/2025",="NUR270-P",
="800001147",="Present",="9/10/2025",="NUR270-P",
="800001147",="Present",="9/17/2025",="NUR270-P",
="800001147",="Present",="9/24/2025",="NUR270-P",
="800001147",="Present",="10/1/2025",="NUR270-P",
="800001147",="Present",="10/8/2025",="NUR270-P",
="800001147",="Present",="10/15/2025",="NUR270-P",
="800001147",="Present",="11/5/2025",="NUR270-P",
="800001147",="Present",="11/12/2025",="NUR270-P",
="800001147",="Present",="11/19/2025",="NUR270-P",
="800001147",="Present",="11/26/2025",="NUR270-P",
="800001147",="Present",="12/3/2025",="NUR270-P",
="800001147",="Present",="12/10/2025",="NUR270-P",
="800001147",="Present",="12/17/2025",="NUR270-P",
="800001147",="Present",="9/4/2025",="NUR255 -P",
="800001147",="Present",="9/11/2025",="NUR255 -P",
="800001147",="Present",="9/18/2025",="NUR255 -P",
="800001147",="Present",="9/25/2025",="NUR255 -P",
="800001147",="Present",="10/2/2025",="NUR255 -P",
="800001147",="Present",="10/9/2025",="NUR255 -P",
="800001147",="Present",="10/16/2025",="NUR255 -P",
="800001147",="Present",="10/23/2025",="NUR255 -P",
="800001147",="Present",="9/8/2025",="NUR265 -P",
="800001147",="Present",="9/15/2025",="NUR265 -P",
="800001147",="Present",="9/22/2025",="NUR265 -P",
="800001147",="Present",="9/29/2025",="NUR265 -P",
="800001147",="Present",="10/6/2025",="NUR265 -P",
="800001147",="Present",="10/13/2025",="NUR265 -P",
="800001691",="Tardy/Late",="9/2/2025",="NUR120-A",
="800001691",="Present",="9/9/2025",="NUR120-A",
="800001691",="Present",="9/16/2025",="NUR120-A",
="800001691",="Present",="9/30/2025",="NUR120-A",
="800001691",="Present",="10/7/2025",="NUR120-A",
="800001691",="Present",="10/14/2025",="NUR120-A",
="800001691",="Present",="11/11/2025",="NUR120-A",
="800001691",="Present",="11/18/2025",="NUR120-A",
="800001691",="Present",="11/25/2025",="NUR120-A",
="800001691",="Present",="12/2/2025",="NUR120-A",
="800001691",="Present",="9/9/2025",="NUR125-A",
="800001691",="Present",="9/16/2025",="NUR125-A",
="800001691",="Present",="9/23/2025",="NUR125-A",
="800001691",="Present",="9/30/2025",="NUR125-A",
="800001691",="Present",="10/7/2025",="NUR125-A",
="800001691",="Present",="10/14/2025",="NUR125-A",
="800001691",="Present",="11/4/2025",="NUR125-A",
="800001691",="Absent",="11/11/2025",="NUR125-A",
="800001691",="Present",="11/18/2025",="NUR125-A",
="800001691",="Present",="11/25/2025",="NUR125-A",
="800001691",="Present",="12/2/2025",="NUR125-A",
="800001679",="Present",="9/8/2025",="NUR265 -P",
="800001679",="Present",="9/15/2025",="NUR265 -P",
="800001679",="Present",="9/22/2025",="NUR265 -P",
="800001679",="Present",="9/29/2025",="NUR265 -P",
="800001679",="Present",="10/6/2025",="NUR265 -P",
="800001679",="Present",="10/13/2025",="NUR265 -P",
="800001679",="Present",="9/4/2025",="NUR255 -P",
="800001679",="Present",="9/11/2025",="NUR255 -P",
="800001679",="Present",="9/18/2025",="NUR255 -P",
="800001679",="Present",="9/25/2025",="NUR255 -P",
="800001679",="Present",="10/2/2025",="NUR255 -P",
="800001679",="Present",="10/9/2025",="NUR255 -P",
="800001679",="Present",="10/16/2025",="NUR255 -P",
="800001679",="Present",="10/23/2025",="NUR255 -P",
="800001679",="Present",="9/5/2025",="STAT101-A",
="800001679",="Present",="9/12/2025",="STAT101-A",
="800001679",="Present",="9/19/2025",="STAT101-A",
="800001679",="Present",="9/26/2025",="STAT101-A",
="800001679",="Absent",="10/3/2025",="STAT101-A",
="800001679",="Absent",="10/10/2025",="STAT101-A",
="800001679",="Present",="10/17/2025",="STAT101-A",
="800001679",="Present",="10/31/2025",="STAT101-A",
="800001679",="Present",="11/7/2025",="STAT101-A",
="800001679",="Present",="11/21/2025",="STAT101-A",
="800001196",="Present",="9/8/2025",="PHARM225-P_B",
="800001196",="Present",="9/15/2025",="PHARM225-P_B",
="800001196",="Present",="9/22/2025",="PHARM225-P_B",
="800001196",="Absent",="9/29/2025",="PHARM225-P_B",
="800001196",="Present",="10/6/2025",="PHARM225-P_B",
="800001196",="Present",="9/6/2025",="HUM200 -OL",
="800001196",="Present",="9/13/2025",="HUM200 -OL",
="800001196",="Absent",="9/20/2025",="HUM200 -OL",
="800001196",="Absent",="9/27/2025",="HUM200 -OL",
="800001196",="Present",="10/4/2025",="HUM200 -OL",
="800001196",="Present",="10/11/2025",="HUM200 -OL",
="800001196",="Present",="10/18/2025",="HUM200 -OL",
="800001196",="Present",="10/25/2025",="HUM200 -OL",
="800001196",="Present",="11/1/2025",="HUM200 -OL",
="800001196",="Present",="11/8/2025",="HUM200 -OL",
="800001196",="Present",="11/15/2025",="HUM200 -OL",
="800001196",="Present",="11/22/2025",="HUM200 -OL",
="800001196",="Present",="12/6/2025",="HUM200 -OL",
="800001196",="Present",="9/6/2025",="ENG102 - OL",
="800001196",="Present",="9/13/2025",="ENG102 - OL",
="800001196",="Present",="9/20/2025",="ENG102 - OL",
="800001196",="Present",="9/27/2025",="ENG102 - OL",
="800001196",="Present",="10/4/2025",="ENG102 - OL",
="800001196",="Present",="10/11/2025",="ENG102 - OL",
="800001196",="Present",="10/18/2025",="ENG102 - OL",
="800001196",="Present",="10/25/2025",="ENG102 - OL",
="800001196",="Present",="11/1/2025",="ENG102 - OL",
="800001196",="Present",="11/8/2025",="ENG102 - OL",
="800001196",="Present",="11/15/2025",="ENG102 - OL",
="800001196",="Present",="11/22/2025",="ENG102 - OL",
="800001196",="Present",="9/5/2025",="STAT101-A",
="800001196",="Present",="9/12/2025",="STAT101-A",
="800001196",="Present",="9/19/2025",="STAT101-A",
="800001196",="Present",="9/26/2025",="STAT101-A",
="800001196",="Present",="10/3/2025",="STAT101-A",
="800001196",="Present",="10/10/2025",="STAT101-A",
="800001196",="Present",="10/17/2025",="STAT101-A",
="800001196",="Present",="10/31/2025",="STAT101-A",
="800001196",="Present",="11/7/2025",="STAT101-A",
="800001196",="Present",="11/21/2025",="STAT101-A",
="800001679",="Present",="9/6/2025",="HUM200 -OL",
="800001679",="Present",="9/13/2025",="HUM200 -OL",
="800001679",="Present",="9/20/2025",="HUM200 -OL",
="800001679",="Present",="9/27/2025",="HUM200 -OL",
="800001679",="Present",="10/4/2025",="HUM200 -OL",
="800001679",="Present",="10/11/2025",="HUM200 -OL",
="800001679",="Present",="10/18/2025",="HUM200 -OL",
="800001679",="Present",="10/25/2025",="HUM200 -OL",
="800001679",="Present",="11/1/2025",="HUM200 -OL",
="800001679",="Present",="11/8/2025",="HUM200 -OL",
="800001679",="Present",="11/15/2025",="HUM200 -OL",
="800001679",="Present",="11/22/2025",="HUM200 -OL",
="800001679",="Absent",="12/6/2025",="HUM200 -OL",
="800001679",="Present",="9/9/2025",="NUR125-A",
="800001679",="Present",="9/16/2025",="NUR125-A",
="800001679",="Present",="9/23/2025",="NUR125-A",
="800001679",="Present",="9/30/2025",="NUR125-A",
="800001679",="Present",="10/7/2025",="NUR125-A",
="800001679",="Present",="10/14/2025",="NUR125-A",
="800001679",="Present",="11/4/2025",="NUR125-A",
="800001679",="Present",="11/11/2025",="NUR125-A",
="800001679",="Present",="11/18/2025",="NUR125-A",
="800001679",="Absent",="11/25/2025",="NUR125-A",
="800001679",="Present",="12/2/2025",="NUR125-A",
="800001679",="Present",="9/9/2025",="NUR125-L-A1",
="800001679",="Present",="9/16/2025",="NUR125-L-A1",
="800001679",="Present",="9/23/2025",="NUR125-L-A1",
="800001679",="Present",="9/30/2025",="NUR125-L-A1",
="800001679",="Present",="10/7/2025",="NUR125-L-A1",
="800001679",="Present",="10/14/2025",="NUR125-L-A1",
="800001679",="Present",="11/4/2025",="NUR125-L-A1",
="800001679",="Present",="11/11/2025",="NUR125-L-A1",
="800001679",="Present",="11/18/2025",="NUR125-L-A1",
="800001679",="Absent",="11/25/2025",="NUR125-L-A1",
="800001679",="Present",="12/2/2025",="NUR125-L-A1",
="800001196",="Present",="9/8/2025",="NUR265 -P",
="800001196",="Present",="9/15/2025",="NUR265 -P",
="800001196",="Present",="9/22/2025",="NUR265 -P",
="800001196",="Absent",="9/29/2025",="NUR265 -P",
="800001196",="Present",="10/6/2025",="NUR265 -P",
="800001196",="Present",="10/13/2025",="NUR265 -P",
="800001757",="Absent",="9/10/2025",="PHARM130-P",
="800001757",="Present",="9/17/2025",="PHARM130-P",
="800001757",="Present",="9/24/2025",="PHARM130-P",
="800001757",="Present",="10/1/2025",="PHARM130-P",
="800001757",="Present",="10/8/2025",="PHARM130-P",
="800001757",="Present",="10/15/2025",="PHARM130-P",
="800001757",="Present",="10/22/2025",="PHARM130-P",
="800001757",="Present",="10/29/2025",="PHARM130-P",
="800001757",="Present",="11/5/2025",="PHARM130-P",
="800001757",="Present",="11/12/2025",="PHARM130-P",
="800001757",="Present",="11/19/2025",="PHARM130-P",
="800001757",="Present",="12/3/2025",="PHARM130-P",
="800001757",="Present",="12/10/2025",="PHARM130-P",
="800000079",="Present",="9/3/2025",="NUR150 -A",
="800000079",="Present",="9/10/2025",="NUR150 -A",
="800000079",="Present",="9/17/2025",="NUR150 -A",
="800000079",="Present",="9/24/2025",="NUR150 -A",
="800000079",="Present",="10/1/2025",="NUR150 -A",
="800000079",="Present",="10/8/2025",="NUR150 -A",
="800000079",="Present",="10/15/2025",="NUR150 -A",
="800000079",="Present",="11/5/2025",="NUR150 -A",
="800000079",="Present",="11/12/2025",="NUR150 -A",
="800000079",="Present",="11/19/2025",="NUR150 -A",
="800000079",="Present",="9/3/2025",="NUR155-P",
="800000079",="Present",="9/10/2025",="NUR155-P",
="800000079",="Present",="9/17/2025",="NUR155-P",
="800000079",="Present",="9/24/2025",="NUR155-P",
="800000079",="Present",="10/1/2025",="NUR155-P",
="800000079",="Present",="10/8/2025",="NUR155-P",
="800000079",="Present",="10/15/2025",="NUR155-P",
="800000079",="Present",="10/22/2025",="NUR155-P",
="800000079",="Present",="10/29/2025",="NUR155-P",
="800000079",="Present",="11/5/2025",="NUR155-P",
="800000079",="Present",="11/12/2025",="NUR155-P",
="800000079",="Present",="11/19/2025",="NUR155-P",
="800000079",="Present",="11/26/2025",="NUR155-P",
="800000079",="Present",="12/3/2025",="NUR155-P",
="800000079",="Present",="12/10/2025",="NUR155-P",
="800001652",="Absent",="9/9/2025",="NUR125-L-A1",
="800001652",="Absent",="9/16/2025",="NUR125-L-A1",
="800001652",="Present",="9/23/2025",="NUR125-L-A1",
="800001652",="Present",="9/30/2025",="NUR125-L-A1",
="800001652",="Present",="10/7/2025",="NUR125-L-A1",
="800001652",="Present",="10/14/2025",="NUR125-L-A1",
="800001652",="Present",="11/4/2025",="NUR125-L-A1",
="800001652",="Present",="11/11/2025",="NUR125-L-A1",
="800001652",="Present",="11/18/2025",="NUR125-L-A1",
="800001652",="Present",="11/25/2025",="NUR125-L-A1",
="800001652",="Present",="12/2/2025",="NUR125-L-A1",
="800001652",="Absent",="9/9/2025",="NUR125-A",
="800001652",="Absent",="9/16/2025",="NUR125-A",
="800001652",="Present",="9/23/2025",="NUR125-A",
="800001652",="Present",="9/30/2025",="NUR125-A",
="800001652",="Present",="10/7/2025",="NUR125-A",
="800001652",="Present",="10/14/2025",="NUR125-A",
="800001652",="Present",="11/4/2025",="NUR125-A",
="800001652",="Present",="11/11/2025",="NUR125-A",
="800001652",="Present",="11/18/2025",="NUR125-A",
="800001652",="Present",="11/25/2025",="NUR125-A",
="800001652",="Present",="12/2/2025",="NUR125-A",
="800001652",="Present",="9/2/2025",="NUR120-A",
="800001652",="Present",="9/9/2025",="NUR120-A",
="800001652",="Present",="9/16/2025",="NUR120-A",
="800001652",="Present",="9/30/2025",="NUR120-A",
="800001652",="Present",="10/7/2025",="NUR120-A",
="800001652",="Absent",="10/14/2025",="NUR120-A",
="800001652",="Present",="11/11/2025",="NUR120-A",
="800001652",="Absent",="11/18/2025",="NUR120-A",
="800001652",="Present",="11/25/2025",="NUR120-A",
="800001652",="Present",="12/2/2025",="NUR120-A",
="800000228",="Present",="9/3/2025",="NUR155-P",
="800000228",="Present",="9/10/2025",="NUR155-P",
="800000228",="Present",="9/17/2025",="NUR155-P",
="800000228",="Present",="9/24/2025",="NUR155-P",
="800000228",="Present",="10/1/2025",="NUR155-P",
="800000228",="Present",="10/8/2025",="NUR155-P",
="800000228",="Present",="10/15/2025",="NUR155-P",
="800000228",="Present",="10/22/2025",="NUR155-P",
="800000228",="Present",="10/29/2025",="NUR155-P",
="800000228",="Present",="11/5/2025",="NUR155-P",
="800000228",="Present",="11/12/2025",="NUR155-P",
="800000228",="Present",="11/19/2025",="NUR155-P",
="800000228",="Present",="11/26/2025",="NUR155-P",
="800000228",="Present",="12/3/2025",="NUR155-P",
="800000228",="Present",="12/10/2025",="NUR155-P",
="800000228",="Present",="9/4/2025",="NUR140-A",
="800000228",="Present",="9/11/2025",="NUR140-A",
="800000228",="Present",="9/18/2025",="NUR140-A",
="800000228",="Present",="9/25/2025",="NUR140-A",
="800000228",="Present",="10/2/2025",="NUR140-A",
="800000228",="Present",="10/9/2025",="NUR140-A",
="800000228",="Present",="10/16/2025",="NUR140-A",
="800000228",="Present",="11/6/2025",="NUR140-A",
="800000228",="Present",="11/13/2025",="NUR140-A",
="800000228",="Present",="11/20/2025",="NUR140-A",
="800001508",="Absent",="12/10/2025",="NUR145-C-A3",
="800001508",="Present",="9/15/2025",="NUR145 - P",
="800001508",="Present",="9/22/2025",="NUR145 - P",
="800001508",="Present",="9/29/2025",="NUR145 - P",
="800001508",="Present",="10/6/2025",="NUR145 - P",
="800001508",="Present",="10/13/2025",="NUR145 - P",
="800001508",="Present",="11/3/2025",="NUR145 - P",
="800001508",="Present",="11/10/2025",="NUR145 - P",
="800001508",="Present",="11/17/2025",="NUR145 - P",
="800001508",="Present",="11/24/2025",="NUR145 - P",
="800001508",="Present",="12/1/2025",="NUR145 - P",
="800001771",="Present",="9/2/2025",="NUR120 -P",
="800001771",="Present",="9/9/2025",="NUR120 -P",
="800001771",="Present",="9/16/2025",="NUR120 -P",
="800001771",="Present",="9/30/2025",="NUR120 -P",
="800001771",="Present",="10/7/2025",="NUR120 -P",
="800001771",="Present",="10/14/2025",="NUR120 -P",
="800001771",="Present",="11/11/2025",="NUR120 -P",
="800001771",="Present",="11/18/2025",="NUR120 -P",
="800001771",="Present",="11/25/2025",="NUR120 -P",
="800001771",="Present",="12/2/2025",="NUR120 -P",
="800001771",="Present",="9/4/2025",="NUR125-P",
="800001771",="Present",="9/11/2025",="NUR125-P",
="800001771",="Present",="9/18/2025",="NUR125-P",
="800001771",="Present",="9/25/2025",="NUR125-P",
="800001771",="Present",="10/2/2025",="NUR125-P",
="800001771",="Present",="10/9/2025",="NUR125-P",
="800001771",="Present",="11/6/2025",="NUR125-P",
="800001771",="Present",="11/13/2025",="NUR125-P",
="800001771",="Present",="11/20/2025",="NUR125-P",
="800001771",="Present",="12/4/2025",="NUR125-P",
="800001771",="Present",="12/11/2025",="NUR125-P",
="800001771",="Present",="9/11/2025",="NUR125-L-P1",
="800001771",="Present",="9/18/2025",="NUR125-L-P1",
="800001771",="Present",="9/25/2025",="NUR125-L-P1",
="800001771",="Present",="10/2/2025",="NUR125-L-P1",
="800001771",="Present",="10/9/2025",="NUR125-L-P1",
="800001771",="Present",="10/16/2025",="NUR125-L-P1",
="800001771",="Present",="11/6/2025",="NUR125-L-P1",
="800001771",="Present",="11/13/2025",="NUR125-L-P1",
="800001771",="Present",="11/20/2025",="NUR125-L-P1",
="800001771",="Present",="12/4/2025",="NUR125-L-P1",
="800001771",="Present",="12/11/2025",="NUR125-L-P1",
="800001771",="Present",="9/10/2025",="PHARM130-P",
="800001771",="Present",="9/17/2025",="PHARM130-P",
="800001771",="Present",="9/24/2025",="PHARM130-P",
="800001771",="Present",="10/1/2025",="PHARM130-P",
="800001771",="Present",="10/8/2025",="PHARM130-P",
="800001771",="Present",="10/15/2025",="PHARM130-P",
="800001771",="Present",="10/22/2025",="PHARM130-P",
="800001771",="Present",="10/29/2025",="PHARM130-P",
="800001771",="Present",="11/5/2025",="PHARM130-P",
="800001771",="Present",="11/12/2025",="PHARM130-P",
="800001771",="Present",="11/19/2025",="PHARM130-P",
="800001771",="Present",="12/3/2025",="PHARM130-P",
="800001771",="Present",="12/10/2025",="PHARM130-P",
="800001771",="Present",="9/6/2025",="NUT100 -OL",
="800001771",="Present",="9/13/2025",="NUT100 -OL",
="800001771",="Present",="9/20/2025",="NUT100 -OL",
="800001771",="Present",="9/27/2025",="NUT100 -OL",
="800001771",="Present",="10/4/2025",="NUT100 -OL",
="800001771",="Present",="10/11/2025",="NUT100 -OL",
="800001771",="Present",="10/18/2025",="NUT100 -OL",
="800001771",="Present",="10/25/2025",="NUT100 -OL",
="800001771",="Present",="11/1/2025",="NUT100 -OL",
="800001771",="Present",="11/8/2025",="NUT100 -OL",
="800001771",="Present",="11/15/2025",="NUT100 -OL",
="800001771",="Present",="11/22/2025",="NUT100 -OL",
="800001771",="Present",="11/29/2025",="NUT100 -OL",
="800001771",="Present",="12/6/2025",="NUT100 -OL",
="800001771",="Present",="9/19/2025",="NUR120-L-P1",
="800001771",="Present",="10/17/2025",="NUR120-L-P1",
="800001771",="Present",="11/7/2025",="NUR120-L-P1",
="800001771",="Present",="11/14/2025",="NUR120-L-P1",
="800001771",="Absent",="9/4/2025",="PSY101 -A",
="800001771",="Present",="10/9/2025",="PSY101 -A",
="800001771",="Present",="10/16/2025",="PSY101 -A",
="800001644",="Present",="10/6/2025",="NUR135-L-P1",
="800001644",="Present",="10/20/2025",="NUR135-L-P1",
="800001644",="Present",="9/19/2025",="NUR120-L-P1",
="800001644",="Present",="10/17/2025",="NUR120-L-P1",
="800001644",="Present",="11/7/2025",="NUR120-L-P1",
="800001644",="Present",="11/14/2025",="NUR120-L-P1",
="800001644",="Present",="9/8/2025",="NUR135-P",
="800001644",="Present",="9/15/2025",="NUR135-P",
="800001644",="Present",="9/22/2025",="NUR135-P",
="800001644",="Present",="9/29/2025",="NUR135-P",
="800001644",="Present",="10/13/2025",="NUR135-P",
="800001644",="Present",="11/3/2025",="NUR135-P",
="800001644",="Present",="11/10/2025",="NUR135-P",
="800001644",="Present",="11/17/2025",="NUR135-P",
="800001644",="Present",="11/24/2025",="NUR135-P",
="800001644",="Present",="12/1/2025",="NUR135-P",
="800001644",="Present",="12/8/2025",="NUR135-P",
="800001644",="Present",="9/2/2025",="NUR120 -P",
="800001644",="Present",="9/9/2025",="NUR120 -P",
="800001644",="Present",="9/16/2025",="NUR120 -P",
="800001644",="Present",="9/30/2025",="NUR120 -P",
="800001644",="Present",="10/7/2025",="NUR120 -P",
="800001644",="Tardy/Late excused",="10/14/2025",="NUR120 -P",
="800001644",="Present",="11/11/2025",="NUR120 -P",
="800001644",="Present",="11/18/2025",="NUR120 -P",
="800001644",="Present",="11/25/2025",="NUR120 -P",
="800001644",="Absent",="12/2/2025",="NUR120 -P",
="800001919",="Present",="9/9/2025",="NUR100-L-P1",
="800001919",="Present",="9/16/2025",="NUR100-L-P1",
="800001919",="Present",="9/23/2025",="NUR100-L-P1",
="800001919",="Present",="9/30/2025",="NUR100-L-P1",
="800001919",="Present",="10/7/2025",="NUR100-L-P1",
="800001919",="Present",="10/14/2025",="NUR100-L-P1",
="800001919",="Present",="10/21/2025",="NUR100-L-P1",
="800001919",="Present",="10/28/2025",="NUR100-L-P1",
="800001919",="Present",="11/4/2025",="NUR100-L-P1",
="800001919",="Present",="11/18/2025",="NUR100-L-P1",
="800001919",="Absent",="11/25/2025",="NUR100-L-P1",
="800001919",="Present",="12/2/2025",="NUR100-L-P1",
="800001919",="Present",="9/8/2025",="NUR100-P",
="800001919",="Present",="9/15/2025",="NUR100-P",
="800001919",="Present",="9/22/2025",="NUR100-P",
="800001919",="Present",="9/29/2025",="NUR100-P",
="800001919",="Present",="10/6/2025",="NUR100-P",
="800001919",="Present",="10/13/2025",="NUR100-P",
="800001919",="Present",="11/3/2025",="NUR100-P",
="800001919",="Present",="11/10/2025",="NUR100-P",
="800001919",="Present",="11/17/2025",="NUR100-P",
="800001919",="Present",="11/24/2025",="NUR100-P",
="800001919",="Present",="12/1/2025",="NUR100-P",
="800001919",="Present",="10/2/2025",="PHARM100-P2",
="800001919",="Present",="10/9/2025",="PHARM100-P2",
="800001919",="Present",="10/16/2025",="PHARM100-P2",
="800001919",="Present",="10/23/2025",="PHARM100-P2",
="800001919",="Present",="10/30/2025",="PHARM100-P2",
="800001919",="Present",="11/6/2025",="PHARM100-P2",
="800001919",="Present",="11/13/2025",="PHARM100-P2",
="800001919",="Present",="11/20/2025",="PHARM100-P2",
="800001919",="Present",="12/4/2025",="PHARM100-P2",
="800001919",="Absent",="12/11/2025",="PHARM100-P2",
="800001525",="Present",="9/10/2025",="PHARM130-P",
="800001525",="Present",="9/24/2025",="PHARM130-P",
="800001525",="Present",="10/1/2025",="PHARM130-P",
="800001525",="Present",="10/8/2025",="PHARM130-P",
="800001525",="Present",="10/15/2025",="PHARM130-P",
="800001525",="Absent",="10/22/2025",="PHARM130-P",
="800001525",="Absent",="10/29/2025",="PHARM130-P",
="800001525",="Present",="11/5/2025",="PHARM130-P",
="800001525",="Present",="11/12/2025",="PHARM130-P",
="800001525",="Present",="11/19/2025",="PHARM130-P",
="800001525",="Absent",="12/3/2025",="PHARM130-P",
="800001525",="Absent",="12/10/2025",="PHARM130-P",
="800001513",="Present",="10/29/2025",="NUR300",
="800001513",="Present",="11/5/2025",="NUR300",
="800001513",="Present",="11/12/2025",="NUR300",
="800001513",="Absent",="11/21/2025",="NUR300",
="800001513",="Present",="11/26/2025",="NUR300",
="800001513",="Present",="9/3/2025",="NUR304",
="800001513",="Present",="9/10/2025",="NUR304",
="800001513",="Present",="9/17/2025",="NUR304",
="800001513",="Present",="9/19/2025",="NUR304",
="800001513",="Present",="9/24/2025",="NUR304",
="800001513",="Present",="10/1/2025",="NUR304",
="800001513",="Tardy/Late",="10/3/2025",="NUR304",
="800001513",="Present",="10/8/2025",="NUR304",
="800001513",="Absent",="10/15/2025",="NUR304",
="800001513",="Present",="9/17/2025",="NUR305",
="800001513",="Present",="9/24/2025",="NUR305",
="800001513",="Present",="10/1/2025",="NUR305",
="800001513",="Present",="10/3/2025",="NUR305",
="800001513",="Present",="10/8/2025",="NUR305",
="800001513",="Present",="11/5/2025",="NUR302",
="800001513",="Absent",="11/12/2025",="NUR302",
="800001513",="Present",="11/19/2025",="NUR302",
="800001513",="Present",="12/3/2025",="NUR302",
="800001513",="Present",="9/4/2025",="NUR255 -P",
="800001513",="Present",="9/11/2025",="NUR255 -P",
="800001513",="Present",="9/18/2025",="NUR255 -P",
="800001513",="Present",="9/25/2025",="NUR255 -P",
="800001513",="Present",="10/2/2025",="NUR255 -P",
="800001513",="Present",="10/9/2025",="NUR255 -P",
="800001513",="Present",="10/16/2025",="NUR255 -P",
="800001513",="Present",="10/23/2025",="NUR255 -P",
="800001513",="Present",="9/8/2025",="NUR265 -P",
="800001513",="Present",="9/15/2025",="NUR265 -P",
="800001513",="Present",="9/22/2025",="NUR265 -P",
="800001513",="Present",="9/29/2025",="NUR265 -P",
="800001513",="Present",="10/6/2025",="NUR265 -P",
="800001513",="Present",="10/13/2025",="NUR265 -P",
="800000774",="Present",="9/3/2025",="NUR304",
="800000774",="Present",="9/10/2025",="NUR304",
="800000774",="Present",="9/17/2025",="NUR304",
="800000774",="Present",="9/19/2025",="NUR304",
="800000774",="Present",="9/24/2025",="NUR304",
="800000774",="Present",="10/1/2025",="NUR304",
="800000774",="Tardy/Late",="10/3/2025",="NUR304",
="800000774",="Present",="10/8/2025",="NUR304",
="800000774",="Present",="10/15/2025",="NUR304",
="800000774",="Present",="9/17/2025",="NUR305",
="800000774",="Present",="9/24/2025",="NUR305",
="800000774",="Present",="10/1/2025",="NUR305",
="800000774",="Present",="10/3/2025",="NUR305",
="800000774",="Present",="10/8/2025",="NUR305",
="800000774",="Present",="9/9/2025",="NUR403",
="800000774",="Tardy/Late",="10/14/2025",="NUR403",
="800000774",="Present",="11/4/2025",="NUR403",
="800000774",="Present",="11/11/2025",="NUR403",
="800000774",="No class",="11/18/2025",="NUR403",
="800000774",="Present",="11/25/2025",="NUR403",
="800000774",="Present",="12/2/2025",="NUR403",
="800000774",="Present",="12/9/2025",="NUR403",
="800000774",="Present",="9/11/2025",="NUR400",
="800000774",="Present",="9/18/2025",="NUR400",
="800000774",="Present",="10/2/2025",="NUR400",
="800000722",="Present",="11/5/2025",="NUR302",
="800000722",="Present",="11/12/2025",="NUR302",
="800000722",="Present",="11/19/2025",="NUR302",
="800000722",="Present",="12/3/2025",="NUR302",
="800000722",="Present",="10/29/2025",="NUR300",
="800000722",="Present",="11/5/2025",="NUR300",
="800000722",="Present",="11/12/2025",="NUR300",
="800000722",="Present",="11/21/2025",="NUR300",
="800000722",="Present",="11/26/2025",="NUR300",
="800000722",="Present",="9/3/2025",="NUR304",
="800000722",="Present",="9/10/2025",="NUR304",
="800000722",="Present",="9/17/2025",="NUR304",
="800000722",="Present",="9/19/2025",="NUR304",
="800000722",="Present",="9/24/2025",="NUR304",
="800000722",="Present",="10/1/2025",="NUR304",
="800000722",="Tardy/Late",="10/3/2025",="NUR304",
="800000722",="Present",="10/8/2025",="NUR304",
="800000722",="Present",="10/15/2025",="NUR304",
="800000722",="Present",="9/17/2025",="NUR305",
="800000722",="Present",="9/24/2025",="NUR305",
="800000722",="Present",="10/1/2025",="NUR305",
="800000722",="Present",="10/3/2025",="NUR305",
="800000722",="Present",="10/8/2025",="NUR305",
="800001921",="Present",="9/5/2025",="ENG101 -P",
="800001921",="Present",="9/12/2025",="ENG101 -P",
="800001921",="Present",="9/19/2025",="ENG101 -P",
="800001921",="Present",="9/26/2025",="ENG101 -P",
="800001921",="Present",="10/3/2025",="ENG101 -P",
="800001921",="Present",="10/10/2025",="ENG101 -P",
="800001921",="Present",="10/17/2025",="ENG101 -P",
="800001921",="Present",="10/24/2025",="ENG101 -P",
="800001921",="Present",="10/31/2025",="ENG101 -P",
="800001921",="Absent",="11/7/2025",="ENG101 -P",
="800001921",="Present",="11/14/2025",="ENG101 -P",
="800001921",="Present",="11/21/2025",="ENG101 -P",
="800001643",="Absent",="9/9/2025",="NUR100-L-P2",
="800001643",="Present",="9/16/2025",="NUR100-L-P2",
="800001643",="Present",="9/23/2025",="NUR100-L-P2",
="800001643",="Present",="9/30/2025",="NUR100-L-P2",
="800001643",="Present",="10/7/2025",="NUR100-L-P2",
="800001643",="Present",="10/14/2025",="NUR100-L-P2",
="800001643",="Present",="10/21/2025",="NUR100-L-P2",
="800001643",="Present",="10/28/2025",="NUR100-L-P2",
="800001643",="Present",="11/4/2025",="NUR100-L-P2",
="800001643",="Present",="11/18/2025",="NUR100-L-P2",
="800001643",="Present",="11/25/2025",="NUR100-L-P2",
="800001643",="Present",="12/2/2025",="NUR100-L-P2",
="800001643",="Present",="9/8/2025",="NUR100-P",
="800001643",="Present",="9/15/2025",="NUR100-P",
="800001643",="Present",="9/22/2025",="NUR100-P",
="800001643",="Present",="9/29/2025",="NUR100-P",
="800001643",="Present",="10/6/2025",="NUR100-P",
="800001643",="Present",="10/13/2025",="NUR100-P",
="800001643",="Present",="11/3/2025",="NUR100-P",
="800001643",="Present",="11/10/2025",="NUR100-P",
="800001643",="Present",="11/17/2025",="NUR100-P",
="800001643",="Present",="11/24/2025",="NUR100-P",
="800001643",="Present",="12/1/2025",="NUR100-P",
="800001434",="Present",="10/2/2025",="PHARM100-P2",
="800001434",="Present",="10/9/2025",="PHARM100-P2",
="800001434",="Present",="10/16/2025",="PHARM100-P2",
="800001434",="Present",="10/23/2025",="PHARM100-P2",
="800001434",="Present",="10/30/2025",="PHARM100-P2",
="800001434",="Present",="11/6/2025",="PHARM100-P2",
="800001434",="Present",="11/13/2025",="PHARM100-P2",
="800001434",="Present",="11/20/2025",="PHARM100-P2",
="800001434",="Present",="12/4/2025",="PHARM100-P2",
="800001434",="Present",="12/11/2025",="PHARM100-P2",
="800001739",="Present",="9/6/2025",="NUT100 -OL",
="800001739",="Present",="9/13/2025",="NUT100 -OL",
="800001739",="Present",="9/20/2025",="NUT100 -OL",
="800001739",="Present",="9/27/2025",="NUT100 -OL",
="800001739",="Present",="10/4/2025",="NUT100 -OL",
="800001739",="Present",="10/11/2025",="NUT100 -OL",
="800001739",="Present",="10/18/2025",="NUT100 -OL",
="800001739",="Present",="10/25/2025",="NUT100 -OL",
="800001739",="Present",="11/1/2025",="NUT100 -OL",
="800001739",="Present",="11/8/2025",="NUT100 -OL",
="800001739",="Present",="11/15/2025",="NUT100 -OL",
="800001739",="Present",="11/22/2025",="NUT100 -OL",
="800001739",="Present",="11/29/2025",="NUT100 -OL",
="800001739",="Present",="12/6/2025",="NUT100 -OL",
="800001739",="Present",="9/2/2025",="AP100-A",
="800001739",="Present",="9/9/2025",="AP100-A",
="800001739",="Present",="9/16/2025",="AP100-A",
="800001739",="Present",="9/23/2025",="AP100-A",
="800001739",="Present",="9/30/2025",="AP100-A",
="800001739",="Present",="10/7/2025",="AP100-A",
="800001739",="Present",="10/14/2025",="AP100-A",
="800001739",="Present",="10/21/2025",="AP100-A",
="800001739",="Present",="10/28/2025",="AP100-A",
="800001739",="Present",="11/4/2025",="AP100-A",
="800001739",="Present",="11/11/2025",="AP100-A",
="800001739",="Present",="11/18/2025",="AP100-A",
="800001739",="Present",="11/25/2025",="AP100-A",
="800001739",="Present",="12/2/2025",="AP100-A",
="800001739",="Present",="12/9/2025",="AP100-A",
="800001417",="Present",="9/3/2025",="NUR150 -A",
="800001417",="Present",="9/10/2025",="NUR150 -A",
="800001417",="Present",="9/17/2025",="NUR150 -A",
="800001417",="Present",="9/24/2025",="NUR150 -A",
="800001417",="Present",="10/1/2025",="NUR150 -A",
="800001417",="Present",="10/8/2025",="NUR150 -A",
="800001417",="Present",="10/15/2025",="NUR150 -A",
="800001417",="Present",="11/5/2025",="NUR150 -A",
="800001417",="Present",="11/12/2025",="NUR150 -A",
="800001417",="Present",="11/19/2025",="NUR150 -A",
="800001417",="Present",="9/3/2025",="NUR155-P",
="800001417",="Present",="9/10/2025",="NUR155-P",
="800001417",="Present",="9/17/2025",="NUR155-P",
="800001417",="Present",="9/24/2025",="NUR155-P",
="800001417",="Present",="10/1/2025",="NUR155-P",
="800001417",="Present",="10/8/2025",="NUR155-P",
="800001417",="Present",="10/15/2025",="NUR155-P",
="800001417",="Present",="10/22/2025",="NUR155-P",
="800001417",="Present",="10/29/2025",="NUR155-P",
="800001417",="Present",="11/5/2025",="NUR155-P",
="800001417",="Present",="11/12/2025",="NUR155-P",
="800001417",="Present",="11/19/2025",="NUR155-P",
="800001417",="Present",="11/26/2025",="NUR155-P",
="800001417",="Present",="12/3/2025",="NUR155-P",
="800001417",="Present",="12/10/2025",="NUR155-P",
="800001580",="Present",="9/19/2025",="NUR120-L-P1",
="800001580",="Absent",="10/17/2025",="NUR120-L-P1",
="800001580",="Present",="11/7/2025",="NUR120-L-P1",
="800001580",="Present",="11/14/2025",="NUR120-L-P1",
="800001580",="Present",="9/11/2025",="NUR125-L-P2",
="800001580",="Present",="9/18/2025",="NUR125-L-P2",
="800001580",="Present",="9/25/2025",="NUR125-L-P2",
="800001580",="Absent",="10/2/2025",="NUR125-L-P2",
="800001580",="Absent",="10/9/2025",="NUR125-L-P2",
="800001580",="Present",="10/16/2025",="NUR125-L-P2",
="800001580",="Present",="11/6/2025",="NUR125-L-P2",
="800001580",="Absent",="11/13/2025",="NUR125-L-P2",
="800001580",="Present",="11/20/2025",="NUR125-L-P2",
="800001580",="Present",="12/4/2025",="NUR125-L-P2",
="800001580",="Present",="12/11/2025",="NUR125-L-P2",
="800001580",="Present",="9/2/2025",="NUR120 -P",
="800001580",="Present",="9/9/2025",="NUR120 -P",
="800001580",="Present",="9/16/2025",="NUR120 -P",
="800001580",="Absent",="9/30/2025",="NUR120 -P",
="800001580",="Present",="10/7/2025",="NUR120 -P",
="800001580",="Present",="10/14/2025",="NUR120 -P",
="800001580",="Present",="11/11/2025",="NUR120 -P",
="800001580",="Present",="11/18/2025",="NUR120 -P",
="800001580",="Present",="11/25/2025",="NUR120 -P",
="800001580",="Present",="12/2/2025",="NUR120 -P",
="800001580",="Present",="9/4/2025",="NUR125-P",
="800001580",="Present",="9/11/2025",="NUR125-P",
="800001580",="Present",="9/18/2025",="NUR125-P",
="800001580",="Present",="9/25/2025",="NUR125-P",
="800001580",="Present",="10/2/2025",="NUR125-P",
="800001580",="Absent",="10/9/2025",="NUR125-P",
="800001580",="Present",="11/6/2025",="NUR125-P",
="800001580",="Present",="11/13/2025",="NUR125-P",
="800001580",="Present",="11/20/2025",="NUR125-P",
="800001580",="Present",="12/4/2025",="NUR125-P",
="800001580",="Present",="12/11/2025",="NUR125-P",
="800001580",="Present",="10/6/2025",="NUR135-L-P1",
="800001580",="Absent",="10/20/2025",="NUR135-L-P1",
="800001580",="Present",="9/8/2025",="NUR135-P",
="800001580",="Present",="9/15/2025",="NUR135-P",
="800001580",="Present",="9/22/2025",="NUR135-P",
="800001580",="Present",="9/29/2025",="NUR135-P",
="800001580",="Present",="10/13/2025",="NUR135-P",
="800001580",="Present",="11/3/2025",="NUR135-P",
="800001580",="Present",="11/10/2025",="NUR135-P",
="800001580",="Present",="11/17/2025",="NUR135-P",
="800001580",="Present",="11/24/2025",="NUR135-P",
="800001580",="Present",="12/1/2025",="NUR135-P",
="800001580",="Present",="12/8/2025",="NUR135-P",
="800000785",="Present",="9/11/2025",="NUR140-A",
="800000785",="Present",="9/18/2025",="NUR140-A",
="800000785",="Present",="9/25/2025",="NUR140-A",
="800000785",="Present",="10/2/2025",="NUR140-A",
="800000785",="Present",="10/9/2025",="NUR140-A",
="800000785",="Present",="10/16/2025",="NUR140-A",
="800000785",="Present",="11/6/2025",="NUR140-A",
="800000785",="Present",="11/13/2025",="NUR140-A",
="800000785",="Absent",="11/20/2025",="NUR140-A",
="800000785",="Present",="9/3/2025",="NUR150 -A",
="800000785",="Present",="9/10/2025",="NUR150 -A",
="800000785",="Present",="9/17/2025",="NUR150 -A",
="800000785",="Present",="9/24/2025",="NUR150 -A",
="800000785",="Present",="10/1/2025",="NUR150 -A",
="800000785",="Present",="10/8/2025",="NUR150 -A",
="800000785",="Tardy/Late",="10/15/2025",="NUR150 -A",
="800000785",="Absent",="11/5/2025",="NUR150 -A",
="800000785",="Present",="11/12/2025",="NUR150 -A",
="800000785",="Present",="11/19/2025",="NUR150 -A",
="800001621",="Present",="9/4/2025",="PHARM130-A",
="800001621",="Present",="9/11/2025",="PHARM130-A",
="800001621",="Absent",="9/18/2025",="PHARM130-A",
="800001621",="Present",="9/25/2025",="PHARM130-A",
="800001621",="Present",="10/2/2025",="PHARM130-A",
="800001621",="Present",="10/9/2025",="PHARM130-A",
="800001621",="Absent",="10/16/2025",="PHARM130-A",
="800001621",="Absent",="10/23/2025",="PHARM130-A",
="770000452",="Present",="9/5/2025",="ENG101 -P",
="770000452",="Present",="9/12/2025",="ENG101 -P",
="770000452",="Present",="9/19/2025",="ENG101 -P",
="770000452",="Present",="9/26/2025",="ENG101 -P",
="770000452",="Present",="10/3/2025",="ENG101 -P",
="770000452",="Present",="10/10/2025",="ENG101 -P",
="770000452",="Present",="10/17/2025",="ENG101 -P",
="770000452",="Present",="10/24/2025",="ENG101 -P",
="770000452",="Present",="10/31/2025",="ENG101 -P",
="770000452",="Present",="11/7/2025",="ENG101 -P",
="770000452",="Present",="11/14/2025",="ENG101 -P",
="770000452",="Present",="11/21/2025",="ENG101 -P",
="800001591",="Present",="9/8/2025",="NUR221-A",
="800001591",="Present",="9/15/2025",="NUR221-A",
="800001591",="Present",="9/22/2025",="NUR221-A",
="800001591",="Present",="9/29/2025",="NUR221-A",
="800001591",="Present",="10/6/2025",="NUR221-A",
="800001591",="Present",="10/13/2025",="NUR221-A",
="800001591",="Present",="10/20/2025",="NUR221-A",
="800001591",="Present",="10/22/2025",="NUR221-A",
="800001591",="Present",="11/3/2025",="NUR221-A",
="800001591",="Present",="11/10/2025",="NUR221-A",
="800001591",="Present",="11/17/2025",="NUR221-A",
="800001591",="Present",="11/24/2025",="NUR221-A",
="800001591",="Present",="12/1/2025",="NUR221-A",
="800000625",="Present",="9/6/2025",="BIO 301 - OL",
="800000625",="Present",="9/13/2025",="BIO 301 - OL",
="800000625",="Present",="9/20/2025",="BIO 301 - OL",
="800000625",="Present",="9/27/2025",="BIO 301 - OL",
="800000625",="Present",="10/4/2025",="BIO 301 - OL",
="800000625",="Present",="10/11/2025",="BIO 301 - OL",
="800000625",="Present",="10/18/2025",="BIO 301 - OL",
="800000625",="Present",="10/25/2025",="BIO 301 - OL",
="800000428",="Present",="9/6/2025",="BIO 301 - OL",
="800000428",="Present",="9/13/2025",="BIO 301 - OL",
="800000428",="Present",="9/20/2025",="BIO 301 - OL",
="800000428",="Present",="9/27/2025",="BIO 301 - OL",
="800000428",="Present",="10/4/2025",="BIO 301 - OL",
="800000428",="Present",="10/11/2025",="BIO 301 - OL",
="800000428",="Present",="10/18/2025",="BIO 301 - OL",
="800000428",="Present",="10/25/2025",="BIO 301 - OL",
="800000461",="Present",="9/6/2025",="BIO 301 - OL",
="800000461",="Present",="9/13/2025",="BIO 301 - OL",
="800000461",="Present",="9/20/2025",="BIO 301 - OL",
="800000461",="Present",="9/27/2025",="BIO 301 - OL",
="800000461",="Present",="10/4/2025",="BIO 301 - OL",
="800000461",="Present",="10/11/2025",="BIO 301 - OL",
="800000461",="Present",="10/18/2025",="BIO 301 - OL",
="800000461",="Present",="10/25/2025",="BIO 301 - OL",
="800000625",="Present",="11/1/2025",="BIO 401 - OL",
="800000625",="Present",="11/8/2025",="BIO 401 - OL",
="800000625",="Present",="11/15/2025",="BIO 401 - OL",
="800000625",="Present",="11/22/2025",="BIO 401 - OL",
="800000625",="Present",="11/29/2025",="BIO 401 - OL",
="800000625",="Present",="12/6/2025",="BIO 401 - OL",
="800000625",="Present",="12/13/2025",="BIO 401 - OL",
="800000428",="Present",="11/1/2025",="BIO 401 - OL",
="800000428",="Present",="11/8/2025",="BIO 401 - OL",
="800000428",="Present",="11/15/2025",="BIO 401 - OL",
="800000428",="Present",="11/22/2025",="BIO 401 - OL",
="800000428",="Present",="11/29/2025",="BIO 401 - OL",
="800000428",="Present",="12/6/2025",="BIO 401 - OL",
="800000428",="Present",="12/13/2025",="BIO 401 - OL",
="800000461",="Present",="11/1/2025",="BIO 401 - OL",
="800000461",="Present",="11/8/2025",="BIO 401 - OL",
="800000461",="Present",="11/15/2025",="BIO 401 - OL",
="800000461",="Present",="11/22/2025",="BIO 401 - OL",
="800000461",="Present",="11/29/2025",="BIO 401 - OL",
="800000461",="Present",="12/6/2025",="BIO 401 - OL",
="800000461",="Present",="12/13/2025",="BIO 401 - OL",
="800000625",="Present",="9/6/2025",="HUM300 -OL",
="800000625",="Present",="9/13/2025",="HUM300 -OL",
="800000625",="Present",="9/20/2025",="HUM300 -OL",
="800000625",="Present",="9/27/2025",="HUM300 -OL",
="800000625",="Present",="10/4/2025",="HUM300 -OL",
="800000625",="Present",="10/11/2025",="HUM300 -OL",
="800000625",="Present",="10/18/2025",="HUM300 -OL",
="800000625",="Present",="10/25/2025",="HUM300 -OL",
="800000428",="Present",="9/6/2025",="HUM300 -OL",
="800000428",="Present",="9/13/2025",="HUM300 -OL",
="800000428",="Present",="9/20/2025",="HUM300 -OL",
="800000428",="Present",="9/27/2025",="HUM300 -OL",
="800000428",="Present",="10/4/2025",="HUM300 -OL",
="800000428",="Present",="10/11/2025",="HUM300 -OL",
="800000428",="Present",="10/18/2025",="HUM300 -OL",
="800000428",="Present",="10/25/2025",="HUM300 -OL",
="800000461",="Present",="9/6/2025",="HUM300 -OL",
="800000461",="Present",="9/13/2025",="HUM300 -OL",
="800000461",="Present",="9/20/2025",="HUM300 -OL",
="800000461",="Present",="9/27/2025",="HUM300 -OL",
="800000461",="Absent",="10/4/2025",="HUM300 -OL",
="800000461",="Present",="10/11/2025",="HUM300 -OL",
="800000461",="Present",="10/18/2025",="HUM300 -OL",
="800000461",="Absent",="10/25/2025",="HUM300 -OL",
="800000722",="Present",="9/6/2025",="HUM300 -OL",
="800000722",="Present",="9/13/2025",="HUM300 -OL",
="800000722",="Present",="9/20/2025",="HUM300 -OL",
="800000722",="Present",="9/27/2025",="HUM300 -OL",
="800000722",="Present",="10/4/2025",="HUM300 -OL",
="800000722",="Present",="10/11/2025",="HUM300 -OL",
="800000722",="Present",="10/18/2025",="HUM300 -OL",
="800000722",="Present",="10/25/2025",="HUM300 -OL",
="800001466",="Present",="9/6/2025",="HUM300 -OL",
="800001466",="Present",="9/13/2025",="HUM300 -OL",
="800001466",="Present",="9/20/2025",="HUM300 -OL",
="800001466",="Present",="9/27/2025",="HUM300 -OL",
="800001466",="Present",="10/4/2025",="HUM300 -OL",
="800001466",="Present",="10/11/2025",="HUM300 -OL",
="800001466",="Present",="10/18/2025",="HUM300 -OL",
="800001466",="Present",="10/25/2025",="HUM300 -OL",
="800001591",="Present",="9/6/2025",="HUM300 -OL",
="800001591",="Present",="9/13/2025",="HUM300 -OL",
="800001591",="Present",="9/20/2025",="HUM300 -OL",
="800001591",="Present",="9/27/2025",="HUM300 -OL",
="800001591",="Present",="10/4/2025",="HUM300 -OL",
="800001591",="Present",="10/11/2025",="HUM300 -OL",
="800001591",="Present",="10/18/2025",="HUM300 -OL",
="800001591",="Present",="10/25/2025",="HUM300 -OL",
="800001513",="Present",="9/6/2025",="HUM300 -OL",
="800001513",="Present",="9/13/2025",="HUM300 -OL",
="800001513",="Present",="9/20/2025",="HUM300 -OL",
="800001513",="Present",="9/27/2025",="HUM300 -OL",
="800001513",="Present",="10/4/2025",="HUM300 -OL",
="800001513",="Present",="10/11/2025",="HUM300 -OL",
="800001513",="Present",="10/18/2025",="HUM300 -OL",
="800001513",="Present",="10/25/2025",="HUM300 -OL",
="800000625",="Present",="11/1/2025",="SOC300 - OL",
="800000625",="Present",="11/8/2025",="SOC300 - OL",
="800000625",="Present",="11/15/2025",="SOC300 - OL",
="800000625",="Present",="11/22/2025",="SOC300 - OL",
="800000625",="Present",="11/29/2025",="SOC300 - OL",
="800000625",="Present",="12/6/2025",="SOC300 - OL",
="800000625",="Present",="12/13/2025",="SOC300 - OL",
="800000428",="Present",="11/1/2025",="SOC300 - OL",
="800000428",="Present",="11/8/2025",="SOC300 - OL",
="800000428",="Present",="11/15/2025",="SOC300 - OL",
="800000428",="Present",="11/22/2025",="SOC300 - OL",
="800000428",="Present",="11/29/2025",="SOC300 - OL",
="800000428",="Present",="12/6/2025",="SOC300 - OL",
="800000428",="Present",="12/13/2025",="SOC300 - OL",
="800000461",="Present",="11/1/2025",="SOC300 - OL",
="800000461",="Present",="11/8/2025",="SOC300 - OL",
="800000461",="Present",="11/15/2025",="SOC300 - OL",
="800000461",="Present",="11/22/2025",="SOC300 - OL",
="800000461",="Present",="11/29/2025",="SOC300 - OL",
="800000461",="Present",="12/6/2025",="SOC300 - OL",
="800000461",="Present",="12/13/2025",="SOC300 - OL",
="800001530",="Present",="9/2/2025",="NUR150-P",
="800001530",="Present",="9/9/2025",="NUR150-P",
="800001530",="Present",="9/16/2025",="NUR150-P",
="800001530",="Present",="9/23/2025",="NUR150-P",
="800001530",="Present",="9/30/2025",="NUR150-P",
="800001530",="Present",="10/7/2025",="NUR150-P",
="800001530",="Present",="11/4/2025",="NUR150-P",
="800001530",="Present",="11/11/2025",="NUR150-P",
="800001530",="Absent",="11/18/2025",="NUR150-P",
="800001950",="Present",="9/2/2025",="AP100-A",
="800001950",="Present",="9/9/2025",="AP100-A",
="800001950",="Present",="9/16/2025",="AP100-A",
="800001950",="Present",="9/23/2025",="AP100-A",
="800001950",="Present",="9/30/2025",="AP100-A",
="800001950",="Present",="10/7/2025",="AP100-A",
="800001950",="Present",="10/14/2025",="AP100-A",
="800001950",="Present",="10/21/2025",="AP100-A",
="800001950",="Present",="10/28/2025",="AP100-A",
="800001950",="Present",="11/4/2025",="AP100-A",
="800001950",="Present",="11/11/2025",="AP100-A",
="800001950",="Present",="11/18/2025",="AP100-A",
="800001950",="Present",="11/25/2025",="AP100-A",
="800001950",="Present",="12/2/2025",="AP100-A",
="800001950",="Present",="12/9/2025",="AP100-A",
="800001950",="Absent",="9/2/2025",="NUR100-L-A2",
="800001950",="Present",="9/9/2025",="NUR100-L-A2",
="800001950",="Present",="9/16/2025",="NUR100-L-A2",
="800001950",="Present",="9/23/2025",="NUR100-L-A2",
="800001950",="Present",="9/30/2025",="NUR100-L-A2",
="800001950",="Present",="10/7/2025",="NUR100-L-A2",
="800001950",="Present",="10/14/2025",="NUR100-L-A2",
="800001950",="Present",="10/21/2025",="NUR100-L-A2",
="800001950",="Present",="10/28/2025",="NUR100-L-A2",
="800001950",="Present",="11/4/2025",="NUR100-L-A2",
="800001950",="Present",="11/11/2025",="NUR100-L-A2",
="800001950",="Present",="11/18/2025",="NUR100-L-A2",
="800001950",="Present",="11/25/2025",="NUR100-L-A2",
="800001950",="Present",="12/2/2025",="NUR100-L-A2",
="800001950",="Present",="12/9/2025",="NUR100-L-A2",
="800001950",="Present",="9/3/2025",="ENG101 -A",
="800001950",="Present",="9/10/2025",="ENG101 -A",
="800001950",="Present",="9/17/2025",="ENG101 -A",
="800001950",="Present",="9/24/2025",="ENG101 -A",
="800001950",="Present",="10/1/2025",="ENG101 -A",
="800001950",="Present",="10/8/2025",="ENG101 -A",
="800001950",="Present",="10/15/2025",="ENG101 -A",
="800001950",="Present",="10/22/2025",="ENG101 -A",
="800001950",="Present",="10/29/2025",="ENG101 -A",
="800001950",="Present",="11/5/2025",="ENG101 -A",
="800001950",="Present",="11/12/2025",="ENG101 -A",
="800001950",="Present",="11/19/2025",="ENG101 -A",
="800001950",="Present",="11/26/2025",="ENG101 -A",
="800001950",="Present",="12/3/2025",="ENG101 -A",
="800001950",="Present",="9/4/2025",="PSY101 -A",
="800001950",="Present",="10/9/2025",="PSY101 -A",
="800001950",="Present",="10/16/2025",="PSY101 -A",
="800001950",="Absent",="9/29/2025",="PHARM100-A",
="800001950",="Present",="10/6/2025",="PHARM100-A",
="800001950",="Absent",="10/13/2025",="PHARM100-A",
="800001950",="Present",="11/17/2025",="PHARM100-A",
="800001950",="Present",="11/24/2025",="PHARM100-A",
="800001950",="Present",="12/1/2025",="PHARM100-A",
="800001950",="Present",="9/8/2025",="NUR100 -A",
="800001950",="Present",="9/15/2025",="NUR100 -A",
="800001950",="Present",="9/22/2025",="NUR100 -A",
="800001950",="Present",="9/29/2025",="NUR100 -A",
="800001950",="Present",="10/6/2025",="NUR100 -A",
="800001950",="Present",="10/13/2025",="NUR100 -A",
="800001950",="Present",="11/3/2025",="NUR100 -A",
="800001950",="Present",="11/10/2025",="NUR100 -A",
="800001950",="Present",="11/17/2025",="NUR100 -A",
="800001950",="Present",="11/24/2025",="NUR100 -A",
="800001950",="Present",="12/1/2025",="NUR100 -A",
="800001950",="Present",="12/8/2025",="NUR100 -A",
="800001950",="Tardy/Late",="9/5/2025",="COL010 -A",
="800001950",="Tardy/Late",="9/12/2025",="COL010 -A",
="800001950",="Tardy/Late",="9/19/2025",="COL010 -A",
="800001950",="Tardy/Late",="9/26/2025",="COL010 -A",
="800001415",="Present",="9/15/2025",="NUR145 - P",
="800001415",="Present",="9/22/2025",="NUR145 - P",
="800001415",="Present",="9/29/2025",="NUR145 - P",
="800001415",="Present",="10/6/2025",="NUR145 - P",
="800001415",="Present",="10/13/2025",="NUR145 - P",
="800001415",="Present",="11/3/2025",="NUR145 - P",
="800001415",="Present",="11/10/2025",="NUR145 - P",
="800001415",="Present",="11/17/2025",="NUR145 - P",
="800001415",="Present",="11/24/2025",="NUR145 - P",
="800001415",="Present",="12/1/2025",="NUR145 - P",
="800001415",="Present",="9/4/2025",="NUR140-A",
="800001415",="Present",="9/11/2025",="NUR140-A",
="800001415",="Present",="9/18/2025",="NUR140-A",
="800001415",="Present",="9/25/2025",="NUR140-A",
="800001415",="Present",="10/2/2025",="NUR140-A",
="800001415",="Present",="10/9/2025",="NUR140-A",
="800001415",="Present",="10/16/2025",="NUR140-A",
="800001415",="Present",="11/6/2025",="NUR140-A",
="800001415",="Present",="11/13/2025",="NUR140-A",
="800001415",="Present",="11/20/2025",="NUR140-A",
="800001415",="Present",="9/3/2025",="NUR155-P",
="800001415",="Present",="9/10/2025",="NUR155-P",
="800001415",="Present",="9/17/2025",="NUR155-P",
="800001415",="Present",="9/24/2025",="NUR155-P",
="800001415",="Present",="10/1/2025",="NUR155-P",
="800001415",="Present",="10/8/2025",="NUR155-P",
="800001415",="Present",="10/15/2025",="NUR155-P",
="800001415",="Present",="10/22/2025",="NUR155-P",
="800001415",="Present",="10/29/2025",="NUR155-P",
="800001415",="Present",="11/5/2025",="NUR155-P",
="800001415",="Present",="11/12/2025",="NUR155-P",
="800001415",="Present",="11/19/2025",="NUR155-P",
="800001415",="Present",="11/26/2025",="NUR155-P",
="800001415",="Present",="12/3/2025",="NUR155-P",
="800001415",="Present",="12/10/2025",="NUR155-P",
="800001557",="Present",="9/11/2025",="NUR140-A",
="800001557",="Present",="9/18/2025",="NUR140-A",
="800001557",="Present",="9/25/2025",="NUR140-A",
="800001557",="Present",="10/2/2025",="NUR140-A",
="800001557",="Present",="10/9/2025",="NUR140-A",
="800001557",="Present",="10/16/2025",="NUR140-A",
="800001557",="Present",="11/6/2025",="NUR140-A",
="800001557",="Present",="11/13/2025",="NUR140-A",
="800001557",="Present",="11/20/2025",="NUR140-A",
="800001557",="Present",="9/15/2025",="NUR145 - P",
="800001557",="Present",="9/22/2025",="NUR145 - P",
="800001557",="Present",="9/29/2025",="NUR145 - P",
="800001557",="Present",="10/6/2025",="NUR145 - P",
="800001557",="Present",="10/13/2025",="NUR145 - P",
="800001557",="Present",="11/3/2025",="NUR145 - P",
="800001557",="Present",="11/10/2025",="NUR145 - P",
="800001557",="Present",="11/17/2025",="NUR145 - P",
="800001557",="Present",="11/24/2025",="NUR145 - P",
="800001557",="Present",="12/1/2025",="NUR145 - P",
="800001557",="Present",="12/10/2025",="NUR145-C-A3",
="800001557",="Present",="9/3/2025",="NUR150 -A",
="800001557",="Present",="9/10/2025",="NUR150 -A",
="800001557",="Present",="9/17/2025",="NUR150 -A",
="800001557",="Present",="9/24/2025",="NUR150 -A",
="800001557",="Present",="10/1/2025",="NUR150 -A",
="800001557",="Present",="10/8/2025",="NUR150 -A",
="800001557",="Present",="10/15/2025",="NUR150 -A",
="800001557",="Present",="11/5/2025",="NUR150 -A",
="800001557",="Present",="11/12/2025",="NUR150 -A",
="800001557",="Present",="11/19/2025",="NUR150 -A",
="800001954",="Present",="9/2/2025",="AP100-A",
="800001954",="Present",="9/9/2025",="AP100-A",
="800001954",="Present",="9/16/2025",="AP100-A",
="800001954",="Present",="9/23/2025",="AP100-A",
="800001954",="Present",="9/30/2025",="AP100-A",
="800001954",="Present",="10/7/2025",="AP100-A",
="800001954",="Present",="10/14/2025",="AP100-A",
="800001954",="Present",="10/21/2025",="AP100-A",
="800001954",="Present",="10/28/2025",="AP100-A",
="800001954",="Present",="11/4/2025",="AP100-A",
="800001954",="Present",="11/11/2025",="AP100-A",
="800001954",="Present",="11/18/2025",="AP100-A",
="800001954",="Present",="11/25/2025",="AP100-A",
="800001954",="Present",="12/2/2025",="AP100-A",
="800001954",="Present",="12/9/2025",="AP100-A",
="800001954",="Tardy/Late",="9/5/2025",="COL010 -A",
="800001954",="Tardy/Late",="9/12/2025",="COL010 -A",
="800001954",="Tardy/Late",="9/19/2025",="COL010 -A",
="800001954",="Tardy/Late",="9/26/2025",="COL010 -A",
="800001954",="Present",="9/3/2025",="ENG101 -A",
="800001954",="Present",="9/10/2025",="ENG101 -A",
="800001954",="Present",="9/17/2025",="ENG101 -A",
="800001954",="Present",="9/24/2025",="ENG101 -A",
="800001954",="Present",="10/1/2025",="ENG101 -A",
="800001954",="Present",="10/8/2025",="ENG101 -A",
="800001954",="Present",="10/15/2025",="ENG101 -A",
="800001954",="Present",="10/22/2025",="ENG101 -A",
="800001954",="Present",="10/29/2025",="ENG101 -A",
="800001954",="Present",="11/5/2025",="ENG101 -A",
="800001954",="Present",="11/12/2025",="ENG101 -A",
="800001954",="Present",="11/19/2025",="ENG101 -A",
="800001954",="Present",="11/26/2025",="ENG101 -A",
="800001954",="Present",="12/3/2025",="ENG101 -A",
="800001954",="Present",="9/29/2025",="PHARM100-A",
="800001954",="Present",="10/6/2025",="PHARM100-A",
="800001954",="Absent",="10/13/2025",="PHARM100-A",
="800001954",="Present",="11/17/2025",="PHARM100-A",
="800001954",="Present",="11/24/2025",="PHARM100-A",
="800001954",="Present",="12/1/2025",="PHARM100-A",
="800001954",="Present",="9/4/2025",="PSY101 -A",
="800001954",="Present",="10/9/2025",="PSY101 -A",
="800001954",="Present",="10/16/2025",="PSY101 -A",
="800001784",="Present",="9/2/2025",="NUR100-L-A2",
="800001784",="Present",="9/9/2025",="NUR100-L-A2",
="800001784",="Present",="9/16/2025",="NUR100-L-A2",
="800001784",="Present",="9/23/2025",="NUR100-L-A2",
="800001784",="Absent",="9/30/2025",="NUR100-L-A2",
="800001784",="Present",="10/7/2025",="NUR100-L-A2",
="800001784",="Absent",="10/14/2025",="NUR100-L-A2",
="800001784",="Present",="10/21/2025",="NUR100-L-A2",
="800001784",="Present",="10/28/2025",="NUR100-L-A2",
="800001784",="Present",="11/4/2025",="NUR100-L-A2",
="800001784",="Present",="11/11/2025",="NUR100-L-A2",
="800001784",="Absent",="11/18/2025",="NUR100-L-A2",
="800001784",="Present",="11/25/2025",="NUR100-L-A2",
="800001784",="Present",="12/2/2025",="NUR100-L-A2",
="800001784",="Present",="12/9/2025",="NUR100-L-A2",
="800001784",="Present",="9/8/2025",="NUR100 -A",
="800001784",="Present",="9/15/2025",="NUR100 -A",
="800001784",="Present",="9/22/2025",="NUR100 -A",
="800001784",="Present",="9/29/2025",="NUR100 -A",
="800001784",="Present",="10/6/2025",="NUR100 -A",
="800001784",="Present",="10/13/2025",="NUR100 -A",
="800001784",="Present",="11/3/2025",="NUR100 -A",
="800001784",="Present",="11/10/2025",="NUR100 -A",
="800001784",="Present",="11/17/2025",="NUR100 -A",
="800001784",="Present",="11/24/2025",="NUR100 -A",
="800001784",="Present",="12/1/2025",="NUR100 -A",
="800001784",="Present",="12/8/2025",="NUR100 -A",
="800001784",="Present",="9/11/2025",="NUR125-L-P2",
="800001784",="Present",="9/18/2025",="NUR125-L-P2",
="800001784",="Present",="9/25/2025",="NUR125-L-P2",
="800001784",="Present",="10/2/2025",="NUR125-L-P2",
="800001784",="Present",="10/9/2025",="NUR125-L-P2",
="800001784",="Present",="10/16/2025",="NUR125-L-P2",
="800001784",="Present",="11/6/2025",="NUR125-L-P2",
="800001784",="Present",="11/13/2025",="NUR125-L-P2",
="800001784",="Absent",="11/20/2025",="NUR125-L-P2",
="800001784",="Present",="12/4/2025",="NUR125-L-P2",
="800001784",="Present",="12/11/2025",="NUR125-L-P2",
="800001784",="Present",="9/6/2025",="NUT100 -OL II",
="800001784",="Present",="9/13/2025",="NUT100 -OL II",
="800001784",="Present",="9/20/2025",="NUT100 -OL II",
="800001784",="Present",="9/27/2025",="NUT100 -OL II",
="800001784",="Present",="10/4/2025",="NUT100 -OL II",
="800001784",="Present",="10/11/2025",="NUT100 -OL II",
="800001784",="Present",="10/18/2025",="NUT100 -OL II",
="800001784",="Present",="10/25/2025",="NUT100 -OL II",
="800001784",="Present",="11/1/2025",="NUT100 -OL II",
="800001784",="Present",="11/8/2025",="NUT100 -OL II",
="800001784",="Present",="11/15/2025",="NUT100 -OL II",
="800001784",="Present",="11/22/2025",="NUT100 -OL II",
="800001784",="Present",="11/29/2025",="NUT100 -OL II",
="800001784",="Present",="12/6/2025",="NUT100 -OL II",
="800001784",="Present",="9/4/2025",="NUR125-P",
="800001784",="Present",="9/11/2025",="NUR125-P",
="800001784",="Present",="9/18/2025",="NUR125-P",
="800001784",="Present",="9/25/2025",="NUR125-P",
="800001784",="Present",="10/2/2025",="NUR125-P",
="800001784",="Present",="10/9/2025",="NUR125-P",
="800001784",="Present",="11/6/2025",="NUR125-P",
="800001784",="Present",="11/13/2025",="NUR125-P",
="800001784",="No class",="11/20/2025",="NUR125-P",
="800001784",="Present",="12/4/2025",="NUR125-P",
="800001784",="Present",="12/11/2025",="NUR125-P",
="800000649",="Present",="9/8/2025",="NUR265 -P",
="800000649",="Present",="9/15/2025",="NUR265 -P",
="800000649",="Present",="9/22/2025",="NUR265 -P",
="800000649",="Present",="9/29/2025",="NUR265 -P",
="800000649",="Present",="10/6/2025",="NUR265 -P",
="800000649",="Present",="10/13/2025",="NUR265 -P",
="800000649",="Present",="9/4/2025",="NUR255 -P",
="800000649",="Present",="9/11/2025",="NUR255 -P",
="800000649",="Present",="9/18/2025",="NUR255 -P",
="800000649",="Present",="9/25/2025",="NUR255 -P",
="800000649",="Present",="10/2/2025",="NUR255 -P",
="800000649",="Present",="10/9/2025",="NUR255 -P",
="800000649",="Present",="10/16/2025",="NUR255 -P",
="800000649",="Present",="10/23/2025",="NUR255 -P",
="800000649",="Present",="9/3/2025",="NUR270-P",
="800000649",="Present",="9/10/2025",="NUR270-P",
="800000649",="Present",="9/17/2025",="NUR270-P",
="800000649",="Present",="9/24/2025",="NUR270-P",
="800000649",="Present",="10/1/2025",="NUR270-P",
="800000649",="Present",="10/8/2025",="NUR270-P",
="800000649",="Present",="10/15/2025",="NUR270-P",
="800000649",="Present",="11/5/2025",="NUR270-P",
="800000649",="Present",="11/12/2025",="NUR270-P",
="800000649",="Present",="11/19/2025",="NUR270-P",
="800000649",="Present",="11/26/2025",="NUR270-P",
="800000649",="Present",="12/3/2025",="NUR270-P",
="800000649",="Present",="12/10/2025",="NUR270-P",
="800000649",="Present",="12/17/2025",="NUR270-P",
="800001572",="Present",="9/2/2025",="NUR120 -P",
="800001572",="Present",="9/9/2025",="NUR120 -P",
="800001572",="Present",="9/16/2025",="NUR120 -P",
="800001572",="Present",="9/30/2025",="NUR120 -P",
="800001572",="Present",="10/7/2025",="NUR120 -P",
="800001572",="Tardy/Late",="10/14/2025",="NUR120 -P",
="800001572",="Present",="11/11/2025",="NUR120 -P",
="800001572",="Present",="11/18/2025",="NUR120 -P",
="800001572",="Absent",="11/25/2025",="NUR120 -P",
="800001572",="Present",="12/2/2025",="NUR120 -P",
="800001572",="Present",="9/6/2025",="COL010 - OL I",
="800001572",="Present",="9/13/2025",="COL010 - OL I",
="800001572",="Present",="9/20/2025",="COL010 - OL I",
="800001572",="Present",="9/27/2025",="COL010 - OL I",
="800001572",="Present",="9/11/2025",="NUR125-L-P2",
="800001572",="Present",="9/18/2025",="NUR125-L-P2",
="800001572",="Present",="9/25/2025",="NUR125-L-P2",
="800001572",="Present",="10/2/2025",="NUR125-L-P2",
="800001572",="Present",="10/9/2025",="NUR125-L-P2",
="800001572",="Present",="10/16/2025",="NUR125-L-P2",
="800001572",="Present",="11/6/2025",="NUR125-L-P2",
="800001572",="Present",="11/13/2025",="NUR125-L-P2",
="800001572",="Present",="11/20/2025",="NUR125-L-P2",
="800001572",="Present",="12/4/2025",="NUR125-L-P2",
="800001572",="Present",="12/11/2025",="NUR125-L-P2",
="800001572",="Present",="9/4/2025",="NUR125-P",
="800001572",="Present",="9/11/2025",="NUR125-P",
="800001572",="Present",="9/18/2025",="NUR125-P",
="800001572",="Present",="9/25/2025",="NUR125-P",
="800001572",="Present",="10/2/2025",="NUR125-P",
="800001572",="Present",="10/9/2025",="NUR125-P",
="800001572",="Present",="11/6/2025",="NUR125-P",
="800001572",="Present",="11/13/2025",="NUR125-P",
="800001572",="Present",="11/20/2025",="NUR125-P",
="800001572",="Present",="12/4/2025",="NUR125-P",
="800001572",="Present",="12/11/2025",="NUR125-P",
="800001572",="Present",="9/19/2025",="NUR120-L-P1",
="800001572",="Absent",="10/17/2025",="NUR120-L-P1",
="800001572",="Present",="11/7/2025",="NUR120-L-P1",
="800001572",="Present",="11/14/2025",="NUR120-L-P1",
="800001626",="Present",="9/5/2025",="STAT101-A",
="800001626",="Present",="9/12/2025",="STAT101-A",
="800001626",="Present",="9/19/2025",="STAT101-A",
="800001626",="Present",="9/26/2025",="STAT101-A",
="800001626",="Present",="10/3/2025",="STAT101-A",
="800001626",="Present",="10/10/2025",="STAT101-A",
="800001695",="Present",="9/2/2025",="NUR120 -P",
="800001695",="Present",="9/9/2025",="NUR120 -P",
="800001695",="Present",="9/16/2025",="NUR120 -P",
="800001695",="Present",="9/30/2025",="NUR120 -P",
="800001695",="Present",="10/7/2025",="NUR120 -P",
="800001695",="Present",="10/14/2025",="NUR120 -P",
="800001695",="Present",="11/11/2025",="NUR120 -P",
="800001695",="Present",="11/18/2025",="NUR120 -P",
="800001695",="Absent",="11/25/2025",="NUR120 -P",
="800001695",="Present",="12/2/2025",="NUR120 -P",
="800001695",="Present",="10/6/2025",="NUR135-L-P1",
="800001695",="Present",="10/20/2025",="NUR135-L-P1",
="800001695",="Present",="9/19/2025",="NUR120-L-P1",
="800001695",="Present",="10/17/2025",="NUR120-L-P1",
="800001695",="Present",="11/7/2025",="NUR120-L-P1",
="800001695",="Present",="11/14/2025",="NUR120-L-P1",
="800001695",="Present",="9/6/2025",="PSY101 -OL II",
="800001695",="Present",="9/13/2025",="PSY101 -OL II",
="800001695",="Present",="9/20/2025",="PSY101 -OL II",
="800001695",="Present",="9/27/2025",="PSY101 -OL II",
="800001695",="Present",="10/4/2025",="PSY101 -OL II",
="800001695",="Present",="10/11/2025",="PSY101 -OL II",
="800001695",="Present",="10/18/2025",="PSY101 -OL II",
="800001695",="Present",="10/25/2025",="PSY101 -OL II",
="800001695",="Present",="11/1/2025",="PSY101 -OL II",
="800001695",="Present",="11/8/2025",="PSY101 -OL II",
="800001695",="Present",="11/15/2025",="PSY101 -OL II",
="800001695",="Present",="11/22/2025",="PSY101 -OL II",
="800001695",="Present",="9/8/2025",="NUR135-P",
="800001695",="Present",="9/15/2025",="NUR135-P",
="800001695",="Present",="9/22/2025",="NUR135-P",
="800001695",="Present",="9/29/2025",="NUR135-P",
="800001695",="Present",="10/13/2025",="NUR135-P",
="800001695",="Present",="11/3/2025",="NUR135-P",
="800001695",="Present",="11/10/2025",="NUR135-P",
="800001695",="Present",="11/17/2025",="NUR135-P",
="800001695",="Present",="11/24/2025",="NUR135-P",
="800001695",="Present",="12/1/2025",="NUR135-P",
="800001695",="Present",="12/8/2025",="NUR135-P",
="800001681",="Present",="9/6/2025",="PSY101 -OL II",
="800001681",="Present",="9/13/2025",="PSY101 -OL II",
="800001681",="Present",="9/20/2025",="PSY101 -OL II",
="800001681",="Present",="9/27/2025",="PSY101 -OL II",
="800001681",="Present",="10/4/2025",="PSY101 -OL II",
="800001681",="Present",="10/11/2025",="PSY101 -OL II",
="800001681",="Present",="10/18/2025",="PSY101 -OL II",
="800001681",="Present",="10/25/2025",="PSY101 -OL II",
="800001681",="Present",="11/1/2025",="PSY101 -OL II",
="800001681",="Present",="11/8/2025",="PSY101 -OL II",
="800001681",="Present",="11/15/2025",="PSY101 -OL II",
="800001681",="Present",="11/22/2025",="PSY101 -OL II",
="770007073",="Present",="9/5/2025",="STAT101-A",
="770007073",="Present",="9/12/2025",="STAT101-A",
="770007073",="Present",="9/19/2025",="STAT101-A",
="770007073",="Present",="9/26/2025",="STAT101-A",
="770007073",="Present",="10/3/2025",="STAT101-A",
="770007073",="Present",="10/10/2025",="STAT101-A",
="770007073",="Present",="10/17/2025",="STAT101-A",
="770007073",="Present",="10/31/2025",="STAT101-A",
="770007073",="Present",="11/7/2025",="STAT101-A",
="770007073",="Present",="11/21/2025",="STAT101-A",
="770007073",="Present",="9/3/2025",="NUR270-P",
="770007073",="Present",="9/10/2025",="NUR270-P",
="770007073",="Present",="9/17/2025",="NUR270-P",
="770007073",="Present",="9/24/2025",="NUR270-P",
="770007073",="Present",="10/1/2025",="NUR270-P",
="770007073",="Present",="10/8/2025",="NUR270-P",
="770007073",="Present",="10/15/2025",="NUR270-P",
="770007073",="Present",="11/5/2025",="NUR270-P",
="770007073",="Present",="11/12/2025",="NUR270-P",
="770007073",="Present",="11/19/2025",="NUR270-P",
="770007073",="Present",="11/26/2025",="NUR270-P",
="770007073",="Present",="12/3/2025",="NUR270-P",
="770007073",="Present",="12/10/2025",="NUR270-P",
="770007073",="Present",="12/17/2025",="NUR270-P",
="770007073",="Present",="9/8/2025",="NUR265 -P",
="770007073",="Present",="9/15/2025",="NUR265 -P",
="770007073",="Present",="9/22/2025",="NUR265 -P",
="770007073",="Present",="9/29/2025",="NUR265 -P",
="770007073",="Present",="10/6/2025",="NUR265 -P",
="770007073",="Present",="10/13/2025",="NUR265 -P",
="770007073",="Present",="9/4/2025",="NUR255 -P",
="770007073",="Present",="9/11/2025",="NUR255 -P",
="770007073",="Present",="9/18/2025",="NUR255 -P",
="770007073",="Present",="9/25/2025",="NUR255 -P",
="770007073",="Present",="10/2/2025",="NUR255 -P",
="770007073",="Present",="10/9/2025",="NUR255 -P",
="770007073",="Present",="10/16/2025",="NUR255 -P",
="770007073",="Present",="10/23/2025",="NUR255 -P",
="770017870",="Present",="9/2/2025",="NUR245 - P",
="770017870",="Present",="9/9/2025",="NUR245 - P",
="770017870",="Present",="9/23/2025",="NUR245 - P",
="770017870",="Present",="9/30/2025",="NUR245 - P",
="770017870",="Present",="10/7/2025",="NUR245 - P",
="770017870",="Present",="10/14/2025",="NUR245 - P",
="770017870",="Present",="11/4/2025",="NUR245 - P",
="770017870",="Present",="11/11/2025",="NUR245 - P",
="770017870",="Present",="11/18/2025",="NUR245 - P",
="770017870",="Present",="11/25/2025",="NUR245 - P",
="770017870",="Present",="12/2/2025",="NUR245 - P",
="770017870",="Present",="9/5/2025",="STAT101-A",
="770017870",="Present",="9/12/2025",="STAT101-A",
="770017870",="Present",="9/19/2025",="STAT101-A",
="770017870",="Present",="9/26/2025",="STAT101-A",
="770017870",="Present",="10/3/2025",="STAT101-A",
="770017870",="Present",="10/10/2025",="STAT101-A",
="770017870",="Present",="10/17/2025",="STAT101-A",
="770017870",="Present",="10/31/2025",="STAT101-A",
="770017870",="Present",="11/7/2025",="STAT101-A",
="770017870",="Present",="11/21/2025",="STAT101-A",
="770017870",="Present",="9/4/2025",="NUR236-P",
="770017870",="Present",="9/11/2025",="NUR236-P",
="770017870",="Present",="9/18/2025",="NUR236-P",
="770017870",="Present",="9/25/2025",="NUR236-P",
="770017870",="Present",="10/9/2025",="NUR236-P",
="770017870",="Present",="10/16/2025",="NUR236-P",
="770017870",="Present",="12/4/2025",="NUR236-P",
="770017870",="Present",="10/2/2025",="NUR236-L-P1",
="800001276",="Present",="9/6/2025",="HUM200 -OL",
="800001276",="Present",="9/13/2025",="HUM200 -OL",
="800001276",="Present",="9/20/2025",="HUM200 -OL",
="800001276",="Present",="9/27/2025",="HUM200 -OL",
="800001276",="Present",="10/4/2025",="HUM200 -OL",
="800001276",="Present",="10/11/2025",="HUM200 -OL",
="800001276",="Present",="10/18/2025",="HUM200 -OL",
="800001276",="Present",="10/25/2025",="HUM200 -OL",
="800001276",="Present",="11/1/2025",="HUM200 -OL",
="800001276",="Present",="11/8/2025",="HUM200 -OL",
="800001276",="Absent",="11/15/2025",="HUM200 -OL",
="800001276",="Present",="11/22/2025",="HUM200 -OL",
="800001276",="Present",="12/6/2025",="HUM200 -OL",
="800001276",="Present",="9/3/2025",="NUR270-P",
="800001276",="Present",="9/10/2025",="NUR270-P",
="800001276",="Present",="9/17/2025",="NUR270-P",
="800001276",="Present",="9/24/2025",="NUR270-P",
="800001276",="Present",="10/1/2025",="NUR270-P",
="800001276",="Present",="10/8/2025",="NUR270-P",
="800001276",="Present",="10/15/2025",="NUR270-P",
="800001276",="Present",="11/5/2025",="NUR270-P",
="800001276",="Present",="11/12/2025",="NUR270-P",
="800001276",="Present",="11/19/2025",="NUR270-P",
="800001276",="Present",="11/26/2025",="NUR270-P",
="800001276",="Present",="12/3/2025",="NUR270-P",
="800001276",="Present",="12/10/2025",="NUR270-P",
="800001276",="Present",="12/17/2025",="NUR270-P",
="800001276",="Present",="9/8/2025",="NUR265 -P",
="800001276",="Present",="9/15/2025",="NUR265 -P",
="800001276",="Present",="9/22/2025",="NUR265 -P",
="800001276",="Present",="9/29/2025",="NUR265 -P",
="800001276",="Present",="10/6/2025",="NUR265 -P",
="800001276",="Present",="10/13/2025",="NUR265 -P",
="800001276",="Present",="9/4/2025",="NUR255 -P",
="800001276",="Present",="9/11/2025",="NUR255 -P",
="800001276",="Present",="9/18/2025",="NUR255 -P",
="800001276",="Present",="9/25/2025",="NUR255 -P",
="800001276",="Present",="10/2/2025",="NUR255 -P",
="800001276",="Present",="10/9/2025",="NUR255 -P",
="800001276",="Present",="10/16/2025",="NUR255 -P",
="800001276",="Present",="10/23/2025",="NUR255 -P",
="800001593",="Present",="10/6/2025",="NUR135-L-P1",
="800001593",="Present",="10/20/2025",="NUR135-L-P1",
="800001593",="Present",="9/8/2025",="NUR135-P",
="800001593",="Present",="9/15/2025",="NUR135-P",
="800001593",="Present",="9/22/2025",="NUR135-P",
="800001593",="Present",="9/29/2025",="NUR135-P",
="800001593",="Present",="10/13/2025",="NUR135-P",
="800001593",="Present",="11/3/2025",="NUR135-P",
="800001593",="Present",="11/10/2025",="NUR135-P",
="800001593",="Present",="11/17/2025",="NUR135-P",
="800001593",="Present",="11/24/2025",="NUR135-P",
="800001593",="Present",="12/1/2025",="NUR135-P",
="800001593",="Present",="12/8/2025",="NUR135-P",
="800001528",="Present",="9/15/2025",="NUR145 - P",
="800001528",="Present",="9/22/2025",="NUR145 - P",
="800001528",="Present",="9/29/2025",="NUR145 - P",
="800001528",="Present",="10/6/2025",="NUR145 - P",
="800001528",="Present",="10/13/2025",="NUR145 - P",
="800001528",="Present",="11/3/2025",="NUR145 - P",
="800001528",="Present",="11/10/2025",="NUR145 - P",
="800001528",="Present",="11/17/2025",="NUR145 - P",
="800001528",="Present",="11/24/2025",="NUR145 - P",
="800001528",="Present",="12/1/2025",="NUR145 - P",
="800001757",="Present",="9/9/2025",="NUR125-L-A1",
="800001757",="Present",="9/16/2025",="NUR125-L-A1",
="800001757",="Present",="9/23/2025",="NUR125-L-A1",
="800001757",="Present",="9/30/2025",="NUR125-L-A1",
="800001757",="Present",="10/7/2025",="NUR125-L-A1",
="800001757",="Present",="10/14/2025",="NUR125-L-A1",
="800001757",="Present",="11/4/2025",="NUR125-L-A1",
="800001757",="Present",="11/11/2025",="NUR125-L-A1",
="800001757",="Present",="11/18/2025",="NUR125-L-A1",
="800001757",="Present",="11/25/2025",="NUR125-L-A1",
="800001757",="Present",="12/2/2025",="NUR125-L-A1",
="800001757",="Present",="9/9/2025",="NUR125-A",
="800001757",="Present",="9/16/2025",="NUR125-A",
="800001757",="Present",="9/23/2025",="NUR125-A",
="800001757",="Present",="9/30/2025",="NUR125-A",
="800001757",="Present",="10/7/2025",="NUR125-A",
="800001757",="Present",="10/14/2025",="NUR125-A",
="800001757",="Present",="11/4/2025",="NUR125-A",
="800001757",="Present",="11/11/2025",="NUR125-A",
="800001757",="Present",="11/18/2025",="NUR125-A",
="800001757",="Present",="11/25/2025",="NUR125-A",
="800001757",="Present",="12/2/2025",="NUR125-A",
="800001268",="Present",="9/6/2025",="SOC101 -OL",
="800001268",="Present",="9/13/2025",="SOC101 -OL",
="800001268",="Present",="9/20/2025",="SOC101 -OL",
="800001268",="Present",="9/27/2025",="SOC101 -OL",
="800001268",="Present",="10/4/2025",="SOC101 -OL",
="800001268",="Present",="10/11/2025",="SOC101 -OL",
="800001268",="Present",="10/18/2025",="SOC101 -OL",
="800001268",="Present",="10/25/2025",="SOC101 -OL",
="800001268",="Present",="11/1/2025",="SOC101 -OL",
="800001268",="Absent",="11/8/2025",="SOC101 -OL",
="800001268",="Present",="11/15/2025",="SOC101 -OL",
="800001268",="Present",="11/22/2025",="SOC101 -OL",
="800001268",="Present",="12/6/2025",="SOC101 -OL",
="800001268",="Present",="9/2/2025",="NUR245 - P",
="800001268",="Present",="9/9/2025",="NUR245 - P",
="800001268",="Present",="9/23/2025",="NUR245 - P",
="800001268",="Present",="9/30/2025",="NUR245 - P",
="800001268",="Present",="10/7/2025",="NUR245 - P",
="800001268",="Present",="10/14/2025",="NUR245 - P",
="800001268",="Present",="11/4/2025",="NUR245 - P",
="800001268",="Absent",="11/11/2025",="NUR245 - P",
="800001268",="Present",="11/18/2025",="NUR245 - P",
="800001268",="Present",="11/25/2025",="NUR245 - P",
="800001268",="Present",="9/4/2025",="NUR236-P",
="800001268",="Present",="9/11/2025",="NUR236-P",
="800001268",="Present",="9/18/2025",="NUR236-P",
="800001268",="Present",="9/25/2025",="NUR236-P",
="800001268",="Present",="10/9/2025",="NUR236-P",
="800001268",="Present",="10/16/2025",="NUR236-P",
="800001268",="Present",="12/4/2025",="NUR236-P",
="800001268",="Present",="10/2/2025",="NUR236-L-P1",
="800001268",="Present",="9/5/2025",="STAT101-A",
="800001268",="Present",="9/12/2025",="STAT101-A",
="800001268",="Present",="9/19/2025",="STAT101-A",
="800001268",="Present",="9/26/2025",="STAT101-A",
="800001268",="Present",="10/3/2025",="STAT101-A",
="800001268",="Present",="10/10/2025",="STAT101-A",
="800001268",="Present",="10/17/2025",="STAT101-A",
="800001268",="Present",="10/31/2025",="STAT101-A",
="800001268",="Present",="11/7/2025",="STAT101-A",
="800001268",="Present",="11/21/2025",="STAT101-A",
="800001505",="Present",="9/2/2025",="NUR150-P",
="800001505",="Present",="9/9/2025",="NUR150-P",
="800001505",="Present",="9/16/2025",="NUR150-P",
="800001505",="Present",="9/23/2025",="NUR150-P",
="800001505",="Present",="9/30/2025",="NUR150-P",
="800001505",="Absent",="10/7/2025",="NUR150-P",
="800001505",="Present",="11/4/2025",="NUR150-P",
="800001505",="Present",="11/11/2025",="NUR150-P",
="800001505",="Present",="11/18/2025",="NUR150-P",
="800001505",="Present",="11/25/2025",="NUR150-P",
="800001505",="Present",="12/2/2025",="NUR150-P",
="800001505",="Absent",="10/6/2025",="NUR135-L-P1",
="800001505",="Present",="10/20/2025",="NUR135-L-P1",
="800001505",="Present",="9/8/2025",="NUR135-P",
="800001505",="Present",="9/15/2025",="NUR135-P",
="800001505",="Present",="9/22/2025",="NUR135-P",
="800001505",="Present",="9/29/2025",="NUR135-P",
="800001505",="Present",="10/13/2025",="NUR135-P",
="800001505",="Present",="11/3/2025",="NUR135-P",
="800001505",="Present",="11/10/2025",="NUR135-P",
="800001505",="Present",="11/17/2025",="NUR135-P",
="800001505",="Present",="11/24/2025",="NUR135-P",
="800001505",="Present",="12/1/2025",="NUR135-P",
="800001505",="Present",="12/8/2025",="NUR135-P",
="800001104",="Present",="9/8/2025",="NUR216 -A",
="800001104",="Absent",="9/15/2025",="NUR216 -A",
="800001104",="Present",="9/22/2025",="NUR216 -A",
="800001104",="Present",="9/29/2025",="NUR216 -A",
="800001104",="Present",="10/6/2025",="NUR216 -A",
="800001104",="Present",="10/13/2025",="NUR216 -A",
="800001104",="Present",="11/3/2025",="NUR216 -A",
="800001104",="Present",="11/10/2025",="NUR216 -A",
="800001104",="Present",="11/17/2025",="NUR216 -A",
="800001104",="Present",="11/24/2025",="NUR216 -A",
="800001104",="Present",="12/1/2025",="NUR216 -A",
="800001104",="Present",="12/8/2025",="NUR216 -A",
="800001104",="Present",="10/6/2025",="NUR216-A-L",
="800001104",="Present",="10/13/2025",="NUR216-A-L",
="800001104",="Present",="11/17/2025",="NUR216-A-L",
="800001104",="Present",="12/1/2025",="NUR216-A-L",
="800001104",="Present",="9/8/2025",="PHARM225-P_ A",
="800001104",="Present",="9/15/2025",="PHARM225-P_ A",
="800001104",="Present",="9/22/2025",="PHARM225-P_ A",
="800001104",="Present",="9/29/2025",="PHARM225-P_ A",
="800001104",="Tardy/Late",="10/6/2025",="PHARM225-P_ A",
="800001104",="Present",="10/13/2025",="PHARM225-P_ A",
="800001031",="Present",="10/6/2025",="NUR216-A-L",
="800001031",="Present",="10/13/2025",="NUR216-A-L",
="800001031",="Present",="12/1/2025",="NUR216-A-L",
="800001031",="Present",="9/8/2025",="PHARM225-P_ A",
="800001031",="Present",="9/15/2025",="PHARM225-P_ A",
="800001031",="Present",="9/22/2025",="PHARM225-P_ A",
="800001031",="Present",="9/29/2025",="PHARM225-P_ A",
="800001031",="Present",="10/6/2025",="PHARM225-P_ A",
="800001031",="Present",="10/13/2025",="PHARM225-P_ A",
="800001031",="Absent",="9/8/2025",="NUR216 -A",
="800001031",="Present",="9/15/2025",="NUR216 -A",
="800001031",="Present",="9/22/2025",="NUR216 -A",
="800001031",="Present",="9/29/2025",="NUR216 -A",
="800001031",="Present",="10/6/2025",="NUR216 -A",
="800001031",="Present",="10/13/2025",="NUR216 -A",
="800001031",="Present",="11/3/2025",="NUR216 -A",
="800001031",="Present",="11/10/2025",="NUR216 -A",
="800001031",="Present",="11/24/2025",="NUR216 -A",
="800001031",="Present",="12/1/2025",="NUR216 -A",
="800001031",="Present",="9/4/2025",="NUR205 -P",
="800001031",="Present",="9/11/2025",="NUR205 -P",
="800001031",="Present",="9/25/2025",="NUR205 -P",
="800001031",="Absent",="10/2/2025",="NUR205 -P",
="800001031",="Present",="10/16/2025",="NUR205 -P",
="800001031",="Present",="11/20/2025",="NUR205 -P",
="800001031",="Present",="12/4/2025",="NUR205 -P",
="800001031",="Tardy/Late",="9/18/2025",="NUR205-L-P1",
="800001031",="Present",="10/9/2025",="NUR205-L-P1",
="800001947",="Present",="9/6/2025",="COL010 - OL I",
="800001947",="Present",="9/13/2025",="COL010 - OL I",
="800001947",="Present",="9/20/2025",="COL010 - OL I",
="800001947",="Present",="9/27/2025",="COL010 - OL I",
="800001604",="Present",="9/6/2025",="COL010 - OL I",
="800001604",="Present",="9/13/2025",="COL010 - OL I",
="800001604",="Present",="9/20/2025",="COL010 - OL I",
="800001604",="Present",="9/27/2025",="COL010 - OL I",
="800001604",="Present",="9/6/2025",="NUT100 -OL II",
="800001604",="Present",="9/13/2025",="NUT100 -OL II",
="800001604",="Present",="9/20/2025",="NUT100 -OL II",
="800001604",="Present",="9/27/2025",="NUT100 -OL II",
="800001604",="Present",="10/4/2025",="NUT100 -OL II",
="800001604",="Present",="10/11/2025",="NUT100 -OL II",
="800001604",="Present",="10/18/2025",="NUT100 -OL II",
="800001604",="Present",="10/25/2025",="NUT100 -OL II",
="800001604",="Present",="11/1/2025",="NUT100 -OL II",
="800001604",="Present",="11/8/2025",="NUT100 -OL II",
="800001604",="Present",="11/15/2025",="NUT100 -OL II",
="800001604",="Present",="11/22/2025",="NUT100 -OL II",
="800001604",="Present",="11/29/2025",="NUT100 -OL II",
="800001604",="Present",="12/6/2025",="NUT100 -OL II",
="800001604",="Present",="9/6/2025",="PSY101 -OL",
="800001604",="Present",="9/13/2025",="PSY101 -OL",
="800001604",="Present",="9/20/2025",="PSY101 -OL",
="800001604",="Present",="9/27/2025",="PSY101 -OL",
="800001604",="Present",="10/4/2025",="PSY101 -OL",
="800001604",="Present",="10/11/2025",="PSY101 -OL",
="800001604",="Present",="10/18/2025",="PSY101 -OL",
="800001604",="Present",="10/25/2025",="PSY101 -OL",
="800001604",="Present",="11/1/2025",="PSY101 -OL",
="800001604",="Present",="11/8/2025",="PSY101 -OL",
="800001604",="Present",="11/15/2025",="PSY101 -OL",
="800001604",="Present",="11/22/2025",="PSY101 -OL",
="800001943",="Present",="9/3/2025",="AP100-P2",
="800001943",="Present",="9/10/2025",="AP100-P2",
="800001943",="Present",="9/17/2025",="AP100-P2",
="800001943",="Present",="9/24/2025",="AP100-P2",
="800001943",="Present",="10/1/2025",="AP100-P2",
="800001943",="Present",="10/8/2025",="AP100-P2",
="800001943",="Present",="10/15/2025",="AP100-P2",
="800001943",="Present",="10/22/2025",="AP100-P2",
="800001943",="Present",="10/29/2025",="AP100-P2",
="800001943",="Present",="11/5/2025",="AP100-P2",
="800001943",="Present",="11/12/2025",="AP100-P2",
="800001943",="Present",="11/19/2025",="AP100-P2",
="800001943",="Present",="11/26/2025",="AP100-P2",
="800001943",="Present",="12/3/2025",="AP100-P2",
="800001943",="Present",="9/6/2025",="COL010 - OL I",
="800001943",="Present",="9/13/2025",="COL010 - OL I",
="800001943",="Present",="9/20/2025",="COL010 - OL I",
="800001943",="Present",="9/27/2025",="COL010 - OL I",
="800001943",="Present",="9/5/2025",="ENG101 -P",
="800001943",="Present",="9/12/2025",="ENG101 -P",
="800001943",="Present",="9/19/2025",="ENG101 -P",
="800001943",="Present",="9/26/2025",="ENG101 -P",
="800001943",="Present",="10/3/2025",="ENG101 -P",
="800001943",="Present",="10/10/2025",="ENG101 -P",
="800001943",="Present",="10/17/2025",="ENG101 -P",
="800001943",="Present",="10/24/2025",="ENG101 -P",
="800001943",="Present",="10/31/2025",="ENG101 -P",
="800001943",="Present",="11/7/2025",="ENG101 -P",
="800001943",="Present",="11/14/2025",="ENG101 -P",
="800001943",="Present",="11/21/2025",="ENG101 -P",
="800001903",="Present",="9/9/2025",="NUR100-L-P2",
="800001903",="Present",="9/16/2025",="NUR100-L-P2",
="800001903",="Present",="9/23/2025",="NUR100-L-P2",
="800001903",="Present",="9/30/2025",="NUR100-L-P2",
="800001903",="Present",="10/7/2025",="NUR100-L-P2",
="800001903",="Present",="10/14/2025",="NUR100-L-P2",
="800001903",="Present",="10/21/2025",="NUR100-L-P2",
="800001903",="Present",="10/28/2025",="NUR100-L-P2",
="800001903",="Present",="11/4/2025",="NUR100-L-P2",
="800001903",="Present",="11/18/2025",="NUR100-L-P2",
="800001903",="Present",="11/25/2025",="NUR100-L-P2",
="800001903",="Present",="12/2/2025",="NUR100-L-P2",
="800001903",="Present",="9/6/2025",="NUT100 -OL II",
="800001903",="Present",="9/13/2025",="NUT100 -OL II",
="800001903",="Present",="9/20/2025",="NUT100 -OL II",
="800001903",="Present",="9/27/2025",="NUT100 -OL II",
="800001903",="Present",="10/4/2025",="NUT100 -OL II",
="800001903",="Present",="10/11/2025",="NUT100 -OL II",
="800001903",="Present",="10/18/2025",="NUT100 -OL II",
="800001903",="Present",="10/25/2025",="NUT100 -OL II",
="800001903",="Present",="11/1/2025",="NUT100 -OL II",
="800001903",="Present",="11/8/2025",="NUT100 -OL II",
="800001903",="Present",="11/15/2025",="NUT100 -OL II",
="800001903",="Present",="11/22/2025",="NUT100 -OL II",
="800001903",="Present",="11/29/2025",="NUT100 -OL II",
="800001903",="Present",="12/6/2025",="NUT100 -OL II",
="800001903",="Present",="9/3/2025",="AP100-P2",
="800001903",="Present",="9/10/2025",="AP100-P2",
="800001903",="Absent",="9/17/2025",="AP100-P2",
="800001903",="Present",="9/24/2025",="AP100-P2",
="800001903",="Absent",="10/1/2025",="AP100-P2",
="800001903",="Present",="10/8/2025",="AP100-P2",
="800001903",="Present",="10/15/2025",="AP100-P2",
="800001903",="Present",="10/22/2025",="AP100-P2",
="800001903",="Present",="10/29/2025",="AP100-P2",
="800001903",="Present",="11/5/2025",="AP100-P2",
="800001903",="Present",="11/12/2025",="AP100-P2",
="800001903",="Absent",="11/19/2025",="AP100-P2",
="800001903",="Present",="11/26/2025",="AP100-P2",
="800001903",="Present",="12/3/2025",="AP100-P2",
="800001903",="Present",="10/2/2025",="PHARM100-P2",
="800001903",="Present",="10/9/2025",="PHARM100-P2",
="800001903",="Present",="10/16/2025",="PHARM100-P2",
="800001903",="Present",="10/23/2025",="PHARM100-P2",
="800001903",="Present",="10/30/2025",="PHARM100-P2",
="800001903",="Present",="11/6/2025",="PHARM100-P2",
="800001903",="Present",="11/13/2025",="PHARM100-P2",
="800001903",="Present",="11/20/2025",="PHARM100-P2",
="800001903",="Present",="12/4/2025",="PHARM100-P2",
="800001903",="Present",="12/11/2025",="PHARM100-P2",
="800001903",="Present",="9/8/2025",="NUR100-P",
="800001903",="Present",="9/15/2025",="NUR100-P",
="800001903",="Present",="9/22/2025",="NUR100-P",
="800001903",="Present",="9/29/2025",="NUR100-P",
="800001903",="Present",="10/6/2025",="NUR100-P",
="800001903",="Present",="10/13/2025",="NUR100-P",
="800001903",="Present",="11/3/2025",="NUR100-P",
="800001903",="Present",="11/10/2025",="NUR100-P",
="800001903",="Present",="11/17/2025",="NUR100-P",
="800001903",="Present",="11/24/2025",="NUR100-P",
="800001903",="Present",="12/1/2025",="NUR100-P",
="800001903",="Present",="9/5/2025",="ENG101 -P",
="800001903",="Present",="9/12/2025",="ENG101 -P",
="800001903",="Present",="9/19/2025",="ENG101 -P",
="800001903",="Present",="9/26/2025",="ENG101 -P",
="800001903",="Present",="10/3/2025",="ENG101 -P",
="800001903",="Present",="10/10/2025",="ENG101 -P",
="800001903",="Present",="10/17/2025",="ENG101 -P",
="800001903",="Present",="10/24/2025",="ENG101 -P",
="800001903",="Present",="10/31/2025",="ENG101 -P",
="800001903",="Present",="11/7/2025",="ENG101 -P",
="800001903",="Present",="11/14/2025",="ENG101 -P",
="800001903",="Present",="11/21/2025",="ENG101 -P",
="800001940",="Present",="9/9/2025",="NUR100-L-P2",
="800001940",="Present",="9/16/2025",="NUR100-L-P2",
="800001940",="Present",="9/23/2025",="NUR100-L-P2",
="800001940",="Present",="9/30/2025",="NUR100-L-P2",
="800001940",="Present",="10/7/2025",="NUR100-L-P2",
="800001940",="Present",="10/14/2025",="NUR100-L-P2",
="800001940",="Present",="10/21/2025",="NUR100-L-P2",
="800001940",="Present",="10/28/2025",="NUR100-L-P2",
="800001940",="Present",="11/4/2025",="NUR100-L-P2",
="800001940",="Present",="11/18/2025",="NUR100-L-P2",
="800001940",="Present",="11/25/2025",="NUR100-L-P2",
="800001940",="Present",="12/2/2025",="NUR100-L-P2",
="800001940",="Present",="9/6/2025",="NUT100 -OL II",
="800001940",="Present",="9/13/2025",="NUT100 -OL II",
="800001940",="Present",="9/20/2025",="NUT100 -OL II",
="800001940",="Present",="9/27/2025",="NUT100 -OL II",
="800001940",="Present",="10/4/2025",="NUT100 -OL II",
="800001940",="Present",="10/11/2025",="NUT100 -OL II",
="800001940",="Present",="10/18/2025",="NUT100 -OL II",
="800001940",="Present",="10/25/2025",="NUT100 -OL II",
="800001940",="Present",="11/1/2025",="NUT100 -OL II",
="800001940",="Present",="11/8/2025",="NUT100 -OL II",
="800001940",="Present",="11/15/2025",="NUT100 -OL II",
="800001940",="Present",="11/22/2025",="NUT100 -OL II",
="800001940",="Present",="11/29/2025",="NUT100 -OL II",
="800001940",="Present",="12/6/2025",="NUT100 -OL II",
="800001940",="Present",="9/3/2025",="AP100-P2",
="800001940",="Present",="9/10/2025",="AP100-P2",
="800001940",="Present",="9/17/2025",="AP100-P2",
="800001940",="Present",="9/24/2025",="AP100-P2",
="800001940",="Present",="10/1/2025",="AP100-P2",
="800001940",="Present",="10/8/2025",="AP100-P2",
="800001940",="Present",="10/15/2025",="AP100-P2",
="800001940",="Present",="10/22/2025",="AP100-P2",
="800001940",="Present",="10/29/2025",="AP100-P2",
="800001940",="Present",="11/5/2025",="AP100-P2",
="800001940",="Present",="11/12/2025",="AP100-P2",
="800001940",="Present",="11/19/2025",="AP100-P2",
="800001940",="Present",="11/26/2025",="AP100-P2",
="800001940",="Present",="12/3/2025",="AP100-P2",
="800001940",="Present",="9/5/2025",="ENG101 -P",
="800001940",="Present",="9/12/2025",="ENG101 -P",
="800001940",="Absent",="9/19/2025",="ENG101 -P",
="800001940",="Present",="9/26/2025",="ENG101 -P",
="800001940",="Present",="10/3/2025",="ENG101 -P",
="800001940",="Present",="10/10/2025",="ENG101 -P",
="800001940",="Present",="10/17/2025",="ENG101 -P",
="800001940",="Present",="10/24/2025",="ENG101 -P",
="800001940",="Present",="10/31/2025",="ENG101 -P",
="800001940",="Present",="11/7/2025",="ENG101 -P",
="800001940",="Present",="11/14/2025",="ENG101 -P",
="800001940",="Present",="11/21/2025",="ENG101 -P",
="800001940",="Present",="9/8/2025",="NUR100-P",
="800001940",="Present",="9/15/2025",="NUR100-P",
="800001940",="Present",="9/22/2025",="NUR100-P",
="800001940",="Present",="9/29/2025",="NUR100-P",
="800001940",="Present",="10/6/2025",="NUR100-P",
="800001940",="Present",="10/13/2025",="NUR100-P",
="800001940",="Present",="11/3/2025",="NUR100-P",
="800001940",="Present",="11/10/2025",="NUR100-P",
="800001940",="Present",="11/17/2025",="NUR100-P",
="800001940",="Present",="11/24/2025",="NUR100-P",
="800001940",="Present",="12/1/2025",="NUR100-P",
="800001940",="Present",="10/2/2025",="PHARM100-P2",
="800001940",="Present",="10/9/2025",="PHARM100-P2",
="800001940",="Present",="10/16/2025",="PHARM100-P2",
="800001940",="Present",="10/23/2025",="PHARM100-P2",
="800001940",="Present",="10/30/2025",="PHARM100-P2",
="800001940",="Present",="11/6/2025",="PHARM100-P2",
="800001940",="Present",="11/13/2025",="PHARM100-P2",
="800001940",="Present",="11/20/2025",="PHARM100-P2",
="800001940",="Present",="12/4/2025",="PHARM100-P2",
="800001940",="Present",="12/11/2025",="PHARM100-P2",
="800001946",="Present",="9/6/2025",="NUT100 -OL II",
="800001946",="Present",="9/13/2025",="NUT100 -OL II",
="800001946",="Present",="9/20/2025",="NUT100 -OL II",
="800001946",="Present",="9/27/2025",="NUT100 -OL II",
="800001946",="Present",="10/4/2025",="NUT100 -OL II",
="800001946",="Present",="10/11/2025",="NUT100 -OL II",
="800001946",="Present",="10/18/2025",="NUT100 -OL II",
="800001946",="Absent",="10/25/2025",="NUT100 -OL II",
="800001946",="Absent",="11/1/2025",="NUT100 -OL II",
="800001946",="Absent",="11/8/2025",="NUT100 -OL II",
="800001946",="Absent",="11/15/2025",="NUT100 -OL II",
="800001946",="Absent",="11/22/2025",="NUT100 -OL II",
="800001946",="Absent",="11/29/2025",="NUT100 -OL II",
="800001946",="Present",="9/5/2025",="ENG101 -P",
="800001946",="Present",="9/12/2025",="ENG101 -P",
="800001946",="Present",="9/19/2025",="ENG101 -P",
="800001946",="Absent",="9/26/2025",="ENG101 -P",
="800001946",="Present",="10/3/2025",="ENG101 -P",
="800001946",="Present",="10/10/2025",="ENG101 -P",
="800001946",="Absent",="10/17/2025",="ENG101 -P",
="800001946",="Present",="10/24/2025",="ENG101 -P",
="800001946",="Present",="10/31/2025",="ENG101 -P",
="800001946",="Absent",="11/7/2025",="ENG101 -P",
="800001946",="Absent",="11/14/2025",="ENG101 -P",
="800001946",="Absent",="11/21/2025",="ENG101 -P",
="800001946",="Present",="9/9/2025",="NUR100-L-P2",
="800001946",="Present",="9/16/2025",="NUR100-L-P2",
="800001946",="Present",="9/23/2025",="NUR100-L-P2",
="800001946",="Present",="9/30/2025",="NUR100-L-P2",
="800001946",="Present",="10/7/2025",="NUR100-L-P2",
="800001946",="Absent",="10/14/2025",="NUR100-L-P2",
="800001946",="Absent",="10/21/2025",="NUR100-L-P2",
="800001946",="Absent",="10/28/2025",="NUR100-L-P2",
="800001946",="Absent",="11/4/2025",="NUR100-L-P2",
="800001946",="Absent",="11/18/2025",="NUR100-L-P2",
="800001946",="Absent",="11/25/2025",="NUR100-L-P2",
="800001946",="Present",="9/3/2025",="AP100-P2",
="800001946",="Present",="9/10/2025",="AP100-P2",
="800001946",="Present",="9/17/2025",="AP100-P2",
="800001946",="Present",="9/24/2025",="AP100-P2",
="800001946",="Present",="10/1/2025",="AP100-P2",
="800001946",="Present",="10/8/2025",="AP100-P2",
="800001946",="Absent",="10/15/2025",="AP100-P2",
="800001946",="Absent",="10/22/2025",="AP100-P2",
="800001946",="Absent",="10/29/2025",="AP100-P2",
="800001946",="Absent",="11/5/2025",="AP100-P2",
="800001946",="Absent",="11/12/2025",="AP100-P2",
="800001946",="Absent",="11/19/2025",="AP100-P2",
="800001946",="Absent",="11/26/2025",="AP100-P2",
="800001946",="Present",="10/2/2025",="PHARM100-P2",
="800001946",="Absent",="10/9/2025",="PHARM100-P2",
="800001946",="Absent",="10/16/2025",="PHARM100-P2",
="800001946",="Absent",="10/23/2025",="PHARM100-P2",
="800001946",="Absent",="10/30/2025",="PHARM100-P2",
="800001946",="Absent",="11/6/2025",="PHARM100-P2",
="800001946",="Absent",="11/13/2025",="PHARM100-P2",
="800001946",="Absent",="11/20/2025",="PHARM100-P2",
="800001946",="Present",="9/8/2025",="NUR100-P",
="800001946",="Present",="9/15/2025",="NUR100-P",
="800001946",="Present",="9/22/2025",="NUR100-P",
="800001946",="Present",="9/29/2025",="NUR100-P",
="800001946",="Present",="10/6/2025",="NUR100-P",
="800001946",="Absent",="10/13/2025",="NUR100-P",
="800001946",="Absent",="11/3/2025",="NUR100-P",
="800001946",="Absent",="11/10/2025",="NUR100-P",
="800001946",="Absent",="11/17/2025",="NUR100-P",
="800001946",="Absent",="11/24/2025",="NUR100-P",
="800001946",="Absent",="12/1/2025",="NUR100-P",
="800001939",="Present",="9/8/2025",="NUR100-P",
="800001939",="Present",="9/15/2025",="NUR100-P",
="800001939",="Present",="9/22/2025",="NUR100-P",
="800001939",="Present",="9/29/2025",="NUR100-P",
="800001939",="Present",="10/6/2025",="NUR100-P",
="800001939",="Present",="10/13/2025",="NUR100-P",
="800001939",="Present",="11/3/2025",="NUR100-P",
="800001939",="Present",="11/10/2025",="NUR100-P",
="800001939",="Present",="11/17/2025",="NUR100-P",
="800001939",="Present",="11/24/2025",="NUR100-P",
="800001939",="Present",="12/1/2025",="NUR100-P",
="800001939",="Present",="9/3/2025",="AP100-P2",
="800001939",="Present",="9/10/2025",="AP100-P2",
="800001939",="Present",="9/17/2025",="AP100-P2",
="800001939",="Present",="9/24/2025",="AP100-P2",
="800001939",="Present",="10/1/2025",="AP100-P2",
="800001939",="Present",="10/8/2025",="AP100-P2",
="800001939",="Present",="10/15/2025",="AP100-P2",
="800001939",="Present",="10/22/2025",="AP100-P2",
="800001939",="Present",="10/29/2025",="AP100-P2",
="800001939",="Present",="11/5/2025",="AP100-P2",
="800001939",="Present",="11/12/2025",="AP100-P2",
="800001939",="Present",="11/19/2025",="AP100-P2",
="800001939",="Present",="11/26/2025",="AP100-P2",
="800001939",="Present",="12/3/2025",="AP100-P2",
="800001939",="Present",="9/9/2025",="NUR100-L-P2",
="800001939",="Present",="9/16/2025",="NUR100-L-P2",
="800001939",="Present",="9/23/2025",="NUR100-L-P2",
="800001939",="Present",="9/30/2025",="NUR100-L-P2",
="800001939",="Present",="10/7/2025",="NUR100-L-P2",
="800001939",="Present",="10/14/2025",="NUR100-L-P2",
="800001939",="Present",="10/21/2025",="NUR100-L-P2",
="800001939",="Present",="10/28/2025",="NUR100-L-P2",
="800001939",="Present",="11/4/2025",="NUR100-L-P2",
="800001939",="Present",="11/18/2025",="NUR100-L-P2",
="800001939",="Present",="11/25/2025",="NUR100-L-P2",
="800001939",="Present",="12/2/2025",="NUR100-L-P2",
="800001939",="Present",="10/2/2025",="PHARM100-P2",
="800001939",="Absent",="10/9/2025",="PHARM100-P2",
="800001939",="Present",="10/16/2025",="PHARM100-P2",
="800001939",="Present",="10/23/2025",="PHARM100-P2",
="800001939",="Present",="10/30/2025",="PHARM100-P2",
="800001939",="Present",="11/6/2025",="PHARM100-P2",
="800001939",="Present",="11/13/2025",="PHARM100-P2",
="800001939",="Present",="11/20/2025",="PHARM100-P2",
="800001939",="Present",="12/4/2025",="PHARM100-P2",
="800001939",="Present",="12/11/2025",="PHARM100-P2",
="800001939",="Present",="9/5/2025",="ENG101 -P",
="800001939",="Present",="9/12/2025",="ENG101 -P",
="800001939",="Present",="9/19/2025",="ENG101 -P",
="800001939",="Present",="9/26/2025",="ENG101 -P",
="800001939",="Present",="10/3/2025",="ENG101 -P",
="800001939",="Present",="10/10/2025",="ENG101 -P",
="800001939",="Present",="10/17/2025",="ENG101 -P",
="800001939",="Present",="10/24/2025",="ENG101 -P",
="800001939",="Present",="10/31/2025",="ENG101 -P",
="800001939",="Present",="11/7/2025",="ENG101 -P",
="800001939",="Present",="11/14/2025",="ENG101 -P",
="800001939",="Present",="11/21/2025",="ENG101 -P",
="800001363",="Present",="9/8/2025",="NUR216 -A",
="800001363",="Present",="9/15/2025",="NUR216 -A",
="800001363",="Present",="9/22/2025",="NUR216 -A",
="800001363",="Present",="9/29/2025",="NUR216 -A",
="800001363",="Present",="10/6/2025",="NUR216 -A",
="800001363",="Tardy/Late",="9/18/2025",="NUR205-L-P1",
="800001363",="Present",="11/13/2025",="NUR205-L-P1",
="800001363",="Present",="9/6/2025",="SOC101 -OL",
="800001363",="Present",="9/13/2025",="SOC101 -OL",
="800001363",="Present",="9/20/2025",="SOC101 -OL",
="800001363",="Present",="9/27/2025",="SOC101 -OL",
="800001363",="Present",="11/15/2025",="SOC101 -OL",
="800001363",="Present",="11/22/2025",="SOC101 -OL",
="800001363",="Absent",="9/3/2025",="AP209 -A",
="800001363",="Present",="9/10/2025",="AP209 -A",
="800001363",="Present",="9/17/2025",="AP209 -A",
="800001363",="Present",="9/24/2025",="AP209 -A",
="800001363",="Present",="10/1/2025",="AP209 -A",
="800001363",="Present",="10/8/2025",="AP209 -A",
="800001363",="Present",="10/15/2025",="AP209 -A",
="800001363",="Present",="10/22/2025",="AP209 -A",
="800001363",="Absent",="10/29/2025",="AP209 -A",
="800001363",="Present",="11/5/2025",="AP209 -A",
="800001363",="Present",="11/12/2025",="AP209 -A",
="800001363",="Present",="11/19/2025",="AP209 -A",
="800001363",="Absent",="11/26/2025",="AP209 -A",
="800001363",="Present",="9/11/2025",="NUR205 -P",
="800001363",="Present",="9/25/2025",="NUR205 -P",
="800001363",="Present",="10/2/2025",="NUR205 -P",
="800001363",="Present",="11/6/2025",="NUR205 -P",
="800001363",="Present",="11/20/2025",="NUR205 -P",
="800001363",="Present",="9/8/2025",="PHARM225-P_ A",
="800001363",="Present",="9/15/2025",="PHARM225-P_ A",
="800001363",="Present",="9/22/2025",="PHARM225-P_ A",
="800001363",="Present",="9/29/2025",="PHARM225-P_ A",
="800001363",="Present",="10/6/2025",="PHARM225-P_ A",
="800001892",="Absent",="9/6/2025",="NUT100 -OL II",
="800001892",="Present",="9/13/2025",="NUT100 -OL II",
="800001892",="Present",="9/20/2025",="NUT100 -OL II",
="800001892",="Present",="9/27/2025",="NUT100 -OL II",
="800001892",="Present",="10/4/2025",="NUT100 -OL II",
="800001892",="Present",="10/11/2025",="NUT100 -OL II",
="800001892",="Present",="10/18/2025",="NUT100 -OL II",
="800001892",="Present",="10/25/2025",="NUT100 -OL II",
="800001892",="Present",="11/1/2025",="NUT100 -OL II",
="800001892",="Present",="11/8/2025",="NUT100 -OL II",
="800001892",="Present",="11/15/2025",="NUT100 -OL II",
="800001892",="Present",="11/22/2025",="NUT100 -OL II",
="800001892",="Present",="11/29/2025",="NUT100 -OL II",
="800001892",="Present",="12/6/2025",="NUT100 -OL II",
="800001623",="Present",="10/24/2025",="NUR120-C-P2",
="800001623",="Present",="10/28/2025",="NUR120-C-P2",
="800001623",="Present",="9/19/2025",="NUR120-L-P1",
="800001623",="Present",="10/17/2025",="NUR120-L-P1",
="800001623",="Present",="11/7/2025",="NUR120-L-P1",
="800001623",="Present",="11/14/2025",="NUR120-L-P1",
="800001623",="Present",="10/6/2025",="NUR135-L-P1",
="800001623",="Present",="10/20/2025",="NUR135-L-P1",
="800001625",="Present",="9/19/2025",="NUR120-L-P1",
="800001625",="Absent",="10/17/2025",="NUR120-L-P1",
="800001625",="Present",="11/7/2025",="NUR120-L-P1",
="800001625",="Present",="11/14/2025",="NUR120-L-P1",
="800001625",="Present",="10/6/2025",="NUR135-L-P1",
="800001625",="Present",="10/20/2025",="NUR135-L-P1",
="800001625",="Present",="9/2/2025",="NUR120 -P",
="800001625",="Present",="9/9/2025",="NUR120 -P",
="800001625",="Present",="9/16/2025",="NUR120 -P",
="800001625",="Present",="9/30/2025",="NUR120 -P",
="800001625",="Present",="10/7/2025",="NUR120 -P",
="800001625",="Present",="10/14/2025",="NUR120 -P",
="800001625",="Present",="11/11/2025",="NUR120 -P",
="800001625",="Present",="11/18/2025",="NUR120 -P",
="800001625",="Absent",="11/25/2025",="NUR120 -P",
="800001625",="Present",="12/2/2025",="NUR120 -P",
="800001623",="Present",="9/2/2025",="NUR120 -P",
="800001623",="Present",="9/9/2025",="NUR120 -P",
="800001623",="Absent",="9/16/2025",="NUR120 -P",
="800001623",="Present",="9/30/2025",="NUR120 -P",
="800001623",="Present",="10/7/2025",="NUR120 -P",
="800001623",="Present",="10/14/2025",="NUR120 -P",
="800001623",="Present",="11/11/2025",="NUR120 -P",
="800001623",="Present",="11/18/2025",="NUR120 -P",
="800001623",="Absent",="11/25/2025",="NUR120 -P",
="800001623",="Present",="12/2/2025",="NUR120 -P",
="770000323",="Present",="9/8/2025",="NUR265 -P",
="770000323",="Present",="9/15/2025",="NUR265 -P",
="770000323",="Present",="9/22/2025",="NUR265 -P",
="770000323",="Present",="9/29/2025",="NUR265 -P",
="770000323",="Present",="10/6/2025",="NUR265 -P",
="770000323",="Present",="10/13/2025",="NUR265 -P",
="770000323",="Present",="9/6/2025",="HUM200 -OL",
="770000323",="Present",="9/13/2025",="HUM200 -OL",
="770000323",="Present",="9/20/2025",="HUM200 -OL",
="770000323",="Present",="9/27/2025",="HUM200 -OL",
="770000323",="Present",="10/4/2025",="HUM200 -OL",
="770000323",="Present",="10/11/2025",="HUM200 -OL",
="770000323",="Absent",="10/18/2025",="HUM200 -OL",
="770000323",="Present",="10/25/2025",="HUM200 -OL",
="770000323",="Present",="11/1/2025",="HUM200 -OL",
="770000323",="Present",="11/8/2025",="HUM200 -OL",
="770000323",="Present",="11/15/2025",="HUM200 -OL",
="770000323",="Present",="11/22/2025",="HUM200 -OL",
="770000323",="Present",="12/6/2025",="HUM200 -OL",
="770000323",="Present",="9/4/2025",="NUR236-P",
="770000323",="Present",="9/11/2025",="NUR236-P",
="770000323",="Present",="9/18/2025",="NUR236-P",
="770000323",="Present",="9/25/2025",="NUR236-P",
="770000323",="Present",="10/9/2025",="NUR236-P",
="770000323",="Present",="10/16/2025",="NUR236-P",
="770000323",="Present",="12/4/2025",="NUR236-P",
="770000323",="Present",="10/2/2025",="NUR236-L-P1",
="800001960",="Present",="9/4/2025",="PSY101 -A",
="800001960",="Absent",="10/9/2025",="PSY101 -A",
="800001960",="Absent",="10/16/2025",="PSY101 -A",
="800001960",="Absent",="9/29/2025",="PHARM100-A",
="800001960",="Absent",="10/6/2025",="PHARM100-A",
="800001960",="Absent",="10/13/2025",="PHARM100-A",
="800001960",="Absent",="11/17/2025",="PHARM100-A",
="800001960",="Absent",="11/24/2025",="PHARM100-A",
="800001960",="Absent",="12/1/2025",="PHARM100-A",
="800001960",="Present",="9/2/2025",="NUR100-L-A2",
="800001960",="Present",="9/9/2025",="NUR100-L-A2",
="800001960",="Present",="9/16/2025",="NUR100-L-A2",
="800001960",="Present",="9/23/2025",="NUR100-L-A2",
="800001960",="Absent",="9/30/2025",="NUR100-L-A2",
="800001960",="Absent",="10/7/2025",="NUR100-L-A2",
="800001960",="Absent",="10/14/2025",="NUR100-L-A2",
="800001960",="Absent",="10/21/2025",="NUR100-L-A2",
="800001960",="Absent",="10/28/2025",="NUR100-L-A2",
="800001960",="Absent",="11/11/2025",="NUR100-L-A2",
="800001960",="Absent",="11/18/2025",="NUR100-L-A2",
="800001960",="Absent",="11/25/2025",="NUR100-L-A2",
="800001960",="Absent",="12/2/2025",="NUR100-L-A2",
="800001960",="Absent",="12/9/2025",="NUR100-L-A2",
="800001960",="Present",="9/2/2025",="AP100-A",
="800001960",="Absent",="9/9/2025",="AP100-A",
="800001960",="Present",="9/16/2025",="AP100-A",
="800001960",="Absent",="9/23/2025",="AP100-A",
="800001960",="Absent",="10/14/2025",="AP100-A",
="800001960",="Absent",="10/21/2025",="AP100-A",
="800001960",="Absent",="10/28/2025",="AP100-A",
="800001960",="Absent",="11/4/2025",="AP100-A",
="800001960",="Absent",="11/25/2025",="AP100-A",
="800001960",="Absent",="12/2/2025",="AP100-A",
="800001960",="Absent",="12/9/2025",="AP100-A",
="800001960",="Tardy/Late",="9/5/2025",="COL010 -A",
="800001960",="Tardy/Late",="9/12/2025",="COL010 -A",
="800001960",="Tardy/Late",="9/19/2025",="COL010 -A",
="800001960",="Present",="9/8/2025",="NUR100 -A",
="800001960",="Absent",="9/15/2025",="NUR100 -A",
="800001960",="Present",="9/22/2025",="NUR100 -A",
="800001960",="Absent",="9/29/2025",="NUR100 -A",
="800001960",="Absent",="10/6/2025",="NUR100 -A",
="800001960",="Absent",="10/13/2025",="NUR100 -A",
="800001960",="Absent",="11/3/2025",="NUR100 -A",
="800001960",="Absent",="11/10/2025",="NUR100 -A",
="800001960",="Absent",="11/17/2025",="NUR100 -A",
="800001960",="Absent",="11/24/2025",="NUR100 -A",
="800001960",="Absent",="12/1/2025",="NUR100 -A",
="800001960",="Absent",="12/8/2025",="NUR100 -A",
="800001960",="Present",="9/3/2025",="ENG101 -A",
="800001960",="Present",="9/10/2025",="ENG101 -A",
="800001960",="Tardy/Late",="9/17/2025",="ENG101 -A",
="800001960",="Absent",="9/24/2025",="ENG101 -A",
="800001960",="Absent",="10/1/2025",="ENG101 -A",
="800001960",="Absent",="10/8/2025",="ENG101 -A",
="800001960",="Absent",="10/15/2025",="ENG101 -A",
="800001960",="Absent",="10/22/2025",="ENG101 -A",
="800001960",="Absent",="10/29/2025",="ENG101 -A",
="800001960",="Absent",="11/5/2025",="ENG101 -A",
="800001960",="Absent",="11/12/2025",="ENG101 -A",
="800001960",="Absent",="11/19/2025",="ENG101 -A",
="800001960",="Absent",="11/26/2025",="ENG101 -A",
="800001960",="Absent",="12/3/2025",="ENG101 -A",
="800001961",="Present",="9/4/2025",="PSY101 -A",
="800001961",="Present",="10/9/2025",="PSY101 -A",
="800001961",="Tardy/Late",="9/5/2025",="COL010 -A",
="800001961",="Tardy/Late",="9/12/2025",="COL010 -A",
="800001961",="Tardy/Late",="9/19/2025",="COL010 -A",
="800001961",="Present",="9/2/2025",="AP100-A",
="800001961",="Absent",="9/9/2025",="AP100-A",
="800001961",="Present",="9/16/2025",="AP100-A",
="800001961",="Present",="9/23/2025",="AP100-A",
="800001961",="Present",="9/30/2025",="AP100-A",
="800001961",="Present",="10/14/2025",="AP100-A",
="800001961",="Present",="9/29/2025",="PHARM100-A",
="800001961",="Present",="10/6/2025",="PHARM100-A",
="800001961",="Present",="10/13/2025",="PHARM100-A",
="800001961",="Present",="9/8/2025",="NUR100 -A",
="800001961",="Present",="9/15/2025",="NUR100 -A",
="800001961",="Present",="9/22/2025",="NUR100 -A",
="800001961",="Present",="9/29/2025",="NUR100 -A",
="800001961",="Present",="10/6/2025",="NUR100 -A",
="800001961",="Present",="10/13/2025",="NUR100 -A",
="800001961",="Present",="9/3/2025",="ENG101 -A",
="800001961",="Present",="9/10/2025",="ENG101 -A",
="800001961",="Present",="9/17/2025",="ENG101 -A",
="800001961",="Tardy/Late excused",="9/24/2025",="ENG101 -A",
="800001961",="Present",="10/1/2025",="ENG101 -A",
="800001961",="Present",="10/8/2025",="ENG101 -A",
="800001961",="Present",="10/15/2025",="ENG101 -A",
="800001961",="Present",="9/2/2025",="NUR100-L-A2",
="800001961",="Present",="9/9/2025",="NUR100-L-A2",
="800001961",="Present",="9/16/2025",="NUR100-L-A2",
="800001961",="Present",="9/23/2025",="NUR100-L-A2",
="800001961",="Present",="9/30/2025",="NUR100-L-A2",
="800001961",="Present",="10/7/2025",="NUR100-L-A2",
="800001961",="Present",="10/14/2025",="NUR100-L-A2",
="800001543",="Present",="9/11/2025",="NUR125-L-P1",
="800001543",="Present",="9/18/2025",="NUR125-L-P1",
="800001543",="Present",="9/25/2025",="NUR125-L-P1",
="800001543",="Present",="10/2/2025",="NUR125-L-P1",
="800001543",="Absent",="10/9/2025",="NUR125-L-P1",
="800001543",="Absent",="10/16/2025",="NUR125-L-P1",
="800001543",="Present",="11/6/2025",="NUR125-L-P1",
="800001543",="Present",="11/13/2025",="NUR125-L-P1",
="800001543",="Present",="11/20/2025",="NUR125-L-P1",
="800001543",="Present",="12/4/2025",="NUR125-L-P1",
="800001543",="Present",="12/11/2025",="NUR125-L-P1",
="800001543",="Present",="9/8/2025",="NUR100 -A",
="800001543",="Present",="9/15/2025",="NUR100 -A",
="800001543",="Present",="9/22/2025",="NUR100 -A",
="800001543",="Present",="9/29/2025",="NUR100 -A",
="800001543",="Present",="10/6/2025",="NUR100 -A",
="800001543",="Absent",="10/13/2025",="NUR100 -A",
="800001543",="Present",="11/3/2025",="NUR100 -A",
="800001543",="Present",="11/10/2025",="NUR100 -A",
="800001543",="Present",="11/17/2025",="NUR100 -A",
="800001543",="Present",="11/24/2025",="NUR100 -A",
="800001543",="Present",="12/1/2025",="NUR100 -A",
="800001543",="Present",="12/8/2025",="NUR100 -A",
="800001543",="Present",="9/2/2025",="NUR100-L-A2",
="800001543",="Present",="9/9/2025",="NUR100-L-A2",
="800001543",="Present",="9/16/2025",="NUR100-L-A2",
="800001543",="Present",="9/23/2025",="NUR100-L-A2",
="800001543",="Present",="9/30/2025",="NUR100-L-A2",
="800001543",="Present",="10/7/2025",="NUR100-L-A2",
="800001543",="Absent excused",="10/14/2025",="NUR100-L-A2",
="800001543",="Present",="10/21/2025",="NUR100-L-A2",
="800001543",="Present",="10/28/2025",="NUR100-L-A2",
="800001543",="Present",="11/4/2025",="NUR100-L-A2",
="800001543",="Present",="11/11/2025",="NUR100-L-A2",
="800001543",="Present",="11/18/2025",="NUR100-L-A2",
="800001543",="Present",="11/25/2025",="NUR100-L-A2",
="800001543",="Present",="12/2/2025",="NUR100-L-A2",
="800001543",="Present",="12/9/2025",="NUR100-L-A2",
="800001543",="Present",="9/4/2025",="NUR125-P",
="800001543",="Present",="9/11/2025",="NUR125-P",
="800001543",="Present",="9/18/2025",="NUR125-P",
="800001543",="Present",="9/25/2025",="NUR125-P",
="800001543",="Present",="10/2/2025",="NUR125-P",
="800001543",="Absent",="10/9/2025",="NUR125-P",
="800001543",="Present",="11/6/2025",="NUR125-P",
="800001543",="Present",="11/13/2025",="NUR125-P",
="800001543",="Present",="11/20/2025",="NUR125-P",
="800001543",="Present",="12/4/2025",="NUR125-P",
="800001543",="Present",="12/11/2025",="NUR125-P",
="800001543",="Present",="9/3/2025",="AP100-P2",
="800001543",="Present",="9/10/2025",="AP100-P2",
="800001543",="Present",="9/17/2025",="AP100-P2",
="800001543",="Absent",="9/24/2025",="AP100-P2",
="800001543",="Present",="10/1/2025",="AP100-P2",
="800001543",="Present",="10/8/2025",="AP100-P2",
="800001543",="Absent",="10/15/2025",="AP100-P2",
="800001543",="Present",="10/22/2025",="AP100-P2",
="800001543",="Present",="10/29/2025",="AP100-P2",
="800001543",="Present",="11/5/2025",="AP100-P2",
="800001543",="Present",="11/12/2025",="AP100-P2",
="800001543",="Present",="11/19/2025",="AP100-P2",
="800001543",="Present",="11/26/2025",="AP100-P2",
="800001543",="Present",="12/3/2025",="AP100-P2",
="800001368",="Present",="10/6/2025",="NUR216-A-L",
="800001368",="Present",="10/13/2025",="NUR216-A-L",
="800001368",="Present",="12/1/2025",="NUR216-A-L",
="800001368",="Present",="9/3/2025",="AP209 -A",
="800001368",="Present",="9/10/2025",="AP209 -A",
="800001368",="Present",="9/17/2025",="AP209 -A",
="800001368",="Present",="9/24/2025",="AP209 -A",
="800001368",="Present",="10/1/2025",="AP209 -A",
="800001368",="Present",="10/8/2025",="AP209 -A",
="800001368",="Present",="10/15/2025",="AP209 -A",
="800001368",="Present",="10/22/2025",="AP209 -A",
="800001368",="Present",="10/29/2025",="AP209 -A",
="800001368",="Present",="11/5/2025",="AP209 -A",
="800001368",="Present",="11/12/2025",="AP209 -A",
="800001368",="Present",="11/19/2025",="AP209 -A",
="800001368",="Present",="11/26/2025",="AP209 -A",
="800001368",="Absent",="12/3/2025",="AP209 -A",
="800001368",="Absent",="12/10/2025",="AP209 -A",
="800001368",="Present",="9/16/2025",="NUR205-L-A1",
="800001368",="No class",="10/7/2025",="NUR205-L-A1",
="800001368",="Present",="10/14/2025",="NUR205-L-A1",
="800001368",="No class",="11/4/2025",="NUR205-L-A1",
="800001368",="No class",="11/11/2025",="NUR205-L-A1",
="800001368",="No class",="11/18/2025",="NUR205-L-A1",
="800001368",="No class",="11/25/2025",="NUR205-L-A1",
="800001368",="No class",="12/2/2025",="NUR205-L-A1",
="800001368",="Present",="9/4/2025",="NUR205 -P",
="800001368",="Present",="9/11/2025",="NUR205 -P",
="800001368",="Present",="9/25/2025",="NUR205 -P",
="800001368",="Present",="10/2/2025",="NUR205 -P",
="800001368",="Present",="10/16/2025",="NUR205 -P",
="800001368",="Present",="11/20/2025",="NUR205 -P",
="800001368",="No class",="12/4/2025",="NUR205 -P",
="800001368",="Present",="9/8/2025",="NUR216 -A",
="800001368",="Present",="9/15/2025",="NUR216 -A",
="800001368",="Present",="9/22/2025",="NUR216 -A",
="800001368",="Present",="9/29/2025",="NUR216 -A",
="800001368",="Present",="10/6/2025",="NUR216 -A",
="800001368",="Present",="10/13/2025",="NUR216 -A",
="800001368",="Present",="11/3/2025",="NUR216 -A",
="800001368",="Present",="11/10/2025",="NUR216 -A",
="800001368",="Present",="11/24/2025",="NUR216 -A",
="800001368",="Present",="12/1/2025",="NUR216 -A",
="800001368",="Present",="9/8/2025",="PHARM225-P_ A",
="800001368",="Present",="9/15/2025",="PHARM225-P_ A",
="800001368",="Present",="9/22/2025",="PHARM225-P_ A",
="800001368",="Present",="9/29/2025",="PHARM225-P_ A",
="800001368",="Present",="10/6/2025",="PHARM225-P_ A",
="800001368",="Present",="10/13/2025",="PHARM225-P_ A",
="800001368",="Present",="12/8/2025",="NUR216-C-P1",
="800001368",="Present",="9/6/2025",="SOC101 -OL",
="800001368",="Present",="9/13/2025",="SOC101 -OL",
="800001368",="Present",="9/20/2025",="SOC101 -OL",
="800001368",="Present",="9/27/2025",="SOC101 -OL",
="800001368",="Present",="10/4/2025",="SOC101 -OL",
="800001368",="Present",="10/11/2025",="SOC101 -OL",
="800001368",="Present",="10/18/2025",="SOC101 -OL",
="800001368",="Present",="10/25/2025",="SOC101 -OL",
="800001368",="Present",="11/1/2025",="SOC101 -OL",
="800001368",="Present",="11/8/2025",="SOC101 -OL",
="800001368",="Present",="11/15/2025",="SOC101 -OL",
="800001368",="Present",="11/22/2025",="SOC101 -OL",
="800001368",="Present",="12/6/2025",="SOC101 -OL",
="800001498",="Tardy/Late",="11/1/2025",="NUR140-C-P1",
="800001498",="Present",="12/12/2025",="NUR140-C-P1",
="800001498",="Present",="9/4/2025",="NUR140-A",
="800001498",="Present",="9/11/2025",="NUR140-A",
="800001498",="Present",="9/18/2025",="NUR140-A",
="800001498",="Present",="9/25/2025",="NUR140-A",
="800001498",="Present",="10/2/2025",="NUR140-A",
="800001498",="Present",="10/9/2025",="NUR140-A",
="800001498",="Present",="10/16/2025",="NUR140-A",
="800001498",="Absent",="11/6/2025",="NUR140-A",
="800001498",="Present",="11/13/2025",="NUR140-A",
="800001498",="Present",="11/20/2025",="NUR140-A",
="800001498",="Present",="12/11/2025",="NUR150-C-A2",
="800001498",="Present",="12/18/2025",="NUR150-C-A2",
="800001498",="Present",="9/3/2025",="NUR150 -A",
="800001498",="Present",="9/10/2025",="NUR150 -A",
="800001498",="Present",="9/17/2025",="NUR150 -A",
="800001498",="Present",="9/24/2025",="NUR150 -A",
="800001498",="Present",="10/1/2025",="NUR150 -A",
="800001498",="Present",="10/8/2025",="NUR150 -A",
="800001498",="Present",="10/15/2025",="NUR150 -A",
="800001498",="Present",="11/5/2025",="NUR150 -A",
="800001498",="Present",="11/12/2025",="NUR150 -A",
="800001498",="Present",="11/19/2025",="NUR150 -A",
="800001498",="Present",="10/6/2025",="NUR135-L-P1",
="800001498",="Present",="10/20/2025",="NUR135-L-P1",
="800001959",="Present",="9/8/2025",="NUR101-A",
="800001959",="Present",="9/15/2025",="NUR101-A",
="800001959",="Present",="9/22/2025",="NUR101-A",
="800001959",="Present",="9/29/2025",="NUR101-A",
="800001959",="Present",="10/6/2025",="NUR101-A",
="800001959",="Present",="10/13/2025",="NUR101-A",
="800001959",="Present",="11/3/2025",="NUR101-A",
="800001959",="Present",="11/10/2025",="NUR101-A",
="800001959",="Present",="11/17/2025",="NUR101-A",
="800001959",="Present",="11/24/2025",="NUR101-A",
="800001959",="Present",="12/1/2025",="NUR101-A",
="800001959",="Present",="12/8/2025",="NUR101-A",
="800001958",="Present",="9/8/2025",="SCI101-A",
="800001958",="Present",="9/15/2025",="SCI101-A",
="800001958",="Present",="9/22/2025",="SCI101-A",
="800001958",="Present",="9/29/2025",="SCI101-A",
="800001958",="Present",="10/6/2025",="SCI101-A",
="800001958",="Present",="10/13/2025",="SCI101-A",
="800001958",="Present",="10/20/2025",="SCI101-A",
="800001958",="Present",="10/27/2025",="SCI101-A",
="800001958",="Present",="11/3/2025",="SCI101-A",
="800001958",="Present",="11/10/2025",="SCI101-A",
="800001958",="Present",="11/17/2025",="SCI101-A",
="800001958",="Present",="11/24/2025",="SCI101-A",
="800001958",="Present",="12/1/2025",="SCI101-A",
="800001958",="Present",="12/8/2025",="SCI101-A",
="800001958",="Present",="9/6/2025",="PSY101 -OL",
="800001958",="Present",="9/13/2025",="PSY101 -OL",
="800001958",="Present",="9/20/2025",="PSY101 -OL",
="800001958",="Present",="9/27/2025",="PSY101 -OL",
="800001958",="Present",="10/4/2025",="PSY101 -OL",
="800001958",="Present",="10/11/2025",="PSY101 -OL",
="800001958",="Present",="10/18/2025",="PSY101 -OL",
="800001958",="Present",="10/25/2025",="PSY101 -OL",
="800001958",="Present",="11/1/2025",="PSY101 -OL",
="800001958",="Present",="11/8/2025",="PSY101 -OL",
="800001958",="Present",="11/15/2025",="PSY101 -OL",
="800001958",="Present",="11/22/2025",="PSY101 -OL",
="800001958",="Present",="9/8/2025",="NUR101-A",
="800001958",="Present",="9/15/2025",="NUR101-A",
="800001958",="Present",="9/22/2025",="NUR101-A",
="800001958",="Present",="9/29/2025",="NUR101-A",
="800001958",="Present",="10/6/2025",="NUR101-A",
="800001958",="Present",="10/13/2025",="NUR101-A",
="800001958",="Present",="11/3/2025",="NUR101-A",
="800001958",="Present",="11/10/2025",="NUR101-A",
="800001958",="Present",="11/17/2025",="NUR101-A",
="800001958",="Present",="11/24/2025",="NUR101-A",
="800001958",="Present",="12/1/2025",="NUR101-A",
="800001958",="Present",="12/8/2025",="NUR101-A",
="800001318",="Present",="9/5/2025",="STAT101-A",
="800001318",="Present",="9/12/2025",="STAT101-A",
="800001318",="Present",="9/19/2025",="STAT101-A",
="800001318",="Present",="9/26/2025",="STAT101-A",
="800001318",="Present",="10/3/2025",="STAT101-A",
="800001318",="Absent",="10/10/2025",="STAT101-A",
="800001318",="Present",="10/17/2025",="STAT101-A",
="800001318",="Present",="10/31/2025",="STAT101-A",
="800001318",="Present",="11/7/2025",="STAT101-A",
="800001318",="Present",="11/21/2025",="STAT101-A",
="800001760",="Present",="9/6/2025",="NUT100 -OL II",
="800001760",="Present",="9/13/2025",="NUT100 -OL II",
="800001760",="Present",="9/20/2025",="NUT100 -OL II",
="800001760",="Present",="9/27/2025",="NUT100 -OL II",
="800001760",="Present",="10/4/2025",="NUT100 -OL II",
="800001760",="Present",="10/11/2025",="NUT100 -OL II",
="800001760",="Present",="10/18/2025",="NUT100 -OL II",
="800001760",="Present",="10/25/2025",="NUT100 -OL II",
="800001760",="Present",="11/1/2025",="NUT100 -OL II",
="800001760",="Present",="11/8/2025",="NUT100 -OL II",
="800001760",="Present",="11/15/2025",="NUT100 -OL II",
="800001760",="Present",="11/22/2025",="NUT100 -OL II",
="800001760",="Present",="11/29/2025",="NUT100 -OL II",
="800001760",="Absent",="12/6/2025",="NUT100 -OL II",
="800001760",="Present",="9/9/2025",="NUR100-L-P1",
="800001760",="Present",="9/16/2025",="NUR100-L-P1",
="800001760",="Present",="9/23/2025",="NUR100-L-P1",
="800001760",="Present",="9/30/2025",="NUR100-L-P1",
="800001760",="Absent",="10/7/2025",="NUR100-L-P1",
="800001760",="Present",="10/14/2025",="NUR100-L-P1",
="800001760",="Absent",="10/21/2025",="NUR100-L-P1",
="800001760",="Absent",="10/28/2025",="NUR100-L-P1",
="800001760",="Present",="11/4/2025",="NUR100-L-P1",
="800001760",="Absent",="11/18/2025",="NUR100-L-P1",
="800001760",="Absent",="11/25/2025",="NUR100-L-P1",
="800001760",="Absent",="12/2/2025",="NUR100-L-P1",
="800001760",="Present",="9/8/2025",="NUR100-P",
="800001760",="Present",="9/15/2025",="NUR100-P",
="800001760",="Present",="9/22/2025",="NUR100-P",
="800001760",="Present",="9/29/2025",="NUR100-P",
="800001760",="Present",="10/6/2025",="NUR100-P",
="800001760",="Present",="10/13/2025",="NUR100-P",
="800001760",="Present",="11/3/2025",="NUR100-P",
="800001760",="Present",="11/10/2025",="NUR100-P",
="800001760",="Present",="11/17/2025",="NUR100-P",
="800001760",="Present",="11/24/2025",="NUR100-P",
="800001760",="Absent",="12/1/2025",="NUR100-P",
="800001198",="Present",="9/5/2025",="STAT101-A",
="800001198",="Present",="9/12/2025",="STAT101-A",
="800001198",="Present",="9/19/2025",="STAT101-A",
="800001198",="Present",="9/26/2025",="STAT101-A",
="800001198",="Present",="10/3/2025",="STAT101-A",
="800001198",="Present",="10/10/2025",="STAT101-A",
="800001198",="Present",="10/17/2025",="STAT101-A",
="800001198",="Present",="10/31/2025",="STAT101-A",
="800001198",="Present",="11/7/2025",="STAT101-A",
="800001198",="Present",="11/21/2025",="STAT101-A",
="800001198",="Present",="9/3/2025",="NUR155-P",
="800001198",="Present",="9/10/2025",="NUR155-P",
="800001198",="Present",="9/17/2025",="NUR155-P",
="800001198",="Present",="9/24/2025",="NUR155-P",
="800001198",="Present",="10/1/2025",="NUR155-P",
="800001198",="Present",="10/8/2025",="NUR155-P",
="800001198",="Present",="10/15/2025",="NUR155-P",
="800001198",="Present",="10/22/2025",="NUR155-P",
="800001198",="Present",="10/29/2025",="NUR155-P",
="800001198",="Present",="11/5/2025",="NUR155-P",
="800001198",="Present",="11/12/2025",="NUR155-P",
="800001198",="Present",="11/19/2025",="NUR155-P",
="800001198",="Present",="11/26/2025",="NUR155-P",
="800001198",="Present",="12/3/2025",="NUR155-P",
="800001198",="Present",="12/10/2025",="NUR155-P",
="800001198",="Present",="9/3/2025",="NUR150 -A",
="800001198",="Present",="9/10/2025",="NUR150 -A",
="800001198",="Present",="9/17/2025",="NUR150 -A",
="800001198",="Present",="9/24/2025",="NUR150 -A",
="800001198",="Present",="10/1/2025",="NUR150 -A",
="800001198",="Present",="10/8/2025",="NUR150 -A",
="800001198",="Present",="10/15/2025",="NUR150 -A",
="800001198",="Present",="11/5/2025",="NUR150 -A",
="800001198",="Present",="11/12/2025",="NUR150 -A",
="800001198",="Present",="11/19/2025",="NUR150 -A",
="800001634",="Present",="9/11/2025",="NUR125-L-P2",
="800001634",="Present",="9/18/2025",="NUR125-L-P2",
="800001634",="Present",="9/25/2025",="NUR125-L-P2",
="800001634",="Present",="10/2/2025",="NUR125-L-P2",
="800001634",="Present",="10/9/2025",="NUR125-L-P2",
="800001634",="Present",="10/16/2025",="NUR125-L-P2",
="800001634",="Present",="11/6/2025",="NUR125-L-P2",
="800001634",="Present",="11/13/2025",="NUR125-L-P2",
="800001634",="Present",="11/20/2025",="NUR125-L-P2",
="800001634",="Present",="12/4/2025",="NUR125-L-P2",
="800001634",="Present",="12/11/2025",="NUR125-L-P2",
="800001634",="Present",="9/19/2025",="NUR120-L-P1",
="800001634",="Absent",="10/17/2025",="NUR120-L-P1",
="800001634",="Present",="11/7/2025",="NUR120-L-P1",
="800001634",="Present",="11/14/2025",="NUR120-L-P1",
="800001634",="Absent",="9/2/2025",="NUR120 -P",
="800001634",="Present",="9/9/2025",="NUR120 -P",
="800001634",="Present",="9/16/2025",="NUR120 -P",
="800001634",="Present",="9/30/2025",="NUR120 -P",
="800001634",="Absent",="10/7/2025",="NUR120 -P",
="800001634",="Present",="10/14/2025",="NUR120 -P",
="800001634",="Present",="11/11/2025",="NUR120 -P",
="800001634",="Present",="11/18/2025",="NUR120 -P",
="800001634",="Absent",="11/25/2025",="NUR120 -P",
="800001634",="Absent",="12/2/2025",="NUR120 -P",
="800001634",="Present",="9/3/2025",="NUR135-A",
="800001634",="Present",="9/10/2025",="NUR135-A",
="800001634",="Present",="9/17/2025",="NUR135-A",
="800001634",="Present",="9/24/2025",="NUR135-A",
="800001634",="Present",="10/1/2025",="NUR135-A",
="800001634",="No class",="10/15/2025",="NUR135-A",
="800001634",="Present",="11/12/2025",="NUR135-A",
="800001634",="Present",="11/26/2025",="NUR135-A",
="800001634",="Present",="12/3/2025",="NUR135-A",
="800001634",="Absent",="9/4/2025",="NUR125-P",
="800001634",="Present",="9/11/2025",="NUR125-P",
="800001634",="Present",="9/18/2025",="NUR125-P",
="800001634",="Present",="9/25/2025",="NUR125-P",
="800001634",="Present",="10/2/2025",="NUR125-P",
="800001634",="Present",="10/9/2025",="NUR125-P",
="800001634",="Present",="11/6/2025",="NUR125-P",
="800001634",="Present",="11/13/2025",="NUR125-P",
="800001634",="Present",="11/20/2025",="NUR125-P",
="800001634",="Present",="12/4/2025",="NUR125-P",
="800001634",="Present",="12/11/2025",="NUR125-P",
="800001634",="Present",="10/8/2025",="NUR135-L-A1",
="800001204",="Present",="9/3/2025",="NUR150 -A",
="800001204",="Present",="9/10/2025",="NUR150 -A",
="800001204",="Present",="9/17/2025",="NUR150 -A",
="800001204",="Present",="9/24/2025",="NUR150 -A",
="800001204",="Present",="10/1/2025",="NUR150 -A",
="800001204",="Present",="10/8/2025",="NUR150 -A",
="800001204",="Present",="10/15/2025",="NUR150 -A",
="800001204",="Present",="11/5/2025",="NUR150 -A",
="800001204",="Present",="11/12/2025",="NUR150 -A",
="800001204",="Present",="11/19/2025",="NUR150 -A",
="800001204",="Present",="9/4/2025",="NUR140-A",
="800001204",="Present",="9/11/2025",="NUR140-A",
="800001204",="Present",="9/18/2025",="NUR140-A",
="800001204",="Present",="9/25/2025",="NUR140-A",
="800001204",="Present",="10/2/2025",="NUR140-A",
="800001204",="Present",="10/9/2025",="NUR140-A",
="800001204",="Present",="10/16/2025",="NUR140-A",
="800001204",="Present",="11/6/2025",="NUR140-A",
="800001204",="Present",="11/13/2025",="NUR140-A",
="800001204",="Absent",="11/20/2025",="NUR140-A",
="800001204",="Present",="9/3/2025",="NUR155-P",
="800001204",="Present",="9/10/2025",="NUR155-P",
="800001204",="Present",="9/17/2025",="NUR155-P",
="800001204",="Present",="9/24/2025",="NUR155-P",
="800001204",="Present",="10/1/2025",="NUR155-P",
="800001204",="Present",="10/8/2025",="NUR155-P",
="800001204",="Present",="10/15/2025",="NUR155-P",
="800001204",="Present",="10/22/2025",="NUR155-P",
="800001204",="Present",="10/29/2025",="NUR155-P",
="800001204",="Present",="11/5/2025",="NUR155-P",
="800001204",="Present",="11/12/2025",="NUR155-P",
="800001204",="Present",="11/19/2025",="NUR155-P",
="800001204",="Present",="11/26/2025",="NUR155-P",
="800001204",="Present",="12/3/2025",="NUR155-P",
="800001204",="Present",="12/10/2025",="NUR155-P",
="800000879",="Present",="9/4/2025",="NUR255 -P",
="800000879",="Present",="9/11/2025",="NUR255 -P",
="800000879",="Present",="9/18/2025",="NUR255 -P",
="800000879",="Present",="9/25/2025",="NUR255 -P",
="800000879",="Present",="10/2/2025",="NUR255 -P",
="800000879",="Present",="10/9/2025",="NUR255 -P",
="800000879",="Present",="10/16/2025",="NUR255 -P",
="800000879",="Present",="10/23/2025",="NUR255 -P",
="800000879",="Present",="9/3/2025",="NUR270-P",
="800000879",="Present",="9/10/2025",="NUR270-P",
="800000879",="Present",="9/17/2025",="NUR270-P",
="800000879",="Present",="9/24/2025",="NUR270-P",
="800000879",="Present",="10/1/2025",="NUR270-P",
="800000879",="Present",="10/8/2025",="NUR270-P",
="800000879",="Present",="10/15/2025",="NUR270-P",
="800000879",="Present",="11/5/2025",="NUR270-P",
="800000879",="Present",="11/12/2025",="NUR270-P",
="800000879",="Present",="11/19/2025",="NUR270-P",
="800000879",="Present",="11/26/2025",="NUR270-P",
="800000879",="Present",="12/3/2025",="NUR270-P",
="800000879",="Present",="12/10/2025",="NUR270-P",
="800000879",="Present",="12/17/2025",="NUR270-P",
="800000879",="Present",="9/8/2025",="NUR265 -P",
="800000879",="Present",="9/15/2025",="NUR265 -P",
="800000879",="Present",="9/22/2025",="NUR265 -P",
="800000879",="Present",="9/29/2025",="NUR265 -P",
="800000879",="Present",="10/6/2025",="NUR265 -P",
="800000879",="Present",="10/13/2025",="NUR265 -P",
="800001445",="Absent",="9/3/2025",="NUR155-P",
="800001445",="Present",="9/10/2025",="NUR155-P",
="800001445",="Present",="9/17/2025",="NUR155-P",
="800001445",="Present",="9/24/2025",="NUR155-P",
="800001445",="Present",="10/1/2025",="NUR155-P",
="800001445",="Present",="10/8/2025",="NUR155-P",
="800001445",="Present",="10/15/2025",="NUR155-P",
="800001445",="Present",="10/22/2025",="NUR155-P",
="800001445",="Present",="10/29/2025",="NUR155-P",
="800001445",="Present",="11/5/2025",="NUR155-P",
="800001445",="Present",="11/12/2025",="NUR155-P",
="800001445",="Present",="11/19/2025",="NUR155-P",
="800001445",="Present",="11/26/2025",="NUR155-P",
="800001445",="Present",="12/3/2025",="NUR155-P",
="800001445",="Present",="12/10/2025",="NUR155-P",
="800001445",="Present",="9/3/2025",="NUR135-A",
="800001445",="Present",="9/10/2025",="NUR135-A",
="800001445",="Present",="9/17/2025",="NUR135-A",
="800001445",="Present",="9/24/2025",="NUR135-A",
="800001445",="Present",="10/1/2025",="NUR135-A",
="800001445",="No class",="10/15/2025",="NUR135-A",
="800001445",="Present",="11/12/2025",="NUR135-A",
="800001445",="Present",="11/26/2025",="NUR135-A",
="800001445",="Present",="12/3/2025",="NUR135-A",
="800001445",="Present",="10/8/2025",="NUR135-L-A1",
="800001445",="Present",="9/4/2025",="NUR140-A",
="800001445",="Present",="9/11/2025",="NUR140-A",
="800001445",="Present",="9/18/2025",="NUR140-A",
="800001445",="Present",="9/25/2025",="NUR140-A",
="800001445",="Present",="10/2/2025",="NUR140-A",
="800001445",="Present",="10/9/2025",="NUR140-A",
="800001445",="Present",="10/16/2025",="NUR140-A",
="800001445",="Present",="11/6/2025",="NUR140-A",
="800001445",="Present",="11/13/2025",="NUR140-A",
="800001445",="Present",="11/20/2025",="NUR140-A",
="800000762",="Present",="9/3/2025",="NUR404",
="800000762",="Present",="9/10/2025",="NUR404",
="800000762",="Present",="9/17/2025",="NUR404",
="800000762",="Present",="9/24/2025",="NUR404",
="800000762",="Present",="10/1/2025",="NUR404",
="800000762",="Present",="10/8/2025",="NUR404",
="800000762",="Present",="10/15/2025",="NUR404",
="800000762",="Present",="10/22/2025",="NUR404",
="800000762",="Present",="10/29/2025",="NUR404",
="800000762",="Present",="11/5/2025",="NUR404",
="800000762",="Present",="11/12/2025",="NUR404",
="800000762",="Present",="11/19/2025",="NUR404",
="800000762",="Present",="11/26/2025",="NUR404",
="800000762",="Present",="12/3/2025",="NUR404",
="800000625",="Present",="9/3/2025",="NUR404",
="800000625",="Present",="9/10/2025",="NUR404",
="800000625",="Present",="9/17/2025",="NUR404",
="800000625",="Present",="9/24/2025",="NUR404",
="800000625",="Present",="10/1/2025",="NUR404",
="800000625",="Present",="10/8/2025",="NUR404",
="800000625",="Present",="10/15/2025",="NUR404",
="800000625",="Present",="10/22/2025",="NUR404",
="800000625",="Present",="10/29/2025",="NUR404",
="800000625",="Present",="11/5/2025",="NUR404",
="800000625",="Present",="11/12/2025",="NUR404",
="800000625",="Present",="11/19/2025",="NUR404",
="800000625",="Present",="11/26/2025",="NUR404",
="800000625",="Present",="12/3/2025",="NUR404",
="800000289",="Present",="9/3/2025",="NUR404",
="800000289",="Present",="9/10/2025",="NUR404",
="800000289",="Present",="9/17/2025",="NUR404",
="800000289",="Present",="9/24/2025",="NUR404",
="800000289",="Present",="10/1/2025",="NUR404",
="800000289",="Present",="10/8/2025",="NUR404",
="800000289",="Present",="10/15/2025",="NUR404",
="800000289",="Present",="10/22/2025",="NUR404",
="800000289",="Present",="10/29/2025",="NUR404",
="800000289",="Present",="11/5/2025",="NUR404",
="800000289",="Present",="11/12/2025",="NUR404",
="800000289",="Present",="11/19/2025",="NUR404",
="800000289",="Present",="11/26/2025",="NUR404",
="800000289",="Present",="12/3/2025",="NUR404",
="800000428",="Present",="9/3/2025",="NUR404",
="800000428",="Present",="9/10/2025",="NUR404",
="800000428",="Present",="9/17/2025",="NUR404",
="800000428",="Present",="9/24/2025",="NUR404",
="800000428",="Present",="10/1/2025",="NUR404",
="800000428",="Present",="10/8/2025",="NUR404",
="800000428",="Present",="10/15/2025",="NUR404",
="800000428",="Present",="10/22/2025",="NUR404",
="800000428",="Present",="10/29/2025",="NUR404",
="800000428",="Present",="11/5/2025",="NUR404",
="800000428",="Present",="11/12/2025",="NUR404",
="800000428",="Present",="11/19/2025",="NUR404",
="800000428",="Present",="11/26/2025",="NUR404",
="800000428",="Present",="12/3/2025",="NUR404",
="800000461",="Present",="9/3/2025",="NUR404",
="800000461",="Present",="9/10/2025",="NUR404",
="800000461",="Present",="9/17/2025",="NUR404",
="800000461",="Present",="9/24/2025",="NUR404",
="800000461",="Present",="10/1/2025",="NUR404",
="800000461",="Present",="10/8/2025",="NUR404",
="800000461",="Present",="10/15/2025",="NUR404",
="800000461",="Present",="10/22/2025",="NUR404",
="800000461",="Present",="10/29/2025",="NUR404",
="800000461",="Present",="11/5/2025",="NUR404",
="800000461",="Present",="11/12/2025",="NUR404",
="800000461",="Present",="11/19/2025",="NUR404",
="800000461",="Present",="11/26/2025",="NUR404",
="800000461",="Present",="12/3/2025",="NUR404",
="800001652",="Present",="9/4/2025",="PHARM130-A",
="800001652",="Present",="9/11/2025",="PHARM130-A",
="800001652",="Absent",="9/18/2025",="PHARM130-A",
="800001652",="Present",="9/25/2025",="PHARM130-A",
="800001652",="Present",="10/2/2025",="PHARM130-A",
="800001652",="Present",="10/9/2025",="PHARM130-A",
="800001652",="Present",="10/16/2025",="PHARM130-A",
="800001652",="Present",="10/23/2025",="PHARM130-A",
="800001652",="Present",="10/30/2025",="PHARM130-A",
="800001652",="Present",="11/6/2025",="PHARM130-A",
="800001652",="Present",="11/13/2025",="PHARM130-A",
="800001652",="Absent",="11/20/2025",="PHARM130-A",
="800001652",="Present",="12/4/2025",="PHARM130-A",
="800001613",="Absent",="9/6/2025",="HUM300 -OL",
="800001613",="Absent",="9/13/2025",="HUM300 -OL",
="800001613",="Present",="9/20/2025",="HUM300 -OL",
="800001613",="Present",="9/27/2025",="HUM300 -OL",
="800001613",="Present",="10/4/2025",="HUM300 -OL",
="800001613",="Absent",="10/11/2025",="HUM300 -OL",
="800001613",="Absent",="10/18/2025",="HUM300 -OL",
="800001613",="Absent",="10/25/2025",="HUM300 -OL",
="800001613",="Absent",="9/6/2025",="ENG102 - OL",
="800001613",="Absent",="9/13/2025",="ENG102 - OL",
="800001613",="Absent",="9/20/2025",="ENG102 - OL",
="800001613",="Present",="9/27/2025",="ENG102 - OL",
="800001613",="Present",="10/4/2025",="ENG102 - OL",
="800001613",="Present",="10/11/2025",="ENG102 - OL",
="800001613",="Present",="10/18/2025",="ENG102 - OL",
="800001613",="Present",="10/25/2025",="ENG102 - OL",
="800001613",="Present",="11/1/2025",="ENG102 - OL",
="800001613",="Present",="11/8/2025",="ENG102 - OL",
="800001613",="Present",="11/15/2025",="ENG102 - OL",
="800001613",="Present",="11/22/2025",="ENG102 - OL",
="800001751",="Present",="9/2/2025",="NUR120-A",
="800001751",="Present",="9/9/2025",="NUR120-A",
="800001751",="Present",="9/16/2025",="NUR120-A",
="800001751",="Present",="9/30/2025",="NUR120-A",
="800001751",="Present",="10/7/2025",="NUR120-A",
="800001751",="Present",="10/14/2025",="NUR120-A",
="800001751",="Present",="11/11/2025",="NUR120-A",
="800001751",="Present",="11/18/2025",="NUR120-A",
="800001751",="Present",="11/25/2025",="NUR120-A",
="800001751",="Absent",="12/2/2025",="NUR120-A",
="800001751",="Present",="9/9/2025",="NUR125-A",
="800001751",="Present",="9/16/2025",="NUR125-A",
="800001751",="Present",="9/23/2025",="NUR125-A",
="800001751",="Present",="9/30/2025",="NUR125-A",
="800001751",="Present",="10/7/2025",="NUR125-A",
="800001751",="Present",="10/14/2025",="NUR125-A",
="800001751",="Present",="11/4/2025",="NUR125-A",
="800001751",="Present",="11/11/2025",="NUR125-A",
="800001751",="Present",="11/18/2025",="NUR125-A",
="800001751",="Present",="11/25/2025",="NUR125-A",
="800001751",="Present",="12/2/2025",="NUR125-A",
="800001751",="Present",="9/9/2025",="NUR125-L-A1",
="800001751",="Present",="9/16/2025",="NUR125-L-A1",
="800001751",="Present",="9/23/2025",="NUR125-L-A1",
="800001751",="Present",="9/30/2025",="NUR125-L-A1",
="800001751",="Present",="10/7/2025",="NUR125-L-A1",
="800001751",="Present",="10/14/2025",="NUR125-L-A1",
="800001751",="Present",="11/4/2025",="NUR125-L-A1",
="800001751",="Present",="11/11/2025",="NUR125-L-A1",
="800001751",="Present",="11/18/2025",="NUR125-L-A1",
="800001751",="Present",="11/25/2025",="NUR125-L-A1",
="800001751",="Present",="12/2/2025",="NUR125-L-A1",
="800001751",="Present",="9/3/2025",="NUR135-A",
="800001751",="Present",="9/10/2025",="NUR135-A",
="800001751",="Present",="9/17/2025",="NUR135-A",
="800001751",="Present",="9/24/2025",="NUR135-A",
="800001751",="Present",="10/1/2025",="NUR135-A",
="800001751",="No class",="10/15/2025",="NUR135-A",
="800001751",="Present",="11/12/2025",="NUR135-A",
="800001751",="Present",="11/26/2025",="NUR135-A",
="800001751",="Present",="12/3/2025",="NUR135-A",
="800001751",="Present",="10/8/2025",="NUR135-L-A1",
="800001751",="Present",="9/6/2025",="NUT100 -OL II",
="800001751",="Present",="9/13/2025",="NUT100 -OL II",
="800001751",="Present",="9/20/2025",="NUT100 -OL II",
="800001751",="Present",="9/27/2025",="NUT100 -OL II",
="800001751",="Present",="10/4/2025",="NUT100 -OL II",
="800001751",="Present",="10/11/2025",="NUT100 -OL II",
="800001751",="Present",="10/18/2025",="NUT100 -OL II",
="800001751",="Present",="10/25/2025",="NUT100 -OL II",
="800001751",="Present",="11/1/2025",="NUT100 -OL II",
="800001751",="Present",="11/8/2025",="NUT100 -OL II",
="800001751",="Present",="11/15/2025",="NUT100 -OL II",
="800001751",="Present",="11/22/2025",="NUT100 -OL II",
="800001751",="Present",="11/29/2025",="NUT100 -OL II",
="800001751",="Present",="12/6/2025",="NUT100 -OL II",
="800001751",="Present",="9/4/2025",="PHARM130-A",
="800001751",="Present",="9/11/2025",="PHARM130-A",
="800001751",="Present",="9/18/2025",="PHARM130-A",
="800001751",="Present",="9/25/2025",="PHARM130-A",
="800001751",="Present",="10/2/2025",="PHARM130-A",
="800001751",="Present",="10/9/2025",="PHARM130-A",
="800001751",="Present",="10/16/2025",="PHARM130-A",
="800001751",="Present",="10/23/2025",="PHARM130-A",
="800001751",="Present",="10/30/2025",="PHARM130-A",
="800001751",="Present",="11/6/2025",="PHARM130-A",
="800001751",="Present",="11/13/2025",="PHARM130-A",
="800001751",="Present",="11/20/2025",="PHARM130-A",
="800001751",="Present",="12/4/2025",="PHARM130-A",
="800001697",="Present",="10/28/2025",="NUR135-C-A2",
="800001697",="Present",="10/8/2025",="NUR135-L-A1",
="800001697",="Present",="9/3/2025",="NUR135-A",
="800001697",="Present",="9/10/2025",="NUR135-A",
="800001697",="Present",="9/17/2025",="NUR135-A",
="800001697",="Present",="9/24/2025",="NUR135-A",
="800001697",="Present",="10/1/2025",="NUR135-A",
="800001697",="No class",="10/15/2025",="NUR135-A",
="800001697",="Present",="11/12/2025",="NUR135-A",
="800001697",="Present",="11/26/2025",="NUR135-A",
="800001697",="Present",="12/3/2025",="NUR135-A",
="800000927",="Present",="10/2/2025",="NUR236-L-P1",
="800000927",="Present",="9/4/2025",="NUR236-P",
="800000927",="Present",="9/11/2025",="NUR236-P",
="800000927",="Present",="9/18/2025",="NUR236-P",
="800000927",="Present",="9/25/2025",="NUR236-P",
="800000927",="Present",="10/9/2025",="NUR236-P",
="800000927",="Present",="10/16/2025",="NUR236-P",
="800000927",="Present",="12/4/2025",="NUR236-P",
="800000927",="Present",="9/8/2025",="PHARM225-P_B",
="800000927",="Present",="9/15/2025",="PHARM225-P_B",
="800000927",="Present",="9/22/2025",="PHARM225-P_B",
="800000927",="Present",="9/29/2025",="PHARM225-P_B",
="800000927",="Present",="10/6/2025",="PHARM225-P_B",
="800001598",="Present",="9/6/2025",="PSY101 -OL II",
="800001598",="Present",="9/13/2025",="PSY101 -OL II",
="800001598",="Present",="9/20/2025",="PSY101 -OL II",
="800001598",="Present",="9/27/2025",="PSY101 -OL II",
="800001598",="Present",="10/4/2025",="PSY101 -OL II",
="800001598",="Present",="10/11/2025",="PSY101 -OL II",
="800001598",="Present",="10/18/2025",="PSY101 -OL II",
="800001598",="Present",="10/25/2025",="PSY101 -OL II",
="800001598",="Present",="11/1/2025",="PSY101 -OL II",
="800001598",="Present",="11/8/2025",="PSY101 -OL II",
="800001598",="Present",="11/15/2025",="PSY101 -OL II",
="800001598",="Present",="11/22/2025",="PSY101 -OL II",
="800001959",="Present",="9/8/2025",="SCI101-A",
="800001959",="Present",="9/15/2025",="SCI101-A",
="800001959",="Present",="9/22/2025",="SCI101-A",
="800001959",="Present",="9/29/2025",="SCI101-A",
="800001959",="Present",="10/6/2025",="SCI101-A",
="800001959",="Present",="10/13/2025",="SCI101-A",
="800001959",="Present",="10/20/2025",="SCI101-A",
="800001959",="Present",="10/27/2025",="SCI101-A",
="800001959",="Present",="11/3/2025",="SCI101-A",
="800001959",="Present",="11/10/2025",="SCI101-A",
="800001959",="Present",="11/17/2025",="SCI101-A",
="800001959",="Present",="11/24/2025",="SCI101-A",
="800001959",="Present",="12/1/2025",="SCI101-A",
="800001959",="Present",="12/8/2025",="SCI101-A",
="800001959",="Present",="9/6/2025",="PSY101 -OL II",
="800001959",="Present",="9/13/2025",="PSY101 -OL II",
="800001959",="Present",="9/20/2025",="PSY101 -OL II",
="800001959",="Present",="9/27/2025",="PSY101 -OL II",
="800001959",="Present",="10/4/2025",="PSY101 -OL II",
="800001959",="Present",="10/11/2025",="PSY101 -OL II",
="800001959",="Present",="10/18/2025",="PSY101 -OL II",
="800001959",="Present",="10/25/2025",="PSY101 -OL II",
="800001959",="Present",="11/1/2025",="PSY101 -OL II",
="800001959",="Present",="11/8/2025",="PSY101 -OL II",
="800001959",="Present",="11/15/2025",="PSY101 -OL II",
="800001959",="Present",="11/22/2025",="PSY101 -OL II",
="800001831",="Present",="9/3/2025",="AP100-P2",
="800001831",="Present",="9/10/2025",="AP100-P2",
="800001831",="Absent",="9/17/2025",="AP100-P2",
="800001831",="Present",="9/24/2025",="AP100-P2",
="800001831",="Present",="10/1/2025",="AP100-P2",
="800001831",="Present",="10/8/2025",="AP100-P2",
="800001831",="Present",="10/15/2025",="AP100-P2",
="800001831",="Present",="10/22/2025",="AP100-P2",
="800001831",="Present",="10/29/2025",="AP100-P2",
="800001831",="Present",="11/5/2025",="AP100-P2",
="800001831",="Present",="11/12/2025",="AP100-P2",
="800001831",="Present",="11/19/2025",="AP100-P2",
="800001831",="Present",="11/26/2025",="AP100-P2",
="800001831",="Present",="12/3/2025",="AP100-P2",
="800001831",="Present",="9/4/2025",="PSY101 -A",
="800001831",="Present",="10/9/2025",="PSY101 -A",
="800001831",="Present",="10/16/2025",="PSY101 -A",
="800001831",="Tardy/Late",="9/5/2025",="COL010 -A",
="800001831",="Tardy/Late",="9/12/2025",="COL010 -A",
="800001831",="Tardy/Late",="9/19/2025",="COL010 -A",
="800001831",="Tardy/Late",="9/26/2025",="COL010 -A",
="800001831",="Present",="9/5/2025",="ENG101 -P",
="800001831",="Present",="9/12/2025",="ENG101 -P",
="800001831",="Present",="9/19/2025",="ENG101 -P",
="800001831",="Present",="9/26/2025",="ENG101 -P",
="800001831",="Present",="10/3/2025",="ENG101 -P",
="800001831",="Present",="10/10/2025",="ENG101 -P",
="800001831",="Present",="10/17/2025",="ENG101 -P",
="800001831",="Absent",="10/24/2025",="ENG101 -P",
="800001831",="Present",="10/31/2025",="ENG101 -P",
="800001831",="Present",="11/7/2025",="ENG101 -P",
="800001831",="Present",="11/14/2025",="ENG101 -P",
="800001831",="Present",="11/21/2025",="ENG101 -P",
="800001705",="No class",="9/11/2025",="NUR125-L-P1",
="800001705",="No class",="9/18/2025",="NUR125-L-P1",
="800001705",="Present",="9/4/2025",="NUR125-P",
="800001934",="Present",="9/4/2025",="PSY101 -A",
="800001934",="Present",="10/9/2025",="PSY101 -A",
="800001934",="Present",="10/16/2025",="PSY101 -A",
="800001815",="Present",="10/2/2025",="PHARM100-P2",
="800001815",="Present",="10/9/2025",="PHARM100-P2",
="800001815",="Present",="10/16/2025",="PHARM100-P2",
="800001815",="Present",="10/23/2025",="PHARM100-P2",
="800001815",="Present",="10/30/2025",="PHARM100-P2",
="800001815",="Present",="11/6/2025",="PHARM100-P2",
="800001815",="Present",="11/13/2025",="PHARM100-P2",
="800001815",="Present",="11/20/2025",="PHARM100-P2",
="800001815",="Present",="12/4/2025",="PHARM100-P2",
="800001815",="Present",="12/11/2025",="PHARM100-P2",
="800001719",="Present",="9/11/2025",="NUR125-L-P1",
="800001719",="Present",="9/18/2025",="NUR125-L-P1",
="800001719",="Present",="9/25/2025",="NUR125-L-P1",
="800001719",="Present",="10/2/2025",="NUR125-L-P1",
="800001719",="Present",="10/9/2025",="NUR125-L-P1",
="800001719",="Present",="10/16/2025",="NUR125-L-P1",
="800001719",="Present",="11/6/2025",="NUR125-L-P1",
="800001719",="Absent",="11/13/2025",="NUR125-L-P1",
="800001719",="Absent",="11/20/2025",="NUR125-L-P1",
="800001719",="Absent",="12/4/2025",="NUR125-L-P1",
="800001719",="Absent",="12/11/2025",="NUR125-L-P1",
="800001719",="Present",="9/4/2025",="NUR125-P",
="800001719",="Present",="9/11/2025",="NUR125-P",
="800001719",="Present",="9/18/2025",="NUR125-P",
="800001719",="Present",="9/25/2025",="NUR125-P",
="800001719",="Present",="10/2/2025",="NUR125-P",
="800001719",="Present",="10/9/2025",="NUR125-P",
="800001719",="Present",="11/6/2025",="NUR125-P",
="800001719",="Absent",="11/13/2025",="NUR125-P",
="800001719",="Absent",="11/20/2025",="NUR125-P",
="800001719",="Absent",="12/4/2025",="NUR125-P",
="800001719",="Absent",="12/11/2025",="NUR125-P",
="800001719",="Present",="9/10/2025",="PHARM130-P",
="800001719",="Present",="9/17/2025",="PHARM130-P",
="800001719",="Present",="9/24/2025",="PHARM130-P",
="800001719",="Absent",="10/1/2025",="PHARM130-P",
="800001719",="Absent",="10/8/2025",="PHARM130-P",
="800001719",="Present",="10/15/2025",="PHARM130-P",
="800001719",="Present",="10/22/2025",="PHARM130-P",
="800001719",="Present",="10/29/2025",="PHARM130-P",
="800001719",="Present",="11/5/2025",="PHARM130-P",
="800001719",="Present",="11/12/2025",="PHARM130-P",
="800001719",="Absent",="11/19/2025",="PHARM130-P",
="800001719",="Absent",="12/3/2025",="PHARM130-P",
="800001719",="Absent",="12/10/2025",="PHARM130-P",
="800001812",="Present",="9/6/2025",="NUT100 -OL",
="800001812",="Present",="9/13/2025",="NUT100 -OL",
="800001812",="Present",="9/20/2025",="NUT100 -OL",
="800001812",="Present",="9/27/2025",="NUT100 -OL",
="800001812",="Present",="10/4/2025",="NUT100 -OL",
="800001812",="Present",="10/11/2025",="NUT100 -OL",
="800001812",="Present",="10/18/2025",="NUT100 -OL",
="800001812",="Present",="10/25/2025",="NUT100 -OL",
="800001812",="Present",="11/1/2025",="NUT100 -OL",
="800001812",="Present",="11/8/2025",="NUT100 -OL",
="800001812",="Present",="11/15/2025",="NUT100 -OL",
="800001812",="Present",="11/22/2025",="NUT100 -OL",
="800001812",="Present",="11/29/2025",="NUT100 -OL",
="800001812",="Present",="12/6/2025",="NUT100 -OL",
="800001739",="Present",="9/11/2025",="NUR125-L-P2",
="800001739",="Present",="9/18/2025",="NUR125-L-P2",
="800001739",="Present",="9/25/2025",="NUR125-L-P2",
="800001739",="Present",="10/2/2025",="NUR125-L-P2",
="800001739",="Present",="10/9/2025",="NUR125-L-P2",
="800001739",="Present",="10/16/2025",="NUR125-L-P2",
="800001739",="Present",="11/6/2025",="NUR125-L-P2",
="800001739",="Present",="11/13/2025",="NUR125-L-P2",
="800001739",="Present",="11/20/2025",="NUR125-L-P2",
="800001739",="Present",="12/4/2025",="NUR125-L-P2",
="800001739",="Present",="12/11/2025",="NUR125-L-P2",
="800001739",="Present",="9/4/2025",="NUR125-P",
="800001739",="Present",="9/11/2025",="NUR125-P",
="800001739",="Present",="9/18/2025",="NUR125-P",
="800001739",="Present",="9/25/2025",="NUR125-P",
="800001739",="Present",="10/2/2025",="NUR125-P",
="800001739",="Present",="10/9/2025",="NUR125-P",
="800001739",="Present",="11/6/2025",="NUR125-P",
="800001739",="Present",="11/13/2025",="NUR125-P",
="800001739",="Present",="11/20/2025",="NUR125-P",
="800001739",="Present",="12/4/2025",="NUR125-P",
="800001739",="Present",="12/11/2025",="NUR125-P",
="800001031",="Absent",="9/6/2025",="SOC101 -OL",
="800001031",="Absent",="9/13/2025",="SOC101 -OL",
="800001031",="Present",="9/20/2025",="SOC101 -OL",
="800001031",="Present",="9/27/2025",="SOC101 -OL",
="800001031",="Present",="10/4/2025",="SOC101 -OL",
="800001031",="Present",="10/11/2025",="SOC101 -OL",
="800001031",="Present",="10/18/2025",="SOC101 -OL",
="800001031",="Present",="10/25/2025",="SOC101 -OL",
="800001031",="Present",="11/1/2025",="SOC101 -OL",
="800001031",="Absent",="11/8/2025",="SOC101 -OL",
="800001031",="Present",="11/15/2025",="SOC101 -OL",
="800001031",="Present",="11/22/2025",="SOC101 -OL",
="800001031",="Present",="12/6/2025",="SOC101 -OL",
="800001031",="Present",="9/5/2025",="STAT101-A",
="800001031",="Present",="9/12/2025",="STAT101-A",
="800001031",="Present",="9/19/2025",="STAT101-A",
="800001031",="Present",="9/26/2025",="STAT101-A",
="800001031",="Present",="10/3/2025",="STAT101-A",
="800001031",="Absent",="10/10/2025",="STAT101-A",
="800001031",="Present",="10/17/2025",="STAT101-A",
="800001031",="Present",="10/31/2025",="STAT101-A",
="800001031",="Absent",="11/7/2025",="STAT101-A",
="800001031",="Absent",="11/21/2025",="STAT101-A",
="800001529",="Present",="9/4/2025",="NUR205 -P",
="800001529",="Present",="9/11/2025",="NUR205 -P",
="800001529",="Present",="9/25/2025",="NUR205 -P",
="800001529",="Present",="10/2/2025",="NUR205 -P",
="800001529",="Present",="10/16/2025",="NUR205 -P",
="800001529",="Present",="11/20/2025",="NUR205 -P",
="800001529",="No class",="12/4/2025",="NUR205 -P",
="800001529",="Present",="9/3/2025",="AP209 -A",
="800001529",="Present",="9/10/2025",="AP209 -A",
="800001529",="Present",="9/17/2025",="AP209 -A",
="800001529",="Present",="9/24/2025",="AP209 -A",
="800001529",="Present",="10/1/2025",="AP209 -A",
="800001529",="Present",="10/8/2025",="AP209 -A",
="800001529",="Present",="10/15/2025",="AP209 -A",
="800001529",="Present",="10/22/2025",="AP209 -A",
="800001529",="Present",="10/29/2025",="AP209 -A",
="800001529",="Present",="11/5/2025",="AP209 -A",
="800001529",="Absent",="11/12/2025",="AP209 -A",
="800001529",="Present",="11/12/2025",="AP209 -A",
="800001529",="Present",="11/19/2025",="AP209 -A",
="800001529",="Present",="11/26/2025",="AP209 -A",
="800001529",="Present",="12/3/2025",="AP209 -A",
="800001529",="Present",="12/10/2025",="AP209 -A",
="800001529",="Tardy/Late",="9/18/2025",="NUR205-L-P1",
="800001529",="Present",="10/9/2025",="NUR205-L-P1",
="800001529",="Present",="9/8/2025",="PHARM225-P_ A",
="800001529",="Present",="9/15/2025",="PHARM225-P_ A",
="800001529",="Present",="9/22/2025",="PHARM225-P_ A",
="800001529",="Present",="9/29/2025",="PHARM225-P_ A",
="800001529",="Present",="10/6/2025",="PHARM225-P_ A",
="800001529",="Present",="10/13/2025",="PHARM225-P_ A",
="800001529",="Present",="9/8/2025",="NUR216 -A",
="800001529",="Present",="9/15/2025",="NUR216 -A",
="800001529",="Present",="9/22/2025",="NUR216 -A",
="800001529",="Present",="9/29/2025",="NUR216 -A",
="800001529",="Present",="10/6/2025",="NUR216 -A",
="800001529",="Present",="10/13/2025",="NUR216 -A",
="800001529",="Present",="11/3/2025",="NUR216 -A",
="800001529",="Present",="11/10/2025",="NUR216 -A",
="800001529",="Present",="11/17/2025",="NUR216 -A",
="800001529",="Present",="11/24/2025",="NUR216 -A",
="800001529",="Present",="12/1/2025",="NUR216 -A",
="800001529",="Present",="12/8/2025",="NUR216 -A",
="800001529",="Present",="10/6/2025",="NUR216-A-L",
="800001529",="Present",="10/13/2025",="NUR216-A-L",
="800001529",="Present",="11/17/2025",="NUR216-A-L",
="800001529",="Present",="12/1/2025",="NUR216-A-L",
="800001529",="Present",="9/6/2025",="ENG102 - OL",
="800001529",="Present",="9/13/2025",="ENG102 - OL",
="800001529",="Present",="9/20/2025",="ENG102 - OL",
="800001529",="Present",="9/27/2025",="ENG102 - OL",
="800001529",="Present",="10/4/2025",="ENG102 - OL",
="800001529",="Present",="10/11/2025",="ENG102 - OL",
="800001529",="Present",="10/18/2025",="ENG102 - OL",
="800001529",="Present",="10/25/2025",="ENG102 - OL",
="800001529",="Present",="11/1/2025",="ENG102 - OL",
="800001529",="Present",="11/8/2025",="ENG102 - OL",
="800001529",="Present",="11/15/2025",="ENG102 - OL",
="800001529",="Present",="11/22/2025",="ENG102 - OL",
="800001427",="Present",="9/15/2025",="NUR145 - P",
="800001427",="Present",="9/22/2025",="NUR145 - P",
="800001427",="Present",="9/29/2025",="NUR145 - P",
="800001427",="Present",="10/6/2025",="NUR145 - P",
="800001427",="Present",="10/13/2025",="NUR145 - P",
="800001427",="Present",="11/3/2025",="NUR145 - P",
="800001427",="Present",="11/10/2025",="NUR145 - P",
="800001427",="Present",="11/17/2025",="NUR145 - P",
="800001427",="Present",="11/24/2025",="NUR145 - P",
="800001427",="Present",="12/1/2025",="NUR145 - P",
="800001427",="Present",="9/3/2025",="NUR155-P",
="800001427",="Present",="9/10/2025",="NUR155-P",
="800001427",="Present",="9/17/2025",="NUR155-P",
="800001427",="Present",="9/24/2025",="NUR155-P",
="800001427",="Present",="10/1/2025",="NUR155-P",
="800001427",="Present",="10/8/2025",="NUR155-P",
="800001427",="Present",="10/15/2025",="NUR155-P",
="800001427",="Present",="10/22/2025",="NUR155-P",
="800001427",="Present",="10/29/2025",="NUR155-P",
="800001427",="Present",="11/5/2025",="NUR155-P",
="800001427",="Present",="11/12/2025",="NUR155-P",
="800001427",="Present",="11/19/2025",="NUR155-P",
="800001427",="Present",="11/26/2025",="NUR155-P",
="800001427",="Present",="12/3/2025",="NUR155-P",
="800001427",="Present",="12/10/2025",="NUR155-P",
="800001427",="Present",="9/3/2025",="NUR150 -A",
="800001427",="Present",="9/10/2025",="NUR150 -A",
="800001427",="Present",="9/17/2025",="NUR150 -A",
="800001427",="Present",="9/24/2025",="NUR150 -A",
="800001427",="Present",="10/1/2025",="NUR150 -A",
="800001427",="Present",="10/8/2025",="NUR150 -A",
="800001427",="Present",="10/15/2025",="NUR150 -A",
="800001427",="Present",="11/5/2025",="NUR150 -A",
="800001427",="Present",="11/12/2025",="NUR150 -A",
="800001427",="Present",="11/19/2025",="NUR150 -A",
="800001598",="Present",="9/2/2025",="NUR150-P",
="800001598",="Present",="9/9/2025",="NUR150-P",
="800001598",="Present",="9/16/2025",="NUR150-P",
="800001598",="Present",="9/23/2025",="NUR150-P",
="800001598",="Present",="9/30/2025",="NUR150-P",
="800001598",="Present",="10/7/2025",="NUR150-P",
="800001598",="Present",="11/4/2025",="NUR150-P",
="800001598",="Present",="11/11/2025",="NUR150-P",
="800001598",="Present",="11/18/2025",="NUR150-P",
="800001598",="Present",="11/25/2025",="NUR150-P",
="800001598",="Present",="12/2/2025",="NUR150-P",
="800001701",="Present",="9/3/2025",="NUR150 -A",
="800001701",="Present",="9/10/2025",="NUR150 -A",
="800001701",="Present",="9/17/2025",="NUR150 -A",
="800001701",="Present",="9/24/2025",="NUR150 -A",
="800001701",="Present",="10/1/2025",="NUR150 -A",
="800001701",="Present",="10/8/2025",="NUR150 -A",
="800001701",="Tardy/Late",="10/15/2025",="NUR150 -A",
="800001701",="Present",="11/5/2025",="NUR150 -A",
="800001701",="Present",="11/12/2025",="NUR150 -A",
="800001701",="Present",="11/19/2025",="NUR150 -A",
="800001701",="Present",="9/15/2025",="NUR145 - P",
="800001701",="Present",="9/22/2025",="NUR145 - P",
="800001701",="Present",="9/29/2025",="NUR145 - P",
="800001701",="Present",="10/6/2025",="NUR145 - P",
="800001701",="Absent",="10/13/2025",="NUR145 - P",
="800001701",="Present",="11/3/2025",="NUR145 - P",
="800001701",="Present",="11/10/2025",="NUR145 - P",
="800001701",="Present",="11/17/2025",="NUR145 - P",
="800001701",="Present",="11/24/2025",="NUR145 - P",
="800001701",="Present",="12/1/2025",="NUR145 - P",
="800001701",="Present",="9/4/2025",="NUR140-A",
="800001701",="Present",="9/11/2025",="NUR140-A",
="800001701",="Present",="9/18/2025",="NUR140-A",
="800001701",="Present",="9/25/2025",="NUR140-A",
="800001701",="Present",="10/2/2025",="NUR140-A",
="800001701",="Present",="10/9/2025",="NUR140-A",
="800001701",="Absent",="10/16/2025",="NUR140-A",
="800001701",="Present",="11/6/2025",="NUR140-A",
="800001701",="Present",="11/13/2025",="NUR140-A",
="800001701",="Present",="11/20/2025",="NUR140-A",
="800001701",="Present",="9/3/2025",="NUR155-P",
="800001701",="Present",="9/10/2025",="NUR155-P",
="800001701",="Present",="9/17/2025",="NUR155-P",
="800001701",="Present",="9/24/2025",="NUR155-P",
="800001701",="Present",="10/1/2025",="NUR155-P",
="800001701",="Present",="10/8/2025",="NUR155-P",
="800001701",="Present",="10/15/2025",="NUR155-P",
="800001701",="Present",="10/22/2025",="NUR155-P",
="800001701",="Present",="10/29/2025",="NUR155-P",
="800001701",="Present",="11/5/2025",="NUR155-P",
="800001701",="Present",="11/12/2025",="NUR155-P",
="800001701",="Present",="11/19/2025",="NUR155-P",
="800001701",="Present",="11/26/2025",="NUR155-P",
="800001701",="Present",="12/3/2025",="NUR155-P",
="800001701",="Present",="12/3/2025",="NUR145-C-A2",
="800001801",="Present",="9/2/2025",="NUR100-L-A2",
="800001801",="Present",="9/9/2025",="NUR100-L-A2",
="800001801",="Absent",="9/16/2025",="NUR100-L-A2",
="800001801",="Present",="9/23/2025",="NUR100-L-A2",
="800001801",="Absent",="9/30/2025",="NUR100-L-A2",
="800001801",="Present",="10/7/2025",="NUR100-L-A2",
="800001801",="Present",="10/14/2025",="NUR100-L-A2",
="800001801",="Present",="10/21/2025",="NUR100-L-A2",
="800001801",="Present",="10/28/2025",="NUR100-L-A2",
="800001801",="Absent",="11/4/2025",="NUR100-L-A2",
="800001801",="Present",="11/11/2025",="NUR100-L-A2",
="800001801",="Present",="11/18/2025",="NUR100-L-A2",
="800001801",="Present",="11/25/2025",="NUR100-L-A2",
="800001801",="Present",="12/2/2025",="NUR100-L-A2",
="800001801",="Present",="12/9/2025",="NUR100-L-A2",
="800001801",="Present",="9/8/2025",="NUR100 -A",
="800001801",="Absent",="9/15/2025",="NUR100 -A",
="800001801",="Present",="9/22/2025",="NUR100 -A",
="800001801",="Present",="9/29/2025",="NUR100 -A",
="800001801",="Present",="10/6/2025",="NUR100 -A",
="800001801",="Present",="10/13/2025",="NUR100 -A",
="800001801",="Present",="11/3/2025",="NUR100 -A",
="800001801",="Present",="11/10/2025",="NUR100 -A",
="800001801",="Present",="11/17/2025",="NUR100 -A",
="800001801",="Present",="11/24/2025",="NUR100 -A",
="800001801",="Present",="12/1/2025",="NUR100 -A",
="800001801",="Present",="12/8/2025",="NUR100 -A",
="800001801",="Present",="9/2/2025",="AP100-A",
="800001801",="Present",="9/9/2025",="AP100-A",
="800001801",="Present",="9/16/2025",="AP100-A",
="800001801",="Present",="9/23/2025",="AP100-A",
="800001801",="Present",="9/30/2025",="AP100-A",
="800001801",="Present",="10/7/2025",="AP100-A",
="800001801",="Present",="10/14/2025",="AP100-A",
="800001801",="Absent",="10/21/2025",="AP100-A",
="800001801",="Present",="10/28/2025",="AP100-A",
="800001801",="Present",="11/4/2025",="AP100-A",
="800001801",="Present",="11/11/2025",="AP100-A",
="800001801",="Present",="11/18/2025",="AP100-A",
="800001801",="Present",="11/25/2025",="AP100-A",
="800001801",="Present",="12/2/2025",="AP100-A",
="800001801",="Present",="12/9/2025",="AP100-A",
="800000289",="Present",="9/3/2025",="NUR470",
="800000289",="Present",="9/10/2025",="NUR470",
="800000289",="Present",="9/17/2025",="NUR470",
="800000289",="Present",="9/24/2025",="NUR470",
="800000289",="Present",="10/1/2025",="NUR470",
="800000289",="Present",="10/8/2025",="NUR470",
="800000289",="Present",="10/15/2025",="NUR470",
="800000289",="No class",="10/22/2025",="NUR470",
="800000289",="Present",="10/29/2025",="NUR470",
="800000289",="Present",="11/12/2025",="NUR470",
="800000289",="Present",="11/19/2025",="NUR470",
="800000289",="Present",="11/26/2025",="NUR470",
="800000762",="Present",="9/3/2025",="NUR470",
="800000762",="Present",="9/10/2025",="NUR470",
="800000762",="Present",="9/17/2025",="NUR470",
="800000762",="Present",="9/24/2025",="NUR470",
="800000762",="Present",="10/1/2025",="NUR470",
="800000762",="Present",="10/8/2025",="NUR470",
="800000762",="Absent",="10/15/2025",="NUR470",
="800000762",="No class",="10/22/2025",="NUR470",
="800000762",="Present",="10/29/2025",="NUR470",
="800000762",="Present",="11/12/2025",="NUR470",
="800000762",="Present",="11/19/2025",="NUR470",
="800000762",="Present",="11/26/2025",="NUR470",
="800001623",="Present",="9/8/2025",="NUR135-P",
="800001623",="Present",="9/15/2025",="NUR135-P",
="800001623",="Present",="9/22/2025",="NUR135-P",
="800001623",="Present",="9/29/2025",="NUR135-P",
="800001623",="Present",="10/13/2025",="NUR135-P",
="800001623",="Present",="11/3/2025",="NUR135-P",
="800001623",="Present",="11/10/2025",="NUR135-P",
="800001623",="Present",="11/17/2025",="NUR135-P",
="800001623",="Present",="11/24/2025",="NUR135-P",
="800001623",="Present",="12/1/2025",="NUR135-P",
="800001623",="Present",="12/8/2025",="NUR135-P",
="800001625",="Present",="9/8/2025",="NUR135-P",
="800001625",="Present",="9/15/2025",="NUR135-P",
="800001625",="Present",="9/22/2025",="NUR135-P",
="800001625",="Present",="9/29/2025",="NUR135-P",
="800001625",="Present",="10/13/2025",="NUR135-P",
="800001625",="Present",="11/3/2025",="NUR135-P",
="800001625",="Present",="11/10/2025",="NUR135-P",
="800001625",="Present",="11/17/2025",="NUR135-P",
="800001625",="Present",="11/24/2025",="NUR135-P",
="800001625",="Present",="12/1/2025",="NUR135-P",
="800001625",="Present",="12/8/2025",="NUR135-P",
="800001893",="Present",="9/5/2025",="ENG101 -P",
="800001893",="Present",="9/12/2025",="ENG101 -P",
="800001893",="Present",="9/19/2025",="ENG101 -P",
="800001893",="Absent",="9/26/2025",="ENG101 -P",
="800001893",="Absent",="10/3/2025",="ENG101 -P",
="800001893",="Absent",="10/10/2025",="ENG101 -P",
="800001893",="Absent",="10/17/2025",="ENG101 -P",
="800001893",="Absent",="10/24/2025",="ENG101 -P",
="800001946",="Present",="9/6/2025",="COL010 - OL I",
="800001946",="Present",="9/13/2025",="COL010 - OL I",
="800001946",="Present",="9/20/2025",="COL010 - OL I",
="800001946",="Present",="9/27/2025",="COL010 - OL I",
="800001719",="Present",="9/9/2025",="NUR100-L-P1",
="800001719",="Present",="9/16/2025",="NUR100-L-P1",
="800001719",="Present",="9/23/2025",="NUR100-L-P1",
="800001719",="Present",="9/30/2025",="NUR100-L-P1",
="800001719",="Present",="10/7/2025",="NUR100-L-P1",
="800001719",="Present",="10/14/2025",="NUR100-L-P1",
="800001719",="Present",="10/21/2025",="NUR100-L-P1",
="800001719",="Present",="10/28/2025",="NUR100-L-P1",
="800001719",="Present",="11/4/2025",="NUR100-L-P1",
="800001719",="Absent",="11/18/2025",="NUR100-L-P1",
="800001719",="Present",="11/25/2025",="NUR100-L-P1",
="800001719",="Absent",="12/2/2025",="NUR100-L-P1",
="800001719",="Present",="9/8/2025",="NUR100-P",
="800001719",="Present",="9/15/2025",="NUR100-P",
="800001719",="Present",="9/22/2025",="NUR100-P",
="800001719",="Present",="9/29/2025",="NUR100-P",
="800001719",="Absent",="10/6/2025",="NUR100-P",
="800001719",="Present",="10/13/2025",="NUR100-P",
="800001719",="Absent",="11/3/2025",="NUR100-P",
="800001719",="Absent",="11/10/2025",="NUR100-P",
="800001719",="Present",="11/17/2025",="NUR100-P",
="800001719",="Present",="11/24/2025",="NUR100-P",
="800001719",="Present",="12/1/2025",="NUR100-P",
="800001719",="Present",="9/6/2025",="NUT100 -OL II",
="800001719",="Present",="9/13/2025",="NUT100 -OL II",
="800001719",="Present",="9/20/2025",="NUT100 -OL II",
="800001719",="Present",="9/27/2025",="NUT100 -OL II",
="800001719",="Present",="10/4/2025",="NUT100 -OL II",
="800001719",="Absent",="10/11/2025",="NUT100 -OL II",
="800001719",="Absent",="10/18/2025",="NUT100 -OL II",
="800001719",="Present",="10/25/2025",="NUT100 -OL II",
="800001719",="Absent",="11/1/2025",="NUT100 -OL II",
="800001719",="Present",="11/8/2025",="NUT100 -OL II",
="800001719",="Present",="11/15/2025",="NUT100 -OL II",
="800001719",="Absent",="11/22/2025",="NUT100 -OL II",
="800001719",="Present",="11/29/2025",="NUT100 -OL II",
="800001719",="Absent",="12/6/2025",="NUT100 -OL II",
="800001850",="Present",="10/1/2025",="PHARM100-P",
="800001850",="Present",="10/8/2025",="PHARM100-P",
="800001850",="Present",="10/15/2025",="PHARM100-P",
="800001850",="Present",="10/22/2025",="PHARM100-P",
="800001850",="Present",="10/29/2025",="PHARM100-P",
="800001850",="Present",="11/5/2025",="PHARM100-P",
="800001850",="Present",="11/12/2025",="PHARM100-P",
="800001850",="Present",="12/3/2025",="PHARM100-P",
="800001947",="Present",="9/6/2025",="PSY101 -OL",
="800001947",="Present",="9/13/2025",="PSY101 -OL",
="800001947",="Present",="9/20/2025",="PSY101 -OL",
="800001947",="Present",="9/27/2025",="PSY101 -OL",
="800001947",="Present",="10/4/2025",="PSY101 -OL",
="800001947",="Present",="10/11/2025",="PSY101 -OL",
="800001947",="Present",="10/18/2025",="PSY101 -OL",
="800001947",="Present",="10/25/2025",="PSY101 -OL",
="800001947",="Present",="11/1/2025",="PSY101 -OL",
="800001947",="Present",="11/8/2025",="PSY101 -OL",
="800001947",="Present",="11/15/2025",="PSY101 -OL",
="800001947",="Present",="11/22/2025",="PSY101 -OL",
="800001605",="Present",="9/3/2025",="NUR150 -A",
="800001605",="Present",="9/10/2025",="NUR150 -A",
="800001605",="Present",="9/17/2025",="NUR150 -A",
="800001605",="Present",="9/24/2025",="NUR150 -A",
="800001605",="Present",="10/1/2025",="NUR150 -A",
="800001605",="Present",="10/8/2025",="NUR150 -A",
="800001605",="Present",="10/15/2025",="NUR150 -A",
="800001605",="Present",="11/5/2025",="NUR150 -A",
="800001605",="Present",="11/12/2025",="NUR150 -A",
="800001605",="Present",="11/19/2025",="NUR150 -A",
="800001265",="Present",="9/3/2025",="NUR150 -A",
="800001265",="Present",="9/10/2025",="NUR150 -A",
="800001265",="Present",="9/17/2025",="NUR150 -A",
="800001265",="Present",="9/24/2025",="NUR150 -A",
="800001265",="Present",="10/1/2025",="NUR150 -A",
="800001265",="Present",="10/8/2025",="NUR150 -A",
="800001265",="Present",="10/15/2025",="NUR150 -A",
="800001265",="Present",="11/5/2025",="NUR150 -A",
="800001265",="Present",="11/12/2025",="NUR150 -A",
="800001265",="Absent",="11/19/2025",="NUR150 -A",
="800001403",="Present",="9/3/2025",="NUR150 -A",
="800001403",="Present",="9/10/2025",="NUR150 -A",
="800001403",="Present",="9/17/2025",="NUR150 -A",
="800001403",="Present",="9/24/2025",="NUR150 -A",
="800001403",="Present",="10/1/2025",="NUR150 -A",
="800001403",="Present",="10/8/2025",="NUR150 -A",
="800001403",="Present",="10/15/2025",="NUR150 -A",
="800001403",="Present",="11/5/2025",="NUR150 -A",
="800001403",="Present",="11/12/2025",="NUR150 -A",
="800001403",="Present",="11/19/2025",="NUR150 -A",
="800001761",="Present",="9/11/2025",="NUR125-L-P2",
="800001761",="Present",="9/18/2025",="NUR125-L-P2",
="800001761",="Present",="9/25/2025",="NUR125-L-P2",
="800001761",="Present",="10/2/2025",="NUR125-L-P2",
="800001761",="Present",="10/9/2025",="NUR125-L-P2",
="800001761",="Present",="10/16/2025",="NUR125-L-P2",
="800001761",="Present",="11/6/2025",="NUR125-L-P2",
="800001761",="Present",="11/13/2025",="NUR125-L-P2",
="800001761",="Present",="11/20/2025",="NUR125-L-P2",
="800001761",="Present",="12/4/2025",="NUR125-L-P2",
="800001761",="Present",="12/11/2025",="NUR125-L-P2",
="800001613",="Absent",="9/8/2025",="SCI101-A",
="800001613",="Absent",="9/15/2025",="SCI101-A",
="800001613",="Absent",="9/22/2025",="SCI101-A",
="800001613",="Absent",="9/29/2025",="SCI101-A",
="800001613",="Absent",="10/6/2025",="SCI101-A",
="800001613",="Absent",="10/13/2025",="SCI101-A",
="800001613",="Absent",="10/20/2025",="SCI101-A",
="800001613",="Absent",="10/27/2025",="SCI101-A",
="800001613",="Absent",="11/3/2025",="SCI101-A",
="800001613",="Absent",="11/10/2025",="SCI101-A",
="800001613",="Absent",="11/17/2025",="SCI101-A",
="800001613",="Absent",="11/24/2025",="SCI101-A",
="800001613",="Absent",="12/1/2025",="SCI101-A",
="800001613",="Absent",="12/8/2025",="SCI101-A",
="800001613",="Absent",="9/5/2025",="STAT101-A",
="800001613",="Absent",="9/12/2025",="STAT101-A",
="800001613",="Absent",="9/19/2025",="STAT101-A",
="800001613",="Absent",="9/26/2025",="STAT101-A",
="800001613",="Present",="10/3/2025",="STAT101-A",
="800001613",="Absent",="10/10/2025",="STAT101-A",
="800001613",="Absent",="10/17/2025",="STAT101-A",
="800001613",="Absent",="10/31/2025",="STAT101-A",
="800001613",="Absent",="11/7/2025",="STAT101-A",
="800001613",="Absent",="11/21/2025",="STAT101-A",
="800001882",="Present",="9/2/2025",="NUR100-L-A2",
="800001882",="Present",="9/9/2025",="NUR100-L-A2",
="800001882",="Present",="9/16/2025",="NUR100-L-A2",
="800001882",="Present",="9/23/2025",="NUR100-L-A2",
="800001882",="Absent",="9/30/2025",="NUR100-L-A2",
="800001882",="Present",="10/7/2025",="NUR100-L-A2",
="800001882",="Present",="10/14/2025",="NUR100-L-A2",
="800001882",="Present",="10/21/2025",="NUR100-L-A2",
="800001882",="Present",="10/28/2025",="NUR100-L-A2",
="800001882",="Present",="11/4/2025",="NUR100-L-A2",
="800001882",="Present",="11/11/2025",="NUR100-L-A2",
="800001882",="Present",="11/18/2025",="NUR100-L-A2",
="800001882",="Present",="11/25/2025",="NUR100-L-A2",
="800001882",="Present",="12/2/2025",="NUR100-L-A2",
="800001882",="Present",="12/9/2025",="NUR100-L-A2",
="800001728",="Present",="9/9/2025",="AP100-A",
="800001728",="Present",="9/16/2025",="AP100-A",
="800001728",="Present",="9/23/2025",="AP100-A",
="800001728",="Present",="9/30/2025",="AP100-A",
="800001728",="Present",="10/7/2025",="AP100-A",
="800001728",="Present",="10/14/2025",="AP100-A",
="800001728",="Present",="10/21/2025",="AP100-A",
="800001728",="Present",="10/28/2025",="AP100-A",
="800001728",="Absent",="11/4/2025",="AP100-A",
="800001728",="Present",="11/11/2025",="AP100-A",
="800001728",="Absent",="11/18/2025",="AP100-A",
="800001728",="Present",="11/25/2025",="AP100-A",
="800001728",="Present",="12/2/2025",="AP100-A",
="800001728",="Absent",="12/9/2025",="AP100-A",
="800001419",="Present",="9/3/2025",="NUR150 -A",
="800001419",="Present",="9/10/2025",="NUR150 -A",
="800001419",="Present",="9/17/2025",="NUR150 -A",
="800001419",="Present",="9/24/2025",="NUR150 -A",
="800001419",="Present",="10/1/2025",="NUR150 -A",
="800001419",="Present",="10/8/2025",="NUR150 -A",
="800001419",="Present",="10/15/2025",="NUR150 -A",
="800001419",="Present",="11/5/2025",="NUR150 -A",
="800001419",="Present",="11/12/2025",="NUR150 -A",
="800001419",="Present",="11/19/2025",="NUR150 -A",
="800001419",="Present",="9/3/2025",="NUR155-P",
="800001419",="Present",="9/10/2025",="NUR155-P",
="800001419",="Present",="9/17/2025",="NUR155-P",
="800001419",="Present",="9/24/2025",="NUR155-P",
="800001419",="Present",="10/1/2025",="NUR155-P",
="800001419",="Present",="10/8/2025",="NUR155-P",
="800001419",="Present",="10/15/2025",="NUR155-P",
="800001419",="Present",="10/22/2025",="NUR155-P",
="800001419",="Present",="10/29/2025",="NUR155-P",
="800001419",="Present",="11/5/2025",="NUR155-P",
="800001419",="Present",="11/12/2025",="NUR155-P",
="800001419",="Present",="11/19/2025",="NUR155-P",
="800001419",="Present",="11/26/2025",="NUR155-P",
="800001419",="Present",="12/3/2025",="NUR155-P",
="800001419",="Present",="12/10/2025",="NUR155-P",
="800001668",="Present",="9/3/2025",="NUR150 -A",
="800001668",="Present",="9/17/2025",="NUR150 -A",
="800001668",="Present",="9/24/2025",="NUR150 -A",
="800001668",="Absent",="10/1/2025",="NUR150 -A",
="800001668",="Present",="10/8/2025",="NUR150 -A",
="800001668",="Present",="10/15/2025",="NUR150 -A",
="800001668",="Present",="11/5/2025",="NUR150 -A",
="800001668",="Present",="11/12/2025",="NUR150 -A",
="800001668",="Present",="11/19/2025",="NUR150 -A",
="800000934",="Present",="9/4/2025",="NUR236-P",
="800000934",="Present",="9/11/2025",="NUR236-P",
="800000934",="Present",="9/18/2025",="NUR236-P",
="800000934",="Present",="9/25/2025",="NUR236-P",
="800000934",="Present",="10/9/2025",="NUR236-P",
="800000934",="Present",="10/16/2025",="NUR236-P",
="800000934",="Present",="12/4/2025",="NUR236-P",
="800000934",="Present",="9/9/2025",="NUR245 - P",
="800000934",="Present",="9/23/2025",="NUR245 - P",
="800000934",="Present",="9/30/2025",="NUR245 - P",
="800000934",="Present",="10/7/2025",="NUR245 - P",
="800000934",="Present",="10/14/2025",="NUR245 - P",
="800000934",="Present",="11/4/2025",="NUR245 - P",
="800000934",="Present",="11/11/2025",="NUR245 - P",
="800000934",="Present",="11/18/2025",="NUR245 - P",
="800000934",="Present",="11/25/2025",="NUR245 - P",
="800000934",="Present",="12/2/2025",="NUR245 - P",
="800000934",="Present",="10/2/2025",="NUR236-L-P1",
="800000934",="Present",="9/5/2025",="STAT101-A",
="800000934",="Present",="9/12/2025",="STAT101-A",
="800000934",="Present",="9/19/2025",="STAT101-A",
="800000934",="Present",="9/26/2025",="STAT101-A",
="800000934",="Present",="10/3/2025",="STAT101-A",
="800000934",="Present",="10/10/2025",="STAT101-A",
="800000934",="Present",="10/17/2025",="STAT101-A",
="800000934",="Present",="10/31/2025",="STAT101-A",
="800000934",="Present",="11/7/2025",="STAT101-A",
="800000934",="Present",="11/21/2025",="STAT101-A",
="800001939",="Absent",="9/6/2025",="COL010 - OL II",
="800001939",="Present",="9/13/2025",="COL010 - OL II",
="800001939",="Present",="9/20/2025",="COL010 - OL II",
="800001939",="Present",="9/27/2025",="COL010 - OL II",
="800001939",="Present",="9/6/2025",="PSY101 -OL",
="800001939",="Present",="9/13/2025",="PSY101 -OL",
="800001939",="Present",="9/20/2025",="PSY101 -OL",
="800001939",="Absent",="9/27/2025",="PSY101 -OL",
="800001939",="Present",="10/4/2025",="PSY101 -OL",
="800001939",="Present",="10/11/2025",="PSY101 -OL",
="800001939",="Present",="10/18/2025",="PSY101 -OL",
="800001939",="Present",="10/25/2025",="PSY101 -OL",
="800001939",="Present",="11/1/2025",="PSY101 -OL",
="800001939",="Absent",="11/8/2025",="PSY101 -OL",
="800001939",="Present",="11/15/2025",="PSY101 -OL",
="800001939",="Absent",="11/22/2025",="PSY101 -OL",
="800001667",="Present",="9/10/2025",="PHARM130-P",
="800001667",="Present",="9/17/2025",="PHARM130-P",
="800001667",="Present",="9/24/2025",="PHARM130-P",
="800001667",="Present",="10/1/2025",="PHARM130-P",
="800001667",="Present",="10/8/2025",="PHARM130-P",
="800001667",="Present",="10/15/2025",="PHARM130-P",
="800001667",="Present",="10/22/2025",="PHARM130-P",
="800001667",="Present",="10/29/2025",="PHARM130-P",
="800001667",="Present",="11/5/2025",="PHARM130-P",
="800001667",="Present",="11/12/2025",="PHARM130-P",
="800001667",="Present",="11/19/2025",="PHARM130-P",
="800001667",="Present",="12/3/2025",="PHARM130-P",
="800001667",="Present",="12/10/2025",="PHARM130-P",
="800001735",="Present",="9/10/2025",="PHARM130-P",
="800001735",="Present",="9/17/2025",="PHARM130-P",
="800001735",="Present",="9/24/2025",="PHARM130-P",
="800001735",="Present",="10/1/2025",="PHARM130-P",
="800001735",="Present",="10/8/2025",="PHARM130-P",
="800001735",="Present",="10/15/2025",="PHARM130-P",
="800001735",="Present",="10/22/2025",="PHARM130-P",
="800001735",="Present",="10/29/2025",="PHARM130-P",
="800001735",="Present",="11/5/2025",="PHARM130-P",
="800001735",="Present",="11/12/2025",="PHARM130-P",
="800001735",="Present",="11/19/2025",="PHARM130-P",
="800001735",="Absent",="12/3/2025",="PHARM130-P",
="800001593",="Present",="9/9/2025",="NUR150-P",
="800001593",="Present",="9/16/2025",="NUR150-P",
="800001593",="Present",="9/23/2025",="NUR150-P",
="800001593",="Present",="9/30/2025",="NUR150-P",
="800001593",="Present",="10/7/2025",="NUR150-P",
="800001593",="Present",="11/4/2025",="NUR150-P",
="800001593",="Present",="11/11/2025",="NUR150-P",
="800001593",="Present",="11/18/2025",="NUR150-P",
="800001593",="Present",="11/25/2025",="NUR150-P",
="800001593",="Present",="12/2/2025",="NUR150-P",
="800001094",="Absent",="9/10/2025",="AP209 -A",
="800001094",="Present",="9/17/2025",="AP209 -A",
="800001094",="Present",="9/24/2025",="AP209 -A",
="800001094",="Absent",="10/1/2025",="AP209 -A",
="800001094",="Present",="10/8/2025",="AP209 -A",
="800001094",="Present",="10/15/2025",="AP209 -A",
="800001094",="Present",="10/22/2025",="AP209 -A",
="800001094",="Present",="10/29/2025",="AP209 -A",
="800001094",="Present",="11/5/2025",="AP209 -A",
="800001094",="Present",="11/12/2025",="AP209 -A",
="800001094",="Absent",="11/19/2025",="AP209 -A",
="800001094",="Present",="11/26/2025",="AP209 -A",
="800001094",="Present",="12/3/2025",="AP209 -A",
="800001094",="Present",="12/10/2025",="AP209 -A",
="800001094",="Absent",="9/8/2025",="PHARM225-P_ A",
="800001094",="Present",="9/15/2025",="PHARM225-P_ A",
="800001094",="Present",="9/22/2025",="PHARM225-P_ A",
="800001094",="Present",="9/29/2025",="PHARM225-P_ A",
="800001094",="Present",="10/6/2025",="PHARM225-P_ A",
="800001094",="Present",="10/13/2025",="PHARM225-P_ A",
="800001094",="Absent",="9/6/2025",="ENG102 - OL",
="800001094",="Absent",="9/13/2025",="ENG102 - OL",
="800001094",="Absent",="9/20/2025",="ENG102 - OL",
="800001094",="Present",="9/27/2025",="ENG102 - OL",
="800001094",="Present",="10/4/2025",="ENG102 - OL",
="800001094",="Present",="10/11/2025",="ENG102 - OL",
="800001094",="Present",="10/18/2025",="ENG102 - OL",
="800001094",="Present",="10/25/2025",="ENG102 - OL",
="800001094",="Present",="11/1/2025",="ENG102 - OL",
="800001094",="Present",="11/8/2025",="ENG102 - OL",
="800001094",="Present",="11/15/2025",="ENG102 - OL",
="800001094",="Present",="11/22/2025",="ENG102 - OL",
="800001094",="Present",="10/6/2025",="NUR216-A-L",
="800001094",="Present",="10/13/2025",="NUR216-A-L",
="800001094",="Present",="11/17/2025",="NUR216-A-L",
="800001094",="Present",="12/1/2025",="NUR216-A-L",
="800001094",="Absent",="9/8/2025",="NUR216 -A",
="800001094",="Present",="9/15/2025",="NUR216 -A",
="800001094",="Present",="9/22/2025",="NUR216 -A",
="800001094",="Present",="9/29/2025",="NUR216 -A",
="800001094",="Present",="10/6/2025",="NUR216 -A",
="800001094",="Present",="10/13/2025",="NUR216 -A",
="800001094",="Present",="11/3/2025",="NUR216 -A",
="800001094",="Present",="11/10/2025",="NUR216 -A",
="800001094",="Present",="11/17/2025",="NUR216 -A",
="800001094",="Present",="11/24/2025",="NUR216 -A",
="800001094",="Present",="12/1/2025",="NUR216 -A",
="800001094",="Present",="12/8/2025",="NUR216 -A",
="800001094",="Present",="9/4/2025",="NUR205 -P",
="800001094",="Absent",="9/11/2025",="NUR205 -P",
="800001094",="Present",="9/25/2025",="NUR205 -P",
="800001094",="Present",="10/2/2025",="NUR205 -P",
="800001094",="Present",="10/16/2025",="NUR205 -P",
="800001094",="Absent",="11/20/2025",="NUR205 -P",
="800001094",="Present",="12/4/2025",="NUR205 -P",
="800001094",="Tardy/Late",="9/18/2025",="NUR205-L-P1",
="800001094",="Present",="10/9/2025",="NUR205-L-P1",
="800001761",="Present",="9/29/2025",="PHARM100-A",
="800001761",="Present",="10/6/2025",="PHARM100-A",
="800001761",="Present",="10/13/2025",="PHARM100-A",
="800001761",="Absent",="11/17/2025",="PHARM100-A",
="800001761",="Present",="11/24/2025",="PHARM100-A",
="800001761",="Present",="12/1/2025",="PHARM100-A",
="800001810",="Present",="9/10/2025",="PHARM130-P",
="800001810",="Present",="9/17/2025",="PHARM130-P",
="800001810",="Present",="9/24/2025",="PHARM130-P",
="800001810",="Present",="10/1/2025",="PHARM130-P",
="800001810",="Absent",="10/8/2025",="PHARM130-P",
="800001810",="Present",="10/15/2025",="PHARM130-P",
="800001810",="Absent",="10/22/2025",="PHARM130-P",
="800001810",="Present",="10/29/2025",="PHARM130-P",
="800001810",="Absent",="11/5/2025",="PHARM130-P",
="800001626",="Present",="9/6/2025",="ENG102 - OL",
="800001626",="Present",="9/13/2025",="ENG102 - OL",
="800001626",="Absent",="9/20/2025",="ENG102 - OL",
="800001626",="Present",="9/27/2025",="ENG102 - OL",
="800001626",="Present",="10/4/2025",="ENG102 - OL",
="800001626",="Present",="10/11/2025",="ENG102 - OL",
="800001626",="Present",="10/18/2025",="ENG102 - OL",
="800001626",="Present",="10/25/2025",="ENG102 - OL",
="800001626",="Present",="11/1/2025",="ENG102 - OL",
="800001626",="Present",="11/8/2025",="ENG102 - OL",
="800001626",="Present",="11/15/2025",="ENG102 - OL",
="800001626",="Present",="11/22/2025",="ENG102 - OL",
="800001607",="Present",="9/6/2025",="HUM200 -OL",
="800001607",="Present",="9/13/2025",="HUM200 -OL",
="800001607",="Present",="9/20/2025",="HUM200 -OL",
="800001607",="Present",="9/27/2025",="HUM200 -OL",
="800001607",="Present",="10/4/2025",="HUM200 -OL",
="800001607",="Present",="10/11/2025",="HUM200 -OL",
="800001607",="Present",="10/18/2025",="HUM200 -OL",
="800001607",="Present",="10/25/2025",="HUM200 -OL",
="800001607",="Present",="11/1/2025",="HUM200 -OL",
="800001607",="Present",="11/8/2025",="HUM200 -OL",
="800001607",="Present",="11/15/2025",="HUM200 -OL",
="800001607",="Present",="11/22/2025",="HUM200 -OL",
="800001607",="Present",="12/6/2025",="HUM200 -OL",
="800001607",="Present",="9/8/2025",="NUR216 -A",
="800001607",="Present",="9/15/2025",="NUR216 -A",
="800001607",="Present",="9/22/2025",="NUR216 -A",
="800001607",="Present",="9/29/2025",="NUR216 -A",
="800001607",="Present",="10/6/2025",="NUR216 -A",
="800001607",="Present",="10/13/2025",="NUR216 -A",
="800001607",="Present",="11/3/2025",="NUR216 -A",
="800001607",="Present",="11/10/2025",="NUR216 -A",
="800001607",="Present",="11/17/2025",="NUR216 -A",
="800001607",="Present",="11/24/2025",="NUR216 -A",
="800001607",="Present",="12/1/2025",="NUR216 -A",
="800001607",="Present",="12/8/2025",="NUR216 -A",
="800001607",="Present",="10/6/2025",="NUR216-A-L",
="800001607",="Present",="10/13/2025",="NUR216-A-L",
="800001607",="Present",="11/17/2025",="NUR216-A-L",
="800001607",="Present",="12/1/2025",="NUR216-A-L",
="800001607",="Present",="9/8/2025",="PHARM225-P_ A",
="800001607",="Absent",="9/15/2025",="PHARM225-P_ A",
="800001607",="Present",="9/22/2025",="PHARM225-P_ A",
="800001607",="Present",="9/29/2025",="PHARM225-P_ A",
="800001607",="Tardy/Late",="10/6/2025",="PHARM225-P_ A",
="800001607",="Present",="10/13/2025",="PHARM225-P_ A",
="800001468",="Present",="11/19/2025",="NUR145-C-A1",
="800001468",="Present",="9/15/2025",="NUR145 - P",
="800001468",="Present",="9/22/2025",="NUR145 - P",
="800001468",="Present",="9/29/2025",="NUR145 - P",
="800001468",="Present",="10/6/2025",="NUR145 - P",
="800001468",="Present",="10/13/2025",="NUR145 - P",
="800001468",="Present",="11/3/2025",="NUR145 - P",
="800001468",="Present",="11/10/2025",="NUR145 - P",
="800001468",="Present",="11/17/2025",="NUR145 - P",
="800001468",="Present",="11/24/2025",="NUR145 - P",
="800001468",="Present",="12/1/2025",="NUR145 - P",
="800000461",="Present",="9/20/2025",="COM300-OL",
="800000461",="Present",="9/27/2025",="COM300-OL",
="800000461",="Present",="10/4/2025",="COM300-OL",
="800000461",="Present",="10/11/2025",="COM300-OL",
="800000461",="Present",="10/18/2025",="COM300-OL",
="800000461",="Present",="10/25/2025",="COM300-OL",
="800000461",="Present",="11/1/2025",="COM300-OL",
="800000461",="Present",="11/8/2025",="COM300-OL",
="800000625",="Present",="9/20/2025",="COM300-OL",
="800000625",="Present",="9/27/2025",="COM300-OL",
="800000625",="Present",="10/4/2025",="COM300-OL",
="800000625",="Present",="10/11/2025",="COM300-OL",
="800000625",="Present",="10/18/2025",="COM300-OL",
="800000625",="Present",="10/25/2025",="COM300-OL",
="800000625",="Present",="11/1/2025",="COM300-OL",
="800000625",="Present",="11/8/2025",="COM300-OL",
="800000428",="Present",="9/20/2025",="COM300-OL",
="800000428",="Present",="9/27/2025",="COM300-OL",
="800000428",="Present",="10/4/2025",="COM300-OL",
="800000428",="Present",="10/11/2025",="COM300-OL",
="800000428",="Present",="10/18/2025",="COM300-OL",
="800000428",="Present",="10/25/2025",="COM300-OL",
="800000428",="Present",="11/1/2025",="COM300-OL",
="800000428",="Present",="11/8/2025",="COM300-OL",
="800001498",="Absent",="9/8/2025",="NUR135-P",
="800001498",="Present",="9/15/2025",="NUR135-P",
="800001498",="Present",="9/22/2025",="NUR135-P",
="800001498",="Present",="9/29/2025",="NUR135-P",
="800001498",="Present",="10/13/2025",="NUR135-P",
="800001498",="Absent",="11/3/2025",="NUR135-P",
="800001498",="Present",="11/10/2025",="NUR135-P",
="800001498",="Present",="11/17/2025",="NUR135-P",
="800001498",="Present",="11/24/2025",="NUR135-P",
="800001498",="Present",="12/1/2025",="NUR135-P",
="800001498",="Present",="12/8/2025",="NUR135-P",
="800001681",="Present",="9/11/2025",="NUR140-A",
="800001681",="Present",="9/18/2025",="NUR140-A",
="800001681",="Present",="9/25/2025",="NUR140-A",
="800001681",="Present",="10/2/2025",="NUR140-A",
="800001681",="Present",="10/9/2025",="NUR140-A",
="800001681",="Present",="10/16/2025",="NUR140-A",
="800001681",="Present",="11/6/2025",="NUR140-A",
="800001681",="Present",="11/13/2025",="NUR140-A",
="800001681",="Present",="11/20/2025",="NUR140-A",
="800001760",="Present",="10/1/2025",="PHARM100-P",
="800001760",="Present",="10/8/2025",="PHARM100-P",
="800001760",="Present",="10/15/2025",="PHARM100-P",
="800001760",="Present",="10/22/2025",="PHARM100-P",
="800001760",="Present",="10/29/2025",="PHARM100-P",
="800001760",="Present",="11/5/2025",="PHARM100-P",
="800001760",="Present",="11/12/2025",="PHARM100-P",
="800001760",="Absent",="12/3/2025",="PHARM100-P",
="800000941",="Present",="9/8/2025",="PHARM225-P_ A",
="800000941",="Present",="9/15/2025",="PHARM225-P_ A",
="800000941",="Present",="9/22/2025",="PHARM225-P_ A",
="800000941",="Present",="9/29/2025",="PHARM225-P_ A",
="800000941",="Present",="10/6/2025",="PHARM225-P_ A",
="800000941",="Present",="10/13/2025",="PHARM225-P_ A",
="800000941",="Absent",="10/6/2025",="NUR216-A-L",
="800000941",="Present",="10/13/2025",="NUR216-A-L",
="800000941",="Present",="9/6/2025",="SOC101 -OL",
="800000941",="Present",="9/13/2025",="SOC101 -OL",
="800000941",="Present",="9/20/2025",="SOC101 -OL",
="800000941",="Present",="9/27/2025",="SOC101 -OL",
="800000941",="Present",="10/4/2025",="SOC101 -OL",
="800000941",="Present",="10/11/2025",="SOC101 -OL",
="800000941",="Present",="10/18/2025",="SOC101 -OL",
="800000941",="Present",="10/25/2025",="SOC101 -OL",
="800000941",="Present",="11/1/2025",="SOC101 -OL",
="800000941",="Absent",="11/8/2025",="SOC101 -OL",
="800000941",="Present",="9/10/2025",="AP209 -A",
="800000941",="Present",="9/17/2025",="AP209 -A",
="800000941",="Present",="9/24/2025",="AP209 -A",
="800000941",="Present",="10/1/2025",="AP209 -A",
="800000941",="Present",="10/8/2025",="AP209 -A",
="800000941",="Present",="10/15/2025",="AP209 -A",
="800000941",="Absent",="10/22/2025",="AP209 -A",
="800000941",="Present",="10/29/2025",="AP209 -A",
="800000941",="Present",="11/5/2025",="AP209 -A",
="800000941",="Present",="11/12/2025",="AP209 -A",
="800000941",="Absent",="11/19/2025",="AP209 -A",
="800000941",="Present",="9/8/2025",="NUR216 -A",
="800000941",="Present",="9/15/2025",="NUR216 -A",
="800000941",="Present",="9/22/2025",="NUR216 -A",
="800000941",="Present",="9/29/2025",="NUR216 -A",
="800000941",="Absent",="10/6/2025",="NUR216 -A",
="800000941",="Present",="10/13/2025",="NUR216 -A",
="800000941",="Present",="11/3/2025",="NUR216 -A",
="800000941",="Absent",="11/10/2025",="NUR216 -A",
="800000941",="Tardy/Late",="9/18/2025",="NUR205-L-P1",
="800000941",="Present",="10/9/2025",="NUR205-L-P1",
="800000941",="Present",="9/4/2025",="NUR205 -P",
="800000941",="Present",="9/11/2025",="NUR205 -P",
="800000941",="Present",="9/25/2025",="NUR205 -P",
="800000941",="Present",="10/2/2025",="NUR205 -P",
="800000941",="Present",="10/16/2025",="NUR205 -P",
="800000941",="Present",="11/20/2025",="NUR205 -P",
="800001268",="Present",="9/9/2025",="MCB100 -A",
="800001268",="Present",="9/16/2025",="MCB100 -A",
="800001268",="Present",="9/23/2025",="MCB100 -A",
="800001268",="Present",="9/30/2025",="MCB100 -A",
="800001268",="Present",="10/7/2025",="MCB100 -A",
="800001268",="Present",="10/14/2025",="MCB100 -A",
="800001268",="Present",="10/21/2025",="MCB100 -A",
="800001268",="Present",="10/28/2025",="MCB100 -A",
="800001268",="Present",="11/4/2025",="MCB100 -A",
="800001268",="Present",="11/11/2025",="MCB100 -A",
="800001268",="Present",="11/18/2025",="MCB100 -A",
="800001268",="Present",="11/25/2025",="MCB100 -A",
="800001268",="Present",="12/2/2025",="MCB100 -A",
="800001268",="Present",="12/9/2025",="MCB100 -A",
="800001903",="Present",="9/6/2025",="COL010 - OL II",
="800001903",="Present",="9/20/2025",="COL010 - OL II",
="800001903",="Present",="9/27/2025",="COL010 - OL II",
="800001959",="Present",="9/2/2025",="NUR100-L-A1",
="800001959",="Present",="9/9/2025",="NUR100-L-A1",
="800001959",="Present",="9/16/2025",="NUR100-L-A1",
="800001959",="Present",="9/23/2025",="NUR100-L-A1",
="800001959",="Present",="9/30/2025",="NUR100-L-A1",
="800001959",="Present",="10/7/2025",="NUR100-L-A1",
="800001959",="Present",="10/14/2025",="NUR100-L-A1",
="800001959",="Present",="10/21/2025",="NUR100-L-A1",
="800001959",="Present",="10/28/2025",="NUR100-L-A1",
="800001959",="Present",="11/4/2025",="NUR100-L-A1",
="800001959",="Present",="11/11/2025",="NUR100-L-A1",
="800001959",="Present",="11/18/2025",="NUR100-L-A1",
="800001959",="Present",="11/25/2025",="NUR100-L-A1",
="800001959",="Present",="12/2/2025",="NUR100-L-A1",
="800001959",="Present",="12/9/2025",="NUR100-L-A1",
="800001958",="Present",="9/2/2025",="NUR100-L-A1",
="800001958",="Present",="9/9/2025",="NUR100-L-A1",
="800001958",="Present",="9/16/2025",="NUR100-L-A1",
="800001958",="Present",="9/23/2025",="NUR100-L-A1",
="800001958",="Present",="9/30/2025",="NUR100-L-A1",
="800001958",="Present",="10/7/2025",="NUR100-L-A1",
="800001958",="Present",="10/14/2025",="NUR100-L-A1",
="800001958",="Present",="10/21/2025",="NUR100-L-A1",
="800001958",="Present",="10/28/2025",="NUR100-L-A1",
="800001958",="Present",="11/4/2025",="NUR100-L-A1",
="800001958",="Present",="11/11/2025",="NUR100-L-A1",
="800001958",="Present",="11/18/2025",="NUR100-L-A1",
="800001958",="Present",="11/25/2025",="NUR100-L-A1",
="800001958",="Present",="12/2/2025",="NUR100-L-A1",
="800001958",="Present",="12/9/2025",="NUR100-L-A1",
="800001892",="Present",="9/6/2025",="COL010 - OL I",
="800001892",="Present",="9/13/2025",="COL010 - OL I",
="800001892",="Present",="9/20/2025",="COL010 - OL I",
="800001892",="Present",="9/27/2025",="COL010 - OL I",
="800001940",="Absent",="9/6/2025",="COL010 - OL I",
="800001940",="Present",="9/13/2025",="COL010 - OL I",
="800001940",="Present",="9/20/2025",="COL010 - OL I",
="800001940",="Present",="9/27/2025",="COL010 - OL I",
="800001484",="Present",="9/10/2025",="NUR135-A",
="800001484",="Present",="9/17/2025",="NUR135-A",
="800001484",="Present",="9/24/2025",="NUR135-A",
="800001484",="Present",="10/1/2025",="NUR135-A",
="800001484",="No class",="10/15/2025",="NUR135-A",
="800001484",="Present",="11/12/2025",="NUR135-A",
="800001484",="Present",="11/26/2025",="NUR135-A",
="800001484",="Present",="12/3/2025",="NUR135-A",
="800001484",="Present",="10/8/2025",="NUR135-L-A1",
="800001484",="Present",="9/3/2025",="NUR150-P",
="800001484",="Present",="9/9/2025",="NUR150-P",
="800001484",="Present",="9/16/2025",="NUR150-P",
="800001484",="Present",="9/23/2025",="NUR150-P",
="800001484",="Present",="9/30/2025",="NUR150-P",
="800001484",="Present",="10/7/2025",="NUR150-P",
="800001484",="Present",="11/4/2025",="NUR150-P",
="800001484",="Present",="11/11/2025",="NUR150-P",
="800001484",="Present",="11/18/2025",="NUR150-P",
="800001484",="Present",="11/25/2025",="NUR150-P",
="800001484",="Present",="12/2/2025",="NUR150-P",
="800001735",="Present",="10/9/2025",="PSY101 -A",
="800001735",="Present",="10/16/2025",="PSY101 -A",
="800001815",="Present",="9/2/2025",="NUR100-L-A2",
="800001815",="Present",="9/9/2025",="NUR100-L-A2",
="800001815",="Present",="9/16/2025",="NUR100-L-A2",
="800001815",="Present",="9/23/2025",="NUR100-L-A2",
="800001815",="Present",="9/30/2025",="NUR100-L-A2",
="800001815",="Present",="10/7/2025",="NUR100-L-A2",
="800001815",="Present",="10/14/2025",="NUR100-L-A2",
="800001815",="Present",="10/21/2025",="NUR100-L-A2",
="800001815",="Present",="10/28/2025",="NUR100-L-A2",
="800001815",="Present",="11/4/2025",="NUR100-L-A2",
="800001815",="Present",="11/11/2025",="NUR100-L-A2",
="800001815",="Present",="11/18/2025",="NUR100-L-A2",
="800001815",="Present",="11/25/2025",="NUR100-L-A2",
="800001815",="Present",="12/2/2025",="NUR100-L-A2",
="800001815",="Present",="12/9/2025",="NUR100-L-A2",
="800001745",="Present",="9/12/2025",="ENG101 -P",
="800001745",="Present",="9/19/2025",="ENG101 -P",
="800001745",="Present",="9/26/2025",="ENG101 -P",
="800001745",="Present",="10/3/2025",="ENG101 -P",
="800001745",="Present",="10/10/2025",="ENG101 -P",
="800001745",="Present",="10/17/2025",="ENG101 -P",
="800001745",="Present",="10/24/2025",="ENG101 -P",
="800001745",="Present",="10/31/2025",="ENG101 -P",
="800001745",="Absent",="11/7/2025",="ENG101 -P",
="800001745",="Present",="11/14/2025",="ENG101 -P",
="800001745",="Present",="11/21/2025",="ENG101 -P",
="800001745",="Present",="9/11/2025",="AP100-P",
="800001745",="Present",="9/18/2025",="AP100-P",
="800001745",="Present",="9/25/2025",="AP100-P",
="800001745",="Present",="10/2/2025",="AP100-P",
="800001745",="Present",="10/9/2025",="AP100-P",
="800001745",="Present",="10/16/2025",="AP100-P",
="800001745",="Present",="10/23/2025",="AP100-P",
="800001745",="Absent",="10/30/2025",="AP100-P",
="800001745",="Present",="11/6/2025",="AP100-P",
="800001745",="Present",="11/13/2025",="AP100-P",
="800001745",="Present",="11/20/2025",="AP100-P",
="800001745",="Present",="12/4/2025",="AP100-P",
="770062456",="Present",="9/10/2025",="NUR135-A",
="770062456",="Present",="9/17/2025",="NUR135-A",
="770062456",="Present",="9/24/2025",="NUR135-A",
="770062456",="Present",="10/1/2025",="NUR135-A",
="770062456",="No class",="10/15/2025",="NUR135-A",
="770062456",="Present",="11/12/2025",="NUR135-A",
="770062456",="Present",="11/26/2025",="NUR135-A",
="770062456",="Present",="12/3/2025",="NUR135-A",
="770062456",="Present",="10/8/2025",="NUR135-L-A1",
="800001733",="Present",="9/9/2025",="NUR125-L-A1",
="800001733",="Present",="9/16/2025",="NUR125-L-A1",
="800001733",="Present",="9/23/2025",="NUR125-L-A1",
="800001733",="Present",="9/30/2025",="NUR125-L-A1",
="800001733",="Present",="10/7/2025",="NUR125-L-A1",
="800001733",="Present",="10/14/2025",="NUR125-L-A1",
="800001733",="Present",="11/4/2025",="NUR125-L-A1",
="800001733",="Present",="11/11/2025",="NUR125-L-A1",
="800001733",="Present",="11/18/2025",="NUR125-L-A1",
="800001733",="Present",="11/25/2025",="NUR125-L-A1",
="800001733",="Present",="12/2/2025",="NUR125-L-A1",
="800001733",="Present",="9/9/2025",="NUR125-A",
="800001733",="Present",="9/16/2025",="NUR125-A",
="800001733",="Present",="9/23/2025",="NUR125-A",
="800001733",="Present",="9/30/2025",="NUR125-A",
="800001733",="Present",="10/7/2025",="NUR125-A",
="800001733",="Present",="10/14/2025",="NUR125-A",
="800001733",="Present",="11/4/2025",="NUR125-A",
="800001733",="Present",="11/11/2025",="NUR125-A",
="800001733",="Present",="11/18/2025",="NUR125-A",
="800001733",="Present",="11/25/2025",="NUR125-A",
="800001733",="Present",="12/2/2025",="NUR125-A",
="800001708",="Present",="9/9/2025",="NUR125-A",
="800001708",="Present",="9/16/2025",="NUR125-A",
="800001708",="Present",="9/23/2025",="NUR125-A",
="800001708",="Present",="9/30/2025",="NUR125-A",
="800001708",="Present",="10/7/2025",="NUR125-A",
="800001708",="Present",="10/14/2025",="NUR125-A",
="800001708",="Present",="11/4/2025",="NUR125-A",
="800001708",="Present",="11/11/2025",="NUR125-A",
="800001708",="Present",="11/18/2025",="NUR125-A",
="800001708",="Present",="11/25/2025",="NUR125-A",
="800001708",="Present",="12/2/2025",="NUR125-A",
="800001708",="Present",="9/11/2025",="PHARM130-A",
="800001708",="Present",="9/18/2025",="PHARM130-A",
="800001708",="Present",="9/25/2025",="PHARM130-A",
="800001708",="Present",="10/2/2025",="PHARM130-A",
="800001708",="Present",="10/9/2025",="PHARM130-A",
="800001708",="Present",="10/16/2025",="PHARM130-A",
="800001708",="Present",="10/23/2025",="PHARM130-A",
="800001708",="Present",="10/30/2025",="PHARM130-A",
="800001708",="Present",="11/6/2025",="PHARM130-A",
="800001708",="Present",="11/13/2025",="PHARM130-A",
="800001708",="Present",="11/20/2025",="PHARM130-A",
="800001708",="Absent",="12/4/2025",="PHARM130-A",
="800001708",="Present",="9/9/2025",="NUR125-L-A1",
="800001708",="Present",="9/16/2025",="NUR125-L-A1",
="800001708",="Present",="9/23/2025",="NUR125-L-A1",
="800001708",="Present",="9/30/2025",="NUR125-L-A1",
="800001708",="Present",="10/7/2025",="NUR125-L-A1",
="800001708",="Present",="10/14/2025",="NUR125-L-A1",
="800001708",="Present",="11/4/2025",="NUR125-L-A1",
="800001708",="Present",="11/11/2025",="NUR125-L-A1",
="800001708",="Present",="11/18/2025",="NUR125-L-A1",
="800001708",="Present",="11/25/2025",="NUR125-L-A1",
="800001708",="Present",="12/2/2025",="NUR125-L-A1",
="800001963",="Present",="9/8/2025",="NUR101-A",
="800001963",="Present",="9/15/2025",="NUR101-A",
="800001963",="Present",="9/22/2025",="NUR101-A",
="800001963",="Present",="9/29/2025",="NUR101-A",
="800001963",="Present",="10/6/2025",="NUR101-A",
="800001963",="Present",="10/13/2025",="NUR101-A",
="800001963",="Present",="11/3/2025",="NUR101-A",
="800001963",="Present",="11/10/2025",="NUR101-A",
="800001963",="Present",="11/17/2025",="NUR101-A",
="800001963",="Present",="11/24/2025",="NUR101-A",
="800001963",="Present",="12/1/2025",="NUR101-A",
="800001963",="Present",="12/8/2025",="NUR101-A",
="800001580",="Present",="9/11/2025",="PHARM130-A",
="800001580",="Present",="9/18/2025",="PHARM130-A",
="800001580",="Present",="9/25/2025",="PHARM130-A",
="800001580",="Absent",="10/2/2025",="PHARM130-A",
="800001580",="Present",="10/9/2025",="PHARM130-A",
="800001580",="Present",="10/16/2025",="PHARM130-A",
="800001580",="Present",="10/23/2025",="PHARM130-A",
="800001580",="Present",="10/30/2025",="PHARM130-A",
="800001580",="Present",="11/6/2025",="PHARM130-A",
="800001580",="Present",="11/13/2025",="PHARM130-A",
="800001580",="Present",="11/20/2025",="PHARM130-A",
="800001580",="Present",="12/4/2025",="PHARM130-A",
="800001963",="Absent",="9/13/2025",="PSY101 -OL",
="800001963",="Present",="9/20/2025",="PSY101 -OL",
="800001963",="Present",="9/27/2025",="PSY101 -OL",
="800001963",="Present",="10/4/2025",="PSY101 -OL",
="800001963",="Present",="10/11/2025",="PSY101 -OL",
="800001963",="Present",="10/18/2025",="PSY101 -OL",
="800001963",="Present",="10/25/2025",="PSY101 -OL",
="800001963",="Present",="11/1/2025",="PSY101 -OL",
="800001963",="Present",="11/8/2025",="PSY101 -OL",
="800001963",="Present",="11/15/2025",="PSY101 -OL",
="800001963",="Present",="11/22/2025",="PSY101 -OL",
="800001963",="Present",="9/8/2025",="SCI101-A",
="800001963",="Present",="9/15/2025",="SCI101-A",
="800001963",="Present",="9/22/2025",="SCI101-A",
="800001963",="Present",="9/29/2025",="SCI101-A",
="800001963",="Present",="10/6/2025",="SCI101-A",
="800001963",="Present",="10/13/2025",="SCI101-A",
="800001963",="Present",="10/20/2025",="SCI101-A",
="800001963",="Present",="10/27/2025",="SCI101-A",
="800001963",="Present",="11/3/2025",="SCI101-A",
="800001963",="Present",="11/10/2025",="SCI101-A",
="800001963",="Present",="11/17/2025",="SCI101-A",
="800001963",="Present",="11/24/2025",="SCI101-A",
="800001963",="Present",="12/1/2025",="SCI101-A",
="800001963",="Present",="12/8/2025",="SCI101-A",
="800001963",="Present",="9/2/2025",="NUR100-L-A1",
="800001963",="Present",="9/9/2025",="NUR100-L-A1",
="800001963",="Present",="9/16/2025",="NUR100-L-A1",
="800001963",="Present",="9/23/2025",="NUR100-L-A1",
="800001963",="Present",="9/30/2025",="NUR100-L-A1",
="800001963",="Present",="10/7/2025",="NUR100-L-A1",
="800001963",="Present",="10/14/2025",="NUR100-L-A1",
="800001963",="Present",="10/21/2025",="NUR100-L-A1",
="800001963",="Present",="10/28/2025",="NUR100-L-A1",
="800001963",="Present",="11/4/2025",="NUR100-L-A1",
="800001963",="Present",="11/11/2025",="NUR100-L-A1",
="800001963",="Present",="11/18/2025",="NUR100-L-A1",
="800001963",="Present",="11/25/2025",="NUR100-L-A1",
="800001963",="Present",="12/2/2025",="NUR100-L-A1",
="800001963",="Present",="12/9/2025",="NUR100-L-A1",
="800001497",="Present",="9/11/2025",="NUR236-P",
="800001497",="Present",="9/18/2025",="NUR236-P",
="800001497",="Present",="9/25/2025",="NUR236-P",
="800001497",="Present",="10/9/2025",="NUR236-P",
="800001497",="Present",="10/16/2025",="NUR236-P",
="800001497",="Present",="10/2/2025",="NUR236-L-P1",
="800001497",="Absent",="9/8/2025",="PHARM225-P_B",
="800001497",="Present",="9/15/2025",="PHARM225-P_B",
="800001497",="Present",="9/22/2025",="PHARM225-P_B",
="800001497",="Present",="9/29/2025",="PHARM225-P_B",
="800001497",="Present",="10/6/2025",="PHARM225-P_B",
="800001497",="Present",="10/13/2025",="PHARM225-P_B",
="800001633",="Present",="9/19/2025",="NUR120-L-P1",
="800001633",="Present",="10/17/2025",="NUR120-L-P1",
="800001633",="Present",="11/7/2025",="NUR120-L-P1",
="800001633",="Present",="11/14/2025",="NUR120-L-P1",
="800001751",="Present",="9/15/2025",="NUR120-L-A1",
="800001751",="No class",="10/6/2025",="NUR120-L-A1",
="800001751",="Present",="11/3/2025",="NUR120-L-A1",
="800001751",="Present",="11/10/2025",="NUR120-L-A1",
="800001751",="No class",="11/17/2025",="NUR120-L-A1",
="800000348",="Present",="9/22/2025",="NUR120-L-A2",
="800001434",="Present",="9/22/2025",="NUR120-L-A2",
="800001434",="Present",="10/13/2025",="NUR120-L-A2",
="800001434",="No class",="11/10/2025",="NUR120-L-A2",
="800001434",="Tardy/Late excused",="11/24/2025",="NUR120-L-A2",
="800001553",="Present",="9/22/2025",="NUR120-L-A2",
="800001553",="Present",="10/13/2025",="NUR120-L-A2",
="800001553",="No class",="11/10/2025",="NUR120-L-A2",
="800001553",="Present",="11/24/2025",="NUR120-L-A2",
="800001710",="Present",="9/22/2025",="NUR120-L-A2",
="800001710",="Present",="10/13/2025",="NUR120-L-A2",
="800001710",="No class",="11/10/2025",="NUR120-L-A2",
="800001710",="Present",="11/24/2025",="NUR120-L-A2",
="800001563",="Present",="9/22/2025",="NUR120-L-A2",
="800001563",="Present",="10/13/2025",="NUR120-L-A2",
="800001563",="No class",="11/10/2025",="NUR120-L-A2",
="800001563",="Present",="11/24/2025",="NUR120-L-A2",
="800001650",="Present",="9/22/2025",="NUR120-L-A2",
="800001650",="Present",="10/13/2025",="NUR120-L-A2",
="800001650",="No class",="11/10/2025",="NUR120-L-A2",
="800001650",="Present",="11/24/2025",="NUR120-L-A2",
="800001633",="Absent",="9/22/2025",="NUR120-L-A2",
="800001633",="Absent",="10/13/2025",="NUR120-L-A2",
="800001633",="No class",="11/10/2025",="NUR120-L-A2",
="800001633",="Absent",="11/24/2025",="NUR120-L-A2",
="800001652",="Absent",="9/22/2025",="NUR120-L-A2",
="800001652",="Present",="10/13/2025",="NUR120-L-A2",
="800001652",="No class",="11/10/2025",="NUR120-L-A2",
="800001652",="Present",="11/24/2025",="NUR120-L-A2",
="800001665",="Present",="9/22/2025",="NUR120-L-A2",
="800001665",="Present",="10/13/2025",="NUR120-L-A2",
="800001691",="Present",="9/22/2025",="NUR120-L-A2",
="800001691",="Present",="10/13/2025",="NUR120-L-A2",
="800001691",="No class",="11/10/2025",="NUR120-L-A2",
="800001691",="Present",="11/24/2025",="NUR120-L-A2",
="800001697",="Present",="9/22/2025",="NUR120-L-A2",
="800001697",="Present",="10/13/2025",="NUR120-L-A2",
="800001697",="No class",="11/10/2025",="NUR120-L-A2",
="800001697",="Present",="11/24/2025",="NUR120-L-A2",
="800001862",="Present",="9/11/2025",="NUR125-L-P1",
="800001862",="Present",="9/18/2025",="NUR125-L-P1",
="800001862",="Present",="9/25/2025",="NUR125-L-P1",
="800001862",="Present",="10/2/2025",="NUR125-L-P1",
="800001862",="Present",="10/9/2025",="NUR125-L-P1",
="800001862",="Present",="10/16/2025",="NUR125-L-P1",
="800001862",="Present",="11/6/2025",="NUR125-L-P1",
="800001862",="Present",="11/13/2025",="NUR125-L-P1",
="800001862",="Present",="11/20/2025",="NUR125-L-P1",
="800001862",="Present",="12/4/2025",="NUR125-L-P1",
="800001862",="Present",="12/11/2025",="NUR125-L-P1",
="800001862",="Present",="9/4/2025",="NUR125-P",
="800001862",="Present",="9/11/2025",="NUR125-P",
="800001862",="Present",="9/18/2025",="NUR125-P",
="800001862",="Present",="9/25/2025",="NUR125-P",
="800001862",="Present",="10/2/2025",="NUR125-P",
="800001862",="Present",="10/9/2025",="NUR125-P",
="800001862",="Present",="11/6/2025",="NUR125-P",
="800001862",="Present",="11/13/2025",="NUR125-P",
="800001862",="Present",="11/20/2025",="NUR125-P",
="800001862",="Present",="12/4/2025",="NUR125-P",
="800001862",="Present",="12/11/2025",="NUR125-P",
="800000289",="Present",="9/4/2025",="NUR490",
="800000289",="Present",="9/11/2025",="NUR490",
="800000289",="Present",="9/18/2025",="NUR490",
="800000289",="Present",="9/25/2025",="NUR490",
="800000289",="Present",="10/2/2025",="NUR490",
="800000289",="Present",="10/9/2025",="NUR490",
="800000289",="Present",="10/16/2025",="NUR490",
="800000289",="Present",="10/23/2025",="NUR490",
="800000289",="Present",="10/29/2025",="NUR490",
="800000289",="Present",="11/2/2025",="NUR490",
="800000289",="Present",="11/5/2025",="NUR490",
="800000289",="Present",="11/6/2025",="NUR490",
="800000289",="Present",="11/12/2025",="NUR490",
="800000289",="Present",="11/19/2025",="NUR490",
="800000289",="Present",="11/20/2025",="NUR490",
="800000289",="Present",="11/26/2025",="NUR490",
="800000289",="Present",="12/1/2025",="NUR490",
="800000289",="Present",="12/2/2025",="NUR490",
="800000289",="Present",="12/3/2025",="NUR490",
="800000289",="Present",="12/8/2025",="NUR490",
="800000289",="Present",="12/9/2025",="NUR490",
="800000762",="Present",="9/4/2025",="NUR490",
="800000762",="Present",="9/11/2025",="NUR490",
="800000762",="Present",="9/18/2025",="NUR490",
="800000762",="Present",="9/25/2025",="NUR490",
="800000762",="Present",="10/2/2025",="NUR490",
="800000762",="Present",="10/9/2025",="NUR490",
="800000762",="Present",="10/16/2025",="NUR490",
="800000762",="Present",="10/23/2025",="NUR490",
="800000762",="Present",="10/29/2025",="NUR490",
="800000762",="Present",="11/2/2025",="NUR490",
="800000762",="Present",="11/5/2025",="NUR490",
="800000762",="Present",="11/6/2025",="NUR490",
="800000762",="Present",="11/12/2025",="NUR490",
="800000762",="Present",="11/19/2025",="NUR490",
="800000762",="Present",="11/20/2025",="NUR490",
="800000762",="Present",="11/26/2025",="NUR490",
="800000762",="Present",="12/1/2025",="NUR490",
="800000762",="Present",="12/2/2025",="NUR490",
="800000762",="Present",="12/3/2025",="NUR490",
="800000762",="Present",="12/8/2025",="NUR490",
="800000762",="Present",="12/9/2025",="NUR490",
="800001892",="Present",="9/11/2025",="NUR125-L-P1",
="800001892",="Present",="9/18/2025",="NUR125-L-P1",
="800001892",="Present",="9/25/2025",="NUR125-L-P1",
="800001892",="Absent",="10/2/2025",="NUR125-L-P1",
="800001892",="Present",="10/9/2025",="NUR125-L-P1",
="800001892",="Present",="10/16/2025",="NUR125-L-P1",
="800001892",="Present",="11/6/2025",="NUR125-L-P1",
="800001892",="Present",="11/13/2025",="NUR125-L-P1",
="800001892",="Present",="11/20/2025",="NUR125-L-P1",
="800001892",="Present",="12/4/2025",="NUR125-L-P1",
="800001892",="Present",="12/11/2025",="NUR125-L-P1",
="800001892",="Absent",="9/4/2025",="NUR125-P",
="800001892",="Present",="9/11/2025",="NUR125-P",
="800001892",="Present",="9/18/2025",="NUR125-P",
="800001892",="Present",="9/25/2025",="NUR125-P",
="800001892",="Present",="10/2/2025",="NUR125-P",
="800001892",="Present",="10/9/2025",="NUR125-P",
="800001892",="Present",="11/6/2025",="NUR125-P",
="800001892",="Present",="11/13/2025",="NUR125-P",
="800001892",="Present",="11/20/2025",="NUR125-P",
="800001892",="Present",="12/4/2025",="NUR125-P",
="800001892",="Present",="12/11/2025",="NUR125-P",
="800001892",="Present",="9/10/2025",="PHARM130-P",
="800001892",="Present",="9/17/2025",="PHARM130-P",
="800001892",="Present",="9/24/2025",="PHARM130-P",
="800001892",="Present",="10/1/2025",="PHARM130-P",
="800001892",="Present",="10/8/2025",="PHARM130-P",
="800001892",="Present",="10/15/2025",="PHARM130-P",
="800001892",="Present",="10/22/2025",="PHARM130-P",
="800001892",="Present",="10/29/2025",="PHARM130-P",
="800001892",="Present",="11/5/2025",="PHARM130-P",
="800001892",="Present",="11/12/2025",="PHARM130-P",
="800001892",="Present",="11/19/2025",="PHARM130-P",
="800001892",="Present",="12/3/2025",="PHARM130-P",
="800001892",="Present",="12/10/2025",="PHARM130-P",
="770000452",="Present",="9/13/2025",="COL010 - OL II",
="770000452",="Present",="9/20/2025",="COL010 - OL II",
="770000452",="Present",="9/27/2025",="COL010 - OL II",
="800001563",="Present",="10/2/2025",="PHARM100-P2",
="800001563",="Present",="10/9/2025",="PHARM100-P2",
="800001563",="Present",="10/16/2025",="PHARM100-P2",
="800001563",="Present",="10/23/2025",="PHARM100-P2",
="800001563",="Present",="10/30/2025",="PHARM100-P2",
="800001563",="Present",="11/6/2025",="PHARM100-P2",
="800001563",="Present",="11/13/2025",="PHARM100-P2",
="800001563",="Present",="11/20/2025",="PHARM100-P2",
="800001563",="Present",="12/4/2025",="PHARM100-P2",
="800001563",="Present",="12/11/2025",="PHARM100-P2",
="800001471",="Present",="10/6/2025",="NUR135-L-P1",
="800001471",="Present",="10/20/2025",="NUR135-L-P1",
="800001471",="Absent",="9/8/2025",="NUR135-P",
="800001471",="Present",="9/15/2025",="NUR135-P",
="800001471",="Present",="9/22/2025",="NUR135-P",
="800001471",="Present",="9/29/2025",="NUR135-P",
="800001471",="Present",="10/13/2025",="NUR135-P",
="800001471",="Present",="11/3/2025",="NUR135-P",
="800001471",="Present",="11/10/2025",="NUR135-P",
="800001471",="Present",="11/17/2025",="NUR135-P",
="800001471",="Present",="11/24/2025",="NUR135-P",
="800001471",="Present",="12/1/2025",="NUR135-P",
="800001471",="Present",="12/8/2025",="NUR135-P",
="800001710",="Present",="10/2/2025",="PHARM100-P2",
="800001710",="Present",="10/9/2025",="PHARM100-P2",
="800001710",="Present",="10/16/2025",="PHARM100-P2",
="800001710",="Present",="10/23/2025",="PHARM100-P2",
="800001710",="Present",="10/30/2025",="PHARM100-P2",
="800001710",="Present",="11/6/2025",="PHARM100-P2",
="800001710",="Present",="11/13/2025",="PHARM100-P2",
="800001710",="Present",="11/20/2025",="PHARM100-P2",
="800001710",="Present",="12/4/2025",="PHARM100-P2",
="800001710",="Present",="12/11/2025",="PHARM100-P2",
="800001838",="Present",="9/6/2025",="COL010 - OL II",
="800001838",="Present",="9/13/2025",="COL010 - OL II",
="800001838",="Present",="9/20/2025",="COL010 - OL II",
="800001838",="Present",="9/27/2025",="COL010 - OL II",
="800001468",="Present",="9/10/2025",="NUR155-P",
="800001468",="Present",="9/17/2025",="NUR155-P",
="800001468",="Present",="9/24/2025",="NUR155-P",
="800001468",="Present",="10/1/2025",="NUR155-P",
="800001468",="Present",="10/8/2025",="NUR155-P",
="800001468",="Present",="10/15/2025",="NUR155-P",
="800001468",="Present",="10/22/2025",="NUR155-P",
="800001468",="Present",="10/29/2025",="NUR155-P",
="800001468",="Present",="11/5/2025",="NUR155-P",
="800001468",="Present",="11/12/2025",="NUR155-P",
="800001468",="Present",="11/19/2025",="NUR155-P",
="800001468",="Present",="11/26/2025",="NUR155-P",
="800001468",="Present",="12/3/2025",="NUR155-P",
="800001468",="Present",="12/10/2025",="NUR155-P",
="800001485",="Present",="9/17/2025",="NUR155-P",
="800001485",="Present",="9/24/2025",="NUR155-P",
="800001485",="Present",="10/1/2025",="NUR155-P",
="800001485",="Present",="10/8/2025",="NUR155-P",
="800001485",="Present",="10/15/2025",="NUR155-P",
="800001485",="Present",="10/22/2025",="NUR155-P",
="800001485",="Present",="10/29/2025",="NUR155-P",
="800001485",="Present",="11/5/2025",="NUR155-P",
="800001485",="Present",="11/12/2025",="NUR155-P",
="800001485",="Present",="11/19/2025",="NUR155-P",
="800001485",="Present",="11/26/2025",="NUR155-P",
="800001485",="Present",="12/3/2025",="NUR155-P",
="800001485",="Present",="12/10/2025",="NUR155-P",
="800001691",="Present",="9/16/2025",="NUR125-L-A1",
="800001691",="Present",="9/23/2025",="NUR125-L-A1",
="800001691",="Present",="9/30/2025",="NUR125-L-A1",
="800001691",="Present",="10/7/2025",="NUR125-L-A1",
="800001691",="Present",="10/14/2025",="NUR125-L-A1",
="800001691",="Present",="11/4/2025",="NUR125-L-A1",
="800001691",="Absent",="11/11/2025",="NUR125-L-A1",
="800001691",="Present",="11/18/2025",="NUR125-L-A1",
="800001691",="Present",="11/25/2025",="NUR125-L-A1",
="800001691",="Present",="12/2/2025",="NUR125-L-A1",
="800001517",="Present",="9/11/2025",="PHARM130-A",
="800001517",="Present",="9/18/2025",="PHARM130-A",
="800001517",="Present",="9/25/2025",="PHARM130-A",
="800001517",="Present",="10/2/2025",="PHARM130-A",
="800001517",="Present",="10/9/2025",="PHARM130-A",
="800001517",="Present",="10/16/2025",="PHARM130-A",
="800001517",="Present",="10/23/2025",="PHARM130-A",
="800001517",="Present",="10/30/2025",="PHARM130-A",
="800001517",="Present",="11/6/2025",="PHARM130-A",
="800001517",="Present",="11/13/2025",="PHARM130-A",
="800001517",="Present",="11/20/2025",="PHARM130-A",
="800001517",="Present",="12/4/2025",="PHARM130-A",
="800001735",="Present",="10/2/2025",="PHARM100-P2",
="800001735",="Present",="10/9/2025",="PHARM100-P2",
="800001735",="Present",="10/16/2025",="PHARM100-P2",
="800001735",="Present",="10/23/2025",="PHARM100-P2",
="800001735",="Present",="10/30/2025",="PHARM100-P2",
="800001735",="Present",="11/6/2025",="PHARM100-P2",
="800001735",="Present",="11/13/2025",="PHARM100-P2",
="800001735",="Present",="11/20/2025",="PHARM100-P2",
="800001735",="Present",="12/4/2025",="PHARM100-P2",
="800001735",="Present",="12/11/2025",="PHARM100-P2",
="800001963",="Present",="9/6/2025",="HUM200 -OL",
="800001963",="Present",="9/13/2025",="HUM200 -OL",
="800001963",="Present",="9/20/2025",="HUM200 -OL",
="800001963",="Present",="9/27/2025",="HUM200 -OL",
="800001963",="Present",="10/4/2025",="HUM200 -OL",
="800001963",="Present",="10/11/2025",="HUM200 -OL",
="800001963",="Present",="10/18/2025",="HUM200 -OL",
="800001963",="Present",="10/25/2025",="HUM200 -OL",
="800001963",="Present",="11/1/2025",="HUM200 -OL",
="800001963",="Present",="11/8/2025",="HUM200 -OL",
="800001963",="Present",="11/15/2025",="HUM200 -OL",
="800001963",="Present",="11/22/2025",="HUM200 -OL",
="800001963",="Present",="12/6/2025",="HUM200 -OL",
="800001959",="Absent",="9/6/2025",="SOC101 -OL",
="800001959",="Absent",="9/13/2025",="SOC101 -OL",
="800001959",="Present",="9/20/2025",="SOC101 -OL",
="800001959",="Present",="9/27/2025",="SOC101 -OL",
="800001959",="Present",="10/4/2025",="SOC101 -OL",
="800001959",="Present",="10/11/2025",="SOC101 -OL",
="800001959",="Present",="10/18/2025",="SOC101 -OL",
="800001959",="Present",="10/25/2025",="SOC101 -OL",
="800001959",="Present",="11/1/2025",="SOC101 -OL",
="800001959",="Present",="11/8/2025",="SOC101 -OL",
="800001959",="Present",="11/15/2025",="SOC101 -OL",
="800001959",="Present",="11/22/2025",="SOC101 -OL",
="800001959",="Present",="12/6/2025",="SOC101 -OL",
="800001958",="Absent",="9/6/2025",="SOC101 -OL",
="800001958",="Absent",="9/13/2025",="SOC101 -OL",
="800001958",="Present",="9/20/2025",="SOC101 -OL",
="800001958",="Present",="9/27/2025",="SOC101 -OL",
="800001958",="Present",="10/4/2025",="SOC101 -OL",
="800001958",="Present",="10/11/2025",="SOC101 -OL",
="800001958",="Present",="10/18/2025",="SOC101 -OL",
="800001958",="Present",="10/25/2025",="SOC101 -OL",
="800001958",="Present",="11/1/2025",="SOC101 -OL",
="800001958",="Present",="11/8/2025",="SOC101 -OL",
="800001958",="Present",="11/15/2025",="SOC101 -OL",
="800001958",="Present",="11/22/2025",="SOC101 -OL",
="800001958",="Present",="12/6/2025",="SOC101 -OL",
="800001733",="Present",="9/18/2025",="PHARM130-A",
="800001733",="Present",="9/25/2025",="PHARM130-A",
="800001733",="Present",="10/2/2025",="PHARM130-A",
="800001733",="Present",="10/9/2025",="PHARM130-A",
="800001733",="Present",="10/16/2025",="PHARM130-A",
="800001733",="Present",="10/23/2025",="PHARM130-A",
="800001733",="Present",="10/30/2025",="PHARM130-A",
="800001733",="Present",="11/6/2025",="PHARM130-A",
="800001733",="Present",="11/13/2025",="PHARM130-A",
="800001733",="Present",="11/20/2025",="PHARM130-A",
="800001733",="Present",="12/4/2025",="PHARM130-A",
="800001443",="Present",="9/18/2025",="PHARM130-A",
="800001443",="Present",="9/25/2025",="PHARM130-A",
="800001443",="Present",="10/2/2025",="PHARM130-A",
="800001443",="Present",="10/9/2025",="PHARM130-A",
="800001443",="Present",="10/16/2025",="PHARM130-A",
="800001443",="Present",="10/23/2025",="PHARM130-A",
="800001443",="Present",="10/30/2025",="PHARM130-A",
="800001443",="Present",="11/6/2025",="PHARM130-A",
="800001443",="Present",="11/13/2025",="PHARM130-A",
="800001443",="Present",="11/20/2025",="PHARM130-A",
="800001443",="Present",="12/4/2025",="PHARM130-A",
="800001884",="Present",="9/13/2025",="NUT100 -OL II",
="800001884",="Present",="9/20/2025",="NUT100 -OL II",
="800001884",="Present",="9/27/2025",="NUT100 -OL II",
="800001884",="Present",="10/4/2025",="NUT100 -OL II",
="800001884",="Present",="10/11/2025",="NUT100 -OL II",
="800001884",="Present",="10/18/2025",="NUT100 -OL II",
="800001884",="Present",="10/25/2025",="NUT100 -OL II",
="800001884",="Present",="11/1/2025",="NUT100 -OL II",
="800001884",="Present",="11/8/2025",="NUT100 -OL II",
="800001884",="Present",="11/15/2025",="NUT100 -OL II",
="800001884",="Present",="11/22/2025",="NUT100 -OL II",
="800001884",="Absent",="11/29/2025",="NUT100 -OL II",
="800001181",="Present",="9/13/2025",="ENG102 - OL",
="800001181",="Present",="9/20/2025",="ENG102 - OL",
="800001181",="Present",="9/27/2025",="ENG102 - OL",
="800001181",="Present",="10/4/2025",="ENG102 - OL",
="800001181",="Present",="10/11/2025",="ENG102 - OL",
="800001181",="Present",="10/18/2025",="ENG102 - OL",
="800001181",="Present",="10/25/2025",="ENG102 - OL",
="800001181",="Present",="11/1/2025",="ENG102 - OL",
="800001181",="Present",="11/8/2025",="ENG102 - OL",
="800001181",="Present",="11/15/2025",="ENG102 - OL",
="800001181",="Present",="11/22/2025",="ENG102 - OL",
="800001181",="Present",="9/6/2025",="HUM200 -OL",
="800001181",="Present",="9/13/2025",="HUM200 -OL",
="800001181",="Present",="9/20/2025",="HUM200 -OL",
="800001181",="Present",="9/27/2025",="HUM200 -OL",
="800001181",="Present",="10/4/2025",="HUM200 -OL",
="800001181",="Present",="10/11/2025",="HUM200 -OL",
="800001181",="Present",="10/18/2025",="HUM200 -OL",
="800001181",="Present",="10/25/2025",="HUM200 -OL",
="800001181",="Present",="11/1/2025",="HUM200 -OL",
="800001181",="Present",="11/8/2025",="HUM200 -OL",
="800001181",="Present",="11/15/2025",="HUM200 -OL",
="800001181",="Present",="11/22/2025",="HUM200 -OL",
="800001181",="Present",="12/6/2025",="HUM200 -OL",
="800001963",="Present",="9/20/2025",="SOC101 -OL",
="800001963",="Present",="9/27/2025",="SOC101 -OL",
="800001963",="Present",="10/4/2025",="SOC101 -OL",
="800001963",="Present",="10/11/2025",="SOC101 -OL",
="800001963",="Present",="10/18/2025",="SOC101 -OL",
="800001963",="Present",="10/25/2025",="SOC101 -OL",
="800001963",="Present",="11/1/2025",="SOC101 -OL",
="800001963",="Present",="11/8/2025",="SOC101 -OL",
="800001963",="Present",="11/15/2025",="SOC101 -OL",
="800001963",="Present",="11/22/2025",="SOC101 -OL",
="800001963",="Present",="12/6/2025",="SOC101 -OL",
="800001300",="Present",="9/22/2025",="NUR100 -A",
="800001300",="Present",="9/29/2025",="NUR100 -A",
="800001300",="Present",="10/6/2025",="NUR100 -A",
="800001300",="Absent",="10/13/2025",="NUR100 -A",
="800001300",="Present",="11/3/2025",="NUR100 -A",
="800001300",="Present",="11/10/2025",="NUR100 -A",
="800001300",="Present",="11/17/2025",="NUR100 -A",
="800001300",="Present",="11/24/2025",="NUR100 -A",
="800001300",="Present",="12/1/2025",="NUR100 -A",
="800001300",="Present",="12/8/2025",="NUR100 -A",
="800001300",="Absent",="9/18/2025",="PHARM130-A",
="800001300",="Present",="9/25/2025",="PHARM130-A",
="800001300",="Present",="10/2/2025",="PHARM130-A",
="800001300",="Present",="10/9/2025",="PHARM130-A",
="800001300",="Absent",="10/16/2025",="PHARM130-A",
="800001300",="Present",="10/23/2025",="PHARM130-A",
="800001300",="Absent",="10/30/2025",="PHARM130-A",
="800001300",="Present",="11/6/2025",="PHARM130-A",
="800001300",="Present",="11/13/2025",="PHARM130-A",
="800001300",="Present",="11/20/2025",="PHARM130-A",
="800001300",="Present",="12/4/2025",="PHARM130-A",
="800001300",="Present",="9/30/2025",="NUR120-A",
="800001300",="Present",="10/7/2025",="NUR120-A",
="800001300",="Present",="10/14/2025",="NUR120-A",
="800001300",="No class",="11/11/2025",="NUR120-A",
="800001300",="Present",="11/18/2025",="NUR120-A",
="800001300",="Absent",="11/25/2025",="NUR120-A",
="800001300",="Absent",="12/2/2025",="NUR120-A",
="800001849",="Present",="10/21/2025",="NUR100-C-A1",
="800001849",="Present",="10/28/2025",="NUR100-C-A1",
="800001888",="Present",="10/21/2025",="NUR100-C-A1",
="800001888",="Present",="10/28/2025",="NUR100-C-A1",
="800001234",="Present",="9/24/2025",="NUR270-P",
="800001234",="Present",="10/1/2025",="NUR270-P",
="800001234",="Present",="10/8/2025",="NUR270-P",
="800001234",="Present",="10/15/2025",="NUR270-P",
="800001234",="Present",="11/5/2025",="NUR270-P",
="800001234",="Present",="11/12/2025",="NUR270-P",
="800001234",="Present",="11/19/2025",="NUR270-P",
="800001234",="Present",="11/26/2025",="NUR270-P",
="800001234",="Present",="12/3/2025",="NUR270-P",
="800001234",="Present",="12/10/2025",="NUR270-P",
="800001234",="Present",="12/17/2025",="NUR270-P",
="800001351",="Present",="9/24/2025",="NUR155-P",
="800001351",="Present",="10/1/2025",="NUR155-P",
="800001351",="Present",="10/8/2025",="NUR155-P",
="800001351",="Present",="10/15/2025",="NUR155-P",
="800001351",="Present",="10/22/2025",="NUR155-P",
="800001351",="Present",="10/29/2025",="NUR155-P",
="800001351",="Present",="11/5/2025",="NUR155-P",
="800001351",="Present",="11/12/2025",="NUR155-P",
="800001351",="Present",="11/19/2025",="NUR155-P",
="800001351",="Present",="11/26/2025",="NUR155-P",
="800001351",="Present",="12/3/2025",="NUR155-P",
="800001351",="Present",="12/10/2025",="NUR155-P",
="800001950",="Present",="10/21/2025",="NUR100-C-A1",
="800001950",="Present",="10/28/2025",="NUR100-C-A1",
="800001882",="Present",="10/21/2025",="NUR100-C-A1",
="800001882",="Present",="10/28/2025",="NUR100-C-A1",
="800001874",="Present",="10/21/2025",="NUR100-C-A1",
="800001874",="Present",="10/28/2025",="NUR100-C-A1",
="800001846",="Absent",="10/21/2025",="NUR100-C-A2",
="800001846",="Present",="10/28/2025",="NUR100-C-A2",
="800001765",="Absent",="10/21/2025",="NUR100-C-A2",
="800001765",="Present",="10/28/2025",="NUR100-C-A2",
="800001892",="Present",="10/21/2025",="NUR100-C-A2",
="800001892",="Present",="10/28/2025",="NUR100-C-A2",
="800001934",="Present",="10/21/2025",="NUR100-C-A2",
="800001934",="Present",="10/28/2025",="NUR100-C-A2",
="800001901",="Present",="10/21/2025",="NUR100-C-A2",
="800001901",="Present",="10/28/2025",="NUR100-C-A2",
="800001878",="Present",="10/21/2025",="NUR100-C-A2",
="800001878",="Present",="10/28/2025",="NUR100-C-A2",
="800001960",="Absent",="10/21/2025",="NUR100-C-A2",
="800001960",="Absent",="10/28/2025",="NUR100-C-A2",
="800001823",="Absent",="10/21/2025",="NUR100-C-A2",
="800001823",="Present",="10/28/2025",="NUR100-C-A2",
="800001862",="Present",="10/21/2025",="NUR100-C-A2",
="800001862",="Present",="10/28/2025",="NUR100-C-A2",
="800001525",="Present",="9/22/2025",="NUR100-P",
="800001525",="Present",="9/29/2025",="NUR100-P",
="800001525",="Absent",="10/6/2025",="NUR100-P",
="800001525",="Present",="10/13/2025",="NUR100-P",
="800001525",="Present",="11/3/2025",="NUR100-P",
="800001525",="Present",="11/10/2025",="NUR100-P",
="800001525",="Present",="11/17/2025",="NUR100-P",
="800001525",="Present",="11/24/2025",="NUR100-P",
="800001525",="Absent",="12/1/2025",="NUR100-P",
="800001860",="Present",="10/25/2025",="NUR100-C-A3",
="800001860",="Present",="11/1/2025",="NUR100-C-A3",
="800001829",="Present",="10/25/2025",="NUR100-C-A3",
="800001829",="Present",="11/1/2025",="NUR100-C-A3",
="800001649",="Present",="10/25/2025",="NUR100-C-A3",
="800001649",="Present",="11/1/2025",="NUR100-C-A3",
="800001852",="Present",="10/25/2025",="NUR100-C-A3",
="800001852",="Present",="11/1/2025",="NUR100-C-A3",
="800001840",="Present",="10/25/2025",="NUR100-C-A3",
="800001840",="Present",="11/1/2025",="NUR100-C-A3",
="800001939",="Present",="10/25/2025",="NUR100-C-A3",
="800001939",="Present",="11/1/2025",="NUR100-C-A3",
="800001910",="Absent",="12/9/2025",="NUR100-C-P1",
="800001910",="Present",="12/16/2025",="NUR100-C-P1",
="800001784",="Absent",="12/9/2025",="NUR100-C-P1",
="800001784",="Absent",="12/16/2025",="NUR100-C-P1",
="800001867",="Present",="12/9/2025",="NUR100-C-P1",
="800001867",="Present",="12/16/2025",="NUR100-C-P1",
="800001864",="Absent",="12/9/2025",="NUR100-C-P1",
="800001864",="Present",="12/16/2025",="NUR100-C-P1",
="800001908",="Absent",="12/9/2025",="NUR100-C-P1",
="800001908",="Present",="12/16/2025",="NUR100-C-P1",
="800001723",="Present",="12/9/2025",="NUR100-C-P1",
="800001723",="Present",="12/16/2025",="NUR100-C-P1",
="800001905",="Absent",="12/9/2025",="NUR100-C-P1",
="800001905",="Present",="12/16/2025",="NUR100-C-P1",
="800001543",="Present",="12/9/2025",="NUR100-C-P1",
="800001543",="Present",="12/16/2025",="NUR100-C-P1",
="800001856",="Present",="12/6/2025",="NUR100-C-P2",
="800001856",="Present",="12/13/2025",="NUR100-C-P2",
="800001943",="Absent",="12/6/2025",="NUR100-C-P2",
="800001943",="Absent",="12/13/2025",="NUR100-C-P2",
="800001439",="Present",="12/6/2025",="NUR100-C-P2",
="800001439",="Present",="12/13/2025",="NUR100-C-P2",
="800001821",="Absent",="12/6/2025",="NUR100-C-P2",
="800001821",="Absent",="12/13/2025",="NUR100-C-P2",
="800001741",="Absent",="12/6/2025",="NUR100-C-P2",
="800001741",="Absent",="12/13/2025",="NUR100-C-P2",
="800001197",="Present",="12/6/2025",="NUR100-C-P2",
="800001197",="Present",="12/13/2025",="NUR100-C-P2",
="800001928",="Present",="12/6/2025",="NUR100-C-P2",
="800001928",="Present",="12/13/2025",="NUR100-C-P2",
="800001842",="Present",="12/6/2025",="NUR100-C-P2",
="800001842",="Present",="12/13/2025",="NUR100-C-P2",
="800001729",="No class",="10/20/2025",="NUR120-C-A1",
="800001729",="Present",="10/23/2025",="NUR120-C-A1",
="800001729",="Present",="10/27/2025",="NUR120-C-A1",
="800001729",="Present",="10/30/2025",="NUR120-C-A1",
="800001803",="No class",="10/20/2025",="NUR120-C-A1",
="800001803",="Present",="10/23/2025",="NUR120-C-A1",
="800001803",="Present",="10/27/2025",="NUR120-C-A1",
="800001803",="Present",="10/30/2025",="NUR120-C-A1",
="800001697",="No class",="10/20/2025",="NUR120-C-A1",
="800001697",="Present",="10/23/2025",="NUR120-C-A1",
="800001697",="Present",="10/27/2025",="NUR120-C-A1",
="800001697",="Present",="10/30/2025",="NUR120-C-A1",
="800001691",="No class",="10/20/2025",="NUR120-C-A1",
="800001691",="Present",="10/23/2025",="NUR120-C-A1",
="800001691",="Present",="10/27/2025",="NUR120-C-A1",
="800001691",="Present",="10/30/2025",="NUR120-C-A1",
="800001553",="No class",="10/20/2025",="NUR120-C-A1",
="800001553",="Present",="10/23/2025",="NUR120-C-A1",
="800001553",="Present",="10/27/2025",="NUR120-C-A1",
="800001553",="Present",="10/30/2025",="NUR120-C-A1",
="800001634",="Present",="10/17/2025",="NUR120-C-A2",
="800001634",="Present",="10/18/2025",="NUR120-C-A2",
="800001634",="Absent",="10/24/2025",="NUR120-C-A2",
="800001572",="No class",="10/17/2025",="NUR120-C-A2",
="800001572",="No class",="10/18/2025",="NUR120-C-A2",
="800001572",="Absent",="10/24/2025",="NUR120-C-A2",
="800001652",="No class",="10/17/2025",="NUR120-C-A2",
="800001652",="No class",="10/18/2025",="NUR120-C-A2",
="800001652",="No class",="10/24/2025",="NUR120-C-A2",
="800001652",="Present",="12/5/2025",="NUR120-C-A2",
="800001710",="Present",="10/17/2025",="NUR120-C-A2",
="800001710",="Present",="10/18/2025",="NUR120-C-A2",
="800001710",="Present",="10/24/2025",="NUR120-C-A2",
="800001711",="Present",="10/17/2025",="NUR120-C-P1",
="800001711",="Present",="10/20/2025",="NUR120-C-P1",
="800001735",="Present",="10/20/2025",="NUR120-C-P1",
="800001735",="Present",="12/8/2025",="NUR120-C-P1",
="800001802",="Tardy/Late excused",="10/20/2025",="NUR120-C-P1",
="800001434",="Present",="10/20/2025",="NUR120-C-P1",
="800001434",="Present",="12/8/2025",="NUR120-C-P1",
="800001798",="Present",="10/24/2025",="NUR120-C-P2",
="800001798",="Present",="10/28/2025",="NUR120-C-P2",
="800001724",="Present",="10/24/2025",="NUR120-C-P2",
="800001724",="Present",="10/28/2025",="NUR120-C-P2",
="800001708",="Present",="10/24/2025",="NUR120-C-P2",
="800001708",="Present",="10/28/2025",="NUR120-C-P2",
="800001714",="Present",="10/24/2025",="NUR120-C-P2",
="800001714",="Present",="10/28/2025",="NUR120-C-P2",
="800001580",="Present",="10/24/2025",="NUR120-C-P2",
="800001580",="Present",="10/28/2025",="NUR120-C-P2",
="800001778",="Present",="11/1/2025",="NUR120-C-P3",
="800001778",="Present",="11/2/2025",="NUR120-C-P3",
="800001778",="Present",="12/13/2025",="NUR120-C-P3",
="800001633",="Present",="12/14/2025",="NUR120-C-P3",
="800001695",="Present",="11/1/2025",="NUR120-C-P3",
="800001695",="Present",="11/2/2025",="NUR120-C-P3",
="800001695",="Present",="12/13/2025",="NUR120-C-P3",
="800001695",="Present",="12/14/2025",="NUR120-C-P3",
="800001761",="Present",="11/1/2025",="NUR120-C-P3",
="800001761",="Present",="11/2/2025",="NUR120-C-P3",
="800001761",="Present",="12/13/2025",="NUR120-C-P3",
="800001761",="Present",="12/14/2025",="NUR120-C-P3",
="800001776",="Present",="11/1/2025",="NUR120-C-P3",
="800001776",="Present",="11/2/2025",="NUR120-C-P3",
="800001776",="Present",="12/13/2025",="NUR120-C-P3",
="800001776",="Present",="12/14/2025",="NUR120-C-P3",
="800000785",="Present",="12/13/2025",="NUR140-C-P2",
="800001030",="Present",="12/19/2025",="NUR140-C-P2",
="800001265",="Present",="12/19/2025",="NUR140-C-P2",
="800001204",="Present",="10/18/2025",="NUR150-C-A1",
="800001204",="Present",="10/19/2025",="NUR150-C-A1",
="800001204",="Present",="10/25/2025",="NUR150-C-A1",
="800001204",="Present",="10/26/2025",="NUR150-C-A1",
="800001587",="Present",="10/18/2025",="NUR150-C-A1",
="800001587",="Present",="10/19/2025",="NUR150-C-A1",
="800001587",="Present",="10/25/2025",="NUR150-C-A1",
="800001587",="Present",="10/26/2025",="NUR150-C-A1",
="800000785",="Present",="10/18/2025",="NUR150-C-A1",
="800000785",="Present",="10/19/2025",="NUR150-C-A1",
="800000785",="Present",="10/25/2025",="NUR150-C-A1",
="800000785",="Present",="10/26/2025",="NUR150-C-A1",
="800001265",="Present",="10/18/2025",="NUR150-C-A1",
="800001265",="Present",="10/19/2025",="NUR150-C-A1",
="800001265",="Present",="10/25/2025",="NUR150-C-A1",
="800001265",="Present",="10/26/2025",="NUR150-C-A1",
="800000079",="Present",="10/18/2025",="NUR150-C-A1",
="800000079",="Present",="10/19/2025",="NUR150-C-A1",
="800000079",="Present",="10/25/2025",="NUR150-C-A1",
="800000079",="Present",="10/26/2025",="NUR150-C-A1",
="800001403",="Present",="10/18/2025",="NUR150-C-A1",
="800001403",="Present",="10/19/2025",="NUR150-C-A1",
="800001403",="Present",="10/25/2025",="NUR150-C-A1",
="800001403",="Present",="10/26/2025",="NUR150-C-A1",
="770000107",="Present",="9/24/2025",="NUR270-P",
="770000107",="Present",="10/1/2025",="NUR270-P",
="770000107",="Present",="10/8/2025",="NUR270-P",
="770000107",="Present",="10/15/2025",="NUR270-P",
="770000107",="Present",="11/5/2025",="NUR270-P",
="770000107",="Present",="11/12/2025",="NUR270-P",
="770000107",="Present",="11/19/2025",="NUR270-P",
="770000107",="Present",="11/26/2025",="NUR270-P",
="770000107",="Present",="12/3/2025",="NUR270-P",
="770000107",="Present",="12/10/2025",="NUR270-P",
="770000107",="Present",="12/17/2025",="NUR270-P",
="800001502",="Present",="12/11/2025",="NUR150-C-A2",
="800001502",="Present",="12/18/2025",="NUR150-C-A2",
="800001417",="Present",="12/11/2025",="NUR150-C-A2",
="800001417",="Present",="12/18/2025",="NUR150-C-A2",
="800001468",="Present",="12/11/2025",="NUR150-C-A2",
="800001468",="Present",="12/18/2025",="NUR150-C-A2",
="800001657",="Present",="12/11/2025",="NUR150-C-A2",
="800001657",="Present",="12/18/2025",="NUR150-C-A2",
="800001598",="Present",="12/11/2025",="NUR150-C-A2",
="800001598",="Present",="12/18/2025",="NUR150-C-A2",
="800001668",="Present",="12/11/2025",="NUR150-C-A2",
="800001668",="Present",="12/18/2025",="NUR150-C-A2",
="800001427",="Present",="12/11/2025",="NUR150-C-A2",
="800001427",="Present",="12/18/2025",="NUR150-C-A2",
="800001642",="Present",="10/20/2025",="NUR150-C-A3",
="800001642",="Present",="10/22/2025",="NUR150-C-A3",
="800001642",="Present",="12/8/2025",="NUR150-C-A3",
="800001642",="Present",="12/10/2025",="NUR150-C-A3",
="800001642",="Present",="12/15/2025",="NUR150-C-A3",
="800001642",="Present",="12/17/2025",="NUR150-C-A3",
="800001666",="Present",="10/20/2025",="NUR150-C-A3",
="800001666",="Present",="10/22/2025",="NUR150-C-A3",
="800001666",="Present",="12/8/2025",="NUR150-C-A3",
="800001666",="Present",="12/10/2025",="NUR150-C-A3",
="800001666",="Present",="12/15/2025",="NUR150-C-A3",
="800001666",="Present",="12/17/2025",="NUR150-C-A3",
="800001681",="Present",="10/20/2025",="NUR150-C-A3",
="800001681",="Present",="10/22/2025",="NUR150-C-A3",
="800001681",="Present",="12/8/2025",="NUR150-C-A3",
="800001681",="Present",="12/10/2025",="NUR150-C-A3",
="800001681",="Present",="12/15/2025",="NUR150-C-A3",
="800001681",="Present",="12/17/2025",="NUR150-C-A3",
="800001688",="Present",="10/20/2025",="NUR150-C-A3",
="800001688",="Present",="10/22/2025",="NUR150-C-A3",
="800001688",="Present",="12/8/2025",="NUR150-C-A3",
="800001688",="Present",="12/10/2025",="NUR150-C-A3",
="800001688",="Present",="12/15/2025",="NUR150-C-A3",
="800001688",="Present",="12/17/2025",="NUR150-C-A3",
="800001928",="Present",="9/23/2025",="NUR100-L-P2",
="800001928",="Present",="9/30/2025",="NUR100-L-P2",
="800001928",="Present",="10/7/2025",="NUR100-L-P2",
="800001928",="Present",="10/14/2025",="NUR100-L-P2",
="800001928",="Absent",="10/21/2025",="NUR100-L-P2",
="800001928",="Absent",="10/28/2025",="NUR100-L-P2",
="800001928",="Present",="11/4/2025",="NUR100-L-P2",
="800001928",="Present",="11/18/2025",="NUR100-L-P2",
="800001928",="Present",="11/25/2025",="NUR100-L-P2",
="800001928",="Present",="12/2/2025",="NUR100-L-P2",
="800001557",="Present",="10/19/2025",="NUR150-C-A4",
="800001557",="Present",="10/26/2025",="NUR150-C-A4",
="800001557",="Present",="12/13/2025",="NUR150-C-A4",
="800001419",="Present",="10/19/2025",="NUR150-C-A4",
="800001419",="Present",="10/26/2025",="NUR150-C-A4",
="800001419",="Present",="12/13/2025",="NUR150-C-A4",
="800001605",="Present",="10/19/2025",="NUR150-C-A4",
="800001605",="Present",="10/26/2025",="NUR150-C-A4",
="800001605",="Present",="12/13/2025",="NUR150-C-A4",
="800001511",="Present",="10/19/2025",="NUR150-C-A4",
="800001511",="Present",="10/26/2025",="NUR150-C-A4",
="800001511",="Present",="12/13/2025",="NUR150-C-A4",
="800001030",="Present",="10/19/2025",="NUR150-C-A4",
="800001030",="Present",="10/26/2025",="NUR150-C-A4",
="800001030",="Present",="12/13/2025",="NUR150-C-A4",
="800001533",="Present",="10/19/2025",="NUR150-C-A4",
="800001533",="Present",="10/26/2025",="NUR150-C-A4",
="800000659",="Present",="10/19/2025",="NUR150-C-A4",
="800000659",="Present",="10/26/2025",="NUR150-C-A4",
="800000659",="Present",="12/13/2025",="NUR150-C-A4",
="800001484",="Present",="12/11/2025",="NUR150-C-A5",
="800001484",="Present",="12/12/2025",="NUR150-C-A5",
="800001530",="Present",="12/11/2025",="NUR150-C-A5",
="800001530",="Present",="12/12/2025",="NUR150-C-A5",
="800001530",="Present",="12/18/2025",="NUR150-C-A5",
="800001528",="Present",="12/11/2025",="NUR150-C-A5",
="800001528",="Present",="12/12/2025",="NUR150-C-A5",
="800001528",="Present",="12/18/2025",="NUR150-C-A5",
="800001534",="Present",="12/11/2025",="NUR150-C-A5",
="800001534",="Present",="12/12/2025",="NUR150-C-A5",
="800001534",="Present",="12/18/2025",="NUR150-C-A5",
="800001505",="Present",="12/11/2025",="NUR150-C-A5",
="800001505",="Present",="12/12/2025",="NUR150-C-A5",
="800001505",="Present",="12/18/2025",="NUR150-C-A5",
="800001198",="Present",="12/11/2025",="NUR150-C-A5",
="800001198",="Present",="12/12/2025",="NUR150-C-A5",
="800001198",="Present",="12/18/2025",="NUR150-C-A5",
="800001586",="Present",="12/11/2025",="NUR150-C-A5",
="800001586",="Present",="12/12/2025",="NUR150-C-A5",
="800001586",="Present",="12/18/2025",="NUR150-C-A5",
="800001593",="Present",="12/11/2025",="NUR150-C-A5",
="800001593",="Present",="12/12/2025",="NUR150-C-A5",
="800001593",="Present",="12/18/2025",="NUR150-C-A5",
="800001508",="Present",="12/11/2025",="NUR150-C-A5",
="800001508",="Present",="12/12/2025",="NUR150-C-A5",
="800001508",="Present",="12/18/2025",="NUR150-C-A5",
="800001459",="Present",="12/11/2025",="NUR150-C-A5",
="800001459",="Present",="12/12/2025",="NUR150-C-A5",
="800001459",="Present",="12/18/2025",="NUR150-C-A5",
="800001298",="Absent",="9/10/2025",="PHARM130-P",
="800001298",="Absent",="9/24/2025",="PHARM130-P",
="800001298",="Present",="10/1/2025",="PHARM130-P",
="800001298",="Absent",="10/8/2025",="PHARM130-P",
="800001298",="Present",="10/15/2025",="PHARM130-P",
="800001298",="Absent",="10/22/2025",="PHARM130-P",
="800001298",="Absent",="10/29/2025",="PHARM130-P",
="800001298",="Present",="11/5/2025",="PHARM130-P",
="800001298",="Present",="11/12/2025",="PHARM130-P",
="800001298",="Present",="11/19/2025",="PHARM130-P",
="800001298",="Absent",="12/3/2025",="PHARM130-P",
="800001298",="Present",="12/10/2025",="PHARM130-P",
="800001298",="Absent",="9/29/2025",="NUR100 -A",
="800001298",="Absent",="10/6/2025",="NUR100 -A",
="800001298",="Absent",="10/13/2025",="NUR100 -A",
="800001298",="Present",="11/3/2025",="NUR100 -A",
="800001298",="Present",="11/10/2025",="NUR100 -A",
="800001298",="Present",="11/17/2025",="NUR100 -A",
="800001298",="Present",="11/24/2025",="NUR100 -A",
="800001298",="Absent",="12/1/2025",="NUR100 -A",
="800001298",="Present",="12/8/2025",="NUR100 -A",
="800001298",="Absent",="9/30/2025",="NUR120 -P",
="800001298",="Absent",="10/7/2025",="NUR120 -P",
="800001298",="Present",="10/14/2025",="NUR120 -P",
="800001298",="Absent",="11/11/2025",="NUR120 -P",
="800001298",="Absent",="11/18/2025",="NUR120 -P",
="800001298",="Absent",="11/25/2025",="NUR120 -P",
="800001298",="Absent",="12/2/2025",="NUR120 -P",
="800001298",="Absent",="9/18/2025",="NUR140-A",
="800001298",="Absent",="9/25/2025",="NUR140-A",
="800001298",="Present",="10/2/2025",="NUR140-A",
="800001298",="Present",="10/9/2025",="NUR140-A",
="800001298",="Present",="10/16/2025",="NUR140-A",
="800001298",="Present",="11/6/2025",="NUR140-A",
="800001298",="No class",="11/13/2025",="NUR140-A",
="800001298",="Absent",="11/20/2025",="NUR140-A",
="800001330",="Absent",="9/24/2025",="NUR135-A",
="800001330",="Absent",="10/1/2025",="NUR135-A",
="800001330",="No class",="10/15/2025",="NUR135-A",
="800001330",="Present",="11/12/2025",="NUR135-A",
="800001330",="Present",="11/26/2025",="NUR135-A",
="800001330",="Present",="12/3/2025",="NUR135-A",
="800001330",="Present",="10/9/2025",="PHARM130-A",
="800001330",="Absent",="10/16/2025",="PHARM130-A",
="800001330",="Present",="10/23/2025",="PHARM130-A",
="800001330",="Present",="10/30/2025",="PHARM130-A",
="800001330",="Present",="11/6/2025",="PHARM130-A",
="800001330",="Present",="11/13/2025",="PHARM130-A",
="800001330",="Present",="11/20/2025",="PHARM130-A",
="800001330",="Present",="12/4/2025",="PHARM130-A",
="800001634",="Absent",="10/27/2025",="NUR135-C-A1",
="800001484",="Present",="10/27/2025",="NUR135-C-A1",
="800001751",="Present",="10/27/2025",="NUR135-C-A1",
="800001769",="Present",="10/27/2025",="NUR135-C-A1",
="800001650",="Present",="10/27/2025",="NUR135-C-A1",
="800001667",="Absent",="10/27/2025",="NUR135-C-A1",
="800001740",="Present",="10/27/2025",="NUR135-C-A1",
="800001802",="Present",="10/28/2025",="NUR135-C-A2",
="800001789",="Present",="10/28/2025",="NUR135-C-A2",
="800001793",="Present",="10/28/2025",="NUR135-C-A2",
="800001803",="Present",="10/28/2025",="NUR135-C-A2",
="800001712",="Present",="10/28/2025",="NUR135-C-A2",
="800001691",="Absent",="10/28/2025",="NUR135-C-A2",
="800001497",="Absent excused",="11/19/2025",="NUR145-C-A1",
="800001502",="Present",="12/10/2025",="NUR145-C-A3",
="800001668",="Present",="12/10/2025",="NUR145-C-A3",
="800001459",="Absent",="12/10/2025",="NUR145-C-A3",
="800001001",="Present",="12/10/2025",="NUR145-C-A3",
="770062456",="Present",="12/10/2025",="NUR145-C-A3",
="800001403",="Present",="12/10/2025",="NUR145-C-A3",
="800001427",="Present",="12/10/2025",="NUR145-C-A3",
="800001562",="Present",="12/8/2025",="NUR216-C-P1",
="800000934",="Present",="10/20/2025",="NUR245-C-P1",
="800000934",="Present",="10/21/2025",="NUR245-C-P1",
="800001268",="Present",="10/20/2025",="NUR245-C-P1",
="800001268",="Present",="10/21/2025",="NUR245-C-P1",
="800001410",="Absent",="10/20/2025",="NUR245-C-P1",
="800001410",="Absent",="10/21/2025",="NUR245-C-P1",
="770000409",="Present",="10/20/2025",="NUR245-C-P1",
="770000409",="Present",="10/21/2025",="NUR245-C-P1",
="800001318",="Present",="10/20/2025",="NUR245-C-P1",
="800001318",="Present",="10/21/2025",="NUR245-C-P1",
="770017870",="Present",="10/20/2025",="NUR245-C-P1",
="770017870",="Present",="10/21/2025",="NUR245-C-P1",
="800001292",="Present",="10/20/2025",="NUR245-C-P1",
="800001292",="Present",="10/21/2025",="NUR245-C-P1",
="800000649",="Present",="10/10/2025",="NUR255-C-P1",
="800000649",="Present",="10/11/2025",="NUR255-C-P1",
="800001276",="Present",="10/10/2025",="NUR255-C-P1",
="800001276",="Present",="10/11/2025",="NUR255-C-P1",
="800001679",="Present",="10/10/2025",="NUR255-C-P1",
="800001679",="Present",="10/11/2025",="NUR255-C-P1",
="770007073",="Present",="10/10/2025",="NUR255-C-P1",
="770007073",="Present",="10/11/2025",="NUR255-C-P1",
="800000879",="Present",="10/10/2025",="NUR255-C-P1",
="800000879",="Present",="10/11/2025",="NUR255-C-P1",
="800001147",="Present",="10/10/2025",="NUR255-C-P1",
="800001147",="Present",="10/11/2025",="NUR255-C-P1",
="800001513",="Present",="10/15/2025",="NUR265-C-P1",
="800001513",="Present",="10/22/2025",="NUR265-C-P1",
="800001425",="Present",="10/2/2025",="NUR155-A",
="800001425",="Present",="10/9/2025",="NUR155-A",
="800001425",="Present",="10/16/2025",="NUR155-A",
="800001425",="No class",="10/23/2025",="NUR155-A",
="800001425",="Present",="11/6/2025",="NUR155-A",
="800001425",="Present",="11/13/2025",="NUR155-A",
="800001425",="Present",="11/20/2025",="NUR155-A",
="800000230",="Present",="10/2/2025",="NUR155-A",
="800000230",="Present",="10/9/2025",="NUR155-A",
="800000230",="Present",="10/16/2025",="NUR155-A",
="800000230",="No class",="10/23/2025",="NUR155-A",
="800000230",="Present",="10/30/2025",="NUR155-A",
="800000230",="Present",="11/6/2025",="NUR155-A",
="800000230",="Present",="11/13/2025",="NUR155-A",
="800000230",="Present",="11/20/2025",="NUR155-A",
="800000230",="Present",="12/4/2025",="NUR155-A",
="800001259",="Present",="10/2/2025",="NUR155-A",
="800001259",="Present",="10/9/2025",="NUR155-A",
="800001259",="Present",="10/16/2025",="NUR155-A",
="800001259",="No class",="10/23/2025",="NUR155-A",
="800001259",="Present",="10/30/2025",="NUR155-A",
="800001259",="Absent",="11/6/2025",="NUR155-A",
="800001259",="Absent",="11/13/2025",="NUR155-A",
="800001259",="Present",="11/20/2025",="NUR155-A",
="800001259",="Present",="12/4/2025",="NUR155-A",
="800001324",="Present",="10/2/2025",="NUR155-A",
="800001324",="Present",="10/9/2025",="NUR155-A",
="800001324",="No class",="10/23/2025",="NUR155-A",
="800001324",="Present",="10/30/2025",="NUR155-A",
="800001324",="Absent",="11/6/2025",="NUR155-A",
="800001324",="Absent",="11/13/2025",="NUR155-A",
="800001324",="Absent",="11/20/2025",="NUR155-A",
="800001324",="Present",="12/4/2025",="NUR155-A",
="800000894",="Present",="10/2/2025",="NUR270-A",
="800000894",="Present",="10/9/2025",="NUR270-A",
="800000894",="Present",="10/16/2025",="NUR270-A",
="800000894",="No class",="10/23/2025",="NUR270-A",
="800000894",="Present",="10/27/2025",="NUR270-A",
="800000894",="Present",="10/28/2025",="NUR270-A",
="800000894",="Present",="10/29/2025",="NUR270-A",
="800000894",="Present",="10/30/2025",="NUR270-A",
="800000894",="Present",="11/6/2025",="NUR270-A",
="800000894",="Present",="11/13/2025",="NUR270-A",
="800000894",="Present",="11/20/2025",="NUR270-A",
="800000894",="Present",="12/4/2025",="NUR270-A",
="800001557",="Present",="10/17/2025",="NUR140 -C-A1",
="800001557",="Absent",="10/18/2025",="NUR140 -C-A1",
="800001502",="Present",="10/17/2025",="NUR140 -C-A1",
="800001502",="Present",="10/18/2025",="NUR140 -C-A1",
="800001642",="Present",="10/17/2025",="NUR140 -C-A1",
="800001642",="Present",="10/18/2025",="NUR140 -C-A1",
="800000228",="Present",="10/17/2025",="NUR140 -C-A1",
="800000228",="Present",="10/18/2025",="NUR140 -C-A1",
="800001701",="Present",="10/17/2025",="NUR140 -C-A1",
="800001701",="Absent",="10/18/2025",="NUR140 -C-A1",
="800001681",="Present",="10/17/2025",="NUR140 -C-A1",
="800001681",="Present",="10/18/2025",="NUR140 -C-A1",
="800001532",="Present",="10/17/2025",="NUR140 -C-A1",
="800001532",="Absent",="10/18/2025",="NUR140 -C-A1",
="800001204",="Present",="10/17/2025",="NUR140 -C-A1",
="800001204",="Absent",="10/18/2025",="NUR140 -C-A1",
="800000659",="Present",="10/17/2025",="NUR140 -C-A1",
="800000659",="Present",="10/18/2025",="NUR140 -C-A1",
="800001378",="Present",="10/24/2025",="NUR140 -C-A2",
="800001415",="Present",="10/24/2025",="NUR140 -C-A2",
="800001666",="Present",="10/24/2025",="NUR140 -C-A2",
="800001528",="Present",="10/24/2025",="NUR140 -C-A2",
="800000785",="Present",="10/24/2025",="NUR140 -C-A2",
="800001030",="Present",="10/24/2025",="NUR140 -C-A2",
="800001445",="Present",="10/24/2025",="NUR140 -C-A2",
="800001468",="Present",="10/24/2025",="NUR140 -C-A2",
="800001204",="Present",="10/24/2025",="NUR140 -C-A2",
="800001529",="No class",="10/21/2025",="NUR216-C-P2",
="800001529",="No class",="10/28/2025",="NUR216-C-P2",
="800001529",="Present",="12/9/2025",="NUR216-C-P2",
="800001104",="No class",="10/21/2025",="NUR216-C-P2",
="800001104",="No class",="10/28/2025",="NUR216-C-P2",
="800001104",="Absent",="12/9/2025",="NUR216-C-P2",
="800001673",="No class",="10/21/2025",="NUR216-C-P2",
="800001673",="No class",="10/28/2025",="NUR216-C-P2",
="800001917",="Present",="10/2/2025",="PHARM100-P2",
="800001917",="Present",="10/9/2025",="PHARM100-P2",
="800001917",="Present",="10/16/2025",="PHARM100-P2",
="800001917",="Present",="10/23/2025",="PHARM100-P2",
="800001917",="Present",="10/30/2025",="PHARM100-P2",
="800001917",="Present",="11/6/2025",="PHARM100-P2",
="800001917",="Present",="11/13/2025",="PHARM100-P2",
="800001917",="Present",="11/20/2025",="PHARM100-P2",
="800001917",="Present",="12/4/2025",="PHARM100-P2",
="800001917",="Present",="12/11/2025",="PHARM100-P2",
="800000952",="Absent",="10/13/2025",="NUR100 -A",
="800000952",="Absent",="11/3/2025",="NUR100 -A",
="800000952",="Present",="11/10/2025",="NUR100 -A",
="800000952",="Present",="11/17/2025",="NUR100 -A",
="800000952",="Present",="11/24/2025",="NUR100 -A",
="800000952",="Absent",="12/1/2025",="NUR100 -A",
="800000952",="Present",="12/8/2025",="NUR100 -A",
="800000952",="Absent",="10/7/2025",="NUR120-A",
="800000952",="Absent",="10/14/2025",="NUR120-A",
="800000952",="Absent",="11/11/2025",="NUR120-A",
="800000952",="Absent",="11/18/2025",="NUR120-A",
="800000952",="Absent",="11/25/2025",="NUR120-A",
="800000952",="Absent",="12/2/2025",="NUR120-A",
="800001330",="Absent",="10/17/2025",="NUR120-L-P1",
="800001330",="No class",="11/7/2025",="NUR120-L-P1",
="800001330",="No class",="11/14/2025",="NUR120-L-P1",
="800001330",="Absent",="10/8/2025",="NUR135-L-A1",
="800001330",="Present",="10/7/2025",="NUR120-A",
="800001330",="Present",="10/14/2025",="NUR120-A",
="800001330",="No class",="11/11/2025",="NUR120-A",
="800001330",="Present",="11/18/2025",="NUR120-A",
="800001330",="Absent",="11/25/2025",="NUR120-A",
="800001330",="Absent",="12/2/2025",="NUR120-A",
="800001689",="Absent",="10/9/2025",="PHARM100-P2",
="800001689",="Present",="10/16/2025",="PHARM100-P2",
="800001689",="Present",="10/23/2025",="PHARM100-P2",
="800001689",="Present",="10/30/2025",="PHARM100-P2",
="800001689",="Present",="11/6/2025",="PHARM100-P2",
="800001689",="Present",="11/13/2025",="PHARM100-P2",
="800001689",="Present",="11/20/2025",="PHARM100-P2",
="800001689",="Present",="12/4/2025",="PHARM100-P2",
="800001689",="Present",="12/11/2025",="PHARM100-P2",
="800001784",="No class",="10/1/2025",="PHARM100-P",
="800001784",="No class",="10/8/2025",="PHARM100-P",
="800001784",="Absent",="10/15/2025",="PHARM100-P",
="800001784",="Absent",="10/22/2025",="PHARM100-P",
="800001633",="No class",="10/20/2025",="NUR120-C-A1",
="800001633",="Present",="10/23/2025",="NUR120-C-A1",
="800001633",="Present",="10/27/2025",="NUR120-C-A1",
="800001633",="Present",="10/30/2025",="NUR120-C-A1",
="800000878",="Present",="12/4/2025",="NUR236-P",
="800000878",="Present",="11/17/2025",="NUR216-A-L",
="800000878",="Present",="12/1/2025",="NUR216-A-L",
="800000878",="Present",="11/3/2025",="NUR216 -A",
="800000878",="Absent",="11/10/2025",="NUR216 -A",
="800000878",="Present",="11/17/2025",="NUR216 -A",
="800000878",="Present",="11/24/2025",="NUR216 -A",
="800000878",="Present",="12/1/2025",="NUR216 -A",
="800000878",="Present",="12/8/2025",="NUR216 -A",
="800001801",="Present",="10/21/2025",="NUR100-C-A2",
="800001801",="Present",="10/28/2025",="NUR100-C-A2",
="800001821",="Present",="10/21/2025",="NUR100-C-A1",
="800001821",="Present",="10/28/2025",="NUR100-C-A1",
="800001917",="Present",="10/21/2025",="NUR100-C-A1",
="800001917",="Present",="10/28/2025",="NUR100-C-A1",
="800001876",="Present",="11/1/2025",="NUR100-C-A3",
="800001963",="Present",="11/1/2025",="NUR100-C-A3",
="800001846",="Absent",="11/1/2025",="NUR100-C-A3",
="800001766",="Absent",="12/6/2025",="NUR100-C-P2",
="800001766",="Absent",="12/13/2025",="NUR100-C-P2",
="800001771",="No class",="10/20/2025",="NUR120-C-A1",
="800001771",="Present",="10/23/2025",="NUR120-C-A1",
="800001771",="Present",="10/27/2025",="NUR120-C-A1",
="800001771",="Present",="10/30/2025",="NUR120-C-A1",
="800001813",="Present",="10/17/2025",="NUR120-C-A2",
="800001813",="Present",="10/18/2025",="NUR120-C-A2",
="800001813",="Present",="10/24/2025",="NUR120-C-A2",
="800001813",="Present",="12/5/2025",="NUR120-C-A2",
="800001813",="Present",="12/6/2025",="NUR120-C-A2",
="800001711",="Present",="10/17/2025",="NUR120-C-A2",
="800001711",="Present",="10/18/2025",="NUR120-C-A2",
="800001711",="No class",="10/24/2025",="NUR120-C-A2",
="800001711",="Present",="12/5/2025",="NUR120-C-A2",
="800001711",="Present",="12/6/2025",="NUR120-C-A2",
="800001775",="Present",="10/17/2025",="NUR120-C-A2",
="800001775",="Present",="10/18/2025",="NUR120-C-A2",
="800001775",="Present",="10/24/2025",="NUR120-C-A2",
="800001775",="Present",="12/5/2025",="NUR120-C-A2",
="800001775",="Present",="12/6/2025",="NUR120-C-A2",
="800001751",="Present",="10/17/2025",="NUR120-C-A2",
="800001751",="Present",="10/18/2025",="NUR120-C-A2",
="800001751",="Present",="10/24/2025",="NUR120-C-A2",
="800001751",="Present",="12/5/2025",="NUR120-C-A2",
="800001751",="Present",="12/6/2025",="NUR120-C-A2",
="800001769",="Present",="10/17/2025",="NUR120-C-A2",
="800001769",="Present",="10/18/2025",="NUR120-C-A2",
="800001769",="Present",="10/24/2025",="NUR120-C-A2",
="800001769",="Present",="12/5/2025",="NUR120-C-A2",
="800001769",="Present",="12/6/2025",="NUR120-C-A2",
="800001802",="Absent",="10/17/2025",="NUR120-C-A2",
="800001802",="No class",="10/18/2025",="NUR120-C-A2",
="800001802",="Present",="10/24/2025",="NUR120-C-A2",
="800001655",="No class",="10/17/2025",="NUR120-C-A2",
="800001655",="No class",="10/18/2025",="NUR120-C-A2",
="800001655",="No class",="10/24/2025",="NUR120-C-A2",
="800001655",="Present",="12/5/2025",="NUR120-C-A2",
="800001644",="No class",="10/17/2025",="NUR120-C-A2",
="800001644",="No class",="10/18/2025",="NUR120-C-A2",
="800001644",="No class",="10/24/2025",="NUR120-C-A2",
="800001625",="Present",="10/17/2025",="NUR120-C-P1",
="800001625",="Present",="10/20/2025",="NUR120-C-P1",
="800001625",="Present",="12/8/2025",="NUR120-C-P1",
="800001572",="Present",="10/17/2025",="NUR120-C-P1",
="800001572",="Present",="10/20/2025",="NUR120-C-P1",
="800001572",="Absent",="12/8/2025",="NUR120-C-P1",
="800001655",="Present",="10/17/2025",="NUR120-C-P1",
="800001655",="Tardy/Late excused",="10/20/2025",="NUR120-C-P1",
="800001655",="Present",="12/8/2025",="NUR120-C-P1",
="800001644",="Present",="10/17/2025",="NUR120-C-P1",
="800001644",="Tardy/Late",="10/20/2025",="NUR120-C-P1",
="800001644",="Present",="12/8/2025",="NUR120-C-P1",
="800001563",="Present",="10/17/2025",="NUR120-C-P1",
="800001563",="Present",="10/20/2025",="NUR120-C-P1",
="800001563",="Present",="12/8/2025",="NUR120-C-P1",
="800001652",="Present",="10/17/2025",="NUR120-C-P1",
="800001652",="Tardy/Late excused",="10/20/2025",="NUR120-C-P1",
="800001710",="Present",="10/17/2025",="NUR120-C-P1",
="800001710",="Present",="10/20/2025",="NUR120-C-P1",
="800001710",="Present",="12/8/2025",="NUR120-C-P1",
="800001667",="Present",="10/24/2025",="NUR120-C-P2",
="800001667",="Absent",="10/28/2025",="NUR120-C-P2",
="800001757",="Present",="10/24/2025",="NUR120-C-P2",
="800001757",="Present",="10/28/2025",="NUR120-C-P2",
="800001740",="Present",="10/24/2025",="NUR120-C-P2",
="800001740",="Present",="10/28/2025",="NUR120-C-P2",
="800001650",="Present",="10/24/2025",="NUR120-C-P2",
="800001650",="Present",="10/28/2025",="NUR120-C-P2",
="800001689",="Present",="11/1/2025",="NUR120-C-P3",
="800001689",="Present",="11/2/2025",="NUR120-C-P3",
="800001553",="Absent",="11/1/2025",="NUR120-C-P3",
="800001553",="Absent",="11/2/2025",="NUR120-C-P3",
="800001813",="Present",="10/28/2025",="NUR135-C-A2",
="800001657",="Present",="12/12/2025",="NUR140-C-P1",
="800001586",="Tardy/Late",="11/1/2025",="NUR140-C-P1",
="800001668",="Present",="12/12/2025",="NUR140-C-P1",
="800001508",="Tardy/Late",="11/1/2025",="NUR140-C-P1",
="800001459",="Tardy/Late",="11/1/2025",="NUR140-C-P1",
="800001528",="Tardy/Late",="11/1/2025",="NUR140-C-P1",
="800001001",="Present",="12/13/2025",="NUR140-C-P2",
="800001001",="Present",="12/19/2025",="NUR140-C-P2",
="770062456",="Present",="12/13/2025",="NUR140-C-P2",
="770062456",="Present",="12/19/2025",="NUR140-C-P2",
="800001403",="Present",="12/13/2025",="NUR140-C-P2",
="800001403",="Present",="12/19/2025",="NUR140-C-P2",
="800001557",="Present",="12/19/2025",="NUR140-C-P2",
="800001657",="Present",="12/13/2025",="NUR140-C-P2",
="800000708",="Present",="12/13/2025",="NUR140-C-P2",
="800001668",="Present",="12/13/2025",="NUR140-C-P2",
="800001586",="Present",="12/19/2025",="NUR140-C-P2",
="800001415",="Present",="11/19/2025",="NUR145-C-A1",
="800001528",="Present",="11/19/2025",="NUR145-C-A1",
="800001265",="Present",="11/19/2025",="NUR145-C-A1",
="800001642",="Present",="12/3/2025",="NUR145-C-A2",
="800001697",="Present",="12/3/2025",="NUR145-C-A2",
="800001598",="Present",="12/3/2025",="NUR145-C-A2",
="800001498",="Absent",="12/3/2025",="NUR145-C-A2",
="800001484",="Present",="12/10/2025",="NUR145-C-A3",
="800001419",="Present",="12/11/2025",="NUR150-C-A2",
="800000774",="Present",="12/8/2025",="NUR-400-CA1",
="800000774",="Present",="12/10/2025",="NUR-400-CA1",
="800001591",="Present",="12/8/2025",="NUR221-C-P1",
="800001591",="Present",="12/10/2025",="NUR221-C-P1",
="800001529",="Present",="12/8/2025",="NUR216-C-P1",
="800001104",="Absent",="12/8/2025",="NUR216-C-P1",
="800001548",="No class",="10/21/2025",="NUR216-C-P2",
="800001548",="Present",="10/28/2025",="NUR216-C-P2",
="800001548",="Absent",="12/9/2025",="NUR216-C-P2",
="800001626",="No class",="10/21/2025",="NUR216-C-P2",
="800001626",="No class",="10/28/2025",="NUR216-C-P2",
="800001626",="Present",="12/9/2025",="NUR216-C-P2",
="800001094",="No class",="10/21/2025",="NUR216-C-P2",
="800001094",="No class",="10/28/2025",="NUR216-C-P2",
="800001094",="Present",="12/9/2025",="NUR216-C-P2",
="800001445",="Present",="10/20/2025",="NUR245-C-P1",
="800001445",="Absent",="10/21/2025",="NUR245-C-P1",
="800001471",="Present",="10/20/2025",="NUR245-C-P1",
="800001471",="Absent",="10/21/2025",="NUR245-C-P1",
="800001586",="Present",="12/3/2025",="NUR145-C-A2",
="800001697",="Present",="12/13/2025",="NUR120-C-P3",
="800001864",="Present",="9/2/2025",="AP100-P",
="800001864",="Present",="9/9/2025",="AP100-P",
="800001864",="Present",="9/16/2025",="AP100-P",
="800001864",="Present",="9/23/2025",="AP100-P",
="800001864",="Present",="9/30/2025",="AP100-P",
="800001864",="Present",="10/7/2025",="AP100-P",
="800001864",="Present",="10/14/2025",="AP100-P",
="800001864",="Present",="10/21/2025",="AP100-P",
="800001864",="Present",="10/28/2025",="AP100-P",
="800001864",="Present",="11/4/2025",="AP100-P",
="800001864",="Present",="11/11/2025",="AP100-P",
="800001864",="Present",="11/18/2025",="AP100-P",
="800001864",="Present",="11/25/2025",="AP100-P",
="800001864",="Present",="12/2/2025",="AP100-P",
="800001864",="Present",="12/9/2025",="AP100-P",
