Student Id Number,Attendance Type,Attendance Date,Class Name,
="800001576",="Present",="1/6/2025",="NUR100 -A",
="800001576",="Present",="1/13/2025",="NUR100 -A",
="800001576",="Present",="1/14/2025",="NUR100 -A",
="800001576",="Present",="1/27/2025",="NUR100 -A",
="800001576",="Present",="2/3/2025",="NUR100 -A",
="800001576",="Present",="2/10/2025",="NUR100 -A",
="800001576",="Present",="2/17/2025",="NUR100 -A",
="800001576",="Present",="3/10/2025",="NUR100 -A",
="800001576",="Present",="3/11/2025",="NUR100 -A",
="800001576",="Present",="3/17/2025",="NUR100 -A",
="800001576",="Present",="3/24/2025",="NUR100 -A",
="800001576",="Present",="3/31/2025",="NUR100 -A",
="800001576",="Present",="4/4/2025",="NUR100 -A",
="800001576",="Present",="4/7/2025",="NUR100 -A",
="800001576",="Present",="4/14/2025",="NUR100 -A",
="800001576",="Present",="1/7/2025",="NUR100-L-A1",
="800001576",="Present",="1/14/2025",="NUR100-L-A1",
="800001576",="Present",="1/21/2025",="NUR100-L-A1",
="800001576",="Present",="2/4/2025",="NUR100-L-A1",
="800001576",="Present",="2/11/2025",="NUR100-L-A1",
="800001576",="Present",="2/18/2025",="NUR100-L-A1",
="800001576",="No class",="2/24/2025",="NUR100-L-A1",
="800001576",="Present",="2/25/2025",="NUR100-L-A1",
="800001576",="No class",="3/4/2025",="NUR100-L-A1",
="800001576",="Absent",="3/18/2025",="NUR100-L-A1",
="800001576",="Present",="3/25/2025",="NUR100-L-A1",
="800001576",="Present",="4/1/2025",="NUR100-L-A1",
="800001576",="Present",="4/4/2025",="NUR100-L-A1",
="800001576",="Present",="4/8/2025",="NUR100-L-A1",
="800001576",="Present",="4/14/2025",="NUR100-L-A1",
="800001576",="Present",="4/15/2025",="NUR100-L-A1",
="800001576",="Present",="4/18/2025",="NUR100-L-A1",
="800001576",="Present",="4/21/2025",="NUR100-L-A1",
="800001576",="Present",="4/22/2025",="NUR100-L-A1",
="800001576",="Present",="1/7/2025",="AP100-A",
="800001576",="Present",="1/14/2025",="AP100-A",
="800001576",="Present",="1/21/2025",="AP100-A",
="800001576",="Present",="1/28/2025",="AP100-A",
="800001576",="Present",="2/4/2025",="AP100-A",
="800001576",="Present",="2/11/2025",="AP100-A",
="800001576",="Present",="2/18/2025",="AP100-A",
="800001576",="Present",="2/25/2025",="AP100-A",
="800001576",="Present",="3/4/2025",="AP100-A",
="800001576",="Present",="3/11/2025",="AP100-A",
="800001576",="Present",="3/18/2025",="AP100-A",
="800001576",="Present",="3/25/2025",="AP100-A",
="800001576",="Present",="4/1/2025",="AP100-A",
="800001576",="Present",="4/8/2025",="AP100-A",
="800001576",="Present",="4/15/2025",="AP100-A",
="800001576",="Present",="1/10/2025",="COL010 -A",
="800001576",="Present",="1/17/2025",="COL010 -A",
="800001576",="Present",="1/24/2025",="COL010 -A",
="800001576",="Present",="1/31/2025",="COL010 -A",
="800001576",="Present",="1/9/2025",="PSY101 -A",
="800001576",="Present",="1/16/2025",="PSY101 -A",
="800001576",="Present",="1/30/2025",="PSY101 -A",
="800001576",="Present",="2/6/2025",="PSY101 -A",
="800001576",="Present",="2/13/2025",="PSY101 -A",
="800001576",="Present",="2/20/2025",="PSY101 -A",
="800001576",="Present",="2/27/2025",="PSY101 -A",
="800001576",="Present",="3/6/2025",="PSY101 -A",
="800001576",="Present",="3/13/2025",="PSY101 -A",
="800001576",="Present",="3/20/2025",="PSY101 -A",
="800001576",="Present",="3/27/2025",="PSY101 -A",
="800001576",="Present",="4/3/2025",="PSY101 -A",
="800001576",="Present",="1/8/2025",="ENG101 -A",
="800001576",="Absent",="1/15/2025",="ENG101 -A",
="800001576",="Present",="1/22/2025",="ENG101 -A",
="800001576",="Present",="1/29/2025",="ENG101 -A",
="800001576",="Present",="2/5/2025",="ENG101 -A",
="800001576",="Present",="2/12/2025",="ENG101 -A",
="800001576",="Present",="2/19/2025",="ENG101 -A",
="800001576",="Present",="2/26/2025",="ENG101 -A",
="800001576",="Absent",="3/5/2025",="ENG101 -A",
="800001576",="Present",="3/12/2025",="ENG101 -A",
="800001576",="Tardy/Late",="3/19/2025",="ENG101 -A",
="800001576",="Present",="3/26/2025",="ENG101 -A",
="800001576",="Present",="4/2/2025",="ENG101 -A",
="800001576",="Present",="4/9/2025",="ENG101 -A",
="800001576",="Present",="3/8/2025",="NUR100-C-A2",
="800001576",="Present",="4/26/2025",="NUR100-C-A2",
="800001576",="Present",="2/10/2025",="PHARM100-A",
="800001576",="Present",="2/17/2025",="PHARM100-A",
="800001576",="Absent",="3/3/2025",="PHARM100-A",
="800001576",="Present",="3/10/2025",="PHARM100-A",
="800001576",="Present",="3/17/2025",="PHARM100-A",
="800001576",="Present",="3/24/2025",="PHARM100-A",
="800001576",="Present",="3/31/2025",="PHARM100-A",
="800001576",="Present",="4/7/2025",="PHARM100-A",
="800001265",="Present",="1/7/2025",="AP100-A",
="800001265",="Present",="1/14/2025",="AP100-A",
="800001265",="Present",="1/21/2025",="AP100-A",
="800001265",="Present",="1/28/2025",="AP100-A",
="800001265",="Present",="2/4/2025",="AP100-A",
="800001265",="Present",="2/11/2025",="AP100-A",
="800001265",="Present",="2/18/2025",="AP100-A",
="800001265",="Present",="2/25/2025",="AP100-A",
="800001265",="Present",="3/4/2025",="AP100-A",
="800001265",="Present",="3/11/2025",="AP100-A",
="800001265",="Present",="3/18/2025",="AP100-A",
="800001265",="Present",="3/25/2025",="AP100-A",
="800001265",="Present",="4/1/2025",="AP100-A",
="800001265",="Present",="4/8/2025",="AP100-A",
="800001265",="Present",="4/15/2025",="AP100-A",
="800001265",="Absent",="1/6/2025",="NUR100 -A",
="800001265",="Present",="1/13/2025",="NUR100 -A",
="800001265",="Present",="1/14/2025",="NUR100 -A",
="800001265",="Present",="1/27/2025",="NUR100 -A",
="800001265",="Present",="2/3/2025",="NUR100 -A",
="800001265",="Present",="2/10/2025",="NUR100 -A",
="800001265",="Present",="2/17/2025",="NUR100 -A",
="800001265",="Present",="3/10/2025",="NUR100 -A",
="800001265",="Present",="3/11/2025",="NUR100 -A",
="800001265",="Present",="3/17/2025",="NUR100 -A",
="800001265",="Present",="3/24/2025",="NUR100 -A",
="800001265",="Present",="3/31/2025",="NUR100 -A",
="800001265",="Present",="4/7/2025",="NUR100 -A",
="800001265",="Present",="4/9/2025",="NUR100 -A",
="800001265",="Present",="4/14/2025",="NUR100 -A",
="800001265",="Present",="1/7/2025",="NUR100-L-A1",
="800001265",="Present",="1/14/2025",="NUR100-L-A1",
="800001265",="Present",="1/21/2025",="NUR100-L-A1",
="800001265",="Present",="2/4/2025",="NUR100-L-A1",
="800001265",="Present",="2/11/2025",="NUR100-L-A1",
="800001265",="Present",="2/18/2025",="NUR100-L-A1",
="800001265",="Present",="2/24/2025",="NUR100-L-A1",
="800001265",="Present",="2/25/2025",="NUR100-L-A1",
="800001265",="No class",="3/4/2025",="NUR100-L-A1",
="800001265",="Present",="3/18/2025",="NUR100-L-A1",
="800001265",="Present",="3/25/2025",="NUR100-L-A1",
="800001265",="Present",="4/1/2025",="NUR100-L-A1",
="800001265",="Present",="4/8/2025",="NUR100-L-A1",
="800001265",="Present",="4/9/2025",="NUR100-L-A1",
="800001265",="Present",="4/14/2025",="NUR100-L-A1",
="800001265",="Present",="4/16/2025",="NUR100-L-A1",
="800001265",="Present",="4/22/2025",="NUR100-L-A1",
="800001265",="Absent",="2/10/2025",="PHARM100-A",
="800001265",="Present",="2/17/2025",="PHARM100-A",
="800001265",="Present",="3/3/2025",="PHARM100-A",
="800001265",="Present",="3/10/2025",="PHARM100-A",
="800001265",="Present",="3/17/2025",="PHARM100-A",
="800001265",="Present",="3/24/2025",="PHARM100-A",
="800001265",="Present",="3/31/2025",="PHARM100-A",
="800001265",="Present",="4/7/2025",="PHARM100-A",
="800001265",="Present",="1/9/2025",="PSY101 -A",
="800001265",="Present",="1/16/2025",="PSY101 -A",
="800001265",="Present",="1/30/2025",="PSY101 -A",
="800001265",="Present",="2/6/2025",="PSY101 -A",
="800001265",="Present",="2/13/2025",="PSY101 -A",
="800001265",="Present",="2/20/2025",="PSY101 -A",
="800001265",="Present",="2/27/2025",="PSY101 -A",
="800001265",="Present",="3/6/2025",="PSY101 -A",
="800001265",="Present",="3/13/2025",="PSY101 -A",
="800001265",="Present",="3/20/2025",="PSY101 -A",
="800001265",="Present",="3/27/2025",="PSY101 -A",
="800001265",="Present",="4/3/2025",="PSY101 -A",
="800001265",="Present",="1/8/2025",="ENG101 -A",
="800001265",="Present",="1/15/2025",="ENG101 -A",
="800001265",="Present",="1/22/2025",="ENG101 -A",
="800001265",="Present",="1/29/2025",="ENG101 -A",
="800001265",="Present",="2/5/2025",="ENG101 -A",
="800001265",="Present",="2/12/2025",="ENG101 -A",
="800001265",="Present",="2/19/2025",="ENG101 -A",
="800001265",="Present",="2/26/2025",="ENG101 -A",
="800001265",="Present",="3/5/2025",="ENG101 -A",
="800001265",="Present",="3/12/2025",="ENG101 -A",
="800001265",="Present",="3/19/2025",="ENG101 -A",
="800001265",="Present",="3/26/2025",="ENG101 -A",
="800001265",="Present",="4/2/2025",="ENG101 -A",
="800001265",="Present",="4/9/2025",="ENG101 -A",
="800001265",="Present",="1/10/2025",="COL010 -A",
="800001265",="Present",="1/17/2025",="COL010 -A",
="800001265",="Present",="1/24/2025",="COL010 -A",
="800001265",="Present",="1/31/2025",="COL010 -A",
="800001587",="Present",="1/10/2025",="ENG101 -P",
="800001587",="Present",="1/17/2025",="ENG101 -P",
="800001587",="Present",="1/24/2025",="ENG101 -P",
="800001587",="Present",="1/31/2025",="ENG101 -P",
="800001587",="Present",="2/7/2025",="ENG101 -P",
="800001587",="Present",="2/14/2025",="ENG101 -P",
="800001587",="Present",="2/21/2025",="ENG101 -P",
="800001587",="Present",="2/28/2025",="ENG101 -P",
="800001587",="Present",="3/7/2025",="ENG101 -P",
="800001587",="Present",="3/14/2025",="ENG101 -P",
="800001587",="Present",="3/21/2025",="ENG101 -P",
="800001587",="Present",="3/28/2025",="ENG101 -P",
="800001587",="Present",="4/4/2025",="ENG101 -P",
="800001587",="Present",="4/11/2025",="ENG101 -P",
="800001587",="Present",="1/6/2025",="NUR100-P",
="800001587",="Present",="1/7/2025",="NUR100-P",
="800001587",="Present",="1/13/2025",="NUR100-P",
="800001587",="Present",="1/14/2025",="NUR100-P",
="800001587",="Present",="1/27/2025",="NUR100-P",
="800001587",="Present",="2/3/2025",="NUR100-P",
="800001587",="Present",="2/10/2025",="NUR100-P",
="800001587",="Present",="2/17/2025",="NUR100-P",
="800001587",="Present",="3/10/2025",="NUR100-P",
="800001587",="Present",="3/17/2025",="NUR100-P",
="800001587",="Present",="3/24/2025",="NUR100-P",
="800001587",="Present",="3/31/2025",="NUR100-P",
="800001587",="Present",="4/7/2025",="NUR100-P",
="800001587",="Present",="1/13/2025",="NUR100-L-P1",
="800001587",="Present",="1/14/2025",="NUR100-L-P1",
="800001587",="Present",="1/21/2025",="NUR100-L-P1",
="800001587",="Present",="1/28/2025",="NUR100-L-P1",
="800001587",="Present",="2/4/2025",="NUR100-L-P1",
="800001587",="Present",="2/11/2025",="NUR100-L-P1",
="800001587",="Present",="2/18/2025",="NUR100-L-P1",
="800001587",="No class",="2/25/2025",="NUR100-L-P1",
="800001587",="No class",="3/4/2025",="NUR100-L-P1",
="800001587",="Present",="3/25/2025",="NUR100-L-P1",
="800001587",="Present",="4/1/2025",="NUR100-L-P1",
="800001587",="Present",="4/8/2025",="NUR100-L-P1",
="800001587",="Present",="1/9/2025",="AP100-P",
="800001587",="Present",="1/16/2025",="AP100-P",
="800001587",="Present",="1/23/2025",="AP100-P",
="800001587",="Present",="1/30/2025",="AP100-P",
="800001587",="Present",="2/6/2025",="AP100-P",
="800001587",="Present",="2/13/2025",="AP100-P",
="800001587",="Present",="2/20/2025",="AP100-P",
="800001587",="Present",="2/27/2025",="AP100-P",
="800001587",="Present",="3/6/2025",="AP100-P",
="800001587",="Present",="3/13/2025",="AP100-P",
="800001587",="Present",="3/20/2025",="AP100-P",
="800001587",="Present",="3/27/2025",="AP100-P",
="800001587",="Present",="4/3/2025",="AP100-P",
="800001587",="Present",="4/10/2025",="AP100-P",
="800001587",="Present",="4/17/2025",="AP100-P",
="800001581",="Present",="1/8/2025",="ENG101 -A",
="800001581",="Present",="1/15/2025",="ENG101 -A",
="800001581",="Present",="1/22/2025",="ENG101 -A",
="800001581",="Present",="1/29/2025",="ENG101 -A",
="800001581",="Present",="2/5/2025",="ENG101 -A",
="800001581",="Present",="2/12/2025",="ENG101 -A",
="800001581",="Present",="2/19/2025",="ENG101 -A",
="800001581",="Present",="2/26/2025",="ENG101 -A",
="800001581",="Present",="3/5/2025",="ENG101 -A",
="800001581",="Present",="3/12/2025",="ENG101 -A",
="800001581",="Present",="3/19/2025",="ENG101 -A",
="800001581",="Present",="3/26/2025",="ENG101 -A",
="800001581",="Present",="4/2/2025",="ENG101 -A",
="800001581",="Present",="4/9/2025",="ENG101 -A",
="800001581",="Present",="1/7/2025",="AP100-A",
="800001581",="Present",="1/14/2025",="AP100-A",
="800001581",="Present",="1/21/2025",="AP100-A",
="800001581",="Present",="1/28/2025",="AP100-A",
="800001581",="Present",="2/4/2025",="AP100-A",
="800001581",="Present",="2/11/2025",="AP100-A",
="800001581",="Present",="2/18/2025",="AP100-A",
="800001581",="Present",="2/25/2025",="AP100-A",
="800001581",="Absent",="3/4/2025",="AP100-A",
="800001581",="Present",="3/11/2025",="AP100-A",
="800001581",="Present",="3/18/2025",="AP100-A",
="800001581",="Present",="3/25/2025",="AP100-A",
="800001581",="Present",="4/1/2025",="AP100-A",
="800001581",="Present",="4/8/2025",="AP100-A",
="800001581",="Present",="4/15/2025",="AP100-A",
="800001581",="Absent",="1/6/2025",="NUR100 -A",
="800001581",="Present",="1/13/2025",="NUR100 -A",
="800001581",="Present",="1/14/2025",="NUR100 -A",
="800001581",="Present",="1/27/2025",="NUR100 -A",
="800001581",="Present",="2/3/2025",="NUR100 -A",
="800001581",="Present",="2/10/2025",="NUR100 -A",
="800001581",="Present",="2/17/2025",="NUR100 -A",
="800001581",="Present",="3/10/2025",="NUR100 -A",
="800001581",="Present",="3/11/2025",="NUR100 -A",
="800001581",="Present",="3/17/2025",="NUR100 -A",
="800001581",="Present",="3/24/2025",="NUR100 -A",
="800001581",="Present",="3/31/2025",="NUR100 -A",
="800001581",="Present",="4/7/2025",="NUR100 -A",
="800001581",="Present",="4/14/2025",="NUR100 -A",
="800001581",="Present",="2/10/2025",="PHARM100-A",
="800001581",="Present",="2/17/2025",="PHARM100-A",
="800001581",="Present",="3/3/2025",="PHARM100-A",
="800001581",="Present",="3/10/2025",="PHARM100-A",
="800001581",="Present",="3/17/2025",="PHARM100-A",
="800001581",="Present",="3/24/2025",="PHARM100-A",
="800001581",="Present",="3/31/2025",="PHARM100-A",
="800001581",="Present",="4/7/2025",="PHARM100-A",
="800001581",="Present",="3/8/2025",="NUR100-C-A2",
="800001581",="Present",="4/26/2025",="NUR100-C-A2",
="800001581",="Present",="1/7/2025",="NUR100-L-A1",
="800001581",="Present",="1/14/2025",="NUR100-L-A1",
="800001581",="Present",="1/21/2025",="NUR100-L-A1",
="800001581",="Present",="2/4/2025",="NUR100-L-A1",
="800001581",="Present",="2/11/2025",="NUR100-L-A1",
="800001581",="Present",="2/18/2025",="NUR100-L-A1",
="800001581",="No class",="2/24/2025",="NUR100-L-A1",
="800001581",="Present",="2/25/2025",="NUR100-L-A1",
="800001581",="No class",="3/4/2025",="NUR100-L-A1",
="800001581",="Present",="3/18/2025",="NUR100-L-A1",
="800001581",="Present",="3/25/2025",="NUR100-L-A1",
="800001581",="Present",="4/1/2025",="NUR100-L-A1",
="800001581",="Present",="4/8/2025",="NUR100-L-A1",
="800001581",="Present",="4/22/2025",="NUR100-L-A1",
="800001581",="Present",="1/10/2025",="COL010 -A",
="800001581",="Present",="1/17/2025",="COL010 -A",
="800001581",="Present",="1/24/2025",="COL010 -A",
="800001581",="Present",="1/31/2025",="COL010 -A",
="800001586",="Present",="2/5/2025",="PHARM100-P",
="800001586",="Present",="2/12/2025",="PHARM100-P",
="800001586",="Present",="2/19/2025",="PHARM100-P",
="800001586",="Present",="2/26/2025",="PHARM100-P",
="800001586",="Present",="3/5/2025",="PHARM100-P",
="800001586",="Present",="3/12/2025",="PHARM100-P",
="800001586",="Present",="3/19/2025",="PHARM100-P",
="800001586",="Present",="3/26/2025",="PHARM100-P",
="800001586",="Present",="4/2/2025",="PHARM100-P",
="800001586",="Present",="4/9/2025",="PHARM100-P",
="800001586",="Present",="1/9/2025",="AP100-P",
="800001586",="Present",="1/16/2025",="AP100-P",
="800001586",="Present",="1/23/2025",="AP100-P",
="800001586",="Present",="1/30/2025",="AP100-P",
="800001586",="Present",="2/6/2025",="AP100-P",
="800001586",="Present",="2/13/2025",="AP100-P",
="800001586",="Present",="2/20/2025",="AP100-P",
="800001586",="Present",="2/27/2025",="AP100-P",
="800001586",="Present",="3/6/2025",="AP100-P",
="800001586",="Present",="3/13/2025",="AP100-P",
="800001586",="Present",="3/20/2025",="AP100-P",
="800001586",="Present",="3/27/2025",="AP100-P",
="800001586",="Present",="4/3/2025",="AP100-P",
="800001586",="Present",="4/10/2025",="AP100-P",
="800001586",="Present",="4/17/2025",="AP100-P",
="800001586",="Present",="1/10/2025",="ENG101 -P",
="800001586",="Present",="1/17/2025",="ENG101 -P",
="800001586",="Present",="1/24/2025",="ENG101 -P",
="800001586",="Present",="1/31/2025",="ENG101 -P",
="800001586",="Present",="2/7/2025",="ENG101 -P",
="800001586",="Present",="2/14/2025",="ENG101 -P",
="800001586",="Present",="2/21/2025",="ENG101 -P",
="800001586",="Present",="2/28/2025",="ENG101 -P",
="800001586",="Present",="3/7/2025",="ENG101 -P",
="800001586",="Present",="3/14/2025",="ENG101 -P",
="800001586",="Present",="3/21/2025",="ENG101 -P",
="800001586",="Present",="3/28/2025",="ENG101 -P",
="800001586",="Present",="4/4/2025",="ENG101 -P",
="800001586",="Present",="4/11/2025",="ENG101 -P",
="800001586",="Present",="1/12/2025",="COL010 - OL I",
="800001586",="Present",="1/19/2025",="COL010 - OL I",
="800001586",="Present",="1/26/2025",="COL010 - OL I",
="800001586",="Present",="2/2/2025",="COL010 - OL I",
="800001586",="Present",="1/6/2025",="NUR100-P",
="800001586",="Present",="1/7/2025",="NUR100-P",
="800001586",="Present",="1/13/2025",="NUR100-P",
="800001586",="Present",="1/14/2025",="NUR100-P",
="800001586",="Present",="1/27/2025",="NUR100-P",
="800001586",="Present",="2/3/2025",="NUR100-P",
="800001586",="Present",="2/10/2025",="NUR100-P",
="800001586",="Present",="2/17/2025",="NUR100-P",
="800001586",="Absent",="3/10/2025",="NUR100-P",
="800001586",="Present",="3/17/2025",="NUR100-P",
="800001586",="Present",="3/24/2025",="NUR100-P",
="800001586",="Present",="3/31/2025",="NUR100-P",
="800001586",="Present",="4/7/2025",="NUR100-P",
="800001586",="Present",="1/13/2025",="NUR100-L-P1",
="800001586",="Present",="1/14/2025",="NUR100-L-P1",
="800001586",="Present",="1/21/2025",="NUR100-L-P1",
="800001586",="Present",="1/28/2025",="NUR100-L-P1",
="800001586",="Present",="2/4/2025",="NUR100-L-P1",
="800001586",="Present",="2/11/2025",="NUR100-L-P1",
="800001586",="Present",="2/18/2025",="NUR100-L-P1",
="800001586",="No class",="2/25/2025",="NUR100-L-P1",
="800001586",="No class",="3/4/2025",="NUR100-L-P1",
="800001586",="Present",="3/25/2025",="NUR100-L-P1",
="800001586",="Present",="4/1/2025",="NUR100-L-P1",
="800001586",="Present",="4/8/2025",="NUR100-L-P1",
="800001593",="Present",="1/9/2025",="AP100-P",
="800001593",="Present",="1/16/2025",="AP100-P",
="800001593",="Present",="1/23/2025",="AP100-P",
="800001593",="Present",="1/30/2025",="AP100-P",
="800001593",="Present",="2/6/2025",="AP100-P",
="800001593",="Present",="2/13/2025",="AP100-P",
="800001593",="Present",="2/20/2025",="AP100-P",
="800001593",="Present",="2/27/2025",="AP100-P",
="800001593",="Present",="3/6/2025",="AP100-P",
="800001593",="Present",="3/13/2025",="AP100-P",
="800001593",="Present",="3/20/2025",="AP100-P",
="800001593",="Present",="3/27/2025",="AP100-P",
="800001593",="Present",="4/3/2025",="AP100-P",
="800001593",="Present",="4/10/2025",="AP100-P",
="800001593",="Present",="4/17/2025",="AP100-P",
="800001572",="Present",="1/13/2025",="NUR100-L-P1",
="800001572",="Present",="1/14/2025",="NUR100-L-P1",
="800001572",="Present",="1/21/2025",="NUR100-L-P1",
="800001572",="Present",="1/28/2025",="NUR100-L-P1",
="800001572",="Present",="2/4/2025",="NUR100-L-P1",
="800001572",="Present",="2/11/2025",="NUR100-L-P1",
="800001572",="Present",="2/18/2025",="NUR100-L-P1",
="800001572",="No class",="2/25/2025",="NUR100-L-P1",
="800001572",="No class",="3/4/2025",="NUR100-L-P1",
="800001572",="Present",="3/25/2025",="NUR100-L-P1",
="800001572",="Present",="4/1/2025",="NUR100-L-P1",
="800001572",="Present",="4/8/2025",="NUR100-L-P1",
="800001572",="Present",="4/16/2025",="NUR100-L-P1",
="800001572",="Present",="1/9/2025",="AP100-P",
="800001572",="Present",="1/16/2025",="AP100-P",
="800001572",="Present",="1/23/2025",="AP100-P",
="800001572",="Present",="1/30/2025",="AP100-P",
="800001572",="Present",="2/6/2025",="AP100-P",
="800001572",="Present",="2/13/2025",="AP100-P",
="800001572",="Present",="2/20/2025",="AP100-P",
="800001572",="Present",="2/27/2025",="AP100-P",
="800001572",="Present",="3/6/2025",="AP100-P",
="800001572",="Present",="3/13/2025",="AP100-P",
="800001572",="Present",="3/20/2025",="AP100-P",
="800001572",="Present",="3/27/2025",="AP100-P",
="800001572",="Present",="4/3/2025",="AP100-P",
="800001572",="Present",="4/10/2025",="AP100-P",
="800001572",="Present",="4/17/2025",="AP100-P",
="800001572",="Present",="2/5/2025",="PHARM100-P",
="800001572",="Present",="2/12/2025",="PHARM100-P",
="800001572",="Present",="2/19/2025",="PHARM100-P",
="800001572",="Present",="2/26/2025",="PHARM100-P",
="800001572",="Present",="3/5/2025",="PHARM100-P",
="800001572",="Present",="3/12/2025",="PHARM100-P",
="800001572",="Present",="3/19/2025",="PHARM100-P",
="800001572",="Present",="3/26/2025",="PHARM100-P",
="800001572",="Present",="4/2/2025",="PHARM100-P",
="800001572",="Present",="4/9/2025",="PHARM100-P",
="800001572",="Present",="1/6/2025",="NUR100-P",
="800001572",="Present",="1/7/2025",="NUR100-P",
="800001572",="Present",="1/13/2025",="NUR100-P",
="800001572",="Present",="1/14/2025",="NUR100-P",
="800001572",="Present",="1/27/2025",="NUR100-P",
="800001572",="Present",="2/3/2025",="NUR100-P",
="800001572",="Present",="2/10/2025",="NUR100-P",
="800001572",="Present",="2/17/2025",="NUR100-P",
="800001572",="Present",="3/10/2025",="NUR100-P",
="800001572",="Present",="3/17/2025",="NUR100-P",
="800001572",="Present",="3/24/2025",="NUR100-P",
="800001572",="Present",="3/31/2025",="NUR100-P",
="800001572",="Present",="4/7/2025",="NUR100-P",
="800001592",="Present",="1/7/2025",="NUR100-L-A1",
="800001592",="Present",="1/14/2025",="NUR100-L-A1",
="800001592",="Present",="1/21/2025",="NUR100-L-A1",
="800001592",="Absent excused",="2/4/2025",="NUR100-L-A1",
="800001592",="Present",="2/11/2025",="NUR100-L-A1",
="800001592",="Present",="2/18/2025",="NUR100-L-A1",
="800001592",="Present",="2/24/2025",="NUR100-L-A1",
="800001592",="Present",="2/25/2025",="NUR100-L-A1",
="800001592",="No class",="3/4/2025",="NUR100-L-A1",
="800001592",="Present",="3/18/2025",="NUR100-L-A1",
="800001592",="Present",="3/25/2025",="NUR100-L-A1",
="800001592",="Present",="4/1/2025",="NUR100-L-A1",
="800001592",="Present",="4/8/2025",="NUR100-L-A1",
="800001592",="Present",="4/14/2025",="NUR100-L-A1",
="800001592",="Present",="4/15/2025",="NUR100-L-A1",
="800001592",="Present",="4/21/2025",="NUR100-L-A1",
="800001592",="Present",="4/22/2025",="NUR100-L-A1",
="800001592",="Present",="1/6/2025",="NUR100 -A",
="800001592",="Present",="1/13/2025",="NUR100 -A",
="800001592",="Present",="1/14/2025",="NUR100 -A",
="800001592",="Present",="1/27/2025",="NUR100 -A",
="800001592",="Present",="2/3/2025",="NUR100 -A",
="800001592",="Present",="2/10/2025",="NUR100 -A",
="800001592",="Present",="2/17/2025",="NUR100 -A",
="800001592",="Present",="3/10/2025",="NUR100 -A",
="800001592",="Present",="3/11/2025",="NUR100 -A",
="800001592",="Present",="3/17/2025",="NUR100 -A",
="800001592",="Present",="3/24/2025",="NUR100 -A",
="800001592",="Present",="3/31/2025",="NUR100 -A",
="800001592",="Present",="4/7/2025",="NUR100 -A",
="800001592",="Present",="4/14/2025",="NUR100 -A",
="800001592",="Present",="1/7/2025",="AP100-A",
="800001592",="Present",="1/14/2025",="AP100-A",
="800001592",="Present",="1/21/2025",="AP100-A",
="800001592",="Absent",="1/28/2025",="AP100-A",
="800001592",="Absent",="2/4/2025",="AP100-A",
="800001592",="Present",="2/11/2025",="AP100-A",
="800001592",="Present",="2/18/2025",="AP100-A",
="800001592",="Present",="2/25/2025",="AP100-A",
="800001592",="Present",="3/4/2025",="AP100-A",
="800001592",="Present",="3/11/2025",="AP100-A",
="800001592",="Absent",="3/18/2025",="AP100-A",
="800001592",="Present",="3/25/2025",="AP100-A",
="800001592",="Present",="4/1/2025",="AP100-A",
="800001592",="Present",="4/8/2025",="AP100-A",
="800001592",="Present",="4/15/2025",="AP100-A",
="800001592",="Present",="2/10/2025",="PHARM100-A",
="800001592",="Present",="2/17/2025",="PHARM100-A",
="800001592",="Present",="3/3/2025",="PHARM100-A",
="800001592",="Absent",="3/10/2025",="PHARM100-A",
="800001592",="Absent",="3/17/2025",="PHARM100-A",
="800001592",="Present",="3/24/2025",="PHARM100-A",
="800001592",="Present",="3/31/2025",="PHARM100-A",
="800001592",="Present",="4/7/2025",="PHARM100-A",
="800001592",="Present",="3/8/2025",="NUR100-C-A2",
="800001592",="Present",="4/26/2025",="NUR100-C-A2",
="800001592",="Present",="1/8/2025",="ENG101 -A",
="800001592",="Present",="1/15/2025",="ENG101 -A",
="800001592",="Present",="1/22/2025",="ENG101 -A",
="800001592",="Present",="1/29/2025",="ENG101 -A",
="800001592",="Present",="2/5/2025",="ENG101 -A",
="800001592",="Present",="2/12/2025",="ENG101 -A",
="800001592",="Present",="2/19/2025",="ENG101 -A",
="800001592",="Present",="2/26/2025",="ENG101 -A",
="800001592",="Present",="3/5/2025",="ENG101 -A",
="800001592",="Present",="3/12/2025",="ENG101 -A",
="800001592",="Absent excused",="3/19/2025",="ENG101 -A",
="800001592",="Present",="3/26/2025",="ENG101 -A",
="800001592",="Tardy/Late",="4/2/2025",="ENG101 -A",
="800001592",="Present",="4/9/2025",="ENG101 -A",
="800001588",="Present",="1/9/2025",="AP100-P",
="800001588",="Present",="1/16/2025",="AP100-P",
="800001588",="Present",="1/23/2025",="AP100-P",
="800001588",="Present",="1/30/2025",="AP100-P",
="800001588",="Present",="2/6/2025",="AP100-P",
="800001588",="Present",="2/13/2025",="AP100-P",
="800001588",="Present",="2/20/2025",="AP100-P",
="800001588",="Present",="2/27/2025",="AP100-P",
="800001588",="Present",="3/6/2025",="AP100-P",
="800001588",="Present",="3/13/2025",="AP100-P",
="800001588",="Present",="3/20/2025",="AP100-P",
="800001588",="Absent",="3/27/2025",="AP100-P",
="800001588",="Absent",="4/3/2025",="AP100-P",
="800001588",="Absent",="4/10/2025",="AP100-P",
="800001588",="Absent",="4/17/2025",="AP100-P",
="800001588",="Present",="1/10/2025",="ENG101 -P",
="800001588",="Present",="1/17/2025",="ENG101 -P",
="800001588",="Present",="1/24/2025",="ENG101 -P",
="800001588",="Present",="1/31/2025",="ENG101 -P",
="800001588",="Present",="2/7/2025",="ENG101 -P",
="800001588",="Present",="2/14/2025",="ENG101 -P",
="800001588",="Present",="2/21/2025",="ENG101 -P",
="800001588",="Present",="2/28/2025",="ENG101 -P",
="800001588",="Present",="3/7/2025",="ENG101 -P",
="800001588",="Present",="3/14/2025",="ENG101 -P",
="800001588",="Present",="3/21/2025",="ENG101 -P",
="800001588",="Absent",="3/28/2025",="ENG101 -P",
="800001588",="Absent",="4/4/2025",="ENG101 -P",
="800001588",="Absent",="4/11/2025",="ENG101 -P",
="800001588",="Present",="1/12/2025",="COL010 - OL I",
="800001588",="Present",="1/19/2025",="COL010 - OL I",
="800001588",="Present",="1/26/2025",="COL010 - OL I",
="800001588",="Present",="2/2/2025",="COL010 - OL I",
="800001598",="Present",="1/9/2025",="AP100-P",
="800001598",="Present",="1/16/2025",="AP100-P",
="800001598",="Present",="1/23/2025",="AP100-P",
="800001598",="Present",="1/30/2025",="AP100-P",
="800001598",="Present",="2/6/2025",="AP100-P",
="800001598",="Present",="2/13/2025",="AP100-P",
="800001598",="Present",="2/20/2025",="AP100-P",
="800001598",="Present",="2/27/2025",="AP100-P",
="800001598",="Present",="3/6/2025",="AP100-P",
="800001598",="Present",="3/13/2025",="AP100-P",
="800001598",="Present",="3/20/2025",="AP100-P",
="800001598",="Present",="3/27/2025",="AP100-P",
="800001598",="Present",="4/3/2025",="AP100-P",
="800001598",="Present",="4/10/2025",="AP100-P",
="800001598",="Present",="4/17/2025",="AP100-P",
="800001598",="Present",="1/13/2025",="NUR100-L-P1",
="800001598",="Present",="1/14/2025",="NUR100-L-P1",
="800001598",="Present",="1/21/2025",="NUR100-L-P1",
="800001598",="Present",="1/28/2025",="NUR100-L-P1",
="800001598",="Present",="2/4/2025",="NUR100-L-P1",
="800001598",="Present",="2/11/2025",="NUR100-L-P1",
="800001598",="Present",="2/18/2025",="NUR100-L-P1",
="800001598",="No class",="2/25/2025",="NUR100-L-P1",
="800001598",="No class",="3/4/2025",="NUR100-L-P1",
="800001598",="Present",="3/25/2025",="NUR100-L-P1",
="800001598",="Present",="4/1/2025",="NUR100-L-P1",
="800001598",="Present",="4/8/2025",="NUR100-L-P1",
="800001598",="Absent",="1/6/2025",="NUR100-P",
="800001598",="Present",="1/13/2025",="NUR100-P",
="800001598",="Present",="1/14/2025",="NUR100-P",
="800001598",="Present",="1/27/2025",="NUR100-P",
="800001598",="Present",="2/3/2025",="NUR100-P",
="800001598",="Present",="2/10/2025",="NUR100-P",
="800001598",="Present",="2/17/2025",="NUR100-P",
="800001598",="Present",="3/10/2025",="NUR100-P",
="800001598",="Present",="3/17/2025",="NUR100-P",
="800001598",="Present",="3/24/2025",="NUR100-P",
="800001598",="Present",="3/31/2025",="NUR100-P",
="800001598",="Present",="4/7/2025",="NUR100-P",
="800001598",="Present",="2/5/2025",="PHARM100-P",
="800001598",="Present",="2/12/2025",="PHARM100-P",
="800001598",="Present",="2/19/2025",="PHARM100-P",
="800001598",="Present",="2/26/2025",="PHARM100-P",
="800001598",="Present",="3/5/2025",="PHARM100-P",
="800001598",="Present",="3/12/2025",="PHARM100-P",
="800001598",="Present",="3/19/2025",="PHARM100-P",
="800001598",="Present",="3/26/2025",="PHARM100-P",
="800001598",="Present",="4/2/2025",="PHARM100-P",
="800001598",="Present",="4/9/2025",="PHARM100-P",
="800001598",="Present",="1/12/2025",="COL010 - OL I",
="800001598",="Present",="1/19/2025",="COL010 - OL I",
="800001598",="Present",="1/26/2025",="COL010 - OL I",
="800001598",="Present",="2/2/2025",="COL010 - OL I",
="800001589",="Present",="1/9/2025",="PSY101 -A",
="800001589",="Present",="1/16/2025",="PSY101 -A",
="800001589",="Present",="1/30/2025",="PSY101 -A",
="800001589",="Present",="2/6/2025",="PSY101 -A",
="800001589",="Present",="2/13/2025",="PSY101 -A",
="800001589",="Present",="2/20/2025",="PSY101 -A",
="800001589",="Present",="2/27/2025",="PSY101 -A",
="800001589",="Absent",="3/6/2025",="PSY101 -A",
="800001589",="Present",="3/13/2025",="PSY101 -A",
="800001589",="Present",="3/20/2025",="PSY101 -A",
="800001589",="Present",="3/27/2025",="PSY101 -A",
="800001589",="Present",="4/3/2025",="PSY101 -A",
="800001589",="Present",="1/10/2025",="COL010 -A",
="800001589",="Present",="1/17/2025",="COL010 -A",
="800001589",="Present",="1/24/2025",="COL010 -A",
="800001589",="Present",="1/31/2025",="COL010 -A",
="800001589",="Present",="1/8/2025",="ENG101 -A",
="800001589",="Present",="1/15/2025",="ENG101 -A",
="800001589",="Present",="1/22/2025",="ENG101 -A",
="800001589",="Present",="1/29/2025",="ENG101 -A",
="800001589",="Present",="2/5/2025",="ENG101 -A",
="800001589",="Present",="2/12/2025",="ENG101 -A",
="800001589",="Present",="2/19/2025",="ENG101 -A",
="800001589",="Present",="2/26/2025",="ENG101 -A",
="800001589",="Present",="3/5/2025",="ENG101 -A",
="800001589",="Present",="3/12/2025",="ENG101 -A",
="800001589",="Present",="3/19/2025",="ENG101 -A",
="800001589",="Present",="3/26/2025",="ENG101 -A",
="800001589",="Present",="4/2/2025",="ENG101 -A",
="800001589",="Present",="4/9/2025",="ENG101 -A",
="800001607",="Present",="1/9/2025",="NUR201-A",
="800001607",="Present",="1/16/2025",="NUR201-A",
="800001607",="Present",="1/23/2025",="NUR201-A",
="800001607",="Present",="1/30/2025",="NUR201-A",
="800001607",="Present",="2/6/2025",="NUR201-A",
="800001607",="Present",="2/13/2025",="NUR201-A",
="800001607",="Present",="2/20/2025",="NUR201-A",
="800001607",="Present",="3/13/2025",="NUR201-A",
="800001607",="Present",="3/27/2025",="NUR201-A",
="800001607",="Present",="1/8/2025",="AP209 -A",
="800001607",="Present",="1/15/2025",="AP209 -A",
="800001607",="Present",="1/22/2025",="AP209 -A",
="800001607",="Present",="1/29/2025",="AP209 -A",
="800001607",="Present",="2/5/2025",="AP209 -A",
="800001607",="Present",="2/12/2025",="AP209 -A",
="800001607",="Present",="2/19/2025",="AP209 -A",
="800001607",="Present",="2/26/2025",="AP209 -A",
="800001607",="Absent",="3/5/2025",="AP209 -A",
="800001607",="Present",="3/12/2025",="AP209 -A",
="800001607",="Present",="3/19/2025",="AP209 -A",
="800001607",="Absent",="3/26/2025",="AP209 -A",
="800001607",="Present",="4/2/2025",="AP209 -A",
="800001607",="Present",="4/9/2025",="AP209 -A",
="800001607",="Present",="4/16/2025",="AP209 -A",
="800001607",="Present",="1/10/2025",="COL010 -A",
="800001607",="Present",="1/17/2025",="COL010 -A",
="800001607",="Present",="1/24/2025",="COL010 -A",
="800001607",="Present",="1/31/2025",="COL010 -A",
="800001607",="Present",="1/8/2025",="ENG101 -A",
="800001607",="Present",="1/15/2025",="ENG101 -A",
="800001607",="Present",="1/22/2025",="ENG101 -A",
="800001607",="Present",="1/29/2025",="ENG101 -A",
="800001607",="Present",="2/5/2025",="ENG101 -A",
="800001607",="Tardy/Late",="2/12/2025",="ENG101 -A",
="800001607",="Present",="2/19/2025",="ENG101 -A",
="800001607",="Present",="2/26/2025",="ENG101 -A",
="800001607",="Present",="3/5/2025",="ENG101 -A",
="800001607",="Present",="3/12/2025",="ENG101 -A",
="800001607",="Present",="3/19/2025",="ENG101 -A",
="800001607",="Present",="3/26/2025",="ENG101 -A",
="800001607",="Present",="4/2/2025",="ENG101 -A",
="800001607",="Present",="4/9/2025",="ENG101 -A",
="800001607",="Present",="1/16/2025",="NUR201-L-A",
="800001607",="Present",="1/23/2025",="NUR201-L-A",
="800001607",="Present",="1/30/2025",="NUR201-L-A",
="800001607",="Present",="2/6/2025",="NUR201-L-A",
="800001607",="Present",="2/13/2025",="NUR201-L-A",
="800001607",="Present",="2/20/2025",="NUR201-L-A",
="800001607",="Present",="2/27/2025",="NUR201-L-A",
="800001607",="Present",="3/6/2025",="NUR201-L-A",
="800001602",="Present",="2/10/2025",="PHARM100-A",
="800001602",="Absent",="2/17/2025",="PHARM100-A",
="800001602",="Absent",="3/3/2025",="PHARM100-A",
="800001602",="Present",="3/10/2025",="PHARM100-A",
="800001602",="Absent",="3/17/2025",="PHARM100-A",
="800001602",="Absent",="3/24/2025",="PHARM100-A",
="800001602",="Present",="3/31/2025",="PHARM100-A",
="800001602",="Present",="4/7/2025",="PHARM100-A",
="800001602",="Present",="1/10/2025",="COL010 -A",
="800001602",="Present",="1/17/2025",="COL010 -A",
="800001602",="Present",="1/24/2025",="COL010 -A",
="800001602",="Present",="1/31/2025",="COL010 -A",
="800001602",="Absent",="1/6/2025",="NUR100 -A",
="800001602",="Present",="1/13/2025",="NUR100 -A",
="800001602",="Present",="1/14/2025",="NUR100 -A",
="800001602",="Absent",="1/27/2025",="NUR100 -A",
="800001602",="Absent",="2/10/2025",="NUR100 -A",
="800001602",="Present",="2/17/2025",="NUR100 -A",
="800001602",="Absent",="3/10/2025",="NUR100 -A",
="800001602",="Absent",="3/11/2025",="NUR100 -A",
="800001602",="Absent",="3/8/2025",="NUR100-C-A2",
="800001602",="Absent",="1/7/2025",="NUR100-L-A1",
="800001602",="Absent",="1/14/2025",="NUR100-L-A1",
="800001602",="Absent",="1/21/2025",="NUR100-L-A1",
="800001602",="Present",="2/4/2025",="NUR100-L-A1",
="800001602",="Absent",="2/11/2025",="NUR100-L-A1",
="800001602",="Absent",="2/18/2025",="NUR100-L-A1",
="800001602",="Present",="2/25/2025",="NUR100-L-A1",
="800001602",="Present",="3/4/2025",="NUR100-L-A1",
="800001590",="Present",="1/9/2025",="AP100-P",
="800001590",="Present",="1/16/2025",="AP100-P",
="800001590",="Present",="1/23/2025",="AP100-P",
="800001590",="Present",="1/30/2025",="AP100-P",
="800001590",="Present",="2/6/2025",="AP100-P",
="800001590",="Present",="2/13/2025",="AP100-P",
="800001590",="Present",="2/20/2025",="AP100-P",
="800001590",="Present",="2/27/2025",="AP100-P",
="800001590",="Present",="3/6/2025",="AP100-P",
="800001590",="Present",="3/13/2025",="AP100-P",
="800001590",="Present",="3/20/2025",="AP100-P",
="800001590",="Present",="3/27/2025",="AP100-P",
="800001590",="Present",="4/3/2025",="AP100-P",
="800001590",="Present",="4/10/2025",="AP100-P",
="800001590",="Present",="4/17/2025",="AP100-P",
="800001590",="Present",="1/10/2025",="ENG101 -P",
="800001590",="Present",="1/17/2025",="ENG101 -P",
="800001590",="Present",="1/24/2025",="ENG101 -P",
="800001590",="Present",="1/31/2025",="ENG101 -P",
="800001590",="Present",="2/7/2025",="ENG101 -P",
="800001590",="Present",="2/14/2025",="ENG101 -P",
="800001590",="Present",="2/21/2025",="ENG101 -P",
="800001590",="Present",="2/28/2025",="ENG101 -P",
="800001590",="Present",="3/7/2025",="ENG101 -P",
="800001590",="Present",="3/14/2025",="ENG101 -P",
="800001590",="Present",="3/21/2025",="ENG101 -P",
="800001590",="Present",="3/28/2025",="ENG101 -P",
="800001590",="Present",="4/4/2025",="ENG101 -P",
="800001590",="Present",="4/11/2025",="ENG101 -P",
="800001596",="Absent",="1/6/2025",="NUR100-P",
="800001596",="Present",="1/7/2025",="NUR100-P",
="800001596",="Present",="1/13/2025",="NUR100-P",
="800001596",="Present",="1/14/2025",="NUR100-P",
="800001596",="Present",="1/27/2025",="NUR100-P",
="800001596",="Absent",="2/3/2025",="NUR100-P",
="800001596",="Absent",="2/10/2025",="NUR100-P",
="800001596",="Present",="1/13/2025",="NUR100-L-P1",
="800001596",="Absent",="1/14/2025",="NUR100-L-P1",
="800001596",="Absent",="1/21/2025",="NUR100-L-P1",
="800001596",="Present",="1/28/2025",="NUR100-L-P1",
="800001596",="Absent",="2/4/2025",="NUR100-L-P1",
="800001596",="Absent",="2/11/2025",="NUR100-L-P1",
="800001596",="Absent",="2/18/2025",="NUR100-L-P1",
="800001596",="Present",="1/12/2025",="PSY101 -OL",
="800001596",="Present",="1/19/2025",="PSY101 -OL",
="800001596",="Present",="1/26/2025",="PSY101 -OL",
="800001596",="Present",="2/2/2025",="PSY101 -OL",
="800001596",="Present",="2/9/2025",="PSY101 -OL",
="800001596",="Absent",="2/16/2025",="PSY101 -OL",
="800001596",="Present",="1/12/2025",="COL010 - OL I",
="800001596",="Present",="1/19/2025",="COL010 - OL I",
="800001596",="Present",="1/26/2025",="COL010 - OL I",
="800001596",="Present",="2/2/2025",="COL010 - OL I",
="800001596",="Absent",="2/5/2025",="PHARM100-P",
="800001596",="Absent",="2/12/2025",="PHARM100-P",
="800001596",="Absent",="2/19/2025",="PHARM100-P",
="800001596",="Present",="1/9/2025",="AP100-P",
="800001596",="Present",="1/16/2025",="AP100-P",
="800001596",="Present",="1/23/2025",="AP100-P",
="800001596",="Absent",="1/30/2025",="AP100-P",
="800001596",="Absent",="2/6/2025",="AP100-P",
="800001596",="Absent",="2/13/2025",="AP100-P",
="800001596",="Present",="1/10/2025",="ENG101 -P",
="800001596",="Present",="1/17/2025",="ENG101 -P",
="800001596",="Present",="1/24/2025",="ENG101 -P",
="800001596",="Absent",="1/31/2025",="ENG101 -P",
="800001596",="Present",="2/7/2025",="ENG101 -P",
="800001596",="Absent",="2/14/2025",="ENG101 -P",
="800001019",="Present",="1/9/2025",="NUR201-A",
="800001019",="Present",="1/16/2025",="NUR201-A",
="800001019",="Present",="1/23/2025",="NUR201-A",
="800001019",="Absent",="1/30/2025",="NUR201-A",
="800001019",="Absent",="2/6/2025",="NUR201-A",
="800001019",="Absent",="2/13/2025",="NUR201-A",
="800001019",="Absent",="2/20/2025",="NUR201-A",
="800001019",="Absent",="3/13/2025",="NUR201-A",
="800001019",="Present",="1/8/2025",="AP209 -A",
="800001019",="Present",="1/15/2025",="AP209 -A",
="800001019",="Present",="1/22/2025",="AP209 -A",
="800001019",="Absent",="1/29/2025",="AP209 -A",
="800001019",="Absent",="2/5/2025",="AP209 -A",
="800001019",="Absent",="2/12/2025",="AP209 -A",
="800001019",="Absent",="2/19/2025",="AP209 -A",
="800001019",="Absent",="2/26/2025",="AP209 -A",
="800001019",="Absent",="3/5/2025",="AP209 -A",
="800001019",="Absent",="3/12/2025",="AP209 -A",
="800001019",="Absent",="3/19/2025",="AP209 -A",
="800001019",="Absent",="1/16/2025",="NUR201-L-A",
="800001019",="Present",="1/23/2025",="NUR201-L-A",
="800001019",="Absent",="1/30/2025",="NUR201-L-A",
="800001019",="Absent",="2/6/2025",="NUR201-L-A",
="800001019",="Absent",="2/13/2025",="NUR201-L-A",
="800001019",="Absent",="2/20/2025",="NUR201-L-A",
="800001019",="Absent",="2/27/2025",="NUR201-L-A",
="800001019",="Absent",="3/6/2025",="NUR201-L-A",
="800001019",="Present",="1/12/2025",="PSY101 -OL",
="800001019",="Present",="1/19/2025",="PSY101 -OL",
="800001019",="Absent",="1/26/2025",="PSY101 -OL",
="800001019",="Absent",="2/2/2025",="PSY101 -OL",
="800001019",="Absent",="2/9/2025",="PSY101 -OL",
="800001019",="Absent",="2/16/2025",="PSY101 -OL",
="800001019",="Absent",="2/23/2025",="PSY101 -OL",
="800001019",="Absent",="3/2/2025",="PSY101 -OL",
="800001019",="Absent",="3/9/2025",="PSY101 -OL",
="800001019",="Present",="1/12/2025",="COL010 - OL I",
="800001019",="Present",="1/19/2025",="COL010 - OL I",
="800001019",="Present",="1/26/2025",="COL010 - OL I",
="800001019",="Absent",="2/2/2025",="COL010 - OL I",
="800001019",="Present",="1/10/2025",="ENG101 -P",
="800001019",="Present",="1/17/2025",="ENG101 -P",
="800001019",="Present",="1/24/2025",="ENG101 -P",
="800001019",="Absent",="1/31/2025",="ENG101 -P",
="800001019",="Present",="2/7/2025",="ENG101 -P",
="800001019",="Absent",="2/14/2025",="ENG101 -P",
="800001019",="Absent",="2/21/2025",="ENG101 -P",
="800001019",="Absent",="2/28/2025",="ENG101 -P",
="800001019",="Absent",="3/7/2025",="ENG101 -P",
="800001019",="Absent",="3/14/2025",="ENG101 -P",
="770000409",="Present",="1/9/2025",="PSY101 -A",
="770000409",="Present",="1/16/2025",="PSY101 -A",
="770000409",="Present",="1/30/2025",="PSY101 -A",
="770000409",="Present",="2/6/2025",="PSY101 -A",
="770000409",="Present",="2/13/2025",="PSY101 -A",
="770000409",="Present",="2/20/2025",="PSY101 -A",
="770000409",="Present",="2/27/2025",="PSY101 -A",
="770000409",="Present",="3/6/2025",="PSY101 -A",
="770000409",="Present",="3/13/2025",="PSY101 -A",
="770000409",="Present",="3/20/2025",="PSY101 -A",
="770000409",="Present",="3/27/2025",="PSY101 -A",
="770000409",="Present",="4/3/2025",="PSY101 -A",
="770000409",="Present",="1/16/2025",="NUR201-L-A",
="770000409",="Present",="1/23/2025",="NUR201-L-A",
="770000409",="Present",="1/30/2025",="NUR201-L-A",
="770000409",="Present",="2/6/2025",="NUR201-L-A",
="770000409",="Present",="2/13/2025",="NUR201-L-A",
="770000409",="Present",="2/20/2025",="NUR201-L-A",
="770000409",="Present",="2/27/2025",="NUR201-L-A",
="770000409",="Present",="3/6/2025",="NUR201-L-A",
="770000409",="Present",="1/8/2025",="AP209 -A",
="770000409",="Present",="1/15/2025",="AP209 -A",
="770000409",="Present",="1/22/2025",="AP209 -A",
="770000409",="Present",="1/29/2025",="AP209 -A",
="770000409",="Present",="2/5/2025",="AP209 -A",
="770000409",="Present",="2/12/2025",="AP209 -A",
="770000409",="Present",="2/19/2025",="AP209 -A",
="770000409",="Present",="2/26/2025",="AP209 -A",
="770000409",="Present",="3/5/2025",="AP209 -A",
="770000409",="Present",="3/12/2025",="AP209 -A",
="770000409",="Present",="3/19/2025",="AP209 -A",
="770000409",="Present",="3/26/2025",="AP209 -A",
="770000409",="Present",="4/2/2025",="AP209 -A",
="770000409",="Present",="4/9/2025",="AP209 -A",
="770000409",="Present",="4/16/2025",="AP209 -A",
="770000409",="Present",="1/8/2025",="ENG101 -A",
="770000409",="Present",="1/15/2025",="ENG101 -A",
="770000409",="Present",="1/22/2025",="ENG101 -A",
="770000409",="Present",="1/29/2025",="ENG101 -A",
="770000409",="Present",="2/5/2025",="ENG101 -A",
="770000409",="Present",="2/12/2025",="ENG101 -A",
="770000409",="Present",="2/19/2025",="ENG101 -A",
="770000409",="Present",="2/26/2025",="ENG101 -A",
="770000409",="Present",="3/5/2025",="ENG101 -A",
="770000409",="Present",="3/12/2025",="ENG101 -A",
="770000409",="Tardy/Late",="3/19/2025",="ENG101 -A",
="770000409",="Present",="3/26/2025",="ENG101 -A",
="770000409",="Present",="4/2/2025",="ENG101 -A",
="770000409",="Present",="4/9/2025",="ENG101 -A",
="770000409",="Present",="1/9/2025",="NUR201-A",
="770000409",="Present",="1/16/2025",="NUR201-A",
="770000409",="Present",="1/23/2025",="NUR201-A",
="770000409",="Present",="1/30/2025",="NUR201-A",
="770000409",="Present",="2/6/2025",="NUR201-A",
="770000409",="Present",="2/13/2025",="NUR201-A",
="770000409",="Present",="2/20/2025",="NUR201-A",
="770000409",="Present",="3/13/2025",="NUR201-A",
="770000409",="Present",="3/27/2025",="NUR201-A",
="770000409",="Present",="1/10/2025",="COL010 -A",
="770000409",="Present",="1/17/2025",="COL010 -A",
="770000409",="Present",="1/24/2025",="COL010 -A",
="770000409",="Present",="1/31/2025",="COL010 -A",
="800001621",="Present",="1/7/2025",="AP100-A",
="800001621",="Present",="1/14/2025",="AP100-A",
="800001621",="Present",="1/21/2025",="AP100-A",
="800001621",="Present",="1/28/2025",="AP100-A",
="800001621",="Present",="2/4/2025",="AP100-A",
="800001621",="Present",="2/11/2025",="AP100-A",
="800001621",="Present",="2/18/2025",="AP100-A",
="800001621",="Present",="2/25/2025",="AP100-A",
="800001621",="Present",="3/4/2025",="AP100-A",
="800001621",="Present",="3/11/2025",="AP100-A",
="800001621",="Present",="3/18/2025",="AP100-A",
="800001621",="Present",="3/25/2025",="AP100-A",
="800001621",="Present",="4/1/2025",="AP100-A",
="800001621",="Present",="4/8/2025",="AP100-A",
="800001621",="Present",="4/15/2025",="AP100-A",
="800001621",="Present",="3/8/2025",="NUR100-C-A2",
="800001621",="Present",="4/26/2025",="NUR100-C-A2",
="800001621",="Present",="1/8/2025",="ENG101 -A",
="800001621",="Present",="1/15/2025",="ENG101 -A",
="800001621",="Present",="1/22/2025",="ENG101 -A",
="800001621",="Present",="1/29/2025",="ENG101 -A",
="800001621",="Absent",="2/5/2025",="ENG101 -A",
="800001621",="Present",="2/12/2025",="ENG101 -A",
="800001621",="Present",="2/19/2025",="ENG101 -A",
="800001621",="Present",="2/26/2025",="ENG101 -A",
="800001621",="Present",="3/5/2025",="ENG101 -A",
="800001621",="Present",="3/12/2025",="ENG101 -A",
="800001621",="Present",="3/19/2025",="ENG101 -A",
="800001621",="Present",="3/26/2025",="ENG101 -A",
="800001621",="Present",="4/2/2025",="ENG101 -A",
="800001621",="Present",="4/9/2025",="ENG101 -A",
="800001621",="Present",="1/6/2025",="NUR100 -A",
="800001621",="Present",="1/13/2025",="NUR100 -A",
="800001621",="Present",="1/14/2025",="NUR100 -A",
="800001621",="Present",="1/27/2025",="NUR100 -A",
="800001621",="Present",="2/3/2025",="NUR100 -A",
="800001621",="Present",="2/10/2025",="NUR100 -A",
="800001621",="Present",="2/17/2025",="NUR100 -A",
="800001621",="Absent",="3/10/2025",="NUR100 -A",
="800001621",="Present",="3/11/2025",="NUR100 -A",
="800001621",="Present",="3/17/2025",="NUR100 -A",
="800001621",="Present",="3/24/2025",="NUR100 -A",
="800001621",="Present",="3/31/2025",="NUR100 -A",
="800001621",="Present",="4/7/2025",="NUR100 -A",
="800001621",="Present",="4/14/2025",="NUR100 -A",
="800001621",="Present",="1/10/2025",="COL010 -A",
="800001621",="Present",="1/17/2025",="COL010 -A",
="800001621",="Present",="1/24/2025",="COL010 -A",
="800001621",="Present",="1/31/2025",="COL010 -A",
="800001621",="Present",="1/9/2025",="PSY101 -A",
="800001621",="Present",="1/16/2025",="PSY101 -A",
="800001621",="Present",="1/30/2025",="PSY101 -A",
="800001621",="Present",="2/6/2025",="PSY101 -A",
="800001621",="Present",="2/13/2025",="PSY101 -A",
="800001621",="Present",="2/20/2025",="PSY101 -A",
="800001621",="Present",="2/27/2025",="PSY101 -A",
="800001621",="Present",="3/6/2025",="PSY101 -A",
="800001621",="Present",="3/13/2025",="PSY101 -A",
="800001621",="Present",="3/20/2025",="PSY101 -A",
="800001621",="Present",="3/27/2025",="PSY101 -A",
="800001621",="Present",="4/3/2025",="PSY101 -A",
="800001621",="Present",="1/7/2025",="NUR100-L-A1",
="800001621",="Present",="1/14/2025",="NUR100-L-A1",
="800001621",="Present",="1/21/2025",="NUR100-L-A1",
="800001621",="Present",="2/4/2025",="NUR100-L-A1",
="800001621",="Present",="2/11/2025",="NUR100-L-A1",
="800001621",="Present",="2/18/2025",="NUR100-L-A1",
="800001621",="No class",="2/24/2025",="NUR100-L-A1",
="800001621",="Present",="2/25/2025",="NUR100-L-A1",
="800001621",="No class",="3/4/2025",="NUR100-L-A1",
="800001621",="Present",="3/18/2025",="NUR100-L-A1",
="800001621",="Present",="3/25/2025",="NUR100-L-A1",
="800001621",="Present",="4/1/2025",="NUR100-L-A1",
="800001621",="Present",="4/8/2025",="NUR100-L-A1",
="800001621",="Present",="4/14/2025",="NUR100-L-A1",
="800001621",="Present",="4/15/2025",="NUR100-L-A1",
="800001621",="Present",="4/21/2025",="NUR100-L-A1",
="800001621",="Present",="4/22/2025",="NUR100-L-A1",
="800001621",="Present",="2/10/2025",="PHARM100-A",
="800001621",="Present",="2/17/2025",="PHARM100-A",
="800001621",="Present",="3/3/2025",="PHARM100-A",
="800001621",="Present",="3/10/2025",="PHARM100-A",
="800001621",="Present",="3/17/2025",="PHARM100-A",
="800001621",="Present",="3/24/2025",="PHARM100-A",
="800001621",="Present",="3/31/2025",="PHARM100-A",
="800001621",="Present",="4/7/2025",="PHARM100-A",
="800001619",="Present",="1/9/2025",="AP100-P",
="800001619",="Present",="1/16/2025",="AP100-P",
="800001619",="Present",="1/23/2025",="AP100-P",
="800001619",="Present",="1/30/2025",="AP100-P",
="800001619",="Present",="2/6/2025",="AP100-P",
="800001619",="Present",="2/13/2025",="AP100-P",
="800001619",="Present",="2/20/2025",="AP100-P",
="800001619",="Present",="2/27/2025",="AP100-P",
="800001619",="Present",="3/6/2025",="AP100-P",
="800001619",="Present",="3/13/2025",="AP100-P",
="800001619",="Absent",="3/20/2025",="AP100-P",
="800001619",="Present",="3/27/2025",="AP100-P",
="800001619",="Present",="4/3/2025",="AP100-P",
="800001619",="Present",="4/10/2025",="AP100-P",
="800001619",="Present",="4/17/2025",="AP100-P",
="800001619",="Present",="2/5/2025",="PHARM100-P",
="800001619",="Present",="2/12/2025",="PHARM100-P",
="800001619",="Present",="2/19/2025",="PHARM100-P",
="800001619",="Present",="2/26/2025",="PHARM100-P",
="800001619",="Present",="3/5/2025",="PHARM100-P",
="800001619",="Present",="3/12/2025",="PHARM100-P",
="800001619",="Present",="3/19/2025",="PHARM100-P",
="800001619",="Present",="3/26/2025",="PHARM100-P",
="800001619",="Present",="4/2/2025",="PHARM100-P",
="800001619",="Present",="4/9/2025",="PHARM100-P",
="800001619",="Present",="1/6/2025",="NUR100-P",
="800001619",="Present",="1/7/2025",="NUR100-P",
="800001619",="Present",="1/13/2025",="NUR100-P",
="800001619",="Present",="1/14/2025",="NUR100-P",
="800001619",="Present",="1/27/2025",="NUR100-P",
="800001619",="Present",="2/3/2025",="NUR100-P",
="800001619",="Present",="2/10/2025",="NUR100-P",
="800001619",="Present",="2/17/2025",="NUR100-P",
="800001619",="Present",="3/10/2025",="NUR100-P",
="800001619",="Present",="3/17/2025",="NUR100-P",
="800001619",="Present",="3/24/2025",="NUR100-P",
="800001619",="Present",="3/31/2025",="NUR100-P",
="800001619",="Present",="4/7/2025",="NUR100-P",
="800001619",="Present",="1/13/2025",="NUR100-L-P1",
="800001619",="Present",="1/14/2025",="NUR100-L-P1",
="800001619",="Present",="1/21/2025",="NUR100-L-P1",
="800001619",="Present",="1/28/2025",="NUR100-L-P1",
="800001619",="Present",="2/4/2025",="NUR100-L-P1",
="800001619",="Present",="2/11/2025",="NUR100-L-P1",
="800001619",="Present",="2/18/2025",="NUR100-L-P1",
="800001619",="No class",="2/25/2025",="NUR100-L-P1",
="800001619",="No class",="3/4/2025",="NUR100-L-P1",
="800001619",="Present",="3/25/2025",="NUR100-L-P1",
="800001619",="Present",="4/1/2025",="NUR100-L-P1",
="800001619",="Present",="4/8/2025",="NUR100-L-P1",
="800001619",="Present",="1/12/2025",="PSY101 -OL",
="800001619",="Present",="1/19/2025",="PSY101 -OL",
="800001619",="Present",="1/26/2025",="PSY101 -OL",
="800001619",="Present",="2/2/2025",="PSY101 -OL",
="800001619",="Present",="2/9/2025",="PSY101 -OL",
="800001619",="Present",="2/16/2025",="PSY101 -OL",
="800001619",="Present",="2/23/2025",="PSY101 -OL",
="800001619",="Present",="3/2/2025",="PSY101 -OL",
="800001619",="Present",="3/9/2025",="PSY101 -OL",
="800001619",="Present",="3/16/2025",="PSY101 -OL",
="800001619",="Present",="3/23/2025",="PSY101 -OL",
="800001619",="Present",="3/30/2025",="PSY101 -OL",
="800001619",="Absent",="4/6/2025",="PSY101 -OL",
="800001619",="Present",="4/13/2025",="PSY101 -OL",
="770007073",="Present",="1/9/2025",="NUR201-A",
="770007073",="Present",="1/16/2025",="NUR201-A",
="770007073",="Present",="1/23/2025",="NUR201-A",
="770007073",="Present",="1/30/2025",="NUR201-A",
="770007073",="Present",="2/6/2025",="NUR201-A",
="770007073",="Present",="2/13/2025",="NUR201-A",
="770007073",="Present",="2/20/2025",="NUR201-A",
="770007073",="Present",="3/13/2025",="NUR201-A",
="770007073",="Present",="3/27/2025",="NUR201-A",
="770007073",="Present",="4/21/2025",="NUR216-C-P1",
="770007073",="Present",="1/8/2025",="AP209 -A",
="770007073",="Present",="1/15/2025",="AP209 -A",
="770007073",="Present",="1/22/2025",="AP209 -A",
="770007073",="Present",="1/29/2025",="AP209 -A",
="770007073",="Present",="2/5/2025",="AP209 -A",
="770007073",="Present",="2/12/2025",="AP209 -A",
="770007073",="Present",="2/19/2025",="AP209 -A",
="770007073",="Present",="2/26/2025",="AP209 -A",
="770007073",="Present",="3/5/2025",="AP209 -A",
="770007073",="Present",="3/12/2025",="AP209 -A",
="770007073",="Present",="3/19/2025",="AP209 -A",
="770007073",="Present",="3/26/2025",="AP209 -A",
="770007073",="Present",="4/2/2025",="AP209 -A",
="770007073",="Present",="4/9/2025",="AP209 -A",
="770007073",="Present",="4/16/2025",="AP209 -A",
="770007073",="Present",="1/6/2025",="PHARM225-P_ A",
="770007073",="Absent",="1/13/2025",="PHARM225-P_ A",
="770007073",="Present",="1/27/2025",="PHARM225-P_ A",
="770007073",="Present",="2/3/2025",="PHARM225-P_ A",
="770007073",="Present",="2/10/2025",="PHARM225-P_ A",
="770007073",="Present",="2/17/2025",="PHARM225-P_ A",
="770007073",="Present",="3/3/2025",="PHARM225-P_ A",
="770007073",="Present",="3/10/2025",="PHARM225-P_ A",
="770007073",="Present",="3/17/2025",="PHARM225-P_ A",
="770007073",="Present",="3/24/2025",="PHARM225-P_ A",
="770007073",="Present",="3/31/2025",="PHARM225-P_ A",
="770007073",="Present",="4/7/2025",="PHARM225-P_ A",
="770007073",="Present",="1/9/2025",="NUR205 -P",
="770007073",="Present",="1/16/2025",="NUR205 -P",
="770007073",="Present",="1/23/2025",="NUR205 -P",
="770007073",="Present",="1/30/2025",="NUR205 -P",
="770007073",="Present",="2/6/2025",="NUR205 -P",
="770007073",="Present",="2/13/2025",="NUR205 -P",
="770007073",="Present",="2/20/2025",="NUR205 -P",
="770007073",="Present",="3/13/2025",="NUR205 -P",
="770007073",="Present",="3/20/2025",="NUR205 -P",
="770007073",="Present",="3/27/2025",="NUR205 -P",
="770007073",="Present",="1/16/2025",="NUR205-L-P1",
="770007073",="Present",="1/30/2025",="NUR205-L-P1",
="770007073",="Present",="2/6/2025",="NUR205-L-P1",
="770007073",="Present",="2/13/2025",="NUR205-L-P1",
="770007073",="Present",="2/20/2025",="NUR205-L-P1",
="770007073",="Present",="3/13/2025",="NUR205-L-P1",
="770007073",="Present",="3/27/2025",="NUR205-L-P1",
="770007073",="Present",="4/3/2025",="NUR205-L-P1",
="770007073",="Present",="2/11/2025",="NUR216-L-P1",
="770007073",="Present",="3/11/2025",="NUR216-L-P1",
="770007073",="Present",="3/25/2025",="NUR216-L-P1",
="770007073",="Present",="1/7/2025",="NUR216 -P",
="770007073",="Present",="1/14/2025",="NUR216 -P",
="770007073",="Present",="1/21/2025",="NUR216 -P",
="770007073",="Present",="1/28/2025",="NUR216 -P",
="770007073",="Present",="2/4/2025",="NUR216 -P",
="770007073",="Present",="2/11/2025",="NUR216 -P",
="770007073",="Present",="2/18/2025",="NUR216 -P",
="770007073",="Present",="3/11/2025",="NUR216 -P",
="770007073",="Present",="3/25/2025",="NUR216 -P",
="770007073",="Present",="4/1/2025",="NUR216 -P",
="770007073",="Present",="4/8/2025",="NUR216 -P",
="770007073",="Present",="1/16/2025",="NUR201-L-A",
="770007073",="Present",="1/23/2025",="NUR201-L-A",
="770007073",="Present",="1/30/2025",="NUR201-L-A",
="770007073",="Present",="2/6/2025",="NUR201-L-A",
="770007073",="Present",="2/13/2025",="NUR201-L-A",
="770007073",="Present",="2/20/2025",="NUR201-L-A",
="770007073",="Present",="2/27/2025",="NUR201-L-A",
="770007073",="Present",="3/6/2025",="NUR201-L-A",
="800001580",="Present",="1/12/2025",="COL010 - OL I",
="800001580",="Present",="1/19/2025",="COL010 - OL I",
="800001580",="Present",="1/26/2025",="COL010 - OL I",
="800001580",="Present",="2/2/2025",="COL010 - OL I",
="800001622",="Present",="1/7/2025",="AP100-A",
="800001622",="Present",="1/14/2025",="AP100-A",
="800001622",="Present",="1/21/2025",="AP100-A",
="800001622",="Present",="1/28/2025",="AP100-A",
="800001622",="Present",="2/4/2025",="AP100-A",
="800001622",="Present",="2/11/2025",="AP100-A",
="800001622",="Present",="2/18/2025",="AP100-A",
="800001622",="Present",="2/25/2025",="AP100-A",
="800001622",="Present",="3/4/2025",="AP100-A",
="800001622",="Present",="3/11/2025",="AP100-A",
="800001622",="Present",="3/18/2025",="AP100-A",
="800001622",="Present",="3/25/2025",="AP100-A",
="800001622",="Present",="4/1/2025",="AP100-A",
="800001622",="Present",="4/8/2025",="AP100-A",
="800001622",="Present",="4/15/2025",="AP100-A",
="800001622",="Present",="1/7/2025",="NUR100-L-A1",
="800001622",="Present",="1/14/2025",="NUR100-L-A1",
="800001622",="Present",="1/21/2025",="NUR100-L-A1",
="800001622",="Present",="2/4/2025",="NUR100-L-A1",
="800001622",="Present",="2/11/2025",="NUR100-L-A1",
="800001622",="Present",="2/18/2025",="NUR100-L-A1",
="800001622",="Present",="2/20/2025",="NUR100-L-A1",
="800001622",="Present",="2/24/2025",="NUR100-L-A1",
="800001622",="Present",="2/25/2025",="NUR100-L-A1",
="800001622",="No class",="3/4/2025",="NUR100-L-A1",
="800001622",="Present",="3/18/2025",="NUR100-L-A1",
="800001622",="Present",="3/25/2025",="NUR100-L-A1",
="800001622",="Present",="4/1/2025",="NUR100-L-A1",
="800001622",="Absent",="4/8/2025",="NUR100-L-A1",
="800001622",="Present",="4/15/2025",="NUR100-L-A1",
="800001622",="Present",="4/21/2025",="NUR100-L-A1",
="800001622",="Present",="4/22/2025",="NUR100-L-A1",
="800001622",="Present",="3/8/2025",="NUR100-C-A2",
="800001622",="Present",="4/26/2025",="NUR100-C-A2",
="800001622",="Present",="1/9/2025",="PSY101 -A",
="800001622",="Present",="1/16/2025",="PSY101 -A",
="800001622",="Present",="1/30/2025",="PSY101 -A",
="800001622",="Present",="2/6/2025",="PSY101 -A",
="800001622",="Present",="2/13/2025",="PSY101 -A",
="800001622",="Present",="2/20/2025",="PSY101 -A",
="800001622",="Present",="2/27/2025",="PSY101 -A",
="800001622",="Present",="3/6/2025",="PSY101 -A",
="800001622",="Present",="3/13/2025",="PSY101 -A",
="800001622",="Present",="3/20/2025",="PSY101 -A",
="800001622",="Present",="3/27/2025",="PSY101 -A",
="800001622",="Present",="4/3/2025",="PSY101 -A",
="800001622",="Present",="1/10/2025",="COL010 -A",
="800001622",="Present",="1/17/2025",="COL010 -A",
="800001622",="Present",="1/24/2025",="COL010 -A",
="800001622",="Present",="1/31/2025",="COL010 -A",
="800001622",="Present",="1/6/2025",="NUR100 -A",
="800001622",="Present",="1/13/2025",="NUR100 -A",
="800001622",="Present",="1/14/2025",="NUR100 -A",
="800001622",="Present",="1/27/2025",="NUR100 -A",
="800001622",="Present",="2/3/2025",="NUR100 -A",
="800001622",="Present",="2/10/2025",="NUR100 -A",
="800001622",="Present",="2/17/2025",="NUR100 -A",
="800001622",="Present",="3/10/2025",="NUR100 -A",
="800001622",="Present",="3/11/2025",="NUR100 -A",
="800001622",="Present",="3/17/2025",="NUR100 -A",
="800001622",="Present",="3/24/2025",="NUR100 -A",
="800001622",="Present",="3/31/2025",="NUR100 -A",
="800001622",="Present",="4/7/2025",="NUR100 -A",
="800001622",="Present",="4/14/2025",="NUR100 -A",
="800001622",="Present",="1/8/2025",="ENG101 -A",
="800001622",="Present",="1/15/2025",="ENG101 -A",
="800001622",="Present",="1/22/2025",="ENG101 -A",
="800001622",="Present",="1/29/2025",="ENG101 -A",
="800001622",="Absent",="2/5/2025",="ENG101 -A",
="800001622",="Present",="2/12/2025",="ENG101 -A",
="800001622",="Present",="2/19/2025",="ENG101 -A",
="800001622",="Present",="2/26/2025",="ENG101 -A",
="800001622",="Present",="3/5/2025",="ENG101 -A",
="800001622",="Present",="3/12/2025",="ENG101 -A",
="800001622",="Present",="3/19/2025",="ENG101 -A",
="800001622",="Present",="3/26/2025",="ENG101 -A",
="800001622",="Present",="4/2/2025",="ENG101 -A",
="800001622",="Present",="4/9/2025",="ENG101 -A",
="800001622",="Present",="2/10/2025",="PHARM100-A",
="800001622",="Present",="2/17/2025",="PHARM100-A",
="800001622",="Present",="3/3/2025",="PHARM100-A",
="800001622",="Present",="3/10/2025",="PHARM100-A",
="800001622",="Present",="3/17/2025",="PHARM100-A",
="800001622",="Present",="3/24/2025",="PHARM100-A",
="800001622",="Present",="3/31/2025",="PHARM100-A",
="800001622",="Present",="4/7/2025",="PHARM100-A",
="800000502",="Absent",="1/7/2025",="NUR100-L-A1",
="800000502",="Absent",="1/14/2025",="NUR100-L-A1",
="800000502",="Absent excused",="1/21/2025",="NUR100-L-A1",
="800000502",="Present",="2/4/2025",="NUR100-L-A1",
="800000502",="Present",="2/11/2025",="NUR100-L-A1",
="800000502",="Present",="2/18/2025",="NUR100-L-A1",
="800000502",="No class",="2/24/2025",="NUR100-L-A1",
="800000502",="Present",="2/25/2025",="NUR100-L-A1",
="800000502",="No class",="3/4/2025",="NUR100-L-A1",
="800000502",="Absent",="3/18/2025",="NUR100-L-A1",
="800000502",="Absent",="4/1/2025",="NUR100-L-A1",
="800000502",="Absent",="1/7/2025",="AP100-A",
="800000502",="Present",="1/14/2025",="AP100-A",
="800000502",="Absent",="1/21/2025",="AP100-A",
="800000502",="Present",="1/28/2025",="AP100-A",
="800000502",="Present",="2/4/2025",="AP100-A",
="800000502",="Present",="2/11/2025",="AP100-A",
="800000502",="Present",="2/18/2025",="AP100-A",
="800000502",="Present",="2/25/2025",="AP100-A",
="800000502",="Present",="3/4/2025",="AP100-A",
="800000502",="Present",="3/11/2025",="AP100-A",
="800000502",="Absent",="3/18/2025",="AP100-A",
="800000502",="Absent",="3/25/2025",="AP100-A",
="800000502",="Absent",="4/1/2025",="AP100-A",
="800000502",="Absent",="1/6/2025",="NUR100 -A",
="800000502",="Present",="1/13/2025",="NUR100 -A",
="800000502",="Present",="1/14/2025",="NUR100 -A",
="800000502",="Present",="1/27/2025",="NUR100 -A",
="800000502",="Present",="2/10/2025",="NUR100 -A",
="800000502",="Present",="2/17/2025",="NUR100 -A",
="800000502",="Absent",="3/10/2025",="NUR100 -A",
="800000502",="Present",="3/11/2025",="NUR100 -A",
="800000502",="Absent",="3/17/2025",="NUR100 -A",
="800000502",="Absent",="3/24/2025",="NUR100 -A",
="800000502",="Absent",="3/31/2025",="NUR100 -A",
="800000502",="Present",="2/10/2025",="PHARM100-A",
="800000502",="Present",="2/17/2025",="PHARM100-A",
="800000502",="Present",="3/3/2025",="PHARM100-A",
="800000502",="Present",="3/10/2025",="PHARM100-A",
="800000502",="Absent",="3/17/2025",="PHARM100-A",
="800000502",="Absent",="3/24/2025",="PHARM100-A",
="800000502",="Present",="1/10/2025",="COL010 -A",
="800000502",="Present",="1/17/2025",="COL010 -A",
="800000502",="Present",="1/24/2025",="COL010 -A",
="800000502",="Present",="1/31/2025",="COL010 -A",
="800001625",="Present",="1/9/2025",="AP100-P",
="800001625",="Present",="1/16/2025",="AP100-P",
="800001625",="Present",="1/23/2025",="AP100-P",
="800001625",="Present",="1/30/2025",="AP100-P",
="800001625",="Present",="2/6/2025",="AP100-P",
="800001625",="Present",="2/13/2025",="AP100-P",
="800001625",="Present",="2/20/2025",="AP100-P",
="800001625",="Present",="2/27/2025",="AP100-P",
="800001625",="Present",="3/6/2025",="AP100-P",
="800001625",="Present",="3/13/2025",="AP100-P",
="800001625",="Present",="3/20/2025",="AP100-P",
="800001625",="Present",="3/27/2025",="AP100-P",
="800001625",="Present",="4/3/2025",="AP100-P",
="800001625",="Present",="4/10/2025",="AP100-P",
="800001625",="Present",="4/17/2025",="AP100-P",
="800001625",="Present",="1/12/2025",="COL010 - OL I",
="800001625",="Present",="1/19/2025",="COL010 - OL I",
="800001625",="Present",="1/26/2025",="COL010 - OL I",
="800001625",="Present",="2/2/2025",="COL010 - OL I",
="800001625",="Present",="2/5/2025",="PHARM100-P",
="800001625",="Present",="2/12/2025",="PHARM100-P",
="800001625",="Present",="2/19/2025",="PHARM100-P",
="800001625",="Present",="2/26/2025",="PHARM100-P",
="800001625",="Present",="3/5/2025",="PHARM100-P",
="800001625",="Present",="3/12/2025",="PHARM100-P",
="800001625",="Present",="3/19/2025",="PHARM100-P",
="800001625",="Present",="3/26/2025",="PHARM100-P",
="800001625",="Present",="4/2/2025",="PHARM100-P",
="800001625",="Present",="4/9/2025",="PHARM100-P",
="800001625",="Present",="1/6/2025",="NUR100-P",
="800001625",="Present",="1/7/2025",="NUR100-P",
="800001625",="Present",="1/13/2025",="NUR100-P",
="800001625",="Present",="1/14/2025",="NUR100-P",
="800001625",="Present",="1/27/2025",="NUR100-P",
="800001625",="Present",="2/3/2025",="NUR100-P",
="800001625",="Present",="2/10/2025",="NUR100-P",
="800001625",="Present",="2/17/2025",="NUR100-P",
="800001625",="Present",="3/10/2025",="NUR100-P",
="800001625",="Present",="3/17/2025",="NUR100-P",
="800001625",="Present",="3/24/2025",="NUR100-P",
="800001625",="Present",="3/31/2025",="NUR100-P",
="800001625",="Present",="4/7/2025",="NUR100-P",
="800001625",="Present",="1/10/2025",="ENG101 -P",
="800001625",="Present",="1/17/2025",="ENG101 -P",
="800001625",="Present",="1/24/2025",="ENG101 -P",
="800001625",="Present",="1/31/2025",="ENG101 -P",
="800001625",="Present",="2/7/2025",="ENG101 -P",
="800001625",="Present",="2/14/2025",="ENG101 -P",
="800001625",="Present",="2/21/2025",="ENG101 -P",
="800001625",="Present",="2/28/2025",="ENG101 -P",
="800001625",="Present",="3/7/2025",="ENG101 -P",
="800001625",="Present",="3/14/2025",="ENG101 -P",
="800001625",="Present",="3/21/2025",="ENG101 -P",
="800001625",="Present",="3/28/2025",="ENG101 -P",
="800001625",="Present",="4/4/2025",="ENG101 -P",
="800001625",="Present",="4/11/2025",="ENG101 -P",
="800000927",="Absent",="1/16/2025",="NUR205-L-P1",
="800000927",="Present",="1/30/2025",="NUR205-L-P1",
="800000927",="Present",="2/6/2025",="NUR205-L-P1",
="800000927",="Present",="2/13/2025",="NUR205-L-P1",
="800000927",="Present",="2/20/2025",="NUR205-L-P1",
="800000927",="Present",="3/13/2025",="NUR205-L-P1",
="800000927",="Present",="3/27/2025",="NUR205-L-P1",
="800000927",="Present",="4/3/2025",="NUR205-L-P1",
="800000927",="Present",="1/12/2025",="ENG102 - OL",
="800000927",="Present",="1/19/2025",="ENG102 - OL",
="800000927",="Present",="1/26/2025",="ENG102 - OL",
="800000927",="Present",="2/2/2025",="ENG102 - OL",
="800000927",="Present",="2/9/2025",="ENG102 - OL",
="800000927",="Present",="2/16/2025",="ENG102 - OL",
="800000927",="Present",="2/23/2025",="ENG102 - OL",
="800000927",="Present",="3/2/2025",="ENG102 - OL",
="800000927",="Present",="3/9/2025",="ENG102 - OL",
="800000927",="Present",="3/16/2025",="ENG102 - OL",
="800000927",="Present",="3/23/2025",="ENG102 - OL",
="800000927",="Present",="4/6/2025",="ENG102 - OL",
="800000927",="Present",="1/9/2025",="NUR205 -P",
="800000927",="Present",="1/16/2025",="NUR205 -P",
="800000927",="Present",="1/23/2025",="NUR205 -P",
="800000927",="Present",="1/30/2025",="NUR205 -P",
="800000927",="Present",="2/6/2025",="NUR205 -P",
="800000927",="Present",="2/13/2025",="NUR205 -P",
="800000927",="Present",="2/20/2025",="NUR205 -P",
="800000927",="Present",="3/13/2025",="NUR205 -P",
="800000927",="Present",="3/20/2025",="NUR205 -P",
="800000927",="Present",="3/27/2025",="NUR205 -P",
="800000927",="Present",="1/8/2025",="AP209 -A",
="800000927",="Present",="1/15/2025",="AP209 -A",
="800000927",="Present",="1/22/2025",="AP209 -A",
="800000927",="Present",="1/29/2025",="AP209 -A",
="800000927",="Present",="2/5/2025",="AP209 -A",
="800000927",="Present",="2/12/2025",="AP209 -A",
="800000927",="Present",="2/19/2025",="AP209 -A",
="800000927",="Present",="2/26/2025",="AP209 -A",
="800000927",="Present",="3/5/2025",="AP209 -A",
="800000927",="Present",="3/12/2025",="AP209 -A",
="800000927",="Present",="3/19/2025",="AP209 -A",
="800000927",="Present",="3/26/2025",="AP209 -A",
="800000927",="Present",="4/2/2025",="AP209 -A",
="800000927",="Present",="4/9/2025",="AP209 -A",
="800000927",="Present",="4/16/2025",="AP209 -A",
="800001593",="Present",="4/15/2025",="NUR100-C-P2",
="800001593",="Present",="1/13/2025",="NUR100-L-P1",
="800001593",="Present",="1/14/2025",="NUR100-L-P1",
="800001593",="Present",="1/21/2025",="NUR100-L-P1",
="800001593",="Present",="1/28/2025",="NUR100-L-P1",
="800001593",="Present",="2/4/2025",="NUR100-L-P1",
="800001593",="Present",="2/11/2025",="NUR100-L-P1",
="800001593",="Present",="2/18/2025",="NUR100-L-P1",
="800001593",="No class",="2/25/2025",="NUR100-L-P1",
="800001593",="No class",="3/4/2025",="NUR100-L-P1",
="800001593",="Present",="3/25/2025",="NUR100-L-P1",
="800001593",="Present",="4/1/2025",="NUR100-L-P1",
="800001593",="Present",="4/8/2025",="NUR100-L-P1",
="800001593",="Present",="1/6/2025",="NUR100-P",
="800001593",="Present",="1/7/2025",="NUR100-P",
="800001593",="Present",="1/13/2025",="NUR100-P",
="800001593",="Present",="1/14/2025",="NUR100-P",
="800001593",="Tardy/Late",="1/27/2025",="NUR100-P",
="800001593",="Present",="2/3/2025",="NUR100-P",
="800001593",="Present",="2/10/2025",="NUR100-P",
="800001593",="Present",="2/17/2025",="NUR100-P",
="800001593",="Present",="3/10/2025",="NUR100-P",
="800001593",="Present",="3/17/2025",="NUR100-P",
="800001593",="Present",="3/24/2025",="NUR100-P",
="800001593",="Present",="3/31/2025",="NUR100-P",
="800001593",="Present",="4/7/2025",="NUR100-P",
="800001593",="Present",="2/5/2025",="PHARM100-P",
="800001593",="Present",="2/12/2025",="PHARM100-P",
="800001593",="Present",="2/19/2025",="PHARM100-P",
="800001593",="Present",="2/26/2025",="PHARM100-P",
="800001593",="Present",="3/5/2025",="PHARM100-P",
="800001593",="Present",="3/12/2025",="PHARM100-P",
="800001593",="Present",="3/19/2025",="PHARM100-P",
="800001593",="Present",="3/26/2025",="PHARM100-P",
="800001593",="Present",="4/2/2025",="PHARM100-P",
="800001593",="Present",="4/9/2025",="PHARM100-P",
="800001591",="Present",="1/8/2025",="SCI101-P",
="800001591",="Present",="1/15/2025",="SCI101-P",
="800001591",="Present",="1/29/2025",="SCI101-P",
="800001591",="Present",="2/5/2025",="SCI101-P",
="800001591",="Present",="2/12/2025",="SCI101-P",
="800001591",="Present",="2/19/2025",="SCI101-P",
="800001591",="Present",="2/26/2025",="SCI101-P",
="800001591",="Present",="3/5/2025",="SCI101-P",
="800001591",="Present",="3/12/2025",="SCI101-P",
="800001591",="Present",="3/19/2025",="SCI101-P",
="800001591",="Present",="3/26/2025",="SCI101-P",
="800001591",="Present",="4/2/2025",="SCI101-P",
="800001591",="Present",="4/9/2025",="SCI101-P",
="800001591",="Present",="4/16/2025",="SCI101-P",
="800001591",="Present",="1/10/2025",="ENG101 -P",
="800001591",="Present",="1/17/2025",="ENG101 -P",
="800001591",="Present",="1/24/2025",="ENG101 -P",
="800001591",="Present",="1/31/2025",="ENG101 -P",
="800001591",="Present",="2/7/2025",="ENG101 -P",
="800001591",="Present",="2/14/2025",="ENG101 -P",
="800001591",="Present",="2/21/2025",="ENG101 -P",
="800001591",="Present",="2/28/2025",="ENG101 -P",
="800001591",="Present",="3/7/2025",="ENG101 -P",
="800001591",="Present",="3/14/2025",="ENG101 -P",
="800001591",="Present",="3/21/2025",="ENG101 -P",
="800001591",="Present",="3/28/2025",="ENG101 -P",
="800001591",="Present",="4/4/2025",="ENG101 -P",
="800001591",="Present",="4/11/2025",="ENG101 -P",
="800001591",="Present",="1/13/2025",="NUR100-L-P1",
="800001591",="Present",="1/14/2025",="NUR100-L-P1",
="800001591",="Present",="1/21/2025",="NUR100-L-P1",
="800001591",="Present",="1/28/2025",="NUR100-L-P1",
="800001591",="Present",="2/4/2025",="NUR100-L-P1",
="800001591",="Present",="2/11/2025",="NUR100-L-P1",
="800001591",="Present",="2/18/2025",="NUR100-L-P1",
="800001591",="No class",="2/25/2025",="NUR100-L-P1",
="800001591",="No class",="3/4/2025",="NUR100-L-P1",
="800001591",="Present",="3/25/2025",="NUR100-L-P1",
="800001591",="Present",="4/1/2025",="NUR100-L-P1",
="800001591",="Present",="4/8/2025",="NUR100-L-P1",
="800001591",="Present",="1/12/2025",="PSY101 -OL",
="800001591",="Present",="1/19/2025",="PSY101 -OL",
="800001591",="Present",="1/26/2025",="PSY101 -OL",
="800001591",="Present",="2/2/2025",="PSY101 -OL",
="800001591",="Present",="2/9/2025",="PSY101 -OL",
="800001591",="Present",="2/16/2025",="PSY101 -OL",
="800001591",="Present",="2/23/2025",="PSY101 -OL",
="800001591",="Present",="3/2/2025",="PSY101 -OL",
="800001591",="Present",="3/9/2025",="PSY101 -OL",
="800001591",="Present",="3/16/2025",="PSY101 -OL",
="800001591",="Present",="3/23/2025",="PSY101 -OL",
="800001591",="Present",="3/30/2025",="PSY101 -OL",
="800001591",="Present",="4/6/2025",="PSY101 -OL",
="800001591",="Present",="4/13/2025",="PSY101 -OL",
="800001551",="Present",="1/8/2025",="AP209 -A",
="800001551",="Present",="1/15/2025",="AP209 -A",
="800001551",="Present",="1/22/2025",="AP209 -A",
="800001551",="Present",="1/29/2025",="AP209 -A",
="800001551",="Present",="2/5/2025",="AP209 -A",
="800001551",="Present",="2/12/2025",="AP209 -A",
="800001551",="Absent",="2/19/2025",="AP209 -A",
="800001551",="Absent",="2/26/2025",="AP209 -A",
="800001551",="Present",="1/8/2025",="ENG101 -A",
="800001551",="Present",="1/15/2025",="ENG101 -A",
="800001551",="Present",="1/22/2025",="ENG101 -A",
="800001551",="Present",="1/29/2025",="ENG101 -A",
="800001551",="Present",="2/5/2025",="ENG101 -A",
="800001551",="Present",="2/12/2025",="ENG101 -A",
="800001551",="Absent",="2/19/2025",="ENG101 -A",
="800001551",="Absent",="2/26/2025",="ENG101 -A",
="800001551",="Present",="1/9/2025",="PSY101 -A",
="800001551",="Present",="1/16/2025",="PSY101 -A",
="800001551",="Present",="1/30/2025",="PSY101 -A",
="800001551",="Present",="2/6/2025",="PSY101 -A",
="800001551",="Present",="2/13/2025",="PSY101 -A",
="800001551",="Absent",="2/20/2025",="PSY101 -A",
="800001551",="Present",="1/10/2025",="COL010 -A",
="800001551",="Present",="1/17/2025",="COL010 -A",
="800001551",="Present",="1/24/2025",="COL010 -A",
="800001551",="Present",="1/31/2025",="COL010 -A",
="800001459",="Present",="1/12/2025",="COL010 - OL I",
="800001459",="Present",="1/19/2025",="COL010 - OL I",
="800001459",="Present",="1/26/2025",="COL010 - OL I",
="800001459",="Present",="2/2/2025",="COL010 - OL I",
="800001459",="Present",="1/10/2025",="ENG101 -P",
="800001459",="Present",="1/17/2025",="ENG101 -P",
="800001459",="Present",="1/24/2025",="ENG101 -P",
="800001459",="Present",="1/31/2025",="ENG101 -P",
="800001459",="Present",="2/7/2025",="ENG101 -P",
="800001459",="Present",="2/14/2025",="ENG101 -P",
="800001459",="Present",="2/21/2025",="ENG101 -P",
="800001459",="Present",="2/28/2025",="ENG101 -P",
="800001459",="Present",="3/7/2025",="ENG101 -P",
="800001459",="Present",="3/14/2025",="ENG101 -P",
="800001459",="Present",="3/21/2025",="ENG101 -P",
="800001459",="Present",="3/28/2025",="ENG101 -P",
="800001459",="Present",="4/4/2025",="ENG101 -P",
="800001459",="Present",="4/11/2025",="ENG101 -P",
="800001459",="Present",="1/13/2025",="NUR100-L-P1",
="800001459",="Absent",="1/14/2025",="NUR100-L-P1",
="800001459",="Absent",="1/21/2025",="NUR100-L-P1",
="800001459",="Present",="1/28/2025",="NUR100-L-P1",
="800001459",="Present",="2/4/2025",="NUR100-L-P1",
="800001459",="Present",="2/11/2025",="NUR100-L-P1",
="800001459",="Present",="2/18/2025",="NUR100-L-P1",
="800001459",="Present",="2/25/2025",="NUR100-L-P1",
="800001459",="Present",="2/26/2025",="NUR100-L-P1",
="800001459",="No class",="3/4/2025",="NUR100-L-P1",
="800001459",="Present",="3/25/2025",="NUR100-L-P1",
="800001459",="Present",="4/1/2025",="NUR100-L-P1",
="800001459",="Present",="4/8/2025",="NUR100-L-P1",
="800001459",="Present",="1/9/2025",="AP100-P",
="800001459",="Present",="1/16/2025",="AP100-P",
="800001459",="Present",="1/23/2025",="AP100-P",
="800001459",="Present",="1/30/2025",="AP100-P",
="800001459",="Present",="2/6/2025",="AP100-P",
="800001459",="Present",="2/13/2025",="AP100-P",
="800001459",="Present",="2/20/2025",="AP100-P",
="800001459",="Present",="2/27/2025",="AP100-P",
="800001459",="Present",="3/6/2025",="AP100-P",
="800001459",="Present",="3/13/2025",="AP100-P",
="800001459",="Present",="3/20/2025",="AP100-P",
="800001459",="Present",="3/27/2025",="AP100-P",
="800001459",="Present",="4/3/2025",="AP100-P",
="800001459",="Present",="4/10/2025",="AP100-P",
="800001459",="Present",="4/17/2025",="AP100-P",
="800001459",="Absent",="1/12/2025",="PSY101 -OL",
="800001459",="Present",="1/19/2025",="PSY101 -OL",
="800001459",="Present",="1/26/2025",="PSY101 -OL",
="800001459",="Present",="2/2/2025",="PSY101 -OL",
="800001459",="Present",="2/9/2025",="PSY101 -OL",
="800001459",="Present",="2/16/2025",="PSY101 -OL",
="800001459",="Present",="2/23/2025",="PSY101 -OL",
="800001459",="Present",="3/2/2025",="PSY101 -OL",
="800001459",="Present",="3/9/2025",="PSY101 -OL",
="800001459",="Present",="3/16/2025",="PSY101 -OL",
="800001459",="Present",="3/23/2025",="PSY101 -OL",
="800001459",="Present",="3/30/2025",="PSY101 -OL",
="800001459",="Present",="4/6/2025",="PSY101 -OL",
="800001459",="Present",="4/13/2025",="PSY101 -OL",
="800001459",="Present",="1/6/2025",="NUR100-P",
="800001459",="Present",="1/13/2025",="NUR100-P",
="800001459",="Present",="1/14/2025",="NUR100-P",
="800001459",="Present",="1/27/2025",="NUR100-P",
="800001459",="Present",="2/3/2025",="NUR100-P",
="800001459",="Present",="2/10/2025",="NUR100-P",
="800001459",="Present",="2/17/2025",="NUR100-P",
="800001459",="Present",="3/10/2025",="NUR100-P",
="800001459",="Present",="3/17/2025",="NUR100-P",
="800001459",="Present",="3/24/2025",="NUR100-P",
="800001459",="Present",="3/31/2025",="NUR100-P",
="800001459",="Present",="4/7/2025",="NUR100-P",
="800001459",="Present",="2/5/2025",="PHARM100-P",
="800001459",="Present",="2/12/2025",="PHARM100-P",
="800001459",="Present",="2/19/2025",="PHARM100-P",
="800001459",="Present",="2/26/2025",="PHARM100-P",
="800001459",="Present",="3/5/2025",="PHARM100-P",
="800001459",="Present",="3/12/2025",="PHARM100-P",
="800001459",="Present",="3/19/2025",="PHARM100-P",
="800001459",="Present",="3/26/2025",="PHARM100-P",
="800001459",="Present",="4/2/2025",="PHARM100-P",
="800001459",="Present",="4/9/2025",="PHARM100-P",
="800001508",="Present",="4/15/2025",="NUR100-C-P2",
="800001508",="Present",="1/13/2025",="NUR100-L-P1",
="800001508",="Absent",="1/14/2025",="NUR100-L-P1",
="800001508",="Absent",="1/21/2025",="NUR100-L-P1",
="800001508",="Present",="1/28/2025",="NUR100-L-P1",
="800001508",="Present",="2/4/2025",="NUR100-L-P1",
="800001508",="Present",="2/11/2025",="NUR100-L-P1",
="800001508",="Present",="2/18/2025",="NUR100-L-P1",
="800001508",="No class",="2/25/2025",="NUR100-L-P1",
="800001508",="Present",="2/26/2025",="NUR100-L-P1",
="800001508",="No class",="3/4/2025",="NUR100-L-P1",
="800001508",="Absent",="3/25/2025",="NUR100-L-P1",
="800001508",="Present",="4/1/2025",="NUR100-L-P1",
="800001508",="Absent",="4/8/2025",="NUR100-L-P1",
="800001508",="Present",="1/6/2025",="NUR100-P",
="800001508",="Present",="1/7/2025",="NUR100-P",
="800001508",="Present",="1/13/2025",="NUR100-P",
="800001508",="Present",="1/14/2025",="NUR100-P",
="800001508",="Present",="1/27/2025",="NUR100-P",
="800001508",="Present",="2/3/2025",="NUR100-P",
="800001508",="Present",="2/10/2025",="NUR100-P",
="800001508",="Present",="2/17/2025",="NUR100-P",
="800001508",="Present",="3/10/2025",="NUR100-P",
="800001508",="Present",="3/17/2025",="NUR100-P",
="800001508",="Absent",="3/24/2025",="NUR100-P",
="800001508",="Present",="3/31/2025",="NUR100-P",
="800001508",="Present",="4/7/2025",="NUR100-P",
="800001508",="Absent",="1/12/2025",="NUT100 -OL",
="800001508",="Present",="1/19/2025",="NUT100 -OL",
="800001508",="Present",="1/26/2025",="NUT100 -OL",
="800001508",="Present",="2/2/2025",="NUT100 -OL",
="800001508",="Present",="2/9/2025",="NUT100 -OL",
="800001508",="Present",="2/16/2025",="NUT100 -OL",
="800001508",="Present",="2/23/2025",="NUT100 -OL",
="800001508",="Present",="3/2/2025",="NUT100 -OL",
="800001508",="Present",="3/9/2025",="NUT100 -OL",
="800001508",="Present",="3/16/2025",="NUT100 -OL",
="800001508",="Present",="3/23/2025",="NUT100 -OL",
="800001508",="Present",="3/30/2025",="NUT100 -OL",
="800001508",="Absent",="4/6/2025",="NUT100 -OL",
="800001508",="Present",="4/13/2025",="NUT100 -OL",
="800001513",="Present",="1/6/2025",="PHARM205-P_A",
="800001513",="Present",="1/13/2025",="PHARM205-P_A",
="800001513",="Present",="1/27/2025",="PHARM205-P_A",
="800001513",="Absent",="2/3/2025",="PHARM205-P_A",
="800001513",="Present",="2/10/2025",="PHARM205-P_A",
="800001513",="Present",="2/17/2025",="PHARM205-P_A",
="800001513",="Present",="3/3/2025",="PHARM205-P_A",
="800001513",="Present",="3/10/2025",="PHARM205-P_A",
="800001513",="Present",="3/17/2025",="PHARM205-P_A",
="800001513",="Present",="3/24/2025",="PHARM205-P_A",
="800001513",="Present",="3/31/2025",="PHARM205-P_A",
="800001513",="Present",="4/7/2025",="PHARM205-P_A",
="800001513",="Present",="1/14/2025",="NUR221-P",
="800001513",="Present",="1/21/2025",="NUR221-P",
="800001513",="Present",="2/4/2025",="NUR221-P",
="800001513",="Present",="2/11/2025",="NUR221-P",
="800001513",="Present",="2/18/2025",="NUR221-P",
="800001513",="Present",="3/25/2025",="NUR221-P",
="800001513",="Present",="4/8/2025",="NUR221-P",
="800001513",="Present",="2/11/2025",="NUR221-L-P1",
="800001513",="Present",="3/25/2025",="NUR221-L-P1",
="800001513",="Absent",="4/1/2025",="NUR221-L-P1",
="800001513",="Present",="4/14/2025",="NUR221-C-A1",
="800001513",="Present",="4/21/2025",="NUR221-C-A1",
="800001513",="Present",="4/25/2025",="NUR221-C-A1",
="800001511",="Present",="1/31/2025",="NUR120-L-P1",
="800001511",="Present",="2/7/2025",="NUR120-L-P1",
="800001511",="No class",="2/19/2025",="NUR120-L-P1",
="800001511",="Present",="2/21/2025",="NUR120-L-P1",
="800001511",="No class",="2/24/2025",="NUR120-L-P1",
="800001511",="Present",="2/25/2025",="NUR120-L-P1",
="800001511",="No class",="2/27/2025",="NUR120-L-P1",
="800001511",="No class",="2/28/2025",="NUR120-L-P1",
="800001511",="No class",="3/5/2025",="NUR120-L-P1",
="800001511",="No class",="3/6/2025",="NUR120-L-P1",
="800001511",="Present",="3/14/2025",="NUR120-L-P1",
="800001511",="Present",="1/8/2025",="PHARM130-P",
="800001511",="Present",="1/15/2025",="PHARM130-P",
="800001511",="Present",="1/22/2025",="PHARM130-P",
="800001511",="Present",="1/29/2025",="PHARM130-P",
="800001511",="Present",="2/5/2025",="PHARM130-P",
="800001511",="Present",="2/12/2025",="PHARM130-P",
="800001511",="Present",="2/19/2025",="PHARM130-P",
="800001511",="No class",="2/26/2025",="PHARM130-P",
="800001511",="No class",="3/5/2025",="PHARM130-P",
="800001511",="Present",="3/12/2025",="PHARM130-P",
="800001511",="Present",="3/19/2025",="PHARM130-P",
="800001511",="Present",="3/26/2025",="PHARM130-P",
="800001511",="Present",="4/2/2025",="PHARM130-P",
="800001511",="Present",="4/9/2025",="PHARM130-P",
="800001511",="Present",="4/16/2025",="PHARM130-P",
="800001511",="Present",="1/12/2025",="NUT100 -OL",
="800001511",="Present",="1/19/2025",="NUT100 -OL",
="800001511",="Present",="1/26/2025",="NUT100 -OL",
="800001511",="Present",="2/2/2025",="NUT100 -OL",
="800001511",="Present",="2/9/2025",="NUT100 -OL",
="800001511",="Present",="2/16/2025",="NUT100 -OL",
="800001511",="Present",="2/23/2025",="NUT100 -OL",
="800001511",="Present",="3/2/2025",="NUT100 -OL",
="800001511",="Present",="3/9/2025",="NUT100 -OL",
="800001511",="Present",="3/16/2025",="NUT100 -OL",
="800001511",="Present",="3/23/2025",="NUT100 -OL",
="800001511",="Present",="3/30/2025",="NUT100 -OL",
="800001511",="Present",="4/6/2025",="NUT100 -OL",
="800001511",="Present",="4/13/2025",="NUT100 -OL",
="800000952",="Present",="1/31/2025",="NUR120-L-P1",
="800000952",="Present",="2/7/2025",="NUR120-L-P1",
="800000952",="No class",="2/19/2025",="NUR120-L-P1",
="800000952",="Present",="2/21/2025",="NUR120-L-P1",
="800000952",="No class",="2/24/2025",="NUR120-L-P1",
="800000952",="Present",="2/25/2025",="NUR120-L-P1",
="800000952",="No class",="2/27/2025",="NUR120-L-P1",
="800000952",="No class",="2/28/2025",="NUR120-L-P1",
="800000952",="No class",="3/5/2025",="NUR120-L-P1",
="800000952",="No class",="3/6/2025",="NUR120-L-P1",
="800000952",="Present",="3/14/2025",="NUR120-L-P1",
="800000952",="Present",="1/9/2025",="NUR125-P",
="800000952",="Present",="1/16/2025",="NUR125-P",
="800000952",="Present",="1/23/2025",="NUR125-P",
="800000952",="Present",="1/30/2025",="NUR125-P",
="800000952",="Present",="2/6/2025",="NUR125-P",
="800000952",="Present",="2/13/2025",="NUR125-P",
="800000952",="Present",="2/20/2025",="NUR125-P",
="800000952",="Present",="3/13/2025",="NUR125-P",
="800000952",="Present",="3/27/2025",="NUR125-P",
="800000952",="Present",="4/3/2025",="NUR125-P",
="800000952",="Present",="1/12/2025",="NUT100 -OL",
="800000952",="Present",="1/19/2025",="NUT100 -OL",
="800000952",="Absent",="1/26/2025",="NUT100 -OL",
="800000952",="Present",="2/2/2025",="NUT100 -OL",
="800000952",="Present",="2/9/2025",="NUT100 -OL",
="800000952",="Present",="2/16/2025",="NUT100 -OL",
="800000952",="Present",="2/23/2025",="NUT100 -OL",
="800000952",="Absent",="3/2/2025",="NUT100 -OL",
="800000952",="Present",="3/9/2025",="NUT100 -OL",
="800000952",="Present",="3/16/2025",="NUT100 -OL",
="800000952",="Present",="3/23/2025",="NUT100 -OL",
="800000952",="Absent",="3/30/2025",="NUT100 -OL",
="800000952",="Present",="4/6/2025",="NUT100 -OL",
="800000952",="Present",="4/13/2025",="NUT100 -OL",
="800000952",="Present",="1/16/2025",="NUR125-L-P1",
="800000952",="Present",="1/23/2025",="NUR125-L-P1",
="800000952",="Present",="1/30/2025",="NUR125-L-P1",
="800000952",="Present",="2/6/2025",="NUR125-L-P1",
="800000952",="Present",="2/13/2025",="NUR125-L-P1",
="800000952",="Present",="2/20/2025",="NUR125-L-P1",
="800000952",="Present",="2/24/2025",="NUR125-L-P1",
="800000952",="Present",="2/27/2025",="NUR125-L-P1",
="800000952",="No class",="2/28/2025",="NUR125-L-P1",
="800000952",="Present",="3/13/2025",="NUR125-L-P1",
="800000952",="Present",="3/27/2025",="NUR125-L-P1",
="800000952",="Present",="1/7/2025",="NUR120 -P",
="800000952",="Present",="1/14/2025",="NUR120 -P",
="800000952",="Present",="1/21/2025",="NUR120 -P",
="800000952",="Present",="1/28/2025",="NUR120 -P",
="800000952",="Present",="2/4/2025",="NUR120 -P",
="800000952",="Present",="2/11/2025",="NUR120 -P",
="800000952",="Present",="2/18/2025",="NUR120 -P",
="800000952",="Present",="3/11/2025",="NUR120 -P",
="800000952",="Present",="3/18/2025",="NUR120 -P",
="800000952",="Present",="3/25/2025",="NUR120 -P",
="800000952",="Present",="4/1/2025",="NUR120 -P",
="800000952",="Present",="4/8/2025",="NUR120 -P",
="800001633",="Present",="1/9/2025",="AP100-P",
="800001633",="Present",="1/16/2025",="AP100-P",
="800001633",="Present",="1/23/2025",="AP100-P",
="800001633",="Present",="1/30/2025",="AP100-P",
="800001633",="Present",="2/6/2025",="AP100-P",
="800001633",="Present",="2/13/2025",="AP100-P",
="800001633",="Present",="2/20/2025",="AP100-P",
="800001633",="Present",="2/27/2025",="AP100-P",
="800001633",="Present",="3/6/2025",="AP100-P",
="800001633",="Present",="3/13/2025",="AP100-P",
="800001633",="Present",="3/20/2025",="AP100-P",
="800001633",="Present",="3/27/2025",="AP100-P",
="800001633",="Present",="4/3/2025",="AP100-P",
="800001633",="Present",="4/10/2025",="AP100-P",
="800001633",="Present",="4/17/2025",="AP100-P",
="800001633",="Present",="1/12/2025",="COL010 - OL I",
="800001633",="Present",="1/19/2025",="COL010 - OL I",
="800001633",="Present",="1/26/2025",="COL010 - OL I",
="800001633",="Present",="2/2/2025",="COL010 - OL I",
="800001633",="Present",="1/10/2025",="ENG101 -P",
="800001633",="Present",="1/17/2025",="ENG101 -P",
="800001633",="Present",="1/24/2025",="ENG101 -P",
="800001633",="Present",="1/31/2025",="ENG101 -P",
="800001633",="Present",="2/7/2025",="ENG101 -P",
="800001633",="Present",="2/14/2025",="ENG101 -P",
="800001633",="Present",="2/21/2025",="ENG101 -P",
="800001633",="Present",="2/28/2025",="ENG101 -P",
="800001633",="Present",="3/7/2025",="ENG101 -P",
="800001633",="Present",="3/14/2025",="ENG101 -P",
="800001633",="Present",="3/21/2025",="ENG101 -P",
="800001633",="Present",="3/28/2025",="ENG101 -P",
="800001633",="Present",="4/4/2025",="ENG101 -P",
="800001633",="Absent",="4/11/2025",="ENG101 -P",
="800001633",="Present",="1/12/2025",="PSY101 -OL",
="800001633",="Present",="1/19/2025",="PSY101 -OL",
="800001633",="Present",="1/26/2025",="PSY101 -OL",
="800001633",="Present",="2/2/2025",="PSY101 -OL",
="800001633",="Present",="2/9/2025",="PSY101 -OL",
="800001633",="Present",="2/16/2025",="PSY101 -OL",
="800001633",="Present",="2/23/2025",="PSY101 -OL",
="800001633",="Present",="3/2/2025",="PSY101 -OL",
="800001633",="Present",="3/9/2025",="PSY101 -OL",
="800001633",="Present",="3/16/2025",="PSY101 -OL",
="800001633",="Present",="3/23/2025",="PSY101 -OL",
="800001633",="Present",="3/30/2025",="PSY101 -OL",
="800001633",="Absent",="4/6/2025",="PSY101 -OL",
="800001633",="Present",="4/13/2025",="PSY101 -OL",
="800001484",="Present",="1/7/2025",="NUR120-A",
="800001484",="Present",="1/14/2025",="NUR120-A",
="800001484",="Present",="1/21/2025",="NUR120-A",
="800001484",="Present",="1/28/2025",="NUR120-A",
="800001484",="Present",="2/4/2025",="NUR120-A",
="800001484",="Absent excused",="2/11/2025",="NUR120-A",
="800001484",="Tardy/Late",="2/18/2025",="NUR120-A",
="800001484",="Present",="3/11/2025",="NUR120-A",
="800001484",="Present",="3/18/2025",="NUR120-A",
="800001484",="Present",="3/25/2025",="NUR120-A",
="800001484",="Present",="4/1/2025",="NUR120-A",
="800001484",="Present",="4/7/2025",="NUR120-A",
="800001484",="Present",="4/8/2025",="NUR120-A",
="800001484",="Present",="1/14/2025",="NUR125-L-A1",
="800001484",="Absent",="1/21/2025",="NUR125-L-A1",
="800001484",="Present",="1/28/2025",="NUR125-L-A1",
="800001484",="Present",="2/4/2025",="NUR125-L-A1",
="800001484",="Absent",="2/11/2025",="NUR125-L-A1",
="800001484",="Present",="2/18/2025",="NUR125-L-A1",
="800001484",="Present",="2/20/2025",="NUR125-L-A1",
="800001484",="Present",="2/25/2025",="NUR125-L-A1",
="800001484",="No class",="2/27/2025",="NUR125-L-A1",
="800001484",="Present",="3/11/2025",="NUR125-L-A1",
="800001484",="Present",="3/18/2025",="NUR125-L-A1",
="800001484",="Present",="3/25/2025",="NUR125-L-A1",
="800001484",="Present",="4/1/2025",="NUR125-L-A1",
="800001484",="Absent",="4/8/2025",="NUR125-L-A1",
="800001484",="Present",="1/7/2025",="NUR125-A",
="800001484",="Absent",="1/14/2025",="NUR125-A",
="800001484",="Present",="1/21/2025",="NUR125-A",
="800001484",="Present",="1/28/2025",="NUR125-A",
="800001484",="Present",="2/4/2025",="NUR125-A",
="800001484",="Absent",="2/11/2025",="NUR125-A",
="800001484",="Absent",="2/18/2025",="NUR125-A",
="800001484",="Present",="3/11/2025",="NUR125-A",
="800001484",="Present",="3/18/2025",="NUR125-A",
="800001484",="Present",="3/25/2025",="NUR125-A",
="800001484",="Present",="4/1/2025",="NUR125-A",
="800001484",="Absent",="4/8/2025",="NUR125-A",
="800001484",="No class",="2/19/2025",="NUR120-L-A1",
="800001484",="No class",="2/24/2025",="NUR120-L-A1",
="800001484",="Present",="2/25/2025",="NUR120-L-A1",
="800001484",="No class",="2/28/2025",="NUR120-L-A1",
="800001484",="No class",="3/5/2025",="NUR120-L-A1",
="800001318",="Present",="1/8/2025",="NUR155 - V2",
="800001318",="Present",="1/22/2025",="NUR155 - V2",
="800001318",="Present",="1/29/2025",="NUR155 - V2",
="800001318",="Present",="2/5/2025",="NUR155 - V2",
="800001318",="Present",="2/12/2025",="NUR155 - V2",
="800001318",="Present",="2/19/2025",="NUR155 - V2",
="800001318",="Present",="2/26/2025",="NUR155 - V2",
="800001318",="Present",="3/5/2025",="NUR155 - V2",
="800001318",="Present",="3/12/2025",="NUR155 - V2",
="800001318",="Present",="3/19/2025",="NUR155 - V2",
="800001318",="Present",="3/26/2025",="NUR155 - V2",
="800001318",="Present",="4/2/2025",="NUR155 - V2",
="800001318",="Present",="4/9/2025",="NUR155 - V2",
="800001318",="Present",="4/16/2025",="NUR155 - V2",
="800001318",="No class",="2/27/2025",="NUR145-L-A",
="800001318",="Present",="3/6/2025",="NUR145-L-A",
="800001318",="Present",="1/16/2025",="NUR145 - A",
="800001318",="Present",="1/23/2025",="NUR145 - A",
="800001318",="Present",="1/30/2025",="NUR145 - A",
="800001318",="Present",="2/6/2025",="NUR145 - A",
="800001318",="Present",="2/13/2025",="NUR145 - A",
="800001318",="Present",="2/20/2025",="NUR145 - A",
="800001318",="Present",="3/13/2025",="NUR145 - A",
="800001318",="Present",="3/20/2025",="NUR145 - A",
="800001318",="Present",="3/27/2025",="NUR145 - A",
="800001318",="Present",="4/3/2025",="NUR145 - A",
="800001318",="Present",="4/10/2025",="NUR145 - A",
="800001318",="Present",="1/12/2025",="ENG102 - OL",
="800001318",="Present",="1/19/2025",="ENG102 - OL",
="800001318",="Present",="1/26/2025",="ENG102 - OL",
="800001318",="Present",="2/2/2025",="ENG102 - OL",
="800001318",="Present",="2/9/2025",="ENG102 - OL",
="800001318",="Present",="2/16/2025",="ENG102 - OL",
="800001318",="Present",="2/23/2025",="ENG102 - OL",
="800001318",="Present",="3/2/2025",="ENG102 - OL",
="800001318",="Present",="3/9/2025",="ENG102 - OL",
="800001318",="Present",="3/16/2025",="ENG102 - OL",
="800001318",="Present",="3/23/2025",="ENG102 - OL",
="800001318",="Present",="4/6/2025",="ENG102 - OL",
="800001318",="Present",="1/8/2025",="AP209 -A",
="800001318",="Present",="1/15/2025",="AP209 -A",
="800001318",="Present",="1/22/2025",="AP209 -A",
="800001318",="Present",="1/29/2025",="AP209 -A",
="800001318",="Present",="2/5/2025",="AP209 -A",
="800001318",="Present",="2/12/2025",="AP209 -A",
="800001318",="Present",="2/19/2025",="AP209 -A",
="800001318",="Present",="2/26/2025",="AP209 -A",
="800001318",="Present",="3/5/2025",="AP209 -A",
="800001318",="Present",="3/12/2025",="AP209 -A",
="800001318",="Present",="3/19/2025",="AP209 -A",
="800001318",="Present",="3/26/2025",="AP209 -A",
="800001318",="Present",="4/2/2025",="AP209 -A",
="800001318",="Present",="4/9/2025",="AP209 -A",
="800001318",="Present",="4/16/2025",="AP209 -A",
="800001342",="Present",="1/7/2025",="MCB100 -A",
="800001342",="Present",="1/14/2025",="MCB100 -A",
="800001342",="Present",="1/21/2025",="MCB100 -A",
="800001342",="Present",="1/28/2025",="MCB100 -A",
="800001342",="Present",="2/4/2025",="MCB100 -A",
="800001342",="Present",="2/11/2025",="MCB100 -A",
="800001342",="Present",="2/18/2025",="MCB100 -A",
="800001342",="Present",="2/25/2025",="MCB100 -A",
="800001342",="Present",="3/4/2025",="MCB100 -A",
="800001342",="Present",="3/18/2025",="MCB100 -A",
="800001342",="Present",="3/25/2025",="MCB100 -A",
="800001342",="Present",="4/1/2025",="MCB100 -A",
="800001342",="Present",="4/8/2025",="MCB100 -A",
="800001342",="Present",="4/15/2025",="MCB100 -A",
="800001342",="Present",="1/7/2025",="NUR245 - P",
="800001342",="Present",="1/14/2025",="NUR245 - P",
="800001342",="Present",="1/21/2025",="NUR245 - P",
="800001342",="Present",="1/28/2025",="NUR245 - P",
="800001342",="Present",="2/4/2025",="NUR245 - P",
="800001342",="Present",="2/11/2025",="NUR245 - P",
="800001342",="Present",="2/18/2025",="NUR245 - P",
="800001342",="Present",="3/11/2025",="NUR245 - P",
="800001342",="Present",="3/18/2025",="NUR245 - P",
="800001342",="Present",="3/25/2025",="NUR245 - P",
="800001342",="Present",="4/1/2025",="NUR245 - P",
="800001342",="Present",="4/8/2025",="NUR245 - P",
="800001342",="Present",="4/14/2025",="NUR236-C-P1",
="800001342",="Present",="4/21/2025",="NUR236-C-P1",
="800001342",="Present",="4/25/2025",="NUR236-C-P1",
="800001342",="Present",="1/6/2025",="PHARM225-P_B",
="800001342",="Present",="1/13/2025",="PHARM225-P_B",
="800001342",="Present",="1/27/2025",="PHARM225-P_B",
="800001342",="Present",="2/3/2025",="PHARM225-P_B",
="800001342",="Absent",="2/10/2025",="PHARM225-P_B",
="800001342",="Absent",="2/17/2025",="PHARM225-P_B",
="800001342",="Present",="3/3/2025",="PHARM225-P_B",
="800001342",="Present",="3/10/2025",="PHARM225-P_B",
="800001342",="Present",="3/17/2025",="PHARM225-P_B",
="800001342",="Present",="3/24/2025",="PHARM225-P_B",
="800001342",="Present",="3/31/2025",="PHARM225-P_B",
="800001342",="Present",="4/7/2025",="PHARM225-P_B",
="800001342",="Present",="2/25/2025",="NUR245-C-P1",
="800001342",="Present",="3/4/2025",="NUR245-C-P1",
="800001342",="Present",="1/9/2025",="NUR236-P",
="800001342",="Present",="1/16/2025",="NUR236-P",
="800001342",="Present",="1/23/2025",="NUR236-P",
="800001342",="Present",="1/30/2025",="NUR236-P",
="800001342",="Present",="2/6/2025",="NUR236-P",
="800001342",="Absent",="2/13/2025",="NUR236-P",
="800001342",="Present",="2/20/2025",="NUR236-P",
="800001342",="Present",="3/13/2025",="NUR236-P",
="800001342",="Present",="3/20/2025",="NUR236-P",
="800001342",="Present",="3/27/2025",="NUR236-P",
="800001342",="Present",="4/3/2025",="NUR236-P",
="800001342",="Present",="4/10/2025",="NUR236-P",
="800001342",="Present",="1/10/2025",="STAT101-A",
="800001342",="Present",="1/17/2025",="STAT101-A",
="800001342",="Present",="1/24/2025",="STAT101-A",
="800001342",="Present",="2/7/2025",="STAT101-A",
="800001342",="Absent",="2/14/2025",="STAT101-A",
="800001342",="Present",="2/21/2025",="STAT101-A",
="800001342",="Present",="2/28/2025",="STAT101-A",
="800001342",="Present",="3/7/2025",="STAT101-A",
="800001342",="Present",="3/14/2025",="STAT101-A",
="800001342",="Present",="3/21/2025",="STAT101-A",
="800001342",="Present",="3/28/2025",="STAT101-A",
="800001342",="Absent",="4/11/2025",="STAT101-A",
="800001031",="Present",="1/23/2025",="NUR140-A",
="800001031",="Present",="1/30/2025",="NUR140-A",
="800001031",="Present",="2/6/2025",="NUR140-A",
="800001031",="Present",="2/13/2025",="NUR140-A",
="800001031",="Present",="2/20/2025",="NUR140-A",
="800001031",="Present",="3/13/2025",="NUR140-A",
="800001031",="Present",="3/27/2025",="NUR140-A",
="800001031",="Present",="4/3/2025",="NUR140-A",
="800001031",="No class",="2/27/2025",="NUR145-L-A",
="800001031",="Present",="3/6/2025",="NUR145-L-A",
="800001031",="Present",="1/8/2025",="NUR155-P",
="800001031",="Present",="1/15/2025",="NUR155-P",
="800001031",="Present",="1/22/2025",="NUR155-P",
="800001031",="Present",="1/29/2025",="NUR155-P",
="800001031",="Present",="2/5/2025",="NUR155-P",
="800001031",="Present",="2/12/2025",="NUR155-P",
="800001031",="Present",="2/19/2025",="NUR155-P",
="800001031",="Present",="2/26/2025",="NUR155-P",
="800001031",="Present",="3/5/2025",="NUR155-P",
="800001031",="Present",="3/12/2025",="NUR155-P",
="800001031",="Present",="3/19/2025",="NUR155-P",
="800001031",="Present",="3/26/2025",="NUR155-P",
="800001031",="Present",="4/2/2025",="NUR155-P",
="800001031",="Present",="4/9/2025",="NUR155-P",
="800001031",="Present",="4/16/2025",="NUR155-P",
="800001031",="Present",="1/16/2025",="NUR145 - A",
="800001031",="Present",="1/23/2025",="NUR145 - A",
="800001031",="Absent",="1/30/2025",="NUR145 - A",
="800001031",="Present",="2/6/2025",="NUR145 - A",
="800001031",="Present",="2/13/2025",="NUR145 - A",
="800001031",="Present",="2/20/2025",="NUR145 - A",
="800001031",="Present",="3/13/2025",="NUR145 - A",
="800001031",="Present",="3/20/2025",="NUR145 - A",
="800001031",="Present",="3/27/2025",="NUR145 - A",
="800001031",="Present",="4/3/2025",="NUR145 - A",
="800001031",="Present",="4/10/2025",="NUR145 - A",
="800001031",="Present",="4/19/2025",="NUR140-C-A1",
="800001031",="Present",="1/15/2025",="NUR150 -A",
="800001031",="Present",="1/22/2025",="NUR150 -A",
="800001031",="Absent",="1/29/2025",="NUR150 -A",
="800001031",="Present",="2/5/2025",="NUR150 -A",
="800001031",="Present",="2/12/2025",="NUR150 -A",
="800001031",="Present",="2/19/2025",="NUR150 -A",
="800001031",="Present",="3/12/2025",="NUR150 -A",
="800001031",="Present",="3/19/2025",="NUR150 -A",
="800001031",="Present",="3/26/2025",="NUR150 -A",
="800001031",="Present",="4/2/2025",="NUR150 -A",
="800001031",="Present",="4/9/2025",="NUR150 -A",
="800001031",="Present",="2/28/2025",="NUR150-C-A1",
="800001031",="Present",="2/27/2025",="NUR150 -L-A1",
="800001031",="Present",="3/5/2025",="NUR150 -L-A1",
="800001031",="Present",="3/6/2025",="NUR150 -L-A1",
="800001471",="Present",="1/12/2025",="NUT100 -OL",
="800001471",="Present",="1/19/2025",="NUT100 -OL",
="800001471",="Present",="1/26/2025",="NUT100 -OL",
="800001471",="Present",="2/2/2025",="NUT100 -OL",
="800001471",="Present",="2/9/2025",="NUT100 -OL",
="800001471",="Present",="2/16/2025",="NUT100 -OL",
="800001471",="Present",="2/23/2025",="NUT100 -OL",
="800001471",="Present",="3/2/2025",="NUT100 -OL",
="800001471",="Present",="3/9/2025",="NUT100 -OL",
="800001471",="Present",="3/16/2025",="NUT100 -OL",
="800001471",="Present",="3/23/2025",="NUT100 -OL",
="800001471",="Present",="3/30/2025",="NUT100 -OL",
="800001471",="Present",="4/6/2025",="NUT100 -OL",
="800001471",="Present",="4/13/2025",="NUT100 -OL",
="800001471",="Present",="1/7/2025",="NUR120-A",
="800001471",="Present",="1/14/2025",="NUR120-A",
="800001471",="Present",="1/21/2025",="NUR120-A",
="800001471",="Present",="1/28/2025",="NUR120-A",
="800001471",="Present",="2/4/2025",="NUR120-A",
="800001471",="Present",="2/11/2025",="NUR120-A",
="800001471",="Present",="2/18/2025",="NUR120-A",
="800001471",="Present",="3/11/2025",="NUR120-A",
="800001471",="Present",="3/18/2025",="NUR120-A",
="800001471",="Present",="3/25/2025",="NUR120-A",
="800001471",="Present",="4/1/2025",="NUR120-A",
="800001471",="Present",="4/8/2025",="NUR120-A",
="800001471",="Present",="2/19/2025",="NUR120-L-A1",
="800001471",="Present",="2/24/2025",="NUR120-L-A1",
="800001471",="No class",="2/28/2025",="NUR120-L-A1",
="800001471",="No class",="3/5/2025",="NUR120-L-A1",
="800001471",="Present",="1/7/2025",="NUR125-A",
="800001471",="Present",="1/14/2025",="NUR125-A",
="800001471",="Present",="1/21/2025",="NUR125-A",
="800001471",="Present",="1/28/2025",="NUR125-A",
="800001471",="Present",="2/4/2025",="NUR125-A",
="800001471",="Present",="2/11/2025",="NUR125-A",
="800001471",="Present",="2/18/2025",="NUR125-A",
="800001471",="Present",="3/11/2025",="NUR125-A",
="800001471",="Present",="3/18/2025",="NUR125-A",
="800001471",="Present",="3/25/2025",="NUR125-A",
="800001471",="Present",="4/1/2025",="NUR125-A",
="800001471",="Present",="4/8/2025",="NUR125-A",
="800001471",="Present",="1/14/2025",="NUR125-L-A1",
="800001471",="Present",="1/21/2025",="NUR125-L-A1",
="800001471",="Present",="1/28/2025",="NUR125-L-A1",
="800001471",="Present",="2/4/2025",="NUR125-L-A1",
="800001471",="Present",="2/11/2025",="NUR125-L-A1",
="800001471",="Present",="2/18/2025",="NUR125-L-A1",
="800001471",="No class",="2/20/2025",="NUR125-L-A1",
="800001471",="Present",="2/25/2025",="NUR125-L-A1",
="800001471",="No class",="2/27/2025",="NUR125-L-A1",
="800001471",="Present",="3/11/2025",="NUR125-L-A1",
="800001471",="Present",="3/18/2025",="NUR125-L-A1",
="800001471",="Present",="3/25/2025",="NUR125-L-A1",
="800001471",="Present",="4/1/2025",="NUR125-L-A1",
="800001471",="Present",="4/8/2025",="NUR125-L-A1",
="800001529",="Present",="1/7/2025",="NUR120-A",
="800001529",="Present",="1/14/2025",="NUR120-A",
="800001529",="Present",="1/21/2025",="NUR120-A",
="800001529",="Present",="1/28/2025",="NUR120-A",
="800001529",="Present",="2/4/2025",="NUR120-A",
="800001529",="Present",="2/11/2025",="NUR120-A",
="800001529",="Present",="2/18/2025",="NUR120-A",
="800001529",="Present",="3/11/2025",="NUR120-A",
="800001529",="Present",="3/18/2025",="NUR120-A",
="800001529",="Present",="3/25/2025",="NUR120-A",
="800001529",="Present",="4/1/2025",="NUR120-A",
="800001529",="Present",="4/8/2025",="NUR120-A",
="800001529",="No class",="2/19/2025",="NUR120-L-A1",
="800001529",="No class",="2/24/2025",="NUR120-L-A1",
="800001529",="No class",="2/28/2025",="NUR120-L-A1",
="800001529",="No class",="3/5/2025",="NUR120-L-A1",
="800001529",="Present",="1/12/2025",="NUT100 -OL",
="800001529",="Present",="1/19/2025",="NUT100 -OL",
="800001529",="Present",="1/26/2025",="NUT100 -OL",
="800001529",="Present",="2/2/2025",="NUT100 -OL",
="800001529",="Present",="2/9/2025",="NUT100 -OL",
="800001529",="Present",="2/16/2025",="NUT100 -OL",
="800001529",="Present",="2/23/2025",="NUT100 -OL",
="800001529",="Present",="3/2/2025",="NUT100 -OL",
="800001529",="Present",="3/9/2025",="NUT100 -OL",
="800001529",="Present",="3/16/2025",="NUT100 -OL",
="800001529",="Present",="3/23/2025",="NUT100 -OL",
="800001529",="Present",="3/30/2025",="NUT100 -OL",
="800001529",="Present",="4/6/2025",="NUT100 -OL",
="800001529",="Present",="4/13/2025",="NUT100 -OL",
="800001529",="Present",="1/6/2025",="NUR135-A",
="800001529",="Present",="1/13/2025",="NUR135-A",
="800001529",="Present",="1/27/2025",="NUR135-A",
="800001529",="Present",="2/3/2025",="NUR135-A",
="800001529",="Present",="2/10/2025",="NUR135-A",
="800001529",="Present",="2/17/2025",="NUR135-A",
="800001529",="Present",="3/10/2025",="NUR135-A",
="800001529",="Present",="3/17/2025",="NUR135-A",
="800001529",="Present",="3/24/2025",="NUR135-A",
="800001529",="Present",="3/31/2025",="NUR135-A",
="800001529",="Present",="4/7/2025",="NUR135-A",
="800001529",="No class",="2/24/2025",="NUR135-L-A1",
="800001529",="Present",="3/3/2025",="NUR135-L-A1",
="800000230",="No class",="2/24/2025",="NUR135-L-A1",
="800000230",="Present",="3/3/2025",="NUR135-L-A1",
="800000230",="Present",="2/25/2025",="NUR135-S-A1",
="800000230",="Present",="1/7/2025",="NUR120-A",
="800000230",="Present",="1/14/2025",="NUR120-A",
="800000230",="Present",="1/21/2025",="NUR120-A",
="800000230",="Present",="1/28/2025",="NUR120-A",
="800000230",="Present",="2/4/2025",="NUR120-A",
="800000230",="Present",="2/11/2025",="NUR120-A",
="800000230",="Present",="2/18/2025",="NUR120-A",
="800000230",="Present",="3/11/2025",="NUR120-A",
="800000230",="Present",="3/18/2025",="NUR120-A",
="800000230",="Absent",="3/25/2025",="NUR120-A",
="800000230",="Absent",="4/1/2025",="NUR120-A",
="800000230",="Present",="4/6/2025",="NUR120-A",
="800000230",="Present",="4/7/2025",="NUR120-A",
="800000230",="Present",="4/8/2025",="NUR120-A",
="800000230",="Present",="4/12/2025",="NUR120-C-A1",
="800000230",="Present",="4/19/2025",="NUR120-C-A1",
="800000230",="Present",="4/26/2025",="NUR120-C-A1",
="800000230",="No class",="2/19/2025",="NUR120-L-A1",
="800000230",="No class",="2/24/2025",="NUR120-L-A1",
="800000230",="No class",="2/28/2025",="NUR120-L-A1",
="800000230",="No class",="3/5/2025",="NUR120-L-A1",
="800000230",="Present",="1/7/2025",="NUR125-A",
="800000230",="Present",="1/14/2025",="NUR125-A",
="800000230",="Present",="1/21/2025",="NUR125-A",
="800000230",="Present",="1/28/2025",="NUR125-A",
="800000230",="Present",="2/4/2025",="NUR125-A",
="800000230",="Present",="2/11/2025",="NUR125-A",
="800000230",="Present",="2/18/2025",="NUR125-A",
="800000230",="Present",="3/11/2025",="NUR125-A",
="800000230",="Present",="3/18/2025",="NUR125-A",
="800000230",="Present",="3/25/2025",="NUR125-A",
="800000230",="Absent",="4/1/2025",="NUR125-A",
="800000230",="Present",="4/8/2025",="NUR125-A",
="800000230",="Present",="1/14/2025",="NUR125-L-A1",
="800000230",="Present",="1/21/2025",="NUR125-L-A1",
="800000230",="Present",="1/28/2025",="NUR125-L-A1",
="800000230",="Present",="2/4/2025",="NUR125-L-A1",
="800000230",="Present",="2/11/2025",="NUR125-L-A1",
="800000230",="Present",="2/18/2025",="NUR125-L-A1",
="800000230",="No class",="2/20/2025",="NUR125-L-A1",
="800000230",="Present",="2/25/2025",="NUR125-L-A1",
="800000230",="No class",="2/27/2025",="NUR125-L-A1",
="800000230",="Present",="3/11/2025",="NUR125-L-A1",
="800000230",="Present",="3/18/2025",="NUR125-L-A1",
="800000230",="Present",="3/25/2025",="NUR125-L-A1",
="800000230",="Absent",="4/1/2025",="NUR125-L-A1",
="800000230",="Present",="4/8/2025",="NUR125-L-A1",
="800000230",="Present",="1/6/2025",="NUR135-A",
="800000230",="Present",="1/13/2025",="NUR135-A",
="800000230",="Present",="1/27/2025",="NUR135-A",
="800000230",="Present",="2/3/2025",="NUR135-A",
="800000230",="Present",="2/10/2025",="NUR135-A",
="800000230",="Present",="2/17/2025",="NUR135-A",
="800000230",="Present",="3/10/2025",="NUR135-A",
="800000230",="Present",="3/17/2025",="NUR135-A",
="800000230",="Present",="3/24/2025",="NUR135-A",
="800000230",="Present",="3/31/2025",="NUR135-A",
="800000230",="Present",="4/7/2025",="NUR135-A",
="800000659",="Present",="4/19/2025",="NUR140-C-A1",
="800000659",="Present",="1/23/2025",="NUR140-A",
="800000659",="Present",="1/30/2025",="NUR140-A",
="800000659",="Present",="2/6/2025",="NUR140-A",
="800000659",="Present",="2/13/2025",="NUR140-A",
="800000659",="Tardy/Late excused",="2/20/2025",="NUR140-A",
="800000659",="Present",="3/13/2025",="NUR140-A",
="800000659",="Present",="3/20/2025",="NUR140-A",
="800000659",="Present",="3/27/2025",="NUR140-A",
="800000659",="Present",="4/3/2025",="NUR140-A",
="800000659",="Present",="1/16/2025",="NUR145 - A",
="800000659",="Present",="1/23/2025",="NUR145 - A",
="800000659",="Present",="1/30/2025",="NUR145 - A",
="800000659",="Present",="2/6/2025",="NUR145 - A",
="800000659",="Present",="2/13/2025",="NUR145 - A",
="800000659",="Absent",="2/20/2025",="NUR145 - A",
="800000659",="Present",="3/13/2025",="NUR145 - A",
="800000659",="Present",="3/20/2025",="NUR145 - A",
="800000659",="Present",="3/27/2025",="NUR145 - A",
="800000659",="Present",="4/3/2025",="NUR145 - A",
="800000659",="Present",="4/10/2025",="NUR145 - A",
="800000659",="Present",="2/27/2025",="NUR150 -L-A1",
="800000659",="Present",="3/5/2025",="NUR150 -L-A1",
="800000659",="Present",="3/6/2025",="NUR150 -L-A1",
="800000659",="Present",="2/27/2025",="NUR150-C-A1",
="800000659",="Present",="2/28/2025",="NUR150-C-A1",
="800000659",="No class",="2/27/2025",="NUR145-L-A",
="800000659",="Present",="3/6/2025",="NUR145-L-A",
="800000659",="Present",="1/15/2025",="NUR150 -A",
="800000659",="Present",="1/22/2025",="NUR150 -A",
="800000659",="Present",="1/29/2025",="NUR150 -A",
="800000659",="Present",="2/5/2025",="NUR150 -A",
="800000659",="Present",="2/12/2025",="NUR150 -A",
="800000659",="Present",="2/19/2025",="NUR150 -A",
="800000659",="Tardy/Late excused",="3/12/2025",="NUR150 -A",
="800000659",="Present",="3/19/2025",="NUR150 -A",
="800000659",="Present",="3/26/2025",="NUR150 -A",
="800000659",="Present",="4/2/2025",="NUR150 -A",
="800000659",="Present",="4/9/2025",="NUR150 -A",
="800000659",="Present",="1/8/2025",="NUR155-P",
="800000659",="Present",="1/15/2025",="NUR155-P",
="800000659",="Present",="1/22/2025",="NUR155-P",
="800000659",="Present",="1/29/2025",="NUR155-P",
="800000659",="Present",="2/5/2025",="NUR155-P",
="800000659",="Present",="2/12/2025",="NUR155-P",
="800000659",="Present",="2/19/2025",="NUR155-P",
="800000659",="Present",="2/26/2025",="NUR155-P",
="800000659",="Present",="3/5/2025",="NUR155-P",
="800000659",="Present",="3/12/2025",="NUR155-P",
="800000659",="Present",="3/19/2025",="NUR155-P",
="800000659",="Present",="3/26/2025",="NUR155-P",
="800000659",="Present",="4/2/2025",="NUR155-P",
="800000659",="Present",="4/9/2025",="NUR155-P",
="800000659",="Present",="4/16/2025",="NUR155-P",
="800001460",="Present",="1/12/2025",="PSY101 -OL",
="800001460",="Present",="1/19/2025",="PSY101 -OL",
="800001460",="Present",="1/26/2025",="PSY101 -OL",
="800001460",="Present",="2/2/2025",="PSY101 -OL",
="800001460",="Present",="2/9/2025",="PSY101 -OL",
="800001460",="Absent",="2/16/2025",="PSY101 -OL",
="800001460",="Present",="2/23/2025",="PSY101 -OL",
="800001460",="Present",="3/2/2025",="PSY101 -OL",
="800001460",="Present",="3/9/2025",="PSY101 -OL",
="800001460",="Absent",="3/16/2025",="PSY101 -OL",
="800001460",="Absent",="3/23/2025",="PSY101 -OL",
="800001460",="Absent",="3/30/2025",="PSY101 -OL",
="800001460",="Present",="1/7/2025",="NUR125-A",
="800001460",="Present",="1/14/2025",="NUR125-A",
="800001460",="Absent",="1/21/2025",="NUR125-A",
="800001460",="Present",="1/28/2025",="NUR125-A",
="800001460",="Present",="2/4/2025",="NUR125-A",
="800001460",="Present",="2/11/2025",="NUR125-A",
="800001460",="Absent",="2/18/2025",="NUR125-A",
="800001460",="Absent",="3/11/2025",="NUR125-A",
="800001460",="Absent",="3/18/2025",="NUR125-A",
="800001460",="Absent",="3/25/2025",="NUR125-A",
="800001460",="Absent",="4/1/2025",="NUR125-A",
="800001460",="Present",="1/14/2025",="NUR125-L-A1",
="800001460",="Absent",="1/21/2025",="NUR125-L-A1",
="800001460",="Present",="1/28/2025",="NUR125-L-A1",
="800001460",="Present",="2/4/2025",="NUR125-L-A1",
="800001460",="Present",="2/11/2025",="NUR125-L-A1",
="800001460",="Absent",="2/18/2025",="NUR125-L-A1",
="800001460",="No class",="2/20/2025",="NUR125-L-A1",
="800001460",="Absent",="2/25/2025",="NUR125-L-A1",
="800001460",="No class",="2/27/2025",="NUR125-L-A1",
="800001460",="Absent",="3/11/2025",="NUR125-L-A1",
="800001460",="Absent",="3/18/2025",="NUR125-L-A1",
="800001460",="Absent",="3/25/2025",="NUR125-L-A1",
="800001460",="Absent",="4/1/2025",="NUR125-L-A1",
="800001320",="Present",="1/6/2025",="PHARM225-P_B",
="800001320",="Present",="1/13/2025",="PHARM225-P_B",
="800001320",="Present",="1/27/2025",="PHARM225-P_B",
="800001320",="Present",="2/3/2025",="PHARM225-P_B",
="800001320",="Present",="2/10/2025",="PHARM225-P_B",
="800001320",="Present",="2/17/2025",="PHARM225-P_B",
="800001320",="Present",="3/3/2025",="PHARM225-P_B",
="800001320",="Present",="3/10/2025",="PHARM225-P_B",
="800001320",="Present",="3/17/2025",="PHARM225-P_B",
="800001320",="Present",="3/24/2025",="PHARM225-P_B",
="800001320",="Present",="3/31/2025",="PHARM225-P_B",
="800001320",="Present",="4/7/2025",="PHARM225-P_B",
="800001320",="Present",="1/10/2025",="STAT101-A",
="800001320",="Present",="1/17/2025",="STAT101-A",
="800001320",="Present",="1/24/2025",="STAT101-A",
="800001320",="Present",="2/7/2025",="STAT101-A",
="800001320",="Present",="2/14/2025",="STAT101-A",
="800001320",="Present",="2/21/2025",="STAT101-A",
="800001320",="Present",="2/28/2025",="STAT101-A",
="800001320",="Present",="3/7/2025",="STAT101-A",
="800001320",="Present",="3/14/2025",="STAT101-A",
="800001320",="Present",="3/21/2025",="STAT101-A",
="800001320",="Present",="3/28/2025",="STAT101-A",
="800001320",="Present",="4/11/2025",="STAT101-A",
="800001320",="Present",="1/7/2025",="NUR245 - P",
="800001320",="Present",="1/14/2025",="NUR245 - P",
="800001320",="Present",="1/21/2025",="NUR245 - P",
="800001320",="Present",="1/28/2025",="NUR245 - P",
="800001320",="Present",="2/4/2025",="NUR245 - P",
="800001320",="Present",="2/11/2025",="NUR245 - P",
="800001320",="Present",="2/18/2025",="NUR245 - P",
="800001320",="Present",="3/11/2025",="NUR245 - P",
="800001320",="Present",="3/18/2025",="NUR245 - P",
="800001320",="Present",="3/25/2025",="NUR245 - P",
="800001320",="Present",="4/1/2025",="NUR245 - P",
="800001320",="Present",="4/8/2025",="NUR245 - P",
="800001320",="Present",="4/14/2025",="NUR236-C-P1",
="800001320",="Present",="4/21/2025",="NUR236-C-P1",
="800001320",="Present",="4/25/2025",="NUR236-C-P1",
="800001320",="Present",="1/9/2025",="NUR236-P",
="800001320",="Present",="1/16/2025",="NUR236-P",
="800001320",="Present",="1/23/2025",="NUR236-P",
="800001320",="Present",="1/30/2025",="NUR236-P",
="800001320",="Present",="2/6/2025",="NUR236-P",
="800001320",="Present",="2/13/2025",="NUR236-P",
="800001320",="Present",="2/20/2025",="NUR236-P",
="800001320",="Present",="3/13/2025",="NUR236-P",
="800001320",="Present",="3/20/2025",="NUR236-P",
="800001320",="Present",="3/27/2025",="NUR236-P",
="800001320",="Present",="4/3/2025",="NUR236-P",
="800001320",="Present",="4/10/2025",="NUR236-P",
="800001320",="Present",="1/7/2025",="MCB100 -A",
="800001320",="Present",="1/14/2025",="MCB100 -A",
="800001320",="Present",="1/21/2025",="MCB100 -A",
="800001320",="Present",="1/28/2025",="MCB100 -A",
="800001320",="Present",="2/4/2025",="MCB100 -A",
="800001320",="Present",="2/11/2025",="MCB100 -A",
="800001320",="Present",="2/18/2025",="MCB100 -A",
="800001320",="Present",="2/25/2025",="MCB100 -A",
="800001320",="Present",="3/4/2025",="MCB100 -A",
="800001320",="Present",="3/18/2025",="MCB100 -A",
="800001320",="Present",="3/25/2025",="MCB100 -A",
="800001320",="Present",="4/1/2025",="MCB100 -A",
="800001320",="Present",="4/8/2025",="MCB100 -A",
="800001320",="Present",="4/15/2025",="MCB100 -A",
="800001320",="Present",="2/25/2025",="NUR245-C-P1",
="800001320",="Present",="3/4/2025",="NUR245-C-P1",
="800001118",="Present",="2/27/2025",="NUR150 -L-A1",
="800001118",="Present",="3/5/2025",="NUR150 -L-A1",
="800001118",="Present",="3/6/2025",="NUR150 -L-A1",
="800001118",="Present",="1/15/2025",="NUR150 -A",
="800001118",="Present",="1/22/2025",="NUR150 -A",
="800001118",="Present",="1/29/2025",="NUR150 -A",
="800001118",="Present",="2/5/2025",="NUR150 -A",
="800001118",="Present",="2/12/2025",="NUR150 -A",
="800001118",="Present",="2/19/2025",="NUR150 -A",
="800001118",="Present",="3/12/2025",="NUR150 -A",
="800001118",="Present",="3/19/2025",="NUR150 -A",
="800001118",="Present",="3/26/2025",="NUR150 -A",
="800001118",="Present",="4/2/2025",="NUR150 -A",
="800001118",="Present",="1/8/2025",="NUR155-P",
="800001118",="Present",="1/15/2025",="NUR155-P",
="800001118",="Present",="1/22/2025",="NUR155-P",
="800001118",="Present",="1/29/2025",="NUR155-P",
="800001118",="Present",="2/5/2025",="NUR155-P",
="800001118",="Present",="2/12/2025",="NUR155-P",
="800001118",="Present",="2/19/2025",="NUR155-P",
="800001118",="Present",="2/26/2025",="NUR155-P",
="800001118",="Present",="3/5/2025",="NUR155-P",
="800001118",="Present",="3/12/2025",="NUR155-P",
="800001118",="Present",="3/19/2025",="NUR155-P",
="800001118",="Present",="3/26/2025",="NUR155-P",
="800001118",="Present",="4/2/2025",="NUR155-P",
="800001118",="Present",="4/9/2025",="NUR155-P",
="800001118",="Present",="4/16/2025",="NUR155-P",
="800000524",="Present",="4/19/2025",="NUR140-C-A1",
="800000524",="Present",="2/28/2025",="NUR150-C-A1",
="800000524",="Present",="2/26/2025",="NUR145-S-A1",
="800000524",="Present",="3/5/2025",="NUR145-S-A1",
="800000524",="No class",="2/27/2025",="NUR145-L-A",
="800000524",="Present",="3/6/2025",="NUR145-L-A",
="800000524",="Present",="1/15/2025",="NUR150 -A",
="800000524",="Present",="1/22/2025",="NUR150 -A",
="800000524",="Present",="1/29/2025",="NUR150 -A",
="800000524",="Present",="2/5/2025",="NUR150 -A",
="800000524",="Present",="2/12/2025",="NUR150 -A",
="800000524",="Present",="2/19/2025",="NUR150 -A",
="800000524",="Present",="3/12/2025",="NUR150 -A",
="800000524",="Present",="3/19/2025",="NUR150 -A",
="800000524",="Present",="3/26/2025",="NUR150 -A",
="800000524",="Present",="4/2/2025",="NUR150 -A",
="800000524",="Present",="1/16/2025",="NUR145 - A",
="800000524",="Present",="1/23/2025",="NUR145 - A",
="800000524",="Present",="1/30/2025",="NUR145 - A",
="800000524",="Present",="2/6/2025",="NUR145 - A",
="800000524",="Present",="2/13/2025",="NUR145 - A",
="800000524",="Present",="2/20/2025",="NUR145 - A",
="800000524",="Present",="3/13/2025",="NUR145 - A",
="800000524",="Present",="3/20/2025",="NUR145 - A",
="800000524",="Present",="3/27/2025",="NUR145 - A",
="800000524",="Present",="4/3/2025",="NUR145 - A",
="800000524",="Present",="4/10/2025",="NUR145 - A",
="800000524",="Present",="1/23/2025",="NUR140-A",
="800000524",="Present",="1/30/2025",="NUR140-A",
="800000524",="Present",="2/6/2025",="NUR140-A",
="800000524",="Present",="2/13/2025",="NUR140-A",
="800000524",="Present",="2/20/2025",="NUR140-A",
="800000524",="Present",="3/13/2025",="NUR140-A",
="800000524",="Present",="3/27/2025",="NUR140-A",
="800000524",="Present",="4/3/2025",="NUR140-A",
="800000524",="Present",="2/27/2025",="NUR150 -L-A1",
="800000524",="Present",="3/5/2025",="NUR150 -L-A1",
="800000524",="Present",="3/6/2025",="NUR150 -L-A1",
="800000524",="Present",="1/8/2025",="NUR155-P",
="800000524",="Present",="1/15/2025",="NUR155-P",
="800000524",="Present",="1/22/2025",="NUR155-P",
="800000524",="Present",="1/29/2025",="NUR155-P",
="800000524",="Present",="2/5/2025",="NUR155-P",
="800000524",="Present",="2/12/2025",="NUR155-P",
="800000524",="Present",="2/19/2025",="NUR155-P",
="800000524",="Present",="2/26/2025",="NUR155-P",
="800000524",="Present",="3/5/2025",="NUR155-P",
="800000524",="Present",="3/12/2025",="NUR155-P",
="800000524",="Present",="3/19/2025",="NUR155-P",
="800000524",="Present",="3/26/2025",="NUR155-P",
="800000524",="Present",="4/2/2025",="NUR155-P",
="800000524",="Present",="4/9/2025",="NUR155-P",
="800000524",="Present",="4/16/2025",="NUR155-P",
="800001626",="Present",="1/9/2025",="NUR201-A",
="800001626",="Present",="1/16/2025",="NUR201-A",
="800001626",="Present",="1/23/2025",="NUR201-A",
="800001626",="Present",="1/30/2025",="NUR201-A",
="800001626",="Present",="2/6/2025",="NUR201-A",
="800001626",="Present",="2/13/2025",="NUR201-A",
="800001626",="Present",="2/20/2025",="NUR201-A",
="800001626",="Present",="3/13/2025",="NUR201-A",
="800001626",="Present",="3/27/2025",="NUR201-A",
="800001626",="Present",="1/16/2025",="NUR201-L-A",
="800001626",="Present",="1/23/2025",="NUR201-L-A",
="800001626",="Present",="1/30/2025",="NUR201-L-A",
="800001626",="Present",="2/6/2025",="NUR201-L-A",
="800001626",="Present",="2/13/2025",="NUR201-L-A",
="800001626",="Present",="2/20/2025",="NUR201-L-A",
="800001626",="Present",="2/27/2025",="NUR201-L-A",
="800001626",="Present",="3/6/2025",="NUR201-L-A",
="800001626",="Present",="1/8/2025",="AP209 -A",
="800001626",="Present",="1/15/2025",="AP209 -A",
="800001626",="Present",="1/22/2025",="AP209 -A",
="800001626",="Present",="1/29/2025",="AP209 -A",
="800001626",="Present",="2/5/2025",="AP209 -A",
="800001626",="Present",="2/12/2025",="AP209 -A",
="800001626",="Present",="2/19/2025",="AP209 -A",
="800001626",="Present",="2/26/2025",="AP209 -A",
="800001626",="Absent",="3/5/2025",="AP209 -A",
="800001626",="Present",="3/12/2025",="AP209 -A",
="800001626",="Present",="3/19/2025",="AP209 -A",
="800001626",="Present",="3/26/2025",="AP209 -A",
="800001626",="Present",="4/2/2025",="AP209 -A",
="800001626",="Present",="4/9/2025",="AP209 -A",
="800001626",="Present",="4/16/2025",="AP209 -A",
="800001626",="Present",="1/10/2025",="COL010 -A",
="800001626",="Present",="1/17/2025",="COL010 -A",
="800001626",="Present",="1/24/2025",="COL010 -A",
="800001626",="Present",="1/31/2025",="COL010 -A",
="800001626",="Present",="1/12/2025",="HUM200 -OL",
="800001626",="Present",="1/19/2025",="HUM200 -OL",
="800001626",="Present",="1/26/2025",="HUM200 -OL",
="800001626",="Present",="2/2/2025",="HUM200 -OL",
="800001626",="Present",="2/9/2025",="HUM200 -OL",
="800001626",="Present",="2/16/2025",="HUM200 -OL",
="800001626",="Present",="2/23/2025",="HUM200 -OL",
="800001626",="Absent",="3/2/2025",="HUM200 -OL",
="800001626",="Present",="3/9/2025",="HUM200 -OL",
="800001626",="Present",="3/16/2025",="HUM200 -OL",
="800001626",="Present",="3/23/2025",="HUM200 -OL",
="800001626",="Present",="3/30/2025",="HUM200 -OL",
="800001626",="Present",="4/6/2025",="HUM200 -OL",
="800001626",="Present",="4/13/2025",="HUM200 -OL",
="800001497",="Present",="2/11/2025",="NUR216-L-P1",
="800001497",="Present",="3/11/2025",="NUR216-L-P1",
="800001497",="Present",="3/25/2025",="NUR216-L-P1",
="800001497",="Present",="1/16/2025",="NUR205-L-P1",
="800001497",="Absent",="1/30/2025",="NUR205-L-P1",
="800001497",="Present",="2/6/2025",="NUR205-L-P1",
="800001497",="Absent",="2/13/2025",="NUR205-L-P1",
="800001497",="Present",="2/20/2025",="NUR205-L-P1",
="800001497",="Absent",="3/13/2025",="NUR205-L-P1",
="800001497",="Present",="3/27/2025",="NUR205-L-P1",
="800001497",="Absent",="4/3/2025",="NUR205-L-P1",
="800001497",="Present",="1/9/2025",="NUR205 -P",
="800001497",="Present",="1/16/2025",="NUR205 -P",
="800001497",="Present",="1/23/2025",="NUR205 -P",
="800001497",="Present",="1/30/2025",="NUR205 -P",
="800001497",="Present",="2/6/2025",="NUR205 -P",
="800001497",="Present",="2/13/2025",="NUR205 -P",
="800001497",="Present",="2/20/2025",="NUR205 -P",
="800001497",="Present",="3/13/2025",="NUR205 -P",
="800001497",="Present",="3/20/2025",="NUR205 -P",
="800001497",="Present",="3/26/2025",="NUR205 -P",
="800001497",="Present",="3/27/2025",="NUR205 -P",
="800001497",="Present",="1/6/2025",="PHARM225-P_ A",
="800001497",="Present",="1/13/2025",="PHARM225-P_ A",
="800001497",="Present",="1/27/2025",="PHARM225-P_ A",
="800001497",="Present",="2/3/2025",="PHARM225-P_ A",
="800001497",="Present",="2/10/2025",="PHARM225-P_ A",
="800001497",="Present",="2/17/2025",="PHARM225-P_ A",
="800001497",="Present",="3/3/2025",="PHARM225-P_ A",
="800001497",="Present",="3/10/2025",="PHARM225-P_ A",
="800001497",="Present",="3/17/2025",="PHARM225-P_ A",
="800001497",="Present",="3/24/2025",="PHARM225-P_ A",
="800001497",="Absent",="3/31/2025",="PHARM225-P_ A",
="800001497",="Tardy/Late",="4/7/2025",="PHARM225-P_ A",
="800001497",="Present",="1/7/2025",="NUR216 -P",
="800001497",="Present",="1/14/2025",="NUR216 -P",
="800001497",="Present",="1/21/2025",="NUR216 -P",
="800001497",="Present",="1/28/2025",="NUR216 -P",
="800001497",="Present",="2/4/2025",="NUR216 -P",
="800001497",="Present",="2/11/2025",="NUR216 -P",
="800001497",="Present",="2/18/2025",="NUR216 -P",
="800001497",="Present",="3/11/2025",="NUR216 -P",
="800001497",="Present",="3/25/2025",="NUR216 -P",
="800001497",="Absent",="4/1/2025",="NUR216 -P",
="800001497",="Present",="4/8/2025",="NUR216 -P",
="800001497",="Present",="1/12/2025",="ENG102 - OL",
="800001497",="Present",="1/19/2025",="ENG102 - OL",
="800001497",="Present",="1/26/2025",="ENG102 - OL",
="800001497",="Present",="2/2/2025",="ENG102 - OL",
="800001497",="Present",="2/9/2025",="ENG102 - OL",
="800001497",="Present",="2/16/2025",="ENG102 - OL",
="800001497",="Present",="2/23/2025",="ENG102 - OL",
="800001497",="Present",="3/2/2025",="ENG102 - OL",
="800001497",="Present",="3/9/2025",="ENG102 - OL",
="800001497",="Present",="3/16/2025",="ENG102 - OL",
="800001497",="Present",="3/23/2025",="ENG102 - OL",
="800001497",="Present",="4/6/2025",="ENG102 - OL",
="800001497",="Present",="4/21/2025",="NUR216-C-P1",
="800001436",="Present",="1/7/2025",="NUR120 -P",
="800001436",="Present",="1/14/2025",="NUR120 -P",
="800001436",="Present",="1/21/2025",="NUR120 -P",
="800001436",="Present",="1/28/2025",="NUR120 -P",
="800001436",="Present",="2/4/2025",="NUR120 -P",
="800001436",="Present",="2/11/2025",="NUR120 -P",
="800001436",="Present",="2/18/2025",="NUR120 -P",
="800001436",="Present",="3/11/2025",="NUR120 -P",
="800001436",="Present",="3/18/2025",="NUR120 -P",
="800001436",="Present",="3/25/2025",="NUR120 -P",
="800001436",="Present",="4/1/2025",="NUR120 -P",
="800001436",="Present",="4/6/2025",="NUR120 -P",
="800001436",="Present",="4/8/2025",="NUR120 -P",
="800001436",="Present",="1/16/2025",="NUR125-L-P1",
="800001436",="Present",="1/23/2025",="NUR125-L-P1",
="800001436",="Present",="1/30/2025",="NUR125-L-P1",
="800001436",="Present",="2/6/2025",="NUR125-L-P1",
="800001436",="Present",="2/13/2025",="NUR125-L-P1",
="800001436",="Present",="2/20/2025",="NUR125-L-P1",
="800001436",="Present",="2/24/2025",="NUR125-L-P1",
="800001436",="Present",="2/27/2025",="NUR125-L-P1",
="800001436",="No class",="2/28/2025",="NUR125-L-P1",
="800001436",="Present",="3/13/2025",="NUR125-L-P1",
="800001436",="Present",="3/27/2025",="NUR125-L-P1",
="800001436",="Absent",="1/31/2025",="NUR120-L-P1",
="800001436",="Absent",="2/7/2025",="NUR120-L-P1",
="800001436",="Absent",="2/21/2025",="NUR120-L-P1",
="800001436",="No class",="2/25/2025",="NUR120-L-P1",
="800001436",="No class",="2/27/2025",="NUR120-L-P1",
="800001436",="No class",="2/28/2025",="NUR120-L-P1",
="800001436",="Present",="3/5/2025",="NUR120-L-P1",
="800001436",="Present",="3/6/2025",="NUR120-L-P1",
="800001436",="Present",="3/14/2025",="NUR120-L-P1",
="800001436",="Absent",="1/12/2025",="NUT100 -OL",
="800001436",="Present",="1/19/2025",="NUT100 -OL",
="800001436",="Present",="1/26/2025",="NUT100 -OL",
="800001436",="Present",="2/2/2025",="NUT100 -OL",
="800001436",="Present",="2/9/2025",="NUT100 -OL",
="800001436",="Present",="2/16/2025",="NUT100 -OL",
="800001436",="Present",="2/23/2025",="NUT100 -OL",
="800001436",="Absent",="3/2/2025",="NUT100 -OL",
="800001436",="Present",="3/9/2025",="NUT100 -OL",
="800001436",="Present",="3/16/2025",="NUT100 -OL",
="800001436",="Present",="3/23/2025",="NUT100 -OL",
="800001436",="Present",="3/30/2025",="NUT100 -OL",
="800001436",="Present",="4/6/2025",="NUT100 -OL",
="800001436",="Present",="4/13/2025",="NUT100 -OL",
="800001436",="Present",="1/9/2025",="NUR125-P",
="800001436",="Present",="1/16/2025",="NUR125-P",
="800001436",="Present",="1/23/2025",="NUR125-P",
="800001436",="Present",="1/30/2025",="NUR125-P",
="800001436",="Present",="2/6/2025",="NUR125-P",
="800001436",="Present",="2/13/2025",="NUR125-P",
="800001436",="Present",="2/20/2025",="NUR125-P",
="800001436",="Present",="3/13/2025",="NUR125-P",
="800001436",="Present",="3/27/2025",="NUR125-P",
="800001436",="Present",="4/3/2025",="NUR125-P",
="800000802",="Present",="2/26/2025",="NUR265-C-P1",
="800000802",="Present",="3/5/2025",="NUR265-C-P1",
="800000802",="Present",="3/6/2025",="NUR265-C-P1",
="800000802",="Present",="1/8/2025",="NUR270-P",
="800000802",="Present",="1/15/2025",="NUR270-P",
="800000802",="Present",="1/22/2025",="NUR270-P",
="800000802",="Present",="1/29/2025",="NUR270-P",
="800000802",="Present",="2/5/2025",="NUR270-P",
="800000802",="Present",="2/12/2025",="NUR270-P",
="800000802",="Present",="2/19/2025",="NUR270-P",
="800000802",="Present",="3/12/2025",="NUR270-P",
="800000802",="Present",="3/19/2025",="NUR270-P",
="800000802",="Present",="3/26/2025",="NUR270-P",
="800000802",="Present",="4/2/2025",="NUR270-P",
="800000802",="Present",="4/9/2025",="NUR270-P",
="800000802",="Present",="4/16/2025",="NUR270-P",
="800000802",="Present",="4/14/2025",="NUR290 -A-1",
="800000802",="Present",="4/28/2025",="NUR290 -A-1",
="800000802",="Present",="5/2/2025",="NUR290 -A-1",
="800000802",="Present",="1/16/2025",="NUR255 -P",
="800000802",="Present",="1/23/2025",="NUR255 -P",
="800000802",="Present",="1/30/2025",="NUR255 -P",
="800000802",="Present",="2/6/2025",="NUR255 -P",
="800000802",="Present",="2/13/2025",="NUR255 -P",
="800000802",="Present",="2/20/2025",="NUR255 -P",
="800000802",="Present",="2/27/2025",="NUR255 -P",
="800000802",="Present",="3/6/2025",="NUR255 -P",
="800000802",="No class",="3/13/2025",="NUR255 -P",
="800000802",="Present",="3/1/2025",="NUR255-C-P1",
="800000802",="Present",="3/31/2025",="NUR255-C-P1",
="800000802",="Present",="1/6/2025",="NUR265 -P",
="800000802",="Present",="1/13/2025",="NUR265 -P",
="800000802",="Present",="1/27/2025",="NUR265 -P",
="800000802",="Present",="2/3/2025",="NUR265 -P",
="800000802",="Present",="2/10/2025",="NUR265 -P",
="800000802",="Present",="2/17/2025",="NUR265 -P",
="800000802",="Present",="2/24/2025",="NUR265 -P",
="800000802",="Present",="3/3/2025",="NUR265 -P",
="800000892",="Present",="2/26/2025",="NUR265-C-P1",
="800000892",="Present",="3/5/2025",="NUR265-C-P1",
="800000892",="Present",="3/6/2025",="NUR265-C-P1",
="800000892",="Present",="1/8/2025",="NUR270-P",
="800000892",="Present",="1/15/2025",="NUR270-P",
="800000892",="Present",="1/22/2025",="NUR270-P",
="800000892",="Present",="1/29/2025",="NUR270-P",
="800000892",="Present",="2/5/2025",="NUR270-P",
="800000892",="Present",="2/12/2025",="NUR270-P",
="800000892",="Present",="2/19/2025",="NUR270-P",
="800000892",="Present",="3/12/2025",="NUR270-P",
="800000892",="Present",="3/19/2025",="NUR270-P",
="800000892",="Present",="3/26/2025",="NUR270-P",
="800000892",="Present",="4/2/2025",="NUR270-P",
="800000892",="Present",="4/9/2025",="NUR270-P",
="800000892",="Present",="4/16/2025",="NUR270-P",
="800000892",="Present",="4/14/2025",="NUR290 -A-1",
="800000892",="Present",="4/28/2025",="NUR290 -A-1",
="800000892",="Present",="5/2/2025",="NUR290 -A-1",
="800000892",="Present",="1/6/2025",="NUR265 -P",
="800000892",="Present",="1/13/2025",="NUR265 -P",
="800000892",="Present",="1/27/2025",="NUR265 -P",
="800000892",="Present",="2/3/2025",="NUR265 -P",
="800000892",="Present",="2/10/2025",="NUR265 -P",
="800000892",="Present",="2/17/2025",="NUR265 -P",
="800000892",="Present",="2/24/2025",="NUR265 -P",
="800000892",="Present",="3/3/2025",="NUR265 -P",
="800000892",="Present",="3/1/2025",="NUR255-C-P1",
="800000892",="Present",="3/31/2025",="NUR255-C-P1",
="800000892",="Present",="1/16/2025",="NUR255 -P",
="800000892",="Present",="1/23/2025",="NUR255 -P",
="800000892",="Present",="1/30/2025",="NUR255 -P",
="800000892",="Present",="2/6/2025",="NUR255 -P",
="800000892",="Present",="2/13/2025",="NUR255 -P",
="800000892",="Present",="2/20/2025",="NUR255 -P",
="800000892",="Present",="2/27/2025",="NUR255 -P",
="800000892",="Present",="3/6/2025",="NUR255 -P",
="800000892",="No class",="3/13/2025",="NUR255 -P",
="800001473",="Present",="1/31/2025",="NUR120-L-P1",
="800001473",="Present",="2/7/2025",="NUR120-L-P1",
="800001473",="No class",="2/19/2025",="NUR120-L-P1",
="800001473",="Present",="2/21/2025",="NUR120-L-P1",
="800001473",="No class",="2/24/2025",="NUR120-L-P1",
="800001473",="No class",="2/25/2025",="NUR120-L-P1",
="800001473",="No class",="2/27/2025",="NUR120-L-P1",
="800001473",="No class",="2/28/2025",="NUR120-L-P1",
="800001473",="No class",="3/5/2025",="NUR120-L-P1",
="800001473",="No class",="3/6/2025",="NUR120-L-P1",
="800001473",="Present",="3/14/2025",="NUR120-L-P1",
="800001473",="Present",="1/7/2025",="NUR120 -P",
="800001473",="Present",="1/14/2025",="NUR120 -P",
="800001473",="Present",="1/21/2025",="NUR120 -P",
="800001473",="Present",="1/28/2025",="NUR120 -P",
="800001473",="Present",="2/4/2025",="NUR120 -P",
="800001473",="Present",="2/11/2025",="NUR120 -P",
="800001473",="Present",="2/18/2025",="NUR120 -P",
="800001473",="Present",="3/11/2025",="NUR120 -P",
="800001473",="Present",="3/18/2025",="NUR120 -P",
="800001473",="Present",="3/25/2025",="NUR120 -P",
="800001473",="Present",="4/1/2025",="NUR120 -P",
="800001473",="Present",="4/8/2025",="NUR120 -P",
="800001473",="Present",="1/8/2025",="PHARM130-P",
="800001473",="Present",="1/15/2025",="PHARM130-P",
="800001473",="Present",="1/22/2025",="PHARM130-P",
="800001473",="Present",="1/29/2025",="PHARM130-P",
="800001473",="Present",="2/5/2025",="PHARM130-P",
="800001473",="Present",="2/12/2025",="PHARM130-P",
="800001473",="Present",="2/19/2025",="PHARM130-P",
="800001473",="No class",="2/26/2025",="PHARM130-P",
="800001473",="No class",="3/5/2025",="PHARM130-P",
="800001473",="Present",="3/12/2025",="PHARM130-P",
="800001473",="Present",="3/19/2025",="PHARM130-P",
="800001473",="Present",="3/26/2025",="PHARM130-P",
="800001473",="Present",="4/2/2025",="PHARM130-P",
="800001473",="Present",="4/9/2025",="PHARM130-P",
="800001473",="Present",="4/16/2025",="PHARM130-P",
="800001473",="Present",="1/12/2025",="NUT100 -OL",
="800001473",="Present",="1/19/2025",="NUT100 -OL",
="800001473",="Present",="1/26/2025",="NUT100 -OL",
="800001473",="Present",="2/2/2025",="NUT100 -OL",
="800001473",="Present",="2/9/2025",="NUT100 -OL",
="800001473",="Present",="2/16/2025",="NUT100 -OL",
="800001473",="Present",="2/23/2025",="NUT100 -OL",
="800001473",="Present",="3/2/2025",="NUT100 -OL",
="800001473",="Present",="3/9/2025",="NUT100 -OL",
="800001473",="Present",="3/16/2025",="NUT100 -OL",
="800001473",="Present",="3/23/2025",="NUT100 -OL",
="800001473",="Present",="3/30/2025",="NUT100 -OL",
="800001473",="Present",="4/6/2025",="NUT100 -OL",
="800001473",="Present",="4/13/2025",="NUT100 -OL",
="800001529",="Present",="1/7/2025",="NUR125-A",
="800001529",="Present",="1/14/2025",="NUR125-A",
="800001529",="Present",="1/21/2025",="NUR125-A",
="800001529",="Present",="1/28/2025",="NUR125-A",
="800001529",="Present",="2/4/2025",="NUR125-A",
="800001529",="Present",="2/11/2025",="NUR125-A",
="800001529",="Present",="2/18/2025",="NUR125-A",
="800001529",="Present",="3/11/2025",="NUR125-A",
="800001529",="Present",="3/18/2025",="NUR125-A",
="800001529",="Present",="3/25/2025",="NUR125-A",
="800001529",="Present",="4/1/2025",="NUR125-A",
="800001529",="Present",="4/8/2025",="NUR125-A",
="800001529",="Present",="2/25/2025",="NUR135-S-A1",
="800001529",="Present",="1/14/2025",="NUR125-L-A1",
="800001529",="Present",="1/21/2025",="NUR125-L-A1",
="800001529",="Present",="1/28/2025",="NUR125-L-A1",
="800001529",="Present",="2/4/2025",="NUR125-L-A1",
="800001529",="Present",="2/11/2025",="NUR125-L-A1",
="800001529",="Present",="2/18/2025",="NUR125-L-A1",
="800001529",="No class",="2/20/2025",="NUR125-L-A1",
="800001529",="Present",="2/25/2025",="NUR125-L-A1",
="800001529",="No class",="2/27/2025",="NUR125-L-A1",
="800001529",="Present",="3/11/2025",="NUR125-L-A1",
="800001529",="Present",="3/18/2025",="NUR125-L-A1",
="800001529",="Present",="3/25/2025",="NUR125-L-A1",
="800001529",="Present",="4/1/2025",="NUR125-L-A1",
="800001529",="Present",="4/8/2025",="NUR125-L-A1",
="800001129",="Present",="1/8/2025",="NUR270-P",
="800001129",="Present",="1/15/2025",="NUR270-P",
="800001129",="Present",="1/22/2025",="NUR270-P",
="800001129",="Present",="1/29/2025",="NUR270-P",
="800001129",="Present",="2/5/2025",="NUR270-P",
="800001129",="Present",="2/12/2025",="NUR270-P",
="800001129",="Present",="2/19/2025",="NUR270-P",
="800001129",="Present",="3/12/2025",="NUR270-P",
="800001129",="Present",="3/19/2025",="NUR270-P",
="800001129",="Present",="3/26/2025",="NUR270-P",
="800001129",="Present",="4/2/2025",="NUR270-P",
="800001129",="Present",="4/9/2025",="NUR270-P",
="800001129",="Present",="4/16/2025",="NUR270-P",
="800001129",="Present",="4/14/2025",="NUR290 -A-1",
="800001129",="Absent",="4/28/2025",="NUR290 -A-1",
="800001129",="Absent",="5/2/2025",="NUR290 -A-1",
="800001129",="Present",="1/12/2025",="HUM200 -OL",
="800001129",="Present",="1/19/2025",="HUM200 -OL",
="800001129",="Present",="1/26/2025",="HUM200 -OL",
="800001129",="Present",="2/2/2025",="HUM200 -OL",
="800001129",="Present",="2/9/2025",="HUM200 -OL",
="800001129",="Present",="2/16/2025",="HUM200 -OL",
="800001129",="Present",="2/23/2025",="HUM200 -OL",
="800001129",="Present",="3/2/2025",="HUM200 -OL",
="800001129",="Present",="3/9/2025",="HUM200 -OL",
="800001129",="Present",="3/16/2025",="HUM200 -OL",
="800001129",="Present",="3/23/2025",="HUM200 -OL",
="800001129",="Present",="3/30/2025",="HUM200 -OL",
="800001129",="Absent",="4/6/2025",="HUM200 -OL",
="800001129",="Present",="4/13/2025",="HUM200 -OL",
="800001129",="Present",="1/16/2025",="NUR255 -P",
="800001129",="Present",="1/23/2025",="NUR255 -P",
="800001129",="Present",="1/30/2025",="NUR255 -P",
="800001129",="Present",="2/6/2025",="NUR255 -P",
="800001129",="Present",="2/13/2025",="NUR255 -P",
="800001129",="Present",="2/20/2025",="NUR255 -P",
="800001129",="Absent",="2/27/2025",="NUR255 -P",
="800001129",="Absent",="3/6/2025",="NUR255 -P",
="800001129",="No class",="3/13/2025",="NUR255 -P",
="800001129",="Present",="1/12/2025",="ENG102 - OL",
="800001129",="Present",="1/19/2025",="ENG102 - OL",
="800001129",="Present",="1/26/2025",="ENG102 - OL",
="800001129",="Present",="2/2/2025",="ENG102 - OL",
="800001129",="Present",="2/9/2025",="ENG102 - OL",
="800001129",="Present",="2/16/2025",="ENG102 - OL",
="800001129",="Present",="2/23/2025",="ENG102 - OL",
="800001129",="Present",="3/2/2025",="ENG102 - OL",
="800001129",="Present",="3/9/2025",="ENG102 - OL",
="800001129",="Present",="3/16/2025",="ENG102 - OL",
="800001129",="Present",="3/23/2025",="ENG102 - OL",
="800001129",="Present",="4/6/2025",="ENG102 - OL",
="800001129",="Present",="1/6/2025",="NUR265 -P",
="800001129",="Present",="1/13/2025",="NUR265 -P",
="800001129",="Present",="1/27/2025",="NUR265 -P",
="800001129",="Present",="2/3/2025",="NUR265 -P",
="800001129",="Present",="2/10/2025",="NUR265 -P",
="800001129",="Present",="2/17/2025",="NUR265 -P",
="800001129",="Present",="2/24/2025",="NUR265 -P",
="800001129",="Present",="3/3/2025",="NUR265 -P",
="800001129",="Present",="2/26/2025",="NUR265-C-P1",
="800001129",="Present",="3/5/2025",="NUR265-C-P1",
="800001129",="Present",="3/6/2025",="NUR265-C-P1",
="800001234",="Present",="1/16/2025",="NUR255 -P",
="800001234",="Present",="1/23/2025",="NUR255 -P",
="800001234",="Present",="1/30/2025",="NUR255 -P",
="800001234",="Present",="2/6/2025",="NUR255 -P",
="800001234",="Present",="2/13/2025",="NUR255 -P",
="800001234",="Present",="2/20/2025",="NUR255 -P",
="800001234",="Present",="2/27/2025",="NUR255 -P",
="800001234",="Present",="3/6/2025",="NUR255 -P",
="800001234",="No class",="3/13/2025",="NUR255 -P",
="800001325",="Present",="1/23/2025",="NUR140-A",
="800001325",="Present",="1/30/2025",="NUR140-A",
="800001325",="Present",="2/6/2025",="NUR140-A",
="800001325",="Present",="2/13/2025",="NUR140-A",
="800001325",="Present",="2/20/2025",="NUR140-A",
="800001325",="Present",="3/13/2025",="NUR140-A",
="800001325",="Present",="3/27/2025",="NUR140-A",
="800001325",="Present",="4/3/2025",="NUR140-A",
="800001325",="No class",="2/27/2025",="NUR145-L-A",
="800001325",="Present",="3/6/2025",="NUR145-L-A",
="800001325",="Present",="2/28/2025",="NUR150-C-A1",
="800001325",="Present",="4/19/2025",="NUR140-C-A1",
="800001325",="Present",="1/16/2025",="NUR145 - A",
="800001325",="Present",="1/23/2025",="NUR145 - A",
="800001325",="Present",="1/30/2025",="NUR145 - A",
="800001325",="Present",="2/6/2025",="NUR145 - A",
="800001325",="Present",="2/13/2025",="NUR145 - A",
="800001325",="Present",="2/20/2025",="NUR145 - A",
="800001325",="Present",="3/13/2025",="NUR145 - A",
="800001325",="Present",="3/20/2025",="NUR145 - A",
="800001325",="Present",="3/27/2025",="NUR145 - A",
="800001325",="Present",="4/3/2025",="NUR145 - A",
="800001325",="Present",="4/10/2025",="NUR145 - A",
="800001325",="Present",="2/27/2025",="NUR150 -L-A1",
="800001325",="Present",="3/5/2025",="NUR150 -L-A1",
="800001325",="Present",="3/6/2025",="NUR150 -L-A1",
="800001325",="Present",="1/15/2025",="NUR150 -A",
="800001325",="Present",="1/22/2025",="NUR150 -A",
="800001325",="Present",="1/29/2025",="NUR150 -A",
="800001325",="Present",="2/5/2025",="NUR150 -A",
="800001325",="Present",="2/12/2025",="NUR150 -A",
="800001325",="Present",="2/19/2025",="NUR150 -A",
="800001325",="Present",="3/12/2025",="NUR150 -A",
="800001325",="Present",="3/19/2025",="NUR150 -A",
="800001325",="Present",="3/26/2025",="NUR150 -A",
="800001325",="Present",="4/2/2025",="NUR150 -A",
="800001325",="Present",="1/8/2025",="NUR155-P",
="800001325",="Present",="1/15/2025",="NUR155-P",
="800001325",="Present",="1/22/2025",="NUR155-P",
="800001325",="Present",="1/29/2025",="NUR155-P",
="800001325",="Present",="2/5/2025",="NUR155-P",
="800001325",="Present",="2/12/2025",="NUR155-P",
="800001325",="Present",="2/19/2025",="NUR155-P",
="800001325",="Present",="2/26/2025",="NUR155-P",
="800001325",="Present",="3/5/2025",="NUR155-P",
="800001325",="Present",="3/12/2025",="NUR155-P",
="800001325",="Present",="3/19/2025",="NUR155-P",
="800001325",="Present",="3/26/2025",="NUR155-P",
="800001325",="Present",="4/2/2025",="NUR155-P",
="800001325",="Present",="4/9/2025",="NUR155-P",
="800001325",="Present",="4/16/2025",="NUR155-P",
="800001372",="Present",="1/10/2025",="STAT101-A",
="800001372",="Present",="1/17/2025",="STAT101-A",
="800001372",="Present",="1/24/2025",="STAT101-A",
="800001372",="Absent",="2/7/2025",="STAT101-A",
="800001372",="Absent",="2/14/2025",="STAT101-A",
="800001372",="Absent",="2/21/2025",="STAT101-A",
="800001372",="Absent",="1/6/2025",="PHARM225-P_ A",
="800001372",="Present",="1/13/2025",="PHARM225-P_ A",
="800001372",="Present",="1/27/2025",="PHARM225-P_ A",
="800001372",="Absent",="2/3/2025",="PHARM225-P_ A",
="800001372",="Absent",="2/10/2025",="PHARM225-P_ A",
="800001372",="Absent",="2/17/2025",="PHARM225-P_ A",
="800001372",="Present",="1/7/2025",="MCB100 -A",
="800001372",="Present",="1/14/2025",="MCB100 -A",
="800001372",="Present",="1/21/2025",="MCB100 -A",
="800001372",="Present",="1/28/2025",="MCB100 -A",
="800001372",="Present",="2/4/2025",="MCB100 -A",
="800001372",="Present",="2/11/2025",="MCB100 -A",
="800001372",="Absent",="1/12/2025",="SOC101 -OL",
="800001372",="Absent",="1/19/2025",="SOC101 -OL",
="800001372",="Absent",="1/26/2025",="SOC101 -OL",
="800001372",="Absent",="2/2/2025",="SOC101 -OL",
="800001372",="Absent",="2/9/2025",="SOC101 -OL",
="800001372",="Absent",="2/16/2025",="SOC101 -OL",
="800001372",="Absent",="2/23/2025",="SOC101 -OL",
="800001359",="Present",="1/7/2025",="MCB100 -A",
="800001359",="Present",="1/14/2025",="MCB100 -A",
="800001359",="Present",="1/21/2025",="MCB100 -A",
="800001359",="Present",="1/28/2025",="MCB100 -A",
="800001359",="Present",="2/4/2025",="MCB100 -A",
="800001359",="Present",="2/11/2025",="MCB100 -A",
="800001359",="Present",="2/18/2025",="MCB100 -A",
="800001359",="Present",="2/25/2025",="MCB100 -A",
="800001359",="Present",="3/4/2025",="MCB100 -A",
="800001359",="Present",="3/18/2025",="MCB100 -A",
="800001359",="Present",="3/25/2025",="MCB100 -A",
="800001359",="Present",="4/1/2025",="MCB100 -A",
="800001359",="Present",="4/8/2025",="MCB100 -A",
="800001359",="Present",="4/15/2025",="MCB100 -A",
="800001359",="Present",="1/6/2025",="PHARM225-P_B",
="800001359",="Present",="1/13/2025",="PHARM225-P_B",
="800001359",="Present",="1/27/2025",="PHARM225-P_B",
="800001359",="Present",="2/3/2025",="PHARM225-P_B",
="800001359",="Present",="2/10/2025",="PHARM225-P_B",
="800001359",="Present",="2/17/2025",="PHARM225-P_B",
="800001359",="Present",="3/3/2025",="PHARM225-P_B",
="800001359",="Present",="3/10/2025",="PHARM225-P_B",
="800001359",="Present",="3/17/2025",="PHARM225-P_B",
="800001359",="Present",="3/24/2025",="PHARM225-P_B",
="800001359",="Present",="3/31/2025",="PHARM225-P_B",
="800001359",="Present",="4/7/2025",="PHARM225-P_B",
="800001359",="Present",="1/9/2025",="NUR236-P",
="800001359",="Present",="1/16/2025",="NUR236-P",
="800001359",="Present",="1/23/2025",="NUR236-P",
="800001359",="Present",="1/30/2025",="NUR236-P",
="800001359",="Present",="2/6/2025",="NUR236-P",
="800001359",="Present",="2/13/2025",="NUR236-P",
="800001359",="Present",="2/20/2025",="NUR236-P",
="800001359",="Present",="3/13/2025",="NUR236-P",
="800001359",="Present",="3/20/2025",="NUR236-P",
="800001359",="Present",="3/27/2025",="NUR236-P",
="800001359",="Present",="4/3/2025",="NUR236-P",
="800001359",="Present",="4/10/2025",="NUR236-P",
="800001359",="Present",="4/14/2025",="NUR236-C-P1",
="800001359",="Present",="4/21/2025",="NUR236-C-P1",
="800001359",="Present",="4/25/2025",="NUR236-C-P1",
="800001359",="Present",="2/25/2025",="NUR245-C-P1",
="800001359",="Present",="3/4/2025",="NUR245-C-P1",
="800001359",="Present",="1/7/2025",="NUR245 - P",
="800001359",="Present",="1/14/2025",="NUR245 - P",
="800001359",="Present",="1/21/2025",="NUR245 - P",
="800001359",="Present",="1/28/2025",="NUR245 - P",
="800001359",="Present",="2/4/2025",="NUR245 - P",
="800001359",="Present",="2/11/2025",="NUR245 - P",
="800001359",="Present",="2/18/2025",="NUR245 - P",
="800001359",="Present",="3/11/2025",="NUR245 - P",
="800001359",="Present",="3/18/2025",="NUR245 - P",
="800001359",="Present",="3/25/2025",="NUR245 - P",
="800001359",="Present",="4/1/2025",="NUR245 - P",
="800001359",="Present",="4/8/2025",="NUR245 - P",
="800001359",="Present",="1/10/2025",="STAT101-A",
="800001359",="Present",="1/17/2025",="STAT101-A",
="800001359",="Present",="1/24/2025",="STAT101-A",
="800001359",="Present",="2/7/2025",="STAT101-A",
="800001359",="Present",="2/14/2025",="STAT101-A",
="800001359",="Present",="2/21/2025",="STAT101-A",
="800001359",="Present",="2/28/2025",="STAT101-A",
="800001359",="Present",="3/7/2025",="STAT101-A",
="800001359",="Present",="3/14/2025",="STAT101-A",
="800001359",="Present",="3/21/2025",="STAT101-A",
="800001359",="Present",="3/28/2025",="STAT101-A",
="800001359",="Absent",="4/11/2025",="STAT101-A",
="800000895",="Present",="1/16/2025",="NUR145 - A",
="800000895",="Present",="1/23/2025",="NUR145 - A",
="800000895",="Present",="1/30/2025",="NUR145 - A",
="800000895",="Absent",="2/6/2025",="NUR145 - A",
="800000895",="Present",="2/13/2025",="NUR145 - A",
="800000895",="Present",="2/20/2025",="NUR145 - A",
="800000895",="Present",="3/13/2025",="NUR145 - A",
="800000895",="Present",="3/20/2025",="NUR145 - A",
="800000895",="Present",="3/27/2025",="NUR145 - A",
="800000895",="Present",="4/3/2025",="NUR145 - A",
="800000895",="Present",="4/10/2025",="NUR145 - A",
="800000895",="Present",="1/15/2025",="NUR150 -A",
="800000895",="Present",="1/22/2025",="NUR150 -A",
="800000895",="Present",="1/29/2025",="NUR150 -A",
="800000895",="Absent",="2/5/2025",="NUR150 -A",
="800000895",="Present",="2/12/2025",="NUR150 -A",
="800000895",="Present",="2/19/2025",="NUR150 -A",
="800000895",="Present",="3/12/2025",="NUR150 -A",
="800000895",="Present",="3/19/2025",="NUR150 -A",
="800000895",="Present",="3/26/2025",="NUR150 -A",
="800000895",="Present",="4/2/2025",="NUR150 -A",
="800000895",="Present",="2/26/2025",="NUR145-S-A1",
="800000895",="Present",="3/5/2025",="NUR145-S-A1",
="800000895",="Present",="2/26/2025",="NUR150 -L-A1",
="800000895",="Present",="2/27/2025",="NUR150 -L-A1",
="800000895",="Present",="3/5/2025",="NUR150 -L-A1",
="800000895",="Present",="3/6/2025",="NUR150 -L-A1",
="800000895",="No class",="2/27/2025",="NUR145-L-A",
="800000895",="Present",="3/6/2025",="NUR145-L-A",
="800000895",="Present",="2/28/2025",="NUR150-C-A1",
="800001259",="Present",="1/23/2025",="NUR145 - A",
="800001259",="Present",="1/30/2025",="NUR145 - A",
="800001259",="Present",="2/6/2025",="NUR145 - A",
="800001259",="Present",="2/13/2025",="NUR145 - A",
="800001259",="Present",="2/20/2025",="NUR145 - A",
="800001259",="Present",="3/13/2025",="NUR145 - A",
="800001259",="Present",="3/20/2025",="NUR145 - A",
="800001259",="Present",="3/27/2025",="NUR145 - A",
="800001259",="Present",="4/3/2025",="NUR145 - A",
="800001259",="Present",="4/10/2025",="NUR145 - A",
="800001259",="Present",="1/8/2025",="NUR150 -A",
="800001259",="Present",="1/15/2025",="NUR150 -A",
="800001259",="Present",="1/29/2025",="NUR150 -A",
="800001259",="Present",="2/5/2025",="NUR150 -A",
="800001259",="Present",="2/12/2025",="NUR150 -A",
="800001259",="Present",="2/19/2025",="NUR150 -A",
="800001259",="Present",="3/12/2025",="NUR150 -A",
="800001259",="Present",="3/19/2025",="NUR150 -A",
="800001259",="Present",="3/26/2025",="NUR150 -A",
="800001259",="Present",="4/2/2025",="NUR150 -A",
="800001259",="Present",="4/9/2025",="NUR150 -A",
="800001259",="Present",="2/27/2025",="NUR150 -L-A1",
="800001259",="Present",="3/5/2025",="NUR150 -L-A1",
="800001259",="Present",="3/6/2025",="NUR150 -L-A1",
="800001259",="No class",="2/27/2025",="NUR145-L-A",
="800001259",="Present",="3/6/2025",="NUR145-L-A",
="800001204",="Present",="1/6/2025",="NUR135-A",
="800001204",="Present",="1/13/2025",="NUR135-A",
="800001204",="Present",="1/27/2025",="NUR135-A",
="800001204",="Present",="2/3/2025",="NUR135-A",
="800001204",="Present",="2/10/2025",="NUR135-A",
="800001204",="Present",="2/17/2025",="NUR135-A",
="800001204",="Present",="3/10/2025",="NUR135-A",
="800001204",="Present",="3/17/2025",="NUR135-A",
="800001204",="Present",="3/24/2025",="NUR135-A",
="800001204",="Present",="3/31/2025",="NUR135-A",
="800001204",="Present",="4/7/2025",="NUR135-A",
="800001204",="Present",="1/7/2025",="NUR120-A",
="800001204",="Present",="1/14/2025",="NUR120-A",
="800001204",="Present",="1/21/2025",="NUR120-A",
="800001204",="Present",="1/28/2025",="NUR120-A",
="800001204",="Present",="2/4/2025",="NUR120-A",
="800001204",="Present",="2/11/2025",="NUR120-A",
="800001204",="Present",="2/18/2025",="NUR120-A",
="800001204",="Present",="3/11/2025",="NUR120-A",
="800001204",="Present",="3/18/2025",="NUR120-A",
="800001204",="Present",="3/25/2025",="NUR120-A",
="800001204",="Present",="4/1/2025",="NUR120-A",
="800001204",="Present",="4/8/2025",="NUR120-A",
="800001204",="Present",="1/14/2025",="NUR125-L-A1",
="800001204",="Present",="1/21/2025",="NUR125-L-A1",
="800001204",="Present",="1/28/2025",="NUR125-L-A1",
="800001204",="Present",="2/4/2025",="NUR125-L-A1",
="800001204",="Present",="2/11/2025",="NUR125-L-A1",
="800001204",="Present",="2/18/2025",="NUR125-L-A1",
="800001204",="No class",="2/20/2025",="NUR125-L-A1",
="800001204",="Present",="2/25/2025",="NUR125-L-A1",
="800001204",="No class",="2/27/2025",="NUR125-L-A1",
="800001204",="Present",="3/11/2025",="NUR125-L-A1",
="800001204",="Present",="3/18/2025",="NUR125-L-A1",
="800001204",="Present",="3/25/2025",="NUR125-L-A1",
="800001204",="Present",="4/1/2025",="NUR125-L-A1",
="800001204",="Present",="4/8/2025",="NUR125-L-A1",
="800001204",="Present",="1/12/2025",="NUT100 -OL",
="800001204",="Present",="1/19/2025",="NUT100 -OL",
="800001204",="Present",="1/26/2025",="NUT100 -OL",
="800001204",="Present",="2/2/2025",="NUT100 -OL",
="800001204",="Present",="2/9/2025",="NUT100 -OL",
="800001204",="Present",="2/16/2025",="NUT100 -OL",
="800001204",="Present",="2/23/2025",="NUT100 -OL",
="800001204",="Present",="3/2/2025",="NUT100 -OL",
="800001204",="Present",="3/9/2025",="NUT100 -OL",
="800001204",="Present",="3/16/2025",="NUT100 -OL",
="800001204",="Present",="3/23/2025",="NUT100 -OL",
="800001204",="Present",="3/30/2025",="NUT100 -OL",
="800001204",="Present",="4/6/2025",="NUT100 -OL",
="800001204",="Present",="4/13/2025",="NUT100 -OL",
="800001204",="Present",="2/25/2025",="NUR135-S-A1",
="800001204",="No class",="2/24/2025",="NUR135-L-A1",
="800001204",="Present",="3/3/2025",="NUR135-L-A1",
="800001204",="Present",="1/7/2025",="NUR125-A",
="800001204",="Present",="1/14/2025",="NUR125-A",
="800001204",="Present",="1/21/2025",="NUR125-A",
="800001204",="Present",="1/28/2025",="NUR125-A",
="800001204",="Present",="2/4/2025",="NUR125-A",
="800001204",="Present",="2/11/2025",="NUR125-A",
="800001204",="Present",="2/18/2025",="NUR125-A",
="800001204",="Present",="3/11/2025",="NUR125-A",
="800001204",="Present",="3/18/2025",="NUR125-A",
="800001204",="Present",="3/25/2025",="NUR125-A",
="800001204",="Present",="4/1/2025",="NUR125-A",
="800001204",="Present",="4/8/2025",="NUR125-A",
="800001204",="Present",="4/12/2025",="NUR120-C-A1",
="800001204",="Present",="4/19/2025",="NUR120-C-A1",
="800001204",="Present",="4/26/2025",="NUR120-C-A1",
="800001204",="No class",="2/19/2025",="NUR120-L-A1",
="800001204",="No class",="2/24/2025",="NUR120-L-A1",
="800001204",="No class",="2/28/2025",="NUR120-L-A1",
="800001204",="No class",="3/5/2025",="NUR120-L-A1",
="800001403",="No class",="2/24/2025",="NUR135-L-A1",
="800001403",="Present",="3/3/2025",="NUR135-L-A1",
="800001403",="Present",="1/14/2025",="NUR125-L-A1",
="800001403",="Present",="1/21/2025",="NUR125-L-A1",
="800001403",="Present",="1/28/2025",="NUR125-L-A1",
="800001403",="Present",="2/4/2025",="NUR125-L-A1",
="800001403",="Present",="2/11/2025",="NUR125-L-A1",
="800001403",="Present",="2/18/2025",="NUR125-L-A1",
="800001403",="No class",="2/20/2025",="NUR125-L-A1",
="800001403",="Present",="2/25/2025",="NUR125-L-A1",
="800001403",="No class",="2/27/2025",="NUR125-L-A1",
="800001403",="Present",="3/11/2025",="NUR125-L-A1",
="800001403",="Present",="3/18/2025",="NUR125-L-A1",
="800001403",="Present",="3/25/2025",="NUR125-L-A1",
="800001403",="Present",="4/1/2025",="NUR125-L-A1",
="800001403",="Present",="4/8/2025",="NUR125-L-A1",
="800001403",="Present",="1/7/2025",="NUR125-A",
="800001403",="Present",="1/14/2025",="NUR125-A",
="800001403",="Present",="1/21/2025",="NUR125-A",
="800001403",="Present",="1/28/2025",="NUR125-A",
="800001403",="Present",="2/4/2025",="NUR125-A",
="800001403",="Present",="2/11/2025",="NUR125-A",
="800001403",="Present",="2/18/2025",="NUR125-A",
="800001403",="Present",="3/11/2025",="NUR125-A",
="800001403",="Present",="3/18/2025",="NUR125-A",
="800001403",="Present",="3/25/2025",="NUR125-A",
="800001403",="Present",="4/1/2025",="NUR125-A",
="800001403",="Present",="4/8/2025",="NUR125-A",
="800000228",="Present",="1/14/2025",="NUR125-L-A1",
="800000228",="Present",="1/21/2025",="NUR125-L-A1",
="800000228",="Present",="1/28/2025",="NUR125-L-A1",
="800000228",="Present",="2/4/2025",="NUR125-L-A1",
="800000228",="Present",="2/11/2025",="NUR125-L-A1",
="800000228",="Present",="2/18/2025",="NUR125-L-A1",
="800000228",="No class",="2/20/2025",="NUR125-L-A1",
="800000228",="Present",="2/25/2025",="NUR125-L-A1",
="800000228",="No class",="2/27/2025",="NUR125-L-A1",
="800000228",="Present",="3/11/2025",="NUR125-L-A1",
="800000228",="Present",="3/18/2025",="NUR125-L-A1",
="800000228",="Present",="3/25/2025",="NUR125-L-A1",
="800000228",="Present",="4/1/2025",="NUR125-L-A1",
="800000228",="Present",="4/8/2025",="NUR125-L-A1",
="800000228",="Present",="1/7/2025",="NUR120-A",
="800000228",="Present",="1/14/2025",="NUR120-A",
="800000228",="Present",="1/21/2025",="NUR120-A",
="800000228",="Present",="1/28/2025",="NUR120-A",
="800000228",="Present",="2/4/2025",="NUR120-A",
="800000228",="Absent",="2/11/2025",="NUR120-A",
="800000228",="Present",="2/18/2025",="NUR120-A",
="800000228",="Present",="3/11/2025",="NUR120-A",
="800000228",="Present",="3/18/2025",="NUR120-A",
="800000228",="Present",="3/25/2025",="NUR120-A",
="800000228",="Present",="4/1/2025",="NUR120-A",
="800000228",="Present",="4/8/2025",="NUR120-A",
="800000228",="Present",="1/12/2025",="NUT100 -OL",
="800000228",="Present",="1/19/2025",="NUT100 -OL",
="800000228",="Present",="1/26/2025",="NUT100 -OL",
="800000228",="Present",="2/2/2025",="NUT100 -OL",
="800000228",="Present",="2/9/2025",="NUT100 -OL",
="800000228",="Present",="2/16/2025",="NUT100 -OL",
="800000228",="Present",="2/23/2025",="NUT100 -OL",
="800000228",="Present",="3/2/2025",="NUT100 -OL",
="800000228",="Present",="3/9/2025",="NUT100 -OL",
="800000228",="Present",="3/16/2025",="NUT100 -OL",
="800000228",="Present",="3/23/2025",="NUT100 -OL",
="800000228",="Present",="3/30/2025",="NUT100 -OL",
="800000228",="Present",="4/6/2025",="NUT100 -OL",
="800000228",="Present",="4/13/2025",="NUT100 -OL",
="800000228",="Present",="4/12/2025",="NUR120-C-A1",
="800000228",="Present",="4/19/2025",="NUR120-C-A1",
="800000228",="Present",="4/26/2025",="NUR120-C-A1",
="800000228",="Present",="1/7/2025",="NUR125-A",
="800000228",="Present",="1/14/2025",="NUR125-A",
="800000228",="Present",="1/21/2025",="NUR125-A",
="800000228",="Present",="1/28/2025",="NUR125-A",
="800000228",="Present",="2/4/2025",="NUR125-A",
="800000228",="Present",="2/11/2025",="NUR125-A",
="800000228",="Present",="2/18/2025",="NUR125-A",
="800000228",="Present",="3/11/2025",="NUR125-A",
="800000228",="Present",="3/18/2025",="NUR125-A",
="800000228",="Present",="3/25/2025",="NUR125-A",
="800000228",="Present",="4/1/2025",="NUR125-A",
="800000228",="Present",="4/8/2025",="NUR125-A",
="800000228",="No class",="2/19/2025",="NUR120-L-A1",
="800000228",="No class",="2/24/2025",="NUR120-L-A1",
="800000228",="No class",="2/28/2025",="NUR120-L-A1",
="800000228",="No class",="3/5/2025",="NUR120-L-A1",
="800001534",="Present",="1/12/2025",="NUT100 -OL",
="800001534",="Present",="1/19/2025",="NUT100 -OL",
="800001534",="Present",="1/26/2025",="NUT100 -OL",
="800001534",="Present",="2/2/2025",="NUT100 -OL",
="800001534",="Present",="2/9/2025",="NUT100 -OL",
="800001534",="Present",="2/16/2025",="NUT100 -OL",
="800001534",="Present",="2/23/2025",="NUT100 -OL",
="800001534",="Present",="3/2/2025",="NUT100 -OL",
="800001534",="Present",="3/9/2025",="NUT100 -OL",
="800001534",="Present",="3/16/2025",="NUT100 -OL",
="800001534",="Present",="3/23/2025",="NUT100 -OL",
="800001534",="Present",="3/30/2025",="NUT100 -OL",
="800001534",="Present",="4/6/2025",="NUT100 -OL",
="800001534",="Present",="4/13/2025",="NUT100 -OL",
="800001534",="Present",="1/7/2025",="NUR125-A",
="800001534",="Present",="1/14/2025",="NUR125-A",
="800001534",="Present",="1/21/2025",="NUR125-A",
="800001534",="Present",="1/28/2025",="NUR125-A",
="800001534",="Present",="2/4/2025",="NUR125-A",
="800001534",="Present",="2/11/2025",="NUR125-A",
="800001534",="Present",="2/18/2025",="NUR125-A",
="800001534",="Present",="3/11/2025",="NUR125-A",
="800001534",="Present",="3/18/2025",="NUR125-A",
="800001534",="Present",="3/25/2025",="NUR125-A",
="800001534",="Present",="4/1/2025",="NUR125-A",
="800001534",="Present",="4/8/2025",="NUR125-A",
="800001534",="Present",="1/14/2025",="NUR125-L-A1",
="800001534",="Present",="1/21/2025",="NUR125-L-A1",
="800001534",="Present",="1/28/2025",="NUR125-L-A1",
="800001534",="Present",="2/4/2025",="NUR125-L-A1",
="800001534",="Present",="2/11/2025",="NUR125-L-A1",
="800001534",="Present",="2/18/2025",="NUR125-L-A1",
="800001534",="No class",="2/20/2025",="NUR125-L-A1",
="800001534",="Present",="2/25/2025",="NUR125-L-A1",
="800001534",="No class",="2/27/2025",="NUR125-L-A1",
="800001534",="Present",="3/11/2025",="NUR125-L-A1",
="800001534",="Present",="3/18/2025",="NUR125-L-A1",
="800001534",="Present",="3/25/2025",="NUR125-L-A1",
="800001534",="Present",="4/1/2025",="NUR125-L-A1",
="800001534",="Present",="4/8/2025",="NUR125-L-A1",
="800001425",="Present",="1/31/2025",="NUR120-L-P1",
="800001425",="Absent",="2/7/2025",="NUR120-L-P1",
="800001425",="Present",="2/19/2025",="NUR120-L-P1",
="800001425",="Present",="2/21/2025",="NUR120-L-P1",
="800001425",="No class",="2/24/2025",="NUR120-L-P1",
="800001425",="Present",="2/25/2025",="NUR120-L-P1",
="800001425",="No class",="2/27/2025",="NUR120-L-P1",
="800001425",="No class",="2/28/2025",="NUR120-L-P1",
="800001425",="No class",="3/5/2025",="NUR120-L-P1",
="800001425",="No class",="3/6/2025",="NUR120-L-P1",
="800001425",="Present",="3/14/2025",="NUR120-L-P1",
="800001425",="Present",="1/7/2025",="NUR120 -P",
="800001425",="Present",="1/14/2025",="NUR120 -P",
="800001425",="Present",="1/21/2025",="NUR120 -P",
="800001425",="Present",="1/28/2025",="NUR120 -P",
="800001425",="Present",="2/4/2025",="NUR120 -P",
="800001425",="Present",="2/11/2025",="NUR120 -P",
="800001425",="Present",="2/18/2025",="NUR120 -P",
="800001425",="Present",="3/11/2025",="NUR120 -P",
="800001425",="Present",="3/18/2025",="NUR120 -P",
="800001425",="Present",="3/25/2025",="NUR120 -P",
="800001425",="Present",="4/1/2025",="NUR120 -P",
="800001425",="Present",="4/6/2025",="NUR120 -P",
="800001425",="Present",="4/7/2025",="NUR120 -P",
="800001425",="Present",="4/8/2025",="NUR120 -P",
="800001029",="Present",="1/7/2025",="NUR120 -P",
="800001029",="Present",="1/14/2025",="NUR120 -P",
="800001029",="Present",="1/21/2025",="NUR120 -P",
="800001029",="Present",="1/28/2025",="NUR120 -P",
="800001029",="Present",="2/4/2025",="NUR120 -P",
="800001029",="Present",="2/11/2025",="NUR120 -P",
="800001029",="Present",="2/18/2025",="NUR120 -P",
="800001029",="Present",="3/11/2025",="NUR120 -P",
="800001029",="Present",="3/18/2025",="NUR120 -P",
="800001029",="Present",="3/25/2025",="NUR120 -P",
="800001029",="Present",="4/1/2025",="NUR120 -P",
="800001029",="Present",="4/8/2025",="NUR120 -P",
="800001029",="Present",="1/31/2025",="NUR120-L-P1",
="800001029",="Present",="2/7/2025",="NUR120-L-P1",
="800001029",="No class",="2/19/2025",="NUR120-L-P1",
="800001029",="Present",="2/21/2025",="NUR120-L-P1",
="800001029",="No class",="2/24/2025",="NUR120-L-P1",
="800001029",="No class",="2/25/2025",="NUR120-L-P1",
="800001029",="No class",="2/27/2025",="NUR120-L-P1",
="800001029",="No class",="2/28/2025",="NUR120-L-P1",
="800001029",="No class",="3/5/2025",="NUR120-L-P1",
="800001029",="No class",="3/6/2025",="NUR120-L-P1",
="800001029",="Present",="3/14/2025",="NUR120-L-P1",
="800001029",="No class",="4/14/2025",="NUR120-C-P1",
="800001525",="Present",="1/6/2025",="NUR100 -A",
="800001525",="Present",="1/13/2025",="NUR100 -A",
="800001525",="Present",="1/14/2025",="NUR100 -A",
="800001525",="Present",="1/27/2025",="NUR100 -A",
="800001525",="Present",="2/3/2025",="NUR100 -A",
="800001525",="Present",="2/10/2025",="NUR100 -A",
="800001525",="Present",="2/17/2025",="NUR100 -A",
="800001525",="Present",="3/10/2025",="NUR100 -A",
="800001525",="Present",="3/11/2025",="NUR100 -A",
="800001525",="Present",="3/17/2025",="NUR100 -A",
="800001525",="Present",="3/24/2025",="NUR100 -A",
="800001525",="Present",="3/31/2025",="NUR100 -A",
="800001525",="Present",="4/7/2025",="NUR100 -A",
="800001525",="Present",="4/10/2025",="NUR100 -A",
="800001525",="Present",="4/11/2025",="NUR100 -A",
="800001525",="Present",="4/14/2025",="NUR100 -A",
="800001525",="Present",="1/12/2025",="NUT100 -OL",
="800001525",="Present",="1/19/2025",="NUT100 -OL",
="800001525",="Present",="1/26/2025",="NUT100 -OL",
="800001525",="Present",="2/2/2025",="NUT100 -OL",
="800001525",="Present",="2/9/2025",="NUT100 -OL",
="800001525",="Present",="2/16/2025",="NUT100 -OL",
="800001525",="Present",="2/23/2025",="NUT100 -OL",
="800001525",="Present",="3/2/2025",="NUT100 -OL",
="800001525",="Present",="3/9/2025",="NUT100 -OL",
="800001525",="Present",="3/16/2025",="NUT100 -OL",
="800001525",="Present",="3/23/2025",="NUT100 -OL",
="800001525",="Absent",="3/30/2025",="NUT100 -OL",
="800001525",="Present",="4/6/2025",="NUT100 -OL",
="800001525",="Present",="4/13/2025",="NUT100 -OL",
="800001525",="Present",="1/7/2025",="NUR100-L-A1",
="800001525",="Present",="1/14/2025",="NUR100-L-A1",
="800001525",="Absent",="1/21/2025",="NUR100-L-A1",
="800001525",="Present",="2/4/2025",="NUR100-L-A1",
="800001525",="Present",="2/11/2025",="NUR100-L-A1",
="800001525",="Present",="2/18/2025",="NUR100-L-A1",
="800001525",="Present",="2/20/2025",="NUR100-L-A1",
="800001525",="Present",="2/24/2025",="NUR100-L-A1",
="800001525",="Present",="2/25/2025",="NUR100-L-A1",
="800001525",="No class",="3/4/2025",="NUR100-L-A1",
="800001525",="Absent",="3/18/2025",="NUR100-L-A1",
="800001525",="Present",="3/25/2025",="NUR100-L-A1",
="800001525",="Present",="4/1/2025",="NUR100-L-A1",
="800001525",="Present",="4/8/2025",="NUR100-L-A1",
="800001525",="Present",="4/10/2025",="NUR100-L-A1",
="800001525",="Present",="4/12/2025",="NUR100-L-A1",
="800001525",="Present",="4/22/2025",="NUR100-L-A1",
="800001511",="Present",="1/7/2025",="NUR120 -P",
="800001511",="Present",="1/14/2025",="NUR120 -P",
="800001511",="Present",="1/21/2025",="NUR120 -P",
="800001511",="Present",="1/28/2025",="NUR120 -P",
="800001511",="Present",="2/4/2025",="NUR120 -P",
="800001511",="Present",="2/11/2025",="NUR120 -P",
="800001511",="Present",="2/18/2025",="NUR120 -P",
="800001511",="Present",="3/11/2025",="NUR120 -P",
="800001511",="Present",="3/18/2025",="NUR120 -P",
="800001511",="Present",="3/25/2025",="NUR120 -P",
="800001511",="Present",="4/1/2025",="NUR120 -P",
="800001511",="Present",="4/8/2025",="NUR120 -P",
="800001485",="Present",="2/25/2025",="NUR135-S-A1",
="800001485",="No class",="2/24/2025",="NUR135-L-A1",
="800001485",="Present",="3/3/2025",="NUR135-L-A1",
="800001485",="Present",="1/6/2025",="NUR135-A",
="800001485",="Present",="1/13/2025",="NUR135-A",
="800001485",="Present",="1/27/2025",="NUR135-A",
="800001485",="Present",="2/3/2025",="NUR135-A",
="800001485",="Present",="2/10/2025",="NUR135-A",
="800001485",="Present",="2/17/2025",="NUR135-A",
="800001485",="Present",="3/10/2025",="NUR135-A",
="800001485",="Present",="3/17/2025",="NUR135-A",
="800001485",="Present",="3/24/2025",="NUR135-A",
="800001485",="Present",="3/31/2025",="NUR135-A",
="800001485",="Present",="4/7/2025",="NUR135-A",
="800001485",="Present",="1/12/2025",="NUT100 -OL",
="800001485",="Present",="1/19/2025",="NUT100 -OL",
="800001485",="Present",="1/26/2025",="NUT100 -OL",
="800001485",="Present",="2/2/2025",="NUT100 -OL",
="800001485",="Present",="2/9/2025",="NUT100 -OL",
="800001485",="Present",="2/16/2025",="NUT100 -OL",
="800001485",="Present",="2/23/2025",="NUT100 -OL",
="800001485",="Present",="3/2/2025",="NUT100 -OL",
="800001485",="Present",="3/9/2025",="NUT100 -OL",
="800001485",="Present",="3/16/2025",="NUT100 -OL",
="800001485",="Present",="3/23/2025",="NUT100 -OL",
="800001485",="Present",="3/30/2025",="NUT100 -OL",
="800001485",="Present",="4/6/2025",="NUT100 -OL",
="800001485",="Present",="4/13/2025",="NUT100 -OL",
="800001196",="Present",="4/14/2025",="NUR236-C-P1",
="800001196",="Present",="4/21/2025",="NUR236-C-P1",
="800001196",="Present",="4/25/2025",="NUR236-C-P1",
="800001196",="Present",="1/6/2025",="PHARM225-P_ A",
="800001196",="Present",="1/13/2025",="PHARM225-P_ A",
="800001196",="Present",="1/27/2025",="PHARM225-P_ A",
="800001196",="Present",="2/3/2025",="PHARM225-P_ A",
="800001196",="Present",="2/10/2025",="PHARM225-P_ A",
="800001196",="Tardy/Late",="2/17/2025",="PHARM225-P_ A",
="800001196",="Present",="3/3/2025",="PHARM225-P_ A",
="800001196",="Present",="3/10/2025",="PHARM225-P_ A",
="800001196",="Present",="3/17/2025",="PHARM225-P_ A",
="800001196",="Present",="3/24/2025",="PHARM225-P_ A",
="800001196",="Tardy/Late",="3/31/2025",="PHARM225-P_ A",
="800001196",="Present",="4/7/2025",="PHARM225-P_ A",
="800001196",="Present",="1/9/2025",="NUR236-P",
="800001196",="Absent",="1/16/2025",="NUR236-P",
="800001196",="Present",="1/23/2025",="NUR236-P",
="800001196",="Present",="1/30/2025",="NUR236-P",
="800001196",="Present",="2/6/2025",="NUR236-P",
="800001196",="Present",="2/13/2025",="NUR236-P",
="800001196",="Present",="2/20/2025",="NUR236-P",
="800001196",="Absent",="3/13/2025",="NUR236-P",
="800001196",="Present",="3/20/2025",="NUR236-P",
="800001196",="Present",="3/27/2025",="NUR236-P",
="800001196",="Present",="4/3/2025",="NUR236-P",
="800001196",="Present",="4/10/2025",="NUR236-P",
="800001001",="Present",="1/13/2025",="NUR100-L-P1",
="800001001",="Present",="1/14/2025",="NUR100-L-P1",
="800001001",="Present",="1/21/2025",="NUR100-L-P1",
="800001001",="Present",="1/28/2025",="NUR100-L-P1",
="800001001",="Present",="2/4/2025",="NUR100-L-P1",
="800001001",="Present",="2/11/2025",="NUR100-L-P1",
="800001001",="Present",="2/18/2025",="NUR100-L-P1",
="800001001",="Present",="2/20/2025",="NUR100-L-P1",
="800001001",="No class",="2/25/2025",="NUR100-L-P1",
="800001001",="No class",="3/4/2025",="NUR100-L-P1",
="800001001",="Present",="3/25/2025",="NUR100-L-P1",
="800001001",="Present",="4/1/2025",="NUR100-L-P1",
="800001001",="Present",="4/8/2025",="NUR100-L-P1",
="800001001",="Present",="1/12/2025",="NUT100 -OL",
="800001001",="Present",="1/19/2025",="NUT100 -OL",
="800001001",="Present",="1/26/2025",="NUT100 -OL",
="800001001",="Present",="2/2/2025",="NUT100 -OL",
="800001001",="Present",="2/9/2025",="NUT100 -OL",
="800001001",="Present",="2/16/2025",="NUT100 -OL",
="800001001",="Present",="2/23/2025",="NUT100 -OL",
="800001001",="Present",="3/2/2025",="NUT100 -OL",
="800001001",="Present",="3/9/2025",="NUT100 -OL",
="800001001",="Present",="3/16/2025",="NUT100 -OL",
="800001001",="Present",="3/23/2025",="NUT100 -OL",
="800001001",="Present",="3/30/2025",="NUT100 -OL",
="800001001",="Present",="4/6/2025",="NUT100 -OL",
="800001001",="Present",="4/13/2025",="NUT100 -OL",
="800001001",="Present",="2/5/2025",="PHARM100-P",
="800001001",="Present",="2/12/2025",="PHARM100-P",
="800001001",="Present",="2/19/2025",="PHARM100-P",
="800001001",="Present",="2/26/2025",="PHARM100-P",
="800001001",="Present",="3/5/2025",="PHARM100-P",
="800001001",="Present",="3/12/2025",="PHARM100-P",
="800001001",="Present",="3/19/2025",="PHARM100-P",
="800001001",="Present",="3/26/2025",="PHARM100-P",
="800001001",="Present",="4/2/2025",="PHARM100-P",
="800001001",="Present",="4/9/2025",="PHARM100-P",
="800001001",="Present",="1/6/2025",="NUR100-P",
="800001001",="Present",="1/7/2025",="NUR100-P",
="800001001",="Present",="1/13/2025",="NUR100-P",
="800001001",="Present",="1/14/2025",="NUR100-P",
="800001001",="Present",="1/27/2025",="NUR100-P",
="800001001",="Present",="2/3/2025",="NUR100-P",
="800001001",="Present",="2/10/2025",="NUR100-P",
="800001001",="Present",="2/17/2025",="NUR100-P",
="800001001",="Present",="3/10/2025",="NUR100-P",
="800001001",="Present",="3/17/2025",="NUR100-P",
="800001001",="Present",="3/24/2025",="NUR100-P",
="800001001",="Present",="3/31/2025",="NUR100-P",
="800001001",="Present",="4/7/2025",="NUR100-P",
="800001489",="Absent",="1/7/2025",="NUR120 -P",
="800001489",="Present",="1/14/2025",="NUR120 -P",
="800001489",="Present",="1/21/2025",="NUR120 -P",
="800001489",="Present",="1/28/2025",="NUR120 -P",
="800001489",="Present",="2/4/2025",="NUR120 -P",
="800001489",="Present",="2/11/2025",="NUR120 -P",
="800001489",="Present",="2/18/2025",="NUR120 -P",
="800001489",="Present",="3/11/2025",="NUR120 -P",
="800001489",="Present",="3/18/2025",="NUR120 -P",
="800001489",="Absent",="3/25/2025",="NUR120 -P",
="800001489",="Present",="4/1/2025",="NUR120 -P",
="800001489",="Present",="4/8/2025",="NUR120 -P",
="800001489",="Present",="1/31/2025",="NUR120-L-P1",
="800001489",="Absent",="2/7/2025",="NUR120-L-P1",
="800001489",="No class",="2/19/2025",="NUR120-L-P1",
="800001489",="Present",="2/21/2025",="NUR120-L-P1",
="800001489",="No class",="2/24/2025",="NUR120-L-P1",
="800001489",="No class",="2/25/2025",="NUR120-L-P1",
="800001489",="Present",="2/27/2025",="NUR120-L-P1",
="800001489",="Present",="2/28/2025",="NUR120-L-P1",
="800001489",="No class",="3/5/2025",="NUR120-L-P1",
="800001489",="No class",="3/6/2025",="NUR120-L-P1",
="800001489",="Present",="3/14/2025",="NUR120-L-P1",
="800001489",="Present",="2/24/2025",="NUR135-L-P1",
="800001489",="Present",="3/3/2025",="NUR135-L-P1",
="800001489",="Present",="2/25/2025",="NUR135-S-P1",
="800001489",="Present",="3/4/2025",="NUR135-S-P1",
="800001489",="Present",="1/6/2025",="NUR135-P",
="800001489",="Present",="1/13/2025",="NUR135-P",
="800001489",="Present",="1/27/2025",="NUR135-P",
="800001489",="Present",="2/3/2025",="NUR135-P",
="800001489",="Present",="2/10/2025",="NUR135-P",
="800001489",="Present",="2/17/2025",="NUR135-P",
="800001489",="Present",="3/10/2025",="NUR135-P",
="800001489",="Absent",="3/17/2025",="NUR135-P",
="800001489",="Present",="3/24/2025",="NUR135-P",
="800001489",="Absent",="3/31/2025",="NUR135-P",
="800001489",="Present",="4/7/2025",="NUR135-P",
="800001489",="Present",="1/8/2025",="PHARM130-P",
="800001489",="Present",="1/15/2025",="PHARM130-P",
="800001489",="Present",="1/22/2025",="PHARM130-P",
="800001489",="Present",="1/29/2025",="PHARM130-P",
="800001489",="Present",="2/5/2025",="PHARM130-P",
="800001489",="Present",="2/12/2025",="PHARM130-P",
="800001489",="Present",="2/19/2025",="PHARM130-P",
="800001489",="No class",="2/26/2025",="PHARM130-P",
="800001489",="No class",="3/5/2025",="PHARM130-P",
="800001489",="Absent",="3/12/2025",="PHARM130-P",
="800001489",="Present",="3/19/2025",="PHARM130-P",
="800001489",="Tardy/Late",="3/26/2025",="PHARM130-P",
="800001489",="Absent",="4/2/2025",="PHARM130-P",
="800001489",="Absent",="4/9/2025",="PHARM130-P",
="800001489",="Present",="4/16/2025",="PHARM130-P",
="800001489",="Present",="1/12/2025",="NUT100 -OL",
="800001489",="Present",="1/19/2025",="NUT100 -OL",
="800001489",="Present",="1/26/2025",="NUT100 -OL",
="800001489",="Present",="2/2/2025",="NUT100 -OL",
="800001489",="Present",="2/9/2025",="NUT100 -OL",
="800001489",="Present",="2/16/2025",="NUT100 -OL",
="800001489",="Absent",="2/23/2025",="NUT100 -OL",
="800001489",="Absent",="3/2/2025",="NUT100 -OL",
="800001489",="Present",="3/9/2025",="NUT100 -OL",
="800001489",="Absent",="3/16/2025",="NUT100 -OL",
="800001489",="Absent",="3/23/2025",="NUT100 -OL",
="800001489",="Absent",="3/30/2025",="NUT100 -OL",
="800001489",="Absent",="4/6/2025",="NUT100 -OL",
="800001489",="Absent",="4/13/2025",="NUT100 -OL",
="800001068",="Present",="1/8/2025",="NUR270-P",
="800001068",="Present",="1/15/2025",="NUR270-P",
="800001068",="Present",="1/22/2025",="NUR270-P",
="800001068",="Present",="1/29/2025",="NUR270-P",
="800001068",="Present",="2/5/2025",="NUR270-P",
="800001068",="Present",="2/12/2025",="NUR270-P",
="800001068",="Present",="2/19/2025",="NUR270-P",
="800001068",="Present",="3/12/2025",="NUR270-P",
="800001068",="Present",="3/19/2025",="NUR270-P",
="800001068",="Present",="3/26/2025",="NUR270-P",
="800001068",="Present",="4/2/2025",="NUR270-P",
="800001068",="Present",="4/9/2025",="NUR270-P",
="800001068",="Present",="4/16/2025",="NUR270-P",
="800001068",="Present",="2/26/2025",="NUR265-C-P1",
="800001068",="Present",="3/5/2025",="NUR265-C-P1",
="800001068",="Present",="3/6/2025",="NUR265-C-P1",
="800001068",="Present",="1/16/2025",="NUR255 -P",
="800001068",="Present",="1/23/2025",="NUR255 -P",
="800001068",="Present",="1/30/2025",="NUR255 -P",
="800001068",="Present",="2/6/2025",="NUR255 -P",
="800001068",="Present",="2/13/2025",="NUR255 -P",
="800001068",="Present",="2/20/2025",="NUR255 -P",
="800001068",="Present",="2/27/2025",="NUR255 -P",
="800001068",="Present",="3/6/2025",="NUR255 -P",
="800001068",="No class",="3/13/2025",="NUR255 -P",
="800001068",="Present",="4/14/2025",="NUR290 -A-1",
="800001068",="Present",="4/28/2025",="NUR290 -A-1",
="800001068",="Present",="5/2/2025",="NUR290 -A-1",
="800001068",="Present",="1/6/2025",="NUR265 -P",
="800001068",="Present",="1/13/2025",="NUR265 -P",
="800001068",="Present",="1/27/2025",="NUR265 -P",
="800001068",="Present",="2/3/2025",="NUR265 -P",
="800001068",="Present",="2/10/2025",="NUR265 -P",
="800001068",="Present",="2/17/2025",="NUR265 -P",
="800001068",="Present",="2/24/2025",="NUR265 -P",
="800001068",="Present",="3/3/2025",="NUR265 -P",
="800001549",="No class",="4/14/2025",="NUR120-C-P1",
="800001549",="Present",="1/31/2025",="NUR120-L-P1",
="800001549",="Present",="2/7/2025",="NUR120-L-P1",
="800001549",="No class",="2/19/2025",="NUR120-L-P1",
="800001549",="Present",="2/21/2025",="NUR120-L-P1",
="800001549",="No class",="2/24/2025",="NUR120-L-P1",
="800001549",="No class",="2/25/2025",="NUR120-L-P1",
="800001549",="No class",="2/27/2025",="NUR120-L-P1",
="800001549",="No class",="2/28/2025",="NUR120-L-P1",
="800001549",="No class",="3/5/2025",="NUR120-L-P1",
="800001549",="No class",="3/6/2025",="NUR120-L-P1",
="800001549",="Present",="3/14/2025",="NUR120-L-P1",
="800001549",="Present",="1/7/2025",="NUR120 -P",
="800001549",="Present",="1/14/2025",="NUR120 -P",
="800001549",="Present",="1/21/2025",="NUR120 -P",
="800001549",="Present",="1/28/2025",="NUR120 -P",
="800001549",="Present",="2/4/2025",="NUR120 -P",
="800001549",="Present",="2/11/2025",="NUR120 -P",
="800001549",="Present",="2/18/2025",="NUR120 -P",
="800001549",="Present",="3/11/2025",="NUR120 -P",
="800001549",="Present",="3/18/2025",="NUR120 -P",
="800001549",="Present",="3/25/2025",="NUR120 -P",
="800001549",="Present",="4/1/2025",="NUR120 -P",
="800001549",="Present",="4/8/2025",="NUR120 -P",
="800001525",="Tardy/Late",="2/10/2025",="PHARM100-A",
="800001525",="Present",="2/17/2025",="PHARM100-A",
="800001525",="Present",="3/3/2025",="PHARM100-A",
="800001525",="Present",="3/10/2025",="PHARM100-A",
="800001525",="Present",="3/17/2025",="PHARM100-A",
="800001525",="Present",="3/24/2025",="PHARM100-A",
="800001525",="Present",="3/31/2025",="PHARM100-A",
="800001525",="Present",="4/7/2025",="PHARM100-A",
="800001324",="Present",="2/27/2025",="NUR150 -L-A1",
="800001324",="Present",="3/5/2025",="NUR150 -L-A1",
="800001324",="Present",="3/6/2025",="NUR150 -L-A1",
="800001324",="Present",="1/15/2025",="NUR150 -A",
="800001324",="Present",="1/22/2025",="NUR150 -A",
="800001324",="Present",="1/29/2025",="NUR150 -A",
="800001324",="Present",="2/5/2025",="NUR150 -A",
="800001324",="Present",="2/12/2025",="NUR150 -A",
="800001324",="Present",="2/19/2025",="NUR150 -A",
="800001324",="Present",="3/12/2025",="NUR150 -A",
="800001324",="Present",="3/19/2025",="NUR150 -A",
="800001324",="Present",="3/26/2025",="NUR150 -A",
="800001324",="Present",="4/2/2025",="NUR150 -A",
="800001324",="Present",="1/16/2025",="NUR145 - A",
="800001324",="Present",="1/23/2025",="NUR145 - A",
="800001324",="Absent",="1/30/2025",="NUR145 - A",
="800001324",="Present",="2/6/2025",="NUR145 - A",
="800001324",="Present",="2/13/2025",="NUR145 - A",
="800001324",="Present",="2/20/2025",="NUR145 - A",
="800001324",="Present",="3/13/2025",="NUR145 - A",
="800001324",="Present",="3/20/2025",="NUR145 - A",
="800001324",="Absent",="3/27/2025",="NUR145 - A",
="800001324",="Present",="4/3/2025",="NUR145 - A",
="800001324",="Present",="4/10/2025",="NUR145 - A",
="800001360",="Present",="1/7/2025",="NUR120 -P",
="800001360",="Present",="1/14/2025",="NUR120 -P",
="800001360",="Present",="1/21/2025",="NUR120 -P",
="800001360",="Present",="1/28/2025",="NUR120 -P",
="800001360",="Present",="2/4/2025",="NUR120 -P",
="800001360",="Present",="2/11/2025",="NUR120 -P",
="800001360",="Present",="2/18/2025",="NUR120 -P",
="800001360",="Present",="3/11/2025",="NUR120 -P",
="800001360",="Present",="3/18/2025",="NUR120 -P",
="800001360",="Present",="3/25/2025",="NUR120 -P",
="800001360",="Present",="4/1/2025",="NUR120 -P",
="800001360",="Present",="4/8/2025",="NUR120 -P",
="800001360",="Present",="1/31/2025",="NUR120-L-P1",
="800001360",="Present",="2/7/2025",="NUR120-L-P1",
="800001360",="No class",="2/19/2025",="NUR120-L-P1",
="800001360",="Present",="2/21/2025",="NUR120-L-P1",
="800001360",="No class",="2/24/2025",="NUR120-L-P1",
="800001360",="Present",="2/25/2025",="NUR120-L-P1",
="800001360",="No class",="2/27/2025",="NUR120-L-P1",
="800001360",="No class",="2/28/2025",="NUR120-L-P1",
="800001360",="No class",="3/5/2025",="NUR120-L-P1",
="800001360",="No class",="3/6/2025",="NUR120-L-P1",
="800001360",="Present",="3/14/2025",="NUR120-L-P1",
="800001360",="No class",="2/24/2025",="NUR135-L-A1",
="800001360",="Present",="3/3/2025",="NUR135-L-A1",
="800001360",="Present",="1/6/2025",="NUR135-A",
="800001360",="Present",="1/13/2025",="NUR135-A",
="800001360",="Present",="1/27/2025",="NUR135-A",
="800001360",="Present",="2/3/2025",="NUR135-A",
="800001360",="Present",="2/10/2025",="NUR135-A",
="800001360",="Present",="2/17/2025",="NUR135-A",
="800001360",="Present",="3/10/2025",="NUR135-A",
="800001360",="Present",="3/17/2025",="NUR135-A",
="800001360",="Present",="3/24/2025",="NUR135-A",
="800001360",="Present",="3/31/2025",="NUR135-A",
="800001360",="Present",="4/7/2025",="NUR135-A",
="800001360",="Present",="1/8/2025",="PHARM130-P",
="800001360",="Present",="1/15/2025",="PHARM130-P",
="800001360",="Present",="1/22/2025",="PHARM130-P",
="800001360",="Present",="1/29/2025",="PHARM130-P",
="800001360",="Present",="2/5/2025",="PHARM130-P",
="800001360",="Present",="2/12/2025",="PHARM130-P",
="800001360",="Present",="2/19/2025",="PHARM130-P",
="800001360",="No class",="2/26/2025",="PHARM130-P",
="800001360",="No class",="3/5/2025",="PHARM130-P",
="800001360",="Present",="3/12/2025",="PHARM130-P",
="800001360",="Present",="3/19/2025",="PHARM130-P",
="800001360",="Present",="3/26/2025",="PHARM130-P",
="800001360",="Present",="4/2/2025",="PHARM130-P",
="800001360",="Present",="4/9/2025",="PHARM130-P",
="800001360",="Present",="4/16/2025",="PHARM130-P",
="800001403",="Present",="1/7/2025",="NUR120-A",
="800001403",="Present",="1/14/2025",="NUR120-A",
="800001403",="Present",="1/21/2025",="NUR120-A",
="800001403",="Present",="1/28/2025",="NUR120-A",
="800001403",="Present",="2/4/2025",="NUR120-A",
="800001403",="Present",="2/11/2025",="NUR120-A",
="800001403",="Present",="2/18/2025",="NUR120-A",
="800001403",="Present",="3/11/2025",="NUR120-A",
="800001403",="Present",="3/18/2025",="NUR120-A",
="800001403",="Present",="3/25/2025",="NUR120-A",
="800001403",="Present",="4/1/2025",="NUR120-A",
="800001403",="Present",="4/8/2025",="NUR120-A",
="800001403",="No class",="2/19/2025",="NUR120-L-A1",
="800001403",="No class",="2/24/2025",="NUR120-L-A1",
="800001403",="No class",="2/28/2025",="NUR120-L-A1",
="800001403",="No class",="3/5/2025",="NUR120-L-A1",
="800001534",="Present",="1/7/2025",="NUR120-A",
="800001534",="Present",="1/14/2025",="NUR120-A",
="800001534",="Present",="1/21/2025",="NUR120-A",
="800001534",="Present",="1/28/2025",="NUR120-A",
="800001534",="Present",="2/4/2025",="NUR120-A",
="800001534",="Present",="2/11/2025",="NUR120-A",
="800001534",="Present",="2/18/2025",="NUR120-A",
="800001534",="Present",="3/11/2025",="NUR120-A",
="800001534",="Present",="3/18/2025",="NUR120-A",
="800001534",="Present",="3/25/2025",="NUR120-A",
="800001534",="Present",="4/1/2025",="NUR120-A",
="800001534",="Present",="4/8/2025",="NUR120-A",
="800001534",="Present",="4/14/2025",="NUR120-C-A2",
="800001534",="Present",="4/19/2025",="NUR120-C-A2",
="800001534",="Present",="4/21/2025",="NUR120-C-A2",
="800001534",="Present",="4/24/2025",="NUR120-C-A2",
="800001534",="No class",="2/19/2025",="NUR120-L-A1",
="800001534",="No class",="2/24/2025",="NUR120-L-A1",
="800001534",="No class",="2/28/2025",="NUR120-L-A1",
="800001534",="No class",="3/5/2025",="NUR120-L-A1",
="800000762",="Present",="2/26/2025",="NUR265-C-P1",
="800000762",="Present",="3/5/2025",="NUR265-C-P1",
="800000762",="Present",="3/6/2025",="NUR265-C-P1",
="800000762",="Present",="1/6/2025",="NUR265 -P",
="800000762",="Present",="1/13/2025",="NUR265 -P",
="800000762",="Present",="1/27/2025",="NUR265 -P",
="800000762",="Present",="2/3/2025",="NUR265 -P",
="800000762",="Present",="2/10/2025",="NUR265 -P",
="800000762",="Present",="2/17/2025",="NUR265 -P",
="800000762",="Present",="2/24/2025",="NUR265 -P",
="800000762",="Present",="3/3/2025",="NUR265 -P",
="800000762",="Present",="1/15/2025",="NUR304",
="800000762",="Present",="1/17/2025",="NUR304",
="800000762",="Tardy/Late",="1/22/2025",="NUR304",
="800000762",="Present",="1/24/2025",="NUR304",
="800000762",="Tardy/Late",="1/29/2025",="NUR304",
="800000762",="Tardy/Late",="1/31/2025",="NUR304",
="800000762",="Present",="2/5/2025",="NUR304",
="800000762",="Present",="2/7/2025",="NUR304",
="800000762",="Present",="2/12/2025",="NUR304",
="800000762",="Present",="2/14/2025",="NUR304",
="800000762",="Present",="2/21/2025",="NUR304",
="800000762",="Present",="3/5/2025",="NUR302",
="800000762",="Tardy/Late",="3/12/2025",="NUR302",
="800000762",="Tardy/Late",="3/14/2025",="NUR302",
="800000762",="Tardy/Late",="3/19/2025",="NUR302",
="800000762",="Present",="3/26/2025",="NUR302",
="800000762",="Present",="3/28/2025",="NUR302",
="800000762",="Tardy/Late",="1/10/2025",="NUR305",
="800000762",="Present",="1/15/2025",="NUR305",
="800000762",="Present",="1/17/2025",="NUR305",
="800000762",="Present",="1/24/2025",="NUR305",
="800000762",="Present",="1/29/2025",="NUR305",
="800000762",="Present",="2/5/2025",="NUR305",
="800000762",="Present",="2/7/2025",="NUR305",
="800000762",="Present",="2/12/2025",="NUR305",
="800000762",="Present",="2/14/2025",="NUR305",
="770000323",="Absent",="1/6/2025",="PHARM225-P_B",
="770000323",="Present",="1/13/2025",="PHARM225-P_B",
="770000323",="Present",="1/27/2025",="PHARM225-P_B",
="770000323",="Present",="2/3/2025",="PHARM225-P_B",
="770000323",="Present",="2/10/2025",="PHARM225-P_B",
="770000323",="Present",="2/17/2025",="PHARM225-P_B",
="770000323",="Present",="3/3/2025",="PHARM225-P_B",
="770000323",="Present",="3/10/2025",="PHARM225-P_B",
="770000323",="Present",="3/17/2025",="PHARM225-P_B",
="770000323",="Present",="3/24/2025",="PHARM225-P_B",
="770000323",="Present",="3/31/2025",="PHARM225-P_B",
="770000323",="Present",="4/7/2025",="PHARM225-P_B",
="770000323",="Present",="1/8/2025",="AP209 -A",
="770000323",="Present",="1/15/2025",="AP209 -A",
="770000323",="Present",="1/22/2025",="AP209 -A",
="770000323",="Present",="1/29/2025",="AP209 -A",
="770000323",="Present",="2/5/2025",="AP209 -A",
="770000323",="Present",="2/12/2025",="AP209 -A",
="770000323",="Present",="2/19/2025",="AP209 -A",
="770000323",="Present",="2/26/2025",="AP209 -A",
="770000323",="Present",="3/5/2025",="AP209 -A",
="770000323",="Present",="3/12/2025",="AP209 -A",
="770000323",="Present",="3/19/2025",="AP209 -A",
="770000323",="Present",="3/26/2025",="AP209 -A",
="770000323",="Present",="4/2/2025",="AP209 -A",
="770000323",="Present",="4/9/2025",="AP209 -A",
="770000323",="Present",="4/16/2025",="AP209 -A",
="800001471",="Present",="4/14/2025",="NUR120-C-A2",
="800001471",="Present",="4/19/2025",="NUR120-C-A2",
="800001471",="Present",="4/21/2025",="NUR120-C-A2",
="800001471",="Present",="4/24/2025",="NUR120-C-A2",
="800001517",="Present",="1/7/2025",="MCB100 -A",
="800001517",="Present",="1/14/2025",="MCB100 -A",
="800001517",="Present",="1/21/2025",="MCB100 -A",
="800001517",="Present",="1/28/2025",="MCB100 -A",
="800001517",="Present",="2/4/2025",="MCB100 -A",
="800001517",="Present",="2/11/2025",="MCB100 -A",
="800001517",="Present",="2/18/2025",="MCB100 -A",
="800001517",="Present",="2/25/2025",="MCB100 -A",
="800001517",="Present",="3/4/2025",="MCB100 -A",
="800001517",="Present",="3/18/2025",="MCB100 -A",
="800001517",="Present",="3/25/2025",="MCB100 -A",
="800001517",="Present",="4/1/2025",="MCB100 -A",
="800001517",="Present",="4/8/2025",="MCB100 -A",
="800001517",="Present",="4/15/2025",="MCB100 -A",
="800001517",="Present",="1/10/2025",="ENG101 -P",
="800001517",="Present",="1/17/2025",="ENG101 -P",
="800001517",="Present",="1/24/2025",="ENG101 -P",
="800001517",="Present",="1/31/2025",="ENG101 -P",
="800001517",="Present",="2/7/2025",="ENG101 -P",
="800001517",="Present",="2/14/2025",="ENG101 -P",
="800001517",="Present",="2/21/2025",="ENG101 -P",
="800001517",="Present",="2/28/2025",="ENG101 -P",
="800001517",="Present",="3/7/2025",="ENG101 -P",
="800001517",="Present",="3/14/2025",="ENG101 -P",
="800001517",="Present",="3/21/2025",="ENG101 -P",
="800001517",="Present",="3/28/2025",="ENG101 -P",
="800001517",="Present",="4/4/2025",="ENG101 -P",
="800001517",="Present",="4/11/2025",="ENG101 -P",
="800001540",="Present",="1/6/2025",="NUR100 -A",
="800001540",="Present",="1/13/2025",="NUR100 -A",
="800001540",="Present",="1/14/2025",="NUR100 -A",
="800001540",="Present",="1/27/2025",="NUR100 -A",
="800001540",="Present",="2/3/2025",="NUR100 -A",
="800001540",="Absent",="2/10/2025",="NUR100 -A",
="800001540",="Present",="2/17/2025",="NUR100 -A",
="800001540",="Present",="3/10/2025",="NUR100 -A",
="800001540",="Present",="3/11/2025",="NUR100 -A",
="800001540",="Tardy/Late",="3/17/2025",="NUR100 -A",
="800001540",="Present",="3/24/2025",="NUR100 -A",
="800001540",="Present",="3/31/2025",="NUR100 -A",
="800001540",="Present",="4/7/2025",="NUR100 -A",
="800001540",="Present",="4/14/2025",="NUR100 -A",
="800001540",="Present",="1/7/2025",="AP100-A",
="800001540",="Present",="1/14/2025",="AP100-A",
="800001540",="Present",="1/21/2025",="AP100-A",
="800001540",="Present",="1/28/2025",="AP100-A",
="800001540",="Present",="2/4/2025",="AP100-A",
="800001540",="Present",="2/11/2025",="AP100-A",
="800001540",="Present",="2/18/2025",="AP100-A",
="800001540",="Present",="2/25/2025",="AP100-A",
="800001540",="Present",="3/4/2025",="AP100-A",
="800001540",="Present",="3/11/2025",="AP100-A",
="800001540",="Absent",="3/18/2025",="AP100-A",
="800001540",="Present",="3/25/2025",="AP100-A",
="800001540",="Present",="4/1/2025",="AP100-A",
="800001540",="Present",="4/8/2025",="AP100-A",
="800001540",="Present",="4/15/2025",="AP100-A",
="800001540",="Absent",="2/10/2025",="PHARM100-A",
="800001540",="Present",="2/17/2025",="PHARM100-A",
="800001540",="Present",="3/3/2025",="PHARM100-A",
="800001540",="Absent",="3/10/2025",="PHARM100-A",
="800001540",="Present",="3/17/2025",="PHARM100-A",
="800001540",="Present",="3/24/2025",="PHARM100-A",
="800001540",="Present",="3/31/2025",="PHARM100-A",
="800001540",="Present",="4/7/2025",="PHARM100-A",
="800001540",="Present",="1/7/2025",="NUR100-L-A1",
="800001540",="Present",="1/14/2025",="NUR100-L-A1",
="800001540",="Present",="1/21/2025",="NUR100-L-A1",
="800001540",="Present",="2/4/2025",="NUR100-L-A1",
="800001540",="Present",="2/11/2025",="NUR100-L-A1",
="800001540",="Present",="2/18/2025",="NUR100-L-A1",
="800001540",="No class",="2/24/2025",="NUR100-L-A1",
="800001540",="Present",="2/25/2025",="NUR100-L-A1",
="800001540",="Present",="2/28/2025",="NUR100-L-A1",
="800001540",="Present",="3/3/2025",="NUR100-L-A1",
="800001540",="No class",="3/4/2025",="NUR100-L-A1",
="800001540",="Present",="3/18/2025",="NUR100-L-A1",
="800001540",="Present",="3/25/2025",="NUR100-L-A1",
="800001540",="Present",="4/1/2025",="NUR100-L-A1",
="800001540",="Present",="4/8/2025",="NUR100-L-A1",
="800001540",="Present",="4/20/2025",="NUR100-L-A1",
="800001540",="Present",="4/21/2025",="NUR100-L-A1",
="800001540",="Present",="4/22/2025",="NUR100-L-A1",
="800001540",="Present",="1/12/2025",="NUT100 -OL",
="800001540",="Present",="1/19/2025",="NUT100 -OL",
="800001540",="Present",="1/26/2025",="NUT100 -OL",
="800001540",="Present",="2/2/2025",="NUT100 -OL",
="800001540",="Present",="2/9/2025",="NUT100 -OL",
="800001540",="Present",="2/16/2025",="NUT100 -OL",
="800001540",="Present",="2/23/2025",="NUT100 -OL",
="800001540",="Present",="3/2/2025",="NUT100 -OL",
="800001540",="Present",="3/9/2025",="NUT100 -OL",
="800001540",="Present",="3/16/2025",="NUT100 -OL",
="800001540",="Present",="3/23/2025",="NUT100 -OL",
="800001540",="Present",="3/30/2025",="NUT100 -OL",
="800001540",="Present",="4/6/2025",="NUT100 -OL",
="800001540",="Absent",="4/13/2025",="NUT100 -OL",
="800001354",="Present",="1/23/2025",="NUR140-A",
="800001354",="Present",="1/30/2025",="NUR140-A",
="800001354",="Present",="2/6/2025",="NUR140-A",
="800001354",="Present",="2/13/2025",="NUR140-A",
="800001354",="Present",="2/20/2025",="NUR140-A",
="800001354",="Present",="3/13/2025",="NUR140-A",
="800001354",="Present",="3/27/2025",="NUR140-A",
="800001354",="Present",="4/3/2025",="NUR140-A",
="800001354",="Present",="1/16/2025",="NUR145 - A",
="800001354",="Present",="1/23/2025",="NUR145 - A",
="800001354",="Present",="1/30/2025",="NUR145 - A",
="800001354",="Present",="2/6/2025",="NUR145 - A",
="800001354",="Present",="2/13/2025",="NUR145 - A",
="800001354",="Present",="2/20/2025",="NUR145 - A",
="800001354",="Present",="3/13/2025",="NUR145 - A",
="800001354",="Present",="3/20/2025",="NUR145 - A",
="800001354",="Present",="3/27/2025",="NUR145 - A",
="800001354",="Present",="4/3/2025",="NUR145 - A",
="800001354",="Present",="4/10/2025",="NUR145 - A",
="800001354",="Present",="1/15/2025",="NUR150 -A",
="800001354",="Present",="1/22/2025",="NUR150 -A",
="800001354",="Present",="1/29/2025",="NUR150 -A",
="800001354",="Present",="2/5/2025",="NUR150 -A",
="800001354",="Present",="2/12/2025",="NUR150 -A",
="800001354",="Present",="2/19/2025",="NUR150 -A",
="800001354",="Present",="3/12/2025",="NUR150 -A",
="800001354",="Present",="3/19/2025",="NUR150 -A",
="800001354",="Present",="3/26/2025",="NUR150 -A",
="800001354",="Present",="4/2/2025",="NUR150 -A",
="800001354",="Present",="1/8/2025",="NUR155-P",
="800001354",="Present",="1/15/2025",="NUR155-P",
="800001354",="Present",="1/22/2025",="NUR155-P",
="800001354",="Present",="1/29/2025",="NUR155-P",
="800001354",="Present",="2/5/2025",="NUR155-P",
="800001354",="Present",="2/12/2025",="NUR155-P",
="800001354",="Present",="2/19/2025",="NUR155-P",
="800001354",="Present",="2/26/2025",="NUR155-P",
="800001354",="Present",="3/5/2025",="NUR155-P",
="800001354",="Present",="3/12/2025",="NUR155-P",
="800001354",="Present",="3/19/2025",="NUR155-P",
="800001354",="Present",="3/26/2025",="NUR155-P",
="800001354",="Present",="4/2/2025",="NUR155-P",
="800001354",="Present",="4/9/2025",="NUR155-P",
="800001354",="Present",="4/16/2025",="NUR155-P",
="800001354",="Present",="4/19/2025",="NUR140-C-A1",
="800001354",="No class",="2/27/2025",="NUR145-L-A",
="800001354",="Present",="3/6/2025",="NUR145-L-A",
="800001354",="Present",="2/27/2025",="NUR150 -L-A1",
="800001354",="Present",="3/5/2025",="NUR150 -L-A1",
="800001354",="Present",="3/6/2025",="NUR150 -L-A1",
="800001354",="Present",="2/28/2025",="NUR150-C-A1",
="800001354",="Present",="2/26/2025",="NUR145-S-A2",
="800001354",="Present",="3/5/2025",="NUR145-S-A2",
="800001517",="Present",="1/9/2025",="AP100-P",
="800001517",="Present",="1/16/2025",="AP100-P",
="800001517",="Present",="1/23/2025",="AP100-P",
="800001517",="Present",="1/30/2025",="AP100-P",
="800001517",="Present",="2/6/2025",="AP100-P",
="800001517",="Present",="2/13/2025",="AP100-P",
="800001517",="Present",="2/20/2025",="AP100-P",
="800001517",="Present",="2/27/2025",="AP100-P",
="800001517",="Present",="3/6/2025",="AP100-P",
="800001517",="Present",="3/13/2025",="AP100-P",
="800001517",="Present",="3/20/2025",="AP100-P",
="800001517",="Present",="3/27/2025",="AP100-P",
="800001517",="Present",="4/3/2025",="AP100-P",
="800001517",="Present",="4/10/2025",="AP100-P",
="800001517",="Present",="4/17/2025",="AP100-P",
="800001548",="Present",="1/14/2025",="NUR125-L-A1",
="800001548",="Present",="1/21/2025",="NUR125-L-A1",
="800001548",="Present",="1/28/2025",="NUR125-L-A1",
="800001548",="Present",="2/4/2025",="NUR125-L-A1",
="800001548",="Present",="2/11/2025",="NUR125-L-A1",
="800001548",="Present",="2/18/2025",="NUR125-L-A1",
="800001548",="No class",="2/20/2025",="NUR125-L-A1",
="800001548",="Present",="2/25/2025",="NUR125-L-A1",
="800001548",="No class",="2/27/2025",="NUR125-L-A1",
="800001548",="Present",="3/11/2025",="NUR125-L-A1",
="800001548",="Present",="3/18/2025",="NUR125-L-A1",
="800001548",="Present",="3/25/2025",="NUR125-L-A1",
="800001548",="Present",="4/1/2025",="NUR125-L-A1",
="800001548",="Present",="4/8/2025",="NUR125-L-A1",
="800001548",="Present",="1/8/2025",="PHARM130-P",
="800001548",="Present",="1/15/2025",="PHARM130-P",
="800001548",="Present",="1/22/2025",="PHARM130-P",
="800001548",="Present",="1/29/2025",="PHARM130-P",
="800001548",="Present",="2/5/2025",="PHARM130-P",
="800001548",="Present",="2/12/2025",="PHARM130-P",
="800001548",="Present",="2/19/2025",="PHARM130-P",
="800001548",="No class",="2/26/2025",="PHARM130-P",
="800001548",="No class",="3/5/2025",="PHARM130-P",
="800001548",="Present",="3/12/2025",="PHARM130-P",
="800001548",="Tardy/Late",="3/19/2025",="PHARM130-P",
="800001548",="Tardy/Late",="3/26/2025",="PHARM130-P",
="800001548",="Present",="4/2/2025",="PHARM130-P",
="800001548",="Present",="4/9/2025",="PHARM130-P",
="800001548",="Present",="4/16/2025",="PHARM130-P",
="800001548",="No class",="2/19/2025",="NUR120-L-A1",
="800001548",="No class",="2/24/2025",="NUR120-L-A1",
="800001548",="No class",="2/28/2025",="NUR120-L-A1",
="800001548",="No class",="3/5/2025",="NUR120-L-A1",
="800001548",="Present",="4/14/2025",="NUR120-C-A2",
="800001548",="Present",="4/19/2025",="NUR120-C-A2",
="800001548",="Present",="4/21/2025",="NUR120-C-A2",
="800001548",="Present",="4/24/2025",="NUR120-C-A2",
="800001548",="Present",="1/12/2025",="NUT100 -OL",
="800001548",="Present",="1/19/2025",="NUT100 -OL",
="800001548",="Present",="1/26/2025",="NUT100 -OL",
="800001548",="Present",="2/2/2025",="NUT100 -OL",
="800001548",="Present",="2/9/2025",="NUT100 -OL",
="800001548",="Present",="2/16/2025",="NUT100 -OL",
="800001548",="Present",="2/23/2025",="NUT100 -OL",
="800001548",="Present",="3/2/2025",="NUT100 -OL",
="800001548",="Present",="3/9/2025",="NUT100 -OL",
="800001548",="Present",="3/16/2025",="NUT100 -OL",
="800001548",="Present",="3/23/2025",="NUT100 -OL",
="800001548",="Present",="3/30/2025",="NUT100 -OL",
="800001548",="Present",="4/6/2025",="NUT100 -OL",
="800001548",="Absent",="4/13/2025",="NUT100 -OL",
="800001548",="Present",="1/7/2025",="NUR125-A",
="800001548",="Present",="1/14/2025",="NUR125-A",
="800001548",="Present",="1/21/2025",="NUR125-A",
="800001548",="Present",="1/28/2025",="NUR125-A",
="800001548",="Present",="2/4/2025",="NUR125-A",
="800001548",="Present",="2/11/2025",="NUR125-A",
="800001548",="Absent",="2/18/2025",="NUR125-A",
="800001548",="Present",="3/11/2025",="NUR125-A",
="800001548",="Present",="3/18/2025",="NUR125-A",
="800001548",="Present",="3/25/2025",="NUR125-A",
="800001548",="Present",="4/1/2025",="NUR125-A",
="800001548",="Present",="4/8/2025",="NUR125-A",
="800001548",="Present",="1/7/2025",="NUR120-A",
="800001548",="Present",="1/14/2025",="NUR120-A",
="800001548",="Present",="1/21/2025",="NUR120-A",
="800001548",="Present",="1/28/2025",="NUR120-A",
="800001548",="Present",="2/4/2025",="NUR120-A",
="800001548",="Present",="2/11/2025",="NUR120-A",
="800001548",="Tardy/Late",="2/18/2025",="NUR120-A",
="800001548",="Present",="3/11/2025",="NUR120-A",
="800001548",="Present",="3/18/2025",="NUR120-A",
="800001548",="Absent",="3/25/2025",="NUR120-A",
="800001548",="Present",="4/1/2025",="NUR120-A",
="800001548",="Present",="4/8/2025",="NUR120-A",
="800000713",="Present",="3/31/2025",="NUR255-C-P1",
="800000713",="Present",="1/16/2025",="NUR255 -P",
="800000713",="Present",="1/23/2025",="NUR255 -P",
="800000713",="Present",="1/30/2025",="NUR255 -P",
="800000713",="Present",="2/6/2025",="NUR255 -P",
="800000713",="Present",="2/13/2025",="NUR255 -P",
="800000713",="Present",="2/20/2025",="NUR255 -P",
="800000713",="Present",="2/27/2025",="NUR255 -P",
="800000713",="Present",="3/6/2025",="NUR255 -P",
="800000713",="No class",="3/13/2025",="NUR255 -P",
="800000713",="Present",="1/8/2025",="NUR270-P",
="800000713",="Present",="1/15/2025",="NUR270-P",
="800000713",="Present",="1/22/2025",="NUR270-P",
="800000713",="Present",="1/29/2025",="NUR270-P",
="800000713",="Present",="2/5/2025",="NUR270-P",
="800000713",="Present",="2/12/2025",="NUR270-P",
="800000713",="Present",="2/19/2025",="NUR270-P",
="800000713",="Present",="3/12/2025",="NUR270-P",
="800000713",="Present",="3/19/2025",="NUR270-P",
="800000713",="Present",="3/26/2025",="NUR270-P",
="800000713",="Present",="4/2/2025",="NUR270-P",
="800000713",="Present",="4/9/2025",="NUR270-P",
="800000713",="Present",="4/16/2025",="NUR270-P",
="800001234",="Present",="1/6/2025",="PHARM225-P_B",
="800001234",="Present",="1/13/2025",="PHARM225-P_B",
="800001234",="Present",="1/27/2025",="PHARM225-P_B",
="800001234",="Present",="2/3/2025",="PHARM225-P_B",
="800001234",="Present",="2/10/2025",="PHARM225-P_B",
="800001234",="Present",="2/17/2025",="PHARM225-P_B",
="800001234",="Present",="3/3/2025",="PHARM225-P_B",
="800001234",="Present",="3/10/2025",="PHARM225-P_B",
="800001234",="Present",="3/17/2025",="PHARM225-P_B",
="800001234",="Present",="3/24/2025",="PHARM225-P_B",
="800001234",="Present",="3/31/2025",="PHARM225-P_B",
="800001234",="Present",="4/7/2025",="PHARM225-P_B",
="800001394",="Present",="1/31/2025",="NUR120-L-P1",
="800001394",="Present",="2/7/2025",="NUR120-L-P1",
="800001394",="No class",="2/19/2025",="NUR120-L-P1",
="800001394",="Present",="2/21/2025",="NUR120-L-P1",
="800001394",="No class",="2/24/2025",="NUR120-L-P1",
="800001394",="Present",="2/25/2025",="NUR120-L-P1",
="800001394",="No class",="2/27/2025",="NUR120-L-P1",
="800001394",="No class",="2/28/2025",="NUR120-L-P1",
="800001394",="No class",="3/5/2025",="NUR120-L-P1",
="800001394",="No class",="3/6/2025",="NUR120-L-P1",
="800001394",="Present",="3/14/2025",="NUR120-L-P1",
="800001394",="No class",="4/14/2025",="NUR120-C-P1",
="800001394",="Present",="2/25/2025",="NUR135-S-A1",
="800001394",="No class",="2/24/2025",="NUR135-L-A1",
="800001394",="Present",="3/3/2025",="NUR135-L-A1",
="800001394",="Present",="1/7/2025",="NUR120 -P",
="800001394",="Present",="1/14/2025",="NUR120 -P",
="800001394",="Present",="1/21/2025",="NUR120 -P",
="800001394",="Present",="1/28/2025",="NUR120 -P",
="800001394",="Present",="2/4/2025",="NUR120 -P",
="800001394",="Present",="2/11/2025",="NUR120 -P",
="800001394",="Present",="2/18/2025",="NUR120 -P",
="800001394",="Present",="3/11/2025",="NUR120 -P",
="800001394",="Present",="3/18/2025",="NUR120 -P",
="800001394",="Present",="3/25/2025",="NUR120 -P",
="800001394",="Present",="4/1/2025",="NUR120 -P",
="800001394",="Present",="4/8/2025",="NUR120 -P",
="800001394",="Present",="1/6/2025",="NUR135-A",
="800001394",="Present",="1/13/2025",="NUR135-A",
="800001394",="Present",="1/27/2025",="NUR135-A",
="800001394",="Present",="2/3/2025",="NUR135-A",
="800001394",="Present",="2/10/2025",="NUR135-A",
="800001394",="Present",="2/17/2025",="NUR135-A",
="800001394",="Present",="3/10/2025",="NUR135-A",
="800001394",="Present",="3/17/2025",="NUR135-A",
="800001394",="Present",="3/24/2025",="NUR135-A",
="800001394",="Present",="3/31/2025",="NUR135-A",
="800001394",="Present",="4/7/2025",="NUR135-A",
="800001468",="Present",="1/6/2025",="NUR100 -A",
="800001468",="Present",="1/13/2025",="NUR100 -A",
="800001468",="Present",="1/14/2025",="NUR100 -A",
="800001468",="Present",="1/27/2025",="NUR100 -A",
="800001468",="Present",="2/3/2025",="NUR100 -A",
="800001468",="Present",="2/10/2025",="NUR100 -A",
="800001468",="Present",="2/17/2025",="NUR100 -A",
="800001468",="Present",="3/10/2025",="NUR100 -A",
="800001468",="Present",="3/11/2025",="NUR100 -A",
="800001468",="Present",="3/17/2025",="NUR100 -A",
="800001468",="Present",="3/24/2025",="NUR100 -A",
="800001468",="Present",="3/31/2025",="NUR100 -A",
="800001468",="Present",="4/1/2025",="NUR100 -A",
="800001468",="Present",="4/7/2025",="NUR100 -A",
="800001468",="Present",="4/14/2025",="NUR100 -A",
="800001468",="Tardy/Late",="2/10/2025",="PHARM100-A",
="800001468",="Present",="2/17/2025",="PHARM100-A",
="800001468",="Present",="3/3/2025",="PHARM100-A",
="800001468",="Present",="3/10/2025",="PHARM100-A",
="800001468",="Present",="3/17/2025",="PHARM100-A",
="800001468",="Present",="3/24/2025",="PHARM100-A",
="800001468",="Present",="3/31/2025",="PHARM100-A",
="800001468",="Present",="4/7/2025",="PHARM100-A",
="800001468",="Present",="1/10/2025",="STAT101-A",
="800001468",="Present",="1/17/2025",="STAT101-A",
="800001468",="Present",="1/24/2025",="STAT101-A",
="800001468",="Present",="2/7/2025",="STAT101-A",
="800001468",="Present",="2/14/2025",="STAT101-A",
="800001468",="Present",="2/21/2025",="STAT101-A",
="800001468",="Present",="2/28/2025",="STAT101-A",
="800001468",="Present",="3/7/2025",="STAT101-A",
="800001468",="Present",="3/14/2025",="STAT101-A",
="800001468",="Present",="3/21/2025",="STAT101-A",
="800001468",="Present",="3/28/2025",="STAT101-A",
="800001468",="Present",="4/11/2025",="STAT101-A",
="800001468",="Present",="1/12/2025",="NUT100 -OL",
="800001468",="Present",="1/19/2025",="NUT100 -OL",
="800001468",="Present",="1/26/2025",="NUT100 -OL",
="800001468",="Present",="2/2/2025",="NUT100 -OL",
="800001468",="Present",="2/9/2025",="NUT100 -OL",
="800001468",="Present",="2/16/2025",="NUT100 -OL",
="800001468",="Present",="2/23/2025",="NUT100 -OL",
="800001468",="Present",="3/2/2025",="NUT100 -OL",
="800001468",="Present",="3/9/2025",="NUT100 -OL",
="800001468",="Present",="3/16/2025",="NUT100 -OL",
="800001468",="Present",="3/23/2025",="NUT100 -OL",
="800001468",="Present",="3/30/2025",="NUT100 -OL",
="800001468",="Present",="4/6/2025",="NUT100 -OL",
="800001468",="Present",="4/13/2025",="NUT100 -OL",
="800001468",="Present",="3/1/2025",="NUR100-C-A1",
="800001468",="Present",="4/19/2025",="NUR100-C-A1",
="800001468",="Present",="1/7/2025",="NUR100-L-A1",
="800001468",="Present",="1/14/2025",="NUR100-L-A1",
="800001468",="Present",="1/21/2025",="NUR100-L-A1",
="800001468",="Present",="2/4/2025",="NUR100-L-A1",
="800001468",="Present",="2/11/2025",="NUR100-L-A1",
="800001468",="Present",="2/18/2025",="NUR100-L-A1",
="800001468",="Present",="2/20/2025",="NUR100-L-A1",
="800001468",="No class",="2/24/2025",="NUR100-L-A1",
="800001468",="Present",="2/25/2025",="NUR100-L-A1",
="800001468",="No class",="3/4/2025",="NUR100-L-A1",
="800001468",="Present",="3/18/2025",="NUR100-L-A1",
="800001468",="Present",="3/25/2025",="NUR100-L-A1",
="800001468",="Present",="4/1/2025",="NUR100-L-A1",
="800001468",="Present",="4/8/2025",="NUR100-L-A1",
="800001468",="Present",="4/14/2025",="NUR100-L-A1",
="800001468",="Present",="4/16/2025",="NUR100-L-A1",
="800001468",="Present",="4/22/2025",="NUR100-L-A1",
="800001445",="Present",="1/7/2025",="NUR120-A",
="800001445",="Present",="1/14/2025",="NUR120-A",
="800001445",="Present",="1/21/2025",="NUR120-A",
="800001445",="Present",="1/28/2025",="NUR120-A",
="800001445",="Present",="2/4/2025",="NUR120-A",
="800001445",="Present",="2/11/2025",="NUR120-A",
="800001445",="Present",="2/18/2025",="NUR120-A",
="800001445",="Present",="3/11/2025",="NUR120-A",
="800001445",="Present",="3/18/2025",="NUR120-A",
="800001445",="Present",="3/25/2025",="NUR120-A",
="800001445",="Present",="4/1/2025",="NUR120-A",
="800001445",="Present",="4/7/2025",="NUR120-A",
="800001445",="Present",="4/8/2025",="NUR120-A",
="800001445",="Present",="1/12/2025",="NUT100 -OL",
="800001445",="Present",="1/19/2025",="NUT100 -OL",
="800001445",="Present",="1/26/2025",="NUT100 -OL",
="800001445",="Present",="2/2/2025",="NUT100 -OL",
="800001445",="Present",="2/9/2025",="NUT100 -OL",
="800001445",="Present",="2/16/2025",="NUT100 -OL",
="800001445",="Present",="2/23/2025",="NUT100 -OL",
="800001445",="Present",="3/2/2025",="NUT100 -OL",
="800001445",="Present",="3/9/2025",="NUT100 -OL",
="800001445",="Present",="3/16/2025",="NUT100 -OL",
="800001445",="Present",="3/23/2025",="NUT100 -OL",
="800001445",="Present",="3/30/2025",="NUT100 -OL",
="800001445",="Present",="4/6/2025",="NUT100 -OL",
="800001445",="Present",="4/13/2025",="NUT100 -OL",
="800001445",="Present",="2/19/2025",="NUR120-L-A1",
="800001445",="No class",="2/24/2025",="NUR120-L-A1",
="800001445",="No class",="2/28/2025",="NUR120-L-A1",
="800001445",="No class",="3/5/2025",="NUR120-L-A1",
="800001505",="Present",="1/12/2025",="NUT100 -OL",
="800001505",="Present",="1/19/2025",="NUT100 -OL",
="800001505",="Present",="1/26/2025",="NUT100 -OL",
="800001505",="Present",="2/2/2025",="NUT100 -OL",
="800001505",="Present",="2/9/2025",="NUT100 -OL",
="800001505",="Present",="2/16/2025",="NUT100 -OL",
="800001505",="Present",="2/23/2025",="NUT100 -OL",
="800001505",="Present",="3/2/2025",="NUT100 -OL",
="800001505",="Present",="3/9/2025",="NUT100 -OL",
="800001505",="Present",="3/16/2025",="NUT100 -OL",
="800001505",="Present",="3/23/2025",="NUT100 -OL",
="800001505",="Present",="3/30/2025",="NUT100 -OL",
="800001505",="Present",="4/6/2025",="NUT100 -OL",
="800001505",="Present",="4/13/2025",="NUT100 -OL",
="800001505",="Present",="1/7/2025",="NUR120 -P",
="800001505",="Present",="1/14/2025",="NUR120 -P",
="800001505",="Present",="1/21/2025",="NUR120 -P",
="800001505",="Present",="1/28/2025",="NUR120 -P",
="800001505",="Present",="2/4/2025",="NUR120 -P",
="800001505",="Present",="2/11/2025",="NUR120 -P",
="800001505",="Present",="2/18/2025",="NUR120 -P",
="800001505",="Present",="3/11/2025",="NUR120 -P",
="800001505",="Present",="3/18/2025",="NUR120 -P",
="800001505",="Absent",="3/25/2025",="NUR120 -P",
="800001505",="Present",="4/1/2025",="NUR120 -P",
="800001505",="Present",="4/2/2025",="NUR120 -P",
="800001505",="Present",="4/8/2025",="NUR120 -P",
="800001505",="Present",="1/31/2025",="NUR120-L-P1",
="800001505",="Present",="2/7/2025",="NUR120-L-P1",
="800001505",="No class",="2/19/2025",="NUR120-L-P1",
="800001505",="Present",="2/21/2025",="NUR120-L-P1",
="800001505",="No class",="2/24/2025",="NUR120-L-P1",
="800001505",="Present",="2/25/2025",="NUR120-L-P1",
="800001505",="No class",="2/27/2025",="NUR120-L-P1",
="800001505",="No class",="2/28/2025",="NUR120-L-P1",
="800001505",="No class",="3/5/2025",="NUR120-L-P1",
="800001505",="No class",="3/6/2025",="NUR120-L-P1",
="800001505",="Present",="3/14/2025",="NUR120-L-P1",
="800000289",="Present",="1/15/2025",="NUR304",
="800000289",="Present",="1/17/2025",="NUR304",
="800000289",="Tardy/Late",="1/22/2025",="NUR304",
="800000289",="Present",="1/24/2025",="NUR304",
="800000289",="Tardy/Late",="1/29/2025",="NUR304",
="800000289",="Tardy/Late",="1/31/2025",="NUR304",
="800000289",="Present",="2/5/2025",="NUR304",
="800000289",="Present",="2/7/2025",="NUR304",
="800000289",="Present",="2/12/2025",="NUR304",
="800000289",="Present",="2/14/2025",="NUR304",
="800000289",="Present",="2/21/2025",="NUR304",
="800000289",="Tardy/Late",="1/10/2025",="NUR305",
="800000289",="Present",="1/15/2025",="NUR305",
="800000289",="Present",="1/17/2025",="NUR305",
="800000289",="Present",="1/24/2025",="NUR305",
="800000289",="Present",="1/29/2025",="NUR305",
="800000289",="Present",="2/5/2025",="NUR305",
="800000289",="Present",="2/7/2025",="NUR305",
="800000289",="Present",="2/12/2025",="NUR305",
="800000289",="Present",="2/14/2025",="NUR305",
="800000289",="Present",="3/5/2025",="NUR302",
="800000289",="Tardy/Late",="3/12/2025",="NUR302",
="800000289",="Tardy/Late",="3/19/2025",="NUR302",
="800000289",="Present",="3/26/2025",="NUR302",
="800000289",="Present",="3/28/2025",="NUR302",
="800000289",="Present",="1/9/2025",="SCI310A",
="800000289",="Present",="1/16/2025",="SCI310A",
="800000289",="Present",="1/23/2025",="SCI310A",
="800000289",="Present",="1/30/2025",="SCI310A",
="800000289",="Present",="2/6/2025",="SCI310A",
="800000289",="Present",="2/13/2025",="SCI310A",
="800000289",="Present",="2/20/2025",="SCI310A",
="800000289",="Present",="2/27/2025",="SCI310A",
="800000289",="Present",="3/6/2025",="SCI310A",
="800000289",="Present",="3/13/2025",="SCI310A",
="800000289",="Present",="3/20/2025",="SCI310A",
="800000289",="Present",="3/27/2025",="SCI310A",
="800000289",="Present",="4/3/2025",="SCI310A",
="800000289",="Present",="4/10/2025",="SCI310A",
="800001198",="Present",="1/23/2025",="NUR140-A",
="800001198",="Present",="1/30/2025",="NUR140-A",
="800001198",="Present",="2/6/2025",="NUR140-A",
="800001198",="Present",="2/13/2025",="NUR140-A",
="800001198",="Present",="2/20/2025",="NUR140-A",
="800001198",="Present",="3/13/2025",="NUR140-A",
="800001198",="Present",="3/27/2025",="NUR140-A",
="800001198",="Present",="4/3/2025",="NUR140-A",
="800001198",="Present",="1/16/2025",="NUR145 - A",
="800001198",="Present",="1/23/2025",="NUR145 - A",
="800001198",="Present",="1/30/2025",="NUR145 - A",
="800001198",="Present",="2/6/2025",="NUR145 - A",
="800001198",="Present",="2/13/2025",="NUR145 - A",
="800001198",="Present",="2/20/2025",="NUR145 - A",
="800001198",="Present",="3/13/2025",="NUR145 - A",
="800001198",="Present",="3/20/2025",="NUR145 - A",
="800001198",="Present",="3/27/2025",="NUR145 - A",
="800001198",="Present",="4/3/2025",="NUR145 - A",
="800001198",="Present",="4/10/2025",="NUR145 - A",
="800001198",="Present",="2/26/2025",="NUR145-S-A1",
="800001198",="Present",="3/5/2025",="NUR145-S-A1",
="800001198",="No class",="2/27/2025",="NUR145-L-A",
="800001198",="Present",="3/6/2025",="NUR145-L-A",
="800001485",="Present",="1/7/2025",="NUR120 -P",
="800001485",="Present",="1/14/2025",="NUR120 -P",
="800001485",="Present",="1/21/2025",="NUR120 -P",
="800001485",="Present",="1/28/2025",="NUR120 -P",
="800001485",="Present",="2/4/2025",="NUR120 -P",
="800001485",="Present",="2/11/2025",="NUR120 -P",
="800001485",="Present",="2/18/2025",="NUR120 -P",
="800001485",="Present",="3/11/2025",="NUR120 -P",
="800001485",="Present",="3/18/2025",="NUR120 -P",
="800001485",="Present",="3/25/2025",="NUR120 -P",
="800001485",="Present",="4/1/2025",="NUR120 -P",
="800001485",="Present",="4/8/2025",="NUR120 -P",
="800001485",="Present",="4/25/2025",="NUR120-C-P2",
="800001485",="Present",="4/28/2025",="NUR120-C-P2",
="800001485",="Present",="5/2/2025",="NUR120-C-P2",
="800001485",="Present",="1/31/2025",="NUR120-L-P1",
="800001485",="Present",="2/7/2025",="NUR120-L-P1",
="800001485",="No class",="2/19/2025",="NUR120-L-P1",
="800001485",="Present",="2/21/2025",="NUR120-L-P1",
="800001485",="No class",="2/24/2025",="NUR120-L-P1",
="800001485",="No class",="2/25/2025",="NUR120-L-P1",
="800001485",="No class",="2/27/2025",="NUR120-L-P1",
="800001485",="No class",="2/28/2025",="NUR120-L-P1",
="800001485",="No class",="3/5/2025",="NUR120-L-P1",
="800001485",="No class",="3/6/2025",="NUR120-L-P1",
="800001485",="Present",="3/14/2025",="NUR120-L-P1",
="800001485",="Present",="1/16/2025",="NUR125-L-P1",
="800001485",="Present",="1/23/2025",="NUR125-L-P1",
="800001485",="Present",="1/30/2025",="NUR125-L-P1",
="800001485",="Present",="2/6/2025",="NUR125-L-P1",
="800001485",="Present",="2/13/2025",="NUR125-L-P1",
="800001485",="Present",="2/20/2025",="NUR125-L-P1",
="800001485",="No class",="2/24/2025",="NUR125-L-P1",
="800001485",="Present",="2/27/2025",="NUR125-L-P1",
="800001485",="No class",="2/28/2025",="NUR125-L-P1",
="800001485",="Present",="3/13/2025",="NUR125-L-P1",
="800001485",="Present",="3/27/2025",="NUR125-L-P1",
="800001485",="Present",="1/9/2025",="NUR125-P",
="800001485",="Present",="1/16/2025",="NUR125-P",
="800001485",="Present",="1/23/2025",="NUR125-P",
="800001485",="Present",="1/30/2025",="NUR125-P",
="800001485",="Present",="2/6/2025",="NUR125-P",
="800001485",="Present",="2/13/2025",="NUR125-P",
="800001485",="Present",="2/20/2025",="NUR125-P",
="800001485",="Present",="3/13/2025",="NUR125-P",
="800001485",="Present",="3/27/2025",="NUR125-P",
="800001485",="Present",="4/3/2025",="NUR125-P",
="800001196",="Present",="1/7/2025",="NUR245 - P",
="800001196",="Present",="1/14/2025",="NUR245 - P",
="800001196",="Present",="1/21/2025",="NUR245 - P",
="800001196",="Present",="1/28/2025",="NUR245 - P",
="800001196",="Absent",="2/4/2025",="NUR245 - P",
="800001196",="Present",="2/11/2025",="NUR245 - P",
="800001196",="Present",="2/18/2025",="NUR245 - P",
="800001196",="Present",="3/11/2025",="NUR245 - P",
="800001196",="Present",="3/18/2025",="NUR245 - P",
="800001196",="Present",="3/25/2025",="NUR245 - P",
="800001196",="Present",="4/1/2025",="NUR245 - P",
="800001196",="Present",="4/8/2025",="NUR245 - P",
="800001196",="Present",="2/25/2025",="NUR245-C-P1",
="800001196",="Present",="3/4/2025",="NUR245-C-P1",
="800001513",="Present",="1/9/2025",="NUR217-P",
="800001513",="Present",="1/16/2025",="NUR217-P",
="800001513",="Present",="1/23/2025",="NUR217-P",
="800001513",="Present",="1/30/2025",="NUR217-P",
="800001513",="Present",="2/6/2025",="NUR217-P",
="800001513",="Present",="2/13/2025",="NUR217-P",
="800001513",="Present",="2/20/2025",="NUR217-P",
="800001513",="Present",="3/13/2025",="NUR217-P",
="800001513",="Present",="1/7/2025",="NUR125-A",
="800001513",="Present",="1/14/2025",="NUR125-A",
="800001513",="Present",="1/21/2025",="NUR125-A",
="800001513",="Present",="1/28/2025",="NUR125-A",
="800001513",="Present",="2/4/2025",="NUR125-A",
="800001513",="Absent",="2/11/2025",="NUR125-A",
="800001513",="Present",="2/18/2025",="NUR125-A",
="800001513",="Present",="3/11/2025",="NUR125-A",
="800001513",="Present",="3/18/2025",="NUR125-A",
="800001513",="Absent",="3/25/2025",="NUR125-A",
="800001513",="Present",="4/1/2025",="NUR125-A",
="800001513",="Present",="4/8/2025",="NUR125-A",
="800001513",="Present",="1/14/2025",="NUR125-L-A1",
="800001513",="Present",="1/21/2025",="NUR125-L-A1",
="800001513",="Present",="1/28/2025",="NUR125-L-A1",
="800001513",="Present",="2/4/2025",="NUR125-L-A1",
="800001513",="Absent",="2/11/2025",="NUR125-L-A1",
="800001513",="Present",="2/18/2025",="NUR125-L-A1",
="800001513",="No class",="2/20/2025",="NUR125-L-A1",
="800001513",="Present",="2/25/2025",="NUR125-L-A1",
="800001513",="No class",="2/27/2025",="NUR125-L-A1",
="800001513",="Present",="3/11/2025",="NUR125-L-A1",
="800001513",="Present",="3/18/2025",="NUR125-L-A1",
="800001513",="Absent",="3/25/2025",="NUR125-L-A1",
="800001513",="Present",="4/1/2025",="NUR125-L-A1",
="800001513",="Present",="4/8/2025",="NUR125-L-A1",
="800001524",="Present",="1/7/2025",="NUR100-L-A1",
="800001524",="Present",="1/14/2025",="NUR100-L-A1",
="800001524",="Present",="1/21/2025",="NUR100-L-A1",
="800001524",="Present",="2/4/2025",="NUR100-L-A1",
="800001524",="Absent",="2/11/2025",="NUR100-L-A1",
="800001524",="Present",="2/18/2025",="NUR100-L-A1",
="800001524",="Present",="2/25/2025",="NUR100-L-A1",
="800001524",="Present",="2/28/2025",="NUR100-L-A1",
="800001524",="Present",="3/4/2025",="NUR100-L-A1",
="800001524",="Present",="1/6/2025",="NUR100 -A",
="800001524",="Present",="1/13/2025",="NUR100 -A",
="800001524",="Present",="1/14/2025",="NUR100 -A",
="800001524",="Present",="1/27/2025",="NUR100 -A",
="800001524",="Present",="2/10/2025",="NUR100 -A",
="800001524",="Present",="2/17/2025",="NUR100 -A",
="800001524",="Absent",="3/10/2025",="NUR100 -A",
="800001524",="Absent",="3/11/2025",="NUR100 -A",
="800001524",="Present",="1/7/2025",="AP100-A",
="800001524",="Present",="1/14/2025",="AP100-A",
="800001524",="Present",="1/21/2025",="AP100-A",
="800001524",="Present",="1/28/2025",="AP100-A",
="800001524",="Present",="2/4/2025",="AP100-A",
="800001524",="Absent",="2/11/2025",="AP100-A",
="800001524",="Present",="2/18/2025",="AP100-A",
="800001524",="Present",="2/25/2025",="AP100-A",
="800001524",="Absent",="3/4/2025",="AP100-A",
="800001524",="Absent",="3/11/2025",="AP100-A",
="800001524",="Absent",="2/10/2025",="PHARM100-A",
="800001524",="Present",="2/17/2025",="PHARM100-A",
="800001524",="Absent",="3/3/2025",="PHARM100-A",
="800001524",="Absent",="3/10/2025",="PHARM100-A",
="800001524",="Present",="1/12/2025",="NUT100 -OL",
="800001524",="Present",="1/19/2025",="NUT100 -OL",
="800001524",="Present",="1/26/2025",="NUT100 -OL",
="800001524",="Present",="2/2/2025",="NUT100 -OL",
="800001524",="Present",="2/9/2025",="NUT100 -OL",
="800001524",="Present",="2/16/2025",="NUT100 -OL",
="800001524",="Present",="2/23/2025",="NUT100 -OL",
="800001524",="Present",="3/2/2025",="NUT100 -OL",
="800001524",="Absent",="3/9/2025",="NUT100 -OL",
="800001524",="Absent",="3/16/2025",="NUT100 -OL",
="800001443",="Present",="1/13/2025",="NUR100-L-P1",
="800001443",="Absent",="1/14/2025",="NUR100-L-P1",
="800001443",="Absent",="1/21/2025",="NUR100-L-P1",
="800001443",="Present",="1/28/2025",="NUR100-L-P1",
="800001443",="Present",="2/4/2025",="NUR100-L-P1",
="800001443",="Present",="2/11/2025",="NUR100-L-P1",
="800001443",="Present",="2/18/2025",="NUR100-L-P1",
="800001443",="No class",="2/25/2025",="NUR100-L-P1",
="800001443",="No class",="3/4/2025",="NUR100-L-P1",
="800001443",="Present",="3/25/2025",="NUR100-L-P1",
="800001443",="Present",="4/1/2025",="NUR100-L-P1",
="800001443",="Present",="4/8/2025",="NUR100-L-P1",
="800001443",="Present",="1/12/2025",="NUT100 -OL",
="800001443",="Present",="1/19/2025",="NUT100 -OL",
="800001443",="Present",="1/26/2025",="NUT100 -OL",
="800001443",="Present",="2/2/2025",="NUT100 -OL",
="800001443",="Present",="2/9/2025",="NUT100 -OL",
="800001443",="Present",="2/16/2025",="NUT100 -OL",
="800001443",="Present",="2/23/2025",="NUT100 -OL",
="800001443",="Present",="3/2/2025",="NUT100 -OL",
="800001443",="Present",="3/9/2025",="NUT100 -OL",
="800001443",="Present",="3/16/2025",="NUT100 -OL",
="800001443",="Present",="3/23/2025",="NUT100 -OL",
="800001443",="Present",="3/30/2025",="NUT100 -OL",
="800001443",="Present",="4/6/2025",="NUT100 -OL",
="800001443",="Present",="4/13/2025",="NUT100 -OL",
="800001443",="Present",="2/5/2025",="PHARM100-P",
="800001443",="Present",="2/12/2025",="PHARM100-P",
="800001443",="Present",="2/19/2025",="PHARM100-P",
="800001443",="Present",="2/26/2025",="PHARM100-P",
="800001443",="Present",="3/5/2025",="PHARM100-P",
="800001443",="Present",="3/12/2025",="PHARM100-P",
="800001443",="Present",="3/19/2025",="PHARM100-P",
="800001443",="Present",="3/26/2025",="PHARM100-P",
="800001443",="Present",="4/2/2025",="PHARM100-P",
="800001443",="Present",="4/9/2025",="PHARM100-P",
="800001443",="Present",="1/6/2025",="NUR100-P",
="800001443",="Present",="1/7/2025",="NUR100-P",
="800001443",="Present",="1/13/2025",="NUR100-P",
="800001443",="Present",="1/14/2025",="NUR100-P",
="800001443",="Present",="1/27/2025",="NUR100-P",
="800001443",="Present",="2/3/2025",="NUR100-P",
="800001443",="Present",="2/10/2025",="NUR100-P",
="800001443",="Present",="2/17/2025",="NUR100-P",
="800001443",="Present",="3/10/2025",="NUR100-P",
="800001443",="Present",="3/17/2025",="NUR100-P",
="800001443",="Present",="3/24/2025",="NUR100-P",
="800001443",="Present",="3/31/2025",="NUR100-P",
="800001443",="Present",="4/7/2025",="NUR100-P",
="800001443",="Present",="1/12/2025",="PSY101 -OL",
="800001443",="Present",="1/19/2025",="PSY101 -OL",
="800001443",="Present",="1/26/2025",="PSY101 -OL",
="800001443",="Present",="2/2/2025",="PSY101 -OL",
="800001443",="Present",="2/9/2025",="PSY101 -OL",
="800001443",="Present",="2/16/2025",="PSY101 -OL",
="800001443",="Present",="2/23/2025",="PSY101 -OL",
="800001443",="Present",="3/2/2025",="PSY101 -OL",
="800001443",="Present",="3/9/2025",="PSY101 -OL",
="800001443",="Present",="3/16/2025",="PSY101 -OL",
="800001443",="Present",="3/23/2025",="PSY101 -OL",
="800001443",="Present",="3/30/2025",="PSY101 -OL",
="800001443",="Present",="4/6/2025",="PSY101 -OL",
="800001443",="Present",="4/13/2025",="PSY101 -OL",
="800001034",="Present",="1/23/2025",="NUR140-A",
="800001034",="Present",="1/30/2025",="NUR140-A",
="800001034",="Present",="2/6/2025",="NUR140-A",
="800001034",="Present",="2/13/2025",="NUR140-A",
="800001034",="Present",="2/20/2025",="NUR140-A",
="800001034",="Present",="3/13/2025",="NUR140-A",
="800001034",="Present",="3/27/2025",="NUR140-A",
="800001034",="Present",="4/3/2025",="NUR140-A",
="800001034",="Present",="4/19/2025",="NUR140-C-A1",
="800001034",="Present",="1/8/2025",="NUR155-P",
="800001034",="Present",="1/15/2025",="NUR155-P",
="800001034",="Present",="1/22/2025",="NUR155-P",
="800001034",="Present",="1/29/2025",="NUR155-P",
="800001034",="Present",="2/5/2025",="NUR155-P",
="800001034",="Present",="2/12/2025",="NUR155-P",
="800001034",="Present",="2/19/2025",="NUR155-P",
="800001034",="Present",="2/26/2025",="NUR155-P",
="800001034",="Present",="3/5/2025",="NUR155-P",
="800001034",="Present",="3/12/2025",="NUR155-P",
="800001034",="Present",="3/19/2025",="NUR155-P",
="800001034",="Present",="3/26/2025",="NUR155-P",
="800001034",="Present",="4/2/2025",="NUR155-P",
="800001034",="Present",="4/9/2025",="NUR155-P",
="800001034",="Present",="4/16/2025",="NUR155-P",
="800001532",="No class",="2/19/2025",="NUR120-L-A1",
="800001532",="No class",="2/24/2025",="NUR120-L-A1",
="800001532",="No class",="2/28/2025",="NUR120-L-A1",
="800001532",="No class",="3/5/2025",="NUR120-L-A1",
="800001532",="Present",="1/14/2025",="NUR125-L-A1",
="800001532",="Present",="1/21/2025",="NUR125-L-A1",
="800001532",="Present",="1/28/2025",="NUR125-L-A1",
="800001532",="Present",="2/4/2025",="NUR125-L-A1",
="800001532",="Present",="2/11/2025",="NUR125-L-A1",
="800001532",="Present",="2/18/2025",="NUR125-L-A1",
="800001532",="No class",="2/20/2025",="NUR125-L-A1",
="800001532",="Present",="2/25/2025",="NUR125-L-A1",
="800001532",="No class",="2/27/2025",="NUR125-L-A1",
="800001532",="Present",="3/11/2025",="NUR125-L-A1",
="800001532",="Present",="3/18/2025",="NUR125-L-A1",
="800001532",="Present",="3/25/2025",="NUR125-L-A1",
="800001532",="Present",="4/1/2025",="NUR125-L-A1",
="800001532",="Present",="4/8/2025",="NUR125-L-A1",
="800001532",="Present",="1/7/2025",="NUR120-A",
="800001532",="Present",="1/14/2025",="NUR120-A",
="800001532",="Present",="1/21/2025",="NUR120-A",
="800001532",="Present",="1/28/2025",="NUR120-A",
="800001532",="Present",="2/4/2025",="NUR120-A",
="800001532",="Absent",="2/11/2025",="NUR120-A",
="800001532",="Present",="2/18/2025",="NUR120-A",
="800001532",="Present",="3/11/2025",="NUR120-A",
="800001532",="Present",="3/18/2025",="NUR120-A",
="800001532",="Present",="3/25/2025",="NUR120-A",
="800001532",="Present",="4/1/2025",="NUR120-A",
="800001532",="Present",="4/8/2025",="NUR120-A",
="800001532",="Present",="1/12/2025",="NUT100 -OL",
="800001532",="Present",="1/19/2025",="NUT100 -OL",
="800001532",="Present",="1/26/2025",="NUT100 -OL",
="800001532",="Present",="2/2/2025",="NUT100 -OL",
="800001532",="Present",="2/9/2025",="NUT100 -OL",
="800001532",="Present",="2/16/2025",="NUT100 -OL",
="800001532",="Absent",="2/23/2025",="NUT100 -OL",
="800001532",="Present",="3/2/2025",="NUT100 -OL",
="800001532",="Present",="3/9/2025",="NUT100 -OL",
="800001532",="Present",="3/16/2025",="NUT100 -OL",
="800001532",="Present",="3/23/2025",="NUT100 -OL",
="800001532",="Present",="3/30/2025",="NUT100 -OL",
="800001532",="Present",="4/6/2025",="NUT100 -OL",
="800001532",="Absent",="4/13/2025",="NUT100 -OL",
="800001532",="Present",="1/7/2025",="NUR125-A",
="800001532",="Present",="1/14/2025",="NUR125-A",
="800001532",="Present",="1/21/2025",="NUR125-A",
="800001532",="Present",="1/28/2025",="NUR125-A",
="800001532",="Present",="2/4/2025",="NUR125-A",
="800001532",="Present",="2/11/2025",="NUR125-A",
="800001532",="Present",="2/18/2025",="NUR125-A",
="800001532",="Present",="3/11/2025",="NUR125-A",
="800001532",="Present",="3/18/2025",="NUR125-A",
="800001532",="Present",="3/25/2025",="NUR125-A",
="800001532",="Present",="4/1/2025",="NUR125-A",
="800001532",="Present",="4/8/2025",="NUR125-A",
="800001410",="Present",="1/15/2025",="NUR150 -A",
="800001410",="Present",="1/22/2025",="NUR150 -A",
="800001410",="Present",="1/29/2025",="NUR150 -A",
="800001410",="Present",="2/5/2025",="NUR150 -A",
="800001410",="Present",="2/12/2025",="NUR150 -A",
="800001410",="Present",="2/19/2025",="NUR150 -A",
="800001410",="Present",="3/12/2025",="NUR150 -A",
="800001410",="Present",="3/19/2025",="NUR150 -A",
="800001410",="Absent",="3/26/2025",="NUR150 -A",
="800001410",="Present",="4/2/2025",="NUR150 -A",
="800001410",="No class",="2/27/2025",="NUR145-L-A",
="800001410",="Present",="3/6/2025",="NUR145-L-A",
="800001410",="Present",="2/26/2025",="NUR145-S-A2",
="800001410",="Present",="3/5/2025",="NUR145-S-A2",
="800001410",="Present",="2/27/2025",="NUR150 -L-A1",
="800001410",="Present",="3/5/2025",="NUR150 -L-A1",
="800001410",="Present",="3/6/2025",="NUR150 -L-A1",
="800001410",="Present",="1/23/2025",="NUR140-A",
="800001410",="Present",="1/30/2025",="NUR140-A",
="800001410",="Present",="2/6/2025",="NUR140-A",
="800001410",="Present",="2/13/2025",="NUR140-A",
="800001410",="Absent",="2/20/2025",="NUR140-A",
="800001410",="Present",="3/13/2025",="NUR140-A",
="800001410",="Present",="3/27/2025",="NUR140-A",
="800001410",="Present",="4/3/2025",="NUR140-A",
="800001410",="Present",="1/16/2025",="NUR145 - A",
="800001410",="Present",="1/23/2025",="NUR145 - A",
="800001410",="Present",="1/30/2025",="NUR145 - A",
="800001410",="Present",="2/6/2025",="NUR145 - A",
="800001410",="Present",="2/13/2025",="NUR145 - A",
="800001410",="Present",="2/20/2025",="NUR145 - A",
="800001410",="Present",="3/13/2025",="NUR145 - A",
="800001410",="Present",="3/20/2025",="NUR145 - A",
="800001410",="Present",="3/27/2025",="NUR145 - A",
="800001410",="Present",="4/3/2025",="NUR145 - A",
="800001410",="Present",="4/10/2025",="NUR145 - A",
="800000550",="Present",="3/31/2025",="NUR255-C-P1",
="800000550",="Present",="1/16/2025",="NUR255 -P",
="800000550",="Present",="1/23/2025",="NUR255 -P",
="800000550",="Present",="1/30/2025",="NUR255 -P",
="800000550",="Present",="2/6/2025",="NUR255 -P",
="800000550",="Present",="2/13/2025",="NUR255 -P",
="800000550",="Present",="2/20/2025",="NUR255 -P",
="800000550",="Present",="2/27/2025",="NUR255 -P",
="800000550",="Present",="3/6/2025",="NUR255 -P",
="800000550",="No class",="3/13/2025",="NUR255 -P",
="800000550",="Present",="1/8/2025",="NUR270-P",
="800000550",="Present",="1/15/2025",="NUR270-P",
="800000550",="Present",="1/22/2025",="NUR270-P",
="800000550",="Present",="1/29/2025",="NUR270-P",
="800000550",="Present",="2/5/2025",="NUR270-P",
="800000550",="Present",="2/12/2025",="NUR270-P",
="800000550",="Present",="2/19/2025",="NUR270-P",
="800000550",="Present",="3/12/2025",="NUR270-P",
="800000550",="Present",="3/19/2025",="NUR270-P",
="800000550",="Present",="3/26/2025",="NUR270-P",
="800000550",="Present",="4/2/2025",="NUR270-P",
="800000550",="Present",="4/9/2025",="NUR270-P",
="800000550",="Present",="4/16/2025",="NUR270-P",
="800000608",="Absent",="1/8/2025",="NUR270-P",
="800000608",="Present",="1/15/2025",="NUR270-P",
="800000608",="Present",="1/22/2025",="NUR270-P",
="800000608",="Present",="1/29/2025",="NUR270-P",
="800000608",="Present",="2/5/2025",="NUR270-P",
="800000608",="Present",="2/12/2025",="NUR270-P",
="800000608",="Present",="2/19/2025",="NUR270-P",
="800000608",="Present",="3/12/2025",="NUR270-P",
="800000608",="Present",="3/19/2025",="NUR270-P",
="800000608",="Present",="3/26/2025",="NUR270-P",
="800000608",="Present",="4/2/2025",="NUR270-P",
="800000608",="Present",="4/9/2025",="NUR270-P",
="800000608",="Present",="4/16/2025",="NUR270-P",
="800000608",="Present",="3/1/2025",="NUR255-C-P1",
="800000608",="Present",="3/31/2025",="NUR255-C-P1",
="800000608",="Present",="1/16/2025",="NUR255 -P",
="800000608",="Present",="1/23/2025",="NUR255 -P",
="800000608",="Present",="1/30/2025",="NUR255 -P",
="800000608",="Present",="2/6/2025",="NUR255 -P",
="800000608",="Present",="2/13/2025",="NUR255 -P",
="800000608",="Present",="2/20/2025",="NUR255 -P",
="800000608",="Present",="2/27/2025",="NUR255 -P",
="800000608",="Present",="3/6/2025",="NUR255 -P",
="800000608",="No class",="3/13/2025",="NUR255 -P",
="800000722",="Present",="4/14/2025",="NUR225-C-P1",
="800000722",="Present",="4/21/2025",="NUR225-C-P1",
="800000722",="Present",="4/25/2025",="NUR225-C-P1",
="800000722",="Present",="1/16/2025",="NUR225-P",
="800000722",="Present",="1/23/2025",="NUR225-P",
="800000722",="Present",="2/6/2025",="NUR225-P",
="800000722",="Present",="2/13/2025",="NUR225-P",
="800000722",="Present",="2/20/2025",="NUR225-P",
="800000722",="Present",="3/13/2025",="NUR225-P",
="800000722",="Present",="3/20/2025",="NUR225-P",
="800000722",="Present",="3/27/2025",="NUR225-P",
="800000722",="Present",="1/6/2025",="PHARM205 P_B",
="800000722",="Present",="1/13/2025",="PHARM205 P_B",
="800000722",="Present",="1/27/2025",="PHARM205 P_B",
="800000722",="Present",="2/3/2025",="PHARM205 P_B",
="800000722",="Present",="2/10/2025",="PHARM205 P_B",
="800000722",="Present",="2/17/2025",="PHARM205 P_B",
="800000722",="Present",="3/3/2025",="PHARM205 P_B",
="800000722",="Present",="3/10/2025",="PHARM205 P_B",
="800000722",="Present",="3/17/2025",="PHARM205 P_B",
="800000722",="Present",="3/24/2025",="PHARM205 P_B",
="800000722",="Present",="3/31/2025",="PHARM205 P_B",
="800000722",="Present",="4/7/2025",="PHARM205 P_B",
="800000722",="Present",="1/9/2025",="SCI310A",
="800000722",="Present",="1/16/2025",="SCI310A",
="800000722",="Present",="1/23/2025",="SCI310A",
="800000722",="Present",="1/30/2025",="SCI310A",
="800000722",="Present",="2/6/2025",="SCI310A",
="800000722",="Present",="2/13/2025",="SCI310A",
="800000722",="Present",="2/20/2025",="SCI310A",
="800000722",="Present",="2/27/2025",="SCI310A",
="800000722",="Present",="3/6/2025",="SCI310A",
="800000722",="Present",="3/13/2025",="SCI310A",
="800000722",="Present",="3/20/2025",="SCI310A",
="800000722",="Present",="3/27/2025",="SCI310A",
="800000722",="Present",="4/3/2025",="SCI310A",
="800000722",="Present",="4/10/2025",="SCI310A",
="800000722",="Present",="1/7/2025",="NUR245 - P",
="800000722",="Present",="1/14/2025",="NUR245 - P",
="800000722",="Present",="1/21/2025",="NUR245 - P",
="800000722",="Present",="1/28/2025",="NUR245 - P",
="800000722",="Present",="2/4/2025",="NUR245 - P",
="800000722",="Present",="2/11/2025",="NUR245 - P",
="800000722",="Present",="2/18/2025",="NUR245 - P",
="800000722",="Present",="3/11/2025",="NUR245 - P",
="800000722",="Present",="3/18/2025",="NUR245 - P",
="800000722",="Present",="3/25/2025",="NUR245 - P",
="800000722",="Present",="4/1/2025",="NUR245 - P",
="800000722",="Present",="4/8/2025",="NUR245 - P",
="800000722",="Present",="2/25/2025",="NUR245-C-P1",
="800000722",="Present",="3/4/2025",="NUR245-C-P1",
="800001408",="Present",="1/16/2025",="NUR145 - A",
="800001408",="Present",="1/23/2025",="NUR145 - A",
="800001408",="Present",="1/30/2025",="NUR145 - A",
="800001408",="Present",="2/6/2025",="NUR145 - A",
="800001408",="Present",="2/13/2025",="NUR145 - A",
="800001408",="Present",="2/20/2025",="NUR145 - A",
="800001408",="Present",="3/13/2025",="NUR145 - A",
="800001408",="Present",="3/20/2025",="NUR145 - A",
="800001408",="Present",="3/27/2025",="NUR145 - A",
="800001408",="Present",="4/3/2025",="NUR145 - A",
="800001408",="Present",="4/10/2025",="NUR145 - A",
="800001408",="Present",="2/27/2025",="NUR150 -L-A1",
="800001408",="Present",="3/5/2025",="NUR150 -L-A1",
="800001408",="Present",="3/6/2025",="NUR150 -L-A1",
="800001408",="Present",="1/15/2025",="NUR150 -A",
="800001408",="Present",="1/22/2025",="NUR150 -A",
="800001408",="Present",="1/29/2025",="NUR150 -A",
="800001408",="Present",="2/5/2025",="NUR150 -A",
="800001408",="Present",="2/12/2025",="NUR150 -A",
="800001408",="Present",="2/19/2025",="NUR150 -A",
="800001408",="Absent excused",="3/12/2025",="NUR150 -A",
="800001408",="Present",="3/19/2025",="NUR150 -A",
="800001408",="Present",="3/26/2025",="NUR150 -A",
="800001408",="Present",="4/2/2025",="NUR150 -A",
="800001408",="Present",="1/8/2025",="NUR155-P",
="800001408",="Present",="1/15/2025",="NUR155-P",
="800001408",="Present",="1/22/2025",="NUR155-P",
="800001408",="Present",="1/29/2025",="NUR155-P",
="800001408",="Present",="2/5/2025",="NUR155-P",
="800001408",="Present",="2/12/2025",="NUR155-P",
="800001408",="Present",="2/19/2025",="NUR155-P",
="800001408",="Present",="2/26/2025",="NUR155-P",
="800001408",="Present",="3/5/2025",="NUR155-P",
="800001408",="Present",="3/12/2025",="NUR155-P",
="800001408",="Present",="3/19/2025",="NUR155-P",
="800001408",="Present",="3/26/2025",="NUR155-P",
="800001408",="Present",="4/2/2025",="NUR155-P",
="800001408",="Present",="4/9/2025",="NUR155-P",
="800001408",="Present",="4/16/2025",="NUR155-P",
="800001408",="Present",="4/19/2025",="NUR140-C-A1",
="800001408",="No class",="2/27/2025",="NUR145-L-A",
="800001408",="Present",="3/6/2025",="NUR145-L-A",
="800001408",="Present",="1/23/2025",="NUR140-A",
="800001408",="Present",="1/30/2025",="NUR140-A",
="800001408",="Present",="2/6/2025",="NUR140-A",
="800001408",="Present",="2/13/2025",="NUR140-A",
="800001408",="Present",="2/20/2025",="NUR140-A",
="800001408",="Tardy/Late excused",="3/13/2025",="NUR140-A",
="800001408",="Present",="3/27/2025",="NUR140-A",
="800001408",="Present",="4/3/2025",="NUR140-A",
="800001502",="Present",="1/12/2025",="ENG102 - OL",
="800001502",="Present",="1/19/2025",="ENG102 - OL",
="800001502",="Present",="1/26/2025",="ENG102 - OL",
="800001502",="Present",="2/2/2025",="ENG102 - OL",
="800001502",="Present",="2/9/2025",="ENG102 - OL",
="800001502",="Present",="2/16/2025",="ENG102 - OL",
="800001502",="Present",="2/23/2025",="ENG102 - OL",
="800001502",="Present",="3/2/2025",="ENG102 - OL",
="800001502",="Present",="3/9/2025",="ENG102 - OL",
="800001502",="Present",="3/16/2025",="ENG102 - OL",
="800001502",="Present",="3/23/2025",="ENG102 - OL",
="800001502",="Present",="4/6/2025",="ENG102 - OL",
="800001502",="Present",="1/6/2025",="NUR100 -A",
="800001502",="Present",="1/13/2025",="NUR100 -A",
="800001502",="Present",="1/14/2025",="NUR100 -A",
="800001502",="Present",="1/27/2025",="NUR100 -A",
="800001502",="Present",="2/3/2025",="NUR100 -A",
="800001502",="Present",="2/10/2025",="NUR100 -A",
="800001502",="Present",="2/17/2025",="NUR100 -A",
="800001502",="Present",="3/10/2025",="NUR100 -A",
="800001502",="Present",="3/11/2025",="NUR100 -A",
="800001502",="Present",="3/17/2025",="NUR100 -A",
="800001502",="Present",="3/24/2025",="NUR100 -A",
="800001502",="Present",="3/31/2025",="NUR100 -A",
="800001502",="Present",="4/7/2025",="NUR100 -A",
="800001502",="Present",="4/14/2025",="NUR100 -A",
="800001502",="Present",="1/7/2025",="NUR100-L-A1",
="800001502",="Present",="1/14/2025",="NUR100-L-A1",
="800001502",="Present",="1/21/2025",="NUR100-L-A1",
="800001502",="Present",="2/4/2025",="NUR100-L-A1",
="800001502",="Present",="2/11/2025",="NUR100-L-A1",
="800001502",="Present",="2/18/2025",="NUR100-L-A1",
="800001502",="Present",="2/24/2025",="NUR100-L-A1",
="800001502",="Present",="2/25/2025",="NUR100-L-A1",
="800001502",="Present",="3/4/2025",="NUR100-L-A1",
="800001502",="Present",="3/18/2025",="NUR100-L-A1",
="800001502",="Present",="3/25/2025",="NUR100-L-A1",
="800001502",="Present",="4/1/2025",="NUR100-L-A1",
="800001502",="Present",="4/8/2025",="NUR100-L-A1",
="800001502",="Present",="4/14/2025",="NUR100-L-A1",
="800001502",="Present",="4/18/2025",="NUR100-L-A1",
="800001502",="Present",="4/21/2025",="NUR100-L-A1",
="800001502",="Present",="4/22/2025",="NUR100-L-A1",
="800001502",="Present",="3/1/2025",="NUR100-C-A1",
="800001502",="Present",="4/19/2025",="NUR100-C-A1",
="800001142",="Present",="1/9/2025",="NUR205 -P",
="800001142",="Present",="1/16/2025",="NUR205 -P",
="800001142",="Present",="1/23/2025",="NUR205 -P",
="800001142",="Present",="1/30/2025",="NUR205 -P",
="800001142",="Present",="2/6/2025",="NUR205 -P",
="800001142",="Present",="2/13/2025",="NUR205 -P",
="800001142",="Present",="2/20/2025",="NUR205 -P",
="800001142",="Present",="3/13/2025",="NUR205 -P",
="800001142",="Present",="3/20/2025",="NUR205 -P",
="800001142",="Present",="3/27/2025",="NUR205 -P",
="800001142",="Present",="1/12/2025",="ENG102 - OL",
="800001142",="Present",="1/19/2025",="ENG102 - OL",
="800001142",="Present",="1/26/2025",="ENG102 - OL",
="800001142",="Present",="2/2/2025",="ENG102 - OL",
="800001142",="Present",="2/9/2025",="ENG102 - OL",
="800001142",="Present",="2/16/2025",="ENG102 - OL",
="800001142",="Present",="2/23/2025",="ENG102 - OL",
="800001142",="Present",="3/2/2025",="ENG102 - OL",
="800001142",="Present",="3/9/2025",="ENG102 - OL",
="800001142",="Present",="3/16/2025",="ENG102 - OL",
="800001142",="Present",="3/23/2025",="ENG102 - OL",
="800001142",="Present",="4/6/2025",="ENG102 - OL",
="800001142",="Present",="1/6/2025",="PHARM225-P_ A",
="800001142",="Present",="1/13/2025",="PHARM225-P_ A",
="800001142",="Present",="1/27/2025",="PHARM225-P_ A",
="800001142",="Present",="2/3/2025",="PHARM225-P_ A",
="800001142",="Present",="2/10/2025",="PHARM225-P_ A",
="800001142",="Present",="2/17/2025",="PHARM225-P_ A",
="800001142",="Present",="3/3/2025",="PHARM225-P_ A",
="800001142",="Present",="3/10/2025",="PHARM225-P_ A",
="800001142",="Tardy/Late",="3/17/2025",="PHARM225-P_ A",
="800001142",="Present",="3/24/2025",="PHARM225-P_ A",
="800001142",="Absent",="3/31/2025",="PHARM225-P_ A",
="800001142",="Tardy/Late",="4/7/2025",="PHARM225-P_ A",
="800001142",="Absent",="1/8/2025",="AP209 -A",
="800001142",="Present",="1/15/2025",="AP209 -A",
="800001142",="Present",="1/22/2025",="AP209 -A",
="800001142",="Present",="1/29/2025",="AP209 -A",
="800001142",="Present",="2/5/2025",="AP209 -A",
="800001142",="Present",="2/12/2025",="AP209 -A",
="800001142",="Present",="2/19/2025",="AP209 -A",
="800001142",="Present",="2/26/2025",="AP209 -A",
="800001142",="Present",="3/5/2025",="AP209 -A",
="800001142",="Present",="3/12/2025",="AP209 -A",
="800001142",="Present",="3/19/2025",="AP209 -A",
="800001142",="Absent",="3/26/2025",="AP209 -A",
="800001142",="Present",="4/2/2025",="AP209 -A",
="800001142",="Present",="4/9/2025",="AP209 -A",
="800001142",="Present",="4/16/2025",="AP209 -A",
="800001142",="Present",="1/16/2025",="NUR205-L-P1",
="800001142",="Present",="1/30/2025",="NUR205-L-P1",
="800001142",="Absent",="2/6/2025",="NUR205-L-P1",
="800001142",="Present",="2/13/2025",="NUR205-L-P1",
="800001142",="Present",="2/20/2025",="NUR205-L-P1",
="800001142",="Absent",="3/13/2025",="NUR205-L-P1",
="800001142",="Present",="3/27/2025",="NUR205-L-P1",
="800001142",="Present",="4/3/2025",="NUR205-L-P1",
="800001360",="Present",="1/7/2025",="NUR125-A",
="800001360",="Present",="1/14/2025",="NUR125-A",
="800001360",="Present",="1/21/2025",="NUR125-A",
="800001360",="Present",="1/28/2025",="NUR125-A",
="800001360",="Present",="2/4/2025",="NUR125-A",
="800001360",="Present",="2/11/2025",="NUR125-A",
="800001360",="Present",="2/18/2025",="NUR125-A",
="800001360",="Present",="3/11/2025",="NUR125-A",
="800001360",="Present",="3/18/2025",="NUR125-A",
="800001360",="Present",="3/25/2025",="NUR125-A",
="800001360",="Present",="4/1/2025",="NUR125-A",
="800001360",="Present",="4/8/2025",="NUR125-A",
="800001360",="Present",="1/14/2025",="NUR125-L-A1",
="800001360",="Present",="1/21/2025",="NUR125-L-A1",
="800001360",="Present",="1/28/2025",="NUR125-L-A1",
="800001360",="Present",="2/4/2025",="NUR125-L-A1",
="800001360",="Present",="2/11/2025",="NUR125-L-A1",
="800001360",="Present",="2/18/2025",="NUR125-L-A1",
="800001360",="No class",="2/20/2025",="NUR125-L-A1",
="800001360",="Present",="2/25/2025",="NUR125-L-A1",
="800001360",="No class",="2/27/2025",="NUR125-L-A1",
="800001360",="Absent",="3/11/2025",="NUR125-L-A1",
="800001360",="Present",="3/18/2025",="NUR125-L-A1",
="800001360",="Present",="3/25/2025",="NUR125-L-A1",
="800001360",="Present",="4/1/2025",="NUR125-L-A1",
="800001360",="Present",="4/8/2025",="NUR125-L-A1",
="800001530",="Present",="1/16/2025",="NUR125-L-P1",
="800001530",="Present",="1/23/2025",="NUR125-L-P1",
="800001530",="Present",="1/30/2025",="NUR125-L-P1",
="800001530",="Present",="2/6/2025",="NUR125-L-P1",
="800001530",="Present",="2/13/2025",="NUR125-L-P1",
="800001530",="Present",="2/20/2025",="NUR125-L-P1",
="800001530",="No class",="2/24/2025",="NUR125-L-P1",
="800001530",="Present",="2/27/2025",="NUR125-L-P1",
="800001530",="No class",="2/28/2025",="NUR125-L-P1",
="800001530",="Present",="3/13/2025",="NUR125-L-P1",
="800001530",="Present",="3/27/2025",="NUR125-L-P1",
="800001530",="Present",="1/7/2025",="NUR120 -P",
="800001530",="Present",="1/14/2025",="NUR120 -P",
="800001530",="Present",="1/21/2025",="NUR120 -P",
="800001530",="Present",="1/28/2025",="NUR120 -P",
="800001530",="Present",="2/4/2025",="NUR120 -P",
="800001530",="Present",="2/11/2025",="NUR120 -P",
="800001530",="Present",="2/18/2025",="NUR120 -P",
="800001530",="Present",="3/11/2025",="NUR120 -P",
="800001530",="Present",="3/18/2025",="NUR120 -P",
="800001530",="Present",="3/25/2025",="NUR120 -P",
="800001530",="Present",="4/1/2025",="NUR120 -P",
="800001530",="Present",="4/8/2025",="NUR120 -P",
="800001530",="Present",="1/9/2025",="NUR125-P",
="800001530",="Present",="1/16/2025",="NUR125-P",
="800001530",="Present",="1/23/2025",="NUR125-P",
="800001530",="Present",="1/30/2025",="NUR125-P",
="800001530",="Present",="2/6/2025",="NUR125-P",
="800001530",="Present",="2/13/2025",="NUR125-P",
="800001530",="Present",="2/20/2025",="NUR125-P",
="800001530",="Present",="3/13/2025",="NUR125-P",
="800001530",="Present",="3/27/2025",="NUR125-P",
="800001530",="Present",="4/3/2025",="NUR125-P",
="800001530",="Present",="1/31/2025",="NUR120-L-P1",
="800001530",="Present",="2/7/2025",="NUR120-L-P1",
="800001530",="No class",="2/19/2025",="NUR120-L-P1",
="800001530",="Present",="2/21/2025",="NUR120-L-P1",
="800001530",="No class",="2/24/2025",="NUR120-L-P1",
="800001530",="No class",="2/25/2025",="NUR120-L-P1",
="800001530",="No class",="2/27/2025",="NUR120-L-P1",
="800001530",="No class",="2/28/2025",="NUR120-L-P1",
="800001530",="No class",="3/5/2025",="NUR120-L-P1",
="800001530",="No class",="3/6/2025",="NUR120-L-P1",
="800001530",="Present",="3/14/2025",="NUR120-L-P1",
="800001539",="Present",="1/6/2025",="PHARM225-P_ A",
="800001539",="Present",="1/13/2025",="PHARM225-P_ A",
="800001539",="Present",="1/27/2025",="PHARM225-P_ A",
="800001539",="Present",="2/3/2025",="PHARM225-P_ A",
="800001539",="Present",="2/10/2025",="PHARM225-P_ A",
="800001539",="Present",="2/17/2025",="PHARM225-P_ A",
="800001539",="Present",="3/3/2025",="PHARM225-P_ A",
="800001539",="Present",="3/10/2025",="PHARM225-P_ A",
="800001539",="Present",="3/17/2025",="PHARM225-P_ A",
="800001539",="Present",="3/24/2025",="PHARM225-P_ A",
="800001539",="Present",="3/31/2025",="PHARM225-P_ A",
="800001539",="Absent",="4/7/2025",="PHARM225-P_ A",
="800001539",="Present",="1/12/2025",="PSY101 -OL",
="800001539",="Present",="1/19/2025",="PSY101 -OL",
="800001539",="Present",="1/26/2025",="PSY101 -OL",
="800001539",="Present",="2/2/2025",="PSY101 -OL",
="800001539",="Present",="2/9/2025",="PSY101 -OL",
="800001539",="Present",="2/16/2025",="PSY101 -OL",
="800001539",="Present",="2/23/2025",="PSY101 -OL",
="800001539",="Present",="3/2/2025",="PSY101 -OL",
="800001539",="Present",="3/9/2025",="PSY101 -OL",
="800001539",="Present",="3/16/2025",="PSY101 -OL",
="800001539",="Present",="3/23/2025",="PSY101 -OL",
="800001539",="Present",="3/30/2025",="PSY101 -OL",
="800001539",="Present",="4/6/2025",="PSY101 -OL",
="800001539",="Present",="4/13/2025",="PSY101 -OL",
="800001420",="Present",="1/12/2025",="NUT100 -OL",
="800001420",="Present",="1/19/2025",="NUT100 -OL",
="800001420",="Present",="1/26/2025",="NUT100 -OL",
="800001420",="Present",="2/2/2025",="NUT100 -OL",
="800001420",="Absent",="2/9/2025",="NUT100 -OL",
="800001420",="Present",="2/16/2025",="NUT100 -OL",
="800001420",="Present",="2/23/2025",="NUT100 -OL",
="800001420",="Absent",="3/2/2025",="NUT100 -OL",
="800001420",="Present",="3/9/2025",="NUT100 -OL",
="800001420",="Absent",="3/16/2025",="NUT100 -OL",
="800001420",="Absent",="3/23/2025",="NUT100 -OL",
="800001420",="Absent",="3/30/2025",="NUT100 -OL",
="800001420",="Present",="4/6/2025",="NUT100 -OL",
="800001420",="Present",="4/13/2025",="NUT100 -OL",
="800001324",="Present",="1/12/2025",="SOC101 -OL",
="800001324",="Present",="1/19/2025",="SOC101 -OL",
="800001324",="Present",="1/26/2025",="SOC101 -OL",
="800001324",="Present",="2/2/2025",="SOC101 -OL",
="800001324",="Present",="2/9/2025",="SOC101 -OL",
="800001324",="Present",="2/16/2025",="SOC101 -OL",
="800001324",="Present",="2/23/2025",="SOC101 -OL",
="800001324",="Present",="3/2/2025",="SOC101 -OL",
="800001324",="Present",="3/9/2025",="SOC101 -OL",
="800001324",="Present",="3/16/2025",="SOC101 -OL",
="800001324",="Present",="3/23/2025",="SOC101 -OL",
="800001324",="Present",="3/30/2025",="SOC101 -OL",
="800001324",="Present",="4/6/2025",="SOC101 -OL",
="800001324",="Present",="4/13/2025",="SOC101 -OL",
="800001324",="Present",="4/20/2025",="SOC101 -OL",
="800000879",="Present",="2/11/2025",="NUR216-L-P1",
="800000879",="Present",="3/11/2025",="NUR216-L-P1",
="800000879",="Present",="3/25/2025",="NUR216-L-P1",
="800000879",="Present",="1/9/2025",="NUR205 -P",
="800000879",="Present",="1/16/2025",="NUR205 -P",
="800000879",="Present",="1/23/2025",="NUR205 -P",
="800000879",="Present",="1/30/2025",="NUR205 -P",
="800000879",="Present",="2/6/2025",="NUR205 -P",
="800000879",="Present",="2/13/2025",="NUR205 -P",
="800000879",="Present",="2/20/2025",="NUR205 -P",
="800000879",="Present",="3/13/2025",="NUR205 -P",
="800000879",="Present",="3/20/2025",="NUR205 -P",
="800000879",="Present",="3/27/2025",="NUR205 -P",
="800000879",="Present",="1/7/2025",="NUR216 -P",
="800000879",="Present",="1/14/2025",="NUR216 -P",
="800000879",="Present",="1/21/2025",="NUR216 -P",
="800000879",="Present",="1/28/2025",="NUR216 -P",
="800000879",="Present",="2/4/2025",="NUR216 -P",
="800000879",="Present",="2/11/2025",="NUR216 -P",
="800000879",="Present",="2/18/2025",="NUR216 -P",
="800000879",="Present",="3/11/2025",="NUR216 -P",
="800000879",="Present",="3/25/2025",="NUR216 -P",
="800000879",="Present",="4/1/2025",="NUR216 -P",
="800000879",="Present",="4/8/2025",="NUR216 -P",
="800000879",="Present",="1/16/2025",="NUR205-L-P1",
="800000879",="Present",="1/30/2025",="NUR205-L-P1",
="800000879",="Present",="2/6/2025",="NUR205-L-P1",
="800000879",="Present",="2/13/2025",="NUR205-L-P1",
="800000879",="Present",="2/20/2025",="NUR205-L-P1",
="800000879",="Present",="3/13/2025",="NUR205-L-P1",
="800000879",="Present",="3/27/2025",="NUR205-L-P1",
="800000879",="Absent",="4/3/2025",="NUR205-L-P1",
="800000879",="Present",="1/6/2025",="PHARM225-P_ A",
="800000879",="Present",="1/13/2025",="PHARM225-P_ A",
="800000879",="Present",="1/27/2025",="PHARM225-P_ A",
="800000879",="Present",="2/3/2025",="PHARM225-P_ A",
="800000879",="Present",="2/10/2025",="PHARM225-P_ A",
="800000879",="Present",="2/17/2025",="PHARM225-P_ A",
="800000879",="Present",="3/3/2025",="PHARM225-P_ A",
="800000879",="Present",="3/10/2025",="PHARM225-P_ A",
="800000879",="Present",="3/17/2025",="PHARM225-P_ A",
="800000879",="Present",="3/24/2025",="PHARM225-P_ A",
="800000879",="Present",="3/31/2025",="PHARM225-P_ A",
="800000879",="Present",="4/7/2025",="PHARM225-P_ A",
="800000879",="Present",="4/21/2025",="NUR216-C-P1",
="800001351",="No class",="2/27/2025",="NUR145-L-A",
="800001351",="Present",="3/6/2025",="NUR145-L-A",
="800001351",="Present",="1/8/2025",="PHARM130-P",
="800001351",="Present",="1/15/2025",="PHARM130-P",
="800001351",="Present",="1/22/2025",="PHARM130-P",
="800001351",="Present",="1/29/2025",="PHARM130-P",
="800001351",="Present",="2/5/2025",="PHARM130-P",
="800001351",="Present",="2/12/2025",="PHARM130-P",
="800001351",="Present",="2/19/2025",="PHARM130-P",
="800001351",="No class",="2/26/2025",="PHARM130-P",
="800001351",="No class",="3/5/2025",="PHARM130-P",
="800001351",="Present",="3/12/2025",="PHARM130-P",
="800001351",="Present",="3/19/2025",="PHARM130-P",
="800001351",="Present",="3/26/2025",="PHARM130-P",
="800001351",="Present",="4/2/2025",="PHARM130-P",
="800001351",="Present",="4/9/2025",="PHARM130-P",
="800001351",="Present",="4/16/2025",="PHARM130-P",
="800001351",="Present",="1/16/2025",="NUR145 - A",
="800001351",="Present",="1/23/2025",="NUR145 - A",
="800001351",="Present",="1/30/2025",="NUR145 - A",
="800001351",="Present",="2/6/2025",="NUR145 - A",
="800001351",="Present",="2/13/2025",="NUR145 - A",
="800001351",="Present",="2/20/2025",="NUR145 - A",
="800001351",="Present",="3/13/2025",="NUR145 - A",
="800001351",="Present",="3/20/2025",="NUR145 - A",
="800001351",="Present",="3/27/2025",="NUR145 - A",
="800001351",="Present",="4/3/2025",="NUR145 - A",
="800001351",="Present",="4/10/2025",="NUR145 - A",
="800001351",="Present",="2/26/2025",="NUR145-S-A1",
="800001351",="Present",="3/5/2025",="NUR145-S-A1",
="800001351",="Present",="1/23/2025",="NUR140-A",
="800001351",="Present",="1/30/2025",="NUR140-A",
="800001351",="Present",="2/6/2025",="NUR140-A",
="800001351",="Present",="2/13/2025",="NUR140-A",
="800001351",="Present",="2/20/2025",="NUR140-A",
="800001351",="Present",="3/13/2025",="NUR140-A",
="800001351",="Present",="3/27/2025",="NUR140-A",
="800001351",="Present",="4/3/2025",="NUR140-A",
="800001100",="Present",="1/8/2025",="NUR155-P",
="800001100",="Present",="1/15/2025",="NUR155-P",
="800001100",="Present",="1/22/2025",="NUR155-P",
="800001100",="Present",="1/29/2025",="NUR155-P",
="800001100",="Present",="2/5/2025",="NUR155-P",
="800001100",="Present",="2/12/2025",="NUR155-P",
="800001100",="Present",="2/19/2025",="NUR155-P",
="800001100",="Present",="2/26/2025",="NUR155-P",
="800001100",="Present",="3/5/2025",="NUR155-P",
="800001100",="Present",="3/12/2025",="NUR155-P",
="800001100",="Present",="3/19/2025",="NUR155-P",
="800001100",="Present",="3/26/2025",="NUR155-P",
="800001100",="Present",="4/2/2025",="NUR155-P",
="800001100",="Present",="4/9/2025",="NUR155-P",
="800001100",="Present",="4/16/2025",="NUR155-P",
="800001466",="Present",="1/9/2025",="NUR217-P",
="800001466",="Present",="1/16/2025",="NUR217-P",
="800001466",="Present",="1/23/2025",="NUR217-P",
="800001466",="Present",="1/30/2025",="NUR217-P",
="800001466",="Present",="2/6/2025",="NUR217-P",
="800001466",="Present",="2/13/2025",="NUR217-P",
="800001466",="Absent",="2/20/2025",="NUR217-P",
="800001466",="Absent",="3/13/2025",="NUR217-P",
="800001466",="Present",="1/6/2025",="PHARM205-P_A",
="800001466",="Present",="1/13/2025",="PHARM205-P_A",
="800001466",="Present",="1/27/2025",="PHARM205-P_A",
="800001466",="Present",="2/3/2025",="PHARM205-P_A",
="800001466",="Present",="2/10/2025",="PHARM205-P_A",
="800001466",="Present",="2/17/2025",="PHARM205-P_A",
="800001466",="Present",="3/3/2025",="PHARM205-P_A",
="800001466",="Absent",="3/10/2025",="PHARM205-P_A",
="800001466",="Tardy/Late",="3/17/2025",="PHARM205-P_A",
="800001466",="Present",="3/24/2025",="PHARM205-P_A",
="800001466",="Absent",="3/31/2025",="PHARM205-P_A",
="800001466",="Absent",="4/7/2025",="PHARM205-P_A",
="800001466",="Present",="1/12/2025",="PSY101 -OL",
="800001466",="Present",="1/19/2025",="PSY101 -OL",
="800001466",="Present",="1/26/2025",="PSY101 -OL",
="800001466",="Present",="2/2/2025",="PSY101 -OL",
="800001466",="Present",="2/9/2025",="PSY101 -OL",
="800001466",="Present",="2/16/2025",="PSY101 -OL",
="800001466",="Present",="2/23/2025",="PSY101 -OL",
="800001466",="Present",="3/2/2025",="PSY101 -OL",
="800001466",="Present",="3/9/2025",="PSY101 -OL",
="800001466",="Absent",="3/16/2025",="PSY101 -OL",
="800001466",="Present",="3/23/2025",="PSY101 -OL",
="800001466",="Absent",="3/30/2025",="PSY101 -OL",
="800001466",="Absent",="4/6/2025",="PSY101 -OL",
="800001466",="Present",="4/13/2025",="PSY101 -OL",
="800000942",="Present",="1/16/2025",="NUR145 - A",
="800000942",="Present",="1/23/2025",="NUR145 - A",
="800000942",="Present",="1/30/2025",="NUR145 - A",
="800000942",="Present",="2/6/2025",="NUR145 - A",
="800000942",="Present",="2/13/2025",="NUR145 - A",
="800000942",="Present",="2/20/2025",="NUR145 - A",
="800000942",="Present",="3/13/2025",="NUR145 - A",
="800000942",="Present",="3/20/2025",="NUR145 - A",
="800000942",="Present",="3/27/2025",="NUR145 - A",
="800000942",="Present",="4/3/2025",="NUR145 - A",
="800000942",="Present",="4/10/2025",="NUR145 - A",
="800000942",="No class",="2/27/2025",="NUR145-L-A",
="800000942",="Present",="3/6/2025",="NUR145-L-A",
="800000942",="Present",="1/8/2025",="NUR155-P",
="800000942",="Present",="1/15/2025",="NUR155-P",
="800000942",="Present",="1/22/2025",="NUR155-P",
="800000942",="Present",="1/29/2025",="NUR155-P",
="800000942",="Present",="2/5/2025",="NUR155-P",
="800000942",="Present",="2/12/2025",="NUR155-P",
="800000942",="Present",="2/19/2025",="NUR155-P",
="800000942",="Present",="2/26/2025",="NUR155-P",
="800000942",="Present",="3/5/2025",="NUR155-P",
="800000942",="Present",="3/12/2025",="NUR155-P",
="800000942",="Present",="3/19/2025",="NUR155-P",
="800000942",="Present",="3/26/2025",="NUR155-P",
="800000942",="Present",="4/2/2025",="NUR155-P",
="800000942",="Present",="4/9/2025",="NUR155-P",
="800000942",="Present",="4/16/2025",="NUR155-P",
="800001658",="Present",="1/16/2025",="NUR201-L-A",
="800001658",="Present",="1/23/2025",="NUR201-L-A",
="800001658",="Present",="1/30/2025",="NUR201-L-A",
="800001658",="Present",="2/6/2025",="NUR201-L-A",
="800001658",="Present",="2/13/2025",="NUR201-L-A",
="800001658",="Present",="2/20/2025",="NUR201-L-A",
="800001658",="Present",="2/27/2025",="NUR201-L-A",
="800001658",="Present",="3/6/2025",="NUR201-L-A",
="800001658",="Present",="1/9/2025",="NUR201-A",
="800001658",="Present",="1/16/2025",="NUR201-A",
="800001658",="Present",="1/23/2025",="NUR201-A",
="800001658",="Present",="1/30/2025",="NUR201-A",
="800001658",="Present",="2/6/2025",="NUR201-A",
="800001658",="Present",="2/13/2025",="NUR201-A",
="800001658",="Present",="2/20/2025",="NUR201-A",
="800001658",="Present",="3/13/2025",="NUR201-A",
="800001658",="Present",="3/26/2025",="NUR201-A",
="800001658",="Present",="3/27/2025",="NUR201-A",
="800001658",="Present",="1/8/2025",="ENG101 -A",
="800001658",="Present",="1/15/2025",="ENG101 -A",
="800001658",="Present",="1/22/2025",="ENG101 -A",
="800001658",="Present",="1/29/2025",="ENG101 -A",
="800001658",="Present",="2/5/2025",="ENG101 -A",
="800001658",="Tardy/Late",="2/12/2025",="ENG101 -A",
="800001658",="Present",="2/19/2025",="ENG101 -A",
="800001658",="Present",="2/26/2025",="ENG101 -A",
="800001658",="Present",="3/5/2025",="ENG101 -A",
="800001658",="Present",="3/12/2025",="ENG101 -A",
="800001658",="Present",="3/19/2025",="ENG101 -A",
="800001658",="Present",="3/26/2025",="ENG101 -A",
="800001658",="Present",="4/2/2025",="ENG101 -A",
="800001658",="No class",="4/9/2025",="ENG101 -A",
="800001658",="Present",="1/12/2025",="COL010 - OL I",
="800001658",="Present",="1/19/2025",="COL010 - OL I",
="800001658",="Present",="1/26/2025",="COL010 - OL I",
="800001658",="Present",="2/2/2025",="COL010 - OL I",
="800001658",="Present",="1/12/2025",="PSY101 -OL",
="800001658",="Present",="1/19/2025",="PSY101 -OL",
="800001658",="Present",="1/26/2025",="PSY101 -OL",
="800001658",="Present",="2/2/2025",="PSY101 -OL",
="800001658",="Present",="2/9/2025",="PSY101 -OL",
="800001658",="Present",="2/16/2025",="PSY101 -OL",
="800001658",="Present",="2/23/2025",="PSY101 -OL",
="800001658",="Present",="3/2/2025",="PSY101 -OL",
="800001658",="Present",="3/9/2025",="PSY101 -OL",
="800001658",="Present",="3/16/2025",="PSY101 -OL",
="800001658",="Present",="3/23/2025",="PSY101 -OL",
="800001658",="Present",="3/30/2025",="PSY101 -OL",
="800001658",="Present",="4/6/2025",="PSY101 -OL",
="800001198",="Present",="1/7/2025",="NUR125-A",
="800001198",="Present",="1/14/2025",="NUR125-A",
="800001198",="Present",="1/21/2025",="NUR125-A",
="800001198",="Present",="1/28/2025",="NUR125-A",
="800001198",="Present",="2/4/2025",="NUR125-A",
="800001198",="Present",="2/11/2025",="NUR125-A",
="800001198",="Present",="2/18/2025",="NUR125-A",
="800001198",="Present",="3/11/2025",="NUR125-A",
="800001198",="Present",="3/18/2025",="NUR125-A",
="800001198",="Present",="3/25/2025",="NUR125-A",
="800001198",="Present",="4/1/2025",="NUR125-A",
="800001198",="Present",="4/7/2025",="NUR125-A",
="800001198",="Absent",="4/8/2025",="NUR125-A",
="800001198",="Present",="1/14/2025",="NUR125-L-A1",
="800001198",="Present",="1/21/2025",="NUR125-L-A1",
="800001198",="Present",="1/28/2025",="NUR125-L-A1",
="800001198",="Present",="2/4/2025",="NUR125-L-A1",
="800001198",="Present",="2/11/2025",="NUR125-L-A1",
="800001198",="Present",="2/18/2025",="NUR125-L-A1",
="800001198",="No class",="2/20/2025",="NUR125-L-A1",
="800001198",="Present",="2/25/2025",="NUR125-L-A1",
="800001198",="Present",="2/27/2025",="NUR125-L-A1",
="800001198",="Present",="3/11/2025",="NUR125-L-A1",
="800001198",="Present",="3/18/2025",="NUR125-L-A1",
="800001198",="Present",="3/25/2025",="NUR125-L-A1",
="800001198",="Present",="4/1/2025",="NUR125-L-A1",
="800001198",="Absent",="4/8/2025",="NUR125-L-A1",
="800000785",="Present",="1/6/2025",="NUR135-A",
="800000785",="Present",="1/13/2025",="NUR135-A",
="800000785",="Present",="1/27/2025",="NUR135-A",
="800000785",="Absent",="2/3/2025",="NUR135-A",
="800000785",="Present",="2/10/2025",="NUR135-A",
="800000785",="Present",="2/17/2025",="NUR135-A",
="800000785",="Present",="3/10/2025",="NUR135-A",
="800000785",="Present",="3/17/2025",="NUR135-A",
="800000785",="Present",="3/24/2025",="NUR135-A",
="800000785",="Present",="3/31/2025",="NUR135-A",
="800000785",="Present",="4/7/2025",="NUR135-A",
="800000785",="No class",="2/24/2025",="NUR135-L-A1",
="800000785",="Present",="3/3/2025",="NUR135-L-A1",
="800000785",="No class",="2/19/2025",="NUR120-L-A1",
="800000785",="No class",="2/24/2025",="NUR120-L-A1",
="800000785",="Present",="2/28/2025",="NUR120-L-A1",
="800000785",="Present",="3/5/2025",="NUR120-L-A1",
="800000785",="Present",="1/7/2025",="NUR120-A",
="800000785",="Present",="1/14/2025",="NUR120-A",
="800000785",="Present",="1/21/2025",="NUR120-A",
="800000785",="Present",="1/28/2025",="NUR120-A",
="800000785",="Present",="2/4/2025",="NUR120-A",
="800000785",="Present",="2/11/2025",="NUR120-A",
="800000785",="Absent excused",="2/18/2025",="NUR120-A",
="800000785",="Present",="3/11/2025",="NUR120-A",
="800000785",="Absent",="3/18/2025",="NUR120-A",
="800000785",="Present",="3/25/2025",="NUR120-A",
="800000785",="Present",="4/1/2025",="NUR120-A",
="800000785",="Present",="4/8/2025",="NUR120-A",
="800000785",="Present",="2/25/2025",="NUR135-S-A1",
="800001268",="Present",="1/15/2025",="ENG101 -A",
="800001268",="Present",="1/22/2025",="ENG101 -A",
="800001268",="Present",="1/29/2025",="ENG101 -A",
="800001268",="Present",="2/5/2025",="ENG101 -A",
="800001268",="Tardy/Late",="2/12/2025",="ENG101 -A",
="800001268",="Present",="2/19/2025",="ENG101 -A",
="800001268",="Present",="2/26/2025",="ENG101 -A",
="800001268",="Present",="3/5/2025",="ENG101 -A",
="800001268",="Present",="3/12/2025",="ENG101 -A",
="800001268",="Tardy/Late",="3/19/2025",="ENG101 -A",
="800001268",="Present",="3/26/2025",="ENG101 -A",
="800001268",="Tardy/Late",="4/2/2025",="ENG101 -A",
="800001268",="Present",="4/9/2025",="ENG101 -A",
="800001268",="Present",="1/9/2025",="NUR205 -P",
="800001268",="Present",="1/16/2025",="NUR205 -P",
="800001268",="Present",="1/23/2025",="NUR205 -P",
="800001268",="Present",="1/30/2025",="NUR205 -P",
="800001268",="Present",="2/6/2025",="NUR205 -P",
="800001268",="Present",="2/13/2025",="NUR205 -P",
="800001268",="Present",="2/20/2025",="NUR205 -P",
="800001268",="Present",="3/13/2025",="NUR205 -P",
="800001268",="Present",="3/20/2025",="NUR205 -P",
="800001268",="Present",="3/26/2025",="NUR205 -P",
="800001268",="Present",="3/27/2025",="NUR205 -P",
="800001268",="Absent",="1/16/2025",="NUR205-L-P1",
="800001268",="Present",="1/30/2025",="NUR205-L-P1",
="800001268",="Absent",="2/6/2025",="NUR205-L-P1",
="800001268",="Absent",="2/13/2025",="NUR205-L-P1",
="800001268",="Present",="2/20/2025",="NUR205-L-P1",
="800001268",="Absent",="3/13/2025",="NUR205-L-P1",
="800001268",="Present",="3/27/2025",="NUR205-L-P1",
="800001268",="Absent",="4/3/2025",="NUR205-L-P1",
="800001268",="Absent",="1/8/2025",="NUR155-P",
="800001268",="Present",="1/15/2025",="NUR155-P",
="800001268",="Present",="1/22/2025",="NUR155-P",
="800001268",="Present",="1/29/2025",="NUR155-P",
="800001268",="Present",="2/5/2025",="NUR155-P",
="800001268",="Present",="2/12/2025",="NUR155-P",
="800001268",="Present",="2/19/2025",="NUR155-P",
="800001268",="Present",="2/26/2025",="NUR155-P",
="800001268",="Present",="3/5/2025",="NUR155-P",
="800001268",="Present",="3/12/2025",="NUR155-P",
="800001268",="Present",="3/19/2025",="NUR155-P",
="800001268",="Present",="3/26/2025",="NUR155-P",
="800001268",="Present",="4/2/2025",="NUR155-P",
="800001268",="Present",="4/9/2025",="NUR155-P",
="800001268",="Present",="4/16/2025",="NUR155-P",
="800001308",="Present",="2/5/2025",="PHARM100-P",
="800001308",="Present",="2/12/2025",="PHARM100-P",
="800001308",="Present",="2/19/2025",="PHARM100-P",
="800001308",="Present",="2/26/2025",="PHARM100-P",
="800001308",="Present",="3/5/2025",="PHARM100-P",
="800001308",="Present",="3/12/2025",="PHARM100-P",
="800001308",="Present",="3/19/2025",="PHARM100-P",
="800001308",="Present",="3/26/2025",="PHARM100-P",
="800001308",="Present",="4/2/2025",="PHARM100-P",
="800001308",="Present",="4/9/2025",="PHARM100-P",
="800001308",="Present",="1/14/2025",="NUR100-L-P2",
="800001308",="Present",="1/21/2025",="NUR100-L-P2",
="800001308",="Present",="1/28/2025",="NUR100-L-P2",
="800001308",="Present",="2/4/2025",="NUR100-L-P2",
="800001308",="Present",="2/11/2025",="NUR100-L-P2",
="800001308",="Present",="2/18/2025",="NUR100-L-P2",
="800001308",="Absent",="2/25/2025",="NUR100-L-P2",
="800001308",="No class",="2/28/2025",="NUR100-L-P2",
="800001308",="Absent",="3/4/2025",="NUR100-L-P2",
="800001308",="No class",="3/5/2025",="NUR100-L-P2",
="800001308",="No class",="3/6/2025",="NUR100-L-P2",
="800001308",="Present",="3/25/2025",="NUR100-L-P2",
="800001308",="Present",="4/1/2025",="NUR100-L-P2",
="800001308",="Present",="4/8/2025",="NUR100-L-P2",
="800001308",="Present",="1/9/2025",="AP100-P",
="800001308",="Present",="1/16/2025",="AP100-P",
="800001308",="Present",="1/23/2025",="AP100-P",
="800001308",="Present",="1/30/2025",="AP100-P",
="800001308",="Present",="2/6/2025",="AP100-P",
="800001308",="Present",="2/13/2025",="AP100-P",
="800001308",="Present",="2/20/2025",="AP100-P",
="800001308",="Present",="2/27/2025",="AP100-P",
="800001308",="Present",="3/6/2025",="AP100-P",
="800001308",="Present",="3/13/2025",="AP100-P",
="800001308",="Present",="3/20/2025",="AP100-P",
="800001308",="Present",="3/27/2025",="AP100-P",
="800001308",="Present",="4/3/2025",="AP100-P",
="800001308",="Present",="4/10/2025",="AP100-P",
="800001308",="Present",="4/17/2025",="AP100-P",
="800001308",="Present",="1/12/2025",="COL010 - OL I",
="800001308",="Present",="1/19/2025",="COL010 - OL I",
="800001308",="Present",="1/26/2025",="COL010 - OL I",
="800001308",="Present",="2/2/2025",="COL010 - OL I",
="800001308",="Present",="1/6/2025",="NUR100-P",
="800001308",="Present",="1/7/2025",="NUR100-P",
="800001308",="Present",="1/13/2025",="NUR100-P",
="800001308",="Present",="1/14/2025",="NUR100-P",
="800001308",="Present",="1/27/2025",="NUR100-P",
="800001308",="Present",="2/3/2025",="NUR100-P",
="800001308",="Present",="2/10/2025",="NUR100-P",
="800001308",="Present",="2/17/2025",="NUR100-P",
="800001308",="Present",="3/10/2025",="NUR100-P",
="800001308",="Present",="3/17/2025",="NUR100-P",
="800001308",="Present",="3/24/2025",="NUR100-P",
="800001308",="Present",="3/31/2025",="NUR100-P",
="800001308",="Present",="4/7/2025",="NUR100-P",
="800001308",="Present",="1/12/2025",="PSY101 -OL",
="800001308",="Present",="1/19/2025",="PSY101 -OL",
="800001308",="Present",="1/26/2025",="PSY101 -OL",
="800001308",="Present",="2/2/2025",="PSY101 -OL",
="800001308",="Present",="2/9/2025",="PSY101 -OL",
="800001308",="Present",="2/16/2025",="PSY101 -OL",
="800001308",="Present",="2/23/2025",="PSY101 -OL",
="800001308",="Present",="3/2/2025",="PSY101 -OL",
="800001308",="Present",="3/9/2025",="PSY101 -OL",
="800001308",="Present",="3/16/2025",="PSY101 -OL",
="800001308",="Present",="3/23/2025",="PSY101 -OL",
="800001308",="Present",="3/30/2025",="PSY101 -OL",
="800001308",="Present",="4/6/2025",="PSY101 -OL",
="800001308",="Present",="4/13/2025",="PSY101 -OL",
="800001308",="Present",="1/10/2025",="ENG101 -P",
="800001308",="Present",="1/17/2025",="ENG101 -P",
="800001308",="Present",="1/24/2025",="ENG101 -P",
="800001308",="Present",="1/31/2025",="ENG101 -P",
="800001308",="Present",="2/7/2025",="ENG101 -P",
="800001308",="Present",="2/14/2025",="ENG101 -P",
="800001308",="Present",="2/21/2025",="ENG101 -P",
="800001308",="Present",="2/28/2025",="ENG101 -P",
="800001308",="Present",="3/7/2025",="ENG101 -P",
="800001308",="Present",="3/14/2025",="ENG101 -P",
="800001308",="Present",="3/21/2025",="ENG101 -P",
="800001308",="Present",="3/28/2025",="ENG101 -P",
="800001308",="Present",="4/4/2025",="ENG101 -P",
="800001308",="Absent",="4/11/2025",="ENG101 -P",
="800000916",="Present",="1/16/2025",="NUR145 - A",
="800000916",="Present",="1/23/2025",="NUR145 - A",
="800000916",="Present",="1/30/2025",="NUR145 - A",
="800000916",="Present",="2/6/2025",="NUR145 - A",
="800000916",="Present",="2/13/2025",="NUR145 - A",
="800000916",="Present",="2/20/2025",="NUR145 - A",
="800000916",="Present",="3/13/2025",="NUR145 - A",
="800000916",="Present",="3/20/2025",="NUR145 - A",
="800000916",="Present",="3/27/2025",="NUR145 - A",
="800000916",="Present",="4/3/2025",="NUR145 - A",
="800000916",="Present",="4/10/2025",="NUR145 - A",
="800000916",="No class",="2/27/2025",="NUR145-L-A",
="800000916",="Present",="3/6/2025",="NUR145-L-A",
="800000916",="Present",="1/15/2025",="NUR150 -A",
="800000916",="Present",="1/22/2025",="NUR150 -A",
="800000916",="Present",="1/29/2025",="NUR150 -A",
="800000916",="Absent",="2/5/2025",="NUR150 -A",
="800000916",="Present",="2/12/2025",="NUR150 -A",
="800000916",="Present",="2/19/2025",="NUR150 -A",
="800000916",="Present",="3/12/2025",="NUR150 -A",
="800000916",="Present",="3/19/2025",="NUR150 -A",
="800000916",="Present",="3/26/2025",="NUR150 -A",
="800000916",="Present",="4/2/2025",="NUR150 -A",
="800000916",="Present",="2/26/2025",="NUR145-S-A2",
="800000916",="Present",="3/5/2025",="NUR145-S-A2",
="800000916",="Present",="2/27/2025",="NUR150 -L-A1",
="800000916",="Present",="3/5/2025",="NUR150 -L-A1",
="800000916",="Present",="3/6/2025",="NUR150 -L-A1",
="800001300",="Present",="1/12/2025",="SOC101 -OL",
="800001300",="Present",="1/19/2025",="SOC101 -OL",
="800001300",="Present",="1/26/2025",="SOC101 -OL",
="800001300",="Present",="2/2/2025",="SOC101 -OL",
="800001300",="Present",="2/9/2025",="SOC101 -OL",
="800001300",="Present",="2/16/2025",="SOC101 -OL",
="800001300",="Present",="2/23/2025",="SOC101 -OL",
="800001300",="Present",="3/2/2025",="SOC101 -OL",
="800001300",="Present",="3/9/2025",="SOC101 -OL",
="800001300",="Present",="3/16/2025",="SOC101 -OL",
="800001300",="Present",="3/23/2025",="SOC101 -OL",
="800001300",="Present",="3/30/2025",="SOC101 -OL",
="800001300",="Present",="4/6/2025",="SOC101 -OL",
="800001300",="Absent",="4/13/2025",="SOC101 -OL",
="800001300",="Present",="4/20/2025",="SOC101 -OL",
="800001300",="Present",="1/16/2025",="NUR145 - A",
="800001300",="Present",="1/23/2025",="NUR145 - A",
="800001300",="Present",="1/30/2025",="NUR145 - A",
="800001300",="Absent",="2/6/2025",="NUR145 - A",
="800001300",="Present",="2/13/2025",="NUR145 - A",
="800001300",="Absent",="2/20/2025",="NUR145 - A",
="800001300",="Present",="3/13/2025",="NUR145 - A",
="800001300",="Present",="3/20/2025",="NUR145 - A",
="800001300",="Present",="3/27/2025",="NUR145 - A",
="800001300",="Present",="4/3/2025",="NUR145 - A",
="800001300",="Present",="4/10/2025",="NUR145 - A",
="800001300",="Present",="1/8/2025",="PHARM130-P",
="800001300",="Present",="1/15/2025",="PHARM130-P",
="800001300",="Present",="1/22/2025",="PHARM130-P",
="800001300",="Present",="1/29/2025",="PHARM130-P",
="800001300",="No class",="2/5/2025",="PHARM130-P",
="800001300",="Present",="2/12/2025",="PHARM130-P",
="800001300",="Absent",="2/19/2025",="PHARM130-P",
="800001300",="No class",="2/26/2025",="PHARM130-P",
="800001300",="No class",="3/5/2025",="PHARM130-P",
="800001300",="Present",="3/12/2025",="PHARM130-P",
="800001300",="Tardy/Late",="3/19/2025",="PHARM130-P",
="800001300",="Tardy/Late",="3/26/2025",="PHARM130-P",
="800001300",="Present",="4/2/2025",="PHARM130-P",
="800001300",="Present",="4/9/2025",="PHARM130-P",
="800001300",="Present",="4/16/2025",="PHARM130-P",
="800001300",="No class",="2/27/2025",="NUR145-L-A",
="800001300",="Present",="3/6/2025",="NUR145-L-A",
="800001300",="Present",="1/7/2025",="MCB100 -A",
="800001300",="Present",="1/14/2025",="MCB100 -A",
="800001300",="Present",="1/21/2025",="MCB100 -A",
="800001300",="Present",="1/28/2025",="MCB100 -A",
="800001300",="Present",="2/4/2025",="MCB100 -A",
="800001300",="Present",="2/11/2025",="MCB100 -A",
="800001300",="Present",="2/18/2025",="MCB100 -A",
="800001300",="Present",="2/25/2025",="MCB100 -A",
="800001300",="Present",="3/4/2025",="MCB100 -A",
="800001300",="Present",="3/18/2025",="MCB100 -A",
="800001300",="Present",="3/25/2025",="MCB100 -A",
="800001300",="Present",="4/1/2025",="MCB100 -A",
="800001300",="Present",="4/8/2025",="MCB100 -A",
="800001300",="Present",="4/15/2025",="MCB100 -A",
="800001634",="Present",="1/9/2025",="AP100-P",
="800001634",="Present",="1/16/2025",="AP100-P",
="800001634",="Present",="1/23/2025",="AP100-P",
="800001634",="Present",="1/30/2025",="AP100-P",
="800001634",="Present",="2/6/2025",="AP100-P",
="800001634",="Present",="2/13/2025",="AP100-P",
="800001634",="Absent",="2/20/2025",="AP100-P",
="800001634",="Present",="2/27/2025",="AP100-P",
="800001634",="Present",="3/6/2025",="AP100-P",
="800001634",="Present",="3/13/2025",="AP100-P",
="800001634",="Present",="3/20/2025",="AP100-P",
="800001634",="Present",="3/27/2025",="AP100-P",
="800001634",="Present",="4/3/2025",="AP100-P",
="800001634",="Present",="4/10/2025",="AP100-P",
="800001634",="Present",="4/17/2025",="AP100-P",
="800001634",="Present",="1/10/2025",="ENG101 -P",
="800001634",="Present",="1/17/2025",="ENG101 -P",
="800001634",="Present",="1/24/2025",="ENG101 -P",
="800001634",="Present",="1/31/2025",="ENG101 -P",
="800001634",="Present",="2/7/2025",="ENG101 -P",
="800001634",="Present",="2/14/2025",="ENG101 -P",
="800001634",="Present",="2/21/2025",="ENG101 -P",
="800001634",="Present",="2/28/2025",="ENG101 -P",
="800001634",="Present",="3/7/2025",="ENG101 -P",
="800001634",="Present",="3/14/2025",="ENG101 -P",
="800001634",="Present",="3/21/2025",="ENG101 -P",
="800001634",="Present",="3/28/2025",="ENG101 -P",
="800001634",="Present",="4/4/2025",="ENG101 -P",
="800001634",="Absent",="4/11/2025",="ENG101 -P",
="800001634",="Present",="4/22/2025",="NUR100-C-P3",
="800001634",="Present",="1/14/2025",="NUR100-L-P2",
="800001634",="Present",="1/21/2025",="NUR100-L-P2",
="800001634",="Present",="1/28/2025",="NUR100-L-P2",
="800001634",="Present",="2/4/2025",="NUR100-L-P2",
="800001634",="Present",="2/11/2025",="NUR100-L-P2",
="800001634",="Present",="2/18/2025",="NUR100-L-P2",
="800001634",="Present",="2/25/2025",="NUR100-L-P2",
="800001634",="No class",="2/28/2025",="NUR100-L-P2",
="800001634",="Present",="3/4/2025",="NUR100-L-P2",
="800001634",="No class",="3/5/2025",="NUR100-L-P2",
="800001634",="No class",="3/6/2025",="NUR100-L-P2",
="800001634",="Present",="3/25/2025",="NUR100-L-P2",
="800001634",="Absent",="4/1/2025",="NUR100-L-P2",
="800001634",="Present",="4/8/2025",="NUR100-L-P2",
="800001634",="Present",="1/6/2025",="NUR100-P",
="800001634",="Present",="1/7/2025",="NUR100-P",
="800001634",="Present",="1/13/2025",="NUR100-P",
="800001634",="Absent",="1/14/2025",="NUR100-P",
="800001634",="Tardy/Late",="1/27/2025",="NUR100-P",
="800001634",="Present",="2/3/2025",="NUR100-P",
="800001634",="Present",="2/10/2025",="NUR100-P",
="800001634",="Present",="2/17/2025",="NUR100-P",
="800001634",="Present",="3/10/2025",="NUR100-P",
="800001634",="Absent",="3/17/2025",="NUR100-P",
="800001634",="Present",="3/24/2025",="NUR100-P",
="800001634",="Present",="3/31/2025",="NUR100-P",
="800001634",="Present",="4/7/2025",="NUR100-P",
="800001634",="Present",="2/5/2025",="PHARM100-P",
="800001634",="Present",="2/12/2025",="PHARM100-P",
="800001634",="Present",="2/19/2025",="PHARM100-P",
="800001634",="Present",="2/26/2025",="PHARM100-P",
="800001634",="Present",="3/5/2025",="PHARM100-P",
="800001634",="Present",="3/12/2025",="PHARM100-P",
="800001634",="Present",="3/19/2025",="PHARM100-P",
="800001634",="Present",="3/26/2025",="PHARM100-P",
="800001634",="Present",="4/2/2025",="PHARM100-P",
="800001634",="Present",="4/9/2025",="PHARM100-P",
="800001634",="Present",="1/12/2025",="PSY101 -OL",
="800001634",="Present",="1/19/2025",="PSY101 -OL",
="800001634",="Present",="1/26/2025",="PSY101 -OL",
="800001634",="Present",="2/2/2025",="PSY101 -OL",
="800001634",="Present",="2/9/2025",="PSY101 -OL",
="800001634",="Present",="2/16/2025",="PSY101 -OL",
="800001634",="Present",="2/23/2025",="PSY101 -OL",
="800001634",="Present",="3/2/2025",="PSY101 -OL",
="800001634",="Present",="3/9/2025",="PSY101 -OL",
="800001634",="Present",="3/16/2025",="PSY101 -OL",
="800001634",="Present",="3/23/2025",="PSY101 -OL",
="800001634",="Present",="3/30/2025",="PSY101 -OL",
="800001634",="Absent",="4/6/2025",="PSY101 -OL",
="800001634",="Present",="4/13/2025",="PSY101 -OL",
="800001634",="Present",="1/12/2025",="COL010 - OL II",
="800001634",="Present",="1/19/2025",="COL010 - OL II",
="800001634",="Present",="1/26/2025",="COL010 - OL II",
="800001634",="Present",="2/2/2025",="COL010 - OL II",
="800001315",="Present",="1/27/2025",="NUR135-A",
="800001315",="Present",="2/3/2025",="NUR135-A",
="800001315",="Present",="2/10/2025",="NUR135-A",
="800001315",="Present",="2/17/2025",="NUR135-A",
="800001315",="Present",="3/10/2025",="NUR135-A",
="800001315",="Present",="3/17/2025",="NUR135-A",
="800001315",="Present",="3/24/2025",="NUR135-A",
="800001315",="Present",="3/31/2025",="NUR135-A",
="800001315",="Present",="4/7/2025",="NUR135-A",
="800001315",="No class",="2/24/2025",="NUR135-L-A1",
="800001315",="Present",="3/3/2025",="NUR135-L-A1",
="800001414",="Present",="1/6/2025",="NUR135-A",
="800001414",="Present",="1/13/2025",="NUR135-A",
="800001414",="Present",="1/27/2025",="NUR135-A",
="800001414",="Present",="2/3/2025",="NUR135-A",
="800001414",="Present",="2/10/2025",="NUR135-A",
="800001414",="Present",="2/17/2025",="NUR135-A",
="800001414",="Present",="3/10/2025",="NUR135-A",
="800001414",="Present",="3/17/2025",="NUR135-A",
="800001414",="Present",="3/24/2025",="NUR135-A",
="800001414",="Present",="3/31/2025",="NUR135-A",
="800001414",="Present",="4/7/2025",="NUR135-A",
="800001414",="Present",="2/27/2025",="NUR150 -L-A1",
="800001414",="Present",="3/5/2025",="NUR150 -L-A1",
="800001414",="Present",="3/6/2025",="NUR150 -L-A1",
="800001414",="No class",="2/24/2025",="NUR135-L-A1",
="800001414",="Present",="3/3/2025",="NUR135-L-A1",
="800001414",="Present",="1/15/2025",="NUR150 -A",
="800001414",="Present",="1/22/2025",="NUR150 -A",
="800001414",="Present",="1/29/2025",="NUR150 -A",
="800001414",="Present",="2/5/2025",="NUR150 -A",
="800001414",="Present",="2/12/2025",="NUR150 -A",
="800001414",="Present",="2/19/2025",="NUR150 -A",
="800001414",="Present",="3/12/2025",="NUR150 -A",
="800001414",="Present",="3/19/2025",="NUR150 -A",
="800001414",="Absent excused",="3/26/2025",="NUR150 -A",
="800001414",="Present",="4/2/2025",="NUR150 -A",
="800001414",="Present",="2/25/2025",="NUR135-S-A2",
="800001414",="Present",="3/4/2025",="NUR135-S-A2",
="800001414",="Present",="1/12/2025",="NUT100 -OL II",
="800001414",="Present",="1/19/2025",="NUT100 -OL II",
="800001414",="Present",="1/26/2025",="NUT100 -OL II",
="800001414",="Present",="2/2/2025",="NUT100 -OL II",
="800001414",="Present",="2/9/2025",="NUT100 -OL II",
="800001414",="Present",="2/16/2025",="NUT100 -OL II",
="800001414",="Present",="2/23/2025",="NUT100 -OL II",
="800001414",="Present",="3/2/2025",="NUT100 -OL II",
="800001414",="Present",="3/9/2025",="NUT100 -OL II",
="800001414",="Present",="3/16/2025",="NUT100 -OL II",
="800001414",="Present",="3/23/2025",="NUT100 -OL II",
="800001414",="Present",="3/30/2025",="NUT100 -OL II",
="800001414",="Present",="4/6/2025",="NUT100 -OL II",
="800001414",="Present",="4/13/2025",="NUT100 -OL II",
="800001528",="Present",="1/6/2025",="NUR100-P",
="800001528",="Absent",="1/13/2025",="NUR100-P",
="800001528",="Present",="1/14/2025",="NUR100-P",
="800001528",="Present",="1/27/2025",="NUR100-P",
="800001528",="Present",="2/3/2025",="NUR100-P",
="800001528",="Present",="2/10/2025",="NUR100-P",
="800001528",="Present",="2/17/2025",="NUR100-P",
="800001528",="Present",="3/10/2025",="NUR100-P",
="800001528",="Present",="3/17/2025",="NUR100-P",
="800001528",="Present",="3/24/2025",="NUR100-P",
="800001528",="Present",="3/31/2025",="NUR100-P",
="800001528",="Present",="4/7/2025",="NUR100-P",
="800001528",="Present",="1/12/2025",="NUT100 -OL II",
="800001528",="Present",="1/19/2025",="NUT100 -OL II",
="800001528",="Present",="1/26/2025",="NUT100 -OL II",
="800001528",="Present",="2/2/2025",="NUT100 -OL II",
="800001528",="Present",="2/9/2025",="NUT100 -OL II",
="800001528",="Present",="2/16/2025",="NUT100 -OL II",
="800001528",="Present",="2/23/2025",="NUT100 -OL II",
="800001528",="Present",="3/2/2025",="NUT100 -OL II",
="800001528",="Present",="3/9/2025",="NUT100 -OL II",
="800001528",="Present",="3/16/2025",="NUT100 -OL II",
="800001528",="Present",="3/23/2025",="NUT100 -OL II",
="800001528",="Present",="3/30/2025",="NUT100 -OL II",
="800001528",="Present",="4/6/2025",="NUT100 -OL II",
="800001528",="Present",="4/13/2025",="NUT100 -OL II",
="800000700",="Present",="4/14/2025",="NUR290 -A-1",
="800000700",="Present",="4/28/2025",="NUR290 -A-1",
="800000700",="Present",="5/2/2025",="NUR290 -A-1",
="800000700",="Present",="1/16/2025",="NUR255 -P",
="800000700",="Present",="1/23/2025",="NUR255 -P",
="800000700",="Present",="1/30/2025",="NUR255 -P",
="800000700",="Present",="2/6/2025",="NUR255 -P",
="800000700",="Present",="2/13/2025",="NUR255 -P",
="800000700",="Present",="2/20/2025",="NUR255 -P",
="800000700",="Present",="2/27/2025",="NUR255 -P",
="800000700",="Present",="3/6/2025",="NUR255 -P",
="800000700",="No class",="3/13/2025",="NUR255 -P",
="800000700",="Present",="1/8/2025",="NUR270-P",
="800000700",="Present",="1/15/2025",="NUR270-P",
="800000700",="Present",="1/22/2025",="NUR270-P",
="800000700",="Present",="1/29/2025",="NUR270-P",
="800000700",="Present",="2/5/2025",="NUR270-P",
="800000700",="Present",="2/12/2025",="NUR270-P",
="800000700",="Present",="2/19/2025",="NUR270-P",
="800000700",="Present",="3/12/2025",="NUR270-P",
="800000700",="Present",="3/19/2025",="NUR270-P",
="800000700",="Present",="3/26/2025",="NUR270-P",
="800000700",="Present",="4/2/2025",="NUR270-P",
="800000700",="Present",="4/9/2025",="NUR270-P",
="800000700",="Present",="4/16/2025",="NUR270-P",
="800000700",="Present",="3/1/2025",="NUR255-C-P1",
="800000700",="Present",="3/31/2025",="NUR255-C-P1",
="800001415",="Present",="1/8/2025",="PHARM130-P",
="800001415",="Present",="1/15/2025",="PHARM130-P",
="800001415",="Present",="1/22/2025",="PHARM130-P",
="800001415",="Present",="1/29/2025",="PHARM130-P",
="800001415",="Present",="2/5/2025",="PHARM130-P",
="800001415",="Present",="2/12/2025",="PHARM130-P",
="800001415",="Present",="2/19/2025",="PHARM130-P",
="800001415",="No class",="2/26/2025",="PHARM130-P",
="800001415",="No class",="3/5/2025",="PHARM130-P",
="800001415",="Present",="3/12/2025",="PHARM130-P",
="800001415",="Present",="3/19/2025",="PHARM130-P",
="800001415",="Present",="3/26/2025",="PHARM130-P",
="800001415",="Present",="4/2/2025",="PHARM130-P",
="800001415",="Present",="4/9/2025",="PHARM130-P",
="800001415",="Present",="4/16/2025",="PHARM130-P",
="800001415",="Present",="1/7/2025",="NUR120 -P",
="800001415",="Present",="1/14/2025",="NUR120 -P",
="800001415",="Present",="1/21/2025",="NUR120 -P",
="800001415",="Present",="1/28/2025",="NUR120 -P",
="800001415",="Present",="2/4/2025",="NUR120 -P",
="800001415",="Present",="2/11/2025",="NUR120 -P",
="800001415",="Present",="2/18/2025",="NUR120 -P",
="800001415",="Present",="3/11/2025",="NUR120 -P",
="800001415",="Present",="3/18/2025",="NUR120 -P",
="800001415",="Present",="3/25/2025",="NUR120 -P",
="800001415",="Present",="4/1/2025",="NUR120 -P",
="800001415",="Present",="4/8/2025",="NUR120 -P",
="800001415",="Present",="1/12/2025",="PSY101 -OL",
="800001415",="Present",="1/19/2025",="PSY101 -OL",
="800001415",="Present",="1/26/2025",="PSY101 -OL",
="800001415",="Present",="2/2/2025",="PSY101 -OL",
="800001415",="Present",="2/9/2025",="PSY101 -OL",
="800001415",="Present",="2/16/2025",="PSY101 -OL",
="800001415",="Present",="2/23/2025",="PSY101 -OL",
="800001415",="Present",="3/2/2025",="PSY101 -OL",
="800001415",="Present",="3/9/2025",="PSY101 -OL",
="800001415",="Present",="3/16/2025",="PSY101 -OL",
="800001415",="Present",="3/23/2025",="PSY101 -OL",
="800001415",="Present",="3/30/2025",="PSY101 -OL",
="800001415",="Present",="4/6/2025",="PSY101 -OL",
="800001415",="Present",="4/13/2025",="PSY101 -OL",
="800001415",="Present",="1/16/2025",="NUR125-L-P1",
="800001415",="Present",="1/23/2025",="NUR125-L-P1",
="800001415",="Present",="1/30/2025",="NUR125-L-P1",
="800001415",="Present",="2/6/2025",="NUR125-L-P1",
="800001415",="Present",="2/13/2025",="NUR125-L-P1",
="800001415",="Present",="2/20/2025",="NUR125-L-P1",
="800001415",="No class",="2/24/2025",="NUR125-L-P1",
="800001415",="Present",="2/27/2025",="NUR125-L-P1",
="800001415",="No class",="2/28/2025",="NUR125-L-P1",
="800001415",="Present",="3/13/2025",="NUR125-L-P1",
="800001415",="Present",="3/27/2025",="NUR125-L-P1",
="800001415",="Present",="1/9/2025",="NUR125-P",
="800001415",="Present",="1/16/2025",="NUR125-P",
="800001415",="Present",="1/23/2025",="NUR125-P",
="800001415",="Present",="1/30/2025",="NUR125-P",
="800001415",="Present",="2/6/2025",="NUR125-P",
="800001415",="Present",="2/13/2025",="NUR125-P",
="800001415",="Present",="2/20/2025",="NUR125-P",
="800001415",="Present",="3/13/2025",="NUR125-P",
="800001415",="Present",="3/27/2025",="NUR125-P",
="800001415",="Present",="4/3/2025",="NUR125-P",
="800000894",="Present",="4/14/2025",="NUR236-C-P1",
="800000894",="Present",="4/21/2025",="NUR236-C-P1",
="800000894",="Present",="4/25/2025",="NUR236-C-P1",
="800000894",="Present",="1/8/2025",="NUR155 - V2",
="800000894",="Present",="1/22/2025",="NUR155 - V2",
="800000894",="Present",="1/29/2025",="NUR155 - V2",
="800000894",="Present",="2/5/2025",="NUR155 - V2",
="800000894",="Present",="2/12/2025",="NUR155 - V2",
="800000894",="Present",="2/19/2025",="NUR155 - V2",
="800000894",="Present",="2/26/2025",="NUR155 - V2",
="800000894",="Present",="3/5/2025",="NUR155 - V2",
="800000894",="Present",="3/12/2025",="NUR155 - V2",
="800000894",="Present",="3/19/2025",="NUR155 - V2",
="800000894",="Present",="3/26/2025",="NUR155 - V2",
="800000894",="Present",="4/2/2025",="NUR155 - V2",
="800000894",="Present",="4/9/2025",="NUR155 - V2",
="800000894",="Present",="4/16/2025",="NUR155 - V2",
="800000894",="Present",="1/6/2025",="PHARM225-P_B",
="800000894",="Present",="1/13/2025",="PHARM225-P_B",
="800000894",="Present",="1/27/2025",="PHARM225-P_B",
="800000894",="Present",="2/3/2025",="PHARM225-P_B",
="800000894",="Present",="2/10/2025",="PHARM225-P_B",
="800000894",="Present",="2/17/2025",="PHARM225-P_B",
="800000894",="Present",="3/3/2025",="PHARM225-P_B",
="800000894",="Present",="3/10/2025",="PHARM225-P_B",
="800000894",="Present",="3/17/2025",="PHARM225-P_B",
="800000894",="Present",="3/24/2025",="PHARM225-P_B",
="800000894",="Present",="3/31/2025",="PHARM225-P_B",
="800000894",="Present",="4/7/2025",="PHARM225-P_B",
="800000894",="Present",="1/9/2025",="NUR236-P",
="800000894",="Present",="1/16/2025",="NUR236-P",
="800000894",="Present",="1/23/2025",="NUR236-P",
="800000894",="Present",="1/30/2025",="NUR236-P",
="800000894",="Present",="2/6/2025",="NUR236-P",
="800000894",="Present",="2/13/2025",="NUR236-P",
="800000894",="Present",="2/20/2025",="NUR236-P",
="800000894",="Present",="3/13/2025",="NUR236-P",
="800000894",="Present",="3/20/2025",="NUR236-P",
="800000894",="Present",="3/27/2025",="NUR236-P",
="800000894",="Present",="4/3/2025",="NUR236-P",
="800000894",="Present",="4/10/2025",="NUR236-P",
="800000894",="Present",="1/7/2025",="NUR245 - P",
="800000894",="Present",="1/14/2025",="NUR245 - P",
="800000894",="Present",="1/21/2025",="NUR245 - P",
="800000894",="Present",="1/28/2025",="NUR245 - P",
="800000894",="Present",="2/4/2025",="NUR245 - P",
="800000894",="Present",="2/11/2025",="NUR245 - P",
="800000894",="Present",="2/18/2025",="NUR245 - P",
="800000894",="Present",="3/11/2025",="NUR245 - P",
="800000894",="Present",="3/18/2025",="NUR245 - P",
="800000894",="Present",="3/25/2025",="NUR245 - P",
="800000894",="Present",="4/1/2025",="NUR245 - P",
="800000894",="Present",="4/8/2025",="NUR245 - P",
="800000894",="Present",="2/25/2025",="NUR245-C-P1",
="800000894",="Present",="3/4/2025",="NUR245-C-P1",
="800000289",="Present",="3/5/2025",="NUR300",
="800000289",="Present",="3/7/2025",="NUR300",
="800000289",="Present",="3/12/2025",="NUR300",
="800000289",="Present",="3/14/2025",="NUR300",
="800000289",="Present",="3/19/2025",="NUR300",
="800000289",="Present",="3/21/2025",="NUR300",
="800000289",="Present",="3/26/2025",="NUR300",
="800000289",="Present",="3/28/2025",="NUR300",
="800000289",="Present",="4/2/2025",="NUR300",
="800000289",="Present",="4/4/2025",="NUR300",
="800000289",="Present",="4/9/2025",="NUR300",
="800000289",="Present",="4/11/2025",="NUR300",
="800000289",="Present",="4/16/2025",="NUR300",
="800000289",="Present",="4/23/2025",="NUR300",
="800000289",="Present",="4/25/2025",="NUR300",
="800000893",="Present",="2/11/2025",="NUR216-L-P1",
="800000893",="Present",="3/11/2025",="NUR216-L-P1",
="800000893",="Present",="3/25/2025",="NUR216-L-P1",
="800000893",="Present",="4/21/2025",="NUR216-C-P1",
="800000893",="Present",="1/16/2025",="NUR205-L-P1",
="800000893",="Present",="1/23/2025",="NUR205-L-P1",
="800000893",="Present",="1/30/2025",="NUR205-L-P1",
="800000893",="Present",="2/6/2025",="NUR205-L-P1",
="800000893",="Present",="2/13/2025",="NUR205-L-P1",
="800000893",="Present",="2/20/2025",="NUR205-L-P1",
="800000893",="Present",="3/13/2025",="NUR205-L-P1",
="800000893",="Present",="3/27/2025",="NUR205-L-P1",
="800000893",="Absent",="4/3/2025",="NUR205-L-P1",
="800000893",="Present",="1/7/2025",="NUR216 -P",
="800000893",="Present",="1/14/2025",="NUR216 -P",
="800000893",="Present",="1/21/2025",="NUR216 -P",
="800000893",="Present",="1/28/2025",="NUR216 -P",
="800000893",="Present",="2/4/2025",="NUR216 -P",
="800000893",="Present",="2/11/2025",="NUR216 -P",
="800000893",="Present",="2/18/2025",="NUR216 -P",
="800000893",="Present",="3/11/2025",="NUR216 -P",
="800000893",="Present",="3/25/2025",="NUR216 -P",
="800000893",="Present",="4/1/2025",="NUR216 -P",
="800000893",="Present",="4/8/2025",="NUR216 -P",
="800000893",="Present",="1/6/2025",="PHARM225-P_ A",
="800000893",="Present",="1/13/2025",="PHARM225-P_ A",
="800000893",="Present",="1/27/2025",="PHARM225-P_ A",
="800000893",="Present",="2/3/2025",="PHARM225-P_ A",
="800000893",="Present",="2/10/2025",="PHARM225-P_ A",
="800000893",="Present",="2/17/2025",="PHARM225-P_ A",
="800000893",="Present",="3/3/2025",="PHARM225-P_ A",
="800000893",="Present",="3/10/2025",="PHARM225-P_ A",
="800000893",="Present",="3/17/2025",="PHARM225-P_ A",
="800000893",="Present",="3/24/2025",="PHARM225-P_ A",
="800000893",="Present",="3/31/2025",="PHARM225-P_ A",
="800000893",="Present",="4/7/2025",="PHARM225-P_ A",
="800000893",="Present",="1/9/2025",="NUR205 -P",
="800000893",="Present",="1/16/2025",="NUR205 -P",
="800000893",="Present",="1/23/2025",="NUR205 -P",
="800000893",="Present",="1/30/2025",="NUR205 -P",
="800000893",="Present",="2/6/2025",="NUR205 -P",
="800000893",="Present",="2/13/2025",="NUR205 -P",
="800000893",="Present",="2/20/2025",="NUR205 -P",
="800000893",="Present",="3/13/2025",="NUR205 -P",
="800000893",="Present",="3/20/2025",="NUR205 -P",
="800000893",="Present",="3/27/2025",="NUR205 -P",
="800000893",="Present",="1/8/2025",="AP209 -A",
="800000893",="Present",="1/15/2025",="AP209 -A",
="800000893",="Present",="1/22/2025",="AP209 -A",
="800000893",="Present",="1/29/2025",="AP209 -A",
="800000893",="Present",="2/5/2025",="AP209 -A",
="800000893",="Present",="2/12/2025",="AP209 -A",
="800000893",="Present",="2/19/2025",="AP209 -A",
="800000893",="Present",="2/26/2025",="AP209 -A",
="800000893",="Present",="3/5/2025",="AP209 -A",
="800000893",="Present",="3/12/2025",="AP209 -A",
="800000893",="Present",="3/19/2025",="AP209 -A",
="800000893",="Present",="3/26/2025",="AP209 -A",
="800000893",="Present",="4/2/2025",="AP209 -A",
="800000893",="Present",="4/9/2025",="AP209 -A",
="800000893",="Present",="4/16/2025",="AP209 -A",
="800001502",="Present",="1/12/2025",="NUT100 -OL II",
="800001502",="Present",="1/19/2025",="NUT100 -OL II",
="800001502",="Present",="1/26/2025",="NUT100 -OL II",
="800001502",="Present",="2/2/2025",="NUT100 -OL II",
="800001502",="Present",="2/9/2025",="NUT100 -OL II",
="800001502",="Present",="2/16/2025",="NUT100 -OL II",
="800001502",="Present",="2/23/2025",="NUT100 -OL II",
="800001502",="Present",="3/2/2025",="NUT100 -OL II",
="800001502",="Present",="3/9/2025",="NUT100 -OL II",
="800001502",="Present",="3/16/2025",="NUT100 -OL II",
="800001502",="Present",="3/23/2025",="NUT100 -OL II",
="800001502",="Present",="3/30/2025",="NUT100 -OL II",
="800001502",="Present",="4/6/2025",="NUT100 -OL II",
="800001502",="Present",="4/13/2025",="NUT100 -OL II",
="800001502",="Present",="2/10/2025",="PHARM100-A",
="800001502",="Present",="2/17/2025",="PHARM100-A",
="800001502",="Present",="3/3/2025",="PHARM100-A",
="800001502",="Present",="3/10/2025",="PHARM100-A",
="800001502",="Present",="3/17/2025",="PHARM100-A",
="800001502",="Present",="3/24/2025",="PHARM100-A",
="800001502",="Present",="3/31/2025",="PHARM100-A",
="800001502",="Present",="4/7/2025",="PHARM100-A",
="800001181",="No class",="2/27/2025",="NUR145-L-A",
="800001181",="Present",="3/6/2025",="NUR145-L-A",
="800001181",="Present",="2/26/2025",="NUR145-S-A2",
="800001181",="Present",="3/5/2025",="NUR145-S-A2",
="800001181",="Present",="4/25/2025",="NUR140 -C-A2",
="800001181",="Present",="4/26/2025",="NUR140 -C-A2",
="800001181",="Present",="1/23/2025",="NUR140-A",
="800001181",="Present",="1/30/2025",="NUR140-A",
="800001181",="Present",="2/6/2025",="NUR140-A",
="800001181",="Tardy/Late excused",="2/13/2025",="NUR140-A",
="800001181",="Tardy/Late excused",="2/20/2025",="NUR140-A",
="800001181",="Present",="3/13/2025",="NUR140-A",
="800001181",="Present",="3/27/2025",="NUR140-A",
="800001181",="Present",="4/3/2025",="NUR140-A",
="800001181",="Present",="1/8/2025",="PHARM130-P",
="800001181",="Present",="1/15/2025",="PHARM130-P",
="800001181",="Present",="1/22/2025",="PHARM130-P",
="800001181",="Present",="1/29/2025",="PHARM130-P",
="800001181",="Present",="2/5/2025",="PHARM130-P",
="800001181",="Present",="2/12/2025",="PHARM130-P",
="800001181",="Present",="2/19/2025",="PHARM130-P",
="800001181",="No class",="2/26/2025",="PHARM130-P",
="800001181",="No class",="3/5/2025",="PHARM130-P",
="800001181",="Present",="3/12/2025",="PHARM130-P",
="800001181",="Present",="3/19/2025",="PHARM130-P",
="800001181",="Present",="3/26/2025",="PHARM130-P",
="800001181",="Present",="4/2/2025",="PHARM130-P",
="800001181",="Present",="4/9/2025",="PHARM130-P",
="800001181",="Present",="4/16/2025",="PHARM130-P",
="800001181",="Present",="1/16/2025",="NUR145 - A",
="800001181",="Present",="1/23/2025",="NUR145 - A",
="800001181",="Present",="1/30/2025",="NUR145 - A",
="800001181",="Present",="2/6/2025",="NUR145 - A",
="800001181",="Present",="2/13/2025",="NUR145 - A",
="800001181",="Absent",="2/20/2025",="NUR145 - A",
="800001181",="Present",="3/13/2025",="NUR145 - A",
="800001181",="Present",="3/20/2025",="NUR145 - A",
="800001181",="Present",="3/27/2025",="NUR145 - A",
="800001181",="Present",="4/3/2025",="NUR145 - A",
="800001181",="Present",="4/10/2025",="NUR145 - A",
="800001667",="Present",="2/10/2025",="PHARM100-A",
="800001667",="Present",="2/17/2025",="PHARM100-A",
="800001667",="Present",="3/3/2025",="PHARM100-A",
="800001667",="Present",="3/10/2025",="PHARM100-A",
="800001667",="Present",="3/17/2025",="PHARM100-A",
="800001667",="Present",="3/24/2025",="PHARM100-A",
="800001667",="Present",="3/31/2025",="PHARM100-A",
="800001667",="Present",="4/7/2025",="PHARM100-A",
="800001558",="Absent",="1/7/2025",="AP100-A",
="800001558",="Present",="1/14/2025",="AP100-A",
="800001558",="Present",="1/21/2025",="AP100-A",
="800001558",="Present",="1/28/2025",="AP100-A",
="800001558",="Present",="2/4/2025",="AP100-A",
="800001558",="Present",="2/11/2025",="AP100-A",
="800001558",="Present",="2/18/2025",="AP100-A",
="800001558",="Present",="2/25/2025",="AP100-A",
="800001558",="Present",="3/4/2025",="AP100-A",
="800001558",="Present",="3/11/2025",="AP100-A",
="800001558",="Present",="3/18/2025",="AP100-A",
="800001558",="Present",="3/25/2025",="AP100-A",
="800001558",="Absent",="4/1/2025",="AP100-A",
="800001558",="Present",="4/8/2025",="AP100-A",
="800001558",="Present",="4/15/2025",="AP100-A",
="800001558",="Present",="2/10/2025",="PHARM100-A",
="800001558",="Present",="2/17/2025",="PHARM100-A",
="800001558",="Present",="3/3/2025",="PHARM100-A",
="800001558",="Present",="3/10/2025",="PHARM100-A",
="800001558",="Absent",="3/17/2025",="PHARM100-A",
="800001558",="Present",="3/24/2025",="PHARM100-A",
="800001558",="Absent",="3/31/2025",="PHARM100-A",
="800001558",="Present",="4/7/2025",="PHARM100-A",
="800001558",="Present",="1/7/2025",="NUR100-L-A1",
="800001558",="Present",="1/14/2025",="NUR100-L-A1",
="800001558",="Present",="1/21/2025",="NUR100-L-A1",
="800001558",="Absent",="2/4/2025",="NUR100-L-A1",
="800001558",="Present",="2/11/2025",="NUR100-L-A1",
="800001558",="Present",="2/18/2025",="NUR100-L-A1",
="800001558",="No class",="2/24/2025",="NUR100-L-A1",
="800001558",="Present",="2/25/2025",="NUR100-L-A1",
="800001558",="No class",="3/4/2025",="NUR100-L-A1",
="800001558",="Present",="3/18/2025",="NUR100-L-A1",
="800001558",="Absent",="3/25/2025",="NUR100-L-A1",
="800001558",="Present",="4/1/2025",="NUR100-L-A1",
="800001558",="Present",="4/8/2025",="NUR100-L-A1",
="800001558",="Present",="4/15/2025",="NUR100-L-A1",
="800001558",="Present",="4/18/2025",="NUR100-L-A1",
="800001558",="Present",="4/21/2025",="NUR100-L-A1",
="800001558",="Present",="4/22/2025",="NUR100-L-A1",
="800001558",="Present",="1/8/2025",="ENG101 -A",
="800001558",="Present",="1/15/2025",="ENG101 -A",
="800001558",="Present",="1/22/2025",="ENG101 -A",
="800001558",="Present",="1/29/2025",="ENG101 -A",
="800001558",="Present",="2/5/2025",="ENG101 -A",
="800001558",="Present",="2/12/2025",="ENG101 -A",
="800001558",="Present",="2/19/2025",="ENG101 -A",
="800001558",="Present",="2/26/2025",="ENG101 -A",
="800001558",="Present",="3/5/2025",="ENG101 -A",
="800001558",="Present",="3/19/2025",="ENG101 -A",
="800001558",="Present",="3/26/2025",="ENG101 -A",
="800001558",="Absent",="4/2/2025",="ENG101 -A",
="800001558",="Present",="4/9/2025",="ENG101 -A",
="800001558",="Present",="1/10/2025",="COL010 -A",
="800001558",="Present",="1/17/2025",="COL010 -A",
="800001558",="Present",="1/24/2025",="COL010 -A",
="800001558",="Present",="1/31/2025",="COL010 -A",
="800001558",="Present",="1/6/2025",="NUR100 -A",
="800001558",="Present",="1/13/2025",="NUR100 -A",
="800001558",="Present",="1/14/2025",="NUR100 -A",
="800001558",="Present",="1/27/2025",="NUR100 -A",
="800001558",="Present",="2/3/2025",="NUR100 -A",
="800001558",="Present",="2/10/2025",="NUR100 -A",
="800001558",="Absent",="2/17/2025",="NUR100 -A",
="800001558",="Absent",="3/10/2025",="NUR100 -A",
="800001558",="Present",="3/11/2025",="NUR100 -A",
="800001558",="Present",="3/17/2025",="NUR100 -A",
="800001558",="Present",="3/24/2025",="NUR100 -A",
="800001558",="Absent",="3/31/2025",="NUR100 -A",
="800001558",="Present",="4/7/2025",="NUR100 -A",
="800001558",="Absent",="4/14/2025",="NUR100 -A",
="800001671",="Absent",="1/7/2025",="AP100-A",
="800001671",="Present",="1/14/2025",="AP100-A",
="800001671",="Present",="1/21/2025",="AP100-A",
="800001671",="Absent",="1/28/2025",="AP100-A",
="800001671",="Present",="2/4/2025",="AP100-A",
="800001671",="Present",="2/11/2025",="AP100-A",
="800001671",="Absent",="2/18/2025",="AP100-A",
="800001671",="Absent",="1/7/2025",="NUR100-L-A1",
="800001671",="Present",="1/14/2025",="NUR100-L-A1",
="800001671",="Present",="1/21/2025",="NUR100-L-A1",
="800001671",="Present",="2/4/2025",="NUR100-L-A1",
="800001671",="Absent",="2/11/2025",="NUR100-L-A1",
="800001671",="Absent",="2/18/2025",="NUR100-L-A1",
="800001671",="Present",="1/10/2025",="COL010 -A",
="800001671",="Present",="1/17/2025",="COL010 -A",
="800001671",="Present",="1/24/2025",="COL010 -A",
="800001671",="Present",="1/31/2025",="COL010 -A",
="800001671",="Present",="1/15/2025",="ENG101 -A",
="800001671",="Tardy/Late",="1/22/2025",="ENG101 -A",
="800001671",="Absent",="1/29/2025",="ENG101 -A",
="800001671",="Present",="2/5/2025",="ENG101 -A",
="800001671",="Tardy/Late",="2/12/2025",="ENG101 -A",
="800001671",="Present",="2/19/2025",="ENG101 -A",
="800001671",="Present",="2/26/2025",="ENG101 -A",
="800001671",="Absent",="3/5/2025",="ENG101 -A",
="800001671",="Absent",="1/6/2025",="NUR100 -A",
="800001671",="Present",="1/13/2025",="NUR100 -A",
="800001671",="Absent excused",="1/14/2025",="NUR100 -A",
="800001671",="Absent",="1/27/2025",="NUR100 -A",
="800001671",="Present",="2/10/2025",="NUR100 -A",
="800001671",="Absent",="2/17/2025",="NUR100 -A",
="800001671",="Present",="1/9/2025",="PSY101 -A",
="800001671",="Present",="1/16/2025",="PSY101 -A",
="800001671",="Present",="1/30/2025",="PSY101 -A",
="800001671",="Present",="2/6/2025",="PSY101 -A",
="800001671",="Absent",="2/13/2025",="PSY101 -A",
="800001671",="Present",="2/20/2025",="PSY101 -A",
="800001671",="Present",="2/27/2025",="PSY101 -A",
="800001671",="Absent",="3/6/2025",="PSY101 -A",
="800001671",="Absent",="2/10/2025",="PHARM100-A",
="800001671",="Absent",="2/17/2025",="PHARM100-A",
="800001665",="Present",="2/10/2025",="PHARM100-A",
="800001665",="Present",="2/17/2025",="PHARM100-A",
="800001665",="Present",="3/3/2025",="PHARM100-A",
="800001665",="Present",="3/10/2025",="PHARM100-A",
="800001665",="Present",="3/17/2025",="PHARM100-A",
="800001665",="Present",="3/24/2025",="PHARM100-A",
="800001665",="Present",="3/31/2025",="PHARM100-A",
="800001665",="Present",="4/7/2025",="PHARM100-A",
="800001665",="Present",="1/8/2025",="ENG101 -A",
="800001665",="Present",="1/15/2025",="ENG101 -A",
="800001665",="Present",="1/22/2025",="ENG101 -A",
="800001665",="Present",="1/29/2025",="ENG101 -A",
="800001665",="Present",="2/5/2025",="ENG101 -A",
="800001665",="Present",="2/12/2025",="ENG101 -A",
="800001665",="Present",="2/19/2025",="ENG101 -A",
="800001665",="Present",="2/26/2025",="ENG101 -A",
="800001665",="Present",="3/5/2025",="ENG101 -A",
="800001665",="Present",="3/12/2025",="ENG101 -A",
="800001665",="Tardy/Late",="3/19/2025",="ENG101 -A",
="800001665",="Present",="3/26/2025",="ENG101 -A",
="800001665",="Present",="4/2/2025",="ENG101 -A",
="800001665",="Present",="4/9/2025",="ENG101 -A",
="800001665",="Present",="1/6/2025",="NUR100 -A",
="800001665",="Present",="1/13/2025",="NUR100 -A",
="800001665",="Absent",="1/14/2025",="NUR100 -A",
="800001665",="Present",="1/27/2025",="NUR100 -A",
="800001665",="Present",="2/3/2025",="NUR100 -A",
="800001665",="Present",="2/10/2025",="NUR100 -A",
="800001665",="Present",="2/17/2025",="NUR100 -A",
="800001665",="Present",="3/10/2025",="NUR100 -A",
="800001665",="Present",="3/11/2025",="NUR100 -A",
="800001665",="Present",="3/17/2025",="NUR100 -A",
="800001665",="Present",="3/24/2025",="NUR100 -A",
="800001665",="Present",="3/31/2025",="NUR100 -A",
="800001665",="Present",="4/7/2025",="NUR100 -A",
="800001665",="Present",="4/14/2025",="NUR100 -A",
="800001665",="Present",="1/7/2025",="AP100-A",
="800001665",="Present",="1/14/2025",="AP100-A",
="800001665",="Present",="1/21/2025",="AP100-A",
="800001665",="Present",="1/28/2025",="AP100-A",
="800001665",="Present",="2/4/2025",="AP100-A",
="800001665",="Present",="2/11/2025",="AP100-A",
="800001665",="Present",="2/18/2025",="AP100-A",
="800001665",="Present",="2/25/2025",="AP100-A",
="800001665",="Present",="3/4/2025",="AP100-A",
="800001665",="Present",="3/11/2025",="AP100-A",
="800001665",="Present",="3/18/2025",="AP100-A",
="800001665",="Present",="3/25/2025",="AP100-A",
="800001665",="Present",="4/1/2025",="AP100-A",
="800001665",="Present",="4/8/2025",="AP100-A",
="800001665",="Present",="4/15/2025",="AP100-A",
="800001665",="Present",="1/7/2025",="NUR100-L-A1",
="800001665",="Present",="1/14/2025",="NUR100-L-A1",
="800001665",="Present",="1/21/2025",="NUR100-L-A1",
="800001665",="Present",="2/4/2025",="NUR100-L-A1",
="800001665",="Present",="2/11/2025",="NUR100-L-A1",
="800001665",="Present",="2/18/2025",="NUR100-L-A1",
="800001665",="Present",="2/20/2025",="NUR100-L-A1",
="800001665",="Present",="2/24/2025",="NUR100-L-A1",
="800001665",="Present",="2/25/2025",="NUR100-L-A1",
="800001665",="No class",="3/4/2025",="NUR100-L-A1",
="800001665",="Present",="3/18/2025",="NUR100-L-A1",
="800001665",="Present",="3/25/2025",="NUR100-L-A1",
="800001665",="Present",="4/1/2025",="NUR100-L-A1",
="800001665",="Present",="4/8/2025",="NUR100-L-A1",
="800001665",="Present",="4/14/2025",="NUR100-L-A1",
="800001665",="Present",="4/21/2025",="NUR100-L-A1",
="800001665",="Present",="4/22/2025",="NUR100-L-A1",
="800001665",="Present",="1/10/2025",="COL010 -A",
="800001665",="Present",="1/17/2025",="COL010 -A",
="800001665",="Present",="1/24/2025",="COL010 -A",
="800001665",="Present",="1/31/2025",="COL010 -A",
="800001666",="Present",="1/7/2025",="NUR100-L-A1",
="800001666",="Present",="1/14/2025",="NUR100-L-A1",
="800001666",="Present",="1/21/2025",="NUR100-L-A1",
="800001666",="Present",="2/4/2025",="NUR100-L-A1",
="800001666",="Present",="2/11/2025",="NUR100-L-A1",
="800001666",="Present",="2/18/2025",="NUR100-L-A1",
="800001666",="Present",="2/24/2025",="NUR100-L-A1",
="800001666",="No class",="2/25/2025",="NUR100-L-A1",
="800001666",="No class",="3/4/2025",="NUR100-L-A1",
="800001666",="Present",="3/18/2025",="NUR100-L-A1",
="800001666",="Present",="3/25/2025",="NUR100-L-A1",
="800001666",="Present",="4/1/2025",="NUR100-L-A1",
="800001666",="Present",="4/8/2025",="NUR100-L-A1",
="800001666",="Present",="4/14/2025",="NUR100-L-A1",
="800001666",="Present",="4/22/2025",="NUR100-L-A1",
="800001666",="Present",="2/10/2025",="PHARM100-A",
="800001666",="Absent",="2/17/2025",="PHARM100-A",
="800001666",="Present",="3/3/2025",="PHARM100-A",
="800001666",="Present",="3/10/2025",="PHARM100-A",
="800001666",="Present",="3/17/2025",="PHARM100-A",
="800001666",="Present",="3/24/2025",="PHARM100-A",
="800001666",="Present",="3/31/2025",="PHARM100-A",
="800001666",="Present",="4/7/2025",="PHARM100-A",
="800001666",="Present",="1/10/2025",="COL010 -A",
="800001666",="Present",="1/17/2025",="COL010 -A",
="800001666",="Present",="1/24/2025",="COL010 -A",
="800001666",="Present",="1/31/2025",="COL010 -A",
="800001666",="Present",="1/8/2025",="ENG101 -A",
="800001666",="Present",="1/15/2025",="ENG101 -A",
="800001666",="Present",="1/22/2025",="ENG101 -A",
="800001666",="Present",="1/29/2025",="ENG101 -A",
="800001666",="Present",="2/5/2025",="ENG101 -A",
="800001666",="Present",="2/12/2025",="ENG101 -A",
="800001666",="Present",="2/19/2025",="ENG101 -A",
="800001666",="Present",="2/26/2025",="ENG101 -A",
="800001666",="Present",="3/5/2025",="ENG101 -A",
="800001666",="Present",="3/12/2025",="ENG101 -A",
="800001666",="Present",="3/19/2025",="ENG101 -A",
="800001666",="Present",="3/26/2025",="ENG101 -A",
="800001666",="Present",="4/2/2025",="ENG101 -A",
="800001666",="Present",="4/9/2025",="ENG101 -A",
="800001666",="Present",="1/6/2025",="NUR100 -A",
="800001666",="Present",="1/13/2025",="NUR100 -A",
="800001666",="Present",="1/14/2025",="NUR100 -A",
="800001666",="Present",="1/27/2025",="NUR100 -A",
="800001666",="Present",="2/3/2025",="NUR100 -A",
="800001666",="Present",="2/10/2025",="NUR100 -A",
="800001666",="Present",="2/17/2025",="NUR100 -A",
="800001666",="Present",="3/10/2025",="NUR100 -A",
="800001666",="Present",="3/11/2025",="NUR100 -A",
="800001666",="Present",="3/17/2025",="NUR100 -A",
="800001666",="Present",="3/24/2025",="NUR100 -A",
="800001666",="Present",="3/31/2025",="NUR100 -A",
="800001666",="Present",="4/7/2025",="NUR100 -A",
="800001666",="Present",="4/14/2025",="NUR100 -A",
="800001666",="Present",="1/9/2025",="PSY101 -A",
="800001666",="Present",="1/16/2025",="PSY101 -A",
="800001666",="Present",="1/30/2025",="PSY101 -A",
="800001666",="Present",="2/6/2025",="PSY101 -A",
="800001666",="Present",="2/13/2025",="PSY101 -A",
="800001666",="Present",="2/20/2025",="PSY101 -A",
="800001666",="Present",="2/27/2025",="PSY101 -A",
="800001666",="Present",="3/6/2025",="PSY101 -A",
="800001666",="Present",="3/13/2025",="PSY101 -A",
="800001666",="Present",="3/20/2025",="PSY101 -A",
="800001666",="Present",="3/27/2025",="PSY101 -A",
="800001666",="Present",="4/3/2025",="PSY101 -A",
="800001666",="Present",="1/7/2025",="AP100-A",
="800001666",="Present",="1/14/2025",="AP100-A",
="800001666",="Present",="1/21/2025",="AP100-A",
="800001666",="Present",="1/28/2025",="AP100-A",
="800001666",="Present",="2/4/2025",="AP100-A",
="800001666",="Present",="2/11/2025",="AP100-A",
="800001666",="Present",="2/18/2025",="AP100-A",
="800001666",="Present",="2/25/2025",="AP100-A",
="800001666",="Present",="3/4/2025",="AP100-A",
="800001666",="Present",="3/11/2025",="AP100-A",
="800001666",="Present",="3/18/2025",="AP100-A",
="800001666",="Present",="3/25/2025",="AP100-A",
="800001666",="Present",="4/1/2025",="AP100-A",
="800001666",="Present",="4/8/2025",="AP100-A",
="800001666",="Present",="4/15/2025",="AP100-A",
="800001668",="Present",="2/10/2025",="PHARM100-A",
="800001668",="Present",="2/17/2025",="PHARM100-A",
="800001668",="Present",="3/3/2025",="PHARM100-A",
="800001668",="Present",="3/10/2025",="PHARM100-A",
="800001668",="Present",="3/17/2025",="PHARM100-A",
="800001668",="Present",="3/24/2025",="PHARM100-A",
="800001668",="Present",="3/31/2025",="PHARM100-A",
="800001668",="Present",="4/7/2025",="PHARM100-A",
="800001668",="Present",="1/7/2025",="AP100-A",
="800001668",="Present",="1/14/2025",="AP100-A",
="800001668",="Present",="1/21/2025",="AP100-A",
="800001668",="Present",="1/28/2025",="AP100-A",
="800001668",="Present",="2/4/2025",="AP100-A",
="800001668",="Present",="2/11/2025",="AP100-A",
="800001668",="Present",="2/18/2025",="AP100-A",
="800001668",="Present",="2/25/2025",="AP100-A",
="800001668",="Present",="3/4/2025",="AP100-A",
="800001668",="Present",="3/11/2025",="AP100-A",
="800001668",="Present",="3/18/2025",="AP100-A",
="800001668",="Present",="3/25/2025",="AP100-A",
="800001668",="Present",="4/1/2025",="AP100-A",
="800001668",="Present",="4/8/2025",="AP100-A",
="800001668",="Present",="4/15/2025",="AP100-A",
="800001668",="Present",="1/9/2025",="PSY101 -A",
="800001668",="Present",="1/16/2025",="PSY101 -A",
="800001668",="Present",="1/30/2025",="PSY101 -A",
="800001668",="Present",="2/6/2025",="PSY101 -A",
="800001668",="Present",="2/13/2025",="PSY101 -A",
="800001668",="Present",="2/20/2025",="PSY101 -A",
="800001668",="Present",="2/27/2025",="PSY101 -A",
="800001668",="Present",="3/6/2025",="PSY101 -A",
="800001668",="Present",="3/13/2025",="PSY101 -A",
="800001668",="Present",="3/20/2025",="PSY101 -A",
="800001668",="Present",="3/27/2025",="PSY101 -A",
="800001668",="Present",="4/3/2025",="PSY101 -A",
="800001668",="Present",="1/10/2025",="COL010 -A",
="800001668",="Present",="1/17/2025",="COL010 -A",
="800001668",="Present",="1/24/2025",="COL010 -A",
="800001668",="Present",="1/31/2025",="COL010 -A",
="800001668",="Present",="1/7/2025",="NUR100-L-A2",
="800001668",="Present",="1/14/2025",="NUR100-L-A2",
="800001668",="Present",="1/21/2025",="NUR100-L-A2",
="800001668",="Present",="2/4/2025",="NUR100-L-A2",
="800001668",="Present",="2/11/2025",="NUR100-L-A2",
="800001668",="Present",="2/18/2025",="NUR100-L-A2",
="800001668",="Present",="2/24/2025",="NUR100-L-A2",
="800001668",="Present",="2/25/2025",="NUR100-L-A2",
="800001668",="Present",="2/26/2025",="NUR100-L-A2",
="800001668",="Present",="3/4/2025",="NUR100-L-A2",
="800001668",="Present",="3/18/2025",="NUR100-L-A2",
="800001668",="Present",="3/25/2025",="NUR100-L-A2",
="800001668",="Present",="4/1/2025",="NUR100-L-A2",
="800001668",="Present",="4/8/2025",="NUR100-L-A2",
="800001668",="Present",="4/14/2025",="NUR100-L-A2",
="800001668",="Present",="4/17/2025",="NUR100-L-A2",
="800001668",="Present",="4/21/2025",="NUR100-L-A2",
="800001668",="Present",="4/22/2025",="NUR100-L-A2",
="800001668",="Present",="2/25/2025",="NUR100-C-A3",
="800001668",="Present",="1/6/2025",="NUR100 -A",
="800001668",="Present",="1/13/2025",="NUR100 -A",
="800001668",="Present",="1/14/2025",="NUR100 -A",
="800001668",="Present",="1/27/2025",="NUR100 -A",
="800001668",="Present",="2/3/2025",="NUR100 -A",
="800001668",="Present",="2/10/2025",="NUR100 -A",
="800001668",="Present",="2/17/2025",="NUR100 -A",
="800001668",="Present",="3/10/2025",="NUR100 -A",
="800001668",="Present",="3/11/2025",="NUR100 -A",
="800001668",="Present",="3/17/2025",="NUR100 -A",
="800001668",="Present",="3/24/2025",="NUR100 -A",
="800001668",="Present",="3/31/2025",="NUR100 -A",
="800001668",="Present",="4/7/2025",="NUR100 -A",
="800001668",="Present",="4/14/2025",="NUR100 -A",
="800001668",="Present",="1/8/2025",="ENG101 -A",
="800001668",="Present",="1/15/2025",="ENG101 -A",
="800001668",="Present",="1/22/2025",="ENG101 -A",
="800001668",="Present",="1/29/2025",="ENG101 -A",
="800001668",="Present",="2/5/2025",="ENG101 -A",
="800001668",="Present",="2/12/2025",="ENG101 -A",
="800001668",="Present",="2/19/2025",="ENG101 -A",
="800001668",="Present",="2/26/2025",="ENG101 -A",
="800001668",="Present",="3/5/2025",="ENG101 -A",
="800001668",="Present",="3/12/2025",="ENG101 -A",
="800001668",="Present",="3/19/2025",="ENG101 -A",
="800001668",="Present",="3/26/2025",="ENG101 -A",
="800001668",="Present",="4/2/2025",="ENG101 -A",
="800001668",="Present",="4/9/2025",="ENG101 -A",
="800001662",="Present",="1/15/2025",="ENG101 -A",
="800001662",="Tardy/Late",="1/22/2025",="ENG101 -A",
="800001662",="Absent",="1/29/2025",="ENG101 -A",
="800001662",="Present",="2/5/2025",="ENG101 -A",
="800001662",="Present",="2/12/2025",="ENG101 -A",
="800001662",="Present",="2/19/2025",="ENG101 -A",
="800001662",="Absent",="2/26/2025",="ENG101 -A",
="800001662",="Absent",="3/5/2025",="ENG101 -A",
="800001662",="Absent",="1/7/2025",="NUR100-L-A2",
="800001662",="Absent",="1/14/2025",="NUR100-L-A2",
="800001662",="Present",="1/21/2025",="NUR100-L-A2",
="800001662",="Present",="2/4/2025",="NUR100-L-A2",
="800001662",="Absent",="2/11/2025",="NUR100-L-A2",
="800001662",="Absent",="2/18/2025",="NUR100-L-A2",
="800001662",="Present",="1/10/2025",="COL010 -A",
="800001662",="Present",="1/17/2025",="COL010 -A",
="800001662",="Present",="1/24/2025",="COL010 -A",
="800001662",="Present",="1/31/2025",="COL010 -A",
="800001662",="Present",="1/9/2025",="PSY101 -A",
="800001662",="Present",="1/16/2025",="PSY101 -A",
="800001662",="Absent",="1/30/2025",="PSY101 -A",
="800001662",="Present",="2/6/2025",="PSY101 -A",
="800001662",="Present",="2/13/2025",="PSY101 -A",
="800001662",="Absent",="2/20/2025",="PSY101 -A",
="800001662",="Present",="2/27/2025",="PSY101 -A",
="800001662",="Absent",="3/6/2025",="PSY101 -A",
="800001662",="Absent",="1/6/2025",="NUR100 -A",
="800001662",="Present",="1/13/2025",="NUR100 -A",
="800001662",="Absent excused",="1/14/2025",="NUR100 -A",
="800001662",="Present",="1/27/2025",="NUR100 -A",
="800001662",="Present",="2/10/2025",="NUR100 -A",
="800001662",="Absent",="2/17/2025",="NUR100 -A",
="800001279",="Present",="3/7/2025",="NUR255-C-P2",
="800001279",="Present",="3/8/2025",="NUR255-C-P2",
="800001279",="Present",="4/14/2025",="NUR290 -A-1",
="800001279",="Present",="4/28/2025",="NUR290 -A-1",
="800001279",="Present",="5/2/2025",="NUR290 -A-1",
="800001279",="Present",="1/12/2025",="ENG102 - OL",
="800001279",="Present",="1/19/2025",="ENG102 - OL",
="800001279",="Present",="1/26/2025",="ENG102 - OL",
="800001279",="Present",="2/2/2025",="ENG102 - OL",
="800001279",="Present",="2/9/2025",="ENG102 - OL",
="800001279",="Present",="2/16/2025",="ENG102 - OL",
="800001279",="Present",="2/23/2025",="ENG102 - OL",
="800001279",="Present",="3/2/2025",="ENG102 - OL",
="800001279",="Present",="3/9/2025",="ENG102 - OL",
="800001279",="Present",="3/16/2025",="ENG102 - OL",
="800001279",="Present",="3/23/2025",="ENG102 - OL",
="800001279",="Present",="4/6/2025",="ENG102 - OL",
="800001279",="Present",="2/26/2025",="NUR265-C-P1",
="800001279",="Present",="3/5/2025",="NUR265-C-P1",
="800001279",="Present",="3/6/2025",="NUR265-C-P1",
="800001279",="Present",="1/8/2025",="NUR270-P",
="800001279",="Present",="1/15/2025",="NUR270-P",
="800001279",="Present",="1/22/2025",="NUR270-P",
="800001279",="Present",="1/29/2025",="NUR270-P",
="800001279",="Present",="2/5/2025",="NUR270-P",
="800001279",="Present",="2/12/2025",="NUR270-P",
="800001279",="Present",="2/19/2025",="NUR270-P",
="800001279",="Present",="3/12/2025",="NUR270-P",
="800001279",="Present",="3/19/2025",="NUR270-P",
="800001279",="Present",="3/26/2025",="NUR270-P",
="800001279",="Present",="4/2/2025",="NUR270-P",
="800001279",="Present",="4/9/2025",="NUR270-P",
="800001279",="Present",="4/16/2025",="NUR270-P",
="800001279",="Present",="1/10/2025",="STAT101-A",
="800001279",="Present",="1/17/2025",="STAT101-A",
="800001279",="Present",="1/24/2025",="STAT101-A",
="800001279",="Present",="2/7/2025",="STAT101-A",
="800001279",="Present",="2/14/2025",="STAT101-A",
="800001279",="Absent",="2/21/2025",="STAT101-A",
="800001279",="Present",="2/28/2025",="STAT101-A",
="800001279",="Present",="3/7/2025",="STAT101-A",
="800001279",="Present",="3/14/2025",="STAT101-A",
="800001279",="Present",="3/21/2025",="STAT101-A",
="800001279",="Present",="3/28/2025",="STAT101-A",
="800001279",="Present",="4/11/2025",="STAT101-A",
="800001279",="Present",="1/6/2025",="NUR265 -P",
="800001279",="Present",="1/13/2025",="NUR265 -P",
="800001279",="Present",="1/27/2025",="NUR265 -P",
="800001279",="Present",="2/3/2025",="NUR265 -P",
="800001279",="Present",="2/10/2025",="NUR265 -P",
="800001279",="Present",="2/17/2025",="NUR265 -P",
="800001279",="Present",="2/24/2025",="NUR265 -P",
="800001279",="Present",="3/3/2025",="NUR265 -P",
="800001279",="Present",="1/16/2025",="NUR255 -P",
="800001279",="Present",="1/23/2025",="NUR255 -P",
="800001279",="Present",="1/30/2025",="NUR255 -P",
="800001279",="Present",="2/6/2025",="NUR255 -P",
="800001279",="Present",="2/13/2025",="NUR255 -P",
="800001279",="Present",="2/20/2025",="NUR255 -P",
="800001279",="Present",="2/27/2025",="NUR255 -P",
="800001279",="Present",="3/6/2025",="NUR255 -P",
="800001279",="No class",="3/13/2025",="NUR255 -P",
="800000550",="Present",="4/14/2025",="NUR290 -A-1",
="800000550",="Present",="4/28/2025",="NUR290 -A-1",
="800000550",="Present",="5/2/2025",="NUR290 -A-1",
="800001428",="Present",="1/22/2025",="PHARM130-P",
="800001428",="Present",="1/29/2025",="PHARM130-P",
="800001428",="Present",="2/5/2025",="PHARM130-P",
="800001428",="Present",="2/12/2025",="PHARM130-P",
="800001428",="Absent",="2/19/2025",="PHARM130-P",
="800001428",="Present",="1/7/2025",="NUR120-A",
="800001428",="Present",="1/14/2025",="NUR120-A",
="800001428",="Present",="1/21/2025",="NUR120-A",
="800001428",="Present",="1/28/2025",="NUR120-A",
="800001428",="Present",="2/4/2025",="NUR120-A",
="800001428",="Present",="2/11/2025",="NUR120-A",
="800001533",="Present",="2/10/2025",="PHARM100-A",
="800001533",="Present",="2/17/2025",="PHARM100-A",
="800001533",="Present",="3/3/2025",="PHARM100-A",
="800001533",="Present",="3/10/2025",="PHARM100-A",
="800001533",="Present",="3/17/2025",="PHARM100-A",
="800001533",="Present",="3/24/2025",="PHARM100-A",
="800001533",="Present",="3/31/2025",="PHARM100-A",
="800001533",="Present",="4/7/2025",="PHARM100-A",
="800001533",="Present",="1/12/2025",="NUT100 -OL II",
="800001533",="Present",="1/19/2025",="NUT100 -OL II",
="800001533",="Present",="1/26/2025",="NUT100 -OL II",
="800001533",="Present",="2/2/2025",="NUT100 -OL II",
="800001533",="Present",="2/9/2025",="NUT100 -OL II",
="800001533",="Present",="2/16/2025",="NUT100 -OL II",
="800001533",="Present",="2/23/2025",="NUT100 -OL II",
="800001533",="Present",="3/2/2025",="NUT100 -OL II",
="800001533",="Present",="3/9/2025",="NUT100 -OL II",
="800001533",="Present",="3/16/2025",="NUT100 -OL II",
="800001533",="Present",="3/23/2025",="NUT100 -OL II",
="800001533",="Present",="3/30/2025",="NUT100 -OL II",
="800001533",="Present",="4/6/2025",="NUT100 -OL II",
="800001533",="Present",="4/13/2025",="NUT100 -OL II",
="800001533",="Present",="1/7/2025",="NUR125-A",
="800001533",="Present",="1/14/2025",="NUR125-A",
="800001533",="Present",="1/21/2025",="NUR125-A",
="800001533",="Present",="1/28/2025",="NUR125-A",
="800001533",="Present",="2/4/2025",="NUR125-A",
="800001533",="Present",="2/11/2025",="NUR125-A",
="800001533",="Present",="2/18/2025",="NUR125-A",
="800001533",="Present",="3/11/2025",="NUR125-A",
="800001533",="Present",="3/18/2025",="NUR125-A",
="800001533",="Present",="3/25/2025",="NUR125-A",
="800001533",="Present",="4/1/2025",="NUR125-A",
="800001533",="Present",="4/8/2025",="NUR125-A",
="800001533",="Present",="1/14/2025",="NUR125-L-A1",
="800001533",="Present",="1/21/2025",="NUR125-L-A1",
="800001533",="Present",="1/28/2025",="NUR125-L-A1",
="800001533",="Present",="2/4/2025",="NUR125-L-A1",
="800001533",="Present",="2/11/2025",="NUR125-L-A1",
="800001533",="Present",="2/18/2025",="NUR125-L-A1",
="800001533",="No class",="2/20/2025",="NUR125-L-A1",
="800001533",="Present",="2/25/2025",="NUR125-L-A1",
="800001533",="No class",="2/27/2025",="NUR125-L-A1",
="800001533",="Present",="3/11/2025",="NUR125-L-A1",
="800001533",="Present",="3/18/2025",="NUR125-L-A1",
="800001533",="Present",="3/25/2025",="NUR125-L-A1",
="800001533",="Present",="4/1/2025",="NUR125-L-A1",
="800001533",="Present",="4/8/2025",="NUR125-L-A1",
="800001100",="Present",="1/16/2025",="NUR145 - A",
="800001100",="Present",="1/23/2025",="NUR145 - A",
="800001100",="Present",="1/30/2025",="NUR145 - A",
="800001100",="Present",="2/6/2025",="NUR145 - A",
="800001100",="Present",="2/13/2025",="NUR145 - A",
="800001100",="Present",="2/20/2025",="NUR145 - A",
="800001100",="Present",="3/13/2025",="NUR145 - A",
="800001100",="Present",="3/20/2025",="NUR145 - A",
="800001100",="Present",="3/27/2025",="NUR145 - A",
="800001100",="Present",="4/3/2025",="NUR145 - A",
="800001100",="Present",="4/10/2025",="NUR145 - A",
="800001100",="No class",="2/27/2025",="NUR145-L-A",
="800001100",="Present",="3/6/2025",="NUR145-L-A",
="800001498",="Present",="1/6/2025",="NUR100 -A",
="800001498",="Present",="1/13/2025",="NUR100 -A",
="800001498",="Present",="1/14/2025",="NUR100 -A",
="800001498",="Absent",="1/27/2025",="NUR100 -A",
="800001498",="Present",="2/3/2025",="NUR100 -A",
="800001498",="Present",="2/10/2025",="NUR100 -A",
="800001498",="Absent",="2/17/2025",="NUR100 -A",
="800001498",="Present",="3/10/2025",="NUR100 -A",
="800001498",="Present",="3/11/2025",="NUR100 -A",
="800001498",="Present",="3/17/2025",="NUR100 -A",
="800001498",="Absent",="3/24/2025",="NUR100 -A",
="800001498",="Present",="3/31/2025",="NUR100 -A",
="800001498",="Absent",="4/7/2025",="NUR100 -A",
="800001498",="Present",="4/14/2025",="NUR100 -A",
="800001498",="Present",="1/7/2025",="NUR100-L-A2",
="800001498",="Present",="1/14/2025",="NUR100-L-A2",
="800001498",="Present",="1/21/2025",="NUR100-L-A2",
="800001498",="Absent",="2/4/2025",="NUR100-L-A2",
="800001498",="Present",="2/11/2025",="NUR100-L-A2",
="800001498",="Present",="2/18/2025",="NUR100-L-A2",
="800001498",="Present",="2/25/2025",="NUR100-L-A2",
="800001498",="Present",="3/4/2025",="NUR100-L-A2",
="800001498",="Present",="3/6/2025",="NUR100-L-A2",
="800001498",="Present",="3/18/2025",="NUR100-L-A2",
="800001498",="Present",="3/25/2025",="NUR100-L-A2",
="800001498",="Present",="4/1/2025",="NUR100-L-A2",
="800001498",="Present",="4/8/2025",="NUR100-L-A2",
="800001498",="Present",="4/14/2025",="NUR100-L-A2",
="800001498",="Present",="4/15/2025",="NUR100-L-A2",
="800001498",="Present",="4/21/2025",="NUR100-L-A2",
="800001498",="Present",="4/22/2025",="NUR100-L-A2",
="800001498",="Present",="1/12/2025",="NUT100 -OL II",
="800001498",="Present",="1/19/2025",="NUT100 -OL II",
="800001498",="Present",="1/26/2025",="NUT100 -OL II",
="800001498",="Present",="2/2/2025",="NUT100 -OL II",
="800001498",="Present",="2/9/2025",="NUT100 -OL II",
="800001498",="Present",="2/16/2025",="NUT100 -OL II",
="800001498",="Present",="2/23/2025",="NUT100 -OL II",
="800001498",="Present",="3/2/2025",="NUT100 -OL II",
="800001498",="Present",="3/9/2025",="NUT100 -OL II",
="800001498",="Present",="3/16/2025",="NUT100 -OL II",
="800001498",="Present",="3/23/2025",="NUT100 -OL II",
="800001498",="Present",="3/30/2025",="NUT100 -OL II",
="800001498",="Present",="4/6/2025",="NUT100 -OL II",
="800001498",="Present",="4/13/2025",="NUT100 -OL II",
="800001498",="Present",="1/7/2025",="AP100-A",
="800001498",="Present",="1/14/2025",="AP100-A",
="800001498",="Present",="1/21/2025",="AP100-A",
="800001498",="Present",="1/28/2025",="AP100-A",
="800001498",="Present",="2/4/2025",="AP100-A",
="800001498",="Present",="2/11/2025",="AP100-A",
="800001498",="Absent",="2/18/2025",="AP100-A",
="800001498",="Present",="2/25/2025",="AP100-A",
="800001498",="Present",="3/4/2025",="AP100-A",
="800001498",="Present",="3/11/2025",="AP100-A",
="800001498",="Present",="3/18/2025",="AP100-A",
="800001498",="Present",="3/25/2025",="AP100-A",
="800001498",="Absent",="4/1/2025",="AP100-A",
="800001498",="Present",="4/8/2025",="AP100-A",
="800001498",="Present",="4/15/2025",="AP100-A",
="800001368",="Present",="1/23/2025",="NUR140-A",
="800001368",="Present",="1/30/2025",="NUR140-A",
="800001368",="Present",="2/6/2025",="NUR140-A",
="800001368",="Present",="2/13/2025",="NUR140-A",
="800001368",="Present",="2/20/2025",="NUR140-A",
="800001368",="Present",="3/13/2025",="NUR140-A",
="800001368",="Present",="3/27/2025",="NUR140-A",
="800001368",="Present",="4/3/2025",="NUR140-A",
="800001368",="Present",="1/15/2025",="NUR150 -A",
="800001368",="Present",="1/22/2025",="NUR150 -A",
="800001368",="Present",="1/29/2025",="NUR150 -A",
="800001368",="Present",="2/5/2025",="NUR150 -A",
="800001368",="Present",="2/12/2025",="NUR150 -A",
="800001368",="Present",="2/19/2025",="NUR150 -A",
="800001368",="Present",="3/12/2025",="NUR150 -A",
="800001368",="Present",="3/19/2025",="NUR150 -A",
="800001368",="Absent",="3/26/2025",="NUR150 -A",
="800001368",="Absent",="4/2/2025",="NUR150 -A",
="800001368",="No class",="2/27/2025",="NUR145-L-A",
="800001368",="Present",="3/6/2025",="NUR145-L-A",
="800001368",="Present",="4/25/2025",="NUR140 -C-A2",
="800001368",="Present",="4/26/2025",="NUR140 -C-A2",
="800001368",="Present",="1/8/2025",="PHARM130-P",
="800001368",="Present",="1/15/2025",="PHARM130-P",
="800001368",="Present",="1/22/2025",="PHARM130-P",
="800001368",="Present",="1/29/2025",="PHARM130-P",
="800001368",="Present",="2/5/2025",="PHARM130-P",
="800001368",="Present",="2/12/2025",="PHARM130-P",
="800001368",="Present",="2/19/2025",="PHARM130-P",
="800001368",="No class",="2/26/2025",="PHARM130-P",
="800001368",="No class",="3/5/2025",="PHARM130-P",
="800001368",="Present",="3/12/2025",="PHARM130-P",
="800001368",="Tardy/Late",="3/19/2025",="PHARM130-P",
="800001368",="Present",="3/26/2025",="PHARM130-P",
="800001368",="Present",="4/2/2025",="PHARM130-P",
="800001368",="Present",="4/9/2025",="PHARM130-P",
="800001368",="Present",="4/16/2025",="PHARM130-P",
="800001368",="Present",="2/27/2025",="NUR150 -L-A1",
="800001368",="Present",="3/5/2025",="NUR150 -L-A1",
="800001368",="Present",="3/6/2025",="NUR150 -L-A1",
="800001368",="Present",="1/16/2025",="NUR145 - A",
="800001368",="Present",="1/23/2025",="NUR145 - A",
="800001368",="Present",="1/30/2025",="NUR145 - A",
="800001368",="Present",="2/6/2025",="NUR145 - A",
="800001368",="Present",="2/13/2025",="NUR145 - A",
="800001368",="Present",="2/20/2025",="NUR145 - A",
="800001368",="Present",="3/13/2025",="NUR145 - A",
="800001368",="Present",="3/20/2025",="NUR145 - A",
="800001368",="Present",="3/27/2025",="NUR145 - A",
="800001368",="Present",="4/3/2025",="NUR145 - A",
="800001368",="Present",="4/10/2025",="NUR145 - A",
="800001368",="Present",="2/26/2025",="NUR145-S-A2",
="800001368",="Present",="3/5/2025",="NUR145-S-A2",
="800001642",="Present",="1/7/2025",="NUR100-L-A2",
="800001642",="Present",="1/14/2025",="NUR100-L-A2",
="800001642",="Present",="1/21/2025",="NUR100-L-A2",
="800001642",="Present",="2/4/2025",="NUR100-L-A2",
="800001642",="Present",="2/11/2025",="NUR100-L-A2",
="800001642",="Present",="2/18/2025",="NUR100-L-A2",
="800001642",="Present",="2/20/2025",="NUR100-L-A2",
="800001642",="Present",="2/25/2025",="NUR100-L-A2",
="800001642",="Present",="3/4/2025",="NUR100-L-A2",
="800001642",="Present",="3/18/2025",="NUR100-L-A2",
="800001642",="Present",="3/25/2025",="NUR100-L-A2",
="800001642",="Present",="4/1/2025",="NUR100-L-A2",
="800001642",="Present",="4/2/2025",="NUR100-L-A2",
="800001642",="Present",="4/8/2025",="NUR100-L-A2",
="800001642",="Present",="4/9/2025",="NUR100-L-A2",
="800001642",="Present",="4/10/2025",="NUR100-L-A2",
="800001642",="Present",="4/11/2025",="NUR100-L-A2",
="800001642",="Present",="4/22/2025",="NUR100-L-A2",
="800001642",="Present",="2/25/2025",="NUR100-C-A3",
="800001642",="Present",="1/7/2025",="AP100-A",
="800001642",="Present",="1/14/2025",="AP100-A",
="800001642",="Present",="1/21/2025",="AP100-A",
="800001642",="Present",="1/28/2025",="AP100-A",
="800001642",="Present",="2/4/2025",="AP100-A",
="800001642",="Present",="2/11/2025",="AP100-A",
="800001642",="Present",="2/18/2025",="AP100-A",
="800001642",="Present",="2/25/2025",="AP100-A",
="800001642",="Present",="3/4/2025",="AP100-A",
="800001642",="Present",="3/11/2025",="AP100-A",
="800001642",="Present",="3/18/2025",="AP100-A",
="800001642",="Present",="3/25/2025",="AP100-A",
="800001642",="Present",="4/1/2025",="AP100-A",
="800001642",="Present",="4/8/2025",="AP100-A",
="800001642",="Present",="4/15/2025",="AP100-A",
="800001642",="Present",="1/6/2025",="NUR100 -A",
="800001642",="Present",="1/13/2025",="NUR100 -A",
="800001642",="Present",="1/14/2025",="NUR100 -A",
="800001642",="Present",="1/27/2025",="NUR100 -A",
="800001642",="Present",="2/3/2025",="NUR100 -A",
="800001642",="Present",="2/10/2025",="NUR100 -A",
="800001642",="Present",="2/17/2025",="NUR100 -A",
="800001642",="Present",="3/10/2025",="NUR100 -A",
="800001642",="Present",="3/11/2025",="NUR100 -A",
="800001642",="Present",="3/17/2025",="NUR100 -A",
="800001642",="Present",="3/24/2025",="NUR100 -A",
="800001642",="Present",="3/31/2025",="NUR100 -A",
="800001642",="Present",="4/2/2025",="NUR100 -A",
="800001642",="Present",="4/7/2025",="NUR100 -A",
="800001642",="Present",="4/9/2025",="NUR100 -A",
="800001642",="Present",="4/10/2025",="NUR100 -A",
="800001642",="Present",="4/11/2025",="NUR100 -A",
="800001642",="Present",="4/14/2025",="NUR100 -A",
="800001642",="Present",="1/10/2025",="COL010 -A",
="800001642",="Present",="1/17/2025",="COL010 -A",
="800001642",="Present",="1/24/2025",="COL010 -A",
="800001642",="Present",="1/31/2025",="COL010 -A",
="800001642",="Present",="2/10/2025",="PHARM100-A",
="800001642",="Present",="2/17/2025",="PHARM100-A",
="800001642",="Present",="3/3/2025",="PHARM100-A",
="800001642",="Present",="3/10/2025",="PHARM100-A",
="800001642",="Present",="3/17/2025",="PHARM100-A",
="800001642",="Present",="3/24/2025",="PHARM100-A",
="800001642",="Present",="3/31/2025",="PHARM100-A",
="800001642",="Present",="4/7/2025",="PHARM100-A",
="800001614",="Present",="1/9/2025",="AP100-P",
="800001614",="Present",="1/16/2025",="AP100-P",
="800001614",="Present",="1/23/2025",="AP100-P",
="800001614",="Present",="1/30/2025",="AP100-P",
="800001614",="Present",="2/6/2025",="AP100-P",
="800001614",="Absent",="2/13/2025",="AP100-P",
="800001614",="Present",="2/20/2025",="AP100-P",
="800001614",="Present",="2/27/2025",="AP100-P",
="800001614",="Present",="3/6/2025",="AP100-P",
="800001614",="Present",="3/13/2025",="AP100-P",
="800001614",="Present",="3/20/2025",="AP100-P",
="800001614",="Absent",="3/27/2025",="AP100-P",
="800001614",="Present",="4/3/2025",="AP100-P",
="800001614",="Present",="4/10/2025",="AP100-P",
="800001614",="Present",="4/17/2025",="AP100-P",
="800001614",="Absent",="1/12/2025",="PSY101 -OL",
="800001614",="Absent",="1/19/2025",="PSY101 -OL",
="800001614",="Present",="1/26/2025",="PSY101 -OL",
="800001614",="Absent",="2/2/2025",="PSY101 -OL",
="800001614",="Absent",="2/9/2025",="PSY101 -OL",
="800001614",="Absent",="2/16/2025",="PSY101 -OL",
="800001614",="Absent",="2/23/2025",="PSY101 -OL",
="800001614",="Present",="3/2/2025",="PSY101 -OL",
="800001614",="Present",="3/9/2025",="PSY101 -OL",
="800001614",="Absent",="3/16/2025",="PSY101 -OL",
="800001614",="Present",="3/23/2025",="PSY101 -OL",
="800001614",="Present",="3/30/2025",="PSY101 -OL",
="800001614",="Absent",="4/6/2025",="PSY101 -OL",
="800001614",="Present",="4/13/2025",="PSY101 -OL",
="800001614",="Present",="1/12/2025",="COL010 - OL I",
="800001614",="Absent",="1/19/2025",="COL010 - OL I",
="800001614",="Absent",="1/26/2025",="COL010 - OL I",
="800001614",="Absent",="2/2/2025",="COL010 - OL I",
="800001614",="Present",="1/13/2025",="NUR100-L-P1",
="800001614",="Absent",="1/14/2025",="NUR100-L-P1",
="800001614",="Absent",="1/21/2025",="NUR100-L-P1",
="800001614",="Present",="1/28/2025",="NUR100-L-P1",
="800001614",="Present",="2/4/2025",="NUR100-L-P1",
="800001614",="Present",="2/11/2025",="NUR100-L-P1",
="800001614",="Present",="2/18/2025",="NUR100-L-P1",
="800001614",="No class",="2/25/2025",="NUR100-L-P1",
="800001614",="No class",="3/4/2025",="NUR100-L-P1",
="800001614",="Present",="3/25/2025",="NUR100-L-P1",
="800001614",="Present",="4/1/2025",="NUR100-L-P1",
="800001614",="Present",="4/8/2025",="NUR100-L-P1",
="800001614",="Present",="1/6/2025",="NUR100-P",
="800001614",="Present",="1/7/2025",="NUR100-P",
="800001614",="Present",="1/13/2025",="NUR100-P",
="800001614",="Present",="1/14/2025",="NUR100-P",
="800001614",="Present",="1/27/2025",="NUR100-P",
="800001614",="Present",="2/3/2025",="NUR100-P",
="800001614",="Present",="2/10/2025",="NUR100-P",
="800001614",="Present",="2/17/2025",="NUR100-P",
="800001614",="Present",="3/10/2025",="NUR100-P",
="800001614",="Present",="3/17/2025",="NUR100-P",
="800001614",="Present",="3/24/2025",="NUR100-P",
="800001614",="Present",="3/31/2025",="NUR100-P",
="800001614",="Present",="4/7/2025",="NUR100-P",
="800001614",="Present",="1/10/2025",="ENG101 -P",
="800001614",="Absent",="1/17/2025",="ENG101 -P",
="800001614",="Present",="1/24/2025",="ENG101 -P",
="800001614",="Present",="1/31/2025",="ENG101 -P",
="800001614",="Present",="2/7/2025",="ENG101 -P",
="800001614",="Absent",="2/14/2025",="ENG101 -P",
="800001614",="Present",="2/21/2025",="ENG101 -P",
="800001614",="Present",="2/28/2025",="ENG101 -P",
="800001614",="Present",="3/7/2025",="ENG101 -P",
="800001614",="Present",="3/14/2025",="ENG101 -P",
="800001614",="Present",="3/21/2025",="ENG101 -P",
="800001614",="Present",="3/28/2025",="ENG101 -P",
="800001614",="Present",="4/4/2025",="ENG101 -P",
="800001614",="Present",="4/11/2025",="ENG101 -P",
="800001614",="Present",="2/5/2025",="PHARM100-P",
="800001614",="Present",="2/12/2025",="PHARM100-P",
="800001614",="Present",="2/19/2025",="PHARM100-P",
="800001614",="Present",="2/26/2025",="PHARM100-P",
="800001614",="Present",="3/5/2025",="PHARM100-P",
="800001614",="Present",="3/12/2025",="PHARM100-P",
="800001614",="Present",="3/19/2025",="PHARM100-P",
="800001614",="Present",="3/26/2025",="PHARM100-P",
="800001614",="Present",="4/2/2025",="PHARM100-P",
="800001614",="Present",="4/9/2025",="PHARM100-P",
="800001646",="Present",="1/10/2025",="COL010 -A",
="800001646",="Present",="1/17/2025",="COL010 -A",
="800001646",="Present",="1/24/2025",="COL010 -A",
="800001646",="Present",="1/31/2025",="COL010 -A",
="800001646",="Present",="1/8/2025",="ENG101 -A",
="800001646",="Present",="1/15/2025",="ENG101 -A",
="800001646",="Present",="1/22/2025",="ENG101 -A",
="800001646",="Present",="1/29/2025",="ENG101 -A",
="800001646",="Present",="2/5/2025",="ENG101 -A",
="800001646",="Present",="2/12/2025",="ENG101 -A",
="800001646",="Present",="2/19/2025",="ENG101 -A",
="800001646",="Present",="2/26/2025",="ENG101 -A",
="800001646",="Present",="3/5/2025",="ENG101 -A",
="800001646",="Present",="3/12/2025",="ENG101 -A",
="800001646",="Present",="3/19/2025",="ENG101 -A",
="800001646",="Present",="3/26/2025",="ENG101 -A",
="800001646",="Tardy/Late",="4/2/2025",="ENG101 -A",
="800001646",="Present",="4/9/2025",="ENG101 -A",
="800001646",="Present",="1/7/2025",="AP100-A",
="800001646",="Present",="1/14/2025",="AP100-A",
="800001646",="Present",="1/21/2025",="AP100-A",
="800001646",="Present",="1/28/2025",="AP100-A",
="800001646",="Present",="2/4/2025",="AP100-A",
="800001646",="Present",="2/11/2025",="AP100-A",
="800001646",="Present",="2/18/2025",="AP100-A",
="800001646",="Present",="2/25/2025",="AP100-A",
="800001646",="Present",="3/4/2025",="AP100-A",
="800001646",="Present",="3/11/2025",="AP100-A",
="800001646",="Present",="3/18/2025",="AP100-A",
="800001646",="Present",="3/25/2025",="AP100-A",
="800001646",="Present",="4/1/2025",="AP100-A",
="800001646",="Present",="4/8/2025",="AP100-A",
="800001646",="Present",="4/15/2025",="AP100-A",
="800001655",="Present",="1/9/2025",="AP100-P",
="800001655",="Present",="1/16/2025",="AP100-P",
="800001655",="Present",="1/23/2025",="AP100-P",
="800001655",="Present",="1/30/2025",="AP100-P",
="800001655",="Present",="2/6/2025",="AP100-P",
="800001655",="Present",="2/13/2025",="AP100-P",
="800001655",="Present",="2/20/2025",="AP100-P",
="800001655",="Present",="2/27/2025",="AP100-P",
="800001655",="Present",="3/6/2025",="AP100-P",
="800001655",="Present",="3/13/2025",="AP100-P",
="800001655",="Present",="3/20/2025",="AP100-P",
="800001655",="Present",="3/27/2025",="AP100-P",
="800001655",="Absent",="4/3/2025",="AP100-P",
="800001655",="Present",="4/10/2025",="AP100-P",
="800001655",="Present",="4/17/2025",="AP100-P",
="800001655",="Present",="1/12/2025",="PSY101 -OL",
="800001655",="Present",="1/19/2025",="PSY101 -OL",
="800001655",="Present",="1/26/2025",="PSY101 -OL",
="800001655",="Present",="2/2/2025",="PSY101 -OL",
="800001655",="Present",="2/9/2025",="PSY101 -OL",
="800001655",="Present",="2/16/2025",="PSY101 -OL",
="800001655",="Present",="2/23/2025",="PSY101 -OL",
="800001655",="Present",="3/2/2025",="PSY101 -OL",
="800001655",="Present",="3/9/2025",="PSY101 -OL",
="800001655",="Present",="3/16/2025",="PSY101 -OL",
="800001655",="Present",="3/23/2025",="PSY101 -OL",
="800001655",="Present",="3/30/2025",="PSY101 -OL",
="800001655",="Present",="4/6/2025",="PSY101 -OL",
="800001655",="Present",="4/13/2025",="PSY101 -OL",
="800001656",="Present",="1/10/2025",="COL010 -A",
="800001656",="Present",="1/17/2025",="COL010 -A",
="800001656",="Present",="1/24/2025",="COL010 -A",
="800001656",="Present",="1/31/2025",="COL010 -A",
="800001624",="Present",="2/5/2025",="PHARM100-P",
="800001624",="Present",="2/12/2025",="PHARM100-P",
="800001624",="Absent",="2/19/2025",="PHARM100-P",
="800001624",="Absent",="2/26/2025",="PHARM100-P",
="800001624",="Absent",="3/5/2025",="PHARM100-P",
="800001624",="Absent",="3/12/2025",="PHARM100-P",
="800001624",="Absent",="3/19/2025",="PHARM100-P",
="800001624",="Absent",="3/26/2025",="PHARM100-P",
="800001624",="Present",="1/9/2025",="AP100-P",
="800001624",="Present",="1/16/2025",="AP100-P",
="800001624",="Present",="1/23/2025",="AP100-P",
="800001624",="Present",="1/30/2025",="AP100-P",
="800001624",="Present",="2/6/2025",="AP100-P",
="800001624",="Present",="2/13/2025",="AP100-P",
="800001624",="Absent",="2/20/2025",="AP100-P",
="800001624",="Absent",="2/27/2025",="AP100-P",
="800001624",="Absent",="3/6/2025",="AP100-P",
="800001624",="Absent",="3/13/2025",="AP100-P",
="800001624",="Absent",="3/20/2025",="AP100-P",
="800001624",="Absent",="3/27/2025",="AP100-P",
="800001624",="Present",="1/14/2025",="NUR100-L-P2",
="800001624",="Present",="1/21/2025",="NUR100-L-P2",
="800001624",="Present",="1/28/2025",="NUR100-L-P2",
="800001624",="Present",="2/4/2025",="NUR100-L-P2",
="800001624",="Present",="2/11/2025",="NUR100-L-P2",
="800001624",="Absent",="2/18/2025",="NUR100-L-P2",
="800001624",="No class",="2/28/2025",="NUR100-L-P2",
="800001624",="No class",="3/5/2025",="NUR100-L-P2",
="800001624",="No class",="3/6/2025",="NUR100-L-P2",
="800001624",="Absent",="3/25/2025",="NUR100-L-P2",
="800001624",="Absent",="4/1/2025",="NUR100-L-P2",
="800001624",="Present",="1/12/2025",="COL010 - OL I",
="800001624",="Present",="1/19/2025",="COL010 - OL I",
="800001624",="Present",="1/26/2025",="COL010 - OL I",
="800001624",="Present",="2/2/2025",="COL010 - OL I",
="800001624",="Present",="1/6/2025",="NUR100-P",
="800001624",="Present",="1/7/2025",="NUR100-P",
="800001624",="Present",="1/13/2025",="NUR100-P",
="800001624",="Present",="1/14/2025",="NUR100-P",
="800001624",="Present",="1/27/2025",="NUR100-P",
="800001624",="Absent",="2/3/2025",="NUR100-P",
="800001624",="Absent",="2/10/2025",="NUR100-P",
="800001624",="Absent",="2/17/2025",="NUR100-P",
="800001624",="Absent",="3/10/2025",="NUR100-P",
="800001624",="Absent",="3/17/2025",="NUR100-P",
="800001624",="Absent",="3/24/2025",="NUR100-P",
="800001624",="Present",="1/10/2025",="ENG101 -P",
="800001624",="Present",="1/17/2025",="ENG101 -P",
="800001624",="Present",="1/24/2025",="ENG101 -P",
="800001624",="Present",="1/31/2025",="ENG101 -P",
="800001624",="Present",="2/7/2025",="ENG101 -P",
="800001624",="Present",="2/14/2025",="ENG101 -P",
="800001624",="Absent",="2/21/2025",="ENG101 -P",
="800001624",="Absent",="2/28/2025",="ENG101 -P",
="800001624",="Absent",="3/7/2025",="ENG101 -P",
="800001624",="Absent",="3/14/2025",="ENG101 -P",
="800001624",="Absent",="3/21/2025",="ENG101 -P",
="800001624",="Absent",="3/28/2025",="ENG101 -P",
="800001624",="Absent",="1/12/2025",="PSY101 -OL",
="800001624",="Present",="1/19/2025",="PSY101 -OL",
="800001624",="Absent",="1/26/2025",="PSY101 -OL",
="800001624",="Present",="2/2/2025",="PSY101 -OL",
="800001624",="Present",="2/9/2025",="PSY101 -OL",
="800001624",="Present",="2/16/2025",="PSY101 -OL",
="800001624",="Absent",="3/2/2025",="PSY101 -OL",
="800001624",="Absent",="3/9/2025",="PSY101 -OL",
="800001624",="Absent",="3/16/2025",="PSY101 -OL",
="800001624",="Absent",="3/23/2025",="PSY101 -OL",
="800001624",="Absent",="3/30/2025",="PSY101 -OL",
="800000502",="Absent",="1/15/2025",="ENG101 -A",
="800000502",="Present",="1/22/2025",="ENG101 -A",
="800000502",="Tardy/Late",="1/29/2025",="ENG101 -A",
="800000502",="Present",="2/5/2025",="ENG101 -A",
="800000502",="Tardy/Late",="2/12/2025",="ENG101 -A",
="800000502",="Tardy/Late",="2/19/2025",="ENG101 -A",
="800000502",="Present",="2/26/2025",="ENG101 -A",
="800000502",="Present",="3/5/2025",="ENG101 -A",
="800000502",="Present",="3/12/2025",="ENG101 -A",
="800000502",="Absent",="3/19/2025",="ENG101 -A",
="800000502",="Absent",="3/26/2025",="ENG101 -A",
="800001652",="Present",="4/22/2025",="NUR100-C-P3",
="800001652",="Present",="1/9/2025",="AP100-P",
="800001652",="Present",="1/16/2025",="AP100-P",
="800001652",="Present",="1/23/2025",="AP100-P",
="800001652",="Present",="1/30/2025",="AP100-P",
="800001652",="Present",="2/6/2025",="AP100-P",
="800001652",="Present",="2/13/2025",="AP100-P",
="800001652",="Present",="2/20/2025",="AP100-P",
="800001652",="Present",="2/27/2025",="AP100-P",
="800001652",="Present",="3/6/2025",="AP100-P",
="800001652",="Present",="3/13/2025",="AP100-P",
="800001652",="Present",="3/20/2025",="AP100-P",
="800001652",="Present",="3/27/2025",="AP100-P",
="800001652",="Present",="4/3/2025",="AP100-P",
="800001652",="Present",="4/10/2025",="AP100-P",
="800001652",="Present",="4/17/2025",="AP100-P",
="800001652",="Absent",="1/14/2025",="NUR100-L-P2",
="800001652",="Absent",="1/21/2025",="NUR100-L-P2",
="800001652",="Present",="1/28/2025",="NUR100-L-P2",
="800001652",="Absent",="2/4/2025",="NUR100-L-P2",
="800001652",="Present",="2/11/2025",="NUR100-L-P2",
="800001652",="Present",="2/18/2025",="NUR100-L-P2",
="800001652",="Present",="2/25/2025",="NUR100-L-P2",
="800001652",="Present",="2/26/2025",="NUR100-L-P2",
="800001652",="Present",="2/27/2025",="NUR100-L-P2",
="800001652",="No class",="2/28/2025",="NUR100-L-P2",
="800001652",="Present",="3/4/2025",="NUR100-L-P2",
="800001652",="No class",="3/5/2025",="NUR100-L-P2",
="800001652",="No class",="3/6/2025",="NUR100-L-P2",
="800001652",="Present",="3/25/2025",="NUR100-L-P2",
="800001652",="Present",="4/1/2025",="NUR100-L-P2",
="800001652",="Present",="4/8/2025",="NUR100-L-P2",
="800001652",="Present",="1/10/2025",="ENG101 -P",
="800001652",="Present",="1/17/2025",="ENG101 -P",
="800001652",="Present",="1/24/2025",="ENG101 -P",
="800001652",="Present",="1/31/2025",="ENG101 -P",
="800001652",="Present",="2/7/2025",="ENG101 -P",
="800001652",="Present",="2/14/2025",="ENG101 -P",
="800001652",="Absent",="2/21/2025",="ENG101 -P",
="800001652",="Present",="2/28/2025",="ENG101 -P",
="800001652",="Present",="3/7/2025",="ENG101 -P",
="800001652",="Present",="3/14/2025",="ENG101 -P",
="800001652",="Present",="3/21/2025",="ENG101 -P",
="800001652",="Present",="3/28/2025",="ENG101 -P",
="800001652",="Present",="4/4/2025",="ENG101 -P",
="800001652",="Present",="4/11/2025",="ENG101 -P",
="800001652",="Present",="2/5/2025",="PHARM100-P",
="800001652",="Present",="2/12/2025",="PHARM100-P",
="800001652",="Present",="2/19/2025",="PHARM100-P",
="800001652",="Present",="2/26/2025",="PHARM100-P",
="800001652",="Present",="3/5/2025",="PHARM100-P",
="800001652",="Present",="3/12/2025",="PHARM100-P",
="800001652",="Present",="3/19/2025",="PHARM100-P",
="800001652",="Present",="3/26/2025",="PHARM100-P",
="800001652",="Present",="4/2/2025",="PHARM100-P",
="800001652",="Present",="4/9/2025",="PHARM100-P",
="800001652",="Absent",="1/6/2025",="NUR100-P",
="800001652",="Present",="1/7/2025",="NUR100-P",
="800001652",="Present",="1/13/2025",="NUR100-P",
="800001652",="Present",="1/14/2025",="NUR100-P",
="800001652",="Present",="1/27/2025",="NUR100-P",
="800001652",="Present",="2/3/2025",="NUR100-P",
="800001652",="Absent",="2/10/2025",="NUR100-P",
="800001652",="Present",="2/17/2025",="NUR100-P",
="800001652",="Present",="3/10/2025",="NUR100-P",
="800001652",="Present",="3/17/2025",="NUR100-P",
="800001652",="Present",="3/24/2025",="NUR100-P",
="800001652",="Present",="3/31/2025",="NUR100-P",
="800001652",="Present",="4/7/2025",="NUR100-P",
="800001652",="Present",="1/12/2025",="COL010 - OL I",
="800001652",="Present",="1/19/2025",="COL010 - OL I",
="800001652",="Present",="1/26/2025",="COL010 - OL I",
="800001652",="Present",="2/2/2025",="COL010 - OL I",
="800001652",="Present",="1/12/2025",="PSY101 -OL",
="800001652",="Present",="1/19/2025",="PSY101 -OL",
="800001652",="Present",="1/26/2025",="PSY101 -OL",
="800001652",="Absent",="2/2/2025",="PSY101 -OL",
="800001652",="Present",="2/9/2025",="PSY101 -OL",
="800001652",="Present",="2/16/2025",="PSY101 -OL",
="800001652",="Present",="2/23/2025",="PSY101 -OL",
="800001652",="Present",="3/2/2025",="PSY101 -OL",
="800001652",="Present",="3/9/2025",="PSY101 -OL",
="800001652",="Present",="3/16/2025",="PSY101 -OL",
="800001652",="Present",="3/23/2025",="PSY101 -OL",
="800001652",="Present",="3/30/2025",="PSY101 -OL",
="800001652",="Present",="4/6/2025",="PSY101 -OL",
="800001652",="Present",="4/13/2025",="PSY101 -OL",
="770062456",="Present",="1/6/2025",="NUR100-P",
="770062456",="Present",="1/7/2025",="NUR100-P",
="770062456",="Present",="1/13/2025",="NUR100-P",
="770062456",="Present",="1/14/2025",="NUR100-P",
="770062456",="Present",="1/27/2025",="NUR100-P",
="770062456",="Present",="2/3/2025",="NUR100-P",
="770062456",="Present",="2/10/2025",="NUR100-P",
="770062456",="Present",="2/17/2025",="NUR100-P",
="770062456",="Present",="3/10/2025",="NUR100-P",
="770062456",="Present",="3/17/2025",="NUR100-P",
="770062456",="Present",="3/24/2025",="NUR100-P",
="770062456",="Present",="3/31/2025",="NUR100-P",
="770062456",="Present",="4/7/2025",="NUR100-P",
="770062456",="Present",="1/9/2025",="AP100-P",
="770062456",="Present",="1/16/2025",="AP100-P",
="770062456",="Present",="1/23/2025",="AP100-P",
="770062456",="Present",="1/30/2025",="AP100-P",
="770062456",="Present",="2/6/2025",="AP100-P",
="770062456",="Present",="2/13/2025",="AP100-P",
="770062456",="Present",="2/20/2025",="AP100-P",
="770062456",="Present",="2/27/2025",="AP100-P",
="770062456",="Present",="3/6/2025",="AP100-P",
="770062456",="Present",="3/13/2025",="AP100-P",
="770062456",="Present",="3/20/2025",="AP100-P",
="770062456",="Present",="3/27/2025",="AP100-P",
="770062456",="Present",="4/3/2025",="AP100-P",
="770062456",="Present",="4/10/2025",="AP100-P",
="770062456",="Present",="4/17/2025",="AP100-P",
="770062456",="Present",="2/5/2025",="PHARM100-P",
="770062456",="Present",="2/12/2025",="PHARM100-P",
="770062456",="Present",="2/19/2025",="PHARM100-P",
="770062456",="Present",="2/26/2025",="PHARM100-P",
="770062456",="Present",="3/5/2025",="PHARM100-P",
="770062456",="Present",="3/12/2025",="PHARM100-P",
="770062456",="Present",="3/19/2025",="PHARM100-P",
="770062456",="Present",="3/26/2025",="PHARM100-P",
="770062456",="Present",="4/2/2025",="PHARM100-P",
="770062456",="Present",="4/9/2025",="PHARM100-P",
="770062456",="Present",="1/14/2025",="NUR100-L-P2",
="770062456",="Present",="1/21/2025",="NUR100-L-P2",
="770062456",="Present",="1/28/2025",="NUR100-L-P2",
="770062456",="Present",="2/4/2025",="NUR100-L-P2",
="770062456",="Present",="2/11/2025",="NUR100-L-P2",
="770062456",="Present",="2/18/2025",="NUR100-L-P2",
="770062456",="Present",="2/25/2025",="NUR100-L-P2",
="770062456",="No class",="2/28/2025",="NUR100-L-P2",
="770062456",="Present",="3/4/2025",="NUR100-L-P2",
="770062456",="No class",="3/5/2025",="NUR100-L-P2",
="770062456",="No class",="3/6/2025",="NUR100-L-P2",
="770062456",="Present",="3/25/2025",="NUR100-L-P2",
="770062456",="Present",="4/1/2025",="NUR100-L-P2",
="770062456",="Present",="4/8/2025",="NUR100-L-P2",
="800001643",="Present",="1/12/2025",="COL010 - OL II",
="800001643",="Absent",="1/19/2025",="COL010 - OL II",
="800001643",="Absent",="1/26/2025",="COL010 - OL II",
="800001643",="Present",="2/2/2025",="COL010 - OL II",
="800001643",="Present",="1/12/2025",="NUT100 -OL II",
="800001643",="Present",="1/19/2025",="NUT100 -OL II",
="800001643",="Absent",="1/26/2025",="NUT100 -OL II",
="800001643",="Absent",="2/2/2025",="NUT100 -OL II",
="800001643",="Present",="2/9/2025",="NUT100 -OL II",
="800001643",="Present",="2/16/2025",="NUT100 -OL II",
="800001643",="Present",="2/23/2025",="NUT100 -OL II",
="800001643",="Present",="3/2/2025",="NUT100 -OL II",
="800001643",="Present",="3/9/2025",="NUT100 -OL II",
="800001643",="Absent",="3/16/2025",="NUT100 -OL II",
="800001643",="Absent",="3/23/2025",="NUT100 -OL II",
="800001643",="Present",="3/30/2025",="NUT100 -OL II",
="800001643",="Present",="4/6/2025",="NUT100 -OL II",
="800001643",="Present",="4/13/2025",="NUT100 -OL II",
="800001643",="Present",="1/10/2025",="ENG101 -P",
="800001643",="Present",="1/17/2025",="ENG101 -P",
="800001643",="Present",="1/24/2025",="ENG101 -P",
="800001643",="Present",="1/31/2025",="ENG101 -P",
="800001643",="Present",="2/7/2025",="ENG101 -P",
="800001643",="Absent",="2/14/2025",="ENG101 -P",
="800001643",="Present",="2/21/2025",="ENG101 -P",
="800001643",="Present",="2/28/2025",="ENG101 -P",
="800001643",="Present",="3/7/2025",="ENG101 -P",
="800001643",="Absent",="3/14/2025",="ENG101 -P",
="800001643",="Absent",="3/21/2025",="ENG101 -P",
="800001643",="Present",="3/28/2025",="ENG101 -P",
="800001643",="Present",="4/4/2025",="ENG101 -P",
="800001643",="Present",="4/11/2025",="ENG101 -P",
="800001643",="Present",="1/9/2025",="AP100-P",
="800001643",="Present",="1/16/2025",="AP100-P",
="800001643",="Present",="1/23/2025",="AP100-P",
="800001643",="Absent",="1/30/2025",="AP100-P",
="800001643",="Present",="2/6/2025",="AP100-P",
="800001643",="Present",="2/13/2025",="AP100-P",
="800001643",="Present",="2/20/2025",="AP100-P",
="800001643",="Present",="2/27/2025",="AP100-P",
="800001643",="Present",="3/6/2025",="AP100-P",
="800001643",="Present",="3/13/2025",="AP100-P",
="800001643",="Absent",="3/20/2025",="AP100-P",
="800001643",="Present",="3/27/2025",="AP100-P",
="800001643",="Present",="4/3/2025",="AP100-P",
="800001643",="Present",="4/10/2025",="AP100-P",
="800001643",="Present",="4/17/2025",="AP100-P",
="800000649",="Present",="1/9/2025",="NUR205 -P",
="800000649",="Present",="1/16/2025",="NUR205 -P",
="800000649",="Present",="1/23/2025",="NUR205 -P",
="800000649",="Present",="1/30/2025",="NUR205 -P",
="800000649",="Present",="2/6/2025",="NUR205 -P",
="800000649",="Present",="2/13/2025",="NUR205 -P",
="800000649",="Present",="2/20/2025",="NUR205 -P",
="800000649",="Present",="3/13/2025",="NUR205 -P",
="800000649",="Present",="3/20/2025",="NUR205 -P",
="800000649",="Present",="3/27/2025",="NUR205 -P",
="800000649",="Absent",="1/16/2025",="NUR205-L-P1",
="800000649",="Present",="1/30/2025",="NUR205-L-P1",
="800000649",="Present",="2/6/2025",="NUR205-L-P1",
="800000649",="Present",="2/13/2025",="NUR205-L-P1",
="800000649",="Present",="2/20/2025",="NUR205-L-P1",
="800000649",="Present",="3/13/2025",="NUR205-L-P1",
="800000649",="Present",="3/27/2025",="NUR205-L-P1",
="800000649",="Absent",="4/3/2025",="NUR205-L-P1",
="800000649",="Present",="1/6/2025",="PHARM225-P_ A",
="800000649",="Present",="1/13/2025",="PHARM225-P_ A",
="800000649",="Present",="1/27/2025",="PHARM225-P_ A",
="800000649",="Present",="2/3/2025",="PHARM225-P_ A",
="800000649",="Present",="2/10/2025",="PHARM225-P_ A",
="800000649",="Present",="2/17/2025",="PHARM225-P_ A",
="800000649",="Present",="3/3/2025",="PHARM225-P_ A",
="800000649",="Present",="3/10/2025",="PHARM225-P_ A",
="800000649",="Present",="3/17/2025",="PHARM225-P_ A",
="800000649",="Present",="3/24/2025",="PHARM225-P_ A",
="800000649",="Present",="3/31/2025",="PHARM225-P_ A",
="800000649",="Present",="4/7/2025",="PHARM225-P_ A",
="800000649",="Present",="2/11/2025",="NUR216-L-P1",
="800000649",="Present",="3/11/2025",="NUR216-L-P1",
="800000649",="Present",="3/25/2025",="NUR216-L-P1",
="800000649",="Present",="4/21/2025",="NUR216-C-P1",
="800000649",="Present",="1/7/2025",="NUR216 -P",
="800000649",="Present",="1/14/2025",="NUR216 -P",
="800000649",="Present",="1/21/2025",="NUR216 -P",
="800000649",="Absent",="1/28/2025",="NUR216 -P",
="800000649",="Present",="2/4/2025",="NUR216 -P",
="800000649",="Present",="2/11/2025",="NUR216 -P",
="800000649",="Present",="2/18/2025",="NUR216 -P",
="800000649",="Present",="3/11/2025",="NUR216 -P",
="800000649",="Present",="3/25/2025",="NUR216 -P",
="800000649",="Present",="4/1/2025",="NUR216 -P",
="800000649",="Present",="4/8/2025",="NUR216 -P",
="800000649",="Present",="1/8/2025",="AP209 -A",
="800000649",="Present",="1/15/2025",="AP209 -A",
="800000649",="Present",="1/22/2025",="AP209 -A",
="800000649",="Present",="1/29/2025",="AP209 -A",
="800000649",="Present",="2/5/2025",="AP209 -A",
="800000649",="Present",="2/12/2025",="AP209 -A",
="800000649",="Present",="2/19/2025",="AP209 -A",
="800000649",="Present",="2/26/2025",="AP209 -A",
="800000649",="Present",="3/5/2025",="AP209 -A",
="800000649",="Present",="3/12/2025",="AP209 -A",
="800000649",="Present",="3/19/2025",="AP209 -A",
="800000649",="Present",="3/26/2025",="AP209 -A",
="800000649",="Present",="4/2/2025",="AP209 -A",
="800000649",="Present",="4/9/2025",="AP209 -A",
="800000649",="Present",="4/16/2025",="AP209 -A",
="800000649",="Present",="1/12/2025",="ENG102 - OL",
="800000649",="Present",="1/19/2025",="ENG102 - OL",
="800000649",="Present",="1/26/2025",="ENG102 - OL",
="800000649",="Present",="2/2/2025",="ENG102 - OL",
="800000649",="Present",="2/9/2025",="ENG102 - OL",
="800000649",="Present",="2/16/2025",="ENG102 - OL",
="800000649",="Present",="2/23/2025",="ENG102 - OL",
="800000649",="Present",="3/2/2025",="ENG102 - OL",
="800000649",="Present",="3/9/2025",="ENG102 - OL",
="800000649",="Present",="3/16/2025",="ENG102 - OL",
="800000649",="Present",="3/23/2025",="ENG102 - OL",
="800000649",="Present",="4/6/2025",="ENG102 - OL",
="800001644",="Present",="4/22/2025",="NUR100-C-P3",
="800001644",="Present",="1/12/2025",="COL010 - OL II",
="800001644",="Present",="1/19/2025",="COL010 - OL II",
="800001644",="Present",="1/26/2025",="COL010 - OL II",
="800001644",="Present",="2/2/2025",="COL010 - OL II",
="800001644",="Present",="2/5/2025",="PHARM100-P",
="800001644",="Present",="2/12/2025",="PHARM100-P",
="800001644",="Present",="2/19/2025",="PHARM100-P",
="800001644",="Present",="2/26/2025",="PHARM100-P",
="800001644",="Present",="3/5/2025",="PHARM100-P",
="800001644",="Present",="3/12/2025",="PHARM100-P",
="800001644",="Present",="3/19/2025",="PHARM100-P",
="800001644",="Present",="3/26/2025",="PHARM100-P",
="800001644",="Present",="4/2/2025",="PHARM100-P",
="800001644",="Present",="4/9/2025",="PHARM100-P",
="800001644",="Present",="1/9/2025",="AP100-P",
="800001644",="Present",="1/16/2025",="AP100-P",
="800001644",="Present",="1/23/2025",="AP100-P",
="800001644",="Present",="1/30/2025",="AP100-P",
="800001644",="Present",="2/6/2025",="AP100-P",
="800001644",="Present",="2/13/2025",="AP100-P",
="800001644",="Present",="2/20/2025",="AP100-P",
="800001644",="Present",="2/27/2025",="AP100-P",
="800001644",="Present",="3/6/2025",="AP100-P",
="800001644",="Present",="3/13/2025",="AP100-P",
="800001644",="Present",="3/20/2025",="AP100-P",
="800001644",="Present",="3/27/2025",="AP100-P",
="800001644",="Present",="4/3/2025",="AP100-P",
="800001644",="Present",="4/10/2025",="AP100-P",
="800001644",="Present",="4/17/2025",="AP100-P",
="800001644",="Present",="1/12/2025",="NUT100 -OL II",
="800001644",="Present",="1/19/2025",="NUT100 -OL II",
="800001644",="Present",="1/26/2025",="NUT100 -OL II",
="800001644",="Present",="2/2/2025",="NUT100 -OL II",
="800001644",="Present",="2/9/2025",="NUT100 -OL II",
="800001644",="Present",="2/16/2025",="NUT100 -OL II",
="800001644",="Present",="2/23/2025",="NUT100 -OL II",
="800001644",="Present",="3/2/2025",="NUT100 -OL II",
="800001644",="Present",="3/9/2025",="NUT100 -OL II",
="800001644",="Present",="3/16/2025",="NUT100 -OL II",
="800001644",="Present",="3/23/2025",="NUT100 -OL II",
="800001644",="Present",="3/30/2025",="NUT100 -OL II",
="800001644",="Present",="4/6/2025",="NUT100 -OL II",
="800001644",="Present",="4/13/2025",="NUT100 -OL II",
="800001644",="Absent",="1/6/2025",="NUR100-P",
="800001644",="Present",="1/7/2025",="NUR100-P",
="800001644",="Present",="1/13/2025",="NUR100-P",
="800001644",="Present",="1/14/2025",="NUR100-P",
="800001644",="Present",="1/27/2025",="NUR100-P",
="800001644",="Present",="2/3/2025",="NUR100-P",
="800001644",="Present",="2/10/2025",="NUR100-P",
="800001644",="Present",="2/17/2025",="NUR100-P",
="800001644",="Present",="3/10/2025",="NUR100-P",
="800001644",="Present",="3/17/2025",="NUR100-P",
="800001644",="Present",="3/24/2025",="NUR100-P",
="800001644",="Present",="3/31/2025",="NUR100-P",
="800001644",="Present",="4/7/2025",="NUR100-P",
="770017870",="Present",="1/16/2025",="NUR201-L-A",
="770017870",="Present",="1/23/2025",="NUR201-L-A",
="770017870",="Present",="1/30/2025",="NUR201-L-A",
="770017870",="Present",="2/6/2025",="NUR201-L-A",
="770017870",="Present",="2/13/2025",="NUR201-L-A",
="770017870",="Present",="2/20/2025",="NUR201-L-A",
="770017870",="Present",="2/27/2025",="NUR201-L-A",
="770017870",="Present",="3/6/2025",="NUR201-L-A",
="770017870",="Present",="1/12/2025",="ENG102 - OL",
="770017870",="Present",="1/19/2025",="ENG102 - OL",
="770017870",="Present",="1/26/2025",="ENG102 - OL",
="770017870",="Present",="2/2/2025",="ENG102 - OL",
="770017870",="Present",="2/9/2025",="ENG102 - OL",
="770017870",="Present",="2/16/2025",="ENG102 - OL",
="770017870",="Present",="2/23/2025",="ENG102 - OL",
="770017870",="Present",="3/2/2025",="ENG102 - OL",
="770017870",="Present",="3/9/2025",="ENG102 - OL",
="770017870",="Present",="3/16/2025",="ENG102 - OL",
="770017870",="Present",="3/23/2025",="ENG102 - OL",
="770017870",="Present",="4/6/2025",="ENG102 - OL",
="770017870",="Present",="1/9/2025",="NUR201-A",
="770017870",="Present",="1/16/2025",="NUR201-A",
="770017870",="Present",="1/23/2025",="NUR201-A",
="770017870",="Present",="1/30/2025",="NUR201-A",
="770017870",="Present",="2/6/2025",="NUR201-A",
="770017870",="Present",="2/13/2025",="NUR201-A",
="770017870",="Present",="2/20/2025",="NUR201-A",
="770017870",="Present",="3/13/2025",="NUR201-A",
="770017870",="Present",="3/27/2025",="NUR201-A",
="770017870",="Present",="4/21/2025",="NUR216-C-P1",
="770017870",="Present",="1/16/2025",="NUR205-L-P1",
="770017870",="Present",="1/30/2025",="NUR205-L-P1",
="770017870",="Present",="2/6/2025",="NUR205-L-P1",
="770017870",="Present",="2/13/2025",="NUR205-L-P1",
="770017870",="Present",="2/20/2025",="NUR205-L-P1",
="770017870",="Present",="3/13/2025",="NUR205-L-P1",
="770017870",="Present",="3/27/2025",="NUR205-L-P1",
="770017870",="Present",="4/3/2025",="NUR205-L-P1",
="770017870",="Present",="1/9/2025",="NUR205 -P",
="770017870",="Present",="1/16/2025",="NUR205 -P",
="770017870",="Present",="1/23/2025",="NUR205 -P",
="770017870",="Present",="1/30/2025",="NUR205 -P",
="770017870",="Present",="2/6/2025",="NUR205 -P",
="770017870",="Present",="2/13/2025",="NUR205 -P",
="770017870",="Present",="2/20/2025",="NUR205 -P",
="770017870",="Present",="3/13/2025",="NUR205 -P",
="770017870",="Present",="3/20/2025",="NUR205 -P",
="770017870",="Present",="3/27/2025",="NUR205 -P",
="770017870",="Present",="1/8/2025",="AP209 -A",
="770017870",="Present",="1/15/2025",="AP209 -A",
="770017870",="Present",="1/22/2025",="AP209 -A",
="770017870",="Present",="1/29/2025",="AP209 -A",
="770017870",="Present",="2/5/2025",="AP209 -A",
="770017870",="Present",="2/12/2025",="AP209 -A",
="770017870",="Present",="2/19/2025",="AP209 -A",
="770017870",="Present",="2/26/2025",="AP209 -A",
="770017870",="Present",="3/5/2025",="AP209 -A",
="770017870",="Present",="3/12/2025",="AP209 -A",
="770017870",="Present",="3/19/2025",="AP209 -A",
="770017870",="Present",="3/26/2025",="AP209 -A",
="770017870",="Present",="4/2/2025",="AP209 -A",
="770017870",="Present",="4/9/2025",="AP209 -A",
="770017870",="Present",="4/16/2025",="AP209 -A",
="770017870",="Present",="1/7/2025",="NUR216 -P",
="770017870",="Present",="1/14/2025",="NUR216 -P",
="770017870",="Present",="1/21/2025",="NUR216 -P",
="770017870",="Present",="1/28/2025",="NUR216 -P",
="770017870",="Present",="2/4/2025",="NUR216 -P",
="770017870",="Present",="2/11/2025",="NUR216 -P",
="770017870",="Present",="2/18/2025",="NUR216 -P",
="770017870",="Present",="3/11/2025",="NUR216 -P",
="770017870",="Present",="3/25/2025",="NUR216 -P",
="770017870",="Absent",="4/1/2025",="NUR216 -P",
="770017870",="Present",="4/8/2025",="NUR216 -P",
="770017870",="Present",="2/11/2025",="NUR216-L-P1",
="770017870",="Present",="3/11/2025",="NUR216-L-P1",
="770017870",="Present",="3/25/2025",="NUR216-L-P1",
="770017870",="Present",="1/6/2025",="PHARM225-P_ A",
="770017870",="Absent",="1/13/2025",="PHARM225-P_ A",
="770017870",="Present",="1/27/2025",="PHARM225-P_ A",
="770017870",="Present",="2/3/2025",="PHARM225-P_ A",
="770017870",="Present",="2/10/2025",="PHARM225-P_ A",
="770017870",="Present",="2/17/2025",="PHARM225-P_ A",
="770017870",="Present",="3/3/2025",="PHARM225-P_ A",
="770017870",="Present",="3/10/2025",="PHARM225-P_ A",
="770017870",="Present",="3/17/2025",="PHARM225-P_ A",
="770017870",="Present",="3/24/2025",="PHARM225-P_ A",
="770017870",="Present",="3/31/2025",="PHARM225-P_ A",
="770017870",="Present",="4/7/2025",="PHARM225-P_ A",
="800001618",="Absent",="1/14/2025",="NUR100-L-P2",
="800001618",="Absent",="1/21/2025",="NUR100-L-P2",
="800001618",="Present",="1/28/2025",="NUR100-L-P2",
="800001618",="Absent",="2/4/2025",="NUR100-L-P2",
="800001618",="Absent",="2/11/2025",="NUR100-L-P2",
="800001618",="Present",="2/18/2025",="NUR100-L-P2",
="800001618",="Present",="2/25/2025",="NUR100-L-P2",
="800001618",="No class",="2/28/2025",="NUR100-L-P2",
="800001618",="Present",="3/4/2025",="NUR100-L-P2",
="800001618",="Present",="3/5/2025",="NUR100-L-P2",
="800001618",="No class",="3/6/2025",="NUR100-L-P2",
="800001618",="Present",="3/25/2025",="NUR100-L-P2",
="800001618",="Absent",="4/1/2025",="NUR100-L-P2",
="800001618",="Absent",="4/8/2025",="NUR100-L-P2",
="800001618",="Present",="1/9/2025",="AP100-P",
="800001618",="Present",="1/16/2025",="AP100-P",
="800001618",="Absent",="1/23/2025",="AP100-P",
="800001618",="Absent",="1/30/2025",="AP100-P",
="800001618",="Present",="2/6/2025",="AP100-P",
="800001618",="Present",="2/13/2025",="AP100-P",
="800001618",="Present",="2/20/2025",="AP100-P",
="800001618",="Present",="2/27/2025",="AP100-P",
="800001618",="Present",="3/6/2025",="AP100-P",
="800001618",="Present",="3/13/2025",="AP100-P",
="800001618",="Present",="3/20/2025",="AP100-P",
="800001618",="Present",="3/27/2025",="AP100-P",
="800001618",="Absent",="4/3/2025",="AP100-P",
="800001618",="Present",="4/10/2025",="AP100-P",
="800001618",="Present",="4/17/2025",="AP100-P",
="800001618",="Present",="1/10/2025",="ENG101 -P",
="800001618",="Present",="1/17/2025",="ENG101 -P",
="800001618",="Present",="1/24/2025",="ENG101 -P",
="800001618",="Present",="1/31/2025",="ENG101 -P",
="800001618",="Present",="2/7/2025",="ENG101 -P",
="800001618",="Present",="2/14/2025",="ENG101 -P",
="800001618",="Present",="2/21/2025",="ENG101 -P",
="800001618",="Present",="2/28/2025",="ENG101 -P",
="800001618",="Present",="3/7/2025",="ENG101 -P",
="800001618",="Present",="3/14/2025",="ENG101 -P",
="800001618",="Present",="3/21/2025",="ENG101 -P",
="800001618",="Absent",="3/28/2025",="ENG101 -P",
="800001618",="Present",="4/4/2025",="ENG101 -P",
="800001618",="Absent",="4/11/2025",="ENG101 -P",
="800001618",="Present",="1/6/2025",="NUR100-P",
="800001618",="Present",="1/7/2025",="NUR100-P",
="800001618",="Present",="1/13/2025",="NUR100-P",
="800001618",="Present",="1/14/2025",="NUR100-P",
="800001618",="Present",="1/27/2025",="NUR100-P",
="800001618",="Present",="2/3/2025",="NUR100-P",
="800001618",="Absent",="2/10/2025",="NUR100-P",
="800001618",="Present",="2/17/2025",="NUR100-P",
="800001618",="Tardy/Late",="3/10/2025",="NUR100-P",
="800001618",="Present",="3/17/2025",="NUR100-P",
="800001618",="Absent",="3/24/2025",="NUR100-P",
="800001618",="Absent",="3/31/2025",="NUR100-P",
="800001618",="Absent",="4/7/2025",="NUR100-P",
="800001618",="Absent",="2/5/2025",="PHARM100-P",
="800001618",="Present",="2/19/2025",="PHARM100-P",
="800001618",="Present",="2/26/2025",="PHARM100-P",
="800001618",="Present",="3/5/2025",="PHARM100-P",
="800001618",="Present",="3/12/2025",="PHARM100-P",
="800001618",="Present",="3/19/2025",="PHARM100-P",
="800001618",="Present",="3/26/2025",="PHARM100-P",
="800001618",="Present",="4/2/2025",="PHARM100-P",
="800001618",="Present",="4/9/2025",="PHARM100-P",
="800001618",="Present",="1/12/2025",="COL010 - OL II",
="800001618",="Present",="1/19/2025",="COL010 - OL II",
="800001618",="Present",="1/26/2025",="COL010 - OL II",
="800001618",="Present",="2/2/2025",="COL010 - OL II",
="800001605",="Present",="1/7/2025",="AP100-A",
="800001605",="Present",="1/14/2025",="AP100-A",
="800001605",="Present",="1/21/2025",="AP100-A",
="800001605",="Present",="1/28/2025",="AP100-A",
="800001605",="Present",="2/4/2025",="AP100-A",
="800001605",="Present",="2/11/2025",="AP100-A",
="800001605",="Present",="2/18/2025",="AP100-A",
="800001605",="Present",="2/25/2025",="AP100-A",
="800001605",="Present",="3/4/2025",="AP100-A",
="800001605",="Present",="3/11/2025",="AP100-A",
="800001605",="Present",="3/18/2025",="AP100-A",
="800001605",="Present",="3/25/2025",="AP100-A",
="800001605",="Present",="4/1/2025",="AP100-A",
="800001605",="Present",="4/8/2025",="AP100-A",
="800001605",="Present",="4/15/2025",="AP100-A",
="800001605",="Present",="1/9/2025",="PSY101 -A",
="800001605",="Present",="1/16/2025",="PSY101 -A",
="800001605",="Present",="1/30/2025",="PSY101 -A",
="800001605",="Present",="2/6/2025",="PSY101 -A",
="800001605",="Present",="2/13/2025",="PSY101 -A",
="800001605",="Present",="2/20/2025",="PSY101 -A",
="800001605",="Present",="2/27/2025",="PSY101 -A",
="800001605",="Present",="3/6/2025",="PSY101 -A",
="800001605",="Present",="3/13/2025",="PSY101 -A",
="800001605",="Present",="3/20/2025",="PSY101 -A",
="800001605",="Present",="3/27/2025",="PSY101 -A",
="800001605",="Present",="4/3/2025",="PSY101 -A",
="800001605",="Present",="2/10/2025",="PHARM100-A",
="800001605",="Present",="2/17/2025",="PHARM100-A",
="800001605",="Present",="3/3/2025",="PHARM100-A",
="800001605",="Present",="3/10/2025",="PHARM100-A",
="800001605",="Present",="3/17/2025",="PHARM100-A",
="800001605",="Present",="3/24/2025",="PHARM100-A",
="800001605",="Present",="3/31/2025",="PHARM100-A",
="800001605",="Present",="4/7/2025",="PHARM100-A",
="800001605",="Present",="1/6/2025",="NUR100 -A",
="800001605",="Present",="1/13/2025",="NUR100 -A",
="800001605",="Present",="1/14/2025",="NUR100 -A",
="800001605",="Present",="1/27/2025",="NUR100 -A",
="800001605",="Present",="2/3/2025",="NUR100 -A",
="800001605",="Present",="2/10/2025",="NUR100 -A",
="800001605",="Present",="2/17/2025",="NUR100 -A",
="800001605",="Present",="3/10/2025",="NUR100 -A",
="800001605",="Present",="3/11/2025",="NUR100 -A",
="800001605",="Present",="3/17/2025",="NUR100 -A",
="800001605",="Present",="3/24/2025",="NUR100 -A",
="800001605",="Present",="3/31/2025",="NUR100 -A",
="800001605",="Present",="4/7/2025",="NUR100 -A",
="800001605",="Present",="4/14/2025",="NUR100 -A",
="800001605",="Present",="1/7/2025",="NUR100-L-A2",
="800001605",="Present",="1/14/2025",="NUR100-L-A2",
="800001605",="Present",="1/21/2025",="NUR100-L-A2",
="800001605",="Present",="2/4/2025",="NUR100-L-A2",
="800001605",="Present",="2/11/2025",="NUR100-L-A2",
="800001605",="Present",="2/18/2025",="NUR100-L-A2",
="800001605",="Present",="2/25/2025",="NUR100-L-A2",
="800001605",="Present",="2/26/2025",="NUR100-L-A2",
="800001605",="Present",="3/4/2025",="NUR100-L-A2",
="800001605",="Present",="3/18/2025",="NUR100-L-A2",
="800001605",="Present",="3/25/2025",="NUR100-L-A2",
="800001605",="Present",="4/1/2025",="NUR100-L-A2",
="800001605",="Present",="4/8/2025",="NUR100-L-A2",
="800001605",="Present",="4/14/2025",="NUR100-L-A2",
="800001605",="Present",="4/21/2025",="NUR100-L-A2",
="800001605",="Present",="4/22/2025",="NUR100-L-A2",
="800001646",="Absent",="1/7/2025",="NUR100-L-A2",
="800001646",="Present",="1/14/2025",="NUR100-L-A2",
="800001646",="Present",="1/21/2025",="NUR100-L-A2",
="800001646",="Present",="2/4/2025",="NUR100-L-A2",
="800001646",="Present",="2/11/2025",="NUR100-L-A2",
="800001646",="Present",="2/18/2025",="NUR100-L-A2",
="800001646",="Present",="2/24/2025",="NUR100-L-A2",
="800001646",="Present",="2/25/2025",="NUR100-L-A2",
="800001646",="Present",="3/4/2025",="NUR100-L-A2",
="800001646",="Present",="3/18/2025",="NUR100-L-A2",
="800001646",="Present",="3/25/2025",="NUR100-L-A2",
="800001646",="Present",="4/1/2025",="NUR100-L-A2",
="800001646",="Present",="4/8/2025",="NUR100-L-A2",
="800001646",="Present",="4/14/2025",="NUR100-L-A2",
="800001646",="Present",="4/21/2025",="NUR100-L-A2",
="800001646",="Present",="4/22/2025",="NUR100-L-A2",
="800001646",="Absent",="2/10/2025",="PHARM100-A",
="800001646",="Present",="2/17/2025",="PHARM100-A",
="800001646",="Present",="3/3/2025",="PHARM100-A",
="800001646",="Present",="3/10/2025",="PHARM100-A",
="800001646",="Present",="3/17/2025",="PHARM100-A",
="800001646",="Present",="3/24/2025",="PHARM100-A",
="800001646",="Present",="3/31/2025",="PHARM100-A",
="800001646",="Present",="4/7/2025",="PHARM100-A",
="800001646",="Present",="1/6/2025",="NUR100 -A",
="800001646",="Present",="1/13/2025",="NUR100 -A",
="800001646",="Present",="1/14/2025",="NUR100 -A",
="800001646",="Present",="1/27/2025",="NUR100 -A",
="800001646",="Present",="2/3/2025",="NUR100 -A",
="800001646",="Present",="2/10/2025",="NUR100 -A",
="800001646",="Present",="2/17/2025",="NUR100 -A",
="800001646",="Present",="3/10/2025",="NUR100 -A",
="800001646",="Present",="3/11/2025",="NUR100 -A",
="800001646",="Present",="3/17/2025",="NUR100 -A",
="800001646",="Present",="3/24/2025",="NUR100 -A",
="800001646",="Present",="3/31/2025",="NUR100 -A",
="800001646",="Present",="4/7/2025",="NUR100 -A",
="800001646",="Present",="4/14/2025",="NUR100 -A",
="800001638",="Present",="2/5/2025",="PHARM100-P",
="800001638",="Present",="2/12/2025",="PHARM100-P",
="800001638",="Present",="2/19/2025",="PHARM100-P",
="800001638",="Present",="2/26/2025",="PHARM100-P",
="800001638",="Present",="3/5/2025",="PHARM100-P",
="800001638",="Present",="3/12/2025",="PHARM100-P",
="800001638",="Present",="3/19/2025",="PHARM100-P",
="800001638",="Present",="3/26/2025",="PHARM100-P",
="800001638",="Present",="4/2/2025",="PHARM100-P",
="800001638",="Present",="4/9/2025",="PHARM100-P",
="800001638",="Present",="1/12/2025",="COL010 - OL II",
="800001638",="Absent",="1/19/2025",="COL010 - OL II",
="800001638",="Present",="1/26/2025",="COL010 - OL II",
="800001638",="Absent",="2/2/2025",="COL010 - OL II",
="800001638",="Present",="1/6/2025",="NUR100-P",
="800001638",="Present",="1/7/2025",="NUR100-P",
="800001638",="Present",="1/13/2025",="NUR100-P",
="800001638",="Present",="1/14/2025",="NUR100-P",
="800001638",="Present",="1/27/2025",="NUR100-P",
="800001638",="Present",="2/3/2025",="NUR100-P",
="800001638",="Present",="2/10/2025",="NUR100-P",
="800001638",="Present",="2/17/2025",="NUR100-P",
="800001638",="Present",="3/10/2025",="NUR100-P",
="800001638",="Present",="3/17/2025",="NUR100-P",
="800001638",="Present",="3/24/2025",="NUR100-P",
="800001638",="Present",="3/31/2025",="NUR100-P",
="800001638",="Present",="4/7/2025",="NUR100-P",
="800001638",="Present",="1/9/2025",="AP100-P",
="800001638",="Present",="1/16/2025",="AP100-P",
="800001638",="Present",="1/23/2025",="AP100-P",
="800001638",="Present",="1/30/2025",="AP100-P",
="800001638",="Absent",="2/6/2025",="AP100-P",
="800001638",="Present",="2/13/2025",="AP100-P",
="800001638",="Present",="2/20/2025",="AP100-P",
="800001638",="Present",="2/27/2025",="AP100-P",
="800001638",="Present",="3/6/2025",="AP100-P",
="800001638",="Present",="3/13/2025",="AP100-P",
="800001638",="Present",="3/20/2025",="AP100-P",
="800001638",="Absent",="3/27/2025",="AP100-P",
="800001638",="Present",="4/3/2025",="AP100-P",
="800001638",="Present",="4/10/2025",="AP100-P",
="800001638",="Present",="4/17/2025",="AP100-P",
="800001638",="Present",="1/14/2025",="NUR100-L-P2",
="800001638",="Present",="1/21/2025",="NUR100-L-P2",
="800001638",="Present",="1/28/2025",="NUR100-L-P2",
="800001638",="Present",="2/4/2025",="NUR100-L-P2",
="800001638",="Present",="2/11/2025",="NUR100-L-P2",
="800001638",="Present",="2/18/2025",="NUR100-L-P2",
="800001638",="Present",="2/25/2025",="NUR100-L-P2",
="800001638",="No class",="2/28/2025",="NUR100-L-P2",
="800001638",="Present",="3/4/2025",="NUR100-L-P2",
="800001638",="No class",="3/5/2025",="NUR100-L-P2",
="800001638",="No class",="3/6/2025",="NUR100-L-P2",
="800001638",="Present",="3/25/2025",="NUR100-L-P2",
="800001638",="Present",="4/1/2025",="NUR100-L-P2",
="800001638",="Present",="4/8/2025",="NUR100-L-P2",
="800001638",="Present",="4/22/2025",="NUR100-C-P3",
="800001638",="Present",="1/10/2025",="ENG101 -P",
="800001638",="Present",="1/17/2025",="ENG101 -P",
="800001638",="Present",="1/24/2025",="ENG101 -P",
="800001638",="Present",="1/31/2025",="ENG101 -P",
="800001638",="Present",="2/7/2025",="ENG101 -P",
="800001638",="Present",="2/14/2025",="ENG101 -P",
="800001638",="Present",="2/21/2025",="ENG101 -P",
="800001638",="Present",="2/28/2025",="ENG101 -P",
="800001638",="Present",="3/7/2025",="ENG101 -P",
="800001638",="Present",="3/14/2025",="ENG101 -P",
="800001638",="Absent",="3/21/2025",="ENG101 -P",
="800001638",="Absent",="3/28/2025",="ENG101 -P",
="800001638",="Present",="4/4/2025",="ENG101 -P",
="800001638",="Absent",="4/11/2025",="ENG101 -P",
="800001642",="Present",="1/12/2025",="NUT100 -OL II",
="800001642",="Present",="1/19/2025",="NUT100 -OL II",
="800001642",="Present",="1/26/2025",="NUT100 -OL II",
="800001642",="Present",="2/2/2025",="NUT100 -OL II",
="800001642",="Present",="2/9/2025",="NUT100 -OL II",
="800001642",="Present",="2/16/2025",="NUT100 -OL II",
="800001642",="Present",="2/23/2025",="NUT100 -OL II",
="800001642",="Present",="3/2/2025",="NUT100 -OL II",
="800001642",="Present",="3/9/2025",="NUT100 -OL II",
="800001642",="Present",="3/16/2025",="NUT100 -OL II",
="800001642",="Present",="3/23/2025",="NUT100 -OL II",
="800001642",="Present",="3/30/2025",="NUT100 -OL II",
="800001642",="Present",="4/6/2025",="NUT100 -OL II",
="800001642",="Present",="4/13/2025",="NUT100 -OL II",
="800001657",="Absent",="1/9/2025",="AP100-P",
="800001657",="Present",="1/16/2025",="AP100-P",
="800001657",="Present",="1/23/2025",="AP100-P",
="800001657",="Present",="1/30/2025",="AP100-P",
="800001657",="Present",="2/6/2025",="AP100-P",
="800001657",="Present",="2/13/2025",="AP100-P",
="800001657",="Present",="2/20/2025",="AP100-P",
="800001657",="Present",="2/27/2025",="AP100-P",
="800001657",="Present",="3/6/2025",="AP100-P",
="800001657",="Present",="3/13/2025",="AP100-P",
="800001657",="Present",="3/20/2025",="AP100-P",
="800001657",="Present",="3/27/2025",="AP100-P",
="800001657",="Present",="4/3/2025",="AP100-P",
="800001657",="Present",="4/10/2025",="AP100-P",
="800001657",="Absent",="4/17/2025",="AP100-P",
="800001657",="Present",="2/5/2025",="PHARM100-P",
="800001657",="Present",="2/12/2025",="PHARM100-P",
="800001657",="Present",="2/19/2025",="PHARM100-P",
="800001657",="Present",="2/26/2025",="PHARM100-P",
="800001657",="Present",="3/5/2025",="PHARM100-P",
="800001657",="Present",="3/12/2025",="PHARM100-P",
="800001657",="Present",="3/19/2025",="PHARM100-P",
="800001657",="Present",="3/26/2025",="PHARM100-P",
="800001657",="Present",="4/2/2025",="PHARM100-P",
="800001657",="Present",="4/9/2025",="PHARM100-P",
="800001657",="Present",="1/6/2025",="NUR100-P",
="800001657",="Present",="1/7/2025",="NUR100-P",
="800001657",="Present",="1/13/2025",="NUR100-P",
="800001657",="Present",="1/14/2025",="NUR100-P",
="800001657",="Present",="1/27/2025",="NUR100-P",
="800001657",="Present",="2/3/2025",="NUR100-P",
="800001657",="Present",="2/10/2025",="NUR100-P",
="800001657",="Present",="2/17/2025",="NUR100-P",
="800001657",="Present",="3/10/2025",="NUR100-P",
="800001657",="Present",="3/17/2025",="NUR100-P",
="800001657",="Present",="3/24/2025",="NUR100-P",
="800001657",="Present",="3/31/2025",="NUR100-P",
="800001657",="Present",="4/7/2025",="NUR100-P",
="800001657",="Present",="1/10/2025",="ENG101 -P",
="800001657",="Present",="1/17/2025",="ENG101 -P",
="800001657",="Present",="1/24/2025",="ENG101 -P",
="800001657",="Present",="1/31/2025",="ENG101 -P",
="800001657",="Present",="2/7/2025",="ENG101 -P",
="800001657",="Present",="2/14/2025",="ENG101 -P",
="800001657",="Present",="2/21/2025",="ENG101 -P",
="800001657",="Present",="2/28/2025",="ENG101 -P",
="800001657",="Present",="3/7/2025",="ENG101 -P",
="800001657",="Present",="3/14/2025",="ENG101 -P",
="800001657",="Present",="3/21/2025",="ENG101 -P",
="800001657",="Present",="3/28/2025",="ENG101 -P",
="800001657",="Present",="4/4/2025",="ENG101 -P",
="800001657",="Present",="4/11/2025",="ENG101 -P",
="800001657",="Present",="1/10/2025",="COL010 -A",
="800001657",="Present",="1/17/2025",="COL010 -A",
="800001657",="Present",="1/24/2025",="COL010 -A",
="800001657",="Present",="1/31/2025",="COL010 -A",
="800001104",="Absent",="1/12/2025",="ENG102 - OL",
="800001104",="Present",="1/19/2025",="ENG102 - OL",
="800001104",="Present",="1/26/2025",="ENG102 - OL",
="800001104",="Present",="2/2/2025",="ENG102 - OL",
="800001104",="Present",="2/9/2025",="ENG102 - OL",
="800001104",="Present",="2/16/2025",="ENG102 - OL",
="800001104",="Present",="2/23/2025",="ENG102 - OL",
="800001104",="Present",="3/2/2025",="ENG102 - OL",
="800001104",="Present",="3/9/2025",="ENG102 - OL",
="800001104",="Present",="3/16/2025",="ENG102 - OL",
="800001104",="Present",="3/23/2025",="ENG102 - OL",
="800001104",="Present",="4/6/2025",="ENG102 - OL",
="800001104",="Present",="1/7/2025",="MCB100 -A",
="800001104",="Present",="1/14/2025",="MCB100 -A",
="800001104",="Present",="1/21/2025",="MCB100 -A",
="800001104",="Present",="1/28/2025",="MCB100 -A",
="800001104",="Present",="2/4/2025",="MCB100 -A",
="800001104",="Present",="2/11/2025",="MCB100 -A",
="800001104",="Present",="2/18/2025",="MCB100 -A",
="800001104",="Present",="2/25/2025",="MCB100 -A",
="800001104",="Present",="3/4/2025",="MCB100 -A",
="800001104",="Present",="3/18/2025",="MCB100 -A",
="800001104",="Present",="3/25/2025",="MCB100 -A",
="800001104",="Present",="4/1/2025",="MCB100 -A",
="800001104",="Present",="4/8/2025",="MCB100 -A",
="800001104",="Present",="4/15/2025",="MCB100 -A",
="800001679",="Present",="2/11/2025",="NUR216-L-P1",
="800001679",="Present",="3/11/2025",="NUR216-L-P1",
="800001679",="Present",="3/25/2025",="NUR216-L-P1",
="800001679",="Present",="1/7/2025",="NUR216 -P",
="800001679",="Present",="1/14/2025",="NUR216 -P",
="800001679",="Present",="1/21/2025",="NUR216 -P",
="800001679",="Present",="1/28/2025",="NUR216 -P",
="800001679",="Present",="2/4/2025",="NUR216 -P",
="800001679",="Present",="2/11/2025",="NUR216 -P",
="800001679",="Present",="2/18/2025",="NUR216 -P",
="800001679",="Present",="3/11/2025",="NUR216 -P",
="800001679",="Present",="3/25/2025",="NUR216 -P",
="800001679",="Absent",="4/1/2025",="NUR216 -P",
="800001679",="Present",="4/8/2025",="NUR216 -P",
="800001679",="Present",="1/6/2025",="PHARM225-P_ A",
="800001679",="Present",="1/13/2025",="PHARM225-P_ A",
="800001679",="Present",="1/27/2025",="PHARM225-P_ A",
="800001679",="Present",="2/3/2025",="PHARM225-P_ A",
="800001679",="Present",="2/10/2025",="PHARM225-P_ A",
="800001679",="Present",="2/17/2025",="PHARM225-P_ A",
="800001679",="Present",="3/3/2025",="PHARM225-P_ A",
="800001679",="Present",="3/10/2025",="PHARM225-P_ A",
="800001679",="Present",="3/17/2025",="PHARM225-P_ A",
="800001679",="Present",="3/24/2025",="PHARM225-P_ A",
="800001679",="Present",="3/31/2025",="PHARM225-P_ A",
="800001679",="Present",="4/7/2025",="PHARM225-P_ A",
="800001679",="Present",="1/12/2025",="ENG102 - OL",
="800001679",="Present",="1/19/2025",="ENG102 - OL",
="800001679",="Present",="1/26/2025",="ENG102 - OL",
="800001679",="Present",="2/2/2025",="ENG102 - OL",
="800001679",="Present",="2/9/2025",="ENG102 - OL",
="800001679",="Present",="2/16/2025",="ENG102 - OL",
="800001679",="Present",="2/23/2025",="ENG102 - OL",
="800001679",="Present",="3/2/2025",="ENG102 - OL",
="800001679",="Present",="3/9/2025",="ENG102 - OL",
="800001679",="Present",="3/16/2025",="ENG102 - OL",
="800001679",="Present",="3/23/2025",="ENG102 - OL",
="800001679",="Present",="4/6/2025",="ENG102 - OL",
="800001679",="Present",="1/8/2025",="AP209 -A",
="800001679",="Present",="1/15/2025",="AP209 -A",
="800001679",="Present",="1/22/2025",="AP209 -A",
="800001679",="Present",="1/29/2025",="AP209 -A",
="800001679",="Present",="2/5/2025",="AP209 -A",
="800001679",="Present",="2/12/2025",="AP209 -A",
="800001679",="Present",="2/19/2025",="AP209 -A",
="800001679",="Present",="2/26/2025",="AP209 -A",
="800001679",="Present",="3/5/2025",="AP209 -A",
="800001679",="Present",="3/12/2025",="AP209 -A",
="800001679",="Present",="3/19/2025",="AP209 -A",
="800001679",="Present",="3/26/2025",="AP209 -A",
="800001679",="Present",="4/2/2025",="AP209 -A",
="800001679",="Present",="4/9/2025",="AP209 -A",
="800001679",="Present",="4/16/2025",="AP209 -A",
="800001679",="Present",="4/21/2025",="NUR216-C-P1",
="800001679",="Present",="1/9/2025",="NUR201-A",
="800001679",="Present",="1/16/2025",="NUR201-A",
="800001679",="Present",="1/23/2025",="NUR201-A",
="800001679",="Present",="1/30/2025",="NUR201-A",
="800001679",="Present",="2/6/2025",="NUR201-A",
="800001679",="Present",="2/13/2025",="NUR201-A",
="800001679",="Present",="2/20/2025",="NUR201-A",
="800001679",="Present",="3/13/2025",="NUR201-A",
="800001679",="Present",="3/27/2025",="NUR201-A",
="800001679",="Present",="1/16/2025",="NUR201-L-A",
="800001679",="Present",="1/23/2025",="NUR201-L-A",
="800001679",="Present",="1/30/2025",="NUR201-L-A",
="800001679",="Present",="2/6/2025",="NUR201-L-A",
="800001679",="Present",="2/13/2025",="NUR201-L-A",
="800001679",="Present",="2/20/2025",="NUR201-L-A",
="800001679",="Present",="2/27/2025",="NUR201-L-A",
="800001679",="Present",="3/6/2025",="NUR201-L-A",
="800001419",="Present",="4/25/2025",="NUR120-C-P2",
="800001419",="Present",="4/28/2025",="NUR120-C-P2",
="800001419",="Present",="5/2/2025",="NUR120-C-P2",
="800001419",="Present",="1/31/2025",="NUR120-L-P1",
="800001419",="Present",="2/7/2025",="NUR120-L-P1",
="800001419",="No class",="2/19/2025",="NUR120-L-P1",
="800001419",="Present",="2/21/2025",="NUR120-L-P1",
="800001419",="No class",="2/24/2025",="NUR120-L-P1",
="800001419",="No class",="2/25/2025",="NUR120-L-P1",
="800001419",="No class",="2/27/2025",="NUR120-L-P1",
="800001419",="No class",="2/28/2025",="NUR120-L-P1",
="800001419",="No class",="3/5/2025",="NUR120-L-P1",
="800001419",="No class",="3/6/2025",="NUR120-L-P1",
="800001419",="Present",="3/14/2025",="NUR120-L-P1",
="800001419",="Present",="1/8/2025",="PHARM130-P",
="800001419",="Present",="1/15/2025",="PHARM130-P",
="800001419",="Present",="1/22/2025",="PHARM130-P",
="800001419",="Present",="1/29/2025",="PHARM130-P",
="800001419",="Present",="2/5/2025",="PHARM130-P",
="800001419",="Present",="2/12/2025",="PHARM130-P",
="800001419",="Present",="2/19/2025",="PHARM130-P",
="800001419",="No class",="2/26/2025",="PHARM130-P",
="800001419",="No class",="3/5/2025",="PHARM130-P",
="800001419",="Present",="3/12/2025",="PHARM130-P",
="800001419",="Present",="3/19/2025",="PHARM130-P",
="800001419",="Present",="3/26/2025",="PHARM130-P",
="800001419",="Present",="4/2/2025",="PHARM130-P",
="800001419",="Present",="4/9/2025",="PHARM130-P",
="800001419",="Present",="4/16/2025",="PHARM130-P",
="800001419",="Present",="1/7/2025",="NUR120 -P",
="800001419",="Present",="1/14/2025",="NUR120 -P",
="800001419",="Present",="1/21/2025",="NUR120 -P",
="800001419",="Present",="1/28/2025",="NUR120 -P",
="800001419",="Present",="2/4/2025",="NUR120 -P",
="800001419",="Present",="2/11/2025",="NUR120 -P",
="800001419",="Present",="2/18/2025",="NUR120 -P",
="800001419",="Present",="3/11/2025",="NUR120 -P",
="800001419",="Present",="3/18/2025",="NUR120 -P",
="800001419",="Present",="3/25/2025",="NUR120 -P",
="800001419",="Present",="4/1/2025",="NUR120 -P",
="800001419",="Present",="4/8/2025",="NUR120 -P",
="800001419",="Absent",="4/25/2025",="NUR140 -C-A2",
="800001419",="Present",="4/26/2025",="NUR140 -C-A2",
="800001419",="Present",="1/23/2025",="NUR140-A",
="800001419",="Present",="1/30/2025",="NUR140-A",
="800001419",="Present",="2/6/2025",="NUR140-A",
="800001419",="Present",="2/13/2025",="NUR140-A",
="800001419",="Present",="2/20/2025",="NUR140-A",
="800001419",="Present",="3/13/2025",="NUR140-A",
="800001419",="Present",="3/27/2025",="NUR140-A",
="800001419",="Present",="4/3/2025",="NUR140-A",
="800001330",="No class",="2/24/2025",="NUR135-L-A1",
="800001330",="Present",="3/3/2025",="NUR135-L-A1",
="800001330",="Present",="1/8/2025",="PHARM130-P",
="800001330",="Present",="1/15/2025",="PHARM130-P",
="800001330",="Present",="1/22/2025",="PHARM130-P",
="800001330",="Present",="1/29/2025",="PHARM130-P",
="800001330",="Present",="2/5/2025",="PHARM130-P",
="800001330",="Present",="2/12/2025",="PHARM130-P",
="800001330",="Present",="2/19/2025",="PHARM130-P",
="800001330",="No class",="2/26/2025",="PHARM130-P",
="800001330",="No class",="3/5/2025",="PHARM130-P",
="800001330",="Present",="3/12/2025",="PHARM130-P",
="800001330",="Present",="3/19/2025",="PHARM130-P",
="800001330",="Present",="3/26/2025",="PHARM130-P",
="800001330",="Present",="4/2/2025",="PHARM130-P",
="800001330",="Present",="4/9/2025",="PHARM130-P",
="800001330",="Present",="4/16/2025",="PHARM130-P",
="800001330",="Present",="1/6/2025",="NUR135-A",
="800001330",="Present",="1/13/2025",="NUR135-A",
="800001330",="Present",="1/27/2025",="NUR135-A",
="800001330",="Present",="2/3/2025",="NUR135-A",
="800001330",="Present",="2/10/2025",="NUR135-A",
="800001330",="Present",="2/17/2025",="NUR135-A",
="800001330",="Present",="3/10/2025",="NUR135-A",
="800001330",="Present",="3/17/2025",="NUR135-A",
="800001330",="Present",="3/24/2025",="NUR135-A",
="800001330",="Present",="3/31/2025",="NUR135-A",
="800001330",="Present",="4/7/2025",="NUR135-A",
="800000957",="Present",="1/12/2025",="ENG102 - OL",
="800000957",="Present",="1/19/2025",="ENG102 - OL",
="800000957",="Present",="1/26/2025",="ENG102 - OL",
="800000957",="Present",="2/2/2025",="ENG102 - OL",
="800000957",="Present",="2/9/2025",="ENG102 - OL",
="800000957",="Present",="2/16/2025",="ENG102 - OL",
="800000957",="Present",="2/23/2025",="ENG102 - OL",
="800000957",="Present",="3/2/2025",="ENG102 - OL",
="800000957",="Present",="3/9/2025",="ENG102 - OL",
="800000957",="Present",="3/16/2025",="ENG102 - OL",
="800000957",="Present",="3/23/2025",="ENG102 - OL",
="800000957",="Present",="4/6/2025",="ENG102 - OL",
="800001683",="Present",="1/10/2025",="COL010 -A",
="800001683",="Present",="1/17/2025",="COL010 -A",
="800001683",="Present",="1/24/2025",="COL010 -A",
="800001683",="Present",="1/31/2025",="COL010 -A",
="800001683",="Present",="1/15/2025",="ENG101 -A",
="800001683",="Absent",="1/22/2025",="ENG101 -A",
="800001683",="Absent",="1/29/2025",="ENG101 -A",
="800001683",="Tardy/Late",="2/12/2025",="ENG101 -A",
="800001683",="Present",="2/19/2025",="ENG101 -A",
="800001683",="Present",="2/26/2025",="ENG101 -A",
="800001683",="Present",="3/5/2025",="ENG101 -A",
="800001683",="Present",="3/12/2025",="ENG101 -A",
="800001683",="Present",="3/19/2025",="ENG101 -A",
="800001683",="Present",="3/26/2025",="ENG101 -A",
="800001683",="Tardy/Late",="4/2/2025",="ENG101 -A",
="800001683",="Absent",="4/9/2025",="ENG101 -A",
="800001489",="Present",="1/9/2025",="NUR125-P",
="800001489",="Present",="1/16/2025",="NUR125-P",
="800001489",="Present",="1/23/2025",="NUR125-P",
="800001489",="Present",="1/30/2025",="NUR125-P",
="800001489",="Present",="2/6/2025",="NUR125-P",
="800001489",="Present",="2/13/2025",="NUR125-P",
="800001489",="Present",="2/20/2025",="NUR125-P",
="800001489",="Present",="3/13/2025",="NUR125-P",
="800001489",="Present",="3/27/2025",="NUR125-P",
="800001489",="Present",="4/1/2025",="NUR125-P",
="800001489",="Present",="4/2/2025",="NUR125-P",
="800001489",="Present",="4/3/2025",="NUR125-P",
="800001489",="Present",="1/16/2025",="NUR125-L-P1",
="800001489",="Present",="1/23/2025",="NUR125-L-P1",
="800001489",="Absent",="1/30/2025",="NUR125-L-P1",
="800001489",="Present",="2/6/2025",="NUR125-L-P1",
="800001489",="Present",="2/13/2025",="NUR125-L-P1",
="800001489",="Present",="2/20/2025",="NUR125-L-P1",
="800001489",="No class",="2/24/2025",="NUR125-L-P1",
="800001489",="Present",="2/27/2025",="NUR125-L-P1",
="800001489",="Present",="2/28/2025",="NUR125-L-P1",
="800001489",="Present",="3/13/2025",="NUR125-L-P1",
="800001489",="Present",="3/27/2025",="NUR125-L-P1",
="800001303",="No class",="2/24/2025",="NUR135-L-A1",
="800001303",="Present",="3/3/2025",="NUR135-L-A1",
="800001303",="Present",="1/6/2025",="NUR135-A",
="800001303",="Present",="1/13/2025",="NUR135-A",
="800001303",="Present",="1/27/2025",="NUR135-A",
="800001303",="Present",="2/3/2025",="NUR135-A",
="800001303",="Present",="2/10/2025",="NUR135-A",
="800001303",="Present",="2/17/2025",="NUR135-A",
="800001303",="Present",="3/10/2025",="NUR135-A",
="800001303",="Present",="3/17/2025",="NUR135-A",
="800001303",="Present",="3/24/2025",="NUR135-A",
="800001303",="Present",="3/31/2025",="NUR135-A",
="800001303",="Present",="4/7/2025",="NUR135-A",
="800001495",="Present",="2/5/2025",="PHARM100-P",
="800001495",="Present",="2/12/2025",="PHARM100-P",
="800001495",="Present",="2/19/2025",="PHARM100-P",
="800001495",="Present",="2/26/2025",="PHARM100-P",
="800001495",="Present",="3/5/2025",="PHARM100-P",
="800001495",="Present",="3/12/2025",="PHARM100-P",
="800001495",="Present",="3/19/2025",="PHARM100-P",
="800001495",="Present",="3/26/2025",="PHARM100-P",
="800001495",="Present",="4/2/2025",="PHARM100-P",
="800001495",="Present",="4/9/2025",="PHARM100-P",
="800001495",="Present",="1/12/2025",="NUT100 -OL II",
="800001495",="Present",="1/19/2025",="NUT100 -OL II",
="800001495",="Present",="1/26/2025",="NUT100 -OL II",
="800001495",="Present",="2/2/2025",="NUT100 -OL II",
="800001495",="Present",="2/9/2025",="NUT100 -OL II",
="800001495",="Present",="2/16/2025",="NUT100 -OL II",
="800001495",="Present",="2/23/2025",="NUT100 -OL II",
="800001495",="Present",="3/2/2025",="NUT100 -OL II",
="800001495",="Present",="3/9/2025",="NUT100 -OL II",
="800001495",="Present",="3/16/2025",="NUT100 -OL II",
="800001495",="Present",="3/23/2025",="NUT100 -OL II",
="800001495",="Present",="3/30/2025",="NUT100 -OL II",
="800001495",="Absent",="4/6/2025",="NUT100 -OL II",
="800001495",="Present",="4/13/2025",="NUT100 -OL II",
="800001495",="Present",="1/14/2025",="NUR100-L-P2",
="800001495",="Present",="1/21/2025",="NUR100-L-P2",
="800001495",="Present",="1/28/2025",="NUR100-L-P2",
="800001495",="Present",="2/4/2025",="NUR100-L-P2",
="800001495",="Present",="2/11/2025",="NUR100-L-P2",
="800001495",="Absent",="2/18/2025",="NUR100-L-P2",
="800001495",="Present",="2/25/2025",="NUR100-L-P2",
="800001495",="Present",="2/27/2025",="NUR100-L-P2",
="800001495",="No class",="2/28/2025",="NUR100-L-P2",
="800001495",="Present",="3/4/2025",="NUR100-L-P2",
="800001495",="No class",="3/5/2025",="NUR100-L-P2",
="800001495",="No class",="3/6/2025",="NUR100-L-P2",
="800001495",="Absent",="3/25/2025",="NUR100-L-P2",
="800001495",="Present",="4/1/2025",="NUR100-L-P2",
="800001495",="Absent",="4/8/2025",="NUR100-L-P2",
="800001495",="Present",="4/11/2025",="NUR100-L-P2",
="800001495",="Present",="4/16/2025",="NUR100-L-P2",
="800001495",="Present",="4/17/2025",="NUR100-L-P2",
="800001495",="Absent",="1/6/2025",="NUR100-P",
="800001495",="Present",="1/7/2025",="NUR100-P",
="800001495",="Present",="1/13/2025",="NUR100-P",
="800001495",="Present",="1/14/2025",="NUR100-P",
="800001495",="Tardy/Late",="1/27/2025",="NUR100-P",
="800001495",="Present",="2/3/2025",="NUR100-P",
="800001495",="Present",="2/10/2025",="NUR100-P",
="800001495",="Present",="2/17/2025",="NUR100-P",
="800001495",="Present",="3/10/2025",="NUR100-P",
="800001495",="Present",="3/17/2025",="NUR100-P",
="800001495",="Absent",="3/24/2025",="NUR100-P",
="800001495",="Absent",="3/31/2025",="NUR100-P",
="800001495",="Absent",="4/7/2025",="NUR100-P",
="800000800",="Present",="1/15/2025",="NUR150 -A",
="800000800",="Present",="1/22/2025",="NUR150 -A",
="800000800",="Present",="1/29/2025",="NUR150 -A",
="800000800",="Present",="2/5/2025",="NUR150 -A",
="800000800",="Present",="2/12/2025",="NUR150 -A",
="800000800",="Present",="2/19/2025",="NUR150 -A",
="800000800",="Present",="3/12/2025",="NUR150 -A",
="800000800",="Present",="3/19/2025",="NUR150 -A",
="800000800",="Present",="3/26/2025",="NUR150 -A",
="800000800",="Present",="4/2/2025",="NUR150 -A",
="800000800",="Present",="2/26/2025",="NUR145-S-A2",
="800000800",="Present",="3/5/2025",="NUR145-S-A2",
="800000800",="Present",="1/16/2025",="NUR145 - A",
="800000800",="Present",="1/23/2025",="NUR145 - A",
="800000800",="Present",="1/30/2025",="NUR145 - A",
="800000800",="Present",="2/6/2025",="NUR145 - A",
="800000800",="Absent",="2/13/2025",="NUR145 - A",
="800000800",="Present",="2/20/2025",="NUR145 - A",
="800000800",="Absent",="3/13/2025",="NUR145 - A",
="800000800",="Present",="3/20/2025",="NUR145 - A",
="800000800",="Present",="3/27/2025",="NUR145 - A",
="800000800",="Present",="4/3/2025",="NUR145 - A",
="800000800",="Present",="4/10/2025",="NUR145 - A",
="800000800",="Present",="1/8/2025",="NUR155-P",
="800000800",="Present",="1/15/2025",="NUR155-P",
="800000800",="Present",="1/22/2025",="NUR155-P",
="800000800",="Present",="1/29/2025",="NUR155-P",
="800000800",="Present",="2/5/2025",="NUR155-P",
="800000800",="Present",="2/12/2025",="NUR155-P",
="800000800",="Present",="2/19/2025",="NUR155-P",
="800000800",="Present",="2/26/2025",="NUR155-P",
="800000800",="Present",="3/5/2025",="NUR155-P",
="800000800",="Present",="3/12/2025",="NUR155-P",
="800000800",="Present",="3/19/2025",="NUR155-P",
="800000800",="Present",="3/26/2025",="NUR155-P",
="800000800",="Present",="4/2/2025",="NUR155-P",
="800000800",="Present",="4/9/2025",="NUR155-P",
="800000800",="Present",="4/16/2025",="NUR155-P",
="800000800",="Present",="2/27/2025",="NUR150 -L-A1",
="800000800",="Present",="3/5/2025",="NUR150 -L-A1",
="800000800",="Present",="3/6/2025",="NUR150 -L-A1",
="800000800",="No class",="2/27/2025",="NUR145-L-A",
="800000800",="Present",="3/6/2025",="NUR145-L-A",
="800001292",="Present",="2/27/2025",="NUR150 -L-A1",
="800001292",="Present",="3/5/2025",="NUR150 -L-A1",
="800001292",="Present",="3/6/2025",="NUR150 -L-A1",
="800001292",="Present",="1/15/2025",="NUR150 -A",
="800001292",="Present",="1/22/2025",="NUR150 -A",
="800001292",="Present",="1/29/2025",="NUR150 -A",
="800001292",="Present",="2/5/2025",="NUR150 -A",
="800001292",="Present",="2/12/2025",="NUR150 -A",
="800001292",="Present",="2/19/2025",="NUR150 -A",
="800001292",="Present",="3/12/2025",="NUR150 -A",
="800001292",="Present",="3/19/2025",="NUR150 -A",
="800001292",="Absent",="3/26/2025",="NUR150 -A",
="800001292",="Present",="4/2/2025",="NUR150 -A",
="800001292",="Present",="1/8/2025",="NUR155-P",
="800001292",="Present",="1/15/2025",="NUR155-P",
="800001292",="Present",="1/22/2025",="NUR155-P",
="800001292",="Present",="1/29/2025",="NUR155-P",
="800001292",="Present",="2/5/2025",="NUR155-P",
="800001292",="Present",="2/12/2025",="NUR155-P",
="800001292",="Present",="2/19/2025",="NUR155-P",
="800001292",="Present",="2/26/2025",="NUR155-P",
="800001292",="Present",="3/5/2025",="NUR155-P",
="800001292",="Present",="3/12/2025",="NUR155-P",
="800001292",="Present",="3/19/2025",="NUR155-P",
="800001292",="Present",="3/26/2025",="NUR155-P",
="800001292",="Present",="4/2/2025",="NUR155-P",
="800001292",="Present",="4/9/2025",="NUR155-P",
="800001292",="Present",="4/16/2025",="NUR155-P",
="800001292",="Present",="1/23/2025",="NUR140-A",
="800001292",="Present",="1/30/2025",="NUR140-A",
="800001292",="Present",="2/6/2025",="NUR140-A",
="800001292",="Present",="2/13/2025",="NUR140-A",
="800001292",="Present",="2/20/2025",="NUR140-A",
="800001292",="Present",="3/13/2025",="NUR140-A",
="800001292",="Present",="3/27/2025",="NUR140-A",
="800001292",="Present",="4/3/2025",="NUR140-A",
="800001292",="Present",="2/27/2025",="NUR145-L-A2",
="800001292",="Present",="3/6/2025",="NUR145-L-A2",
="800001292",="Present",="2/24/2025",="NUR145-S-A3",
="800001292",="Present",="3/5/2025",="NUR145-S-A3",
="800001292",="Present",="1/16/2025",="NUR145 - A",
="800001292",="Present",="1/23/2025",="NUR145 - A",
="800001292",="Present",="1/30/2025",="NUR145 - A",
="800001292",="Present",="2/6/2025",="NUR145 - A",
="800001292",="Present",="2/13/2025",="NUR145 - A",
="800001292",="Present",="2/20/2025",="NUR145 - A",
="800001292",="Present",="3/13/2025",="NUR145 - A",
="800001292",="Present",="3/20/2025",="NUR145 - A",
="800001292",="Present",="3/27/2025",="NUR145 - A",
="800001292",="Present",="4/3/2025",="NUR145 - A",
="800001292",="Present",="4/10/2025",="NUR145 - A",
="800001330",="Present",="1/23/2025",="NUR140-A",
="800001330",="Absent excused",="1/30/2025",="NUR140-A",
="800001330",="Present",="2/6/2025",="NUR140-A",
="800001330",="Present",="2/13/2025",="NUR140-A",
="800001330",="Present",="2/20/2025",="NUR140-A",
="800001330",="Present",="3/13/2025",="NUR140-A",
="800001330",="Present",="3/27/2025",="NUR140-A",
="800001330",="Present",="4/3/2025",="NUR140-A",
="800001330",="Present",="4/25/2025",="NUR140 -C-A2",
="800001330",="Present",="4/26/2025",="NUR140 -C-A2",
="800001030",="Present",="1/7/2025",="NUR120 -P",
="800001030",="Present",="1/14/2025",="NUR120 -P",
="800001030",="Present",="1/21/2025",="NUR120 -P",
="800001030",="Present",="1/28/2025",="NUR120 -P",
="800001030",="Present",="2/4/2025",="NUR120 -P",
="800001030",="Present",="2/11/2025",="NUR120 -P",
="800001030",="Present",="2/18/2025",="NUR120 -P",
="800001030",="Present",="3/11/2025",="NUR120 -P",
="800001030",="Present",="3/18/2025",="NUR120 -P",
="800001030",="Present",="3/25/2025",="NUR120 -P",
="800001030",="Present",="4/1/2025",="NUR120 -P",
="800001030",="Present",="4/8/2025",="NUR120 -P",
="800001030",="Present",="1/31/2025",="NUR120-L-P1",
="800001030",="Present",="2/7/2025",="NUR120-L-P1",
="800001030",="No class",="2/19/2025",="NUR120-L-P1",
="800001030",="Present",="2/21/2025",="NUR120-L-P1",
="800001030",="No class",="2/24/2025",="NUR120-L-P1",
="800001030",="Present",="2/25/2025",="NUR120-L-P1",
="800001030",="No class",="2/27/2025",="NUR120-L-P1",
="800001030",="Present",="2/28/2025",="NUR120-L-P1",
="800001030",="No class",="3/5/2025",="NUR120-L-P1",
="800001030",="No class",="3/6/2025",="NUR120-L-P1",
="800001030",="Present",="3/14/2025",="NUR120-L-P1",
="800001030",="Present",="1/8/2025",="PHARM130-P",
="800001030",="Present",="1/15/2025",="PHARM130-P",
="800001030",="Present",="1/22/2025",="PHARM130-P",
="800001030",="Present",="1/29/2025",="PHARM130-P",
="800001030",="No class",="2/5/2025",="PHARM130-P",
="800001030",="Present",="2/12/2025",="PHARM130-P",
="800001030",="Present",="2/19/2025",="PHARM130-P",
="800001030",="No class",="2/26/2025",="PHARM130-P",
="800001030",="No class",="3/5/2025",="PHARM130-P",
="800001030",="Present",="3/12/2025",="PHARM130-P",
="800001030",="Present",="3/19/2025",="PHARM130-P",
="800001030",="Present",="3/26/2025",="PHARM130-P",
="800001030",="Present",="4/2/2025",="PHARM130-P",
="800001030",="Present",="4/9/2025",="PHARM130-P",
="800001030",="Present",="4/16/2025",="PHARM130-P",
="770000433",="Present",="1/12/2025",="HUM200 -OL",
="770000433",="Present",="1/19/2025",="HUM200 -OL",
="770000433",="Present",="1/26/2025",="HUM200 -OL",
="770000433",="Present",="2/2/2025",="HUM200 -OL",
="770000433",="Present",="2/9/2025",="HUM200 -OL",
="770000433",="Present",="2/16/2025",="HUM200 -OL",
="770000433",="Present",="2/23/2025",="HUM200 -OL",
="770000433",="Present",="3/2/2025",="HUM200 -OL",
="770000433",="Present",="3/9/2025",="HUM200 -OL",
="770000433",="Present",="3/16/2025",="HUM200 -OL",
="770000433",="Present",="3/23/2025",="HUM200 -OL",
="770000433",="Absent",="3/30/2025",="HUM200 -OL",
="770000433",="Present",="4/6/2025",="HUM200 -OL",
="770000433",="Present",="4/13/2025",="HUM200 -OL",
="770000433",="Present",="1/10/2025",="STAT101-A",
="770000433",="Present",="1/17/2025",="STAT101-A",
="770000433",="Present",="1/24/2025",="STAT101-A",
="770000433",="Present",="2/7/2025",="STAT101-A",
="770000433",="Present",="2/14/2025",="STAT101-A",
="770000433",="Present",="2/21/2025",="STAT101-A",
="770000433",="Present",="2/28/2025",="STAT101-A",
="770000433",="Present",="3/7/2025",="STAT101-A",
="770000433",="Present",="3/14/2025",="STAT101-A",
="770000433",="Present",="3/21/2025",="STAT101-A",
="770000433",="Present",="3/28/2025",="STAT101-A",
="770000433",="Present",="4/11/2025",="STAT101-A",
="770000433",="Present",="3/7/2025",="NUR255-C-P2",
="770000433",="Present",="3/8/2025",="NUR255-C-P2",
="770000433",="Present",="4/14/2025",="NUR290 -A-1",
="770000433",="Present",="4/28/2025",="NUR290 -A-1",
="770000433",="Present",="5/2/2025",="NUR290 -A-1",
="770000433",="Present",="1/8/2025",="NUR270-P",
="770000433",="Present",="1/15/2025",="NUR270-P",
="770000433",="Present",="1/22/2025",="NUR270-P",
="770000433",="Present",="1/29/2025",="NUR270-P",
="770000433",="Present",="2/5/2025",="NUR270-P",
="770000433",="Present",="2/12/2025",="NUR270-P",
="770000433",="Present",="2/19/2025",="NUR270-P",
="770000433",="Present",="3/12/2025",="NUR270-P",
="770000433",="Present",="3/19/2025",="NUR270-P",
="770000433",="Present",="3/26/2025",="NUR270-P",
="770000433",="Present",="4/2/2025",="NUR270-P",
="770000433",="Present",="4/9/2025",="NUR270-P",
="770000433",="Present",="4/16/2025",="NUR270-P",
="770000433",="Present",="1/6/2025",="NUR265 -P",
="770000433",="Present",="1/13/2025",="NUR265 -P",
="770000433",="Present",="1/27/2025",="NUR265 -P",
="770000433",="Present",="2/3/2025",="NUR265 -P",
="770000433",="Present",="2/10/2025",="NUR265 -P",
="770000433",="Present",="2/17/2025",="NUR265 -P",
="770000433",="Present",="2/24/2025",="NUR265 -P",
="770000433",="Present",="3/3/2025",="NUR265 -P",
="770000433",="Present",="1/16/2025",="NUR255 -P",
="770000433",="Present",="1/23/2025",="NUR255 -P",
="770000433",="Present",="1/30/2025",="NUR255 -P",
="770000433",="Present",="2/6/2025",="NUR255 -P",
="770000433",="Present",="2/13/2025",="NUR255 -P",
="770000433",="Present",="2/20/2025",="NUR255 -P",
="770000433",="Present",="2/27/2025",="NUR255 -P",
="770000433",="Present",="3/6/2025",="NUR255 -P",
="770000433",="No class",="3/13/2025",="NUR255 -P",
="800001543",="Present",="1/12/2025",="NUT100 -OL II",
="800001543",="Present",="1/19/2025",="NUT100 -OL II",
="800001543",="Present",="1/26/2025",="NUT100 -OL II",
="800001543",="Present",="2/2/2025",="NUT100 -OL II",
="800001543",="Present",="2/9/2025",="NUT100 -OL II",
="800001543",="Present",="2/16/2025",="NUT100 -OL II",
="800001543",="Present",="2/23/2025",="NUT100 -OL II",
="800001543",="Absent",="3/2/2025",="NUT100 -OL II",
="800001543",="Present",="3/9/2025",="NUT100 -OL II",
="800001543",="Present",="3/16/2025",="NUT100 -OL II",
="800001543",="Absent",="3/23/2025",="NUT100 -OL II",
="800001543",="Absent",="3/30/2025",="NUT100 -OL II",
="800001543",="Absent",="4/6/2025",="NUT100 -OL II",
="800001543",="Present",="4/13/2025",="NUT100 -OL II",
="800001517",="Present",="1/12/2025",="NUT100 -OL",
="800001517",="Present",="1/19/2025",="NUT100 -OL",
="800001517",="Present",="1/26/2025",="NUT100 -OL",
="800001517",="Present",="2/2/2025",="NUT100 -OL",
="800001517",="Present",="2/9/2025",="NUT100 -OL",
="800001517",="Present",="2/16/2025",="NUT100 -OL",
="800001517",="Present",="2/23/2025",="NUT100 -OL",
="800001517",="Present",="3/2/2025",="NUT100 -OL",
="800001517",="Present",="3/9/2025",="NUT100 -OL",
="800001517",="Present",="3/16/2025",="NUT100 -OL",
="800001517",="Present",="3/23/2025",="NUT100 -OL",
="800001517",="Present",="3/30/2025",="NUT100 -OL",
="800001517",="Present",="4/6/2025",="NUT100 -OL",
="800001517",="Present",="4/13/2025",="NUT100 -OL",
="800001531",="Absent",="1/8/2025",="AP209 -A",
="800001531",="Absent",="1/15/2025",="AP209 -A",
="800001531",="Present",="1/22/2025",="AP209 -A",
="800001531",="Absent",="1/29/2025",="AP209 -A",
="800001531",="Absent",="2/5/2025",="AP209 -A",
="800001531",="Absent",="2/12/2025",="AP209 -A",
="800001531",="Absent",="2/19/2025",="AP209 -A",
="800001531",="Absent",="1/12/2025",="ENG102 - OL",
="800001531",="Absent",="1/19/2025",="ENG102 - OL",
="800001531",="Present",="1/26/2025",="ENG102 - OL",
="800001531",="Present",="2/2/2025",="ENG102 - OL",
="800001531",="Present",="2/9/2025",="ENG102 - OL",
="800001280",="Present",="1/6/2025",="PHARM225-P_ A",
="800001280",="Present",="1/13/2025",="PHARM225-P_ A",
="800001280",="Present",="1/27/2025",="PHARM225-P_ A",
="800001280",="Present",="2/3/2025",="PHARM225-P_ A",
="800001280",="Absent",="2/10/2025",="PHARM225-P_ A",
="800001280",="Absent",="2/17/2025",="PHARM225-P_ A",
="800001280",="Absent",="3/3/2025",="PHARM225-P_ A",
="800001280",="Absent",="3/10/2025",="PHARM225-P_ A",
="800001280",="Absent",="1/9/2025",="NUR205 -P",
="800001280",="Present",="1/16/2025",="NUR205 -P",
="800001280",="Present",="1/23/2025",="NUR205 -P",
="800001280",="Present",="1/30/2025",="NUR205 -P",
="800001280",="Absent",="2/6/2025",="NUR205 -P",
="800001280",="Absent",="2/13/2025",="NUR205 -P",
="800001280",="Present",="2/20/2025",="NUR205 -P",
="800001280",="Absent",="1/16/2025",="NUR205-L-P1",
="800001280",="Present",="1/30/2025",="NUR205-L-P1",
="800001280",="Absent",="2/6/2025",="NUR205-L-P1",
="800001280",="Absent",="2/13/2025",="NUR205-L-P1",
="800001280",="Present",="2/20/2025",="NUR205-L-P1",
="800001280",="Absent",="3/13/2025",="NUR205-L-P1",
="800001530",="Present",="1/12/2025",="NUT100 -OL II",
="800001530",="Present",="1/19/2025",="NUT100 -OL II",
="800001530",="Present",="1/26/2025",="NUT100 -OL II",
="800001530",="Present",="2/2/2025",="NUT100 -OL II",
="800001530",="Present",="2/9/2025",="NUT100 -OL II",
="800001530",="Present",="2/16/2025",="NUT100 -OL II",
="800001530",="Present",="2/23/2025",="NUT100 -OL II",
="800001530",="Present",="3/2/2025",="NUT100 -OL II",
="800001530",="Present",="3/9/2025",="NUT100 -OL II",
="800001530",="Present",="3/16/2025",="NUT100 -OL II",
="800001530",="Present",="3/23/2025",="NUT100 -OL II",
="800001530",="Present",="3/30/2025",="NUT100 -OL II",
="800001530",="Present",="4/6/2025",="NUT100 -OL II",
="800001530",="Present",="4/13/2025",="NUT100 -OL II",
="800001506",="Present",="1/12/2025",="NUT100 -OL II",
="800001506",="Present",="1/19/2025",="NUT100 -OL II",
="800001506",="Present",="1/26/2025",="NUT100 -OL II",
="800001506",="Present",="2/2/2025",="NUT100 -OL II",
="800001506",="Present",="2/9/2025",="NUT100 -OL II",
="800001506",="Present",="2/16/2025",="NUT100 -OL II",
="800001506",="Present",="2/23/2025",="NUT100 -OL II",
="800001506",="Present",="3/2/2025",="NUT100 -OL II",
="800001506",="Present",="3/9/2025",="NUT100 -OL II",
="800001506",="Present",="3/16/2025",="NUT100 -OL II",
="800001506",="Present",="3/23/2025",="NUT100 -OL II",
="800001506",="Present",="3/30/2025",="NUT100 -OL II",
="800001506",="Present",="4/6/2025",="NUT100 -OL II",
="800001506",="Present",="4/13/2025",="NUT100 -OL II",
="800001506",="Absent",="2/10/2025",="PHARM100-P",
="800001506",="Present",="2/12/2025",="PHARM100-P",
="800001506",="Present",="2/19/2025",="PHARM100-P",
="800001506",="Present",="2/26/2025",="PHARM100-P",
="800001506",="Present",="3/5/2025",="PHARM100-P",
="800001506",="Present",="3/12/2025",="PHARM100-P",
="800001506",="Present",="3/19/2025",="PHARM100-P",
="800001506",="Present",="3/26/2025",="PHARM100-P",
="800001506",="Present",="4/2/2025",="PHARM100-P",
="800001506",="Present",="4/9/2025",="PHARM100-P",
="800000600",="Present",="1/16/2025",="NUR255 -P",
="800000600",="Present",="1/23/2025",="NUR255 -P",
="800000600",="Present",="1/30/2025",="NUR255 -P",
="800000600",="Present",="2/6/2025",="NUR255 -P",
="800000600",="Present",="2/13/2025",="NUR255 -P",
="800000600",="Present",="2/20/2025",="NUR255 -P",
="800000600",="Present",="2/27/2025",="NUR255 -P",
="800000600",="Present",="3/6/2025",="NUR255 -P",
="800000600",="No class",="3/13/2025",="NUR255 -P",
="800000600",="Present",="4/14/2025",="NUR290 -A-1",
="800000600",="Present",="4/28/2025",="NUR290 -A-1",
="800000600",="Present",="5/2/2025",="NUR290 -A-1",
="800000600",="Present",="1/8/2025",="NUR270-P",
="800000600",="Present",="1/15/2025",="NUR270-P",
="800000600",="Present",="1/22/2025",="NUR270-P",
="800000600",="Present",="1/29/2025",="NUR270-P",
="800000600",="Present",="2/5/2025",="NUR270-P",
="800000600",="Present",="2/12/2025",="NUR270-P",
="800000600",="Present",="2/19/2025",="NUR270-P",
="800000600",="Present",="3/12/2025",="NUR270-P",
="800000600",="Present",="3/19/2025",="NUR270-P",
="800000600",="Present",="3/26/2025",="NUR270-P",
="800000600",="Present",="4/2/2025",="NUR270-P",
="800000600",="Present",="4/9/2025",="NUR270-P",
="800000600",="Present",="4/16/2025",="NUR270-P",
="800001094",="Absent",="4/25/2025",="NUR140 -C-A2",
="800001094",="Absent",="4/26/2025",="NUR140 -C-A2",
="800001094",="Present",="1/23/2025",="NUR140-A",
="800001094",="Present",="1/30/2025",="NUR140-A",
="800001094",="Present",="2/6/2025",="NUR140-A",
="800001094",="Present",="2/13/2025",="NUR140-A",
="800001094",="Present",="2/20/2025",="NUR140-A",
="800001094",="Present",="3/13/2025",="NUR140-A",
="800001094",="Present",="3/27/2025",="NUR140-A",
="800001094",="Present",="4/3/2025",="NUR140-A",
="800001094",="No class",="2/27/2025",="NUR145-L-A",
="800001094",="Present",="3/6/2025",="NUR145-L-A",
="800001094",="Present",="1/12/2025",="HUM200 -OL",
="800001094",="Present",="1/19/2025",="HUM200 -OL",
="800001094",="Present",="1/26/2025",="HUM200 -OL",
="800001094",="Present",="2/2/2025",="HUM200 -OL",
="800001094",="Present",="2/9/2025",="HUM200 -OL",
="800001094",="Present",="2/16/2025",="HUM200 -OL",
="800001094",="Present",="2/23/2025",="HUM200 -OL",
="800001094",="Present",="3/2/2025",="HUM200 -OL",
="800001094",="Present",="3/9/2025",="HUM200 -OL",
="800001094",="Present",="3/16/2025",="HUM200 -OL",
="800001094",="Present",="3/23/2025",="HUM200 -OL",
="800001094",="Absent",="3/30/2025",="HUM200 -OL",
="800001094",="Present",="4/6/2025",="HUM200 -OL",
="800001094",="Present",="4/13/2025",="HUM200 -OL",
="800001094",="Present",="2/26/2025",="NUR145-S-A1",
="800001094",="Present",="3/5/2025",="NUR145-S-A1",
="800001094",="Present",="1/8/2025",="PHARM130-P",
="800001094",="Present",="1/15/2025",="PHARM130-P",
="800001094",="Absent",="1/22/2025",="PHARM130-P",
="800001094",="Present",="1/29/2025",="PHARM130-P",
="800001094",="No class",="2/5/2025",="PHARM130-P",
="800001094",="Present",="2/12/2025",="PHARM130-P",
="800001094",="Absent",="2/19/2025",="PHARM130-P",
="800001094",="No class",="2/26/2025",="PHARM130-P",
="800001094",="No class",="3/5/2025",="PHARM130-P",
="800001094",="Present",="3/12/2025",="PHARM130-P",
="800001094",="Absent",="3/19/2025",="PHARM130-P",
="800001094",="Present",="4/2/2025",="PHARM130-P",
="800001094",="Present",="4/9/2025",="PHARM130-P",
="800001094",="Present",="4/16/2025",="PHARM130-P",
="800001094",="Present",="1/16/2025",="NUR145 - A",
="800001094",="Present",="1/23/2025",="NUR145 - A",
="800001094",="Present",="1/30/2025",="NUR145 - A",
="800001094",="Present",="2/6/2025",="NUR145 - A",
="800001094",="Present",="2/13/2025",="NUR145 - A",
="800001094",="Absent",="2/20/2025",="NUR145 - A",
="800001094",="Present",="3/13/2025",="NUR145 - A",
="800001094",="Present",="3/20/2025",="NUR145 - A",
="800001094",="Present",="3/27/2025",="NUR145 - A",
="800001094",="Present",="4/3/2025",="NUR145 - A",
="800001094",="Present",="4/10/2025",="NUR145 - A",
="800001425",="Present",="1/6/2025",="NUR135-A",
="800001425",="Present",="1/13/2025",="NUR135-A",
="800001425",="Present",="1/27/2025",="NUR135-A",
="800001425",="Present",="2/3/2025",="NUR135-A",
="800001425",="Present",="2/10/2025",="NUR135-A",
="800001425",="Present",="2/17/2025",="NUR135-A",
="800001425",="Present",="3/10/2025",="NUR135-A",
="800001425",="Present",="3/17/2025",="NUR135-A",
="800001425",="Present",="3/24/2025",="NUR135-A",
="800001425",="Present",="3/31/2025",="NUR135-A",
="800001425",="Present",="4/7/2025",="NUR135-A",
="800001425",="No class",="2/24/2025",="NUR135-L-A1",
="800001425",="Present",="3/3/2025",="NUR135-L-A1",
="800001425",="Present",="2/25/2025",="NUR135-S-A1",
="800001506",="Present",="1/6/2025",="NUR100 -A",
="800001506",="Present",="1/13/2025",="NUR100 -A",
="800001506",="Present",="1/14/2025",="NUR100 -A",
="800001506",="Present",="1/27/2025",="NUR100 -A",
="800001506",="Present",="2/3/2025",="NUR100 -A",
="800001506",="Present",="2/10/2025",="NUR100 -A",
="800001506",="Present",="2/17/2025",="NUR100 -A",
="800001506",="Present",="3/10/2025",="NUR100 -A",
="800001506",="Present",="3/11/2025",="NUR100 -A",
="800001506",="Present",="3/17/2025",="NUR100 -A",
="800001506",="Present",="3/24/2025",="NUR100 -A",
="800001506",="Present",="3/31/2025",="NUR100 -A",
="800001506",="Present",="4/7/2025",="NUR100 -A",
="800001506",="Present",="4/11/2025",="NUR100 -A",
="800001506",="Present",="4/14/2025",="NUR100 -A",
="800001506",="Present",="1/7/2025",="NUR100-L-A2",
="800001506",="Present",="1/14/2025",="NUR100-L-A2",
="800001506",="Present",="1/21/2025",="NUR100-L-A2",
="800001506",="Present",="2/4/2025",="NUR100-L-A2",
="800001506",="Present",="2/11/2025",="NUR100-L-A2",
="800001506",="Present",="2/18/2025",="NUR100-L-A2",
="800001506",="Present",="2/24/2025",="NUR100-L-A2",
="800001506",="Present",="2/25/2025",="NUR100-L-A2",
="800001506",="Present",="3/4/2025",="NUR100-L-A2",
="800001506",="Present",="3/18/2025",="NUR100-L-A2",
="800001506",="Present",="3/25/2025",="NUR100-L-A2",
="800001506",="Present",="4/1/2025",="NUR100-L-A2",
="800001506",="Present",="4/8/2025",="NUR100-L-A2",
="800001506",="Present",="4/11/2025",="NUR100-L-A2",
="800001506",="Present",="4/14/2025",="NUR100-L-A2",
="800001506",="Present",="4/22/2025",="NUR100-L-A2",
="800001629",="Absent",="1/9/2025",="PSY101 -A",
="800001629",="Present",="1/16/2025",="PSY101 -A",
="800001629",="Present",="1/23/2025",="PSY101 -A",
="800001629",="Present",="1/30/2025",="PSY101 -A",
="800001629",="Present",="2/6/2025",="PSY101 -A",
="800001629",="Present",="2/13/2025",="PSY101 -A",
="800001629",="Present",="2/20/2025",="PSY101 -A",
="800001629",="Present",="2/27/2025",="PSY101 -A",
="800001629",="Absent",="3/6/2025",="PSY101 -A",
="800001629",="Present",="3/13/2025",="PSY101 -A",
="800001629",="Absent",="3/20/2025",="PSY101 -A",
="800001629",="Absent",="3/27/2025",="PSY101 -A",
="800001629",="Absent",="4/3/2025",="PSY101 -A",
="800001629",="Present",="1/10/2025",="COL010 -A",
="800001629",="Present",="1/17/2025",="COL010 -A",
="800001629",="Present",="1/24/2025",="COL010 -A",
="800001629",="Absent",="1/31/2025",="COL010 -A",
="800001629",="Present",="1/8/2025",="ENG101 -A",
="800001629",="Present",="1/15/2025",="ENG101 -A",
="800001629",="Tardy/Late",="1/22/2025",="ENG101 -A",
="800001629",="Present",="1/29/2025",="ENG101 -A",
="800001629",="Tardy/Late",="2/5/2025",="ENG101 -A",
="800001629",="Tardy/Late",="2/12/2025",="ENG101 -A",
="800001629",="Tardy/Late",="2/19/2025",="ENG101 -A",
="800001629",="Absent",="2/26/2025",="ENG101 -A",
="800001629",="Absent",="3/5/2025",="ENG101 -A",
="800001629",="Present",="3/12/2025",="ENG101 -A",
="800001629",="Tardy/Late",="3/19/2025",="ENG101 -A",
="800001629",="Absent",="3/26/2025",="ENG101 -A",
="800001629",="Absent",="4/2/2025",="ENG101 -A",
="800001629",="Absent",="4/9/2025",="ENG101 -A",
="800001629",="Present",="1/7/2025",="NUR100-L-A2",
="800001629",="Absent",="1/14/2025",="NUR100-L-A2",
="800001629",="Present",="1/21/2025",="NUR100-L-A2",
="800001629",="Present",="2/4/2025",="NUR100-L-A2",
="800001629",="Present",="2/11/2025",="NUR100-L-A2",
="800001629",="Present",="2/18/2025",="NUR100-L-A2",
="800001629",="Present",="2/25/2025",="NUR100-L-A2",
="800001629",="Present",="3/4/2025",="NUR100-L-A2",
="800001629",="Absent",="3/18/2025",="NUR100-L-A2",
="800001629",="Absent",="3/25/2025",="NUR100-L-A2",
="800001629",="Absent",="4/1/2025",="NUR100-L-A2",
="800001629",="Absent",="4/8/2025",="NUR100-L-A2",
="800001629",="Absent",="1/7/2025",="AP100-A",
="800001629",="Present",="1/14/2025",="AP100-A",
="800001629",="Present",="1/21/2025",="AP100-A",
="800001629",="Present",="1/28/2025",="AP100-A",
="800001629",="Present",="2/4/2025",="AP100-A",
="800001629",="Present",="2/11/2025",="AP100-A",
="800001629",="Present",="2/18/2025",="AP100-A",
="800001629",="Absent",="2/25/2025",="AP100-A",
="800001629",="Absent",="3/4/2025",="AP100-A",
="800001629",="Present",="3/11/2025",="AP100-A",
="800001629",="Present",="3/18/2025",="AP100-A",
="800001629",="Absent",="3/25/2025",="AP100-A",
="800001629",="Absent",="4/1/2025",="AP100-A",
="800001629",="Absent",="4/8/2025",="AP100-A",
="800001629",="Absent",="2/10/2025",="PHARM100-A",
="800001629",="Absent",="2/17/2025",="PHARM100-A",
="800001629",="Absent",="3/3/2025",="PHARM100-A",
="800001629",="Absent",="3/10/2025",="PHARM100-A",
="800001629",="Present",="1/6/2025",="NUR100 -A",
="800001629",="Present",="1/13/2025",="NUR100 -A",
="800001629",="Present",="1/14/2025",="NUR100 -A",
="800001629",="Present",="1/27/2025",="NUR100 -A",
="800001629",="Present",="2/3/2025",="NUR100 -A",
="800001629",="Present",="2/10/2025",="NUR100 -A",
="800001629",="Present",="2/17/2025",="NUR100 -A",
="800001629",="Present",="3/10/2025",="NUR100 -A",
="800001629",="Present",="3/11/2025",="NUR100 -A",
="800001629",="Present",="3/17/2025",="NUR100 -A",
="800001629",="Absent excused",="3/24/2025",="NUR100 -A",
="800001629",="Absent",="3/31/2025",="NUR100 -A",
="800001629",="Absent",="4/7/2025",="NUR100 -A",
="800001629",="Absent",="4/14/2025",="NUR100 -A",
="800001623",="Present",="1/9/2025",="AP100-P",
="800001623",="Present",="1/16/2025",="AP100-P",
="800001623",="Present",="1/23/2025",="AP100-P",
="800001623",="Present",="1/30/2025",="AP100-P",
="800001623",="Absent",="2/6/2025",="AP100-P",
="800001623",="Present",="2/13/2025",="AP100-P",
="800001623",="Present",="2/20/2025",="AP100-P",
="800001623",="Present",="2/27/2025",="AP100-P",
="800001623",="Present",="3/6/2025",="AP100-P",
="800001623",="Present",="3/13/2025",="AP100-P",
="800001623",="Present",="3/20/2025",="AP100-P",
="800001623",="Present",="3/27/2025",="AP100-P",
="800001623",="Present",="4/3/2025",="AP100-P",
="800001623",="Present",="4/10/2025",="AP100-P",
="800001623",="Present",="4/17/2025",="AP100-P",
="800001623",="Present",="2/5/2025",="PHARM100-P",
="800001623",="Present",="2/12/2025",="PHARM100-P",
="800001623",="Present",="2/19/2025",="PHARM100-P",
="800001623",="Present",="2/26/2025",="PHARM100-P",
="800001623",="Present",="3/5/2025",="PHARM100-P",
="800001623",="Present",="3/12/2025",="PHARM100-P",
="800001623",="Present",="3/19/2025",="PHARM100-P",
="800001623",="Present",="3/26/2025",="PHARM100-P",
="800001623",="Present",="4/2/2025",="PHARM100-P",
="800001623",="Present",="4/9/2025",="PHARM100-P",
="800001623",="Present",="1/14/2025",="NUR100-L-P2",
="800001623",="Present",="1/21/2025",="NUR100-L-P2",
="800001623",="Present",="1/28/2025",="NUR100-L-P2",
="800001623",="Present",="2/4/2025",="NUR100-L-P2",
="800001623",="Present",="2/11/2025",="NUR100-L-P2",
="800001623",="Present",="2/18/2025",="NUR100-L-P2",
="800001623",="Present",="2/25/2025",="NUR100-L-P2",
="800001623",="No class",="2/28/2025",="NUR100-L-P2",
="800001623",="Present",="3/4/2025",="NUR100-L-P2",
="800001623",="No class",="3/5/2025",="NUR100-L-P2",
="800001623",="No class",="3/6/2025",="NUR100-L-P2",
="800001623",="Present",="3/25/2025",="NUR100-L-P2",
="800001623",="Present",="4/1/2025",="NUR100-L-P2",
="800001623",="Present",="4/8/2025",="NUR100-L-P2",
="800001623",="Present",="1/12/2025",="COL010 - OL I",
="800001623",="Present",="1/19/2025",="COL010 - OL I",
="800001623",="Present",="1/26/2025",="COL010 - OL I",
="800001623",="Present",="2/2/2025",="COL010 - OL I",
="800001623",="Present",="1/6/2025",="NUR100-P",
="800001623",="Present",="1/7/2025",="NUR100-P",
="800001623",="Present",="1/13/2025",="NUR100-P",
="800001623",="Present",="1/14/2025",="NUR100-P",
="800001623",="Present",="1/27/2025",="NUR100-P",
="800001623",="Present",="2/3/2025",="NUR100-P",
="800001623",="Absent",="2/10/2025",="NUR100-P",
="800001623",="Present",="2/17/2025",="NUR100-P",
="800001623",="Present",="3/10/2025",="NUR100-P",
="800001623",="Present",="3/17/2025",="NUR100-P",
="800001623",="Present",="3/24/2025",="NUR100-P",
="800001623",="Present",="3/31/2025",="NUR100-P",
="800001623",="Present",="4/7/2025",="NUR100-P",
="800001623",="Present",="1/10/2025",="ENG101 -P",
="800001623",="Present",="1/17/2025",="ENG101 -P",
="800001623",="Present",="1/24/2025",="ENG101 -P",
="800001623",="Present",="1/31/2025",="ENG101 -P",
="800001623",="Present",="2/7/2025",="ENG101 -P",
="800001623",="Present",="2/14/2025",="ENG101 -P",
="800001623",="Present",="2/21/2025",="ENG101 -P",
="800001623",="Present",="2/28/2025",="ENG101 -P",
="800001623",="Present",="3/7/2025",="ENG101 -P",
="800001623",="Present",="3/14/2025",="ENG101 -P",
="800001623",="Present",="3/21/2025",="ENG101 -P",
="800001623",="Present",="3/28/2025",="ENG101 -P",
="800001623",="Present",="4/4/2025",="ENG101 -P",
="800001623",="Present",="4/11/2025",="ENG101 -P",
="800001458",="Absent",="1/9/2025",="PSY101 -A",
="800001458",="Present",="1/16/2025",="PSY101 -A",
="800001458",="Present",="1/30/2025",="PSY101 -A",
="800001458",="Absent",="2/6/2025",="PSY101 -A",
="800001458",="Absent",="2/13/2025",="PSY101 -A",
="800001458",="Present",="2/20/2025",="PSY101 -A",
="800001458",="Present",="2/27/2025",="PSY101 -A",
="800001458",="Absent",="3/6/2025",="PSY101 -A",
="800001458",="Present",="1/7/2025",="AP100-A",
="800001458",="Present",="1/14/2025",="AP100-A",
="800001458",="Present",="1/21/2025",="AP100-A",
="800001458",="Present",="1/28/2025",="AP100-A",
="800001458",="Present",="2/4/2025",="AP100-A",
="800001458",="Present",="2/11/2025",="AP100-A",
="800001458",="Present",="2/18/2025",="AP100-A",
="800001458",="Present",="2/25/2025",="AP100-A",
="800001458",="Absent",="3/4/2025",="AP100-A",
="800001458",="Absent",="3/11/2025",="AP100-A",
="800001458",="Absent",="3/18/2025",="AP100-A",
="800001458",="Absent",="3/25/2025",="AP100-A",
="800001458",="Absent",="4/1/2025",="AP100-A",
="800001458",="Present",="1/8/2025",="ENG101 -A",
="800001458",="Tardy/Late",="1/15/2025",="ENG101 -A",
="800001458",="Absent",="1/22/2025",="ENG101 -A",
="800001458",="Absent",="1/29/2025",="ENG101 -A",
="800001458",="Present",="2/5/2025",="ENG101 -A",
="800001458",="Present",="2/12/2025",="ENG101 -A",
="800001458",="Present",="2/19/2025",="ENG101 -A",
="800001458",="Present",="2/26/2025",="ENG101 -A",
="800001458",="Present",="3/5/2025",="ENG101 -A",
="800001458",="Present",="3/12/2025",="ENG101 -A",
="800001458",="Absent",="3/19/2025",="ENG101 -A",
="800001458",="Absent",="3/26/2025",="ENG101 -A",
="800001501",="Present",="1/12/2025",="NUT100 -OL",
="800001501",="Present",="1/19/2025",="NUT100 -OL",
="800001501",="Absent",="1/26/2025",="NUT100 -OL",
="800001501",="Absent",="2/2/2025",="NUT100 -OL",
="800001501",="Present",="2/9/2025",="NUT100 -OL",
="800001501",="Present",="2/16/2025",="NUT100 -OL",
="800001501",="Present",="2/23/2025",="NUT100 -OL",
="800001501",="Absent",="3/2/2025",="NUT100 -OL",
="800001501",="Absent",="3/9/2025",="NUT100 -OL",
="800001501",="Absent",="3/16/2025",="NUT100 -OL",
="800001501",="Absent",="3/23/2025",="NUT100 -OL",
="800001501",="Absent",="1/9/2025",="AP100-P",
="800001501",="Present",="1/16/2025",="AP100-P",
="800001501",="Present",="1/23/2025",="AP100-P",
="800001501",="Present",="1/30/2025",="AP100-P",
="800001501",="Present",="2/6/2025",="AP100-P",
="800001501",="Present",="2/13/2025",="AP100-P",
="800001501",="Absent",="2/20/2025",="AP100-P",
="800001501",="Absent",="2/27/2025",="AP100-P",
="800001501",="Absent",="3/6/2025",="AP100-P",
="800001501",="Present",="3/13/2025",="AP100-P",
="800001501",="Present",="1/12/2025",="COL010 - OL II",
="800001501",="Present",="1/19/2025",="COL010 - OL II",
="800001501",="Present",="1/26/2025",="COL010 - OL II",
="800001501",="Present",="2/2/2025",="COL010 - OL II",
="800001501",="Absent",="1/14/2025",="NUR100-L-P2",
="800001501",="Absent",="1/21/2025",="NUR100-L-P2",
="800001501",="Absent",="1/28/2025",="NUR100-L-P2",
="800001501",="Absent",="2/4/2025",="NUR100-L-P2",
="800001501",="Absent",="2/11/2025",="NUR100-L-P2",
="800001501",="Absent",="2/18/2025",="NUR100-L-P2",
="800001501",="Absent",="2/24/2025",="NUR100-L-P2",
="800001501",="Absent",="2/25/2025",="NUR100-L-P2",
="800001501",="No class",="2/28/2025",="NUR100-L-P2",
="800001501",="Absent",="3/4/2025",="NUR100-L-P2",
="800001501",="No class",="3/5/2025",="NUR100-L-P2",
="800001501",="No class",="3/6/2025",="NUR100-L-P2",
="800001501",="Absent",="3/25/2025",="NUR100-L-P2",
="800001501",="Absent",="1/10/2025",="ENG101 -P",
="800001501",="Present",="1/17/2025",="ENG101 -P",
="800001501",="Present",="1/24/2025",="ENG101 -P",
="800001501",="Present",="1/31/2025",="ENG101 -P",
="800001501",="Present",="2/7/2025",="ENG101 -P",
="800001501",="Absent",="2/14/2025",="ENG101 -P",
="800001501",="Absent",="2/21/2025",="ENG101 -P",
="800001501",="Present",="2/28/2025",="ENG101 -P",
="800001501",="Present",="3/7/2025",="ENG101 -P",
="800001501",="Absent",="3/14/2025",="ENG101 -P",
="800001501",="Absent",="3/21/2025",="ENG101 -P",
="800001501",="Present",="1/6/2025",="NUR100-P",
="800001501",="Absent",="1/13/2025",="NUR100-P",
="800001501",="Absent",="1/14/2025",="NUR100-P",
="800001501",="Absent",="1/27/2025",="NUR100-P",
="800001501",="Present",="2/3/2025",="NUR100-P",
="800001501",="Present",="2/10/2025",="NUR100-P",
="800001501",="Present",="2/17/2025",="NUR100-P",
="800001501",="Absent",="3/10/2025",="NUR100-P",
="800001501",="Absent",="3/17/2025",="NUR100-P",
="800001605",="Present",="1/10/2025",="COL010 -A",
="800001605",="Present",="1/17/2025",="COL010 -A",
="800001605",="Present",="1/24/2025",="COL010 -A",
="800001605",="Present",="1/31/2025",="COL010 -A",
="800001114",="Present",="1/12/2025",="COL010 - OL II",
="800001114",="Present",="1/19/2025",="COL010 - OL II",
="800001114",="Present",="1/26/2025",="COL010 - OL II",
="800001114",="Present",="2/2/2025",="COL010 - OL II",
="800001114",="Present",="1/10/2025",="ENG101 -P",
="800001114",="Present",="1/17/2025",="ENG101 -P",
="800001114",="Present",="1/24/2025",="ENG101 -P",
="800001114",="Present",="1/31/2025",="ENG101 -P",
="800001114",="Present",="2/7/2025",="ENG101 -P",
="800001114",="Absent",="2/14/2025",="ENG101 -P",
="800001114",="Present",="2/21/2025",="ENG101 -P",
="800001114",="Present",="2/28/2025",="ENG101 -P",
="800001114",="Present",="3/7/2025",="ENG101 -P",
="800001114",="Present",="3/14/2025",="ENG101 -P",
="800001114",="Present",="3/21/2025",="ENG101 -P",
="800001114",="Present",="3/28/2025",="ENG101 -P",
="800001114",="Present",="4/4/2025",="ENG101 -P",
="800001114",="Present",="4/11/2025",="ENG101 -P",
="800001114",="Present",="1/9/2025",="AP100-P",
="800001114",="Present",="1/16/2025",="AP100-P",
="800001114",="Present",="1/23/2025",="AP100-P",
="800001114",="Present",="1/30/2025",="AP100-P",
="800001114",="Present",="2/6/2025",="AP100-P",
="800001114",="Present",="2/13/2025",="AP100-P",
="800001114",="Present",="2/20/2025",="AP100-P",
="800001114",="Present",="2/27/2025",="AP100-P",
="800001114",="Present",="3/6/2025",="AP100-P",
="800001114",="Present",="3/13/2025",="AP100-P",
="800001114",="Present",="3/20/2025",="AP100-P",
="800001114",="Present",="3/27/2025",="AP100-P",
="800001114",="Present",="4/3/2025",="AP100-P",
="800001114",="Present",="4/10/2025",="AP100-P",
="800001114",="Present",="4/17/2025",="AP100-P",
="800001528",="Present",="1/16/2025",="NUR125-L-P1",
="800001528",="Present",="1/23/2025",="NUR125-L-P1",
="800001528",="Present",="1/30/2025",="NUR125-L-P1",
="800001528",="Present",="2/6/2025",="NUR125-L-P1",
="800001528",="Present",="2/13/2025",="NUR125-L-P1",
="800001528",="Present",="2/20/2025",="NUR125-L-P1",
="800001528",="No class",="2/24/2025",="NUR125-L-P1",
="800001528",="Present",="2/27/2025",="NUR125-L-P1",
="800001528",="No class",="2/28/2025",="NUR125-L-P1",
="800001528",="Present",="3/13/2025",="NUR125-L-P1",
="800001528",="Present",="3/27/2025",="NUR125-L-P1",
="800001528",="Present",="1/9/2025",="NUR125-P",
="800001528",="Present",="1/16/2025",="NUR125-P",
="800001528",="Present",="1/23/2025",="NUR125-P",
="800001528",="Present",="1/30/2025",="NUR125-P",
="800001528",="Present",="2/6/2025",="NUR125-P",
="800001528",="Present",="2/13/2025",="NUR125-P",
="800001528",="Present",="2/20/2025",="NUR125-P",
="800001528",="Present",="3/13/2025",="NUR125-P",
="800001528",="Present",="3/27/2025",="NUR125-P",
="800001528",="Present",="4/3/2025",="NUR125-P",
="770000107",="Present",="2/25/2025",="NUR245-C-P1",
="770000107",="Present",="3/4/2025",="NUR245-C-P1",
="770000107",="Present",="1/7/2025",="NUR245 - P",
="770000107",="Present",="1/14/2025",="NUR245 - P",
="770000107",="Present",="1/21/2025",="NUR245 - P",
="770000107",="Present",="1/28/2025",="NUR245 - P",
="770000107",="Present",="2/4/2025",="NUR245 - P",
="770000107",="Present",="2/11/2025",="NUR245 - P",
="770000107",="Present",="2/18/2025",="NUR245 - P",
="770000107",="Present",="3/11/2025",="NUR245 - P",
="770000107",="Present",="3/18/2025",="NUR245 - P",
="770000107",="Present",="3/25/2025",="NUR245 - P",
="770000107",="Present",="4/1/2025",="NUR245 - P",
="770000107",="Present",="4/8/2025",="NUR245 - P",
="770000107",="Present",="1/10/2025",="STAT101-A",
="770000107",="Present",="1/17/2025",="STAT101-A",
="770000107",="Present",="1/24/2025",="STAT101-A",
="770000107",="Present",="2/7/2025",="STAT101-A",
="770000107",="Present",="2/14/2025",="STAT101-A",
="770000107",="Present",="2/21/2025",="STAT101-A",
="770000107",="Present",="2/28/2025",="STAT101-A",
="770000107",="Present",="3/7/2025",="STAT101-A",
="770000107",="Present",="3/14/2025",="STAT101-A",
="770000107",="Present",="3/21/2025",="STAT101-A",
="770000107",="Present",="3/28/2025",="STAT101-A",
="770000107",="Present",="4/11/2025",="STAT101-A",
="770000107",="Present",="1/12/2025",="HUM200 -OL",
="770000107",="Present",="1/19/2025",="HUM200 -OL",
="770000107",="Present",="1/26/2025",="HUM200 -OL",
="770000107",="Present",="2/2/2025",="HUM200 -OL",
="770000107",="Present",="2/9/2025",="HUM200 -OL",
="770000107",="Present",="2/16/2025",="HUM200 -OL",
="770000107",="Present",="2/23/2025",="HUM200 -OL",
="770000107",="Present",="3/2/2025",="HUM200 -OL",
="770000107",="Present",="3/9/2025",="HUM200 -OL",
="770000107",="Present",="3/16/2025",="HUM200 -OL",
="770000107",="Present",="3/23/2025",="HUM200 -OL",
="770000107",="Present",="3/30/2025",="HUM200 -OL",
="770000107",="Present",="4/6/2025",="HUM200 -OL",
="770000107",="Present",="4/13/2025",="HUM200 -OL",
="770000107",="Present",="1/9/2025",="NUR236-P",
="770000107",="Present",="1/16/2025",="NUR236-P",
="770000107",="Present",="1/23/2025",="NUR236-P",
="770000107",="Absent",="1/30/2025",="NUR236-P",
="770000107",="Present",="2/6/2025",="NUR236-P",
="770000107",="Present",="2/13/2025",="NUR236-P",
="770000107",="Present",="2/20/2025",="NUR236-P",
="770000107",="Present",="3/13/2025",="NUR236-P",
="770000107",="Present",="3/20/2025",="NUR236-P",
="770000107",="Present",="3/27/2025",="NUR236-P",
="770000107",="Present",="4/3/2025",="NUR236-P",
="770000107",="Present",="4/10/2025",="NUR236-P",
="800001276",="Present",="1/9/2025",="NUR205 -P",
="800001276",="Present",="1/16/2025",="NUR205 -P",
="800001276",="Present",="1/23/2025",="NUR205 -P",
="800001276",="Present",="1/30/2025",="NUR205 -P",
="800001276",="Present",="2/6/2025",="NUR205 -P",
="800001276",="Present",="2/13/2025",="NUR205 -P",
="800001276",="Present",="2/20/2025",="NUR205 -P",
="800001276",="Present",="3/13/2025",="NUR205 -P",
="800001276",="Present",="3/20/2025",="NUR205 -P",
="800001276",="Present",="3/27/2025",="NUR205 -P",
="800001276",="Present",="1/7/2025",="NUR216 -P",
="800001276",="Present",="1/14/2025",="NUR216 -P",
="800001276",="Present",="1/21/2025",="NUR216 -P",
="800001276",="Absent",="1/28/2025",="NUR216 -P",
="800001276",="Present",="2/4/2025",="NUR216 -P",
="800001276",="Present",="2/11/2025",="NUR216 -P",
="800001276",="Present",="2/18/2025",="NUR216 -P",
="800001276",="Present",="3/11/2025",="NUR216 -P",
="800001276",="Present",="3/25/2025",="NUR216 -P",
="800001276",="Present",="4/1/2025",="NUR216 -P",
="800001276",="Present",="4/8/2025",="NUR216 -P",
="800001276",="Present",="1/16/2025",="NUR205-L-P1",
="800001276",="Present",="1/30/2025",="NUR205-L-P1",
="800001276",="Present",="2/6/2025",="NUR205-L-P1",
="800001276",="Present",="2/13/2025",="NUR205-L-P1",
="800001276",="Present",="2/20/2025",="NUR205-L-P1",
="800001276",="Present",="3/13/2025",="NUR205-L-P1",
="800001276",="Present",="3/27/2025",="NUR205-L-P1",
="800001276",="Absent",="4/3/2025",="NUR205-L-P1",
="800001276",="Present",="1/8/2025",="AP209 -A",
="800001276",="Present",="1/15/2025",="AP209 -A",
="800001276",="Present",="1/22/2025",="AP209 -A",
="800001276",="Present",="1/29/2025",="AP209 -A",
="800001276",="Present",="2/5/2025",="AP209 -A",
="800001276",="Present",="2/12/2025",="AP209 -A",
="800001276",="Present",="2/19/2025",="AP209 -A",
="800001276",="Present",="2/26/2025",="AP209 -A",
="800001276",="Present",="3/5/2025",="AP209 -A",
="800001276",="Present",="3/12/2025",="AP209 -A",
="800001276",="Present",="3/19/2025",="AP209 -A",
="800001276",="Present",="3/26/2025",="AP209 -A",
="800001276",="Present",="4/2/2025",="AP209 -A",
="800001276",="Present",="4/9/2025",="AP209 -A",
="800001276",="Present",="4/16/2025",="AP209 -A",
="800001276",="Present",="1/12/2025",="ENG102 - OL",
="800001276",="Present",="1/19/2025",="ENG102 - OL",
="800001276",="Present",="1/26/2025",="ENG102 - OL",
="800001276",="Present",="2/2/2025",="ENG102 - OL",
="800001276",="Present",="2/9/2025",="ENG102 - OL",
="800001276",="Present",="2/16/2025",="ENG102 - OL",
="800001276",="Present",="2/23/2025",="ENG102 - OL",
="800001276",="Present",="3/2/2025",="ENG102 - OL",
="800001276",="Present",="3/9/2025",="ENG102 - OL",
="800001276",="Present",="3/16/2025",="ENG102 - OL",
="800001276",="Present",="3/23/2025",="ENG102 - OL",
="800001276",="Present",="4/6/2025",="ENG102 - OL",
="800001276",="Present",="1/6/2025",="PHARM225-P_ A",
="800001276",="Present",="1/13/2025",="PHARM225-P_ A",
="800001276",="Present",="1/27/2025",="PHARM225-P_ A",
="800001276",="Present",="2/3/2025",="PHARM225-P_ A",
="800001276",="Present",="2/10/2025",="PHARM225-P_ A",
="800001276",="Present",="2/17/2025",="PHARM225-P_ A",
="800001276",="Present",="3/3/2025",="PHARM225-P_ A",
="800001276",="Present",="3/10/2025",="PHARM225-P_ A",
="800001276",="Present",="3/17/2025",="PHARM225-P_ A",
="800001276",="Present",="3/24/2025",="PHARM225-P_ A",
="800001276",="Present",="3/31/2025",="PHARM225-P_ A",
="800001276",="Present",="4/7/2025",="PHARM225-P_ A",
="800001276",="Present",="2/11/2025",="NUR216-L-P1",
="800001276",="Present",="3/11/2025",="NUR216-L-P1",
="800001276",="Present",="3/25/2025",="NUR216-L-P1",
="800001557",="Present",="1/6/2025",="NUR100-P",
="800001557",="Present",="1/7/2025",="NUR100-P",
="800001557",="Present",="1/13/2025",="NUR100-P",
="800001557",="Present",="1/14/2025",="NUR100-P",
="800001557",="Present",="1/27/2025",="NUR100-P",
="800001557",="Present",="2/3/2025",="NUR100-P",
="800001557",="Present",="2/10/2025",="NUR100-P",
="800001557",="Present",="2/17/2025",="NUR100-P",
="800001557",="Present",="3/10/2025",="NUR100-P",
="800001557",="Present",="3/17/2025",="NUR100-P",
="800001557",="Present",="3/24/2025",="NUR100-P",
="800001557",="Present",="3/31/2025",="NUR100-P",
="800001557",="Present",="4/7/2025",="NUR100-P",
="800001557",="Present",="1/14/2025",="NUR100-L-P2",
="800001557",="Absent",="1/21/2025",="NUR100-L-P2",
="800001557",="Present",="1/28/2025",="NUR100-L-P2",
="800001557",="Present",="2/4/2025",="NUR100-L-P2",
="800001557",="Present",="2/11/2025",="NUR100-L-P2",
="800001557",="Present",="2/18/2025",="NUR100-L-P2",
="800001557",="Present",="2/25/2025",="NUR100-L-P2",
="800001557",="Present",="2/27/2025",="NUR100-L-P2",
="800001557",="No class",="2/28/2025",="NUR100-L-P2",
="800001557",="Present",="3/4/2025",="NUR100-L-P2",
="800001557",="No class",="3/5/2025",="NUR100-L-P2",
="800001557",="No class",="3/6/2025",="NUR100-L-P2",
="800001557",="Present",="3/25/2025",="NUR100-L-P2",
="800001557",="Present",="4/1/2025",="NUR100-L-P2",
="800001557",="Present",="4/8/2025",="NUR100-L-P2",
="800001557",="Present",="1/10/2025",="ENG101 -P",
="800001557",="Present",="1/17/2025",="ENG101 -P",
="800001557",="Present",="1/24/2025",="ENG101 -P",
="800001557",="Present",="1/31/2025",="ENG101 -P",
="800001557",="Present",="2/7/2025",="ENG101 -P",
="800001557",="Present",="2/14/2025",="ENG101 -P",
="800001557",="Present",="2/21/2025",="ENG101 -P",
="800001557",="Present",="2/28/2025",="ENG101 -P",
="800001557",="Present",="3/7/2025",="ENG101 -P",
="800001557",="Present",="3/14/2025",="ENG101 -P",
="800001557",="Present",="3/21/2025",="ENG101 -P",
="800001557",="Present",="3/28/2025",="ENG101 -P",
="800001557",="Present",="4/4/2025",="ENG101 -P",
="800001557",="Present",="4/11/2025",="ENG101 -P",
="800001557",="Present",="1/12/2025",="NUT100 -OL II",
="800001557",="Present",="1/19/2025",="NUT100 -OL II",
="800001557",="Present",="1/26/2025",="NUT100 -OL II",
="800001557",="Present",="2/2/2025",="NUT100 -OL II",
="800001557",="Present",="2/9/2025",="NUT100 -OL II",
="800001557",="Present",="2/16/2025",="NUT100 -OL II",
="800001557",="Present",="2/23/2025",="NUT100 -OL II",
="800001557",="Present",="3/2/2025",="NUT100 -OL II",
="800001557",="Present",="3/9/2025",="NUT100 -OL II",
="800001557",="Present",="3/16/2025",="NUT100 -OL II",
="800001557",="Present",="3/23/2025",="NUT100 -OL II",
="800001557",="Present",="3/30/2025",="NUT100 -OL II",
="800001557",="Present",="4/6/2025",="NUT100 -OL II",
="800001557",="Present",="4/13/2025",="NUT100 -OL II",
="800001543",="Absent",="1/14/2025",="NUR100-L-P2",
="800001543",="Absent",="1/21/2025",="NUR100-L-P2",
="800001543",="Absent",="1/28/2025",="NUR100-L-P2",
="800001543",="Absent",="2/4/2025",="NUR100-L-P2",
="800001543",="Absent",="2/11/2025",="NUR100-L-P2",
="800001543",="Present",="2/18/2025",="NUR100-L-P2",
="800001543",="Absent",="2/25/2025",="NUR100-L-P2",
="800001543",="No class",="2/28/2025",="NUR100-L-P2",
="800001543",="Absent",="3/4/2025",="NUR100-L-P2",
="800001543",="No class",="3/5/2025",="NUR100-L-P2",
="800001543",="No class",="3/6/2025",="NUR100-L-P2",
="800001543",="Absent",="3/25/2025",="NUR100-L-P2",
="800001543",="Absent",="4/1/2025",="NUR100-L-P2",
="800001543",="Absent",="4/8/2025",="NUR100-L-P2",
="800001543",="Present",="1/6/2025",="NUR100-P",
="800001543",="Present",="1/13/2025",="NUR100-P",
="800001543",="Present",="1/14/2025",="NUR100-P",
="800001543",="Absent",="1/27/2025",="NUR100-P",
="800001543",="Present",="2/3/2025",="NUR100-P",
="800001543",="Present",="2/10/2025",="NUR100-P",
="800001543",="Present",="2/17/2025",="NUR100-P",
="800001543",="Present",="3/10/2025",="NUR100-P",
="800001543",="Absent",="3/17/2025",="NUR100-P",
="800001543",="Absent",="3/24/2025",="NUR100-P",
="800001543",="Present",="3/31/2025",="NUR100-P",
="800001543",="Absent",="4/7/2025",="NUR100-P",
="800001543",="Present",="1/9/2025",="AP100-P",
="800001543",="Present",="1/16/2025",="AP100-P",
="800001543",="Present",="1/23/2025",="AP100-P",
="800001543",="Absent",="1/30/2025",="AP100-P",
="800001543",="Present",="2/6/2025",="AP100-P",
="800001543",="Present",="2/13/2025",="AP100-P",
="800001543",="Present",="2/20/2025",="AP100-P",
="800001543",="Present",="2/27/2025",="AP100-P",
="800001543",="Present",="3/6/2025",="AP100-P",
="800001543",="Present",="3/13/2025",="AP100-P",
="800001543",="Present",="3/20/2025",="AP100-P",
="800001543",="Present",="3/27/2025",="AP100-P",
="800001543",="Present",="4/3/2025",="AP100-P",
="800001543",="Absent",="4/10/2025",="AP100-P",
="800001543",="Present",="4/17/2025",="AP100-P",
="800000754",="Present",="2/25/2025",="NUR135-S-P1",
="800000754",="Present",="3/4/2025",="NUR135-S-P1",
="800000754",="Present",="2/24/2025",="NUR135-L-P1",
="800000754",="Present",="3/3/2025",="NUR135-L-P1",
="800000754",="Present",="1/6/2025",="NUR135-P",
="800000754",="Present",="1/13/2025",="NUR135-P",
="800000754",="Present",="1/27/2025",="NUR135-P",
="800000754",="Present",="2/3/2025",="NUR135-P",
="800000754",="Present",="2/10/2025",="NUR135-P",
="800000754",="Present",="2/17/2025",="NUR135-P",
="800000754",="Absent",="3/10/2025",="NUR135-P",
="800000754",="Present",="3/17/2025",="NUR135-P",
="800000754",="Present",="3/24/2025",="NUR135-P",
="800000754",="Present",="3/31/2025",="NUR135-P",
="800000754",="Present",="4/7/2025",="NUR135-P",
="800000754",="Present",="1/8/2025",="PHARM130-P",
="800000754",="Present",="1/15/2025",="PHARM130-P",
="800000754",="Present",="1/22/2025",="PHARM130-P",
="800000754",="Present",="1/29/2025",="PHARM130-P",
="800000754",="Present",="2/5/2025",="PHARM130-P",
="800000754",="Present",="2/12/2025",="PHARM130-P",
="800000754",="Present",="2/19/2025",="PHARM130-P",
="800000754",="No class",="2/26/2025",="PHARM130-P",
="800000754",="No class",="3/5/2025",="PHARM130-P",
="800000754",="Absent",="3/12/2025",="PHARM130-P",
="800000754",="Present",="3/19/2025",="PHARM130-P",
="800000754",="Present",="3/26/2025",="PHARM130-P",
="800000754",="Present",="4/2/2025",="PHARM130-P",
="800000754",="Present",="4/9/2025",="PHARM130-P",
="800000754",="Present",="4/16/2025",="PHARM130-P",
="800001466",="Absent",="1/8/2025",="SCI102-A",
="800001466",="Present",="1/15/2025",="SCI102-A",
="800001466",="Present",="1/22/2025",="SCI102-A",
="800001466",="Present",="1/29/2025",="SCI102-A",
="800001466",="Present",="2/5/2025",="SCI102-A",
="800001466",="Present",="2/12/2025",="SCI102-A",
="800001466",="Present",="2/19/2025",="SCI102-A",
="800001466",="Present",="2/26/2025",="SCI102-A",
="800001466",="Present",="3/5/2025",="SCI102-A",
="800001466",="Present",="3/12/2025",="SCI102-A",
="800001466",="Present",="3/19/2025",="SCI102-A",
="800001466",="Absent",="3/26/2025",="SCI102-A",
="800001466",="Absent",="4/2/2025",="SCI102-A",
="800001466",="Present",="4/9/2025",="SCI102-A",
="800001466",="Present",="4/16/2025",="SCI102-A",
="800001681",="Present",="1/9/2025",="AP100-P",
="800001681",="Present",="1/16/2025",="AP100-P",
="800001681",="Present",="1/23/2025",="AP100-P",
="800001681",="Present",="1/30/2025",="AP100-P",
="800001681",="Present",="2/6/2025",="AP100-P",
="800001681",="Present",="2/13/2025",="AP100-P",
="800001681",="Present",="2/20/2025",="AP100-P",
="800001681",="Present",="2/27/2025",="AP100-P",
="800001681",="Present",="3/6/2025",="AP100-P",
="800001681",="Present",="3/13/2025",="AP100-P",
="800001681",="Present",="3/20/2025",="AP100-P",
="800001681",="Present",="3/27/2025",="AP100-P",
="800001681",="Present",="4/3/2025",="AP100-P",
="800001681",="Present",="4/10/2025",="AP100-P",
="800001681",="Present",="4/17/2025",="AP100-P",
="800001681",="Present",="1/12/2025",="COL010 - OL II",
="800001681",="Absent",="1/19/2025",="COL010 - OL II",
="800001681",="Absent",="1/26/2025",="COL010 - OL II",
="800001681",="Absent",="2/2/2025",="COL010 - OL II",
="800001681",="Present",="1/10/2025",="ENG101 -P",
="800001681",="Present",="1/17/2025",="ENG101 -P",
="800001681",="Present",="1/24/2025",="ENG101 -P",
="800001681",="Present",="1/31/2025",="ENG101 -P",
="800001681",="Present",="2/7/2025",="ENG101 -P",
="800001681",="Present",="2/14/2025",="ENG101 -P",
="800001681",="Present",="2/21/2025",="ENG101 -P",
="800001681",="Present",="2/28/2025",="ENG101 -P",
="800001681",="Present",="3/7/2025",="ENG101 -P",
="800001681",="Present",="3/14/2025",="ENG101 -P",
="800001681",="Present",="3/21/2025",="ENG101 -P",
="800001681",="Present",="3/28/2025",="ENG101 -P",
="800001681",="Present",="4/4/2025",="ENG101 -P",
="800001681",="Present",="4/11/2025",="ENG101 -P",
="800001681",="Present",="1/14/2025",="NUR100-L-P2",
="800001681",="Present",="1/21/2025",="NUR100-L-P2",
="800001681",="Present",="1/28/2025",="NUR100-L-P2",
="800001681",="Present",="2/4/2025",="NUR100-L-P2",
="800001681",="Present",="2/11/2025",="NUR100-L-P2",
="800001681",="Present",="2/18/2025",="NUR100-L-P2",
="800001681",="Present",="2/25/2025",="NUR100-L-P2",
="800001681",="No class",="2/28/2025",="NUR100-L-P2",
="800001681",="Present",="3/4/2025",="NUR100-L-P2",
="800001681",="No class",="3/5/2025",="NUR100-L-P2",
="800001681",="No class",="3/6/2025",="NUR100-L-P2",
="800001681",="Present",="3/25/2025",="NUR100-L-P2",
="800001681",="Present",="4/1/2025",="NUR100-L-P2",
="800001681",="Present",="4/8/2025",="NUR100-L-P2",
="800001681",="Present",="1/6/2025",="NUR100-P",
="800001681",="Present",="1/7/2025",="NUR100-P",
="800001681",="Present",="1/13/2025",="NUR100-P",
="800001681",="Present",="1/14/2025",="NUR100-P",
="800001681",="Present",="1/27/2025",="NUR100-P",
="800001681",="Present",="2/3/2025",="NUR100-P",
="800001681",="Present",="2/10/2025",="NUR100-P",
="800001681",="Present",="2/17/2025",="NUR100-P",
="800001681",="Present",="3/10/2025",="NUR100-P",
="800001681",="Present",="3/17/2025",="NUR100-P",
="800001681",="Present",="3/24/2025",="NUR100-P",
="800001681",="Present",="3/31/2025",="NUR100-P",
="800001681",="Present",="4/7/2025",="NUR100-P",
="800001681",="Present",="2/5/2025",="PHARM100-P",
="800001681",="Present",="2/12/2025",="PHARM100-P",
="800001681",="Present",="2/19/2025",="PHARM100-P",
="800001681",="Present",="2/26/2025",="PHARM100-P",
="800001681",="Present",="3/5/2025",="PHARM100-P",
="800001681",="Present",="3/12/2025",="PHARM100-P",
="800001681",="Present",="3/19/2025",="PHARM100-P",
="800001681",="Present",="3/26/2025",="PHARM100-P",
="800001681",="Present",="4/2/2025",="PHARM100-P",
="800001681",="Present",="4/9/2025",="PHARM100-P",
="800000941",="Present",="1/15/2025",="NUR150 -A",
="800000941",="Present",="1/22/2025",="NUR150 -A",
="800000941",="Present",="1/29/2025",="NUR150 -A",
="800000941",="Present",="2/5/2025",="NUR150 -A",
="800000941",="Present",="2/12/2025",="NUR150 -A",
="800000941",="Present",="2/19/2025",="NUR150 -A",
="800000941",="Present",="3/12/2025",="NUR150 -A",
="800000941",="Present",="3/19/2025",="NUR150 -A",
="800000941",="Present",="3/26/2025",="NUR150 -A",
="800000941",="Present",="4/2/2025",="NUR150 -A",
="800000941",="Present",="1/8/2025",="NUR155-P",
="800000941",="Present",="1/15/2025",="NUR155-P",
="800000941",="Present",="1/22/2025",="NUR155-P",
="800000941",="Present",="1/29/2025",="NUR155-P",
="800000941",="Present",="2/5/2025",="NUR155-P",
="800000941",="Present",="2/12/2025",="NUR155-P",
="800000941",="Present",="2/19/2025",="NUR155-P",
="800000941",="Present",="2/26/2025",="NUR155-P",
="800000941",="Present",="3/5/2025",="NUR155-P",
="800000941",="Present",="3/12/2025",="NUR155-P",
="800000941",="Present",="3/19/2025",="NUR155-P",
="800000941",="Present",="3/26/2025",="NUR155-P",
="800000941",="Present",="4/2/2025",="NUR155-P",
="800000941",="Present",="4/9/2025",="NUR155-P",
="800000941",="Present",="4/16/2025",="NUR155-P",
="800000941",="Present",="2/27/2025",="NUR145-L-A2",
="800000941",="Present",="3/6/2025",="NUR145-L-A2",
="800000941",="Present",="1/23/2025",="NUR140-A",
="800000941",="Absent excused",="1/30/2025",="NUR140-A",
="800000941",="Present",="2/6/2025",="NUR140-A",
="800000941",="Present",="2/13/2025",="NUR140-A",
="800000941",="Present",="2/20/2025",="NUR140-A",
="800000941",="Present",="3/13/2025",="NUR140-A",
="800000941",="Present",="3/27/2025",="NUR140-A",
="800000941",="Present",="4/3/2025",="NUR140-A",
="800000941",="Present",="2/27/2025",="NUR150 -L-A1",
="800000941",="Present",="3/5/2025",="NUR150 -L-A1",
="800000941",="Present",="3/6/2025",="NUR150 -L-A1",
="800000941",="Present",="1/16/2025",="NUR145 - A",
="800000941",="Present",="1/23/2025",="NUR145 - A",
="800000941",="Present",="1/30/2025",="NUR145 - A",
="800000941",="Present",="2/6/2025",="NUR145 - A",
="800000941",="Present",="2/13/2025",="NUR145 - A",
="800000941",="Present",="2/20/2025",="NUR145 - A",
="800000941",="Present",="3/13/2025",="NUR145 - A",
="800000941",="Present",="3/20/2025",="NUR145 - A",
="800000941",="Present",="3/27/2025",="NUR145 - A",
="800000941",="Present",="4/3/2025",="NUR145 - A",
="800000941",="Present",="4/10/2025",="NUR145 - A",
="800000934",="Present",="2/11/2025",="NUR216-L-P1",
="800000934",="Present",="3/11/2025",="NUR216-L-P1",
="800000934",="Present",="3/25/2025",="NUR216-L-P1",
="800000934",="Present",="1/7/2025",="NUR216 -P",
="800000934",="Present",="1/14/2025",="NUR216 -P",
="800000934",="Present",="1/21/2025",="NUR216 -P",
="800000934",="Present",="1/28/2025",="NUR216 -P",
="800000934",="Present",="2/4/2025",="NUR216 -P",
="800000934",="Present",="2/11/2025",="NUR216 -P",
="800000934",="Present",="2/18/2025",="NUR216 -P",
="800000934",="Present",="3/11/2025",="NUR216 -P",
="800000934",="Present",="3/25/2025",="NUR216 -P",
="800000934",="Absent",="4/1/2025",="NUR216 -P",
="800000934",="Present",="4/8/2025",="NUR216 -P",
="800000934",="Present",="1/9/2025",="NUR205 -P",
="800000934",="Present",="1/16/2025",="NUR205 -P",
="800000934",="Present",="1/23/2025",="NUR205 -P",
="800000934",="Present",="1/30/2025",="NUR205 -P",
="800000934",="Present",="2/6/2025",="NUR205 -P",
="800000934",="Present",="2/13/2025",="NUR205 -P",
="800000934",="Present",="2/20/2025",="NUR205 -P",
="800000934",="Present",="3/13/2025",="NUR205 -P",
="800000934",="Present",="3/20/2025",="NUR205 -P",
="800000934",="Present",="3/27/2025",="NUR205 -P",
="800000934",="Present",="1/12/2025",="ENG102 - OL",
="800000934",="Present",="1/19/2025",="ENG102 - OL",
="800000934",="Present",="1/26/2025",="ENG102 - OL",
="800000934",="Present",="2/2/2025",="ENG102 - OL",
="800000934",="Present",="2/9/2025",="ENG102 - OL",
="800000934",="Present",="2/16/2025",="ENG102 - OL",
="800000934",="Present",="2/23/2025",="ENG102 - OL",
="800000934",="Present",="3/2/2025",="ENG102 - OL",
="800000934",="Present",="3/9/2025",="ENG102 - OL",
="800000934",="Present",="3/16/2025",="ENG102 - OL",
="800000934",="Present",="3/23/2025",="ENG102 - OL",
="800000934",="Present",="4/6/2025",="ENG102 - OL",
="800000934",="Present",="1/16/2025",="NUR205-L-P1",
="800000934",="Absent",="1/30/2025",="NUR205-L-P1",
="800000934",="Present",="2/6/2025",="NUR205-L-P1",
="800000934",="Present",="2/13/2025",="NUR205-L-P1",
="800000934",="Present",="2/20/2025",="NUR205-L-P1",
="800000934",="Present",="3/13/2025",="NUR205-L-P1",
="800000934",="Present",="3/27/2025",="NUR205-L-P1",
="800000934",="Present",="4/3/2025",="NUR205-L-P1",
="800000934",="Present",="1/6/2025",="PHARM225-P_ A",
="800000934",="Tardy/Late",="1/13/2025",="PHARM225-P_ A",
="800000934",="Present",="1/27/2025",="PHARM225-P_ A",
="800000934",="Present",="2/3/2025",="PHARM225-P_ A",
="800000934",="Present",="2/10/2025",="PHARM225-P_ A",
="800000934",="Present",="2/17/2025",="PHARM225-P_ A",
="800000934",="Present",="3/3/2025",="PHARM225-P_ A",
="800000934",="Present",="3/10/2025",="PHARM225-P_ A",
="800000934",="Present",="3/17/2025",="PHARM225-P_ A",
="800000934",="Present",="3/24/2025",="PHARM225-P_ A",
="800000934",="Present",="3/31/2025",="PHARM225-P_ A",
="800000934",="Present",="4/7/2025",="PHARM225-P_ A",
="800001420",="Present",="1/9/2025",="AP100-P",
="800001420",="Present",="1/16/2025",="AP100-P",
="800001420",="Present",="1/23/2025",="AP100-P",
="800001420",="Present",="1/30/2025",="AP100-P",
="800001420",="Present",="2/6/2025",="AP100-P",
="800001420",="Present",="2/13/2025",="AP100-P",
="800001420",="Present",="2/20/2025",="AP100-P",
="800001420",="Present",="2/27/2025",="AP100-P",
="800001420",="Present",="3/6/2025",="AP100-P",
="800001420",="Present",="3/13/2025",="AP100-P",
="800001420",="Present",="3/20/2025",="AP100-P",
="800001420",="Absent",="3/27/2025",="AP100-P",
="800001420",="Present",="4/3/2025",="AP100-P",
="800001420",="Present",="4/10/2025",="AP100-P",
="800001420",="Present",="4/17/2025",="AP100-P",
="800000774",="Present",="3/5/2025",="NUR302",
="800000774",="Tardy/Late",="3/12/2025",="NUR302",
="800000774",="Tardy/Late",="3/19/2025",="NUR302",
="800000774",="Present",="3/26/2025",="NUR302",
="800000774",="Present",="3/28/2025",="NUR302",
="800000774",="Present",="3/5/2025",="NUR300",
="800000774",="Present",="3/7/2025",="NUR300",
="800000774",="Present",="3/12/2025",="NUR300",
="800000774",="Present",="3/14/2025",="NUR300",
="800000774",="Present",="3/19/2025",="NUR300",
="800000774",="Present",="3/21/2025",="NUR300",
="800000774",="Present",="3/26/2025",="NUR300",
="800000774",="Present",="3/28/2025",="NUR300",
="800000774",="Present",="4/2/2025",="NUR300",
="800000774",="Present",="4/4/2025",="NUR300",
="800000774",="Present",="4/9/2025",="NUR300",
="800000774",="Present",="4/11/2025",="NUR300",
="800000774",="Present",="4/16/2025",="NUR300",
="800000774",="Present",="4/23/2025",="NUR300",
="800000774",="Present",="4/25/2025",="NUR300",
="800000774",="Present",="3/7/2025",="NUR255-C-P2",
="800000774",="Present",="3/8/2025",="NUR255-C-P2",
="800000774",="Present",="2/26/2025",="NUR265-C-P1",
="800000774",="Present",="3/5/2025",="NUR265-C-P1",
="800000774",="Present",="3/6/2025",="NUR265-C-P1",
="800000774",="Present",="1/6/2025",="NUR265 -P",
="800000774",="Present",="1/13/2025",="NUR265 -P",
="800000774",="Present",="1/27/2025",="NUR265 -P",
="800000774",="Present",="2/3/2025",="NUR265 -P",
="800000774",="Present",="2/10/2025",="NUR265 -P",
="800000774",="Present",="2/17/2025",="NUR265 -P",
="800000774",="Present",="2/24/2025",="NUR265 -P",
="800000774",="Present",="3/3/2025",="NUR265 -P",
="800000774",="Present",="1/9/2025",="SCI310A",
="800000774",="Present",="1/16/2025",="SCI310A",
="800000774",="Present",="1/23/2025",="SCI310A",
="800000774",="Present",="1/30/2025",="SCI310A",
="800000774",="Present",="2/6/2025",="SCI310A",
="800000774",="Present",="2/13/2025",="SCI310A",
="800000774",="Present",="2/20/2025",="SCI310A",
="800000774",="Present",="2/27/2025",="SCI310A",
="800000774",="Present",="3/6/2025",="SCI310A",
="800000774",="Present",="3/13/2025",="SCI310A",
="800000774",="Present",="3/20/2025",="SCI310A",
="800000774",="Absent",="3/27/2025",="SCI310A",
="800000774",="Present",="4/3/2025",="SCI310A",
="800000774",="Present",="4/10/2025",="SCI310A",
="800001697",="Present",="1/7/2025",="AP100-A",
="800001697",="Present",="1/14/2025",="AP100-A",
="800001697",="Present",="1/21/2025",="AP100-A",
="800001697",="Present",="1/28/2025",="AP100-A",
="800001697",="Present",="2/4/2025",="AP100-A",
="800001697",="Present",="2/11/2025",="AP100-A",
="800001697",="Present",="2/18/2025",="AP100-A",
="800001697",="Present",="2/25/2025",="AP100-A",
="800001697",="Present",="3/4/2025",="AP100-A",
="800001697",="Present",="3/11/2025",="AP100-A",
="800001697",="Present",="3/18/2025",="AP100-A",
="800001697",="Present",="3/25/2025",="AP100-A",
="800001697",="Present",="4/1/2025",="AP100-A",
="800001697",="Present",="4/8/2025",="AP100-A",
="800001697",="Present",="4/15/2025",="AP100-A",
="800001697",="Present",="1/9/2025",="PSY101 -A",
="800001697",="Present",="1/16/2025",="PSY101 -A",
="800001697",="Present",="1/30/2025",="PSY101 -A",
="800001697",="Present",="2/6/2025",="PSY101 -A",
="800001697",="Present",="2/13/2025",="PSY101 -A",
="800001697",="Present",="2/20/2025",="PSY101 -A",
="800001697",="Present",="2/27/2025",="PSY101 -A",
="800001697",="Absent",="3/6/2025",="PSY101 -A",
="800001697",="Present",="3/13/2025",="PSY101 -A",
="800001697",="Absent",="3/20/2025",="PSY101 -A",
="800001697",="Present",="3/27/2025",="PSY101 -A",
="800001697",="Present",="4/3/2025",="PSY101 -A",
="800001697",="Present",="1/7/2025",="NUR100-L-A2",
="800001697",="Present",="1/14/2025",="NUR100-L-A2",
="800001697",="Present",="1/21/2025",="NUR100-L-A2",
="800001697",="Present",="2/4/2025",="NUR100-L-A2",
="800001697",="Present",="2/11/2025",="NUR100-L-A2",
="800001697",="Present",="2/18/2025",="NUR100-L-A2",
="800001697",="Present",="2/24/2025",="NUR100-L-A2",
="800001697",="Present",="2/25/2025",="NUR100-L-A2",
="800001697",="Present",="3/4/2025",="NUR100-L-A2",
="800001697",="Present",="3/18/2025",="NUR100-L-A2",
="800001697",="Present",="3/25/2025",="NUR100-L-A2",
="800001697",="Present",="4/1/2025",="NUR100-L-A2",
="800001697",="Present",="4/8/2025",="NUR100-L-A2",
="800001697",="Present",="4/14/2025",="NUR100-L-A2",
="800001697",="Present",="4/15/2025",="NUR100-L-A2",
="800001697",="Present",="4/21/2025",="NUR100-L-A2",
="800001697",="Present",="4/22/2025",="NUR100-L-A2",
="800001697",="Present",="1/10/2025",="COL010 -A",
="800001697",="Present",="1/17/2025",="COL010 -A",
="800001697",="Present",="1/24/2025",="COL010 -A",
="800001697",="Present",="1/31/2025",="COL010 -A",
="800001697",="Present",="1/6/2025",="NUR100 -A",
="800001697",="Present",="1/13/2025",="NUR100 -A",
="800001697",="Present",="1/14/2025",="NUR100 -A",
="800001697",="Present",="1/27/2025",="NUR100 -A",
="800001697",="Present",="2/3/2025",="NUR100 -A",
="800001697",="Present",="2/10/2025",="NUR100 -A",
="800001697",="Present",="2/17/2025",="NUR100 -A",
="800001697",="Present",="3/10/2025",="NUR100 -A",
="800001697",="Present",="3/11/2025",="NUR100 -A",
="800001697",="Present",="3/17/2025",="NUR100 -A",
="800001697",="Present",="3/24/2025",="NUR100 -A",
="800001697",="Present",="3/31/2025",="NUR100 -A",
="800001697",="Present",="4/7/2025",="NUR100 -A",
="800001697",="Present",="4/14/2025",="NUR100 -A",
="800001697",="Present",="1/8/2025",="ENG101 -A",
="800001697",="Present",="1/15/2025",="ENG101 -A",
="800001697",="Present",="1/22/2025",="ENG101 -A",
="800001697",="Present",="1/29/2025",="ENG101 -A",
="800001697",="Present",="2/5/2025",="ENG101 -A",
="800001697",="Present",="2/12/2025",="ENG101 -A",
="800001697",="Present",="2/19/2025",="ENG101 -A",
="800001697",="Present",="2/26/2025",="ENG101 -A",
="800001697",="Present",="3/5/2025",="ENG101 -A",
="800001697",="Present",="3/19/2025",="ENG101 -A",
="800001697",="Present",="3/26/2025",="ENG101 -A",
="800001697",="Present",="4/2/2025",="ENG101 -A",
="800001697",="Present",="4/9/2025",="ENG101 -A",
="800001697",="Absent",="2/10/2025",="PHARM100-A",
="800001697",="Present",="2/17/2025",="PHARM100-A",
="800001697",="Present",="3/3/2025",="PHARM100-A",
="800001697",="Present",="3/10/2025",="PHARM100-A",
="800001697",="Present",="3/17/2025",="PHARM100-A",
="800001697",="Present",="3/24/2025",="PHARM100-A",
="800001697",="Present",="3/31/2025",="PHARM100-A",
="800001697",="Present",="4/7/2025",="PHARM100-A",
="800001696",="Present",="1/9/2025",="PSY101 -A",
="800001696",="Present",="1/16/2025",="PSY101 -A",
="800001696",="Present",="1/30/2025",="PSY101 -A",
="800001696",="Present",="2/6/2025",="PSY101 -A",
="800001696",="Present",="2/13/2025",="PSY101 -A",
="800001696",="Present",="2/20/2025",="PSY101 -A",
="800001696",="Present",="2/27/2025",="PSY101 -A",
="800001696",="Absent",="3/6/2025",="PSY101 -A",
="800001696",="Present",="3/13/2025",="PSY101 -A",
="800001696",="Absent",="3/20/2025",="PSY101 -A",
="800001696",="Present",="3/27/2025",="PSY101 -A",
="800001696",="Present",="4/3/2025",="PSY101 -A",
="800001696",="Present",="1/6/2025",="NUR100 -A",
="800001696",="Present",="1/13/2025",="NUR100 -A",
="800001696",="Present",="1/14/2025",="NUR100 -A",
="800001696",="Present",="1/27/2025",="NUR100 -A",
="800001696",="Present",="2/3/2025",="NUR100 -A",
="800001696",="Present",="2/10/2025",="NUR100 -A",
="800001696",="Present",="2/17/2025",="NUR100 -A",
="800001696",="Present",="3/10/2025",="NUR100 -A",
="800001696",="Present",="3/11/2025",="NUR100 -A",
="800001696",="Present",="3/17/2025",="NUR100 -A",
="800001696",="Present",="3/24/2025",="NUR100 -A",
="800001696",="Present",="3/31/2025",="NUR100 -A",
="800001696",="Present",="4/7/2025",="NUR100 -A",
="800001696",="Present",="4/14/2025",="NUR100 -A",
="800001696",="Present",="1/8/2025",="ENG101 -A",
="800001696",="Present",="1/15/2025",="ENG101 -A",
="800001696",="Present",="1/22/2025",="ENG101 -A",
="800001696",="Present",="1/29/2025",="ENG101 -A",
="800001696",="Present",="2/5/2025",="ENG101 -A",
="800001696",="Present",="2/12/2025",="ENG101 -A",
="800001696",="Present",="2/19/2025",="ENG101 -A",
="800001696",="Present",="2/26/2025",="ENG101 -A",
="800001696",="Present",="3/5/2025",="ENG101 -A",
="800001696",="Present",="3/12/2025",="ENG101 -A",
="800001696",="Present",="3/19/2025",="ENG101 -A",
="800001696",="Present",="3/26/2025",="ENG101 -A",
="800001696",="Present",="4/2/2025",="ENG101 -A",
="800001696",="Present",="4/9/2025",="ENG101 -A",
="800001696",="Present",="1/10/2025",="COL010 -A",
="800001696",="Present",="1/17/2025",="COL010 -A",
="800001696",="Present",="1/24/2025",="COL010 -A",
="800001696",="Present",="1/31/2025",="COL010 -A",
="800001696",="Present",="1/7/2025",="NUR100-L-A2",
="800001696",="Present",="1/14/2025",="NUR100-L-A2",
="800001696",="Present",="1/21/2025",="NUR100-L-A2",
="800001696",="Present",="2/4/2025",="NUR100-L-A2",
="800001696",="Present",="2/11/2025",="NUR100-L-A2",
="800001696",="Present",="2/18/2025",="NUR100-L-A2",
="800001696",="Present",="2/24/2025",="NUR100-L-A2",
="800001696",="Present",="2/25/2025",="NUR100-L-A2",
="800001696",="Present",="3/4/2025",="NUR100-L-A2",
="800001696",="Present",="3/18/2025",="NUR100-L-A2",
="800001696",="Present",="3/25/2025",="NUR100-L-A2",
="800001696",="Present",="4/1/2025",="NUR100-L-A2",
="800001696",="Present",="4/8/2025",="NUR100-L-A2",
="800001696",="Present",="4/14/2025",="NUR100-L-A2",
="800001696",="Present",="4/21/2025",="NUR100-L-A2",
="800001696",="Present",="4/22/2025",="NUR100-L-A2",
="800001696",="Present",="1/7/2025",="AP100-A",
="800001696",="Present",="1/14/2025",="AP100-A",
="800001696",="Present",="1/21/2025",="AP100-A",
="800001696",="Present",="1/28/2025",="AP100-A",
="800001696",="Present",="2/4/2025",="AP100-A",
="800001696",="Present",="2/11/2025",="AP100-A",
="800001696",="Present",="2/18/2025",="AP100-A",
="800001696",="Present",="2/25/2025",="AP100-A",
="800001696",="Present",="3/4/2025",="AP100-A",
="800001696",="Present",="3/11/2025",="AP100-A",
="800001696",="Present",="3/18/2025",="AP100-A",
="800001696",="Present",="3/25/2025",="AP100-A",
="800001696",="Present",="4/1/2025",="AP100-A",
="800001696",="Present",="4/8/2025",="AP100-A",
="800001696",="Present",="4/15/2025",="AP100-A",
="800001696",="Present",="2/10/2025",="PHARM100-A",
="800001696",="Present",="2/17/2025",="PHARM100-A",
="800001696",="Present",="3/3/2025",="PHARM100-A",
="800001696",="Present",="3/10/2025",="PHARM100-A",
="800001696",="Present",="3/17/2025",="PHARM100-A",
="800001696",="Present",="3/24/2025",="PHARM100-A",
="800001696",="Present",="3/31/2025",="PHARM100-A",
="800001696",="Present",="4/7/2025",="PHARM100-A",
="800001428",="Absent",="1/6/2025",="NUR135-P",
="800001428",="Present",="1/13/2025",="NUR135-P",
="800001428",="Present",="1/27/2025",="NUR135-P",
="800001428",="Present",="2/3/2025",="NUR135-P",
="800001428",="Present",="2/10/2025",="NUR135-P",
="800001428",="Present",="2/17/2025",="NUR135-P",
="800001257",="Present",="1/7/2025",="NUR100-L-A2",
="800001257",="Present",="1/14/2025",="NUR100-L-A2",
="800001257",="Present",="1/21/2025",="NUR100-L-A2",
="800001257",="Present",="2/4/2025",="NUR100-L-A2",
="800001257",="Present",="2/11/2025",="NUR100-L-A2",
="800001257",="Present",="2/18/2025",="NUR100-L-A2",
="800001257",="Present",="2/24/2025",="NUR100-L-A2",
="800001257",="Present",="2/25/2025",="NUR100-L-A2",
="800001257",="Present",="3/4/2025",="NUR100-L-A2",
="800001257",="Absent",="3/18/2025",="NUR100-L-A2",
="800001257",="Present",="3/25/2025",="NUR100-L-A2",
="800001257",="Present",="4/1/2025",="NUR100-L-A2",
="800001257",="Present",="4/8/2025",="NUR100-L-A2",
="800001257",="Present",="4/14/2025",="NUR100-L-A2",
="800001257",="Present",="4/15/2025",="NUR100-L-A2",
="800001257",="Present",="4/22/2025",="NUR100-L-A2",
="800001257",="Present",="1/6/2025",="NUR100 -A",
="800001257",="Present",="1/13/2025",="NUR100 -A",
="800001257",="Present",="1/14/2025",="NUR100 -A",
="800001257",="Present",="1/27/2025",="NUR100 -A",
="800001257",="Present",="2/3/2025",="NUR100 -A",
="800001257",="Present",="2/10/2025",="NUR100 -A",
="800001257",="Present",="2/17/2025",="NUR100 -A",
="800001257",="Present",="3/10/2025",="NUR100 -A",
="800001257",="Present",="3/11/2025",="NUR100 -A",
="800001257",="Present",="3/17/2025",="NUR100 -A",
="800001257",="Present",="3/24/2025",="NUR100 -A",
="800001257",="Tardy/Late",="3/31/2025",="NUR100 -A",
="800001257",="Present",="4/7/2025",="NUR100 -A",
="800001257",="Present",="4/14/2025",="NUR100 -A",
="770062096",="Present",="1/8/2025",="PHARM130-P",
="770062096",="Present",="1/15/2025",="PHARM130-P",
="770062096",="Present",="1/22/2025",="PHARM130-P",
="770062096",="Present",="1/29/2025",="PHARM130-P",
="770062096",="Present",="2/5/2025",="PHARM130-P",
="770062096",="Present",="2/12/2025",="PHARM130-P",
="770062096",="Present",="2/19/2025",="PHARM130-P",
="770062096",="No class",="2/26/2025",="PHARM130-P",
="770062096",="No class",="3/5/2025",="PHARM130-P",
="770062096",="Present",="3/12/2025",="PHARM130-P",
="770062096",="Present",="3/19/2025",="PHARM130-P",
="770062096",="Present",="3/26/2025",="PHARM130-P",
="770062096",="Present",="4/2/2025",="PHARM130-P",
="770062096",="Present",="4/9/2025",="PHARM130-P",
="770062096",="Present",="4/16/2025",="PHARM130-P",
="800001405",="Absent",="1/6/2025",="NUR100-P",
="800001405",="Present",="1/13/2025",="NUR100-P",
="800001405",="Present",="1/14/2025",="NUR100-P",
="800001405",="Present",="1/27/2025",="NUR100-P",
="800001405",="Present",="2/3/2025",="NUR100-P",
="800001405",="Present",="2/10/2025",="NUR100-P",
="800001405",="Present",="2/17/2025",="NUR100-P",
="800001405",="Absent",="3/10/2025",="NUR100-P",
="800001405",="Absent",="1/9/2025",="AP100-P",
="800001405",="Present",="1/16/2025",="AP100-P",
="800001405",="Present",="1/23/2025",="AP100-P",
="800001405",="Absent",="1/30/2025",="AP100-P",
="800001405",="Present",="2/6/2025",="AP100-P",
="800001405",="Present",="2/13/2025",="AP100-P",
="800001405",="Present",="2/20/2025",="AP100-P",
="800001405",="Present",="2/27/2025",="AP100-P",
="800001405",="Absent",="3/6/2025",="AP100-P",
="800001405",="Absent",="3/13/2025",="AP100-P",
="800001405",="Absent",="1/14/2025",="NUR100-L-P1",
="800001405",="Absent",="1/21/2025",="NUR100-L-P1",
="800001405",="Present",="1/28/2025",="NUR100-L-P1",
="800001405",="Present",="2/4/2025",="NUR100-L-P1",
="800001405",="Absent",="2/11/2025",="NUR100-L-P1",
="800001405",="Present",="2/18/2025",="NUR100-L-P1",
="800001405",="No class",="2/25/2025",="NUR100-L-P1",
="800001405",="No class",="3/4/2025",="NUR100-L-P1",
="800001104",="Present",="1/8/2025",="AP209 -A",
="800001104",="Present",="1/15/2025",="AP209 -A",
="800001104",="Present",="1/22/2025",="AP209 -A",
="800001104",="Present",="1/29/2025",="AP209 -A",
="800001104",="Present",="2/5/2025",="AP209 -A",
="800001104",="Present",="2/12/2025",="AP209 -A",
="800001104",="Present",="2/19/2025",="AP209 -A",
="800001104",="Absent",="2/26/2025",="AP209 -A",
="800001104",="Present",="3/5/2025",="AP209 -A",
="800001104",="Present",="3/12/2025",="AP209 -A",
="800001104",="Present",="3/19/2025",="AP209 -A",
="800001104",="Absent",="3/26/2025",="AP209 -A",
="800001104",="Present",="4/2/2025",="AP209 -A",
="800001104",="Present",="4/9/2025",="AP209 -A",
="800001104",="Present",="4/16/2025",="AP209 -A",
="800001688",="Present",="1/7/2025",="NUR100-L-A3",
="800001688",="Present",="1/14/2025",="NUR100-L-A3",
="800001688",="Present",="1/21/2025",="NUR100-L-A3",
="800001688",="Present",="2/4/2025",="NUR100-L-A3",
="800001688",="Present",="2/11/2025",="NUR100-L-A3",
="800001688",="Present",="2/18/2025",="NUR100-L-A3",
="800001688",="Present",="2/20/2025",="NUR100-L-A3",
="800001688",="Present",="2/24/2025",="NUR100-L-A3",
="800001688",="No class",="2/25/2025",="NUR100-L-A3",
="800001688",="No class",="3/4/2025",="NUR100-L-A3",
="800001688",="Present",="3/18/2025",="NUR100-L-A3",
="800001688",="Present",="3/25/2025",="NUR100-L-A3",
="800001688",="Present",="4/1/2025",="NUR100-L-A3",
="800001688",="Present",="4/8/2025",="NUR100-L-A3",
="800001688",="Present",="4/14/2025",="NUR100-L-A3",
="800001688",="Present",="4/20/2025",="NUR100-L-A3",
="800001688",="Present",="4/21/2025",="NUR100-L-A3",
="800001688",="Present",="4/22/2025",="NUR100-L-A3",
="800001688",="Absent",="1/6/2025",="NUR100 -A",
="800001688",="Present",="1/13/2025",="NUR100 -A",
="800001688",="Present",="1/14/2025",="NUR100 -A",
="800001688",="Present",="1/27/2025",="NUR100 -A",
="800001688",="Present",="2/3/2025",="NUR100 -A",
="800001688",="Present",="2/10/2025",="NUR100 -A",
="800001688",="Present",="2/17/2025",="NUR100 -A",
="800001688",="Present",="3/10/2025",="NUR100 -A",
="800001688",="Present",="3/11/2025",="NUR100 -A",
="800001688",="Present",="3/17/2025",="NUR100 -A",
="800001688",="Present",="3/24/2025",="NUR100 -A",
="800001688",="Present",="3/31/2025",="NUR100 -A",
="800001688",="Present",="4/7/2025",="NUR100 -A",
="800001688",="Present",="4/14/2025",="NUR100 -A",
="800001688",="Present",="2/10/2025",="PHARM100-A",
="800001688",="Present",="2/17/2025",="PHARM100-A",
="800001688",="Present",="3/3/2025",="PHARM100-A",
="800001688",="Present",="3/10/2025",="PHARM100-A",
="800001688",="Present",="3/17/2025",="PHARM100-A",
="800001688",="Present",="3/24/2025",="PHARM100-A",
="800001688",="Present",="3/31/2025",="PHARM100-A",
="800001688",="Present",="4/7/2025",="PHARM100-A",
="800001695",="Present",="1/12/2025",="COL010 - OL II",
="800001695",="Present",="1/19/2025",="COL010 - OL II",
="800001695",="Present",="1/26/2025",="COL010 - OL II",
="800001695",="Present",="2/2/2025",="COL010 - OL II",
="800001695",="Present",="1/14/2025",="NUR100-L-P2",
="800001695",="Present",="1/21/2025",="NUR100-L-P2",
="800001695",="Present",="1/28/2025",="NUR100-L-P2",
="800001695",="Present",="2/4/2025",="NUR100-L-P2",
="800001695",="Present",="2/11/2025",="NUR100-L-P2",
="800001695",="Present",="2/18/2025",="NUR100-L-P2",
="800001695",="Present",="2/25/2025",="NUR100-L-P2",
="800001695",="No class",="2/28/2025",="NUR100-L-P2",
="800001695",="Present",="3/4/2025",="NUR100-L-P2",
="800001695",="No class",="3/5/2025",="NUR100-L-P2",
="800001695",="No class",="3/6/2025",="NUR100-L-P2",
="800001695",="Present",="3/25/2025",="NUR100-L-P2",
="800001695",="Present",="4/1/2025",="NUR100-L-P2",
="800001695",="Present",="4/8/2025",="NUR100-L-P2",
="800001695",="Present",="2/5/2025",="PHARM100-P",
="800001695",="Present",="2/12/2025",="PHARM100-P",
="800001695",="Present",="2/19/2025",="PHARM100-P",
="800001695",="Present",="2/26/2025",="PHARM100-P",
="800001695",="Present",="3/5/2025",="PHARM100-P",
="800001695",="Present",="3/12/2025",="PHARM100-P",
="800001695",="Present",="3/19/2025",="PHARM100-P",
="800001695",="Present",="3/26/2025",="PHARM100-P",
="800001695",="Present",="4/2/2025",="PHARM100-P",
="800001695",="Present",="4/9/2025",="PHARM100-P",
="800001695",="Present",="1/9/2025",="AP100-P",
="800001695",="Present",="1/16/2025",="AP100-P",
="800001695",="Present",="1/23/2025",="AP100-P",
="800001695",="Present",="1/30/2025",="AP100-P",
="800001695",="Present",="2/6/2025",="AP100-P",
="800001695",="Present",="2/13/2025",="AP100-P",
="800001695",="Present",="2/20/2025",="AP100-P",
="800001695",="Present",="2/27/2025",="AP100-P",
="800001695",="Present",="3/6/2025",="AP100-P",
="800001695",="Present",="3/13/2025",="AP100-P",
="800001695",="Present",="3/20/2025",="AP100-P",
="800001695",="Present",="3/27/2025",="AP100-P",
="800001695",="Present",="4/3/2025",="AP100-P",
="800001695",="Present",="4/10/2025",="AP100-P",
="800001695",="Present",="4/17/2025",="AP100-P",
="800001695",="Present",="1/10/2025",="ENG101 -P",
="800001695",="Present",="1/17/2025",="ENG101 -P",
="800001695",="Present",="1/24/2025",="ENG101 -P",
="800001695",="Present",="1/31/2025",="ENG101 -P",
="800001695",="Present",="2/7/2025",="ENG101 -P",
="800001695",="Present",="2/14/2025",="ENG101 -P",
="800001695",="Present",="2/21/2025",="ENG101 -P",
="800001695",="Present",="2/28/2025",="ENG101 -P",
="800001695",="Present",="3/7/2025",="ENG101 -P",
="800001695",="Present",="3/14/2025",="ENG101 -P",
="800001695",="Present",="3/21/2025",="ENG101 -P",
="800001695",="Present",="3/28/2025",="ENG101 -P",
="800001695",="Present",="4/4/2025",="ENG101 -P",
="800001695",="Present",="4/11/2025",="ENG101 -P",
="800001695",="Present",="1/6/2025",="NUR100-P",
="800001695",="Present",="1/7/2025",="NUR100-P",
="800001695",="Present",="1/13/2025",="NUR100-P",
="800001695",="Present",="1/14/2025",="NUR100-P",
="800001695",="Present",="1/27/2025",="NUR100-P",
="800001695",="Present",="2/3/2025",="NUR100-P",
="800001695",="Present",="2/10/2025",="NUR100-P",
="800001695",="Present",="2/17/2025",="NUR100-P",
="800001695",="Present",="3/10/2025",="NUR100-P",
="800001695",="Present",="3/17/2025",="NUR100-P",
="800001695",="Present",="3/24/2025",="NUR100-P",
="800001695",="Present",="3/31/2025",="NUR100-P",
="800001695",="Present",="4/7/2025",="NUR100-P",
="770000745",="Present",="1/7/2025",="NUR100-L-A3",
="770000745",="Present",="1/14/2025",="NUR100-L-A3",
="770000745",="Present",="1/21/2025",="NUR100-L-A3",
="770000745",="Present",="2/4/2025",="NUR100-L-A3",
="770000745",="Present",="2/11/2025",="NUR100-L-A3",
="770000745",="Present",="2/18/2025",="NUR100-L-A3",
="770000745",="Present",="2/25/2025",="NUR100-L-A3",
="770000745",="Present",="3/4/2025",="NUR100-L-A3",
="770000745",="Present",="3/18/2025",="NUR100-L-A3",
="770000745",="Present",="3/25/2025",="NUR100-L-A3",
="770000745",="Present",="4/1/2025",="NUR100-L-A3",
="770000745",="Absent",="4/8/2025",="NUR100-L-A3",
="770000745",="Present",="4/15/2025",="NUR100-L-A3",
="770000745",="Present",="4/16/2025",="NUR100-L-A3",
="770000745",="Present",="4/22/2025",="NUR100-L-A3",
="770000745",="Absent",="1/9/2025",="PSY101 -A",
="770000745",="Present",="1/16/2025",="PSY101 -A",
="770000745",="Present",="1/30/2025",="PSY101 -A",
="770000745",="Present",="2/6/2025",="PSY101 -A",
="770000745",="Present",="2/13/2025",="PSY101 -A",
="770000745",="Absent",="2/20/2025",="PSY101 -A",
="770000745",="Present",="2/27/2025",="PSY101 -A",
="770000745",="Absent",="3/6/2025",="PSY101 -A",
="770000745",="Present",="3/13/2025",="PSY101 -A",
="770000745",="Present",="3/20/2025",="PSY101 -A",
="770000745",="Present",="3/27/2025",="PSY101 -A",
="770000745",="Present",="4/3/2025",="PSY101 -A",
="770000745",="Present",="1/7/2025",="AP100-A",
="770000745",="Present",="1/14/2025",="AP100-A",
="770000745",="Present",="1/21/2025",="AP100-A",
="770000745",="Present",="1/28/2025",="AP100-A",
="770000745",="Present",="2/4/2025",="AP100-A",
="770000745",="Present",="2/11/2025",="AP100-A",
="770000745",="Present",="2/18/2025",="AP100-A",
="770000745",="Absent",="2/25/2025",="AP100-A",
="770000745",="Present",="3/4/2025",="AP100-A",
="770000745",="Present",="3/11/2025",="AP100-A",
="770000745",="Present",="3/18/2025",="AP100-A",
="770000745",="Present",="3/25/2025",="AP100-A",
="770000745",="Present",="4/1/2025",="AP100-A",
="770000745",="Present",="4/8/2025",="AP100-A",
="770000745",="Present",="4/15/2025",="AP100-A",
="770000745",="Present",="1/10/2025",="COL010 -A",
="770000745",="Present",="1/17/2025",="COL010 -A",
="770000745",="Present",="1/24/2025",="COL010 -A",
="770000745",="Present",="1/31/2025",="COL010 -A",
="770000745",="Present",="1/6/2025",="NUR100 -A",
="770000745",="Present",="1/13/2025",="NUR100 -A",
="770000745",="Present",="1/14/2025",="NUR100 -A",
="770000745",="Present",="1/27/2025",="NUR100 -A",
="770000745",="Present",="2/3/2025",="NUR100 -A",
="770000745",="Present",="2/10/2025",="NUR100 -A",
="770000745",="Present",="2/17/2025",="NUR100 -A",
="770000745",="Present",="3/10/2025",="NUR100 -A",
="770000745",="Present",="3/11/2025",="NUR100 -A",
="770000745",="Present",="3/17/2025",="NUR100 -A",
="770000745",="Present",="3/24/2025",="NUR100 -A",
="770000745",="Present",="3/31/2025",="NUR100 -A",
="770000745",="Present",="4/7/2025",="NUR100 -A",
="770000745",="Present",="4/14/2025",="NUR100 -A",
="770000745",="Present",="1/8/2025",="ENG101 -A",
="770000745",="Present",="1/15/2025",="ENG101 -A",
="770000745",="Present",="1/22/2025",="ENG101 -A",
="770000745",="Present",="1/29/2025",="ENG101 -A",
="770000745",="Present",="2/5/2025",="ENG101 -A",
="770000745",="Present",="2/12/2025",="ENG101 -A",
="770000745",="Present",="2/19/2025",="ENG101 -A",
="770000745",="Tardy/Late excused",="2/26/2025",="ENG101 -A",
="770000745",="Present",="3/5/2025",="ENG101 -A",
="770000745",="Present",="3/12/2025",="ENG101 -A",
="770000745",="Present",="3/19/2025",="ENG101 -A",
="770000745",="Present",="3/26/2025",="ENG101 -A",
="770000745",="Present",="4/2/2025",="ENG101 -A",
="770000745",="Present",="4/9/2025",="ENG101 -A",
="770000745",="Present",="2/10/2025",="PHARM100-A",
="770000745",="Present",="2/17/2025",="PHARM100-A",
="770000745",="Present",="3/3/2025",="PHARM100-A",
="770000745",="Present",="3/10/2025",="PHARM100-A",
="770000745",="Tardy/Late",="3/17/2025",="PHARM100-A",
="770000745",="Present",="3/24/2025",="PHARM100-A",
="770000745",="Present",="3/31/2025",="PHARM100-A",
="770000745",="Present",="4/7/2025",="PHARM100-A",
="800001580",="Present",="1/7/2025",="AP100-A",
="800001580",="Present",="1/14/2025",="AP100-A",
="800001580",="Present",="1/21/2025",="AP100-A",
="800001580",="Present",="1/28/2025",="AP100-A",
="800001580",="Present",="2/4/2025",="AP100-A",
="800001580",="Present",="2/11/2025",="AP100-A",
="800001580",="Present",="2/18/2025",="AP100-A",
="800001580",="Present",="2/25/2025",="AP100-A",
="800001580",="Present",="3/4/2025",="AP100-A",
="800001580",="Present",="3/11/2025",="AP100-A",
="800001580",="Absent",="3/18/2025",="AP100-A",
="800001580",="Present",="3/25/2025",="AP100-A",
="800001580",="Absent",="4/1/2025",="AP100-A",
="800001580",="Present",="4/8/2025",="AP100-A",
="800001580",="Present",="4/15/2025",="AP100-A",
="800001580",="Present",="1/8/2025",="ENG101 -A",
="800001580",="Present",="1/15/2025",="ENG101 -A",
="800001580",="Tardy/Late",="1/22/2025",="ENG101 -A",
="800001580",="Tardy/Late",="1/29/2025",="ENG101 -A",
="800001580",="Present",="2/5/2025",="ENG101 -A",
="800001580",="Present",="2/12/2025",="ENG101 -A",
="800001580",="Present",="2/19/2025",="ENG101 -A",
="800001580",="Present",="2/26/2025",="ENG101 -A",
="800001580",="Present",="3/5/2025",="ENG101 -A",
="800001580",="Present",="3/12/2025",="ENG101 -A",
="800001580",="Tardy/Late",="3/19/2025",="ENG101 -A",
="800001580",="Present",="3/26/2025",="ENG101 -A",
="800001580",="Present",="4/2/2025",="ENG101 -A",
="800001580",="Present",="4/9/2025",="ENG101 -A",
="800001580",="Tardy/Late",="2/10/2025",="PHARM100-A",
="800001580",="Present",="2/17/2025",="PHARM100-A",
="800001580",="Present",="3/3/2025",="PHARM100-A",
="800001580",="Tardy/Late",="3/10/2025",="PHARM100-A",
="800001580",="Present",="3/17/2025",="PHARM100-A",
="800001580",="Present",="3/24/2025",="PHARM100-A",
="800001580",="Present",="3/31/2025",="PHARM100-A",
="800001580",="Present",="4/7/2025",="PHARM100-A",
="800001580",="Present",="1/6/2025",="NUR100 -A",
="800001580",="Present",="1/13/2025",="NUR100 -A",
="800001580",="Present",="1/14/2025",="NUR100 -A",
="800001580",="Absent",="1/27/2025",="NUR100 -A",
="800001580",="Present",="2/3/2025",="NUR100 -A",
="800001580",="Present",="2/10/2025",="NUR100 -A",
="800001580",="Absent",="2/17/2025",="NUR100 -A",
="800001580",="Present",="3/10/2025",="NUR100 -A",
="800001580",="Present",="3/11/2025",="NUR100 -A",
="800001580",="Present",="3/17/2025",="NUR100 -A",
="800001580",="Present",="3/24/2025",="NUR100 -A",
="800001580",="Present",="3/31/2025",="NUR100 -A",
="800001580",="Present",="4/7/2025",="NUR100 -A",
="800001580",="Present",="4/11/2025",="NUR100 -A",
="800001580",="Present",="4/14/2025",="NUR100 -A",
="800001580",="Present",="1/7/2025",="NUR100-L-A3",
="800001580",="Absent",="1/14/2025",="NUR100-L-A3",
="800001580",="Present",="1/21/2025",="NUR100-L-A3",
="800001580",="Present",="2/4/2025",="NUR100-L-A3",
="800001580",="Present",="2/11/2025",="NUR100-L-A3",
="800001580",="Present",="2/18/2025",="NUR100-L-A3",
="800001580",="Present",="2/25/2025",="NUR100-L-A3",
="800001580",="Present",="2/26/2025",="NUR100-L-A3",
="800001580",="No class",="3/4/2025",="NUR100-L-A3",
="800001580",="Absent",="3/18/2025",="NUR100-L-A3",
="800001580",="Absent",="3/25/2025",="NUR100-L-A3",
="800001580",="Present",="4/1/2025",="NUR100-L-A3",
="800001580",="Absent",="4/8/2025",="NUR100-L-A3",
="800001580",="Present",="4/12/2025",="NUR100-L-A3",
="800001580",="Present",="4/14/2025",="NUR100-L-A3",
="800001580",="Present",="4/22/2025",="NUR100-L-A3",
="800000927",="Present",="1/7/2025",="MCB100 -A",
="800000927",="Present",="1/14/2025",="MCB100 -A",
="800000927",="Present",="1/21/2025",="MCB100 -A",
="800000927",="Present",="1/28/2025",="MCB100 -A",
="800000927",="Present",="2/4/2025",="MCB100 -A",
="800000927",="Present",="2/11/2025",="MCB100 -A",
="800000927",="Present",="2/18/2025",="MCB100 -A",
="800000927",="Present",="2/25/2025",="MCB100 -A",
="800000927",="Present",="3/4/2025",="MCB100 -A",
="800000927",="Present",="3/18/2025",="MCB100 -A",
="800000927",="Present",="3/25/2025",="MCB100 -A",
="800000927",="Present",="4/1/2025",="MCB100 -A",
="800000927",="Present",="4/8/2025",="MCB100 -A",
="800000927",="Present",="4/15/2025",="MCB100 -A",
="800000625",="Present",="3/9/2025",="NUR301 - OL",
="800000625",="Present",="3/16/2025",="NUR301 - OL",
="800000625",="Present",="3/23/2025",="NUR301 - OL",
="800000625",="Present",="3/30/2025",="NUR301 - OL",
="800000625",="Present",="4/13/2025",="NUR301 - OL",
="800000625",="Present",="3/2/2025",="NUR302 - OL",
="800000625",="Present",="3/9/2025",="NUR302 - OL",
="800000625",="Present",="3/16/2025",="NUR302 - OL",
="800000625",="Present",="3/23/2025",="NUR302 - OL",
="800000625",="Present",="4/6/2025",="NUR302 - OL",
="800000625",="Present",="4/13/2025",="NUR302 - OL",
="800000625",="Present",="4/20/2025",="NUR302 - OL",
="800000625",="Present",="1/12/2025",="NUR304 - OL",
="800000625",="Present",="1/19/2025",="NUR304 - OL",
="800000625",="Present",="1/26/2025",="NUR304 - OL",
="800000625",="Present",="2/2/2025",="NUR304 - OL",
="800000625",="Present",="2/9/2025",="NUR304 - OL",
="800000625",="Present",="2/16/2025",="NUR304 - OL",
="800000625",="Present",="2/23/2025",="NUR304 - OL",
="800000428",="Present",="3/2/2025",="NUR302 - OL",
="800000428",="Present",="3/9/2025",="NUR302 - OL",
="800000428",="Present",="3/16/2025",="NUR302 - OL",
="800000428",="Present",="3/23/2025",="NUR302 - OL",
="800000428",="Present",="4/6/2025",="NUR302 - OL",
="800000428",="Present",="4/13/2025",="NUR302 - OL",
="800000428",="Present",="4/20/2025",="NUR302 - OL",
="800000428",="Present",="1/12/2025",="NUR304 - OL",
="800000428",="Present",="1/19/2025",="NUR304 - OL",
="800000428",="Present",="1/26/2025",="NUR304 - OL",
="800000428",="Present",="2/2/2025",="NUR304 - OL",
="800000428",="Present",="2/9/2025",="NUR304 - OL",
="800000428",="Present",="2/16/2025",="NUR304 - OL",
="800000428",="Present",="2/23/2025",="NUR304 - OL",
="800000428",="Present",="3/9/2025",="NUR301 - OL",
="800000428",="Present",="3/16/2025",="NUR301 - OL",
="800000428",="Present",="3/23/2025",="NUR301 - OL",
="800000428",="Present",="3/30/2025",="NUR301 - OL",
="800000428",="Present",="4/13/2025",="NUR301 - OL",
="800001351",="Present",="2/27/2025",="NUR150 -L-A1",
="800001351",="Present",="3/5/2025",="NUR150 -L-A1",
="800001351",="Present",="3/6/2025",="NUR150 -L-A1",
="800001351",="Present",="1/15/2025",="NUR150 -A",
="800001351",="Present",="1/22/2025",="NUR150 -A",
="800001351",="Present",="1/29/2025",="NUR150 -A",
="800001351",="Present",="2/5/2025",="NUR150 -A",
="800001351",="Present",="2/12/2025",="NUR150 -A",
="800001351",="Present",="2/19/2025",="NUR150 -A",
="800001351",="Present",="3/12/2025",="NUR150 -A",
="800001351",="Present",="3/19/2025",="NUR150 -A",
="800001351",="Present",="3/26/2025",="NUR150 -A",
="800001351",="Present",="4/2/2025",="NUR150 -A",
="800001034",="Present",="2/27/2025",="NUR145-L-A2",
="800001034",="Present",="3/6/2025",="NUR145-L-A2",
="800001034",="Present",="1/16/2025",="NUR145 - A",
="800001034",="Present",="1/23/2025",="NUR145 - A",
="800001034",="Present",="1/30/2025",="NUR145 - A",
="800001034",="Present",="2/6/2025",="NUR145 - A",
="800001034",="Present",="2/13/2025",="NUR145 - A",
="800001034",="Present",="2/20/2025",="NUR145 - A",
="800001034",="Present",="3/13/2025",="NUR145 - A",
="800001034",="Present",="3/20/2025",="NUR145 - A",
="800001034",="Present",="3/27/2025",="NUR145 - A",
="800001034",="Present",="4/3/2025",="NUR145 - A",
="800001034",="Present",="4/10/2025",="NUR145 - A",
="800001034",="Present",="2/24/2025",="NUR145-S-A3",
="800001034",="Present",="3/5/2025",="NUR145-S-A3",
="800001613",="Present",="1/12/2025",="PSY101 -OL",
="800001613",="Present",="1/19/2025",="PSY101 -OL",
="800001613",="Present",="1/26/2025",="PSY101 -OL",
="800001613",="Present",="2/2/2025",="PSY101 -OL",
="800001613",="Present",="2/9/2025",="PSY101 -OL",
="800001613",="Present",="2/16/2025",="PSY101 -OL",
="800001613",="Present",="2/23/2025",="PSY101 -OL",
="800001613",="Present",="3/2/2025",="PSY101 -OL",
="800001613",="Present",="3/9/2025",="PSY101 -OL",
="800001613",="Present",="3/16/2025",="PSY101 -OL",
="800001613",="Present",="3/23/2025",="PSY101 -OL",
="800001613",="Present",="3/30/2025",="PSY101 -OL",
="800001613",="Present",="4/6/2025",="PSY101 -OL",
="800001613",="Present",="4/13/2025",="PSY101 -OL",
="800001613",="Present",="1/12/2025",="SOC101 -OL",
="800001613",="Present",="1/19/2025",="SOC101 -OL",
="800001613",="Present",="1/26/2025",="SOC101 -OL",
="800001613",="Present",="2/2/2025",="SOC101 -OL",
="800001613",="Present",="2/9/2025",="SOC101 -OL",
="800001613",="Present",="2/16/2025",="SOC101 -OL",
="800001613",="Present",="2/23/2025",="SOC101 -OL",
="800001613",="Present",="3/2/2025",="SOC101 -OL",
="800001613",="Present",="3/9/2025",="SOC101 -OL",
="800001613",="Present",="3/16/2025",="SOC101 -OL",
="800001613",="Present",="3/23/2025",="SOC101 -OL",
="800001613",="Present",="3/30/2025",="SOC101 -OL",
="800001613",="Present",="4/6/2025",="SOC101 -OL",
="800001613",="Present",="4/13/2025",="SOC101 -OL",
="800001613",="Present",="4/20/2025",="SOC101 -OL",
="800001613",="Present",="1/10/2025",="ENG101 -P",
="800001613",="Present",="1/17/2025",="ENG101 -P",
="800001613",="Absent",="1/24/2025",="ENG101 -P",
="800001613",="Present",="1/31/2025",="ENG101 -P",
="800001613",="Present",="2/7/2025",="ENG101 -P",
="800001613",="Present",="2/14/2025",="ENG101 -P",
="800001613",="Present",="2/21/2025",="ENG101 -P",
="800001613",="Present",="2/28/2025",="ENG101 -P",
="800001613",="Present",="3/7/2025",="ENG101 -P",
="800001613",="Present",="3/14/2025",="ENG101 -P",
="800001613",="Absent",="3/21/2025",="ENG101 -P",
="800001613",="Present",="3/28/2025",="ENG101 -P",
="800001613",="Absent",="4/4/2025",="ENG101 -P",
="800001613",="Present",="4/11/2025",="ENG101 -P",
="800001613",="Present",="1/12/2025",="HUM200 -OL",
="800001613",="Present",="1/19/2025",="HUM200 -OL",
="800001613",="Present",="1/26/2025",="HUM200 -OL",
="800001613",="Present",="2/2/2025",="HUM200 -OL",
="800001613",="Present",="2/9/2025",="HUM200 -OL",
="800001613",="Present",="2/16/2025",="HUM200 -OL",
="800001613",="Present",="2/23/2025",="HUM200 -OL",
="800001613",="Present",="3/2/2025",="HUM200 -OL",
="800001613",="Present",="3/9/2025",="HUM200 -OL",
="800001613",="Present",="3/16/2025",="HUM200 -OL",
="800001613",="Present",="3/23/2025",="HUM200 -OL",
="800001613",="Present",="3/30/2025",="HUM200 -OL",
="800001613",="Present",="4/6/2025",="HUM200 -OL",
="800001613",="Present",="4/13/2025",="HUM200 -OL",
="800001510",="Present",="1/8/2025",="SCI101-P",
="800001510",="Present",="1/15/2025",="SCI101-P",
="800001510",="Present",="1/29/2025",="SCI101-P",
="800001510",="Present",="2/5/2025",="SCI101-P",
="800001510",="Present",="2/12/2025",="SCI101-P",
="800001510",="Present",="2/19/2025",="SCI101-P",
="800001510",="Present",="2/26/2025",="SCI101-P",
="800001510",="Present",="3/5/2025",="SCI101-P",
="800001510",="Present",="3/12/2025",="SCI101-P",
="800001510",="Present",="3/19/2025",="SCI101-P",
="800001510",="Absent",="3/26/2025",="SCI101-P",
="800001510",="Present",="4/2/2025",="SCI101-P",
="800001510",="Absent",="4/9/2025",="SCI101-P",
="800001510",="Absent",="4/16/2025",="SCI101-P",
="800001510",="Present",="1/6/2025",="NUR101-P",
="800001510",="Present",="1/7/2025",="NUR101-P",
="800001510",="Present",="1/13/2025",="NUR101-P",
="800001510",="Present",="1/21/2025",="NUR101-P",
="800001510",="Present",="1/28/2025",="NUR101-P",
="800001510",="Present",="2/10/2025",="NUR101-P",
="800001510",="Present",="2/17/2025",="NUR101-P",
="800001510",="Present",="2/18/2025",="NUR101-P",
="800001510",="Present",="3/10/2025",="NUR101-P",
="800001510",="Present",="3/17/2025",="NUR101-P",
="800001510",="Present",="3/24/2025",="NUR101-P",
="800001510",="Present",="3/25/2025",="NUR101-P",
="800001510",="Present",="3/31/2025",="NUR101-P",
="800001510",="Absent",="4/7/2025",="NUR101-P",
="800001510",="Present",="1/12/2025",="SOC101 -OL",
="800001510",="Present",="1/19/2025",="SOC101 -OL",
="800001510",="Present",="1/26/2025",="SOC101 -OL",
="800001510",="Present",="2/2/2025",="SOC101 -OL",
="800001510",="Present",="2/9/2025",="SOC101 -OL",
="800001510",="Present",="2/16/2025",="SOC101 -OL",
="800001510",="Present",="2/23/2025",="SOC101 -OL",
="800001510",="Present",="3/2/2025",="SOC101 -OL",
="800001510",="Present",="3/9/2025",="SOC101 -OL",
="800001510",="Absent",="3/16/2025",="SOC101 -OL",
="800001510",="Absent",="3/23/2025",="SOC101 -OL",
="800001510",="Absent",="3/30/2025",="SOC101 -OL",
="800001510",="Absent",="4/6/2025",="SOC101 -OL",
="800001510",="Absent",="4/13/2025",="SOC101 -OL",
="800001510",="Absent",="4/20/2025",="SOC101 -OL",
="800001510",="Present",="1/13/2025",="NUR100-L-P1",
="800001510",="Present",="1/14/2025",="NUR100-L-P1",
="800001510",="Present",="1/21/2025",="NUR100-L-P1",
="800001510",="Present",="1/28/2025",="NUR100-L-P1",
="800001510",="Present",="2/4/2025",="NUR100-L-P1",
="800001510",="Present",="2/11/2025",="NUR100-L-P1",
="800001510",="Present",="2/18/2025",="NUR100-L-P1",
="800001510",="Present",="2/24/2025",="NUR100-L-P1",
="800001510",="Present",="2/25/2025",="NUR100-L-P1",
="800001510",="No class",="3/4/2025",="NUR100-L-P1",
="800001510",="Present",="3/25/2025",="NUR100-L-P1",
="800001510",="Present",="4/1/2025",="NUR100-L-P1",
="800001510",="Absent",="4/8/2025",="NUR100-L-P1",
="800000883",="Absent",="1/31/2025",="NUR120-L-P1",
="800000883",="Absent",="2/7/2025",="NUR120-L-P1",
="800000883",="No class",="2/19/2025",="NUR120-L-P1",
="800000883",="Absent",="2/21/2025",="NUR120-L-P1",
="800000883",="No class",="2/24/2025",="NUR120-L-P1",
="800000883",="No class",="2/25/2025",="NUR120-L-P1",
="800000883",="No class",="2/27/2025",="NUR120-L-P1",
="800000883",="No class",="2/28/2025",="NUR120-L-P1",
="800000883",="No class",="3/5/2025",="NUR120-L-P1",
="800000883",="No class",="3/6/2025",="NUR120-L-P1",
="800000883",="Present",="3/14/2025",="NUR120-L-P1",
="800000883",="Present",="1/16/2025",="NUR125-L-P1",
="800000883",="Present",="1/23/2025",="NUR125-L-P1",
="800000883",="Present",="1/30/2025",="NUR125-L-P1",
="800000883",="Present",="2/6/2025",="NUR125-L-P1",
="800000883",="Absent",="2/13/2025",="NUR125-L-P1",
="800000883",="Absent",="2/20/2025",="NUR125-L-P1",
="800000883",="No class",="2/24/2025",="NUR125-L-P1",
="800000883",="Absent",="2/27/2025",="NUR125-L-P1",
="800000883",="No class",="2/28/2025",="NUR125-L-P1",
="800000883",="Absent",="3/13/2025",="NUR125-L-P1",
="800000883",="Absent",="3/27/2025",="NUR125-L-P1",
="800000883",="Absent",="2/24/2025",="NUR135-L-P1",
="800000883",="Absent",="3/3/2025",="NUR135-L-P1",
="800000883",="Present",="1/7/2025",="NUR120 -P",
="800000883",="Present",="1/14/2025",="NUR120 -P",
="800000883",="Present",="1/21/2025",="NUR120 -P",
="800000883",="Present",="1/28/2025",="NUR120 -P",
="800000883",="Present",="2/4/2025",="NUR120 -P",
="800000883",="Present",="2/11/2025",="NUR120 -P",
="800000883",="Absent",="2/18/2025",="NUR120 -P",
="800000883",="Present",="3/11/2025",="NUR120 -P",
="800000883",="Present",="3/18/2025",="NUR120 -P",
="800000883",="Present",="3/25/2025",="NUR120 -P",
="800000883",="Present",="4/1/2025",="NUR120 -P",
="800000883",="Absent",="4/8/2025",="NUR120 -P",
="800000883",="Present",="1/6/2025",="NUR135-P",
="800000883",="Present",="1/13/2025",="NUR135-P",
="800000883",="Absent",="1/27/2025",="NUR135-P",
="800000883",="Present",="2/3/2025",="NUR135-P",
="800000883",="Present",="2/10/2025",="NUR135-P",
="800000883",="Present",="2/17/2025",="NUR135-P",
="800000883",="Present",="3/10/2025",="NUR135-P",
="800000883",="Present",="3/17/2025",="NUR135-P",
="800000883",="Absent",="3/24/2025",="NUR135-P",
="800000883",="Absent",="3/31/2025",="NUR135-P",
="800000883",="Absent",="4/7/2025",="NUR135-P",
="800000883",="Absent",="4/14/2025",="NUR120-C-P1",
="800000883",="Absent",="2/25/2025",="NUR135-S-P1",
="800000883",="Absent",="3/4/2025",="NUR135-S-P1",
="800000883",="Present",="1/8/2025",="PHARM130-P",
="800000883",="Present",="1/15/2025",="PHARM130-P",
="800000883",="Present",="1/22/2025",="PHARM130-P",
="800000883",="Present",="1/29/2025",="PHARM130-P",
="800000883",="Absent",="2/5/2025",="PHARM130-P",
="800000883",="Present",="2/12/2025",="PHARM130-P",
="800000883",="Absent",="2/19/2025",="PHARM130-P",
="800000883",="No class",="2/26/2025",="PHARM130-P",
="800000883",="No class",="3/5/2025",="PHARM130-P",
="800000883",="Absent",="3/12/2025",="PHARM130-P",
="800000883",="Absent",="3/19/2025",="PHARM130-P",
="800000883",="Absent",="4/2/2025",="PHARM130-P",
="800000883",="Absent",="4/9/2025",="PHARM130-P",
="800000883",="Absent",="4/16/2025",="PHARM130-P",
="800000883",="Present",="1/12/2025",="NUT100 -OL II",
="800000883",="Present",="1/19/2025",="NUT100 -OL II",
="800000883",="Present",="1/26/2025",="NUT100 -OL II",
="800000883",="Present",="2/2/2025",="NUT100 -OL II",
="800000883",="Present",="2/9/2025",="NUT100 -OL II",
="800000883",="Present",="2/16/2025",="NUT100 -OL II",
="800000883",="Present",="2/23/2025",="NUT100 -OL II",
="800000883",="Present",="3/2/2025",="NUT100 -OL II",
="800000883",="Present",="3/9/2025",="NUT100 -OL II",
="800000883",="Absent",="3/16/2025",="NUT100 -OL II",
="800000883",="Absent",="3/23/2025",="NUT100 -OL II",
="800000883",="Absent",="3/30/2025",="NUT100 -OL II",
="800000883",="Present",="4/6/2025",="NUT100 -OL II",
="800000883",="Absent",="4/13/2025",="NUT100 -OL II",
="800001324",="Present",="2/27/2025",="NUR145-L-A2",
="800001324",="Present",="3/6/2025",="NUR145-L-A2",
="800001510",="Present",="1/10/2025",="ENG101 -P",
="800001510",="Present",="1/17/2025",="ENG101 -P",
="800001510",="Absent",="1/24/2025",="ENG101 -P",
="800001510",="Present",="1/31/2025",="ENG101 -P",
="800001510",="Present",="2/7/2025",="ENG101 -P",
="800001510",="Present",="2/14/2025",="ENG101 -P",
="800001510",="Present",="2/21/2025",="ENG101 -P",
="800001510",="Present",="2/28/2025",="ENG101 -P",
="800001510",="Present",="3/7/2025",="ENG101 -P",
="800001510",="Present",="3/14/2025",="ENG101 -P",
="800001510",="Present",="3/21/2025",="ENG101 -P",
="800001510",="Present",="3/28/2025",="ENG101 -P",
="800001510",="Present",="4/4/2025",="ENG101 -P",
="800001510",="Absent",="4/11/2025",="ENG101 -P",
="800001415",="Present",="4/25/2025",="NUR120-C-P2",
="800001415",="Present",="4/28/2025",="NUR120-C-P2",
="800001415",="Present",="5/2/2025",="NUR120-C-P2",
="800001415",="Present",="1/31/2025",="NUR120-L-P1",
="800001415",="Present",="2/7/2025",="NUR120-L-P1",
="800001415",="No class",="2/19/2025",="NUR120-L-P1",
="800001415",="Present",="2/21/2025",="NUR120-L-P1",
="800001415",="No class",="2/24/2025",="NUR120-L-P1",
="800001415",="No class",="2/25/2025",="NUR120-L-P1",
="800001415",="No class",="2/27/2025",="NUR120-L-P1",
="800001415",="No class",="2/28/2025",="NUR120-L-P1",
="800001415",="No class",="3/5/2025",="NUR120-L-P1",
="800001415",="No class",="3/6/2025",="NUR120-L-P1",
="800001415",="Present",="3/14/2025",="NUR120-L-P1",
="800001691",="Present",="1/9/2025",="AP100-P",
="800001691",="Present",="1/16/2025",="AP100-P",
="800001691",="Present",="1/23/2025",="AP100-P",
="800001691",="Present",="1/30/2025",="AP100-P",
="800001691",="Present",="2/6/2025",="AP100-P",
="800001691",="Present",="2/13/2025",="AP100-P",
="800001691",="Absent",="2/20/2025",="AP100-P",
="800001691",="Present",="2/27/2025",="AP100-P",
="800001691",="Present",="3/6/2025",="AP100-P",
="800001691",="Present",="3/13/2025",="AP100-P",
="800001691",="Present",="3/20/2025",="AP100-P",
="800001691",="Present",="3/27/2025",="AP100-P",
="800001691",="Present",="4/3/2025",="AP100-P",
="800001691",="Present",="4/10/2025",="AP100-P",
="800001691",="Present",="4/17/2025",="AP100-P",
="800001691",="Absent",="1/6/2025",="NUR100-P",
="800001691",="Present",="1/7/2025",="NUR100-P",
="800001691",="Present",="1/13/2025",="NUR100-P",
="800001691",="Present",="1/14/2025",="NUR100-P",
="800001691",="Present",="1/27/2025",="NUR100-P",
="800001691",="Absent",="2/3/2025",="NUR100-P",
="800001691",="Present",="2/10/2025",="NUR100-P",
="800001691",="Present",="2/17/2025",="NUR100-P",
="800001691",="Present",="3/10/2025",="NUR100-P",
="800001691",="Present",="3/17/2025",="NUR100-P",
="800001691",="Present",="3/24/2025",="NUR100-P",
="800001691",="Present",="3/31/2025",="NUR100-P",
="800001691",="Present",="4/7/2025",="NUR100-P",
="800001691",="Present",="1/12/2025",="COL010 - OL I",
="800001691",="Present",="1/19/2025",="COL010 - OL I",
="800001691",="Present",="1/26/2025",="COL010 - OL I",
="800001691",="Present",="2/2/2025",="COL010 - OL I",
="800001691",="Absent",="2/5/2025",="PHARM100-P",
="800001691",="Present",="2/12/2025",="PHARM100-P",
="800001691",="Present",="2/19/2025",="PHARM100-P",
="800001691",="Present",="2/26/2025",="PHARM100-P",
="800001691",="Present",="3/5/2025",="PHARM100-P",
="800001691",="Present",="3/12/2025",="PHARM100-P",
="800001691",="Present",="3/19/2025",="PHARM100-P",
="800001691",="Present",="3/26/2025",="PHARM100-P",
="800001691",="Present",="4/2/2025",="PHARM100-P",
="800001691",="Present",="4/9/2025",="PHARM100-P",
="800001691",="Present",="1/10/2025",="ENG101 -P",
="800001691",="Present",="1/17/2025",="ENG101 -P",
="800001691",="Present",="1/24/2025",="ENG101 -P",
="800001691",="Present",="1/31/2025",="ENG101 -P",
="800001691",="Present",="2/7/2025",="ENG101 -P",
="800001691",="Present",="2/14/2025",="ENG101 -P",
="800001691",="Present",="2/21/2025",="ENG101 -P",
="800001691",="Present",="2/28/2025",="ENG101 -P",
="800001691",="Present",="3/7/2025",="ENG101 -P",
="800001691",="Present",="3/14/2025",="ENG101 -P",
="800001691",="Present",="3/21/2025",="ENG101 -P",
="800001691",="Present",="3/28/2025",="ENG101 -P",
="800001691",="Present",="4/4/2025",="ENG101 -P",
="800001691",="Present",="4/11/2025",="ENG101 -P",
="800001691",="Present",="1/14/2025",="NUR100-L-P2",
="800001691",="Present",="1/21/2025",="NUR100-L-P2",
="800001691",="Present",="1/28/2025",="NUR100-L-P2",
="800001691",="Present",="2/4/2025",="NUR100-L-P2",
="800001691",="Present",="2/11/2025",="NUR100-L-P2",
="800001691",="Present",="2/18/2025",="NUR100-L-P2",
="800001691",="Present",="2/25/2025",="NUR100-L-P2",
="800001691",="Present",="2/26/2025",="NUR100-L-P2",
="800001691",="No class",="2/28/2025",="NUR100-L-P2",
="800001691",="Present",="3/4/2025",="NUR100-L-P2",
="800001691",="No class",="3/5/2025",="NUR100-L-P2",
="800001691",="No class",="3/6/2025",="NUR100-L-P2",
="800001691",="Present",="3/25/2025",="NUR100-L-P2",
="800001691",="Present",="4/1/2025",="NUR100-L-P2",
="800001691",="Present",="4/8/2025",="NUR100-L-P2",
="800001691",="Present",="4/17/2025",="NUR100-L-P2",
="800001378",="Present",="1/16/2025",="NUR145 - A",
="800001378",="Present",="1/23/2025",="NUR145 - A",
="800001378",="Present",="1/30/2025",="NUR145 - A",
="800001378",="Present",="2/6/2025",="NUR145 - A",
="800001378",="Present",="2/13/2025",="NUR145 - A",
="800001378",="Present",="2/20/2025",="NUR145 - A",
="800001378",="Present",="3/13/2025",="NUR145 - A",
="800001378",="Present",="3/20/2025",="NUR145 - A",
="800001378",="Absent",="3/27/2025",="NUR145 - A",
="800001378",="Present",="4/3/2025",="NUR145 - A",
="800001378",="Present",="4/10/2025",="NUR145 - A",
="800001378",="Present",="2/27/2025",="NUR145-L-A2",
="800001378",="Present",="3/6/2025",="NUR145-L-A2",
="800001378",="Present",="1/15/2025",="NUR150 -A",
="800001378",="Present",="1/22/2025",="NUR150 -A",
="800001378",="Tardy/Late",="1/29/2025",="NUR150 -A",
="800001378",="Absent",="2/5/2025",="NUR150 -A",
="800001378",="Present",="2/12/2025",="NUR150 -A",
="800001378",="Present",="2/19/2025",="NUR150 -A",
="800001378",="Present",="3/12/2025",="NUR150 -A",
="800001378",="Present",="3/19/2025",="NUR150 -A",
="800001378",="Present",="3/26/2025",="NUR150 -A",
="800001378",="Present",="4/2/2025",="NUR150 -A",
="800001378",="Present",="4/9/2025",="NUR150 -A",
="800001378",="Present",="2/27/2025",="NUR150 -L-A1",
="800001378",="Present",="3/5/2025",="NUR150 -L-A1",
="800001378",="Present",="3/6/2025",="NUR150 -L-A1",
="800001378",="Present",="2/24/2025",="NUR135-L-P1",
="800001378",="Present",="3/3/2025",="NUR135-L-P1",
="800001378",="Present",="1/6/2025",="NUR135-P",
="800001378",="Present",="1/13/2025",="NUR135-P",
="800001378",="Present",="1/27/2025",="NUR135-P",
="800001378",="Present",="2/3/2025",="NUR135-P",
="800001378",="Present",="2/10/2025",="NUR135-P",
="800001378",="Present",="2/17/2025",="NUR135-P",
="800001378",="Present",="3/10/2025",="NUR135-P",
="800001378",="Absent",="3/17/2025",="NUR135-P",
="800001378",="Present",="3/24/2025",="NUR135-P",
="800001378",="Present",="3/31/2025",="NUR135-P",
="800001378",="Present",="4/7/2025",="NUR135-P",
="800001378",="Present",="2/25/2025",="NUR135-S-P1",
="800001378",="Present",="3/4/2025",="NUR135-S-P1",
="800000708",="Present",="2/25/2025",="NUR135-S-P1",
="800000708",="Present",="3/4/2025",="NUR135-S-P1",
="800000708",="Present",="1/12/2025",="NUT100 -OL II",
="800000708",="Present",="1/19/2025",="NUT100 -OL II",
="800000708",="Present",="1/26/2025",="NUT100 -OL II",
="800000708",="Present",="2/2/2025",="NUT100 -OL II",
="800000708",="Present",="2/9/2025",="NUT100 -OL II",
="800000708",="Present",="2/16/2025",="NUT100 -OL II",
="800000708",="Present",="2/23/2025",="NUT100 -OL II",
="800000708",="Present",="3/2/2025",="NUT100 -OL II",
="800000708",="Present",="3/9/2025",="NUT100 -OL II",
="800000708",="Present",="3/16/2025",="NUT100 -OL II",
="800000708",="Present",="3/23/2025",="NUT100 -OL II",
="800000708",="Present",="3/30/2025",="NUT100 -OL II",
="800000708",="Present",="4/6/2025",="NUT100 -OL II",
="800000708",="Present",="4/13/2025",="NUT100 -OL II",
="800000708",="Present",="1/9/2025",="NUR125-P",
="800000708",="Present",="1/16/2025",="NUR125-P",
="800000708",="Present",="1/23/2025",="NUR125-P",
="800000708",="Present",="1/30/2025",="NUR125-P",
="800000708",="Present",="2/6/2025",="NUR125-P",
="800000708",="Present",="2/13/2025",="NUR125-P",
="800000708",="Present",="2/20/2025",="NUR125-P",
="800000708",="Present",="3/13/2025",="NUR125-P",
="800000708",="Present",="3/27/2025",="NUR125-P",
="800000708",="Present",="4/3/2025",="NUR125-P",
="800000708",="Present",="1/31/2025",="NUR120-L-P1",
="800000708",="Present",="2/7/2025",="NUR120-L-P1",
="800000708",="No class",="2/19/2025",="NUR120-L-P1",
="800000708",="Present",="2/21/2025",="NUR120-L-P1",
="800000708",="Present",="2/24/2025",="NUR120-L-P1",
="800000708",="Present",="2/25/2025",="NUR120-L-P1",
="800000708",="No class",="2/27/2025",="NUR120-L-P1",
="800000708",="No class",="2/28/2025",="NUR120-L-P1",
="800000708",="No class",="3/5/2025",="NUR120-L-P1",
="800000708",="No class",="3/6/2025",="NUR120-L-P1",
="800000708",="Present",="3/14/2025",="NUR120-L-P1",
="800000708",="Present",="1/6/2025",="NUR135-P",
="800000708",="Present",="1/13/2025",="NUR135-P",
="800000708",="Present",="1/27/2025",="NUR135-P",
="800000708",="Present",="2/3/2025",="NUR135-P",
="800000708",="Present",="2/10/2025",="NUR135-P",
="800000708",="Present",="2/17/2025",="NUR135-P",
="800000708",="Present",="3/10/2025",="NUR135-P",
="800000708",="Present",="3/17/2025",="NUR135-P",
="800000708",="Present",="3/24/2025",="NUR135-P",
="800000708",="Present",="3/31/2025",="NUR135-P",
="800000708",="Present",="4/7/2025",="NUR135-P",
="800000708",="Present",="2/24/2025",="NUR135-L-P1",
="800000708",="Present",="3/3/2025",="NUR135-L-P1",
="800000708",="Present",="1/7/2025",="NUR120 -P",
="800000708",="Present",="1/14/2025",="NUR120 -P",
="800000708",="Present",="1/21/2025",="NUR120 -P",
="800000708",="Present",="1/28/2025",="NUR120 -P",
="800000708",="Present",="2/4/2025",="NUR120 -P",
="800000708",="Absent",="2/11/2025",="NUR120 -P",
="800000708",="Present",="2/18/2025",="NUR120 -P",
="800000708",="Present",="3/11/2025",="NUR120 -P",
="800000708",="Present",="3/18/2025",="NUR120 -P",
="800000708",="Present",="3/25/2025",="NUR120 -P",
="800000708",="Present",="4/1/2025",="NUR120 -P",
="800000708",="Present",="4/8/2025",="NUR120 -P",
="800000708",="Present",="1/16/2025",="NUR125-L-P1",
="800000708",="Present",="1/23/2025",="NUR125-L-P1",
="800000708",="Present",="1/30/2025",="NUR125-L-P1",
="800000708",="Present",="2/6/2025",="NUR125-L-P1",
="800000708",="Present",="2/13/2025",="NUR125-L-P1",
="800000708",="Present",="2/20/2025",="NUR125-L-P1",
="800000708",="No class",="2/24/2025",="NUR125-L-P1",
="800000708",="Present",="2/27/2025",="NUR125-L-P1",
="800000708",="No class",="2/28/2025",="NUR125-L-P1",
="800000708",="Present",="3/13/2025",="NUR125-L-P1",
="800000708",="Present",="3/27/2025",="NUR125-L-P1",
="800001656",="Present",="1/10/2025",="ENG101 -P",
="800001656",="Present",="1/17/2025",="ENG101 -P",
="800001656",="Present",="1/24/2025",="ENG101 -P",
="800001656",="Present",="1/31/2025",="ENG101 -P",
="800001656",="Present",="2/7/2025",="ENG101 -P",
="800001656",="Present",="2/14/2025",="ENG101 -P",
="800001656",="Present",="2/21/2025",="ENG101 -P",
="800001656",="Present",="2/28/2025",="ENG101 -P",
="800001656",="Present",="3/7/2025",="ENG101 -P",
="800001656",="Present",="3/14/2025",="ENG101 -P",
="800001656",="Present",="3/21/2025",="ENG101 -P",
="800001656",="Present",="3/28/2025",="ENG101 -P",
="800001656",="Present",="4/4/2025",="ENG101 -P",
="800001656",="Present",="4/11/2025",="ENG101 -P",
="800001656",="Absent",="1/9/2025",="AP100-P",
="800001656",="Present",="1/16/2025",="AP100-P",
="800001656",="Present",="1/23/2025",="AP100-P",
="800001656",="Present",="1/30/2025",="AP100-P",
="800001656",="Present",="2/6/2025",="AP100-P",
="800001656",="Present",="2/13/2025",="AP100-P",
="800001656",="Present",="2/20/2025",="AP100-P",
="800001656",="Present",="2/27/2025",="AP100-P",
="800001656",="Present",="3/6/2025",="AP100-P",
="800001656",="Present",="3/13/2025",="AP100-P",
="800001656",="Present",="3/20/2025",="AP100-P",
="800001656",="Present",="3/27/2025",="AP100-P",
="800001656",="Present",="4/3/2025",="AP100-P",
="800001656",="Present",="4/10/2025",="AP100-P",
="800001656",="Present",="4/17/2025",="AP100-P",
="800001147",="Present",="1/9/2025",="NUR205 -P",
="800001147",="Present",="1/16/2025",="NUR205 -P",
="800001147",="Present",="1/23/2025",="NUR205 -P",
="800001147",="Present",="1/30/2025",="NUR205 -P",
="800001147",="Present",="2/6/2025",="NUR205 -P",
="800001147",="Present",="2/13/2025",="NUR205 -P",
="800001147",="Present",="2/20/2025",="NUR205 -P",
="800001147",="Present",="3/13/2025",="NUR205 -P",
="800001147",="Present",="3/20/2025",="NUR205 -P",
="800001147",="Present",="3/27/2025",="NUR205 -P",
="800001147",="Present",="1/16/2025",="NUR205-L-P1",
="800001147",="Present",="1/30/2025",="NUR205-L-P1",
="800001147",="Present",="2/6/2025",="NUR205-L-P1",
="800001147",="Present",="2/13/2025",="NUR205-L-P1",
="800001147",="Present",="2/20/2025",="NUR205-L-P1",
="800001147",="Present",="3/13/2025",="NUR205-L-P1",
="800001147",="Present",="3/27/2025",="NUR205-L-P1",
="800001147",="Present",="4/3/2025",="NUR205-L-P1",
="800001147",="Present",="2/11/2025",="NUR216-L-P1",
="800001147",="Present",="3/11/2025",="NUR216-L-P1",
="800001147",="Present",="3/25/2025",="NUR216-L-P1",
="800001147",="Present",="1/7/2025",="NUR216 -P",
="800001147",="Present",="1/14/2025",="NUR216 -P",
="800001147",="Present",="1/21/2025",="NUR216 -P",
="800001147",="Present",="1/28/2025",="NUR216 -P",
="800001147",="Present",="2/4/2025",="NUR216 -P",
="800001147",="Present",="2/11/2025",="NUR216 -P",
="800001147",="Present",="2/18/2025",="NUR216 -P",
="800001147",="Present",="3/11/2025",="NUR216 -P",
="800001147",="Present",="3/25/2025",="NUR216 -P",
="800001147",="Present",="4/1/2025",="NUR216 -P",
="800001147",="Present",="4/8/2025",="NUR216 -P",
="800001147",="Absent",="1/6/2025",="PHARM225-P_ A",
="800001147",="Present",="1/13/2025",="PHARM225-P_ A",
="800001147",="Present",="1/27/2025",="PHARM225-P_ A",
="800001147",="Present",="2/3/2025",="PHARM225-P_ A",
="800001147",="Present",="2/10/2025",="PHARM225-P_ A",
="800001147",="Tardy/Late",="2/17/2025",="PHARM225-P_ A",
="800001147",="Present",="3/3/2025",="PHARM225-P_ A",
="800001147",="Present",="3/10/2025",="PHARM225-P_ A",
="800001147",="Present",="3/17/2025",="PHARM225-P_ A",
="800001147",="Present",="3/24/2025",="PHARM225-P_ A",
="800001147",="Present",="3/31/2025",="PHARM225-P_ A",
="800001147",="Present",="4/7/2025",="PHARM225-P_ A",
="800001689",="Present",="1/12/2025",="PSY101 -OL",
="800001689",="Present",="1/19/2025",="PSY101 -OL",
="800001689",="Absent",="1/26/2025",="PSY101 -OL",
="800001689",="Present",="2/2/2025",="PSY101 -OL",
="800001689",="Present",="2/9/2025",="PSY101 -OL",
="800001689",="Present",="2/16/2025",="PSY101 -OL",
="800001689",="Absent",="2/23/2025",="PSY101 -OL",
="800001689",="Present",="3/2/2025",="PSY101 -OL",
="800001689",="Absent",="3/9/2025",="PSY101 -OL",
="800001689",="Absent",="3/16/2025",="PSY101 -OL",
="800001689",="Present",="3/23/2025",="PSY101 -OL",
="800001689",="Absent",="3/30/2025",="PSY101 -OL",
="800001689",="Present",="4/6/2025",="PSY101 -OL",
="800001689",="Present",="4/13/2025",="PSY101 -OL",
="800001689",="Present",="1/12/2025",="COL010 - OL II",
="800001689",="Present",="1/19/2025",="COL010 - OL II",
="800001689",="Absent",="1/26/2025",="COL010 - OL II",
="800001689",="Present",="2/2/2025",="COL010 - OL II",
="800001689",="Present",="1/9/2025",="AP100-P",
="800001689",="Present",="1/16/2025",="AP100-P",
="800001689",="Present",="1/23/2025",="AP100-P",
="800001689",="Present",="1/30/2025",="AP100-P",
="800001689",="Present",="2/6/2025",="AP100-P",
="800001689",="Present",="2/13/2025",="AP100-P",
="800001689",="Present",="2/20/2025",="AP100-P",
="800001689",="Present",="2/27/2025",="AP100-P",
="800001689",="Present",="3/6/2025",="AP100-P",
="800001689",="Present",="3/13/2025",="AP100-P",
="800001689",="Present",="3/20/2025",="AP100-P",
="800001689",="Absent",="3/27/2025",="AP100-P",
="800001689",="Present",="4/3/2025",="AP100-P",
="800001689",="Present",="4/10/2025",="AP100-P",
="800001689",="Absent",="4/17/2025",="AP100-P",
="800001689",="Present",="1/10/2025",="ENG101 -P",
="800001689",="Present",="1/17/2025",="ENG101 -P",
="800001689",="Present",="1/24/2025",="ENG101 -P",
="800001689",="Present",="1/31/2025",="ENG101 -P",
="800001689",="Present",="2/7/2025",="ENG101 -P",
="800001689",="Present",="2/14/2025",="ENG101 -P",
="800001689",="Present",="2/21/2025",="ENG101 -P",
="800001689",="Present",="2/28/2025",="ENG101 -P",
="800001689",="Present",="3/7/2025",="ENG101 -P",
="800001689",="Present",="3/14/2025",="ENG101 -P",
="800001689",="Present",="3/21/2025",="ENG101 -P",
="800001689",="Present",="3/28/2025",="ENG101 -P",
="800001689",="Present",="4/4/2025",="ENG101 -P",
="800001689",="Absent",="4/11/2025",="ENG101 -P",
="800001417",="Present",="1/8/2025",="PHARM130-P",
="800001417",="Present",="1/15/2025",="PHARM130-P",
="800001417",="Present",="1/22/2025",="PHARM130-P",
="800001417",="Present",="1/29/2025",="PHARM130-P",
="800001417",="Present",="2/5/2025",="PHARM130-P",
="800001417",="Present",="2/12/2025",="PHARM130-P",
="800001417",="Present",="2/19/2025",="PHARM130-P",
="800001417",="Present",="2/26/2025",="PHARM130-P",
="800001417",="Present",="3/5/2025",="PHARM130-P",
="800001417",="Present",="3/12/2025",="PHARM130-P",
="800001417",="Present",="3/19/2025",="PHARM130-P",
="800001417",="Present",="4/9/2025",="PHARM130-P",
="800001417",="Present",="4/16/2025",="PHARM130-P",
="800001591",="Present",="1/7/2025",="NUR101-P",
="800001591",="Present",="1/13/2025",="NUR101-P",
="800001591",="Present",="1/14/2025",="NUR101-P",
="800001591",="Present",="1/21/2025",="NUR101-P",
="800001591",="Present",="1/28/2025",="NUR101-P",
="800001591",="Present",="2/10/2025",="NUR101-P",
="800001591",="Present",="2/17/2025",="NUR101-P",
="800001591",="Present",="2/18/2025",="NUR101-P",
="800001591",="Present",="3/10/2025",="NUR101-P",
="800001591",="Present",="3/17/2025",="NUR101-P",
="800001591",="Present",="3/24/2025",="NUR101-P",
="800001591",="Present",="3/25/2025",="NUR101-P",
="800001591",="Present",="3/31/2025",="NUR101-P",
="800001591",="Present",="4/7/2025",="NUR101-P",
="800000671",="Present",="1/8/2025",="NUR270-P",
="800000671",="Present",="1/15/2025",="NUR270-P",
="800000671",="Present",="1/22/2025",="NUR270-P",
="800000671",="Present",="1/29/2025",="NUR270-P",
="800000671",="Present",="2/5/2025",="NUR270-P",
="800000671",="Present",="2/12/2025",="NUR270-P",
="800000671",="Present",="2/19/2025",="NUR270-P",
="800000671",="Present",="3/12/2025",="NUR270-P",
="800000671",="Present",="3/19/2025",="NUR270-P",
="800000671",="Present",="3/26/2025",="NUR270-P",
="800000671",="Present",="4/2/2025",="NUR270-P",
="800000671",="Present",="4/9/2025",="NUR270-P",
="800000671",="Present",="4/16/2025",="NUR270-P",
="800001591",="Present",="1/14/2025",="NUR101-L-P1",
="800001591",="Present",="1/21/2025",="NUR101-L-P1",
="800001591",="Present",="1/28/2025",="NUR101-L-P1",
="800001591",="Present",="2/11/2025",="NUR101-L-P1",
="800001591",="Present",="2/18/2025",="NUR101-L-P1",
="800001591",="Present",="2/25/2025",="NUR101-L-P1",
="800001591",="Present",="3/4/2025",="NUR101-L-P1",
="800001591",="Present",="3/25/2025",="NUR101-L-P1",
="800001591",="Present",="4/8/2025",="NUR101-L-P1",
="800001667",="Present",="1/9/2025",="AP100-P",
="800001667",="Present",="1/16/2025",="AP100-P",
="800001667",="Present",="1/23/2025",="AP100-P",
="800001667",="Present",="1/30/2025",="AP100-P",
="800001667",="Present",="2/6/2025",="AP100-P",
="800001667",="Present",="2/13/2025",="AP100-P",
="800001667",="Present",="2/20/2025",="AP100-P",
="800001667",="Present",="2/27/2025",="AP100-P",
="800001667",="Present",="3/6/2025",="AP100-P",
="800001667",="Present",="3/13/2025",="AP100-P",
="800001667",="Present",="3/20/2025",="AP100-P",
="800001667",="Present",="3/27/2025",="AP100-P",
="800001667",="Present",="4/3/2025",="AP100-P",
="800001667",="Present",="4/10/2025",="AP100-P",
="800001667",="Absent",="4/17/2025",="AP100-P",
="800001667",="Present",="1/12/2025",="COL010 - OL I",
="800001667",="Present",="1/19/2025",="COL010 - OL I",
="800001667",="Absent",="1/26/2025",="COL010 - OL I",
="800001667",="Present",="2/2/2025",="COL010 - OL I",
="800001667",="Present",="1/10/2025",="ENG101 -P",
="800001667",="Present",="1/17/2025",="ENG101 -P",
="800001667",="Present",="1/24/2025",="ENG101 -P",
="800001667",="Present",="1/31/2025",="ENG101 -P",
="800001667",="Present",="2/7/2025",="ENG101 -P",
="800001667",="Present",="2/14/2025",="ENG101 -P",
="800001667",="Present",="2/21/2025",="ENG101 -P",
="800001667",="Present",="2/28/2025",="ENG101 -P",
="800001667",="Present",="3/7/2025",="ENG101 -P",
="800001667",="Present",="3/14/2025",="ENG101 -P",
="800001667",="Present",="3/21/2025",="ENG101 -P",
="800001667",="Present",="3/28/2025",="ENG101 -P",
="800001667",="Present",="4/4/2025",="ENG101 -P",
="800001667",="Present",="4/11/2025",="ENG101 -P",
="800001667",="Present",="4/22/2025",="NUR100-C-P3",
="800001667",="Present",="1/14/2025",="NUR100-L-P2",
="800001667",="Absent",="1/21/2025",="NUR100-L-P2",
="800001667",="Present",="1/28/2025",="NUR100-L-P2",
="800001667",="Present",="2/4/2025",="NUR100-L-P2",
="800001667",="Present",="2/11/2025",="NUR100-L-P2",
="800001667",="Absent",="2/18/2025",="NUR100-L-P2",
="800001667",="Present",="2/25/2025",="NUR100-L-P2",
="800001667",="Present",="2/26/2025",="NUR100-L-P2",
="800001667",="Present",="2/27/2025",="NUR100-L-P2",
="800001667",="No class",="2/28/2025",="NUR100-L-P2",
="800001667",="Present",="3/4/2025",="NUR100-L-P2",
="800001667",="No class",="3/5/2025",="NUR100-L-P2",
="800001667",="Present",="3/6/2025",="NUR100-L-P2",
="800001667",="Present",="3/25/2025",="NUR100-L-P2",
="800001667",="Absent",="4/1/2025",="NUR100-L-P2",
="800001667",="Present",="4/8/2025",="NUR100-L-P2",
="800001667",="Present",="4/16/2025",="NUR100-L-P2",
="800001667",="Present",="4/17/2025",="NUR100-L-P2",
="800001667",="Present",="1/13/2025",="NUR100-P",
="800001667",="Present",="1/14/2025",="NUR100-P",
="800001667",="Present",="1/27/2025",="NUR100-P",
="800001667",="Present",="2/3/2025",="NUR100-P",
="800001667",="Present",="2/10/2025",="NUR100-P",
="800001667",="Present",="2/17/2025",="NUR100-P",
="800001667",="Present",="3/10/2025",="NUR100-P",
="800001667",="Present",="3/17/2025",="NUR100-P",
="800001667",="Present",="3/24/2025",="NUR100-P",
="800001667",="Present",="3/31/2025",="NUR100-P",
="800001667",="Present",="4/7/2025",="NUR100-P",
="800001257",="Present",="1/12/2025",="ENG102 - OL",
="800001257",="Present",="1/19/2025",="ENG102 - OL",
="800001257",="Present",="1/26/2025",="ENG102 - OL",
="800001257",="Present",="2/2/2025",="ENG102 - OL",
="800001257",="Present",="2/9/2025",="ENG102 - OL",
="800001257",="Present",="2/16/2025",="ENG102 - OL",
="800001257",="Present",="2/23/2025",="ENG102 - OL",
="800001257",="Present",="3/2/2025",="ENG102 - OL",
="800001257",="Present",="3/9/2025",="ENG102 - OL",
="800001257",="Present",="3/16/2025",="ENG102 - OL",
="800001257",="Present",="3/23/2025",="ENG102 - OL",
="800001257",="Present",="4/6/2025",="ENG102 - OL",
="800001445",="Absent",="1/7/2025",="NUR125-A",
="800001445",="Present",="1/14/2025",="NUR125-A",
="800001445",="Present",="1/21/2025",="NUR125-A",
="800001445",="Present",="1/28/2025",="NUR125-A",
="800001445",="Present",="2/4/2025",="NUR125-A",
="800001445",="Present",="2/11/2025",="NUR125-A",
="800001445",="Present",="2/18/2025",="NUR125-A",
="800001445",="Present",="3/11/2025",="NUR125-A",
="800001445",="Present",="3/18/2025",="NUR125-A",
="800001445",="Present",="3/25/2025",="NUR125-A",
="800001445",="Present",="4/1/2025",="NUR125-A",
="800001445",="Present",="4/8/2025",="NUR125-A",
="800001445",="Present",="1/14/2025",="NUR125-L-A1",
="800001445",="Present",="1/21/2025",="NUR125-L-A1",
="800001445",="Present",="1/28/2025",="NUR125-L-A1",
="800001445",="Present",="2/4/2025",="NUR125-L-A1",
="800001445",="Present",="2/11/2025",="NUR125-L-A1",
="800001445",="Present",="2/18/2025",="NUR125-L-A1",
="800001445",="No class",="2/20/2025",="NUR125-L-A1",
="800001445",="Present",="2/25/2025",="NUR125-L-A1",
="800001445",="No class",="2/27/2025",="NUR125-L-A1",
="800001445",="Present",="3/11/2025",="NUR125-L-A1",
="800001445",="Present",="3/18/2025",="NUR125-L-A1",
="800001445",="Present",="3/25/2025",="NUR125-L-A1",
="800001445",="Present",="4/1/2025",="NUR125-L-A1",
="800001445",="Present",="4/8/2025",="NUR125-L-A1",
="800001427",="Present",="4/12/2025",="NUR120-C-A1",
="800001427",="Present",="4/19/2025",="NUR120-C-A1",
="800001427",="Present",="4/26/2025",="NUR120-C-A1",
="800001427",="Present",="1/7/2025",="NUR120-A",
="800001427",="Present",="1/14/2025",="NUR120-A",
="800001427",="Present",="1/21/2025",="NUR120-A",
="800001427",="Present",="1/28/2025",="NUR120-A",
="800001427",="Present",="2/4/2025",="NUR120-A",
="800001427",="Present",="2/11/2025",="NUR120-A",
="800001427",="Absent",="2/18/2025",="NUR120-A",
="800001427",="Present",="3/11/2025",="NUR120-A",
="800001427",="Present",="3/18/2025",="NUR120-A",
="800001427",="Absent",="3/25/2025",="NUR120-A",
="800001427",="Present",="4/1/2025",="NUR120-A",
="800001427",="Present",="4/5/2025",="NUR120-A",
="800001427",="Present",="4/7/2025",="NUR120-A",
="800001427",="Present",="4/8/2025",="NUR120-A",
="800001427",="No class",="2/19/2025",="NUR120-L-A1",
="800001427",="No class",="2/24/2025",="NUR120-L-A1",
="800001427",="No class",="2/28/2025",="NUR120-L-A1",
="800001427",="No class",="3/5/2025",="NUR120-L-A1",
="800001363",="Present",="1/8/2025",="PHARM130-P",
="800001363",="Present",="1/15/2025",="PHARM130-P",
="800001363",="Absent",="1/22/2025",="PHARM130-P",
="800001363",="Present",="1/29/2025",="PHARM130-P",
="800001363",="Present",="2/5/2025",="PHARM130-P",
="800001363",="Absent",="2/12/2025",="PHARM130-P",
="800001363",="Absent",="2/19/2025",="PHARM130-P",
="800001363",="No class",="2/26/2025",="PHARM130-P",
="800001363",="No class",="3/5/2025",="PHARM130-P",
="800001363",="Present",="3/12/2025",="PHARM130-P",
="800001363",="Present",="3/19/2025",="PHARM130-P",
="800001363",="Present",="3/26/2025",="PHARM130-P",
="800001363",="Present",="4/2/2025",="PHARM130-P",
="800001363",="Present",="4/9/2025",="PHARM130-P",
="800001363",="Present",="4/16/2025",="PHARM130-P",
="800001363",="Absent",="1/16/2025",="NUR145 - A",
="800001363",="Present",="1/23/2025",="NUR145 - A",
="800001363",="Absent",="1/30/2025",="NUR145 - A",
="800001363",="Present",="2/6/2025",="NUR145 - A",
="800001363",="Present",="2/13/2025",="NUR145 - A",
="800001363",="Present",="2/20/2025",="NUR145 - A",
="800001363",="Present",="3/13/2025",="NUR145 - A",
="800001363",="Present",="3/20/2025",="NUR145 - A",
="800001363",="Present",="3/27/2025",="NUR145 - A",
="800001363",="Present",="4/3/2025",="NUR145 - A",
="800001363",="Present",="4/10/2025",="NUR145 - A",
="800001363",="Present",="2/27/2025",="NUR150 -L-A1",
="800001363",="Present",="3/5/2025",="NUR150 -L-A1",
="800001363",="Present",="3/6/2025",="NUR150 -L-A1",
="800001363",="Present",="1/15/2025",="NUR150 -A",
="800001363",="Present",="1/22/2025",="NUR150 -A",
="800001363",="Present",="1/29/2025",="NUR150 -A",
="800001363",="Present",="2/5/2025",="NUR150 -A",
="800001363",="Absent",="2/12/2025",="NUR150 -A",
="800001363",="Present",="2/19/2025",="NUR150 -A",
="800001363",="Present",="3/12/2025",="NUR150 -A",
="800001363",="Present",="3/19/2025",="NUR150 -A",
="800001363",="Absent",="3/26/2025",="NUR150 -A",
="800001363",="Present",="4/2/2025",="NUR150 -A",
="800001363",="Absent",="2/10/2025",="PHARM100-A",
="800001363",="Absent",="2/17/2025",="PHARM100-A",
="800001363",="Absent",="3/3/2025",="PHARM100-A",
="800001363",="Absent",="3/10/2025",="PHARM100-A",
="800001363",="Present",="3/17/2025",="PHARM100-A",
="800001363",="Present",="3/24/2025",="PHARM100-A",
="800001363",="Present",="3/31/2025",="PHARM100-A",
="800001363",="Present",="4/7/2025",="PHARM100-A",
="800000957",="Present",="1/12/2025",="HUM200 -OL",
="800000957",="Present",="1/19/2025",="HUM200 -OL",
="800000957",="Present",="1/26/2025",="HUM200 -OL",
="800000957",="Present",="2/2/2025",="HUM200 -OL",
="800000957",="Present",="2/9/2025",="HUM200 -OL",
="800000957",="Present",="2/16/2025",="HUM200 -OL",
="800000957",="Present",="2/23/2025",="HUM200 -OL",
="800000957",="Present",="3/2/2025",="HUM200 -OL",
="800000957",="Present",="3/9/2025",="HUM200 -OL",
="800000957",="Present",="3/16/2025",="HUM200 -OL",
="800000957",="Present",="3/23/2025",="HUM200 -OL",
="800000957",="Present",="3/30/2025",="HUM200 -OL",
="800000957",="Present",="4/6/2025",="HUM200 -OL",
="800000957",="Present",="4/13/2025",="HUM200 -OL",
="800000957",="Present",="1/12/2025",="SOC101 -OL",
="800000957",="Present",="1/19/2025",="SOC101 -OL",
="800000957",="Present",="1/26/2025",="SOC101 -OL",
="800000957",="Present",="2/2/2025",="SOC101 -OL",
="800000957",="Present",="2/9/2025",="SOC101 -OL",
="800000957",="Present",="2/16/2025",="SOC101 -OL",
="800000957",="Present",="2/23/2025",="SOC101 -OL",
="800000957",="Present",="3/2/2025",="SOC101 -OL",
="800000957",="Present",="3/9/2025",="SOC101 -OL",
="800000957",="Present",="3/16/2025",="SOC101 -OL",
="800000957",="Present",="3/23/2025",="SOC101 -OL",
="800000957",="Present",="3/30/2025",="SOC101 -OL",
="800000957",="Present",="4/6/2025",="SOC101 -OL",
="800000957",="Present",="4/13/2025",="SOC101 -OL",
="800000957",="Present",="4/20/2025",="SOC101 -OL",
="800000957",="Present",="1/10/2025",="STAT101-A",
="800000957",="Present",="1/17/2025",="STAT101-A",
="800000957",="Present",="1/24/2025",="STAT101-A",
="800000957",="Present",="1/31/2025",="STAT101-A",
="800000957",="Present",="2/7/2025",="STAT101-A",
="800000957",="Present",="2/14/2025",="STAT101-A",
="800000957",="Absent",="2/21/2025",="STAT101-A",
="800000957",="Present",="2/28/2025",="STAT101-A",
="800000957",="Present",="3/7/2025",="STAT101-A",
="800000957",="Present",="3/14/2025",="STAT101-A",
="800000957",="Present",="3/21/2025",="STAT101-A",
="800000957",="Present",="3/28/2025",="STAT101-A",
="800000957",="Absent",="4/11/2025",="STAT101-A",
="800001363",="Present",="2/27/2025",="NUR145-L-A2",
="800001363",="Present",="3/6/2025",="NUR145-L-A2",
="800001268",="Absent",="1/8/2025",="AP209 -A",
="800001268",="Present",="1/15/2025",="AP209 -A",
="800001268",="Present",="1/22/2025",="AP209 -A",
="800001268",="Present",="1/29/2025",="AP209 -A",
="800001268",="Present",="2/5/2025",="AP209 -A",
="800001268",="Present",="2/12/2025",="AP209 -A",
="800001268",="Present",="2/19/2025",="AP209 -A",
="800001268",="Present",="2/26/2025",="AP209 -A",
="800001268",="Present",="3/5/2025",="AP209 -A",
="800001268",="Present",="3/12/2025",="AP209 -A",
="800001268",="Present",="3/19/2025",="AP209 -A",
="800001268",="Present",="3/26/2025",="AP209 -A",
="800001268",="Present",="4/2/2025",="AP209 -A",
="800001268",="Present",="4/9/2025",="AP209 -A",
="800001268",="Present",="4/16/2025",="AP209 -A",
="800000428",="Present",="1/12/2025",="NUR305 - OL",
="800000428",="Present",="1/19/2025",="NUR305 - OL",
="800000428",="Present",="1/26/2025",="NUR305 - OL",
="800000428",="Present",="2/2/2025",="NUR305 - OL",
="800000428",="Present",="2/9/2025",="NUR305 - OL",
="800000428",="Present",="2/16/2025",="NUR305 - OL",
="800000428",="Present",="2/23/2025",="NUR305 - OL",
="800000625",="Present",="1/12/2025",="NUR305 - OL",
="800000625",="Present",="1/19/2025",="NUR305 - OL",
="800000625",="Present",="1/26/2025",="NUR305 - OL",
="800000625",="Present",="2/2/2025",="NUR305 - OL",
="800000625",="Present",="2/9/2025",="NUR305 - OL",
="800000625",="Present",="2/16/2025",="NUR305 - OL",
="800000625",="Present",="2/23/2025",="NUR305 - OL",
="800001508",="Absent",="1/9/2025",="NUR125-P",
="800001508",="Present",="1/16/2025",="NUR125-P",
="800001508",="Present",="1/23/2025",="NUR125-P",
="800001508",="Present",="1/30/2025",="NUR125-P",
="800001508",="Present",="2/6/2025",="NUR125-P",
="800001508",="Present",="2/13/2025",="NUR125-P",
="800001508",="Present",="2/20/2025",="NUR125-P",
="800001508",="Present",="3/13/2025",="NUR125-P",
="800001508",="Present",="3/27/2025",="NUR125-P",
="800001508",="Present",="4/3/2025",="NUR125-P",
="800001508",="Present",="1/16/2025",="NUR125-L-P1",
="800001508",="Present",="1/23/2025",="NUR125-L-P1",
="800001508",="Present",="1/30/2025",="NUR125-L-P1",
="800001508",="Present",="2/6/2025",="NUR125-L-P1",
="800001508",="Present",="2/13/2025",="NUR125-L-P1",
="800001508",="Present",="2/20/2025",="NUR125-L-P1",
="800001508",="No class",="2/24/2025",="NUR125-L-P1",
="800001508",="Present",="2/27/2025",="NUR125-L-P1",
="800001508",="No class",="2/28/2025",="NUR125-L-P1",
="800001508",="Present",="3/13/2025",="NUR125-L-P1",
="800001508",="Present",="3/27/2025",="NUR125-L-P1",
="800001147",="Present",="1/8/2025",="AP209 -A",
="800001147",="Absent",="1/15/2025",="AP209 -A",
="800001147",="Present",="1/22/2025",="AP209 -A",
="800001147",="Present",="1/29/2025",="AP209 -A",
="800001147",="Present",="2/5/2025",="AP209 -A",
="800001147",="Present",="2/12/2025",="AP209 -A",
="800001147",="Present",="2/19/2025",="AP209 -A",
="800001147",="Present",="2/26/2025",="AP209 -A",
="800001147",="Present",="3/5/2025",="AP209 -A",
="800001147",="Present",="3/12/2025",="AP209 -A",
="800001147",="Present",="3/19/2025",="AP209 -A",
="800001147",="Present",="3/26/2025",="AP209 -A",
="800001147",="Present",="4/2/2025",="AP209 -A",
="800001147",="Absent",="4/9/2025",="AP209 -A",
="800001147",="Present",="4/16/2025",="AP209 -A",
="800000883",="Present",="1/9/2025",="NUR125-P",
="800000883",="Present",="1/16/2025",="NUR125-P",
="800000883",="Present",="1/23/2025",="NUR125-P",
="800000883",="Present",="1/30/2025",="NUR125-P",
="800000883",="Present",="2/6/2025",="NUR125-P",
="800000883",="Absent",="2/13/2025",="NUR125-P",
="800000883",="Present",="2/20/2025",="NUR125-P",
="800000883",="Absent",="3/13/2025",="NUR125-P",
="800000883",="Absent",="3/27/2025",="NUR125-P",
="800000883",="Absent",="4/3/2025",="NUR125-P",
="800001318",="Present",="1/14/2025",="MCB100 -A",
="800001318",="Present",="1/21/2025",="MCB100 -A",
="800001318",="Present",="1/28/2025",="MCB100 -A",
="800001318",="Present",="2/4/2025",="MCB100 -A",
="800001318",="Present",="2/11/2025",="MCB100 -A",
="800001318",="Present",="2/18/2025",="MCB100 -A",
="800001318",="Present",="2/25/2025",="MCB100 -A",
="800001318",="Present",="3/4/2025",="MCB100 -A",
="800001318",="Present",="3/18/2025",="MCB100 -A",
="800001318",="Present",="3/25/2025",="MCB100 -A",
="800001318",="Present",="4/1/2025",="MCB100 -A",
="800001318",="Present",="4/8/2025",="MCB100 -A",
="800001318",="Present",="4/15/2025",="MCB100 -A",
="800001029",="Present",="1/12/2025",="NUT100 -OL II",
="800001029",="Present",="1/19/2025",="NUT100 -OL II",
="800001029",="Present",="1/26/2025",="NUT100 -OL II",
="800001029",="Absent",="2/2/2025",="NUT100 -OL II",
="800001029",="Present",="2/9/2025",="NUT100 -OL II",
="800001029",="Present",="2/16/2025",="NUT100 -OL II",
="800001029",="Present",="2/23/2025",="NUT100 -OL II",
="800001029",="Absent",="3/2/2025",="NUT100 -OL II",
="800001029",="Present",="3/9/2025",="NUT100 -OL II",
="800001029",="Present",="3/16/2025",="NUT100 -OL II",
="800001029",="Present",="3/23/2025",="NUT100 -OL II",
="800001029",="Present",="3/30/2025",="NUT100 -OL II",
="800001029",="Present",="4/6/2025",="NUT100 -OL II",
="800001029",="Present",="4/13/2025",="NUT100 -OL II",
="800001410",="Present",="1/22/2025",="NUR155 - V2",
="800001410",="Present",="1/29/2025",="NUR155 - V2",
="800001410",="Present",="2/5/2025",="NUR155 - V2",
="800001410",="Present",="2/12/2025",="NUR155 - V2",
="800001410",="Present",="2/19/2025",="NUR155 - V2",
="800001410",="Present",="2/26/2025",="NUR155 - V2",
="800001410",="Present",="3/5/2025",="NUR155 - V2",
="800001410",="Present",="3/12/2025",="NUR155 - V2",
="800001410",="Present",="3/19/2025",="NUR155 - V2",
="800001410",="Present",="3/26/2025",="NUR155 - V2",
="800001410",="Present",="4/2/2025",="NUR155 - V2",
="800001410",="Present",="4/9/2025",="NUR155 - V2",
="800001410",="Present",="4/16/2025",="NUR155 - V2",
="800001549",="Present",="1/12/2025",="NUT100 -OL II",
="800001549",="Present",="1/19/2025",="NUT100 -OL II",
="800001549",="Present",="1/26/2025",="NUT100 -OL II",
="800001549",="Present",="2/2/2025",="NUT100 -OL II",
="800001549",="Present",="2/9/2025",="NUT100 -OL II",
="800001549",="Present",="2/16/2025",="NUT100 -OL II",
="800001549",="Present",="2/23/2025",="NUT100 -OL II",
="800001549",="Present",="3/2/2025",="NUT100 -OL II",
="800001549",="Present",="3/9/2025",="NUT100 -OL II",
="800001549",="Present",="3/16/2025",="NUT100 -OL II",
="800001549",="Present",="3/23/2025",="NUT100 -OL II",
="800001549",="Present",="3/30/2025",="NUT100 -OL II",
="800001549",="Present",="4/6/2025",="NUT100 -OL II",
="800001549",="Present",="4/13/2025",="NUT100 -OL II",
="770000203",="Absent",="1/16/2025",="NUR201-L-A",
="770000203",="Present",="1/23/2025",="NUR201-L-A",
="770000203",="Absent",="1/30/2025",="NUR201-L-A",
="770000203",="Present",="2/6/2025",="NUR201-L-A",
="770000203",="Absent",="2/27/2025",="NUR201-L-A",
="770000203",="Absent",="3/6/2025",="NUR201-L-A",
="800001688",="Present",="1/12/2025",="NUT100 -OL II",
="800001688",="Present",="1/19/2025",="NUT100 -OL II",
="800001688",="Present",="1/26/2025",="NUT100 -OL II",
="800001688",="Present",="2/2/2025",="NUT100 -OL II",
="800001688",="Present",="2/9/2025",="NUT100 -OL II",
="800001688",="Present",="2/16/2025",="NUT100 -OL II",
="800001688",="Present",="2/23/2025",="NUT100 -OL II",
="800001688",="Present",="3/2/2025",="NUT100 -OL II",
="800001688",="Present",="3/9/2025",="NUT100 -OL II",
="800001688",="Present",="3/16/2025",="NUT100 -OL II",
="800001688",="Present",="3/23/2025",="NUT100 -OL II",
="800001688",="Present",="3/30/2025",="NUT100 -OL II",
="800001688",="Present",="4/6/2025",="NUT100 -OL II",
="800001688",="Present",="4/13/2025",="NUT100 -OL II",
="800001701",="Absent",="1/7/2025",="NUR100-L-A2",
="800001701",="Absent",="1/14/2025",="NUR100-L-A2",
="800001701",="Absent",="1/21/2025",="NUR100-L-A2",
="800001701",="Present",="2/4/2025",="NUR100-L-A2",
="800001701",="Present",="2/11/2025",="NUR100-L-A2",
="800001701",="Present",="2/18/2025",="NUR100-L-A2",
="800001701",="Present",="2/24/2025",="NUR100-L-A2",
="800001701",="Present",="2/25/2025",="NUR100-L-A2",
="800001701",="Present",="3/3/2025",="NUR100-L-A2",
="800001701",="Present",="3/4/2025",="NUR100-L-A2",
="800001701",="Present",="3/18/2025",="NUR100-L-A2",
="800001701",="Present",="3/25/2025",="NUR100-L-A2",
="800001701",="Present",="4/1/2025",="NUR100-L-A2",
="800001701",="Present",="4/8/2025",="NUR100-L-A2",
="800001701",="Present",="4/14/2025",="NUR100-L-A2",
="800001701",="Present",="4/21/2025",="NUR100-L-A2",
="800001701",="Present",="4/22/2025",="NUR100-L-A2",
="800001701",="Absent",="1/9/2025",="PSY101 -A",
="800001701",="Present",="1/16/2025",="PSY101 -A",
="800001701",="Present",="1/23/2025",="PSY101 -A",
="800001701",="Absent",="1/30/2025",="PSY101 -A",
="800001701",="Present",="2/6/2025",="PSY101 -A",
="800001701",="Present",="2/13/2025",="PSY101 -A",
="800001701",="Present",="2/20/2025",="PSY101 -A",
="800001701",="Present",="2/27/2025",="PSY101 -A",
="800001701",="Absent",="3/6/2025",="PSY101 -A",
="800001701",="Present",="3/13/2025",="PSY101 -A",
="800001701",="Absent",="3/20/2025",="PSY101 -A",
="800001701",="Absent",="3/27/2025",="PSY101 -A",
="800001701",="Absent",="4/3/2025",="PSY101 -A",
="800001701",="Present",="2/10/2025",="PHARM100-A",
="800001701",="Present",="2/17/2025",="PHARM100-A",
="800001701",="Absent",="3/3/2025",="PHARM100-A",
="800001701",="Absent",="3/10/2025",="PHARM100-A",
="800001701",="Present",="3/17/2025",="PHARM100-A",
="800001701",="Present",="3/24/2025",="PHARM100-A",
="800001701",="Present",="3/31/2025",="PHARM100-A",
="800001701",="Present",="4/7/2025",="PHARM100-A",
="800001701",="Present",="1/6/2025",="NUR100 -A",
="800001701",="Absent",="1/13/2025",="NUR100 -A",
="800001701",="Absent excused",="1/14/2025",="NUR100 -A",
="800001701",="Absent",="1/27/2025",="NUR100 -A",
="800001701",="Present",="2/3/2025",="NUR100 -A",
="800001701",="Present",="2/10/2025",="NUR100 -A",
="800001701",="Absent",="2/17/2025",="NUR100 -A",
="800001701",="Present",="3/10/2025",="NUR100 -A",
="800001701",="Present",="3/11/2025",="NUR100 -A",
="800001701",="Present",="3/17/2025",="NUR100 -A",
="800001701",="Present",="3/24/2025",="NUR100 -A",
="800001701",="Present",="3/31/2025",="NUR100 -A",
="800001701",="Absent",="4/7/2025",="NUR100 -A",
="800001701",="Present",="4/14/2025",="NUR100 -A",
="800001298",="Present",="1/23/2025",="NUR140-A",
="800001298",="Present",="1/30/2025",="NUR140-A",
="800001298",="Present",="2/6/2025",="NUR140-A",
="800001298",="Present",="2/13/2025",="NUR140-A",
="800001298",="Present",="2/20/2025",="NUR140-A",
="800001298",="Absent excused",="3/13/2025",="NUR140-A",
="800001298",="Present",="3/27/2025",="NUR140-A",
="800001298",="Present",="4/3/2025",="NUR140-A",
="800001298",="No class",="2/19/2025",="NUR120-L-A1",
="800001298",="No class",="2/24/2025",="NUR120-L-A1",
="800001298",="No class",="2/28/2025",="NUR120-L-A1",
="800001298",="No class",="3/5/2025",="NUR120-L-A1",
="800001298",="Present",="1/14/2025",="NUR120-A",
="800001298",="Absent excused",="1/21/2025",="NUR120-A",
="800001298",="Present",="1/28/2025",="NUR120-A",
="800001298",="Present",="2/4/2025",="NUR120-A",
="800001298",="Present",="2/11/2025",="NUR120-A",
="800001298",="Present",="2/18/2025",="NUR120-A",
="800001298",="Present",="3/11/2025",="NUR120-A",
="800001298",="Tardy/Late excused",="3/18/2025",="NUR120-A",
="800001298",="Present",="3/25/2025",="NUR120-A",
="800001298",="Present",="4/1/2025",="NUR120-A",
="800001298",="Present",="4/8/2025",="NUR120-A",
="800001298",="Present",="4/12/2025",="NUR120-C-A1",
="800001298",="Present",="4/19/2025",="NUR120-C-A1",
="800001298",="Absent",="4/26/2025",="NUR120-C-A1",
="800001539",="Present",="1/16/2025",="NUR205 -P",
="800001539",="Present",="1/23/2025",="NUR205 -P",
="800001539",="Present",="1/30/2025",="NUR205 -P",
="800001539",="Present",="2/6/2025",="NUR205 -P",
="800001539",="Present",="2/13/2025",="NUR205 -P",
="800001539",="Present",="2/20/2025",="NUR205 -P",
="800001539",="Present",="3/13/2025",="NUR205 -P",
="800001539",="Present",="3/20/2025",="NUR205 -P",
="800001539",="Present",="3/27/2025",="NUR205 -P",
="800001539",="Present",="1/16/2025",="NUR205-L-P1",
="800001539",="Present",="1/30/2025",="NUR205-L-P1",
="800001539",="Present",="2/6/2025",="NUR205-L-P1",
="800001539",="Present",="2/13/2025",="NUR205-L-P1",
="800001539",="Present",="2/20/2025",="NUR205-L-P1",
="800001539",="Present",="3/13/2025",="NUR205-L-P1",
="800001539",="Present",="3/27/2025",="NUR205-L-P1",
="800001539",="Present",="4/3/2025",="NUR205-L-P1",
="800000878",="Present",="4/14/2025",="NUR236-C-P1",
="800000878",="Present",="4/21/2025",="NUR236-C-P1",
="800000878",="Present",="4/25/2025",="NUR236-C-P1",
="800000878",="Present",="1/16/2025",="NUR236-P",
="800000878",="Present",="1/23/2025",="NUR236-P",
="800000878",="Absent",="1/30/2025",="NUR236-P",
="800000878",="Present",="2/6/2025",="NUR236-P",
="800000878",="Present",="2/13/2025",="NUR236-P",
="800000878",="Present",="2/20/2025",="NUR236-P",
="800000878",="Present",="3/13/2025",="NUR236-P",
="800000878",="Present",="3/20/2025",="NUR236-P",
="800000878",="Present",="3/27/2025",="NUR236-P",
="800000878",="Present",="4/3/2025",="NUR236-P",
="800000878",="Present",="4/10/2025",="NUR236-P",
="800000878",="Present",="1/7/2025",="NUR245 - P",
="800000878",="Present",="1/14/2025",="NUR245 - P",
="800000878",="Present",="1/21/2025",="NUR245 - P",
="800000878",="Absent",="1/28/2025",="NUR245 - P",
="800000878",="Present",="2/4/2025",="NUR245 - P",
="800000878",="Present",="2/11/2025",="NUR245 - P",
="800000878",="Present",="2/18/2025",="NUR245 - P",
="800000878",="Present",="3/11/2025",="NUR245 - P",
="800000878",="Present",="3/18/2025",="NUR245 - P",
="800000878",="Present",="3/25/2025",="NUR245 - P",
="800000878",="Present",="4/1/2025",="NUR245 - P",
="800000878",="Present",="4/8/2025",="NUR245 - P",
="800000878",="Present",="2/25/2025",="NUR245-C-P1",
="800000878",="Present",="3/4/2025",="NUR245-C-P1",
="800001436",="Present",="1/6/2025",="NUR135-A",
="800001436",="Present",="1/13/2025",="NUR135-A",
="800001436",="Present",="1/27/2025",="NUR135-A",
="800001436",="Present",="2/3/2025",="NUR135-A",
="800001436",="Present",="2/10/2025",="NUR135-A",
="800001436",="Absent",="2/17/2025",="NUR135-A",
="800001436",="Present",="3/10/2025",="NUR135-A",
="800001436",="Present",="3/17/2025",="NUR135-A",
="800001436",="Present",="3/24/2025",="NUR135-A",
="800001436",="Present",="3/31/2025",="NUR135-A",
="800001436",="Present",="4/7/2025",="NUR135-A",
="800001436",="No class",="2/24/2025",="NUR135-L-A1",
="800001436",="Present",="3/3/2025",="NUR135-L-A1",
="800001268",="Present",="1/19/2025",="HUM200 -OL",
="800001268",="Present",="1/26/2025",="HUM200 -OL",
="800001268",="Present",="2/2/2025",="HUM200 -OL",
="800001268",="Present",="2/9/2025",="HUM200 -OL",
="800001268",="Present",="2/16/2025",="HUM200 -OL",
="800001268",="Present",="2/23/2025",="HUM200 -OL",
="800001268",="Present",="3/2/2025",="HUM200 -OL",
="800001268",="Present",="3/9/2025",="HUM200 -OL",
="800001268",="Present",="3/16/2025",="HUM200 -OL",
="800001268",="Present",="3/23/2025",="HUM200 -OL",
="800001268",="Present",="3/30/2025",="HUM200 -OL",
="800001268",="Present",="4/6/2025",="HUM200 -OL",
="800001268",="Present",="4/13/2025",="HUM200 -OL",
="800001427",="Absent",="1/12/2025",="ENG102 - OL",
="800001427",="Present",="1/19/2025",="ENG102 - OL",
="800001427",="Present",="1/26/2025",="ENG102 - OL",
="800001427",="Present",="2/2/2025",="ENG102 - OL",
="800001427",="Present",="2/9/2025",="ENG102 - OL",
="800001427",="Present",="2/16/2025",="ENG102 - OL",
="800001427",="Present",="2/23/2025",="ENG102 - OL",
="800001427",="Present",="3/2/2025",="ENG102 - OL",
="800001427",="Present",="3/9/2025",="ENG102 - OL",
="800001427",="Present",="3/16/2025",="ENG102 - OL",
="800001427",="Present",="3/23/2025",="ENG102 - OL",
="800001427",="Present",="4/6/2025",="ENG102 - OL",
="800001531",="Absent",="1/12/2025",="SOC101 -OL",
="800001531",="Absent",="1/19/2025",="SOC101 -OL",
="800001531",="Absent",="1/26/2025",="SOC101 -OL",
="800001531",="Absent",="2/2/2025",="SOC101 -OL",
="800001531",="Absent",="2/9/2025",="SOC101 -OL",
="800001531",="Absent",="2/16/2025",="SOC101 -OL",
="800001531",="Absent",="2/23/2025",="SOC101 -OL",
="800001531",="Present",="1/17/2025",="STAT101-A",
="800001531",="Present",="1/24/2025",="STAT101-A",
="800001531",="Absent",="2/7/2025",="STAT101-A",
="800001531",="Absent",="2/14/2025",="STAT101-A",
="800001531",="Absent",="2/21/2025",="STAT101-A",
="800000461",="Present",="3/9/2025",="NUR301 - OL",
="800000461",="Present",="3/16/2025",="NUR301 - OL",
="800000461",="Present",="3/23/2025",="NUR301 - OL",
="800000461",="Present",="3/30/2025",="NUR301 - OL",
="800000461",="Present",="4/13/2025",="NUR301 - OL",
="800000461",="Present",="1/12/2025",="NUR304 - OL",
="800000461",="Present",="1/19/2025",="NUR304 - OL",
="800000461",="Present",="1/26/2025",="NUR304 - OL",
="800000461",="Present",="2/2/2025",="NUR304 - OL",
="800000461",="Present",="2/9/2025",="NUR304 - OL",
="800000461",="Present",="2/16/2025",="NUR304 - OL",
="800000461",="Present",="2/23/2025",="NUR304 - OL",
="800000461",="Present",="1/12/2025",="NUR305 - OL",
="800000461",="Present",="1/19/2025",="NUR305 - OL",
="800000461",="Present",="1/26/2025",="NUR305 - OL",
="800000461",="Present",="2/2/2025",="NUR305 - OL",
="800000461",="Present",="2/9/2025",="NUR305 - OL",
="800000461",="Present",="2/16/2025",="NUR305 - OL",
="800000461",="Present",="2/23/2025",="NUR305 - OL",
="800000461",="Present",="3/2/2025",="NUR302 - OL",
="800000461",="Present",="3/9/2025",="NUR302 - OL",
="800000461",="Present",="3/16/2025",="NUR302 - OL",
="800000461",="Present",="3/23/2025",="NUR302 - OL",
="800000461",="Present",="4/6/2025",="NUR302 - OL",
="800000461",="Present",="4/13/2025",="NUR302 - OL",
="800000461",="Present",="4/20/2025",="NUR302 - OL",
="770007073",="Present",="1/19/2025",="ENG102 - OL",
="770007073",="Present",="1/26/2025",="ENG102 - OL",
="770007073",="Present",="2/2/2025",="ENG102 - OL",
="770007073",="Present",="2/9/2025",="ENG102 - OL",
="770007073",="Present",="2/16/2025",="ENG102 - OL",
="770007073",="Present",="2/23/2025",="ENG102 - OL",
="770007073",="Present",="3/2/2025",="ENG102 - OL",
="770007073",="Present",="3/9/2025",="ENG102 - OL",
="770007073",="Present",="3/16/2025",="ENG102 - OL",
="770007073",="Present",="3/23/2025",="ENG102 - OL",
="770007073",="Present",="4/6/2025",="ENG102 - OL",
="800001533",="Present",="1/14/2025",="NUR120-A",
="800001533",="Present",="1/21/2025",="NUR120-A",
="800001533",="Present",="1/28/2025",="NUR120-A",
="800001533",="Present",="2/4/2025",="NUR120-A",
="800001533",="Present",="2/11/2025",="NUR120-A",
="800001533",="Present",="2/18/2025",="NUR120-A",
="800001533",="Present",="3/11/2025",="NUR120-A",
="800001533",="Present",="3/18/2025",="NUR120-A",
="800001533",="Present",="3/25/2025",="NUR120-A",
="800001533",="Present",="4/1/2025",="NUR120-A",
="800001533",="Present",="4/8/2025",="NUR120-A",
="800001533",="No class",="2/19/2025",="NUR120-L-A1",
="800001533",="No class",="2/24/2025",="NUR120-L-A1",
="800001533",="No class",="2/28/2025",="NUR120-L-A1",
="800001533",="No class",="3/5/2025",="NUR120-L-A1",
="800001679",="Present",="1/16/2025",="NUR205-L-P1",
="800001679",="Absent",="1/30/2025",="NUR205-L-P1",
="800001679",="Present",="2/6/2025",="NUR205-L-P1",
="800001679",="Present",="2/13/2025",="NUR205-L-P1",
="800001679",="Present",="2/20/2025",="NUR205-L-P1",
="800001679",="Present",="3/13/2025",="NUR205-L-P1",
="800001679",="Present",="3/27/2025",="NUR205-L-P1",
="800001679",="Present",="4/3/2025",="NUR205-L-P1",
="800001679",="Present",="1/16/2025",="NUR205 -P",
="800001679",="Present",="1/23/2025",="NUR205 -P",
="800001679",="Present",="1/30/2025",="NUR205 -P",
="800001679",="Present",="2/6/2025",="NUR205 -P",
="800001679",="Present",="2/13/2025",="NUR205 -P",
="800001679",="Present",="2/20/2025",="NUR205 -P",
="800001679",="Present",="3/13/2025",="NUR205 -P",
="800001679",="Present",="3/20/2025",="NUR205 -P",
="800001679",="Present",="3/27/2025",="NUR205 -P",
="800000916",="Present",="1/15/2025",="NUR155-P",
="800000916",="Present",="1/22/2025",="NUR155-P",
="800000916",="Present",="1/29/2025",="NUR155-P",
="800000916",="Present",="2/5/2025",="NUR155-P",
="800000916",="Present",="2/12/2025",="NUR155-P",
="800000916",="Present",="2/19/2025",="NUR155-P",
="800000916",="Present",="2/26/2025",="NUR155-P",
="800000916",="Present",="3/5/2025",="NUR155-P",
="800000916",="Present",="3/12/2025",="NUR155-P",
="800000916",="Present",="3/19/2025",="NUR155-P",
="800000916",="Present",="3/26/2025",="NUR155-P",
="800000916",="Present",="4/2/2025",="NUR155-P",
="800000916",="Present",="4/9/2025",="NUR155-P",
="800000916",="Present",="4/16/2025",="NUR155-P",
="800001280",="Present",="1/17/2025",="STAT101-A",
="800001280",="Present",="1/24/2025",="STAT101-A",
="800001280",="Absent",="2/7/2025",="STAT101-A",
="800001280",="Present",="2/14/2025",="STAT101-A",
="800001280",="Absent",="2/21/2025",="STAT101-A",
="800001280",="Absent",="2/28/2025",="STAT101-A",
="800001280",="Absent",="3/7/2025",="STAT101-A",
="800001280",="Absent",="3/14/2025",="STAT101-A",
="800001667",="Present",="1/19/2025",="PSY101 -OL",
="800001667",="Present",="1/26/2025",="PSY101 -OL",
="800001667",="Absent",="2/2/2025",="PSY101 -OL",
="800001667",="Present",="2/9/2025",="PSY101 -OL",
="800001667",="Present",="2/16/2025",="PSY101 -OL",
="800001667",="Present",="2/23/2025",="PSY101 -OL",
="800001667",="Present",="3/2/2025",="PSY101 -OL",
="800001667",="Present",="3/9/2025",="PSY101 -OL",
="800001667",="Present",="3/16/2025",="PSY101 -OL",
="800001667",="Present",="3/23/2025",="PSY101 -OL",
="800001667",="Present",="3/30/2025",="PSY101 -OL",
="800001667",="Present",="4/6/2025",="PSY101 -OL",
="800001667",="Present",="4/13/2025",="PSY101 -OL",
="800000934",="Present",="1/19/2025",="HUM200 -OL",
="800000934",="Present",="1/26/2025",="HUM200 -OL",
="800000934",="Present",="2/2/2025",="HUM200 -OL",
="800000934",="Present",="2/9/2025",="HUM200 -OL",
="800000934",="Present",="2/16/2025",="HUM200 -OL",
="800000934",="Present",="2/23/2025",="HUM200 -OL",
="800000934",="Present",="3/2/2025",="HUM200 -OL",
="800000934",="Present",="3/9/2025",="HUM200 -OL",
="800000934",="Present",="3/16/2025",="HUM200 -OL",
="800000934",="Present",="3/23/2025",="HUM200 -OL",
="800000934",="Present",="3/30/2025",="HUM200 -OL",
="800000934",="Present",="4/6/2025",="HUM200 -OL",
="800000934",="Present",="4/13/2025",="HUM200 -OL",
="800001505",="Present",="1/9/2025",="PHARM130-A",
="800001505",="Present",="1/16/2025",="PHARM130-A",
="800001505",="Present",="1/23/2025",="PHARM130-A",
="800001505",="Present",="1/30/2025",="PHARM130-A",
="800001505",="Present",="2/6/2025",="PHARM130-A",
="800001505",="Present",="2/13/2025",="PHARM130-A",
="800001505",="Present",="2/20/2025",="PHARM130-A",
="800001505",="Present",="3/13/2025",="PHARM130-A",
="800001505",="Present",="3/20/2025",="PHARM130-A",
="800001505",="Present",="3/27/2025",="PHARM130-A",
="800001505",="Present",="4/3/2025",="PHARM130-A",
="800001505",="Present",="4/10/2025",="PHARM130-A",
="800001403",="Present",="1/9/2025",="PHARM130-A",
="800001403",="Present",="1/16/2025",="PHARM130-A",
="800001403",="Absent",="1/23/2025",="PHARM130-A",
="800001403",="Present",="1/30/2025",="PHARM130-A",
="800001403",="Present",="2/6/2025",="PHARM130-A",
="800001403",="Present",="2/13/2025",="PHARM130-A",
="800001403",="Present",="2/20/2025",="PHARM130-A",
="800001403",="Present",="3/13/2025",="PHARM130-A",
="800001403",="Present",="3/20/2025",="PHARM130-A",
="800001403",="Present",="3/27/2025",="PHARM130-A",
="800001403",="Present",="4/3/2025",="PHARM130-A",
="800001403",="Present",="4/10/2025",="PHARM130-A",
="800000228",="Present",="1/9/2025",="PHARM130-A",
="800000228",="Present",="1/16/2025",="PHARM130-A",
="800000228",="Present",="1/23/2025",="PHARM130-A",
="800000228",="Present",="1/30/2025",="PHARM130-A",
="800000228",="Present",="2/6/2025",="PHARM130-A",
="800000228",="Present",="2/13/2025",="PHARM130-A",
="800000228",="Present",="2/20/2025",="PHARM130-A",
="800000228",="Present",="3/13/2025",="PHARM130-A",
="800000228",="Present",="3/20/2025",="PHARM130-A",
="800000228",="Present",="3/27/2025",="PHARM130-A",
="800000228",="Present",="4/3/2025",="PHARM130-A",
="800000228",="Present",="4/10/2025",="PHARM130-A",
="800001471",="Present",="1/9/2025",="PHARM130-A",
="800001471",="Present",="1/16/2025",="PHARM130-A",
="800001471",="Present",="1/23/2025",="PHARM130-A",
="800001471",="Present",="1/30/2025",="PHARM130-A",
="800001471",="Present",="2/6/2025",="PHARM130-A",
="800001471",="Present",="2/13/2025",="PHARM130-A",
="800001471",="Present",="2/20/2025",="PHARM130-A",
="800001471",="Present",="3/13/2025",="PHARM130-A",
="800001471",="Present",="3/20/2025",="PHARM130-A",
="800001471",="Present",="3/27/2025",="PHARM130-A",
="800001471",="Present",="4/3/2025",="PHARM130-A",
="800001471",="Present",="4/10/2025",="PHARM130-A",
="800001204",="Present",="1/9/2025",="PHARM130-A",
="800001204",="Present",="1/16/2025",="PHARM130-A",
="800001204",="Present",="1/23/2025",="PHARM130-A",
="800001204",="Present",="1/30/2025",="PHARM130-A",
="800001204",="Present",="2/6/2025",="PHARM130-A",
="800001204",="Present",="2/13/2025",="PHARM130-A",
="800001204",="Present",="2/20/2025",="PHARM130-A",
="800001204",="Present",="3/13/2025",="PHARM130-A",
="800001204",="Present",="3/20/2025",="PHARM130-A",
="800001204",="Present",="3/27/2025",="PHARM130-A",
="800001204",="Present",="4/3/2025",="PHARM130-A",
="800001204",="Present",="4/10/2025",="PHARM130-A",
="800001534",="Present",="1/9/2025",="PHARM130-A",
="800001534",="Present",="1/16/2025",="PHARM130-A",
="800001534",="Present",="1/23/2025",="PHARM130-A",
="800001534",="Present",="1/30/2025",="PHARM130-A",
="800001534",="Present",="2/6/2025",="PHARM130-A",
="800001534",="Present",="2/13/2025",="PHARM130-A",
="800001534",="Present",="2/20/2025",="PHARM130-A",
="800001534",="Present",="3/13/2025",="PHARM130-A",
="800001534",="Present",="3/20/2025",="PHARM130-A",
="800001534",="Present",="3/27/2025",="PHARM130-A",
="800001534",="Present",="4/3/2025",="PHARM130-A",
="800001534",="Present",="4/10/2025",="PHARM130-A",
="800001529",="Present",="1/9/2025",="PHARM130-A",
="800001529",="Present",="1/16/2025",="PHARM130-A",
="800001529",="Present",="1/23/2025",="PHARM130-A",
="800001529",="Present",="1/30/2025",="PHARM130-A",
="800001529",="Present",="2/6/2025",="PHARM130-A",
="800001529",="Present",="2/13/2025",="PHARM130-A",
="800001529",="Present",="2/20/2025",="PHARM130-A",
="800001529",="Present",="3/13/2025",="PHARM130-A",
="800001529",="Present",="3/20/2025",="PHARM130-A",
="800001529",="Present",="3/27/2025",="PHARM130-A",
="800001529",="Present",="4/3/2025",="PHARM130-A",
="800001529",="Present",="4/10/2025",="PHARM130-A",
="800001532",="Present",="1/9/2025",="PHARM130-A",
="800001532",="Present",="1/16/2025",="PHARM130-A",
="800001532",="Present",="1/23/2025",="PHARM130-A",
="800001532",="Present",="1/30/2025",="PHARM130-A",
="800001532",="Present",="2/6/2025",="PHARM130-A",
="800001532",="Present",="2/13/2025",="PHARM130-A",
="800001532",="Present",="2/20/2025",="PHARM130-A",
="800001532",="Present",="3/13/2025",="PHARM130-A",
="800001532",="Present",="3/20/2025",="PHARM130-A",
="800001532",="Present",="3/27/2025",="PHARM130-A",
="800001532",="Present",="4/3/2025",="PHARM130-A",
="800001532",="Present",="4/10/2025",="PHARM130-A",
="800000952",="Present",="1/27/2025",="NUR135-A",
="800000952",="Present",="2/3/2025",="NUR135-A",
="800000952",="Present",="2/10/2025",="NUR135-A",
="800000952",="Present",="2/17/2025",="NUR135-A",
="800000952",="Present",="3/10/2025",="NUR135-A",
="800000952",="Present",="3/17/2025",="NUR135-A",
="800000952",="Present",="3/24/2025",="NUR135-A",
="800000952",="Present",="3/31/2025",="NUR135-A",
="800000952",="Present",="4/7/2025",="NUR135-A",
="800000952",="No class",="2/24/2025",="NUR135-L-A1",
="800000952",="Present",="3/3/2025",="NUR135-L-A1",
="800000952",="Present",="2/25/2025",="NUR135-S-A2",
="800000952",="Present",="3/4/2025",="NUR135-S-A2",
="800000852",="Present",="1/22/2025",="NUR270-P",
="800000852",="Present",="1/29/2025",="NUR270-P",
="800000852",="Present",="2/5/2025",="NUR270-P",
="800000852",="Present",="2/12/2025",="NUR270-P",
="800000852",="Present",="2/19/2025",="NUR270-P",
="800000852",="Present",="3/12/2025",="NUR270-P",
="800000852",="Present",="3/19/2025",="NUR270-P",
="800000852",="Present",="3/26/2025",="NUR270-P",
="800000852",="Present",="4/2/2025",="NUR270-P",
="800000852",="Present",="4/9/2025",="NUR270-P",
="800000852",="Present",="4/16/2025",="NUR270-P",
="800001557",="Present",="1/19/2025",="PSY101 -OL",
="800001557",="Present",="1/26/2025",="PSY101 -OL",
="800001557",="Present",="2/2/2025",="PSY101 -OL",
="800001557",="Present",="2/9/2025",="PSY101 -OL",
="800001557",="Present",="2/16/2025",="PSY101 -OL",
="800001557",="Present",="2/23/2025",="PSY101 -OL",
="800001557",="Present",="3/2/2025",="PSY101 -OL",
="800001557",="Present",="3/9/2025",="PSY101 -OL",
="800001557",="Present",="3/16/2025",="PSY101 -OL",
="800001557",="Present",="3/23/2025",="PSY101 -OL",
="800001557",="Present",="3/30/2025",="PSY101 -OL",
="800001557",="Present",="4/6/2025",="PSY101 -OL",
="800001557",="Present",="4/13/2025",="PSY101 -OL",
="800001484",="Present",="1/23/2025",="PHARM130-A",
="800001484",="Present",="1/30/2025",="PHARM130-A",
="800001484",="Present",="2/6/2025",="PHARM130-A",
="800001484",="Absent",="2/13/2025",="PHARM130-A",
="800001484",="Present",="2/20/2025",="PHARM130-A",
="800001484",="Present",="3/13/2025",="PHARM130-A",
="800001484",="Present",="3/27/2025",="PHARM130-A",
="800001484",="Present",="4/3/2025",="PHARM130-A",
="800001484",="Absent",="4/10/2025",="PHARM130-A",
="800001280",="Present",="1/26/2025",="ENG102 - OL",
="800001280",="Present",="2/2/2025",="ENG102 - OL",
="800001280",="Present",="2/9/2025",="ENG102 - OL",
="800001280",="Present",="2/16/2025",="ENG102 - OL",
="800001280",="Present",="2/23/2025",="ENG102 - OL",
="800001280",="Absent",="3/2/2025",="ENG102 - OL",
="800001280",="Absent",="3/9/2025",="ENG102 - OL",
="800001280",="Absent",="3/16/2025",="ENG102 - OL",
="800001259",="Present",="1/9/2025",="PHARM130-A",
="800001259",="Present",="1/16/2025",="PHARM130-A",
="800001259",="Present",="1/23/2025",="PHARM130-A",
="800001259",="Present",="1/30/2025",="PHARM130-A",
="800001259",="Present",="2/6/2025",="PHARM130-A",
="800001259",="Present",="2/13/2025",="PHARM130-A",
="800001259",="Present",="2/20/2025",="PHARM130-A",
="800001259",="Present",="3/6/2025",="PHARM130-A",
="800001259",="Present",="3/13/2025",="PHARM130-A",
="800001259",="Present",="3/20/2025",="PHARM130-A",
="800001259",="Present",="3/27/2025",="PHARM130-A",
="800001259",="Present",="4/3/2025",="PHARM130-A",
="800001259",="Present",="4/10/2025",="PHARM130-A",
="800000230",="Present",="1/9/2025",="PHARM130-A",
="800000230",="Present",="1/16/2025",="PHARM130-A",
="800000230",="Present",="1/23/2025",="PHARM130-A",
="800000230",="Present",="1/30/2025",="PHARM130-A",
="800000230",="Present",="2/6/2025",="PHARM130-A",
="800000230",="Present",="2/13/2025",="PHARM130-A",
="800000230",="Present",="2/20/2025",="PHARM130-A",
="800000230",="Present",="3/13/2025",="PHARM130-A",
="800000230",="Present",="3/20/2025",="PHARM130-A",
="800000230",="Present",="3/27/2025",="PHARM130-A",
="800000230",="Present",="4/3/2025",="PHARM130-A",
="800000230",="Present",="4/10/2025",="PHARM130-A",
="800001417",="Absent",="1/14/2025",="NUR100-L-P1",
="800001417",="Present",="1/21/2025",="NUR100-L-P1",
="800001417",="Present",="1/28/2025",="NUR100-L-P1",
="800001417",="Absent",="2/4/2025",="NUR100-L-P1",
="800001417",="Absent",="2/11/2025",="NUR100-L-P1",
="800001417",="Absent",="2/18/2025",="NUR100-L-P1",
="800001417",="No class",="2/25/2025",="NUR100-L-P1",
="800001417",="Present",="3/3/2025",="NUR100-L-P1",
="800001417",="Present",="3/4/2025",="NUR100-L-P1",
="800001417",="Absent",="3/25/2025",="NUR100-L-P1",
="800001417",="Absent",="4/1/2025",="NUR100-L-P1",
="800001417",="Absent",="4/8/2025",="NUR100-L-P1",
="800001417",="Present",="4/14/2025",="NUR100-L-P1",
="800001417",="Present",="4/15/2025",="NUR100-L-P1",
="800001417",="Present",="4/16/2025",="NUR100-L-P1",
="800001417",="Absent",="3/4/2025",="NUR100-C-P1",
="800001417",="Present",="4/22/2025",="NUR100-C-P1",
="800001417",="Present",="1/13/2025",="NUR100-P",
="800001417",="Present",="1/27/2025",="NUR100-P",
="800001417",="Present",="2/3/2025",="NUR100-P",
="800001417",="Present",="2/10/2025",="NUR100-P",
="800001417",="Present",="2/17/2025",="NUR100-P",
="800001417",="Present",="3/10/2025",="NUR100-P",
="800001417",="Present",="3/17/2025",="NUR100-P",
="800001417",="Present",="3/24/2025",="NUR100-P",
="800001417",="Present",="3/31/2025",="NUR100-P",
="800001417",="Present",="4/7/2025",="NUR100-P",
="800000952",="Present",="1/9/2025",="PHARM130-A",
="800000952",="Present",="1/16/2025",="PHARM130-A",
="800000952",="Present",="1/23/2025",="PHARM130-A",
="800000952",="Present",="1/30/2025",="PHARM130-A",
="800000952",="Present",="2/6/2025",="PHARM130-A",
="800000952",="Present",="2/13/2025",="PHARM130-A",
="800000952",="Present",="2/20/2025",="PHARM130-A",
="800000952",="Present",="3/13/2025",="PHARM130-A",
="800000952",="Present",="3/20/2025",="PHARM130-A",
="800000952",="Present",="3/27/2025",="PHARM130-A",
="800000952",="Present",="4/3/2025",="PHARM130-A",
="800000952",="Present",="4/10/2025",="PHARM130-A",
="800001460",="Present",="1/23/2025",="PHARM130-A",
="800001460",="Present",="1/30/2025",="PHARM130-A",
="800001460",="Present",="2/6/2025",="PHARM130-A",
="800001460",="Absent",="2/13/2025",="PHARM130-A",
="800001460",="Absent",="2/20/2025",="PHARM130-A",
="800001460",="Absent",="3/13/2025",="PHARM130-A",
="800001460",="Absent",="3/27/2025",="PHARM130-A",
="800001445",="Present",="1/9/2025",="PHARM130-A",
="800001445",="Present",="1/16/2025",="PHARM130-A",
="800001445",="Present",="1/23/2025",="PHARM130-A",
="800001445",="Present",="1/30/2025",="PHARM130-A",
="800001445",="Present",="2/6/2025",="PHARM130-A",
="800001445",="Present",="2/13/2025",="PHARM130-A",
="800001445",="Present",="2/20/2025",="PHARM130-A",
="800001445",="Present",="3/13/2025",="PHARM130-A",
="800001445",="Present",="3/20/2025",="PHARM130-A",
="800001445",="Present",="3/27/2025",="PHARM130-A",
="800001445",="Present",="4/3/2025",="PHARM130-A",
="800001445",="Present",="4/10/2025",="PHARM130-A",
="800001530",="Present",="1/9/2025",="PHARM130-A",
="800001530",="Present",="1/16/2025",="PHARM130-A",
="800001530",="Present",="1/23/2025",="PHARM130-A",
="800001530",="Present",="1/30/2025",="PHARM130-A",
="800001530",="Present",="2/6/2025",="PHARM130-A",
="800001530",="Present",="2/13/2025",="PHARM130-A",
="800001530",="Present",="2/20/2025",="PHARM130-A",
="800001530",="Present",="3/13/2025",="PHARM130-A",
="800001530",="Present",="3/20/2025",="PHARM130-A",
="800001530",="Present",="3/27/2025",="PHARM130-A",
="800001530",="Present",="4/3/2025",="PHARM130-A",
="800001530",="Present",="4/10/2025",="PHARM130-A",
="800001303",="Present",="1/9/2025",="PHARM130-A",
="800001303",="Present",="1/16/2025",="PHARM130-A",
="800001303",="Present",="1/30/2025",="PHARM130-A",
="800001303",="Present",="2/6/2025",="PHARM130-A",
="800001303",="Present",="2/13/2025",="PHARM130-A",
="800001303",="Present",="2/20/2025",="PHARM130-A",
="800001303",="Present",="3/13/2025",="PHARM130-A",
="800001303",="Present",="3/20/2025",="PHARM130-A",
="800001303",="Present",="3/27/2025",="PHARM130-A",
="800001303",="Present",="4/3/2025",="PHARM130-A",
="800001303",="Present",="4/10/2025",="PHARM130-A",
="800001394",="Present",="1/9/2025",="PHARM130-A",
="800001394",="Present",="1/16/2025",="PHARM130-A",
="800001394",="Present",="1/23/2025",="PHARM130-A",
="800001394",="Present",="1/30/2025",="PHARM130-A",
="800001394",="Present",="2/6/2025",="PHARM130-A",
="800001394",="Present",="2/13/2025",="PHARM130-A",
="800001394",="Present",="2/20/2025",="PHARM130-A",
="800001394",="Present",="3/13/2025",="PHARM130-A",
="800001394",="Present",="3/20/2025",="PHARM130-A",
="800001394",="Present",="3/27/2025",="PHARM130-A",
="800001394",="Present",="4/3/2025",="PHARM130-A",
="800001394",="Present",="4/10/2025",="PHARM130-A",
="800001485",="Present",="1/9/2025",="PHARM130-A",
="800001485",="Present",="1/16/2025",="PHARM130-A",
="800001485",="Present",="1/23/2025",="PHARM130-A",
="800001485",="Present",="1/30/2025",="PHARM130-A",
="800001485",="Present",="2/6/2025",="PHARM130-A",
="800001485",="Present",="2/13/2025",="PHARM130-A",
="800001485",="Present",="2/20/2025",="PHARM130-A",
="800001485",="Present",="3/13/2025",="PHARM130-A",
="800001485",="Present",="3/20/2025",="PHARM130-A",
="800001485",="Present",="3/27/2025",="PHARM130-A",
="800001485",="Present",="4/3/2025",="PHARM130-A",
="800001485",="Present",="4/10/2025",="PHARM130-A",
="800001425",="Present",="1/9/2025",="PHARM130-A",
="800001425",="Present",="1/16/2025",="PHARM130-A",
="800001425",="Present",="1/23/2025",="PHARM130-A",
="800001425",="Present",="1/30/2025",="PHARM130-A",
="800001425",="Present",="2/6/2025",="PHARM130-A",
="800001425",="Absent",="2/13/2025",="PHARM130-A",
="800001425",="Present",="2/20/2025",="PHARM130-A",
="800001425",="Present",="3/13/2025",="PHARM130-A",
="800001425",="Present",="3/20/2025",="PHARM130-A",
="800001425",="Present",="3/27/2025",="PHARM130-A",
="800001425",="Present",="4/3/2025",="PHARM130-A",
="800001425",="Present",="4/10/2025",="PHARM130-A",
="800000904",="Present",="1/22/2025",="NUR155-P",
="800000904",="Present",="1/29/2025",="NUR155-P",
="800000904",="Present",="2/5/2025",="NUR155-P",
="800000904",="Present",="2/12/2025",="NUR155-P",
="800000904",="Present",="2/19/2025",="NUR155-P",
="800000904",="Present",="2/26/2025",="NUR155-P",
="800000904",="Present",="3/5/2025",="NUR155-P",
="800000904",="Present",="3/12/2025",="NUR155-P",
="800000904",="Present",="3/19/2025",="NUR155-P",
="800000904",="Present",="3/26/2025",="NUR155-P",
="800000904",="Present",="4/2/2025",="NUR155-P",
="800000904",="Present",="4/9/2025",="NUR155-P",
="800000904",="Present",="4/16/2025",="NUR155-P",
="800001315",="No class",="2/19/2025",="NUR120-L-A1",
="800001315",="Present",="2/24/2025",="NUR120-L-A1",
="800001315",="No class",="2/28/2025",="NUR120-L-A1",
="800001315",="No class",="3/5/2025",="NUR120-L-A1",
="800001315",="Present",="1/28/2025",="NUR120-A",
="800001315",="Present",="2/4/2025",="NUR120-A",
="800001315",="Present",="2/11/2025",="NUR120-A",
="800001315",="Present",="2/18/2025",="NUR120-A",
="800001315",="Present",="3/11/2025",="NUR120-A",
="800001315",="Present",="3/18/2025",="NUR120-A",
="800001315",="Present",="3/25/2025",="NUR120-A",
="800001315",="Present",="4/1/2025",="NUR120-A",
="800001315",="Present",="4/8/2025",="NUR120-A",
="800000708",="Present",="1/9/2025",="PHARM130-A",
="800000708",="Present",="1/16/2025",="PHARM130-A",
="800000708",="Present",="1/23/2025",="PHARM130-A",
="800000708",="Present",="1/30/2025",="PHARM130-A",
="800000708",="Present",="2/6/2025",="PHARM130-A",
="800000708",="Present",="2/13/2025",="PHARM130-A",
="800000708",="Present",="2/20/2025",="PHARM130-A",
="800000708",="Present",="3/13/2025",="PHARM130-A",
="800000708",="Present",="3/20/2025",="PHARM130-A",
="800000708",="Present",="3/27/2025",="PHARM130-A",
="800000708",="Present",="4/3/2025",="PHARM130-A",
="800000708",="Present",="4/10/2025",="PHARM130-A",
="800001029",="Present",="1/9/2025",="PHARM130-A",
="800001029",="Present",="1/16/2025",="PHARM130-A",
="800001029",="Present",="1/23/2025",="PHARM130-A",
="800001029",="Absent",="1/30/2025",="PHARM130-A",
="800001029",="Present",="2/6/2025",="PHARM130-A",
="800001029",="Present",="2/13/2025",="PHARM130-A",
="800001029",="Present",="2/20/2025",="PHARM130-A",
="800001029",="Present",="3/13/2025",="PHARM130-A",
="800001029",="Present",="3/20/2025",="PHARM130-A",
="800001029",="Present",="3/27/2025",="PHARM130-A",
="800001029",="Present",="4/3/2025",="PHARM130-A",
="800001029",="Present",="4/10/2025",="PHARM130-A",
="800001549",="Present",="1/9/2025",="PHARM130-A",
="800001549",="Present",="1/16/2025",="PHARM130-A",
="800001549",="Present",="1/23/2025",="PHARM130-A",
="800001549",="Present",="1/30/2025",="PHARM130-A",
="800001549",="Present",="2/6/2025",="PHARM130-A",
="800001549",="Present",="2/13/2025",="PHARM130-A",
="800001549",="Present",="2/20/2025",="PHARM130-A",
="800001549",="Present",="3/13/2025",="PHARM130-A",
="800001549",="Present",="3/20/2025",="PHARM130-A",
="800001549",="Present",="3/27/2025",="PHARM130-A",
="800001549",="Present",="4/3/2025",="PHARM130-A",
="800001549",="Present",="4/10/2025",="PHARM130-A",
="800001436",="Present",="1/9/2025",="PHARM130-A",
="800001436",="Present",="1/16/2025",="PHARM130-A",
="800001436",="Present",="1/23/2025",="PHARM130-A",
="800001436",="Present",="1/30/2025",="PHARM130-A",
="800001436",="Present",="2/6/2025",="PHARM130-A",
="800001436",="Present",="2/13/2025",="PHARM130-A",
="800001436",="Present",="2/20/2025",="PHARM130-A",
="800001436",="Present",="3/13/2025",="PHARM130-A",
="800001436",="Present",="3/20/2025",="PHARM130-A",
="800001436",="Present",="3/27/2025",="PHARM130-A",
="800001436",="Present",="4/3/2025",="PHARM130-A",
="800001436",="Present",="4/10/2025",="PHARM130-A",
="800001625",="Present",="1/14/2025",="NUR100-L-P2",
="800001625",="Present",="1/21/2025",="NUR100-L-P2",
="800001625",="Present",="1/28/2025",="NUR100-L-P2",
="800001625",="Present",="2/4/2025",="NUR100-L-P2",
="800001625",="Present",="2/11/2025",="NUR100-L-P2",
="800001625",="Present",="2/18/2025",="NUR100-L-P2",
="800001625",="Present",="2/25/2025",="NUR100-L-P2",
="800001625",="No class",="2/28/2025",="NUR100-L-P2",
="800001625",="Present",="3/4/2025",="NUR100-L-P2",
="800001625",="No class",="3/5/2025",="NUR100-L-P2",
="800001625",="No class",="3/6/2025",="NUR100-L-P2",
="800001625",="Present",="3/25/2025",="NUR100-L-P2",
="800001625",="Present",="4/1/2025",="NUR100-L-P2",
="800001625",="Present",="4/8/2025",="NUR100-L-P2",
="800000608",="Present",="4/14/2025",="NUR290 -A-1",
="800000608",="Present",="4/28/2025",="NUR290 -A-1",
="800000608",="Present",="5/2/2025",="NUR290 -A-1",
="800001657",="Absent",="1/14/2025",="NUR100-L-P1",
="800001657",="Present",="1/21/2025",="NUR100-L-P1",
="800001657",="Present",="1/28/2025",="NUR100-L-P1",
="800001657",="Present",="2/4/2025",="NUR100-L-P1",
="800001657",="Present",="2/11/2025",="NUR100-L-P1",
="800001657",="Present",="2/18/2025",="NUR100-L-P1",
="800001657",="Present",="2/25/2025",="NUR100-L-P1",
="800001657",="No class",="3/4/2025",="NUR100-L-P1",
="800001657",="Present",="3/25/2025",="NUR100-L-P1",
="800001657",="Present",="4/1/2025",="NUR100-L-P1",
="800001657",="Present",="4/8/2025",="NUR100-L-P1",
="800001644",="Present",="1/14/2025",="NUR100-L-P1",
="800001644",="Present",="1/21/2025",="NUR100-L-P1",
="800001644",="Present",="1/28/2025",="NUR100-L-P1",
="800001644",="Present",="2/4/2025",="NUR100-L-P1",
="800001644",="Present",="2/11/2025",="NUR100-L-P1",
="800001644",="Present",="2/18/2025",="NUR100-L-P1",
="800001644",="No class",="2/25/2025",="NUR100-L-P1",
="800001644",="No class",="3/4/2025",="NUR100-L-P1",
="800001644",="Present",="3/25/2025",="NUR100-L-P1",
="800001644",="Present",="4/1/2025",="NUR100-L-P1",
="800001644",="Present",="4/8/2025",="NUR100-L-P1",
="800001528",="Present",="1/14/2025",="NUR100-L-P1",
="800001528",="Present",="1/21/2025",="NUR100-L-P1",
="800001528",="Present",="1/28/2025",="NUR100-L-P1",
="800001528",="Present",="2/4/2025",="NUR100-L-P1",
="800001528",="Present",="2/11/2025",="NUR100-L-P1",
="800001528",="Present",="2/18/2025",="NUR100-L-P1",
="800001528",="No class",="2/25/2025",="NUR100-L-P1",
="800001528",="No class",="3/4/2025",="NUR100-L-P1",
="800001528",="Present",="3/25/2025",="NUR100-L-P1",
="800001528",="Present",="4/1/2025",="NUR100-L-P1",
="800001528",="Present",="4/8/2025",="NUR100-L-P1",
="800000852",="Present",="4/14/2025",="NUR290 -A-1",
="800000852",="Present",="4/28/2025",="NUR290 -A-1",
="800000852",="Present",="5/2/2025",="NUR290 -A-1",
="770045261",="Present",="3/2/2025",="NUR302 - OL",
="770045261",="Present",="3/9/2025",="NUR302 - OL",
="770045261",="Present",="3/16/2025",="NUR302 - OL",
="770045261",="Present",="3/23/2025",="NUR302 - OL",
="770045261",="Present",="4/6/2025",="NUR302 - OL",
="770045261",="Present",="4/13/2025",="NUR302 - OL",
="770045261",="Present",="4/20/2025",="NUR302 - OL",
="770045261",="Present",="3/9/2025",="NUR301 - OL",
="770045261",="Present",="3/16/2025",="NUR301 - OL",
="770045261",="Present",="3/23/2025",="NUR301 - OL",
="770045261",="Present",="3/30/2025",="NUR301 - OL",
="770045261",="Present",="4/13/2025",="NUR301 - OL",
="800001540",="Present",="3/8/2025",="NUR100-C-A2",
="800001540",="Present",="4/26/2025",="NUR100-C-A2",
="800001558",="Absent",="3/8/2025",="NUR100-C-A2",
="800001558",="Present",="4/26/2025",="NUR100-C-A2",
="800001580",="Present",="3/8/2025",="NUR100-C-A2",
="800001580",="Absent",="4/26/2025",="NUR100-C-A2",
="800001605",="Present",="3/8/2025",="NUR100-C-A2",
="800001605",="Present",="4/26/2025",="NUR100-C-A2",
="770000745",="Present",="3/1/2025",="NUR100-C-A1",
="770000745",="Present",="4/19/2025",="NUR100-C-A1",
="800001257",="Present",="3/1/2025",="NUR100-C-A1",
="800001257",="Present",="4/19/2025",="NUR100-C-A1",
="800001265",="Present",="3/1/2025",="NUR100-C-A1",
="800001265",="Present",="4/19/2025",="NUR100-C-A1",
="800001498",="Present",="3/1/2025",="NUR100-C-A1",
="800001498",="Present",="4/19/2025",="NUR100-C-A1",
="800001506",="Present",="3/1/2025",="NUR100-C-A1",
="800001506",="Present",="4/19/2025",="NUR100-C-A1",
="800001525",="Present",="3/1/2025",="NUR100-C-A1",
="800001525",="Present",="4/19/2025",="NUR100-C-A1",
="800001629",="Absent",="2/25/2025",="NUR100-C-A3",
="800001646",="Present",="2/25/2025",="NUR100-C-A3",
="800001665",="Present",="2/25/2025",="NUR100-C-A3",
="800001666",="Present",="2/25/2025",="NUR100-C-A3",
="800001688",="Present",="2/25/2025",="NUR100-C-A3",
="800001696",="Present",="2/25/2025",="NUR100-C-A3",
="770062456",="Present",="3/4/2025",="NUR100-C-P1",
="770062456",="Present",="4/22/2025",="NUR100-C-P1",
="800001001",="Present",="3/4/2025",="NUR100-C-P1",
="800001001",="Present",="4/22/2025",="NUR100-C-P1",
="800001308",="Present",="3/4/2025",="NUR100-C-P1",
="800001308",="Absent",="4/22/2025",="NUR100-C-P1",
="800001443",="Present",="3/4/2025",="NUR100-C-P1",
="800001443",="Present",="4/22/2025",="NUR100-C-P1",
="800001459",="Present",="3/4/2025",="NUR100-C-P1",
="800001459",="Present",="4/22/2025",="NUR100-C-P1",
="800001701",="Present",="3/4/2025",="NUR100-C-P1",
="800001701",="Present",="4/22/2025",="NUR100-C-P1",
="800001697",="Present",="3/4/2025",="NUR100-C-P1",
="800001697",="Present",="4/22/2025",="NUR100-C-P1",
="800001495",="Present",="4/15/2025",="NUR100-C-P2",
="800001528",="Present",="4/15/2025",="NUR100-C-P2",
="800001543",="Present",="4/15/2025",="NUR100-C-P2",
="800001557",="Present",="4/15/2025",="NUR100-C-P2",
="800001572",="Present",="4/15/2025",="NUR100-C-P2",
="800001586",="Present",="4/15/2025",="NUR100-C-P2",
="800001587",="Present",="4/15/2025",="NUR100-C-P2",
="800001657",="Present",="4/22/2025",="NUR100-C-P3",
="800001681",="Present",="4/22/2025",="NUR100-C-P3",
="800001695",="Present",="4/22/2025",="NUR100-C-P3",
="800001691",="Present",="4/22/2025",="NUR100-C-P3",
="800000785",="Present",="4/12/2025",="NUR120-C-A1",
="800000785",="Present",="4/19/2025",="NUR120-C-A1",
="800000785",="Present",="4/26/2025",="NUR120-C-A1",
="800001315",="Present",="4/12/2025",="NUR120-C-A1",
="800001315",="Present",="4/19/2025",="NUR120-C-A1",
="800001315",="Present",="4/26/2025",="NUR120-C-A1",
="800001403",="Present",="4/12/2025",="NUR120-C-A1",
="800001403",="Present",="4/19/2025",="NUR120-C-A1",
="800001403",="Present",="4/26/2025",="NUR120-C-A1",
="800001484",="Present",="4/14/2025",="NUR120-C-A2",
="800001484",="Present",="4/19/2025",="NUR120-C-A2",
="800001484",="Present",="4/21/2025",="NUR120-C-A2",
="800001484",="Present",="4/24/2025",="NUR120-C-A2",
="800001529",="Present",="4/14/2025",="NUR120-C-A2",
="800001529",="Present",="4/19/2025",="NUR120-C-A2",
="800001529",="Present",="4/21/2025",="NUR120-C-A2",
="800001529",="Present",="4/24/2025",="NUR120-C-A2",
="800001532",="Present",="4/14/2025",="NUR120-C-A2",
="800001532",="Present",="4/19/2025",="NUR120-C-A2",
="800001532",="Present",="4/21/2025",="NUR120-C-A2",
="800001532",="Present",="4/24/2025",="NUR120-C-A2",
="800001445",="Present",="4/14/2025",="NUR120-C-A2",
="800001445",="Present",="4/19/2025",="NUR120-C-A2",
="800001445",="Present",="4/21/2025",="NUR120-C-A2",
="800001445",="Present",="4/24/2025",="NUR120-C-A2",
="800001030",="No class",="4/14/2025",="NUR120-C-P1",
="800001360",="No class",="4/14/2025",="NUR120-C-P1",
="800001530",="No class",="4/14/2025",="NUR120-C-P1",
="800001425",="No class",="4/28/2025",="NUR120-C-P2",
="800001436",="Present",="4/28/2025",="NUR120-C-P2",
="800001436",="Present",="5/2/2025",="NUR120-C-P2",
="800001473",="Present",="4/25/2025",="NUR120-C-P2",
="800001473",="Present",="4/28/2025",="NUR120-C-P2",
="800001473",="Present",="5/2/2025",="NUR120-C-P2",
="800001489",="Absent",="4/28/2025",="NUR120-C-P2",
="800001505",="Present",="4/25/2025",="NUR120-C-P2",
="800001505",="Present",="4/28/2025",="NUR120-C-P2",
="800001505",="Present",="5/2/2025",="NUR120-C-P2",
="800001511",="Present",="4/25/2025",="NUR120-C-P2",
="800001511",="Present",="4/28/2025",="NUR120-C-P2",
="800001511",="Present",="5/2/2025",="NUR120-C-P2",
="800001198",="Present",="4/25/2025",="NUR140 -C-A2",
="800001198",="Present",="4/26/2025",="NUR140 -C-A2",
="800001351",="Absent",="4/25/2025",="NUR140 -C-A2",
="800001351",="Present",="4/26/2025",="NUR140 -C-A2",
="800000941",="Present",="4/19/2025",="NUR140-C-A1",
="800001292",="Present",="4/19/2025",="NUR140-C-A1",
="800001410",="Present",="4/19/2025",="NUR140-C-A1",
="800001298",="Present",="4/25/2025",="NUR140 -C-A2",
="800001298",="Present",="4/26/2025",="NUR140 -C-A2",
="800000800",="Present",="2/28/2025",="NUR150-C-A1",
="800000941",="Present",="2/28/2025",="NUR150-C-A1",
="800001292",="Present",="2/28/2025",="NUR150-C-A1",
="800000934",="Present",="4/21/2025",="NUR216-C-P1",
="800001147",="Present",="4/21/2025",="NUR216-C-P1",
="800001276",="Present",="4/21/2025",="NUR216-C-P1",
="770000107",="Present",="4/14/2025",="NUR236-C-P1",
="770000107",="Present",="4/21/2025",="NUR236-C-P1",
="770000107",="Present",="4/25/2025",="NUR236-C-P1",
="800000600",="Present",="3/31/2025",="NUR255-C-P1",
="800001068",="Present",="3/7/2025",="NUR255-C-P2",
="800001068",="Present",="3/8/2025",="NUR255-C-P2",
="800001129",="Present",="3/7/2025",="NUR255-C-P2",
="800001129",="Present",="3/8/2025",="NUR255-C-P2",
="800001234",="Present",="3/7/2025",="NUR255-C-P2",
="800001234",="Present",="3/8/2025",="NUR255-C-P2",
="800000774",="Present",="1/16/2025",="NUR 256-P",
="800000774",="Present",="1/23/2025",="NUR 256-P",
="800000774",="Present",="1/30/2025",="NUR 256-P",
="800000774",="Present",="2/6/2025",="NUR 256-P",
="800000774",="Present",="2/13/2025",="NUR 256-P",
="800000774",="Present",="2/20/2025",="NUR 256-P",
="800000774",="Present",="2/27/2025",="NUR 256-P",
="800000774",="Present",="3/6/2025",="NUR 256-P",
="800000774",="Present",="3/13/2025",="NUR 256-P",
="800000762",="Present",="1/16/2025",="NUR 256-P",
="800000762",="Present",="1/23/2025",="NUR 256-P",
="800000762",="Absent",="1/30/2025",="NUR 256-P",
="800000762",="Present",="2/6/2025",="NUR 256-P",
="800000762",="Present",="2/13/2025",="NUR 256-P",
="800000762",="Present",="2/20/2025",="NUR 256-P",
="800000762",="Present",="2/27/2025",="NUR 256-P",
="800000762",="Present",="3/6/2025",="NUR 256-P",
="800000762",="Present",="3/13/2025",="NUR 256-P",
="800000762",="Present",="3/5/2025",="NUR300",
="800000762",="Present",="3/7/2025",="NUR300",
="800000762",="Present",="3/12/2025",="NUR300",
="800000762",="Present",="3/14/2025",="NUR300",
="800000762",="Present",="3/19/2025",="NUR300",
="800000762",="Present",="3/21/2025",="NUR300",
="800000762",="Present",="3/26/2025",="NUR300",
="800000762",="Present",="3/28/2025",="NUR300",
="800000762",="Present",="4/2/2025",="NUR300",
="800000762",="Present",="4/4/2025",="NUR300",
="800000762",="Present",="4/9/2025",="NUR300",
="800000762",="Present",="4/11/2025",="NUR300",
="800000762",="Present",="4/16/2025",="NUR300",
="800000762",="Present",="4/23/2025",="NUR300",
="800000762",="Present",="4/25/2025",="NUR300",
="800001466",="Present",="1/16/2025",="NUR205-L-P1",
="800001466",="Present",="1/23/2025",="NUR205-L-P1",
="800001466",="Present",="1/30/2025",="NUR205-L-P1",
="800001466",="Present",="2/6/2025",="NUR205-L-P1",
="800001466",="Present",="2/13/2025",="NUR205-L-P1",
="800001466",="Present",="2/20/2025",="NUR205-L-P1",
="800001466",="Present",="2/27/2025",="NUR205-L-P1",
="800001466",="Present",="3/6/2025",="NUR205-L-P1",
="800001466",="Present",="3/13/2025",="NUR205-L-P1",
="800001466",="Present",="3/20/2025",="NUR205-L-P1",
="800000952",="Present",="4/14/2025",="NUR120-C-A2",
="800000952",="Present",="4/19/2025",="NUR120-C-A2",
="800000952",="Present",="4/21/2025",="NUR120-C-A2",
="800000952",="Present",="4/24/2025",="NUR120-C-A2",
="800000708",="Present",="4/14/2025",="NUR120-C-A2",
="800000708",="Present",="4/19/2025",="NUR120-C-A2",
="800000708",="Present",="4/21/2025",="NUR120-C-A2",
="800000708",="Present",="4/24/2025",="NUR120-C-A2",
="800001360",="Present",="2/25/2025",="NUR135-S-A1",
="800001436",="Present",="2/25/2025",="NUR135-S-A2",
="800001436",="Present",="3/4/2025",="NUR135-S-A2",
="800001489",="Present",="2/25/2025",="NUR135-S-A2",
="800001489",="Present",="3/4/2025",="NUR135-S-A2",
="800000708",="Present",="2/25/2025",="NUR135-S-A2",
="800000708",="Present",="3/4/2025",="NUR135-S-A2",
="800001303",="Present",="2/25/2025",="NUR135-S-A2",
="800001303",="Present",="3/4/2025",="NUR135-S-A2",
="800001378",="Present",="2/28/2025",="NUR150-C-A1",
="770000433",="Present",="2/26/2025",="NUR265-C-P1",
="770000433",="Present",="3/5/2025",="NUR265-C-P1",
="770000433",="Present",="3/6/2025",="NUR265-C-P1",
="800000941",="Present",="2/26/2025",="NUR145-S-A1",
="800000941",="Present",="3/5/2025",="NUR145-S-A1",
="800001100",="Present",="2/26/2025",="NUR145-S-A1",
="800001100",="Present",="3/5/2025",="NUR145-S-A1",
="800001300",="Present",="2/26/2025",="NUR145-S-A1",
="800001300",="Present",="3/5/2025",="NUR145-S-A1",
="800001408",="Present",="2/26/2025",="NUR145-S-A1",
="800001408",="Present",="3/5/2025",="NUR145-S-A1",
="800000942",="Present",="2/26/2025",="NUR145-S-A1",
="800000942",="Present",="3/5/2025",="NUR145-S-A1",
="800001363",="Present",="2/26/2025",="NUR145-S-A2",
="800001363",="Present",="3/5/2025",="NUR145-S-A2",
="800001325",="Present",="2/26/2025",="NUR145-S-A2",
="800001325",="Present",="3/5/2025",="NUR145-S-A2",
="800001378",="Present",="2/26/2025",="NUR145-S-A2",
="800001378",="Present",="3/5/2025",="NUR145-S-A2",
="800001324",="Present",="2/26/2025",="NUR145-S-A2",
="800001324",="Present",="3/5/2025",="NUR145-S-A2",
="800001318",="Present",="2/24/2025",="NUR145-S-A3",
="800001318",="Present",="3/5/2025",="NUR145-S-A3",
="800000659",="Present",="2/24/2025",="NUR145-S-A3",
="800000659",="Present",="3/5/2025",="NUR145-S-A3",
="800001259",="Present",="2/24/2025",="NUR145-S-A3",
="800001259",="Present",="3/5/2025",="NUR145-S-A3",
="800001031",="Present",="2/24/2025",="NUR145-S-A3",
="800001031",="Present",="3/5/2025",="NUR145-S-A3",
="800001415",="Present",="4/12/2025",="NUR120-C-A1",
="800001415",="Present",="4/19/2025",="NUR120-C-A1",
="800001415",="Present",="4/26/2025",="NUR120-C-A1",
="800001419",="Present",="4/12/2025",="NUR120-C-A1",
="800001419",="Present",="4/19/2025",="NUR120-C-A1",
="800001419",="Absent",="4/26/2025",="NUR120-C-A1",
="800001691",="Present",="4/19/2025",="NUR100-C-A1",
="800000762",="Present",="3/7/2025",="NUR255-C-P2",
="800000762",="Present",="3/8/2025",="NUR255-C-P2",
