Student Id Number,Attendance Type,Attendance Date,Class Name,
="800001458",="Present",="8/29/2024",="PSY101 -A",
="800001458",="Present",="9/5/2024",="PSY101 -A",
="800001458",="Present",="9/12/2024",="PSY101 -A",
="800001458",="Absent",="9/19/2024",="PSY101 -A",
="800001458",="Present",="9/26/2024",="PSY101 -A",
="800001458",="Absent",="10/10/2024",="PSY101 -A",
="800001458",="Present",="10/17/2024",="PSY101 -A",
="800001458",="Present",="10/31/2024",="PSY101 -A",
="800001458",="Absent",="11/7/2024",="PSY101 -A",
="800001458",="Present",="11/14/2024",="PSY101 -A",
="800001458",="Present",="11/21/2024",="PSY101 -A",
="800001458",="Present",="8/30/2024",="COL010 -A",
="800001458",="Present",="9/6/2024",="COL010 -A",
="800001458",="Present",="9/13/2024",="COL010 -A",
="800001458",="Present",="9/20/2024",="COL010 -A",
="800001479",="Present",="8/27/2024",="AP100-A",
="800001479",="Present",="9/3/2024",="AP100-A",
="800001479",="Absent",="9/10/2024",="AP100-A",
="800001479",="Present",="9/17/2024",="AP100-A",
="800001479",="Present",="9/24/2024",="AP100-A",
="800001479",="Present",="10/1/2024",="AP100-A",
="800001479",="Absent",="10/8/2024",="AP100-A",
="800001479",="Absent",="10/15/2024",="AP100-A",
="800001479",="Absent",="10/22/2024",="AP100-A",
="800001479",="Absent",="10/29/2024",="AP100-A",
="800001479",="Present",="8/30/2024",="COL010 -A",
="800001479",="Absent",="9/6/2024",="COL010 -A",
="800001479",="Present",="9/13/2024",="COL010 -A",
="800001479",="Present",="9/20/2024",="COL010 -A",
="800001443",="Present",="9/1/2024",="COL010 - OL I",
="800001443",="Present",="9/8/2024",="COL010 - OL I",
="800001443",="Present",="9/15/2024",="COL010 - OL I",
="800001443",="Present",="9/22/2024",="COL010 - OL I",
="800001443",="Present",="8/30/2024",="ENG101 -P",
="800001443",="Absent",="9/6/2024",="ENG101 -P",
="800001443",="Absent",="9/13/2024",="ENG101 -P",
="800001443",="Absent",="9/20/2024",="ENG101 -P",
="800001443",="Absent",="9/27/2024",="ENG101 -P",
="800001443",="Present",="10/4/2024",="ENG101 -P",
="800001443",="Present",="10/11/2024",="ENG101 -P",
="800001443",="Present",="10/18/2024",="ENG101 -P",
="800001443",="Present",="10/25/2024",="ENG101 -P",
="800001443",="Present",="11/1/2024",="ENG101 -P",
="800001443",="Present",="11/8/2024",="ENG101 -P",
="800001443",="Present",="11/15/2024",="ENG101 -P",
="800001443",="Present",="11/22/2024",="ENG101 -P",
="800001443",="Present",="10/2/2024",="PHARM100-P",
="800001443",="Present",="10/9/2024",="PHARM100-P",
="800001443",="Present",="10/16/2024",="PHARM100-P",
="800001443",="Present",="10/23/2024",="PHARM100-P",
="800001443",="Present",="10/30/2024",="PHARM100-P",
="800001443",="Present",="11/6/2024",="PHARM100-P",
="800001443",="Present",="11/13/2024",="PHARM100-P",
="800001443",="Present",="8/27/2024",="AP100-P",
="800001443",="Present",="9/3/2024",="AP100-P",
="800001443",="Present",="9/10/2024",="AP100-P",
="800001443",="Absent",="9/17/2024",="AP100-P",
="800001443",="Present",="9/24/2024",="AP100-P",
="800001443",="Present",="10/1/2024",="AP100-P",
="800001443",="Present",="10/8/2024",="AP100-P",
="800001443",="Present",="10/15/2024",="AP100-P",
="800001443",="Present",="10/22/2024",="AP100-P",
="800001443",="Present",="10/29/2024",="AP100-P",
="800001443",="Present",="11/5/2024",="AP100-P",
="800001443",="Present",="11/12/2024",="AP100-P",
="800001443",="Present",="11/19/2024",="AP100-P",
="800001443",="Present",="11/26/2024",="AP100-P",
="800001443",="Present",="12/3/2024",="AP100-P",
="800001204",="Present",="8/30/2024",="COL010 -A",
="800001204",="Present",="9/6/2024",="COL010 -A",
="800001204",="Present",="9/13/2024",="COL010 -A",
="800001204",="Present",="9/20/2024",="COL010 -A",
="800001204",="Present",="10/15/2024",="NUR100-C-A1",
="800001204",="Present",="12/3/2024",="NUR100-C-A1",
="800001204",="Tardy/Late",="9/26/2024",="PHARM100-A",
="800001204",="Present",="10/3/2024",="PHARM100-A",
="800001204",="Present",="10/10/2024",="PHARM100-A",
="800001204",="Present",="10/17/2024",="PHARM100-A",
="800001204",="Present",="10/24/2024",="PHARM100-A",
="800001204",="Present",="10/31/2024",="PHARM100-A",
="800001204",="Present",="11/7/2024",="PHARM100-A",
="800001204",="Present",="11/14/2024",="PHARM100-A",
="800001204",="Present",="8/27/2024",="AP100-A",
="800001204",="Present",="9/3/2024",="AP100-A",
="800001204",="Present",="9/10/2024",="AP100-A",
="800001204",="Present",="9/17/2024",="AP100-A",
="800001204",="Present",="9/24/2024",="AP100-A",
="800001204",="Present",="10/1/2024",="AP100-A",
="800001204",="Present",="10/8/2024",="AP100-A",
="800001204",="Present",="10/15/2024",="AP100-A",
="800001204",="Present",="10/22/2024",="AP100-A",
="800001204",="Present",="10/29/2024",="AP100-A",
="800001204",="Present",="11/5/2024",="AP100-A",
="800001204",="Present",="11/12/2024",="AP100-A",
="800001204",="Present",="11/19/2024",="AP100-A",
="800001204",="Present",="11/26/2024",="AP100-A",
="800001204",="Present",="12/3/2024",="AP100-A",
="800001204",="Present",="8/27/2024",="NUR100-L-A1",
="800001204",="Present",="9/3/2024",="NUR100-L-A1",
="800001204",="Present",="9/10/2024",="NUR100-L-A1",
="800001204",="Present",="9/17/2024",="NUR100-L-A1",
="800001204",="Present",="9/24/2024",="NUR100-L-A1",
="800001204",="Present",="10/1/2024",="NUR100-L-A1",
="800001204",="Present",="10/8/2024",="NUR100-L-A1",
="800001204",="Present",="10/15/2024",="NUR100-L-A1",
="800001204",="Present",="10/22/2024",="NUR100-L-A1",
="800001204",="Present",="10/29/2024",="NUR100-L-A1",
="800001204",="Present",="11/5/2024",="NUR100-L-A1",
="800001204",="Present",="11/12/2024",="NUR100-L-A1",
="800001204",="Present",="11/19/2024",="NUR100-L-A1",
="800001204",="Present",="11/26/2024",="NUR100-L-A1",
="800001204",="Present",="12/3/2024",="NUR100-L-A1",
="800001204",="Present",="12/10/2024",="NUR100-L-A1",
="800001204",="Present",="8/28/2024",="ENG101 -A",
="800001204",="Present",="9/4/2024",="ENG101 -A",
="800001204",="Present",="9/11/2024",="ENG101 -A",
="800001204",="Present",="9/18/2024",="ENG101 -A",
="800001204",="Present",="9/25/2024",="ENG101 -A",
="800001204",="Present",="10/2/2024",="ENG101 -A",
="800001204",="Present",="10/9/2024",="ENG101 -A",
="800001204",="Present",="10/16/2024",="ENG101 -A",
="800001204",="Present",="10/23/2024",="ENG101 -A",
="800001204",="Present",="10/30/2024",="ENG101 -A",
="800001204",="Tardy/Late",="11/6/2024",="ENG101 -A",
="800001204",="Present",="11/13/2024",="ENG101 -A",
="800001204",="Present",="11/20/2024",="ENG101 -A",
="800001204",="Present",="11/27/2024",="ENG101 -A",
="800001204",="Present",="8/26/2024",="NUR100 -A",
="800001204",="Present",="9/9/2024",="NUR100 -A",
="800001204",="Present",="9/16/2024",="NUR100 -A",
="800001204",="Present",="9/23/2024",="NUR100 -A",
="800001204",="Present",="9/30/2024",="NUR100 -A",
="800001204",="Present",="10/7/2024",="NUR100 -A",
="800001204",="Present",="10/28/2024",="NUR100 -A",
="800001204",="Present",="11/4/2024",="NUR100 -A",
="800001204",="Present",="11/11/2024",="NUR100 -A",
="800001204",="Present",="11/18/2024",="NUR100 -A",
="800001204",="Present",="11/25/2024",="NUR100 -A",
="800001204",="Present",="12/2/2024",="NUR100 -A",
="800001470",="Present",="8/26/2024",="NUR100-P",
="800001470",="Present",="9/9/2024",="NUR100-P",
="800001470",="Present",="9/16/2024",="NUR100-P",
="800001470",="Absent",="9/23/2024",="NUR100-P",
="800001470",="Absent excused",="9/30/2024",="NUR100-P",
="800001470",="Present",="10/7/2024",="NUR100-P",
="800001470",="Absent",="10/28/2024",="NUR100-P",
="800001470",="Absent",="11/4/2024",="NUR100-P",
="800001470",="Absent",="11/11/2024",="NUR100-P",
="800001470",="Absent",="11/18/2024",="NUR100-P",
="800001470",="Absent",="11/25/2024",="NUR100-P",
="800001470",="Absent",="12/2/2024",="NUR100-P",
="800001470",="Present",="9/1/2024",="COL010 - OL I",
="800001470",="Present",="9/8/2024",="COL010 - OL I",
="800001470",="Present",="9/15/2024",="COL010 - OL I",
="800001470",="Present",="9/22/2024",="COL010 - OL I",
="800001470",="Present",="8/27/2024",="AP100-P",
="800001470",="Present",="9/3/2024",="AP100-P",
="800001470",="Present",="9/10/2024",="AP100-P",
="800001470",="Present",="9/17/2024",="AP100-P",
="800001470",="Present",="9/24/2024",="AP100-P",
="800001470",="Present",="10/1/2024",="AP100-P",
="800001470",="Absent",="10/8/2024",="AP100-P",
="800001470",="Absent",="10/15/2024",="AP100-P",
="800001470",="Absent",="10/22/2024",="AP100-P",
="800001470",="Absent",="10/29/2024",="AP100-P",
="800001470",="Present",="11/5/2024",="AP100-P",
="800001470",="Present",="11/12/2024",="AP100-P",
="800001470",="Absent",="11/19/2024",="AP100-P",
="800001470",="Absent",="11/26/2024",="AP100-P",
="800001470",="Absent",="12/3/2024",="AP100-P",
="800001470",="Present",="10/22/2024",="NUR100-C-P1",
="800001470",="Absent",="12/10/2024",="NUR100-C-P1",
="800001470",="Present",="9/25/2024",="PHARM100-P",
="800001470",="Present",="10/2/2024",="PHARM100-P",
="800001470",="Absent",="10/30/2024",="PHARM100-P",
="800001470",="Absent",="11/6/2024",="PHARM100-P",
="800001470",="Absent",="11/13/2024",="PHARM100-P",
="800001470",="Present",="8/29/2024",="NUR100-L-P1",
="800001470",="Present",="9/5/2024",="NUR100-L-P1",
="800001470",="Present",="9/12/2024",="NUR100-L-P1",
="800001470",="Absent",="9/19/2024",="NUR100-L-P1",
="800001470",="Present",="9/26/2024",="NUR100-L-P1",
="800001470",="Present",="10/3/2024",="NUR100-L-P1",
="800001470",="Present",="10/10/2024",="NUR100-L-P1",
="800001470",="Present",="10/17/2024",="NUR100-L-P1",
="800001470",="Present",="10/24/2024",="NUR100-L-P1",
="800001470",="Absent",="10/31/2024",="NUR100-L-P1",
="800001470",="Absent",="11/7/2024",="NUR100-L-P1",
="800001470",="Absent",="11/14/2024",="NUR100-L-P1",
="800001470",="Absent",="11/21/2024",="NUR100-L-P1",
="800001470",="Present",="8/30/2024",="ENG101 -P",
="800001470",="Present",="9/6/2024",="ENG101 -P",
="800001470",="Present",="9/13/2024",="ENG101 -P",
="800001470",="Absent",="9/20/2024",="ENG101 -P",
="800001470",="Present",="9/27/2024",="ENG101 -P",
="800001470",="Absent",="10/4/2024",="ENG101 -P",
="800001470",="Absent",="10/11/2024",="ENG101 -P",
="800001470",="Present",="10/18/2024",="ENG101 -P",
="800001470",="Present",="10/25/2024",="ENG101 -P",
="800001470",="Absent",="11/1/2024",="ENG101 -P",
="800001470",="Absent",="11/8/2024",="ENG101 -P",
="800001470",="Absent",="11/15/2024",="ENG101 -P",
="800001470",="Absent",="11/22/2024",="ENG101 -P",
="800001473",="Present",="8/29/2024",="PSY101 -A",
="800001473",="Present",="9/5/2024",="PSY101 -A",
="800001473",="Present",="9/12/2024",="PSY101 -A",
="800001473",="Present",="9/19/2024",="PSY101 -A",
="800001473",="Present",="9/26/2024",="PSY101 -A",
="800001473",="Present",="10/3/2024",="PSY101 -A",
="800001473",="Present",="10/10/2024",="PSY101 -A",
="800001473",="Present",="10/17/2024",="PSY101 -A",
="800001473",="Present",="10/31/2024",="PSY101 -A",
="800001473",="Present",="11/7/2024",="PSY101 -A",
="800001473",="Present",="11/14/2024",="PSY101 -A",
="800001405",="Present",="8/27/2024",="AP100-P",
="800001405",="Present",="9/3/2024",="AP100-P",
="800001405",="Absent",="9/10/2024",="AP100-P",
="800001405",="Absent",="9/17/2024",="AP100-P",
="800001405",="Present",="9/24/2024",="AP100-P",
="800001405",="Absent",="10/1/2024",="AP100-P",
="800001405",="Absent",="10/8/2024",="AP100-P",
="800001405",="Absent",="10/15/2024",="AP100-P",
="800001405",="Absent",="10/22/2024",="AP100-P",
="800001405",="Absent",="10/29/2024",="AP100-P",
="800001405",="Present",="9/1/2024",="COL010 - OL I",
="800001405",="Present",="9/8/2024",="COL010 - OL I",
="800001405",="Present",="9/15/2024",="COL010 - OL I",
="800001405",="Present",="9/22/2024",="COL010 - OL I",
="800001481",="Absent",="8/27/2024",="AP100-A",
="800001481",="Absent",="9/3/2024",="AP100-A",
="800001481",="Absent",="9/10/2024",="AP100-A",
="800001481",="Absent",="9/17/2024",="AP100-A",
="800001481",="Absent",="9/24/2024",="AP100-A",
="800001481",="Absent",="10/1/2024",="AP100-A",
="800001481",="Absent",="10/8/2024",="AP100-A",
="800001481",="Absent",="10/15/2024",="AP100-A",
="800001481",="Absent",="10/22/2024",="AP100-A",
="800001481",="Absent",="10/29/2024",="AP100-A",
="800001481",="Absent",="11/5/2024",="AP100-A",
="800001481",="Absent",="11/12/2024",="AP100-A",
="800001481",="Absent",="11/19/2024",="AP100-A",
="800001481",="Absent",="11/26/2024",="AP100-A",
="800001481",="Absent",="12/3/2024",="AP100-A",
="800001481",="Absent",="8/29/2024",="PSY101 -A",
="800001481",="Absent",="9/5/2024",="PSY101 -A",
="800001481",="Absent",="9/12/2024",="PSY101 -A",
="800001481",="Absent",="9/19/2024",="PSY101 -A",
="800001481",="Absent",="9/26/2024",="PSY101 -A",
="800001481",="Absent",="10/10/2024",="PSY101 -A",
="800001481",="Absent",="10/17/2024",="PSY101 -A",
="800001481",="Absent",="9/26/2024",="PHARM100-A",
="800001481",="Absent",="10/3/2024",="PHARM100-A",
="800001481",="Absent",="10/10/2024",="PHARM100-A",
="800001481",="Absent",="10/17/2024",="PHARM100-A",
="800001481",="Absent",="10/24/2024",="PHARM100-A",
="800001481",="Absent",="10/31/2024",="PHARM100-A",
="800001481",="Absent",="11/7/2024",="PHARM100-A",
="800001481",="Absent",="11/14/2024",="PHARM100-A",
="800001481",="Present",="8/30/2024",="COL010 -A",
="800001481",="Absent",="9/6/2024",="COL010 -A",
="800001481",="Absent",="9/13/2024",="COL010 -A",
="800001481",="Absent",="9/20/2024",="COL010 -A",
="800001481",="Absent",="8/26/2024",="NUR100 -A",
="800001481",="Absent",="9/9/2024",="NUR100 -A",
="800001481",="Absent",="9/16/2024",="NUR100 -A",
="800001481",="Absent",="9/23/2024",="NUR100 -A",
="800001481",="Absent",="9/30/2024",="NUR100 -A",
="800001481",="Absent",="10/7/2024",="NUR100 -A",
="800001481",="Absent",="10/28/2024",="NUR100 -A",
="800001481",="Absent",="11/4/2024",="NUR100 -A",
="800001481",="Absent",="11/11/2024",="NUR100 -A",
="800001481",="Absent",="11/18/2024",="NUR100 -A",
="800001481",="Absent",="11/25/2024",="NUR100 -A",
="800001481",="Absent",="12/2/2024",="NUR100 -A",
="800001481",="Absent",="8/28/2024",="ENG101 -A",
="800001481",="Absent",="9/4/2024",="ENG101 -A",
="800001481",="Absent",="9/11/2024",="ENG101 -A",
="800001481",="Absent",="9/18/2024",="ENG101 -A",
="800001481",="Absent",="9/25/2024",="ENG101 -A",
="800001481",="Absent",="10/2/2024",="ENG101 -A",
="800001481",="Absent",="10/9/2024",="ENG101 -A",
="800001481",="Absent",="10/16/2024",="ENG101 -A",
="800001481",="Absent",="10/23/2024",="ENG101 -A",
="800001481",="Absent",="10/30/2024",="ENG101 -A",
="800001481",="Absent",="11/6/2024",="ENG101 -A",
="800001481",="Absent",="11/13/2024",="ENG101 -A",
="800001481",="Absent",="11/20/2024",="ENG101 -A",
="800001481",="Absent",="11/27/2024",="ENG101 -A",
="800001481",="Absent",="8/27/2024",="NUR100-L-A1",
="800001481",="Absent",="9/3/2024",="NUR100-L-A1",
="800001481",="Absent",="9/10/2024",="NUR100-L-A1",
="800001481",="Absent",="9/17/2024",="NUR100-L-A1",
="800001481",="Absent",="9/24/2024",="NUR100-L-A1",
="800001481",="Absent",="10/1/2024",="NUR100-L-A1",
="800001481",="Absent",="10/8/2024",="NUR100-L-A1",
="800001481",="Absent",="10/15/2024",="NUR100-L-A1",
="800001481",="Absent",="10/22/2024",="NUR100-L-A1",
="800001481",="Absent",="10/29/2024",="NUR100-L-A1",
="800001481",="Absent",="11/5/2024",="NUR100-L-A1",
="800001481",="Absent",="11/12/2024",="NUR100-L-A1",
="800001481",="Absent",="11/19/2024",="NUR100-L-A1",
="800001481",="Absent",="11/26/2024",="NUR100-L-A1",
="800001481",="Absent",="12/3/2024",="NUR100-L-A1",
="800001471",="Present",="8/26/2024",="NUR100 -A",
="800001471",="Present",="9/9/2024",="NUR100 -A",
="800001471",="Present",="9/16/2024",="NUR100 -A",
="800001471",="Present",="9/23/2024",="NUR100 -A",
="800001471",="Present",="9/30/2024",="NUR100 -A",
="800001471",="Present",="10/7/2024",="NUR100 -A",
="800001471",="Present",="10/28/2024",="NUR100 -A",
="800001471",="Present",="11/4/2024",="NUR100 -A",
="800001471",="Present",="11/11/2024",="NUR100 -A",
="800001471",="Present",="11/18/2024",="NUR100 -A",
="800001471",="Present",="11/25/2024",="NUR100 -A",
="800001471",="Present",="12/2/2024",="NUR100 -A",
="800001471",="Present",="9/1/2024",="COL010 - OL I",
="800001471",="Present",="9/8/2024",="COL010 - OL I",
="800001471",="Present",="9/15/2024",="COL010 - OL I",
="800001471",="Present",="9/22/2024",="COL010 - OL I",
="800001471",="Absent",="9/26/2024",="PHARM100-A",
="800001471",="Tardy/Late",="10/3/2024",="PHARM100-A",
="800001471",="Present",="10/10/2024",="PHARM100-A",
="800001471",="Present",="10/17/2024",="PHARM100-A",
="800001471",="Present",="10/24/2024",="PHARM100-A",
="800001471",="Present",="10/31/2024",="PHARM100-A",
="800001471",="Present",="11/7/2024",="PHARM100-A",
="800001471",="Present",="11/14/2024",="PHARM100-A",
="800001471",="Present",="8/27/2024",="AP100-A",
="800001471",="Present",="9/3/2024",="AP100-A",
="800001471",="Present",="9/10/2024",="AP100-A",
="800001471",="Present",="9/17/2024",="AP100-A",
="800001471",="Present",="9/24/2024",="AP100-A",
="800001471",="Present",="10/1/2024",="AP100-A",
="800001471",="Present",="10/8/2024",="AP100-A",
="800001471",="Present",="10/15/2024",="AP100-A",
="800001471",="Present",="10/22/2024",="AP100-A",
="800001471",="Present",="10/29/2024",="AP100-A",
="800001471",="Present",="11/5/2024",="AP100-A",
="800001471",="Present",="11/12/2024",="AP100-A",
="800001471",="Present",="11/19/2024",="AP100-A",
="800001471",="Present",="11/26/2024",="AP100-A",
="800001471",="Present",="12/3/2024",="AP100-A",
="800001471",="Present",="10/15/2024",="NUR100-C-A1",
="800001471",="Present",="12/3/2024",="NUR100-C-A1",
="800001471",="Present",="8/27/2024",="NUR100-L-A1",
="800001471",="Present",="9/3/2024",="NUR100-L-A1",
="800001471",="Present",="9/10/2024",="NUR100-L-A1",
="800001471",="Present",="9/17/2024",="NUR100-L-A1",
="800001471",="Present",="9/24/2024",="NUR100-L-A1",
="800001471",="Present",="10/1/2024",="NUR100-L-A1",
="800001471",="Present",="10/8/2024",="NUR100-L-A1",
="800001471",="Present",="10/15/2024",="NUR100-L-A1",
="800001471",="Present",="10/22/2024",="NUR100-L-A1",
="800001471",="Present",="10/29/2024",="NUR100-L-A1",
="800001471",="Present",="11/5/2024",="NUR100-L-A1",
="800001471",="Present",="11/12/2024",="NUR100-L-A1",
="800001471",="Present",="11/19/2024",="NUR100-L-A1",
="800001471",="Present",="11/26/2024",="NUR100-L-A1",
="800001471",="Present",="12/3/2024",="NUR100-L-A1",
="800001471",="Present",="12/10/2024",="NUR100-L-A1",
="800001471",="Present",="8/29/2024",="PSY101 -A",
="800001471",="Present",="9/5/2024",="PSY101 -A",
="800001471",="Present",="9/12/2024",="PSY101 -A",
="800001471",="Present",="9/19/2024",="PSY101 -A",
="800001471",="Present",="9/26/2024",="PSY101 -A",
="800001471",="Present",="10/3/2024",="PSY101 -A",
="800001471",="Present",="10/10/2024",="PSY101 -A",
="800001471",="Present",="10/17/2024",="PSY101 -A",
="800001471",="Present",="10/31/2024",="PSY101 -A",
="800001471",="Present",="11/7/2024",="PSY101 -A",
="800001471",="Present",="11/14/2024",="PSY101 -A",
="800001471",="Present",="8/28/2024",="ENG101 -A",
="800001471",="Present",="9/4/2024",="ENG101 -A",
="800001471",="Tardy/Late",="9/11/2024",="ENG101 -A",
="800001471",="Present",="9/18/2024",="ENG101 -A",
="800001471",="Present",="9/25/2024",="ENG101 -A",
="800001471",="Tardy/Late",="10/2/2024",="ENG101 -A",
="800001471",="Present",="10/9/2024",="ENG101 -A",
="800001471",="Present",="10/16/2024",="ENG101 -A",
="800001471",="Present",="10/23/2024",="ENG101 -A",
="800001471",="Present",="10/30/2024",="ENG101 -A",
="800001471",="Tardy/Late",="11/6/2024",="ENG101 -A",
="800001471",="Present",="11/13/2024",="ENG101 -A",
="800001471",="Present",="11/20/2024",="ENG101 -A",
="800001471",="Present",="11/27/2024",="ENG101 -A",
="800001485",="Present",="9/1/2024",="PSY101 -OL",
="800001485",="Present",="9/8/2024",="PSY101 -OL",
="800001485",="Present",="9/15/2024",="PSY101 -OL",
="800001485",="Present",="9/22/2024",="PSY101 -OL",
="800001485",="Present",="9/29/2024",="PSY101 -OL",
="800001485",="Present",="10/6/2024",="PSY101 -OL",
="800001485",="Present",="10/13/2024",="PSY101 -OL",
="800001485",="Present",="10/20/2024",="PSY101 -OL",
="800001485",="Present",="10/27/2024",="PSY101 -OL",
="800001485",="Present",="11/3/2024",="PSY101 -OL",
="800001485",="Present",="11/10/2024",="PSY101 -OL",
="800001485",="Present",="11/17/2024",="PSY101 -OL",
="800001485",="Present",="11/24/2024",="PSY101 -OL",
="800001485",="Present",="12/1/2024",="PSY101 -OL",
="800001485",="Present",="8/30/2024",="ENG101 -P",
="800001485",="Present",="9/6/2024",="ENG101 -P",
="800001485",="Present",="9/13/2024",="ENG101 -P",
="800001485",="Present",="9/20/2024",="ENG101 -P",
="800001485",="Present",="9/27/2024",="ENG101 -P",
="800001485",="Present",="10/4/2024",="ENG101 -P",
="800001485",="Present",="10/11/2024",="ENG101 -P",
="800001485",="Present",="10/18/2024",="ENG101 -P",
="800001485",="Present",="10/25/2024",="ENG101 -P",
="800001485",="Present",="11/1/2024",="ENG101 -P",
="800001485",="Present",="11/8/2024",="ENG101 -P",
="800001485",="Present",="11/15/2024",="ENG101 -P",
="800001485",="Present",="11/22/2024",="ENG101 -P",
="800001485",="Present",="10/22/2024",="NUR100-C-P1",
="800001485",="Present",="12/10/2024",="NUR100-C-P1",
="800001485",="Present",="8/27/2024",="AP100-P",
="800001485",="Present",="9/3/2024",="AP100-P",
="800001485",="Present",="9/10/2024",="AP100-P",
="800001485",="Present",="9/17/2024",="AP100-P",
="800001485",="Present",="9/24/2024",="AP100-P",
="800001485",="Present",="10/1/2024",="AP100-P",
="800001485",="Present",="10/8/2024",="AP100-P",
="800001485",="Present",="10/15/2024",="AP100-P",
="800001485",="Present",="10/22/2024",="AP100-P",
="800001485",="Present",="10/29/2024",="AP100-P",
="800001485",="Present",="11/5/2024",="AP100-P",
="800001485",="Present",="11/12/2024",="AP100-P",
="800001485",="Present",="11/19/2024",="AP100-P",
="800001485",="Present",="11/26/2024",="AP100-P",
="800001485",="Present",="12/3/2024",="AP100-P",
="800001485",="Present",="9/1/2024",="COL010 - OL I",
="800001485",="Present",="9/8/2024",="COL010 - OL I",
="800001485",="Present",="9/15/2024",="COL010 - OL I",
="800001485",="Present",="9/22/2024",="COL010 - OL I",
="800001485",="Present",="9/25/2024",="PHARM100-P",
="800001485",="Present",="10/2/2024",="PHARM100-P",
="800001485",="Present",="10/9/2024",="PHARM100-P",
="800001485",="Present",="10/16/2024",="PHARM100-P",
="800001485",="Present",="10/23/2024",="PHARM100-P",
="800001485",="Present",="10/30/2024",="PHARM100-P",
="800001485",="Present",="11/6/2024",="PHARM100-P",
="800001485",="Present",="11/13/2024",="PHARM100-P",
="800001485",="Present",="8/29/2024",="NUR100-L-P1",
="800001485",="Present",="9/5/2024",="NUR100-L-P1",
="800001485",="Present",="9/12/2024",="NUR100-L-P1",
="800001485",="Present",="9/19/2024",="NUR100-L-P1",
="800001485",="Present",="9/26/2024",="NUR100-L-P1",
="800001485",="Present",="10/3/2024",="NUR100-L-P1",
="800001485",="Present",="10/10/2024",="NUR100-L-P1",
="800001485",="Present",="10/17/2024",="NUR100-L-P1",
="800001485",="Present",="10/24/2024",="NUR100-L-P1",
="800001485",="Present",="10/31/2024",="NUR100-L-P1",
="800001485",="Present",="11/7/2024",="NUR100-L-P1",
="800001485",="Present",="11/14/2024",="NUR100-L-P1",
="800001485",="Present",="11/21/2024",="NUR100-L-P1",
="800001485",="Present",="12/5/2024",="NUR100-L-P1",
="800001485",="Present",="12/12/2024",="NUR100-L-P1",
="800001485",="Present",="8/26/2024",="NUR100-P",
="800001485",="Present",="9/9/2024",="NUR100-P",
="800001485",="Present",="9/16/2024",="NUR100-P",
="800001485",="Present",="9/23/2024",="NUR100-P",
="800001485",="Present",="9/30/2024",="NUR100-P",
="800001485",="Present",="10/7/2024",="NUR100-P",
="800001485",="Present",="10/28/2024",="NUR100-P",
="800001485",="Present",="11/4/2024",="NUR100-P",
="800001485",="Present",="11/11/2024",="NUR100-P",
="800001485",="Present",="11/18/2024",="NUR100-P",
="800001485",="Present",="11/25/2024",="NUR100-P",
="800001485",="Present",="12/2/2024",="NUR100-P",
="800001495",="Present",="8/30/2024",="ENG101 -P",
="800001495",="Present",="9/6/2024",="ENG101 -P",
="800001495",="Present",="9/13/2024",="ENG101 -P",
="800001495",="Present",="9/20/2024",="ENG101 -P",
="800001495",="Present",="9/27/2024",="ENG101 -P",
="800001495",="Present",="10/4/2024",="ENG101 -P",
="800001495",="Present",="10/11/2024",="ENG101 -P",
="800001495",="Present",="10/18/2024",="ENG101 -P",
="800001495",="Present",="10/25/2024",="ENG101 -P",
="800001495",="Absent",="11/1/2024",="ENG101 -P",
="800001495",="Present",="11/8/2024",="ENG101 -P",
="800001495",="Present",="11/15/2024",="ENG101 -P",
="800001495",="Present",="11/22/2024",="ENG101 -P",
="800001495",="Present",="9/25/2024",="PHARM100-P",
="800001495",="Present",="10/2/2024",="PHARM100-P",
="800001495",="Present",="10/9/2024",="PHARM100-P",
="800001495",="Present",="10/16/2024",="PHARM100-P",
="800001495",="Present",="10/23/2024",="PHARM100-P",
="800001495",="Present",="10/30/2024",="PHARM100-P",
="800001495",="Present",="11/6/2024",="PHARM100-P",
="800001495",="Present",="11/13/2024",="PHARM100-P",
="800001495",="Present",="8/29/2024",="NUR100-L-P1",
="800001495",="Absent",="9/5/2024",="NUR100-L-P1",
="800001495",="Present",="9/12/2024",="NUR100-L-P1",
="800001495",="Present",="9/19/2024",="NUR100-L-P1",
="800001495",="Present",="9/26/2024",="NUR100-L-P1",
="800001495",="Present",="10/3/2024",="NUR100-L-P1",
="800001495",="Present",="10/10/2024",="NUR100-L-P1",
="800001495",="Present",="10/17/2024",="NUR100-L-P1",
="800001495",="Present",="10/24/2024",="NUR100-L-P1",
="800001495",="Present",="10/31/2024",="NUR100-L-P1",
="800001495",="Absent",="11/7/2024",="NUR100-L-P1",
="800001495",="Present",="11/14/2024",="NUR100-L-P1",
="800001495",="Absent",="11/21/2024",="NUR100-L-P1",
="800001495",="Absent",="12/5/2024",="NUR100-L-P1",
="800001495",="Absent",="12/12/2024",="NUR100-L-P1",
="800001495",="Present",="9/1/2024",="COL010 - OL I",
="800001495",="Present",="9/8/2024",="COL010 - OL I",
="800001495",="Present",="9/15/2024",="COL010 - OL I",
="800001495",="Present",="9/22/2024",="COL010 - OL I",
="800001495",="Present",="8/27/2024",="AP100-P",
="800001495",="Present",="9/3/2024",="AP100-P",
="800001495",="Present",="9/10/2024",="AP100-P",
="800001495",="Present",="9/17/2024",="AP100-P",
="800001495",="Present",="9/24/2024",="AP100-P",
="800001495",="Present",="10/1/2024",="AP100-P",
="800001495",="Absent",="10/8/2024",="AP100-P",
="800001495",="Present",="10/15/2024",="AP100-P",
="800001495",="Present",="10/22/2024",="AP100-P",
="800001495",="Present",="10/29/2024",="AP100-P",
="800001495",="Present",="11/5/2024",="AP100-P",
="800001495",="Present",="11/12/2024",="AP100-P",
="800001495",="Absent",="11/19/2024",="AP100-P",
="800001495",="Present",="11/26/2024",="AP100-P",
="800001495",="Present",="12/3/2024",="AP100-P",
="800001495",="Present",="8/26/2024",="NUR100-P",
="800001495",="Present",="9/9/2024",="NUR100-P",
="800001495",="Present",="9/16/2024",="NUR100-P",
="800001495",="Present",="9/23/2024",="NUR100-P",
="800001495",="Present",="9/30/2024",="NUR100-P",
="800001495",="Present",="10/7/2024",="NUR100-P",
="800001495",="Absent",="10/28/2024",="NUR100-P",
="800001495",="Present",="11/4/2024",="NUR100-P",
="800001495",="Present",="11/11/2024",="NUR100-P",
="800001495",="Present",="11/18/2024",="NUR100-P",
="800001495",="Present",="11/25/2024",="NUR100-P",
="800001495",="Present",="12/2/2024",="NUR100-P",
="800001489",="Present",="8/29/2024",="NUR100-L-P1",
="800001489",="Present",="9/5/2024",="NUR100-L-P1",
="800001489",="Present",="9/12/2024",="NUR100-L-P1",
="800001489",="Present",="9/19/2024",="NUR100-L-P1",
="800001489",="Present",="9/26/2024",="NUR100-L-P1",
="800001489",="Present",="10/3/2024",="NUR100-L-P1",
="800001489",="Present",="10/10/2024",="NUR100-L-P1",
="800001489",="Present",="10/17/2024",="NUR100-L-P1",
="800001489",="Present",="10/24/2024",="NUR100-L-P1",
="800001489",="Present",="10/31/2024",="NUR100-L-P1",
="800001489",="Present",="11/7/2024",="NUR100-L-P1",
="800001489",="Present",="11/14/2024",="NUR100-L-P1",
="800001489",="Present",="11/21/2024",="NUR100-L-P1",
="800001489",="Present",="12/5/2024",="NUR100-L-P1",
="800001489",="Present",="12/12/2024",="NUR100-L-P1",
="800001489",="Present",="9/1/2024",="COL010 - OL I",
="800001489",="Present",="9/8/2024",="COL010 - OL I",
="800001489",="Present",="9/15/2024",="COL010 - OL I",
="800001489",="Present",="9/22/2024",="COL010 - OL I",
="800001489",="Present",="8/27/2024",="AP100-P",
="800001489",="Present",="9/3/2024",="AP100-P",
="800001489",="Present",="9/10/2024",="AP100-P",
="800001489",="Present",="9/17/2024",="AP100-P",
="800001489",="Present",="9/24/2024",="AP100-P",
="800001489",="Present",="10/1/2024",="AP100-P",
="800001489",="Present",="10/8/2024",="AP100-P",
="800001489",="Present",="10/15/2024",="AP100-P",
="800001489",="Present",="10/22/2024",="AP100-P",
="800001489",="Present",="10/29/2024",="AP100-P",
="800001489",="Present",="11/5/2024",="AP100-P",
="800001489",="Present",="11/12/2024",="AP100-P",
="800001489",="Present",="11/19/2024",="AP100-P",
="800001489",="Present",="11/26/2024",="AP100-P",
="800001489",="Present",="12/3/2024",="AP100-P",
="800001489",="Present",="9/25/2024",="PHARM100-P",
="800001489",="Present",="10/2/2024",="PHARM100-P",
="800001489",="Present",="10/9/2024",="PHARM100-P",
="800001489",="Present",="10/16/2024",="PHARM100-P",
="800001489",="Present",="10/23/2024",="PHARM100-P",
="800001489",="Present",="10/30/2024",="PHARM100-P",
="800001489",="Present",="11/6/2024",="PHARM100-P",
="800001489",="Present",="11/13/2024",="PHARM100-P",
="800001489",="Present",="10/22/2024",="NUR100-C-P1",
="800001489",="Present",="12/10/2024",="NUR100-C-P1",
="800001489",="Present",="8/26/2024",="NUR100-P",
="800001489",="Present",="9/9/2024",="NUR100-P",
="800001489",="Present",="9/16/2024",="NUR100-P",
="800001489",="Present",="9/23/2024",="NUR100-P",
="800001489",="Present",="9/30/2024",="NUR100-P",
="800001489",="Absent",="10/7/2024",="NUR100-P",
="800001489",="Present",="10/28/2024",="NUR100-P",
="800001489",="Present",="11/4/2024",="NUR100-P",
="800001489",="Present",="11/11/2024",="NUR100-P",
="800001489",="Present",="11/18/2024",="NUR100-P",
="800001489",="Present",="11/25/2024",="NUR100-P",
="800001489",="Present",="12/2/2024",="NUR100-P",
="800001436",="Present",="10/22/2024",="NUR100-C-P1",
="800001436",="Present",="12/10/2024",="NUR100-C-P1",
="800001436",="Present",="8/27/2024",="AP100-P",
="800001436",="Present",="9/3/2024",="AP100-P",
="800001436",="Present",="9/10/2024",="AP100-P",
="800001436",="Present",="9/17/2024",="AP100-P",
="800001436",="Present",="9/24/2024",="AP100-P",
="800001436",="Present",="10/1/2024",="AP100-P",
="800001436",="Present",="10/8/2024",="AP100-P",
="800001436",="Present",="10/15/2024",="AP100-P",
="800001436",="Present",="10/22/2024",="AP100-P",
="800001436",="Present",="10/29/2024",="AP100-P",
="800001436",="Present",="11/5/2024",="AP100-P",
="800001436",="Present",="11/12/2024",="AP100-P",
="800001436",="Present",="11/19/2024",="AP100-P",
="800001436",="Present",="11/26/2024",="AP100-P",
="800001436",="Present",="12/3/2024",="AP100-P",
="800001436",="Present",="9/1/2024",="PSY101 -OL",
="800001436",="Present",="9/8/2024",="PSY101 -OL",
="800001436",="Present",="9/15/2024",="PSY101 -OL",
="800001436",="Present",="9/22/2024",="PSY101 -OL",
="800001436",="Present",="9/29/2024",="PSY101 -OL",
="800001436",="Present",="10/6/2024",="PSY101 -OL",
="800001436",="Present",="10/13/2024",="PSY101 -OL",
="800001436",="Present",="10/20/2024",="PSY101 -OL",
="800001436",="Present",="10/27/2024",="PSY101 -OL",
="800001436",="Present",="11/3/2024",="PSY101 -OL",
="800001436",="Present",="11/10/2024",="PSY101 -OL",
="800001436",="Present",="11/17/2024",="PSY101 -OL",
="800001436",="Present",="11/24/2024",="PSY101 -OL",
="800001436",="Present",="12/1/2024",="PSY101 -OL",
="800001436",="Present",="8/26/2024",="NUR100-P",
="800001436",="Present",="9/9/2024",="NUR100-P",
="800001436",="Present",="9/16/2024",="NUR100-P",
="800001436",="Present",="9/23/2024",="NUR100-P",
="800001436",="Present",="9/30/2024",="NUR100-P",
="800001436",="Present",="10/7/2024",="NUR100-P",
="800001436",="Present",="10/28/2024",="NUR100-P",
="800001436",="Present",="11/4/2024",="NUR100-P",
="800001436",="Present",="11/11/2024",="NUR100-P",
="800001436",="Present",="11/18/2024",="NUR100-P",
="800001436",="Present",="11/25/2024",="NUR100-P",
="800001436",="Present",="12/2/2024",="NUR100-P",
="800001436",="Present",="8/29/2024",="NUR100-L-P1",
="800001436",="Present",="9/5/2024",="NUR100-L-P1",
="800001436",="Present",="9/12/2024",="NUR100-L-P1",
="800001436",="Present",="9/19/2024",="NUR100-L-P1",
="800001436",="Present",="9/26/2024",="NUR100-L-P1",
="800001436",="Present",="10/3/2024",="NUR100-L-P1",
="800001436",="Present",="10/10/2024",="NUR100-L-P1",
="800001436",="Present",="10/17/2024",="NUR100-L-P1",
="800001436",="Present",="10/24/2024",="NUR100-L-P1",
="800001436",="Present",="10/31/2024",="NUR100-L-P1",
="800001436",="Present",="11/7/2024",="NUR100-L-P1",
="800001436",="Present",="11/14/2024",="NUR100-L-P1",
="800001436",="Present",="11/21/2024",="NUR100-L-P1",
="800001436",="Present",="12/5/2024",="NUR100-L-P1",
="800001436",="Present",="12/12/2024",="NUR100-L-P1",
="800001436",="Present",="9/25/2024",="PHARM100-P",
="800001436",="Present",="10/2/2024",="PHARM100-P",
="800001436",="Present",="10/9/2024",="PHARM100-P",
="800001436",="Present",="10/16/2024",="PHARM100-P",
="800001436",="Present",="10/23/2024",="PHARM100-P",
="800001436",="Present",="10/30/2024",="PHARM100-P",
="800001436",="Present",="11/6/2024",="PHARM100-P",
="800001436",="Present",="11/13/2024",="PHARM100-P",
="800001436",="Present",="9/1/2024",="COL010 - OL I",
="800001436",="Present",="9/8/2024",="COL010 - OL I",
="800001436",="Present",="9/15/2024",="COL010 - OL I",
="800001436",="Present",="9/22/2024",="COL010 - OL I",
="800001436",="Present",="8/30/2024",="ENG101 -P",
="800001436",="Present",="9/6/2024",="ENG101 -P",
="800001436",="Present",="9/13/2024",="ENG101 -P",
="800001436",="Present",="9/20/2024",="ENG101 -P",
="800001436",="Present",="9/27/2024",="ENG101 -P",
="800001436",="Present",="10/4/2024",="ENG101 -P",
="800001436",="Present",="10/11/2024",="ENG101 -P",
="800001436",="Present",="10/18/2024",="ENG101 -P",
="800001436",="Present",="10/25/2024",="ENG101 -P",
="800001436",="Present",="11/1/2024",="ENG101 -P",
="800001436",="Present",="11/8/2024",="ENG101 -P",
="800001436",="Present",="11/15/2024",="ENG101 -P",
="800001436",="Present",="11/22/2024",="ENG101 -P",
="800001486",="Absent",="8/27/2024",="AP100-A",
="800001486",="Absent",="9/3/2024",="AP100-A",
="800001486",="Absent",="9/10/2024",="AP100-A",
="800001486",="Absent",="9/17/2024",="AP100-A",
="800001486",="Absent",="9/24/2024",="AP100-A",
="800001486",="Absent",="10/1/2024",="AP100-A",
="800001486",="Absent",="10/8/2024",="AP100-A",
="800001486",="Absent",="10/15/2024",="AP100-A",
="800001486",="Absent",="10/22/2024",="AP100-A",
="800001486",="Absent",="10/29/2024",="AP100-A",
="800001486",="Absent",="11/5/2024",="AP100-A",
="800001486",="Absent",="11/12/2024",="AP100-A",
="800001486",="Absent",="11/19/2024",="AP100-A",
="800001486",="Absent",="11/26/2024",="AP100-A",
="800001486",="Absent",="12/3/2024",="AP100-A",
="800001486",="Absent",="8/30/2024",="COL010 -A",
="800001486",="Absent",="9/6/2024",="COL010 -A",
="800001486",="Absent",="9/13/2024",="COL010 -A",
="800001486",="Absent",="9/20/2024",="COL010 -A",
="800001486",="Absent",="8/26/2024",="NUR100 -A",
="800001486",="Absent",="9/9/2024",="NUR100 -A",
="800001486",="Absent",="9/16/2024",="NUR100 -A",
="800001486",="Absent",="9/23/2024",="NUR100 -A",
="800001486",="Absent",="9/30/2024",="NUR100 -A",
="800001486",="Absent",="10/7/2024",="NUR100 -A",
="800001486",="Absent",="10/28/2024",="NUR100 -A",
="800001486",="Absent",="11/4/2024",="NUR100 -A",
="800001486",="Absent",="11/11/2024",="NUR100 -A",
="800001486",="Absent",="11/18/2024",="NUR100 -A",
="800001486",="Absent",="11/25/2024",="NUR100 -A",
="800001486",="Absent",="12/2/2024",="NUR100 -A",
="800001486",="Absent",="9/26/2024",="PHARM100-A",
="800001486",="Absent",="10/3/2024",="PHARM100-A",
="800001486",="Absent",="10/10/2024",="PHARM100-A",
="800001486",="Absent",="10/17/2024",="PHARM100-A",
="800001486",="Absent",="10/24/2024",="PHARM100-A",
="800001486",="Absent",="10/31/2024",="PHARM100-A",
="800001486",="Absent",="11/7/2024",="PHARM100-A",
="800001486",="Absent",="11/14/2024",="PHARM100-A",
="800001486",="Absent",="8/29/2024",="PSY101 -A",
="800001486",="Absent",="9/5/2024",="PSY101 -A",
="800001486",="Absent",="9/12/2024",="PSY101 -A",
="800001486",="Absent",="9/19/2024",="PSY101 -A",
="800001486",="Present",="9/26/2024",="PSY101 -A",
="800001486",="Absent",="10/10/2024",="PSY101 -A",
="800001486",="Absent",="10/17/2024",="PSY101 -A",
="800001486",="Absent",="8/27/2024",="NUR100-L-A1",
="800001486",="Absent",="9/3/2024",="NUR100-L-A1",
="800001486",="Absent",="9/10/2024",="NUR100-L-A1",
="800001486",="Absent",="9/17/2024",="NUR100-L-A1",
="800001486",="Absent",="9/24/2024",="NUR100-L-A1",
="800001486",="Absent",="10/1/2024",="NUR100-L-A1",
="800001486",="Absent",="10/8/2024",="NUR100-L-A1",
="800001486",="Absent",="10/15/2024",="NUR100-L-A1",
="800001486",="Absent",="10/22/2024",="NUR100-L-A1",
="800001486",="Absent",="10/29/2024",="NUR100-L-A1",
="800001486",="Absent",="11/5/2024",="NUR100-L-A1",
="800001486",="Absent",="11/12/2024",="NUR100-L-A1",
="800001486",="Absent",="11/19/2024",="NUR100-L-A1",
="800001486",="Absent",="11/26/2024",="NUR100-L-A1",
="800001486",="Absent",="12/3/2024",="NUR100-L-A1",
="800001486",="Absent",="8/28/2024",="ENG101 -A",
="800001486",="Absent",="9/4/2024",="ENG101 -A",
="800001486",="Absent",="9/11/2024",="ENG101 -A",
="800001486",="Absent",="9/18/2024",="ENG101 -A",
="800001486",="Absent",="9/25/2024",="ENG101 -A",
="800001486",="Absent",="10/2/2024",="ENG101 -A",
="800001486",="Absent",="10/9/2024",="ENG101 -A",
="800001486",="Absent",="10/16/2024",="ENG101 -A",
="800001486",="Absent",="10/23/2024",="ENG101 -A",
="800001486",="Absent",="10/30/2024",="ENG101 -A",
="800001486",="Absent",="11/6/2024",="ENG101 -A",
="800001486",="Absent",="11/13/2024",="ENG101 -A",
="800001486",="Absent",="11/20/2024",="ENG101 -A",
="800001486",="Absent",="11/27/2024",="ENG101 -A",
="800001484",="Tardy/Late",="9/26/2024",="PHARM100-A",
="800001484",="Present",="10/3/2024",="PHARM100-A",
="800001484",="Present",="10/10/2024",="PHARM100-A",
="800001484",="Present",="10/17/2024",="PHARM100-A",
="800001484",="Present",="10/24/2024",="PHARM100-A",
="800001484",="Present",="10/31/2024",="PHARM100-A",
="800001484",="Present",="11/7/2024",="PHARM100-A",
="800001484",="Present",="11/14/2024",="PHARM100-A",
="800001484",="Present",="8/26/2024",="NUR100 -A",
="800001484",="Present",="9/9/2024",="NUR100 -A",
="800001484",="Present",="9/16/2024",="NUR100 -A",
="800001484",="Present",="9/23/2024",="NUR100 -A",
="800001484",="Present",="9/30/2024",="NUR100 -A",
="800001484",="Present",="10/7/2024",="NUR100 -A",
="800001484",="Present",="10/28/2024",="NUR100 -A",
="800001484",="Present",="11/4/2024",="NUR100 -A",
="800001484",="Present",="11/11/2024",="NUR100 -A",
="800001484",="Present",="11/18/2024",="NUR100 -A",
="800001484",="Present",="11/25/2024",="NUR100 -A",
="800001484",="Present",="12/2/2024",="NUR100 -A",
="800001484",="Present",="10/15/2024",="NUR100-C-A1",
="800001484",="Present",="12/3/2024",="NUR100-C-A1",
="800001484",="Present",="8/29/2024",="PSY101 -A",
="800001484",="Present",="9/5/2024",="PSY101 -A",
="800001484",="Present",="9/12/2024",="PSY101 -A",
="800001484",="Present",="9/19/2024",="PSY101 -A",
="800001484",="Present",="9/26/2024",="PSY101 -A",
="800001484",="Present",="10/3/2024",="PSY101 -A",
="800001484",="Present",="10/10/2024",="PSY101 -A",
="800001484",="Present",="10/17/2024",="PSY101 -A",
="800001484",="Present",="10/31/2024",="PSY101 -A",
="800001484",="Present",="11/7/2024",="PSY101 -A",
="800001484",="Present",="11/14/2024",="PSY101 -A",
="800001484",="Present",="8/27/2024",="AP100-A",
="800001484",="Present",="9/3/2024",="AP100-A",
="800001484",="Present",="9/10/2024",="AP100-A",
="800001484",="Present",="9/17/2024",="AP100-A",
="800001484",="Present",="9/24/2024",="AP100-A",
="800001484",="Present",="10/1/2024",="AP100-A",
="800001484",="Present",="10/8/2024",="AP100-A",
="800001484",="Present",="10/15/2024",="AP100-A",
="800001484",="Present",="10/22/2024",="AP100-A",
="800001484",="Present",="10/29/2024",="AP100-A",
="800001484",="Present",="11/5/2024",="AP100-A",
="800001484",="Present",="11/12/2024",="AP100-A",
="800001484",="Present",="11/19/2024",="AP100-A",
="800001484",="Present",="11/26/2024",="AP100-A",
="800001484",="Present",="12/3/2024",="AP100-A",
="800001484",="Present",="8/27/2024",="NUR100-L-A1",
="800001484",="Present",="9/3/2024",="NUR100-L-A1",
="800001484",="Present",="9/10/2024",="NUR100-L-A1",
="800001484",="Present",="9/17/2024",="NUR100-L-A1",
="800001484",="Present",="9/24/2024",="NUR100-L-A1",
="800001484",="Present",="10/1/2024",="NUR100-L-A1",
="800001484",="Present",="10/8/2024",="NUR100-L-A1",
="800001484",="Present",="10/15/2024",="NUR100-L-A1",
="800001484",="Present",="10/22/2024",="NUR100-L-A1",
="800001484",="Present",="10/29/2024",="NUR100-L-A1",
="800001484",="Present",="11/5/2024",="NUR100-L-A1",
="800001484",="Present",="11/12/2024",="NUR100-L-A1",
="800001484",="Present",="11/19/2024",="NUR100-L-A1",
="800001484",="Present",="11/26/2024",="NUR100-L-A1",
="800001484",="Present",="12/3/2024",="NUR100-L-A1",
="800001484",="Present",="12/10/2024",="NUR100-L-A1",
="800001484",="Present",="8/30/2024",="COL010 -A",
="800001484",="Present",="9/6/2024",="COL010 -A",
="800001484",="Present",="9/13/2024",="COL010 -A",
="800001484",="Present",="9/20/2024",="COL010 -A",
="800001484",="Present",="8/28/2024",="ENG101 -A",
="800001484",="Present",="9/4/2024",="ENG101 -A",
="800001484",="Present",="9/11/2024",="ENG101 -A",
="800001484",="Present",="9/18/2024",="ENG101 -A",
="800001484",="Present",="9/25/2024",="ENG101 -A",
="800001484",="Present",="10/2/2024",="ENG101 -A",
="800001484",="Present",="10/9/2024",="ENG101 -A",
="800001484",="Present",="10/16/2024",="ENG101 -A",
="800001484",="Present",="10/23/2024",="ENG101 -A",
="800001484",="Present",="10/30/2024",="ENG101 -A",
="800001484",="Present",="11/6/2024",="ENG101 -A",
="800001484",="Present",="11/13/2024",="ENG101 -A",
="800001484",="Tardy/Late",="11/20/2024",="ENG101 -A",
="800001484",="Present",="11/27/2024",="ENG101 -A",
="800001479",="Present",="8/30/2024",="ENG101 -P",
="800001479",="Present",="9/6/2024",="ENG101 -P",
="800001479",="Absent",="9/13/2024",="ENG101 -P",
="800001479",="Absent",="9/20/2024",="ENG101 -P",
="800001479",="Present",="9/27/2024",="ENG101 -P",
="800001479",="Absent",="10/4/2024",="ENG101 -P",
="800001479",="Absent",="10/11/2024",="ENG101 -P",
="800001479",="Present",="10/18/2024",="ENG101 -P",
="800001479",="Present",="10/25/2024",="ENG101 -P",
="800001479",="Present",="11/1/2024",="ENG101 -P",
="800001479",="Absent",="11/8/2024",="ENG101 -P",
="800001001",="Present",="8/30/2024",="ENG101 -P",
="800001001",="Present",="9/6/2024",="ENG101 -P",
="800001001",="Present",="9/13/2024",="ENG101 -P",
="800001001",="Present",="9/20/2024",="ENG101 -P",
="800001001",="Present",="9/27/2024",="ENG101 -P",
="800001001",="Present",="10/4/2024",="ENG101 -P",
="800001001",="Present",="10/11/2024",="ENG101 -P",
="800001001",="Present",="10/18/2024",="ENG101 -P",
="800001001",="Present",="10/25/2024",="ENG101 -P",
="800001001",="Present",="11/1/2024",="ENG101 -P",
="800001001",="Present",="11/8/2024",="ENG101 -P",
="800001001",="Absent",="11/15/2024",="ENG101 -P",
="800001001",="Present",="11/22/2024",="ENG101 -P",
="800001501",="Absent",="9/1/2024",="COL010 - OL I",
="800001501",="Absent",="9/8/2024",="COL010 - OL I",
="800001501",="Absent",="9/15/2024",="COL010 - OL I",
="800001501",="Absent",="9/22/2024",="COL010 - OL I",
="800001501",="Present",="8/30/2024",="ENG101 -P",
="800001501",="Present",="9/6/2024",="ENG101 -P",
="800001501",="Present",="9/13/2024",="ENG101 -P",
="800001501",="Absent",="9/20/2024",="ENG101 -P",
="800001501",="Present",="9/27/2024",="ENG101 -P",
="800001501",="Absent",="10/4/2024",="ENG101 -P",
="800001501",="Absent",="10/11/2024",="ENG101 -P",
="800001501",="Absent",="10/18/2024",="ENG101 -P",
="800001501",="Present",="10/25/2024",="ENG101 -P",
="800001501",="Present",="11/1/2024",="ENG101 -P",
="800001501",="Present",="11/8/2024",="ENG101 -P",
="800001501",="Present",="11/15/2024",="ENG101 -P",
="800001501",="Absent",="11/22/2024",="ENG101 -P",
="800001501",="Absent",="9/1/2024",="PSY101 -OL",
="800001501",="Present",="9/8/2024",="PSY101 -OL",
="800001501",="Absent",="9/15/2024",="PSY101 -OL",
="800001501",="Absent",="9/22/2024",="PSY101 -OL",
="800001501",="Absent",="9/29/2024",="PSY101 -OL",
="800001501",="Absent",="10/6/2024",="PSY101 -OL",
="800001501",="Absent",="10/13/2024",="PSY101 -OL",
="800001501",="Absent",="10/20/2024",="PSY101 -OL",
="800001501",="Absent",="10/27/2024",="PSY101 -OL",
="800001501",="Absent",="11/3/2024",="PSY101 -OL",
="800001501",="Absent",="11/10/2024",="PSY101 -OL",
="800001501",="Absent",="11/17/2024",="PSY101 -OL",
="800001501",="Absent",="11/24/2024",="PSY101 -OL",
="800001501",="Absent",="12/1/2024",="PSY101 -OL",
="800001501",="Present",="8/27/2024",="AP100-P",
="800001501",="Present",="9/3/2024",="AP100-P",
="800001501",="Present",="9/10/2024",="AP100-P",
="800001501",="Absent",="9/17/2024",="AP100-P",
="800001501",="Present",="9/24/2024",="AP100-P",
="800001501",="Present",="10/1/2024",="AP100-P",
="800001501",="Absent",="10/8/2024",="AP100-P",
="800001501",="Present",="10/15/2024",="AP100-P",
="800001501",="Absent",="10/22/2024",="AP100-P",
="800001501",="Absent",="10/29/2024",="AP100-P",
="800001501",="Present",="9/25/2024",="PHARM100-P",
="800001501",="Present",="10/2/2024",="PHARM100-P",
="800001501",="Absent",="10/30/2024",="PHARM100-P",
="800001501",="Absent",="11/6/2024",="PHARM100-P",
="800001501",="Absent",="11/13/2024",="PHARM100-P",
="800001501",="Present",="8/29/2024",="NUR100-L-P1",
="800001501",="Present",="9/5/2024",="NUR100-L-P1",
="800001501",="Present",="9/12/2024",="NUR100-L-P1",
="800001501",="Present",="9/19/2024",="NUR100-L-P1",
="800001501",="Present",="9/26/2024",="NUR100-L-P1",
="800001501",="Present",="10/3/2024",="NUR100-L-P1",
="800001501",="Present",="10/10/2024",="NUR100-L-P1",
="800001501",="Present",="10/17/2024",="NUR100-L-P1",
="800001501",="Present",="10/24/2024",="NUR100-L-P1",
="800001501",="Absent",="10/31/2024",="NUR100-L-P1",
="800001501",="Absent",="11/7/2024",="NUR100-L-P1",
="800001501",="Absent",="11/14/2024",="NUR100-L-P1",
="800001501",="Absent",="11/21/2024",="NUR100-L-P1",
="800001501",="Present",="8/26/2024",="NUR100-P",
="800001501",="Present",="9/9/2024",="NUR100-P",
="800001501",="Present",="9/16/2024",="NUR100-P",
="800001501",="Present",="9/23/2024",="NUR100-P",
="800001501",="Present",="9/30/2024",="NUR100-P",
="800001501",="Present",="10/7/2024",="NUR100-P",
="800001501",="Present",="10/28/2024",="NUR100-P",
="800001501",="Present",="11/4/2024",="NUR100-P",
="800001501",="Present",="11/11/2024",="NUR100-P",
="800001501",="Absent",="11/18/2024",="NUR100-P",
="800001501",="Absent",="11/25/2024",="NUR100-P",
="800001501",="Absent",="12/2/2024",="NUR100-P",
="800001505",="Present",="9/25/2024",="PHARM100-P",
="800001505",="Present",="10/2/2024",="PHARM100-P",
="800001505",="Present",="10/9/2024",="PHARM100-P",
="800001505",="Present",="10/16/2024",="PHARM100-P",
="800001505",="Present",="10/23/2024",="PHARM100-P",
="800001505",="Present",="10/30/2024",="PHARM100-P",
="800001505",="Present",="11/6/2024",="PHARM100-P",
="800001505",="Present",="11/13/2024",="PHARM100-P",
="800001505",="Present",="8/29/2024",="NUR100-L-P1",
="800001505",="Present",="9/5/2024",="NUR100-L-P1",
="800001505",="Present",="9/12/2024",="NUR100-L-P1",
="800001505",="Present",="9/19/2024",="NUR100-L-P1",
="800001505",="Present",="9/26/2024",="NUR100-L-P1",
="800001505",="Present",="10/3/2024",="NUR100-L-P1",
="800001505",="Present",="10/10/2024",="NUR100-L-P1",
="800001505",="Present",="10/17/2024",="NUR100-L-P1",
="800001505",="Present",="10/24/2024",="NUR100-L-P1",
="800001505",="Present",="10/31/2024",="NUR100-L-P1",
="800001505",="Present",="11/7/2024",="NUR100-L-P1",
="800001505",="Present",="11/14/2024",="NUR100-L-P1",
="800001505",="Present",="11/21/2024",="NUR100-L-P1",
="800001505",="Present",="12/5/2024",="NUR100-L-P1",
="800001505",="Present",="12/12/2024",="NUR100-L-P1",
="800001505",="Present",="8/30/2024",="ENG101 -P",
="800001505",="Present",="9/6/2024",="ENG101 -P",
="800001505",="Present",="9/13/2024",="ENG101 -P",
="800001505",="Absent",="9/20/2024",="ENG101 -P",
="800001505",="Present",="9/27/2024",="ENG101 -P",
="800001505",="Present",="10/4/2024",="ENG101 -P",
="800001505",="Present",="10/11/2024",="ENG101 -P",
="800001505",="Present",="10/18/2024",="ENG101 -P",
="800001505",="Present",="10/25/2024",="ENG101 -P",
="800001505",="Present",="11/1/2024",="ENG101 -P",
="800001505",="Present",="11/8/2024",="ENG101 -P",
="800001505",="Present",="11/15/2024",="ENG101 -P",
="800001505",="Present",="11/22/2024",="ENG101 -P",
="800001505",="Present",="8/26/2024",="NUR100-P",
="800001505",="Present",="9/9/2024",="NUR100-P",
="800001505",="Present",="9/16/2024",="NUR100-P",
="800001505",="Present",="9/23/2024",="NUR100-P",
="800001505",="Present",="9/30/2024",="NUR100-P",
="800001505",="Present",="10/7/2024",="NUR100-P",
="800001505",="Present",="10/28/2024",="NUR100-P",
="800001505",="Present",="11/4/2024",="NUR100-P",
="800001505",="Present",="11/11/2024",="NUR100-P",
="800001505",="Present",="11/18/2024",="NUR100-P",
="800001505",="Present",="11/25/2024",="NUR100-P",
="800001505",="Present",="12/2/2024",="NUR100-P",
="800001505",="Present",="9/1/2024",="PSY101 -OL",
="800001505",="Present",="9/8/2024",="PSY101 -OL",
="800001505",="Present",="9/15/2024",="PSY101 -OL",
="800001505",="Present",="9/22/2024",="PSY101 -OL",
="800001505",="Present",="9/29/2024",="PSY101 -OL",
="800001505",="Present",="10/6/2024",="PSY101 -OL",
="800001505",="Absent",="10/13/2024",="PSY101 -OL",
="800001505",="Present",="10/20/2024",="PSY101 -OL",
="800001505",="Present",="10/27/2024",="PSY101 -OL",
="800001505",="Present",="11/3/2024",="PSY101 -OL",
="800001505",="Present",="11/10/2024",="PSY101 -OL",
="800001505",="Present",="11/17/2024",="PSY101 -OL",
="800001505",="Present",="11/24/2024",="PSY101 -OL",
="800001505",="Present",="12/1/2024",="PSY101 -OL",
="800001505",="Present",="9/1/2024",="COL010 - OL I",
="800001505",="Present",="9/8/2024",="COL010 - OL I",
="800001505",="Present",="9/15/2024",="COL010 - OL I",
="800001505",="Present",="9/22/2024",="COL010 - OL I",
="800001505",="Present",="8/27/2024",="AP100-P",
="800001505",="Present",="9/3/2024",="AP100-P",
="800001505",="Present",="9/10/2024",="AP100-P",
="800001505",="Present",="9/17/2024",="AP100-P",
="800001505",="Present",="9/24/2024",="AP100-P",
="800001505",="Present",="10/1/2024",="AP100-P",
="800001505",="Present",="10/8/2024",="AP100-P",
="800001505",="Present",="10/15/2024",="AP100-P",
="800001505",="Present",="10/22/2024",="AP100-P",
="800001505",="Present",="10/29/2024",="AP100-P",
="800001505",="Present",="11/5/2024",="AP100-P",
="800001505",="Present",="11/12/2024",="AP100-P",
="800001505",="Present",="11/19/2024",="AP100-P",
="800001505",="Present",="11/26/2024",="AP100-P",
="800001505",="Present",="12/3/2024",="AP100-P",
="800001506",="Present",="8/29/2024",="NUR100-L-P1",
="800001506",="Present",="9/5/2024",="NUR100-L-P1",
="800001506",="Present",="9/12/2024",="NUR100-L-P1",
="800001506",="Present",="9/19/2024",="NUR100-L-P1",
="800001506",="Present",="9/26/2024",="NUR100-L-P1",
="800001506",="Present",="10/3/2024",="NUR100-L-P1",
="800001506",="Present",="10/10/2024",="NUR100-L-P1",
="800001506",="Present",="10/17/2024",="NUR100-L-P1",
="800001506",="Present",="10/24/2024",="NUR100-L-P1",
="800001506",="Present",="10/31/2024",="NUR100-L-P1",
="800001506",="Present",="11/7/2024",="NUR100-L-P1",
="800001506",="Present",="11/14/2024",="NUR100-L-P1",
="800001506",="Absent",="11/21/2024",="NUR100-L-P1",
="800001506",="Absent",="12/5/2024",="NUR100-L-P1",
="800001506",="Absent",="12/12/2024",="NUR100-L-P1",
="800001506",="Present",="9/1/2024",="COL010 - OL I",
="800001506",="Present",="9/8/2024",="COL010 - OL I",
="800001506",="Present",="9/15/2024",="COL010 - OL I",
="800001506",="Present",="9/22/2024",="COL010 - OL I",
="800001506",="Present",="8/27/2024",="AP100-P",
="800001506",="Present",="9/3/2024",="AP100-P",
="800001506",="Present",="9/10/2024",="AP100-P",
="800001506",="Present",="9/17/2024",="AP100-P",
="800001506",="Present",="9/24/2024",="AP100-P",
="800001506",="Present",="10/1/2024",="AP100-P",
="800001506",="Absent",="10/8/2024",="AP100-P",
="800001506",="Present",="10/15/2024",="AP100-P",
="800001506",="Present",="10/22/2024",="AP100-P",
="800001506",="Present",="10/29/2024",="AP100-P",
="800001506",="Present",="11/5/2024",="AP100-P",
="800001506",="Present",="11/12/2024",="AP100-P",
="800001506",="Present",="11/19/2024",="AP100-P",
="800001506",="Present",="11/26/2024",="AP100-P",
="800001506",="Present",="12/3/2024",="AP100-P",
="800001506",="Present",="8/30/2024",="ENG101 -P",
="800001506",="Present",="9/6/2024",="ENG101 -P",
="800001506",="Present",="9/13/2024",="ENG101 -P",
="800001506",="Present",="9/20/2024",="ENG101 -P",
="800001506",="Present",="9/27/2024",="ENG101 -P",
="800001506",="Present",="10/4/2024",="ENG101 -P",
="800001506",="Present",="10/11/2024",="ENG101 -P",
="800001506",="Present",="10/18/2024",="ENG101 -P",
="800001506",="Present",="10/25/2024",="ENG101 -P",
="800001506",="Absent",="11/1/2024",="ENG101 -P",
="800001506",="Present",="11/8/2024",="ENG101 -P",
="800001506",="Present",="11/15/2024",="ENG101 -P",
="800001506",="Present",="11/22/2024",="ENG101 -P",
="800001506",="Present",="9/25/2024",="PHARM100-P",
="800001506",="Present",="10/2/2024",="PHARM100-P",
="800001506",="Present",="10/9/2024",="PHARM100-P",
="800001506",="Present",="10/16/2024",="PHARM100-P",
="800001506",="Present",="10/23/2024",="PHARM100-P",
="800001506",="Present",="10/30/2024",="PHARM100-P",
="800001506",="Present",="11/6/2024",="PHARM100-P",
="800001506",="Present",="11/13/2024",="PHARM100-P",
="800001506",="Present",="8/26/2024",="NUR100-P",
="800001506",="Present",="9/9/2024",="NUR100-P",
="800001506",="Present",="9/16/2024",="NUR100-P",
="800001506",="Present",="9/23/2024",="NUR100-P",
="800001506",="Present",="9/30/2024",="NUR100-P",
="800001506",="Present",="10/7/2024",="NUR100-P",
="800001506",="Absent",="10/28/2024",="NUR100-P",
="800001506",="Present",="11/4/2024",="NUR100-P",
="800001506",="Present",="11/11/2024",="NUR100-P",
="800001506",="Present",="11/18/2024",="NUR100-P",
="800001506",="Present",="11/25/2024",="NUR100-P",
="800001506",="Present",="12/2/2024",="NUR100-P",
="800001508",="Present",="9/1/2024",="PSY101 -OL",
="800001508",="Present",="9/8/2024",="PSY101 -OL",
="800001508",="Absent",="9/15/2024",="PSY101 -OL",
="800001508",="Present",="9/22/2024",="PSY101 -OL",
="800001508",="Present",="9/29/2024",="PSY101 -OL",
="800001508",="Present",="10/6/2024",="PSY101 -OL",
="800001508",="Present",="10/13/2024",="PSY101 -OL",
="800001508",="Present",="10/20/2024",="PSY101 -OL",
="800001508",="Present",="10/27/2024",="PSY101 -OL",
="800001508",="Present",="11/3/2024",="PSY101 -OL",
="800001508",="Present",="11/10/2024",="PSY101 -OL",
="800001508",="Present",="11/17/2024",="PSY101 -OL",
="800001508",="Present",="11/24/2024",="PSY101 -OL",
="800001508",="Present",="12/1/2024",="PSY101 -OL",
="800001508",="Present",="8/30/2024",="ENG101 -P",
="800001508",="Present",="9/6/2024",="ENG101 -P",
="800001508",="Present",="9/13/2024",="ENG101 -P",
="800001508",="Present",="9/20/2024",="ENG101 -P",
="800001508",="Present",="9/27/2024",="ENG101 -P",
="800001508",="Present",="10/4/2024",="ENG101 -P",
="800001508",="Present",="10/11/2024",="ENG101 -P",
="800001508",="Present",="10/18/2024",="ENG101 -P",
="800001508",="Present",="10/25/2024",="ENG101 -P",
="800001508",="Present",="11/1/2024",="ENG101 -P",
="800001508",="Present",="11/8/2024",="ENG101 -P",
="800001508",="Present",="11/15/2024",="ENG101 -P",
="800001508",="Present",="11/22/2024",="ENG101 -P",
="800001508",="Present",="8/27/2024",="AP100-P",
="800001508",="Present",="9/3/2024",="AP100-P",
="800001508",="Present",="9/10/2024",="AP100-P",
="800001508",="Present",="9/17/2024",="AP100-P",
="800001508",="Present",="9/24/2024",="AP100-P",
="800001508",="Present",="10/1/2024",="AP100-P",
="800001508",="Present",="10/8/2024",="AP100-P",
="800001508",="Present",="10/15/2024",="AP100-P",
="800001508",="Present",="10/22/2024",="AP100-P",
="800001508",="Present",="10/29/2024",="AP100-P",
="800001508",="Present",="11/5/2024",="AP100-P",
="800001508",="Present",="11/12/2024",="AP100-P",
="800001508",="Present",="11/19/2024",="AP100-P",
="800001508",="Present",="11/26/2024",="AP100-P",
="800001508",="Present",="12/3/2024",="AP100-P",
="800001508",="Present",="9/25/2024",="PHARM100-P",
="800001508",="Present",="10/2/2024",="PHARM100-P",
="800001508",="Present",="10/9/2024",="PHARM100-P",
="800001508",="Present",="10/16/2024",="PHARM100-P",
="800001508",="Present",="10/23/2024",="PHARM100-P",
="800001508",="Present",="10/30/2024",="PHARM100-P",
="800001508",="Present",="11/6/2024",="PHARM100-P",
="800001508",="Present",="11/13/2024",="PHARM100-P",
="800001498",="Present",="8/26/2024",="NUR100 -A",
="800001498",="Present",="9/9/2024",="NUR100 -A",
="800001498",="Present",="9/16/2024",="NUR100 -A",
="800001498",="Absent",="9/23/2024",="NUR100 -A",
="800001498",="Present",="9/30/2024",="NUR100 -A",
="800001498",="Absent",="10/7/2024",="NUR100 -A",
="800001498",="Present",="10/28/2024",="NUR100 -A",
="800001498",="Present",="11/4/2024",="NUR100 -A",
="800001498",="Present",="11/11/2024",="NUR100 -A",
="800001498",="Present",="11/18/2024",="NUR100 -A",
="800001498",="Present",="11/25/2024",="NUR100 -A",
="800001498",="Absent",="12/2/2024",="NUR100 -A",
="800001498",="Present",="8/30/2024",="COL010 -A",
="800001498",="Present",="9/6/2024",="COL010 -A",
="800001498",="Present",="9/13/2024",="COL010 -A",
="800001498",="Present",="9/20/2024",="COL010 -A",
="800001498",="Present",="10/19/2024",="NUR100-C-A2",
="800001498",="Present",="12/7/2024",="NUR100-C-A2",
="800001498",="Tardy/Late",="9/26/2024",="PHARM100-A",
="800001498",="Present",="10/3/2024",="PHARM100-A",
="800001498",="Present",="10/10/2024",="PHARM100-A",
="800001498",="Present",="10/17/2024",="PHARM100-A",
="800001498",="Present",="10/24/2024",="PHARM100-A",
="800001498",="Present",="10/31/2024",="PHARM100-A",
="800001498",="Present",="11/7/2024",="PHARM100-A",
="800001498",="Tardy/Late",="11/14/2024",="PHARM100-A",
="800001498",="Present",="8/27/2024",="AP100-A",
="800001498",="Present",="9/3/2024",="AP100-A",
="800001498",="Present",="9/10/2024",="AP100-A",
="800001498",="Present",="9/17/2024",="AP100-A",
="800001498",="Present",="9/24/2024",="AP100-A",
="800001498",="Present",="10/1/2024",="AP100-A",
="800001498",="Present",="10/8/2024",="AP100-A",
="800001498",="Present",="10/15/2024",="AP100-A",
="800001498",="Present",="10/22/2024",="AP100-A",
="800001498",="Present",="10/29/2024",="AP100-A",
="800001498",="Present",="11/5/2024",="AP100-A",
="800001498",="Present",="11/12/2024",="AP100-A",
="800001498",="Present",="11/19/2024",="AP100-A",
="800001498",="Present",="11/26/2024",="AP100-A",
="800001498",="Present",="12/3/2024",="AP100-A",
="800001533",="Present",="8/29/2024",="PSY101 -A",
="800001533",="Present",="9/5/2024",="PSY101 -A",
="800001533",="Present",="9/12/2024",="PSY101 -A",
="800001533",="Present",="9/19/2024",="PSY101 -A",
="800001533",="Present",="9/26/2024",="PSY101 -A",
="800001533",="Present",="10/3/2024",="PSY101 -A",
="800001533",="Present",="10/10/2024",="PSY101 -A",
="800001533",="Present",="10/17/2024",="PSY101 -A",
="800001533",="Present",="10/31/2024",="PSY101 -A",
="800001533",="Present",="11/7/2024",="PSY101 -A",
="800001533",="Present",="11/14/2024",="PSY101 -A",
="800001533",="Present",="8/28/2024",="ENG101 -A",
="800001533",="Present",="9/4/2024",="ENG101 -A",
="800001533",="Present",="9/11/2024",="ENG101 -A",
="800001533",="Present",="9/18/2024",="ENG101 -A",
="800001533",="Present",="9/25/2024",="ENG101 -A",
="800001533",="Present",="10/2/2024",="ENG101 -A",
="800001533",="Present",="10/9/2024",="ENG101 -A",
="800001533",="Present",="10/16/2024",="ENG101 -A",
="800001533",="Present",="10/23/2024",="ENG101 -A",
="800001533",="Present",="10/30/2024",="ENG101 -A",
="800001533",="Present",="11/6/2024",="ENG101 -A",
="800001533",="Present",="11/13/2024",="ENG101 -A",
="800001533",="Present",="11/20/2024",="ENG101 -A",
="800001533",="Present",="11/27/2024",="ENG101 -A",
="800001533",="Present",="8/27/2024",="NUR100-L-A1",
="800001533",="Present",="9/3/2024",="NUR100-L-A1",
="800001533",="Present",="9/10/2024",="NUR100-L-A1",
="800001533",="Present",="9/17/2024",="NUR100-L-A1",
="800001533",="Present",="9/24/2024",="NUR100-L-A1",
="800001533",="Present",="10/1/2024",="NUR100-L-A1",
="800001533",="Present",="10/8/2024",="NUR100-L-A1",
="800001533",="Present",="10/15/2024",="NUR100-L-A1",
="800001533",="Present",="10/22/2024",="NUR100-L-A1",
="800001533",="Present",="10/29/2024",="NUR100-L-A1",
="800001533",="Present",="11/5/2024",="NUR100-L-A1",
="800001533",="Present",="11/12/2024",="NUR100-L-A1",
="800001533",="Present",="11/19/2024",="NUR100-L-A1",
="800001533",="Present",="11/26/2024",="NUR100-L-A1",
="800001533",="Present",="12/3/2024",="NUR100-L-A1",
="800001533",="Present",="12/10/2024",="NUR100-L-A1",
="800001533",="Present",="8/27/2024",="AP100-A",
="800001533",="Present",="9/3/2024",="AP100-A",
="800001533",="Present",="9/10/2024",="AP100-A",
="800001533",="Present",="9/17/2024",="AP100-A",
="800001533",="Present",="9/24/2024",="AP100-A",
="800001533",="Present",="10/1/2024",="AP100-A",
="800001533",="Present",="10/8/2024",="AP100-A",
="800001533",="Present",="10/15/2024",="AP100-A",
="800001533",="Present",="10/22/2024",="AP100-A",
="800001533",="Present",="10/29/2024",="AP100-A",
="800001533",="Present",="11/5/2024",="AP100-A",
="800001533",="Present",="11/12/2024",="AP100-A",
="800001533",="Present",="11/19/2024",="AP100-A",
="800001533",="Present",="11/26/2024",="AP100-A",
="800001533",="Present",="12/3/2024",="AP100-A",
="800001533",="Present",="8/30/2024",="COL010 -A",
="800001533",="Present",="9/6/2024",="COL010 -A",
="800001533",="Present",="9/13/2024",="COL010 -A",
="800001533",="Present",="9/20/2024",="COL010 -A",
="800001533",="Present",="8/26/2024",="NUR100 -A",
="800001533",="Present",="9/9/2024",="NUR100 -A",
="800001533",="Present",="9/16/2024",="NUR100 -A",
="800001533",="Present",="9/23/2024",="NUR100 -A",
="800001533",="Present",="9/30/2024",="NUR100 -A",
="800001533",="Present",="10/7/2024",="NUR100 -A",
="800001533",="Present",="10/28/2024",="NUR100 -A",
="800001533",="Present",="11/4/2024",="NUR100 -A",
="800001533",="Present",="11/11/2024",="NUR100 -A",
="800001533",="Present",="11/18/2024",="NUR100 -A",
="800001533",="Present",="11/25/2024",="NUR100 -A",
="800001533",="Present",="12/2/2024",="NUR100 -A",
="800001529",="Present",="8/30/2024",="COL010 -A",
="800001529",="Present",="9/6/2024",="COL010 -A",
="800001529",="Present",="9/13/2024",="COL010 -A",
="800001529",="Present",="9/20/2024",="COL010 -A",
="800001529",="Present",="10/19/2024",="NUR100-C-A2",
="800001529",="Present",="12/7/2024",="NUR100-C-A2",
="800001529",="Present",="8/27/2024",="AP100-A",
="800001529",="Present",="9/3/2024",="AP100-A",
="800001529",="Present",="9/10/2024",="AP100-A",
="800001529",="Present",="9/17/2024",="AP100-A",
="800001529",="Present",="9/24/2024",="AP100-A",
="800001529",="Present",="10/1/2024",="AP100-A",
="800001529",="Present",="10/8/2024",="AP100-A",
="800001529",="Present",="10/15/2024",="AP100-A",
="800001529",="Present",="10/22/2024",="AP100-A",
="800001529",="Present",="10/29/2024",="AP100-A",
="800001529",="Present",="11/5/2024",="AP100-A",
="800001529",="Present",="11/12/2024",="AP100-A",
="800001529",="Present",="11/19/2024",="AP100-A",
="800001529",="Present",="11/26/2024",="AP100-A",
="800001529",="Present",="12/3/2024",="AP100-A",
="800001529",="Present",="9/26/2024",="PHARM100-A",
="800001529",="Tardy/Late",="10/3/2024",="PHARM100-A",
="800001529",="Present",="10/10/2024",="PHARM100-A",
="800001529",="Present",="10/17/2024",="PHARM100-A",
="800001529",="Present",="10/24/2024",="PHARM100-A",
="800001529",="Present",="10/31/2024",="PHARM100-A",
="800001529",="Present",="11/7/2024",="PHARM100-A",
="800001529",="Present",="11/14/2024",="PHARM100-A",
="800001529",="Present",="8/28/2024",="ENG101 -A",
="800001529",="Present",="9/4/2024",="ENG101 -A",
="800001529",="Present",="9/11/2024",="ENG101 -A",
="800001529",="Present",="9/18/2024",="ENG101 -A",
="800001529",="Present",="9/25/2024",="ENG101 -A",
="800001529",="Absent",="10/2/2024",="ENG101 -A",
="800001529",="Present",="10/9/2024",="ENG101 -A",
="800001529",="Present",="10/16/2024",="ENG101 -A",
="800001529",="Present",="10/23/2024",="ENG101 -A",
="800001529",="Present",="10/30/2024",="ENG101 -A",
="800001529",="Present",="11/6/2024",="ENG101 -A",
="800001529",="Present",="11/13/2024",="ENG101 -A",
="800001529",="Present",="11/20/2024",="ENG101 -A",
="800001529",="Present",="11/27/2024",="ENG101 -A",
="800001529",="Present",="8/26/2024",="NUR100 -A",
="800001529",="Present",="9/9/2024",="NUR100 -A",
="800001529",="Present",="9/16/2024",="NUR100 -A",
="800001529",="Present",="9/23/2024",="NUR100 -A",
="800001529",="Present",="9/30/2024",="NUR100 -A",
="800001529",="Present",="10/7/2024",="NUR100 -A",
="800001529",="Present",="10/28/2024",="NUR100 -A",
="800001529",="Present",="11/4/2024",="NUR100 -A",
="800001529",="Present",="11/11/2024",="NUR100 -A",
="800001529",="Present",="11/18/2024",="NUR100 -A",
="800001529",="Present",="11/25/2024",="NUR100 -A",
="800001529",="Present",="12/2/2024",="NUR100 -A",
="800001529",="Present",="8/27/2024",="NUR100-L-A1",
="800001529",="Present",="9/3/2024",="NUR100-L-A1",
="800001529",="Present",="9/10/2024",="NUR100-L-A1",
="800001529",="Present",="9/17/2024",="NUR100-L-A1",
="800001529",="Present",="9/24/2024",="NUR100-L-A1",
="800001529",="Present",="10/1/2024",="NUR100-L-A1",
="800001529",="Present",="10/8/2024",="NUR100-L-A1",
="800001529",="Present",="10/15/2024",="NUR100-L-A1",
="800001529",="Present",="10/22/2024",="NUR100-L-A1",
="800001529",="Present",="10/29/2024",="NUR100-L-A1",
="800001529",="Present",="11/5/2024",="NUR100-L-A1",
="800001529",="Present",="11/12/2024",="NUR100-L-A1",
="800001529",="Present",="11/19/2024",="NUR100-L-A1",
="800001529",="Present",="11/26/2024",="NUR100-L-A1",
="800001529",="Present",="12/3/2024",="NUR100-L-A1",
="800001529",="Present",="12/10/2024",="NUR100-L-A1",
="800001528",="Present",="9/25/2024",="PHARM100-P",
="800001528",="Present",="10/2/2024",="PHARM100-P",
="800001528",="Present",="10/9/2024",="PHARM100-P",
="800001528",="Present",="10/16/2024",="PHARM100-P",
="800001528",="Present",="10/23/2024",="PHARM100-P",
="800001528",="Present",="10/30/2024",="PHARM100-P",
="800001528",="Present",="11/6/2024",="PHARM100-P",
="800001528",="Present",="11/13/2024",="PHARM100-P",
="800001528",="Present",="8/29/2024",="NUR100-L-P1",
="800001528",="Present",="9/5/2024",="NUR100-L-P1",
="800001528",="Present",="9/12/2024",="NUR100-L-P1",
="800001528",="Present",="9/19/2024",="NUR100-L-P1",
="800001528",="Present",="9/26/2024",="NUR100-L-P1",
="800001528",="Present",="10/3/2024",="NUR100-L-P1",
="800001528",="Present",="10/10/2024",="NUR100-L-P1",
="800001528",="Present",="10/17/2024",="NUR100-L-P1",
="800001528",="Present",="10/24/2024",="NUR100-L-P1",
="800001528",="Present",="10/31/2024",="NUR100-L-P1",
="800001528",="Present",="11/7/2024",="NUR100-L-P1",
="800001528",="Present",="11/14/2024",="NUR100-L-P1",
="800001528",="Present",="11/21/2024",="NUR100-L-P1",
="800001528",="Absent",="12/5/2024",="NUR100-L-P1",
="800001528",="Absent",="12/12/2024",="NUR100-L-P1",
="800001528",="Present",="9/1/2024",="COL010 - OL I",
="800001528",="Present",="9/8/2024",="COL010 - OL I",
="800001528",="Present",="9/15/2024",="COL010 - OL I",
="800001528",="Present",="9/22/2024",="COL010 - OL I",
="800001528",="Present",="8/26/2024",="NUR100-P",
="800001528",="Present",="9/9/2024",="NUR100-P",
="800001528",="Present",="9/16/2024",="NUR100-P",
="800001528",="Present",="9/23/2024",="NUR100-P",
="800001528",="Present",="9/30/2024",="NUR100-P",
="800001528",="Present",="10/7/2024",="NUR100-P",
="800001528",="Present",="10/28/2024",="NUR100-P",
="800001528",="Present",="11/4/2024",="NUR100-P",
="800001528",="Present",="11/11/2024",="NUR100-P",
="800001528",="Present",="11/18/2024",="NUR100-P",
="800001528",="Present",="11/25/2024",="NUR100-P",
="800001528",="Present",="12/2/2024",="NUR100-P",
="800001528",="Present",="8/27/2024",="AP100-P",
="800001528",="Present",="9/3/2024",="AP100-P",
="800001528",="Present",="9/10/2024",="AP100-P",
="800001528",="Present",="9/17/2024",="AP100-P",
="800001528",="Present",="9/24/2024",="AP100-P",
="800001528",="Present",="10/1/2024",="AP100-P",
="800001528",="Present",="10/8/2024",="AP100-P",
="800001528",="Present",="10/15/2024",="AP100-P",
="800001528",="Present",="10/22/2024",="AP100-P",
="800001528",="Present",="10/29/2024",="AP100-P",
="800001528",="Present",="11/5/2024",="AP100-P",
="800001528",="Present",="11/12/2024",="AP100-P",
="800001528",="Present",="11/19/2024",="AP100-P",
="800001528",="Present",="11/26/2024",="AP100-P",
="800001528",="Present",="12/3/2024",="AP100-P",
="800001528",="Present",="10/26/2024",="NUR100-C-P2",
="800001528",="Present",="8/30/2024",="ENG101 -P",
="800001528",="Present",="9/6/2024",="ENG101 -P",
="800001528",="Absent",="9/13/2024",="ENG101 -P",
="800001528",="Present",="9/20/2024",="ENG101 -P",
="800001528",="Absent",="9/27/2024",="ENG101 -P",
="800001528",="Present",="10/4/2024",="ENG101 -P",
="800001528",="Present",="10/11/2024",="ENG101 -P",
="800001528",="Present",="10/18/2024",="ENG101 -P",
="800001528",="Present",="10/25/2024",="ENG101 -P",
="800001528",="Present",="11/1/2024",="ENG101 -P",
="800001528",="Present",="11/8/2024",="ENG101 -P",
="800001528",="Present",="11/15/2024",="ENG101 -P",
="800001528",="Present",="11/22/2024",="ENG101 -P",
="800001527",="Present",="8/28/2024",="ENG101 -A",
="800001527",="Present",="9/4/2024",="ENG101 -A",
="800001527",="Tardy/Late",="9/11/2024",="ENG101 -A",
="800001527",="Present",="9/18/2024",="ENG101 -A",
="800001527",="Tardy/Late",="9/25/2024",="ENG101 -A",
="800001527",="Absent",="10/2/2024",="ENG101 -A",
="800001527",="Absent",="10/9/2024",="ENG101 -A",
="800001527",="Absent",="10/16/2024",="ENG101 -A",
="800001511",="Present",="9/25/2024",="PHARM100-P",
="800001511",="Present",="10/2/2024",="PHARM100-P",
="800001511",="Present",="10/9/2024",="PHARM100-P",
="800001511",="Present",="10/16/2024",="PHARM100-P",
="800001511",="Present",="10/23/2024",="PHARM100-P",
="800001511",="Present",="10/30/2024",="PHARM100-P",
="800001511",="Present",="11/6/2024",="PHARM100-P",
="800001511",="Present",="11/13/2024",="PHARM100-P",
="800001511",="Present",="8/27/2024",="AP100-P",
="800001511",="Present",="9/3/2024",="AP100-P",
="800001511",="Present",="9/10/2024",="AP100-P",
="800001511",="Present",="9/17/2024",="AP100-P",
="800001511",="Present",="9/24/2024",="AP100-P",
="800001511",="Present",="10/1/2024",="AP100-P",
="800001511",="Present",="10/8/2024",="AP100-P",
="800001511",="Present",="10/15/2024",="AP100-P",
="800001511",="Present",="10/22/2024",="AP100-P",
="800001511",="Present",="10/29/2024",="AP100-P",
="800001511",="Present",="11/5/2024",="AP100-P",
="800001511",="Present",="11/12/2024",="AP100-P",
="800001511",="Present",="11/19/2024",="AP100-P",
="800001511",="Present",="11/26/2024",="AP100-P",
="800001511",="Present",="12/3/2024",="AP100-P",
="800001511",="Present",="8/29/2024",="NUR100-L-P1",
="800001511",="Present",="9/5/2024",="NUR100-L-P1",
="800001511",="Present",="9/12/2024",="NUR100-L-P1",
="800001511",="Present",="9/19/2024",="NUR100-L-P1",
="800001511",="Present",="9/26/2024",="NUR100-L-P1",
="800001511",="Present",="10/3/2024",="NUR100-L-P1",
="800001511",="Present",="10/10/2024",="NUR100-L-P1",
="800001511",="Present",="10/17/2024",="NUR100-L-P1",
="800001511",="Present",="10/24/2024",="NUR100-L-P1",
="800001511",="Present",="10/31/2024",="NUR100-L-P1",
="800001511",="Present",="11/7/2024",="NUR100-L-P1",
="800001511",="Present",="11/14/2024",="NUR100-L-P1",
="800001511",="Present",="11/21/2024",="NUR100-L-P1",
="800001511",="Present",="12/5/2024",="NUR100-L-P1",
="800001511",="Present",="12/12/2024",="NUR100-L-P1",
="800001511",="Present",="8/26/2024",="NUR100-P",
="800001511",="Present",="9/9/2024",="NUR100-P",
="800001511",="Present",="9/16/2024",="NUR100-P",
="800001511",="Present",="9/23/2024",="NUR100-P",
="800001511",="Present",="9/30/2024",="NUR100-P",
="800001511",="Present",="10/7/2024",="NUR100-P",
="800001511",="Present",="10/28/2024",="NUR100-P",
="800001511",="Present",="11/4/2024",="NUR100-P",
="800001511",="Present",="11/11/2024",="NUR100-P",
="800001511",="Present",="11/18/2024",="NUR100-P",
="800001511",="Present",="11/25/2024",="NUR100-P",
="800001511",="Present",="12/2/2024",="NUR100-P",
="800001502",="Present",="8/29/2024",="PSY101 -A",
="800001502",="Present",="9/5/2024",="PSY101 -A",
="800001502",="Present",="9/12/2024",="PSY101 -A",
="800001502",="Present",="9/19/2024",="PSY101 -A",
="800001502",="Present",="9/26/2024",="PSY101 -A",
="800001502",="Present",="10/3/2024",="PSY101 -A",
="800001502",="Present",="10/10/2024",="PSY101 -A",
="800001502",="Present",="10/17/2024",="PSY101 -A",
="800001502",="Present",="10/31/2024",="PSY101 -A",
="800001502",="Present",="11/7/2024",="PSY101 -A",
="800001502",="Present",="11/14/2024",="PSY101 -A",
="800001502",="Present",="8/27/2024",="AP100-A",
="800001502",="Present",="9/3/2024",="AP100-A",
="800001502",="Present",="9/10/2024",="AP100-A",
="800001502",="Present",="9/17/2024",="AP100-A",
="800001502",="Present",="9/24/2024",="AP100-A",
="800001502",="Present",="10/1/2024",="AP100-A",
="800001502",="Present",="10/8/2024",="AP100-A",
="800001502",="Present",="10/15/2024",="AP100-A",
="800001502",="Present",="10/22/2024",="AP100-A",
="800001502",="Present",="10/29/2024",="AP100-A",
="800001502",="Present",="11/5/2024",="AP100-A",
="800001502",="Present",="11/12/2024",="AP100-A",
="800001502",="Present",="11/19/2024",="AP100-A",
="800001502",="Present",="11/26/2024",="AP100-A",
="800001502",="Present",="12/3/2024",="AP100-A",
="800001502",="Present",="8/30/2024",="COL010 -A",
="800001502",="Present",="9/6/2024",="COL010 -A",
="800001502",="Present",="9/13/2024",="COL010 -A",
="800001502",="Present",="9/20/2024",="COL010 -A",
="800001530",="Present",="8/27/2024",="AP100-P",
="800001530",="Present",="9/3/2024",="AP100-P",
="800001530",="Present",="9/10/2024",="AP100-P",
="800001530",="Present",="9/17/2024",="AP100-P",
="800001530",="Present",="9/24/2024",="AP100-P",
="800001530",="Present",="10/1/2024",="AP100-P",
="800001530",="Present",="10/8/2024",="AP100-P",
="800001530",="Present",="10/15/2024",="AP100-P",
="800001530",="Present",="10/22/2024",="AP100-P",
="800001530",="Present",="10/29/2024",="AP100-P",
="800001530",="Present",="11/5/2024",="AP100-P",
="800001530",="Present",="11/12/2024",="AP100-P",
="800001530",="Present",="11/19/2024",="AP100-P",
="800001530",="Present",="11/26/2024",="AP100-P",
="800001530",="Present",="12/3/2024",="AP100-P",
="800001530",="Present",="9/1/2024",="COL010 - OL I",
="800001530",="Present",="9/8/2024",="COL010 - OL I",
="800001530",="Present",="9/15/2024",="COL010 - OL I",
="800001530",="Present",="9/22/2024",="COL010 - OL I",
="800001530",="Present",="9/25/2024",="PHARM100-P",
="800001530",="Present",="10/2/2024",="PHARM100-P",
="800001530",="Present",="10/9/2024",="PHARM100-P",
="800001530",="Present",="10/16/2024",="PHARM100-P",
="800001530",="Present",="10/23/2024",="PHARM100-P",
="800001530",="Present",="10/30/2024",="PHARM100-P",
="800001530",="Present",="11/6/2024",="PHARM100-P",
="800001530",="Present",="11/13/2024",="PHARM100-P",
="800001530",="Present",="8/26/2024",="NUR100-P",
="800001530",="Present",="9/9/2024",="NUR100-P",
="800001530",="Present",="9/16/2024",="NUR100-P",
="800001530",="Present",="9/23/2024",="NUR100-P",
="800001530",="Present",="9/30/2024",="NUR100-P",
="800001530",="Present",="10/7/2024",="NUR100-P",
="800001530",="Present",="10/28/2024",="NUR100-P",
="800001530",="Present",="11/4/2024",="NUR100-P",
="800001530",="Present",="11/11/2024",="NUR100-P",
="800001530",="Present",="11/18/2024",="NUR100-P",
="800001530",="Present",="11/25/2024",="NUR100-P",
="800001530",="Present",="12/2/2024",="NUR100-P",
="800001530",="Present",="8/30/2024",="ENG101 -P",
="800001530",="Present",="9/6/2024",="ENG101 -P",
="800001530",="Present",="9/13/2024",="ENG101 -P",
="800001530",="Present",="9/20/2024",="ENG101 -P",
="800001530",="Present",="9/27/2024",="ENG101 -P",
="800001530",="Present",="10/4/2024",="ENG101 -P",
="800001530",="Present",="10/11/2024",="ENG101 -P",
="800001530",="Present",="10/18/2024",="ENG101 -P",
="800001530",="Present",="10/25/2024",="ENG101 -P",
="800001530",="Present",="11/1/2024",="ENG101 -P",
="800001530",="Present",="11/8/2024",="ENG101 -P",
="800001530",="Present",="11/15/2024",="ENG101 -P",
="800001530",="Present",="11/22/2024",="ENG101 -P",
="800001530",="Present",="8/29/2024",="NUR100-L-P1",
="800001530",="Present",="9/5/2024",="NUR100-L-P1",
="800001530",="Present",="9/12/2024",="NUR100-L-P1",
="800001530",="Present",="9/19/2024",="NUR100-L-P1",
="800001530",="Present",="9/26/2024",="NUR100-L-P1",
="800001530",="Present",="10/3/2024",="NUR100-L-P1",
="800001530",="Present",="10/10/2024",="NUR100-L-P1",
="800001530",="Present",="10/17/2024",="NUR100-L-P1",
="800001530",="Present",="10/24/2024",="NUR100-L-P1",
="800001530",="Present",="10/31/2024",="NUR100-L-P1",
="800001530",="Present",="11/7/2024",="NUR100-L-P1",
="800001530",="Present",="11/14/2024",="NUR100-L-P1",
="800001530",="Present",="11/21/2024",="NUR100-L-P1",
="800001530",="Present",="12/5/2024",="NUR100-L-P1",
="800001530",="Present",="12/12/2024",="NUR100-L-P1",
="800001532",="Present",="8/29/2024",="PSY101 -A",
="800001532",="Present",="9/5/2024",="PSY101 -A",
="800001532",="Present",="9/12/2024",="PSY101 -A",
="800001532",="Present",="9/19/2024",="PSY101 -A",
="800001532",="Present",="9/26/2024",="PSY101 -A",
="800001532",="Present",="10/3/2024",="PSY101 -A",
="800001532",="Present",="10/10/2024",="PSY101 -A",
="800001532",="Present",="10/17/2024",="PSY101 -A",
="800001532",="Present",="10/31/2024",="PSY101 -A",
="800001532",="Present",="11/7/2024",="PSY101 -A",
="800001532",="Absent",="11/14/2024",="PSY101 -A",
="800001532",="Present",="8/27/2024",="NUR100-L-A1",
="800001532",="Present",="9/3/2024",="NUR100-L-A1",
="800001532",="Present",="9/10/2024",="NUR100-L-A1",
="800001532",="Present",="9/17/2024",="NUR100-L-A1",
="800001532",="Present",="9/24/2024",="NUR100-L-A1",
="800001532",="Present",="10/1/2024",="NUR100-L-A1",
="800001532",="Present",="10/8/2024",="NUR100-L-A1",
="800001532",="Present",="10/15/2024",="NUR100-L-A1",
="800001532",="Present",="10/22/2024",="NUR100-L-A1",
="800001532",="Present",="10/29/2024",="NUR100-L-A1",
="800001532",="Present",="11/5/2024",="NUR100-L-A1",
="800001532",="Present",="11/12/2024",="NUR100-L-A1",
="800001532",="Present",="11/19/2024",="NUR100-L-A1",
="800001532",="Present",="11/26/2024",="NUR100-L-A1",
="800001532",="Present",="12/3/2024",="NUR100-L-A1",
="800001532",="Present",="12/10/2024",="NUR100-L-A1",
="800001532",="Present",="10/19/2024",="NUR100-C-A2",
="800001532",="Present",="12/7/2024",="NUR100-C-A2",
="800001532",="Present",="8/27/2024",="AP100-A",
="800001532",="Present",="9/3/2024",="AP100-A",
="800001532",="Present",="9/10/2024",="AP100-A",
="800001532",="Present",="9/17/2024",="AP100-A",
="800001532",="Present",="9/24/2024",="AP100-A",
="800001532",="Present",="10/1/2024",="AP100-A",
="800001532",="Present",="10/8/2024",="AP100-A",
="800001532",="Present",="10/15/2024",="AP100-A",
="800001532",="Present",="10/22/2024",="AP100-A",
="800001532",="Present",="10/29/2024",="AP100-A",
="800001532",="Present",="11/5/2024",="AP100-A",
="800001532",="Present",="11/12/2024",="AP100-A",
="800001532",="Present",="11/19/2024",="AP100-A",
="800001532",="Present",="11/26/2024",="AP100-A",
="800001532",="Present",="12/3/2024",="AP100-A",
="800001532",="Present",="8/30/2024",="COL010 -A",
="800001532",="Present",="9/6/2024",="COL010 -A",
="800001532",="Present",="9/13/2024",="COL010 -A",
="800001532",="Present",="9/20/2024",="COL010 -A",
="800001532",="Present",="8/26/2024",="NUR100 -A",
="800001532",="Present",="9/9/2024",="NUR100 -A",
="800001532",="Present",="9/16/2024",="NUR100 -A",
="800001532",="Present",="9/23/2024",="NUR100 -A",
="800001532",="Present",="9/30/2024",="NUR100 -A",
="800001532",="Present",="10/7/2024",="NUR100 -A",
="800001532",="Present",="10/28/2024",="NUR100 -A",
="800001532",="Present",="11/4/2024",="NUR100 -A",
="800001532",="Present",="11/11/2024",="NUR100 -A",
="800001532",="Present",="11/18/2024",="NUR100 -A",
="800001532",="Present",="11/25/2024",="NUR100 -A",
="800001532",="Present",="12/2/2024",="NUR100 -A",
="800001532",="Present",="9/26/2024",="PHARM100-A",
="800001532",="Present",="10/3/2024",="PHARM100-A",
="800001532",="Tardy/Late",="10/10/2024",="PHARM100-A",
="800001532",="Present",="10/17/2024",="PHARM100-A",
="800001532",="Present",="10/24/2024",="PHARM100-A",
="800001532",="Present",="10/31/2024",="PHARM100-A",
="800001532",="Present",="11/7/2024",="PHARM100-A",
="800001532",="Tardy/Late",="11/14/2024",="PHARM100-A",
="800001532",="Present",="8/28/2024",="ENG101 -A",
="800001532",="Present",="9/4/2024",="ENG101 -A",
="800001532",="Present",="9/11/2024",="ENG101 -A",
="800001532",="Present",="9/18/2024",="ENG101 -A",
="800001532",="Present",="9/25/2024",="ENG101 -A",
="800001532",="Present",="10/2/2024",="ENG101 -A",
="800001532",="Present",="10/9/2024",="ENG101 -A",
="800001532",="Present",="10/16/2024",="ENG101 -A",
="800001532",="Present",="10/23/2024",="ENG101 -A",
="800001532",="Present",="10/30/2024",="ENG101 -A",
="800001532",="Present",="11/6/2024",="ENG101 -A",
="800001532",="Present",="11/13/2024",="ENG101 -A",
="800001532",="Present",="11/20/2024",="ENG101 -A",
="800001532",="Present",="11/27/2024",="ENG101 -A",
="800001497",="Present",="9/1/2024",="PSY101 -OL",
="800001497",="Present",="9/8/2024",="PSY101 -OL",
="800001497",="Present",="9/15/2024",="PSY101 -OL",
="800001497",="Present",="9/22/2024",="PSY101 -OL",
="800001497",="Present",="9/29/2024",="PSY101 -OL",
="800001497",="Present",="10/6/2024",="PSY101 -OL",
="800001497",="Present",="10/13/2024",="PSY101 -OL",
="800001497",="Present",="10/20/2024",="PSY101 -OL",
="800001497",="Present",="10/27/2024",="PSY101 -OL",
="800001497",="Present",="11/3/2024",="PSY101 -OL",
="800001497",="Present",="11/10/2024",="PSY101 -OL",
="800001497",="Present",="11/17/2024",="PSY101 -OL",
="800001497",="Present",="11/24/2024",="PSY101 -OL",
="800001497",="Present",="12/1/2024",="PSY101 -OL",
="800001497",="Present",="8/29/2024",="NUR201-A",
="800001497",="Absent",="9/5/2024",="NUR201-A",
="800001497",="Present",="9/12/2024",="NUR201-A",
="800001497",="Present",="9/19/2024",="NUR201-A",
="800001497",="Present",="9/26/2024",="NUR201-A",
="800001497",="Present",="10/10/2024",="NUR201-A",
="800001497",="Present",="10/31/2024",="NUR201-A",
="800001497",="Present",="11/7/2024",="NUR201-A",
="800001497",="Present",="11/14/2024",="NUR201-A",
="800001497",="Present",="8/30/2024",="ENG101 -P",
="800001497",="Present",="9/6/2024",="ENG101 -P",
="800001497",="Absent",="9/13/2024",="ENG101 -P",
="800001497",="Present",="9/20/2024",="ENG101 -P",
="800001497",="Present",="9/27/2024",="ENG101 -P",
="800001497",="Present",="10/4/2024",="ENG101 -P",
="800001497",="Present",="10/11/2024",="ENG101 -P",
="800001497",="Present",="10/18/2024",="ENG101 -P",
="800001497",="Present",="10/25/2024",="ENG101 -P",
="800001497",="Absent",="11/1/2024",="ENG101 -P",
="800001497",="Present",="11/8/2024",="ENG101 -P",
="800001497",="Present",="11/15/2024",="ENG101 -P",
="800001497",="Present",="11/22/2024",="ENG101 -P",
="800001497",="Present",="9/1/2024",="COL010 - OL I",
="800001497",="Present",="9/8/2024",="COL010 - OL I",
="800001497",="Present",="9/15/2024",="COL010 - OL I",
="800001497",="Present",="9/22/2024",="COL010 - OL I",
="800001497",="Present",="8/29/2024",="NUR125-P",
="800001497",="Present",="9/5/2024",="NUR125-P",
="800001497",="Present",="9/12/2024",="NUR125-P",
="800001497",="Present",="9/19/2024",="NUR125-P",
="800001497",="Present",="9/26/2024",="NUR125-P",
="800001497",="Present",="10/3/2024",="NUR125-P",
="800001497",="Present",="10/10/2024",="NUR125-P",
="800001497",="Present",="10/31/2024",="NUR125-P",
="800001497",="Present",="11/7/2024",="NUR125-P",
="800001497",="Present",="11/14/2024",="NUR125-P",
="800001497",="Present",="11/21/2024",="NUR125-P",
="800001531",="Present",="9/1/2024",="COL010 - OL I",
="800001531",="Present",="9/8/2024",="COL010 - OL I",
="800001531",="Present",="9/15/2024",="COL010 - OL I",
="800001531",="Present",="9/22/2024",="COL010 - OL I",
="800001531",="Absent",="9/1/2024",="PSY101 -OL",
="800001531",="Present",="9/8/2024",="PSY101 -OL",
="800001531",="Present",="9/15/2024",="PSY101 -OL",
="800001531",="Present",="9/22/2024",="PSY101 -OL",
="800001531",="Present",="9/29/2024",="PSY101 -OL",
="800001531",="Present",="10/6/2024",="PSY101 -OL",
="800001531",="Absent",="10/13/2024",="PSY101 -OL",
="800001531",="Present",="10/20/2024",="PSY101 -OL",
="800001531",="Present",="10/27/2024",="PSY101 -OL",
="800001531",="Present",="11/3/2024",="PSY101 -OL",
="800001531",="Present",="11/10/2024",="PSY101 -OL",
="800001531",="Present",="11/17/2024",="PSY101 -OL",
="800001531",="Present",="11/24/2024",="PSY101 -OL",
="800001531",="Present",="12/1/2024",="PSY101 -OL",
="800001531",="Present",="8/30/2024",="ENG101 -P",
="800001531",="Present",="9/6/2024",="ENG101 -P",
="800001531",="Present",="9/13/2024",="ENG101 -P",
="800001531",="Absent",="9/20/2024",="ENG101 -P",
="800001531",="Present",="9/27/2024",="ENG101 -P",
="800001531",="Present",="10/4/2024",="ENG101 -P",
="800001531",="Present",="10/11/2024",="ENG101 -P",
="800001531",="Present",="10/18/2024",="ENG101 -P",
="800001531",="Present",="10/25/2024",="ENG101 -P",
="800001531",="Present",="11/1/2024",="ENG101 -P",
="800001531",="Present",="11/8/2024",="ENG101 -P",
="800001531",="Present",="11/15/2024",="ENG101 -P",
="800001531",="Absent",="11/22/2024",="ENG101 -P",
="800001527",="Present",="8/27/2024",="AP100-A",
="800001527",="Present",="9/3/2024",="AP100-A",
="800001527",="Absent",="9/10/2024",="AP100-A",
="800001527",="Present",="9/17/2024",="AP100-A",
="800001527",="Present",="9/24/2024",="AP100-A",
="800001527",="Absent",="10/1/2024",="AP100-A",
="800001527",="Absent",="10/8/2024",="AP100-A",
="800001527",="Present",="8/29/2024",="PSY101 -A",
="800001527",="Present",="9/5/2024",="PSY101 -A",
="800001527",="Present",="9/12/2024",="PSY101 -A",
="800001527",="Present",="9/19/2024",="PSY101 -A",
="800001527",="Present",="9/26/2024",="PSY101 -A",
="800001527",="Absent",="10/10/2024",="PSY101 -A",
="800001001",="Present",="8/27/2024",="AP100-P",
="800001001",="Present",="9/3/2024",="AP100-P",
="800001001",="Present",="9/10/2024",="AP100-P",
="800001001",="Present",="9/17/2024",="AP100-P",
="800001001",="Present",="9/24/2024",="AP100-P",
="800001001",="Present",="10/1/2024",="AP100-P",
="800001001",="Present",="10/8/2024",="AP100-P",
="800001001",="Present",="10/15/2024",="AP100-P",
="800001001",="Present",="10/22/2024",="AP100-P",
="800001001",="Present",="10/29/2024",="AP100-P",
="800001001",="Present",="11/5/2024",="AP100-P",
="800001001",="Present",="11/12/2024",="AP100-P",
="800001001",="Present",="11/19/2024",="AP100-P",
="800001001",="Present",="11/26/2024",="AP100-P",
="800001001",="Present",="12/3/2024",="AP100-P",
="800001001",="Present",="9/1/2024",="COL010 - OL I",
="800001001",="Present",="9/8/2024",="COL010 - OL I",
="800001001",="Present",="9/15/2024",="COL010 - OL I",
="800001001",="Present",="9/22/2024",="COL010 - OL I",
="800000952",="Present",="8/27/2024",="AP100-P",
="800000952",="Present",="9/3/2024",="AP100-P",
="800000952",="Present",="9/10/2024",="AP100-P",
="800000952",="Present",="9/17/2024",="AP100-P",
="800000952",="Present",="9/24/2024",="AP100-P",
="800000952",="Absent",="10/1/2024",="AP100-P",
="800000952",="Absent",="10/8/2024",="AP100-P",
="800000952",="Present",="10/15/2024",="AP100-P",
="800000952",="Present",="10/22/2024",="AP100-P",
="800000952",="Present",="10/29/2024",="AP100-P",
="800000952",="Present",="11/5/2024",="AP100-P",
="800000952",="Present",="11/12/2024",="AP100-P",
="800000952",="Present",="11/19/2024",="AP100-P",
="800000952",="Present",="11/26/2024",="AP100-P",
="800000952",="Present",="12/3/2024",="AP100-P",
="800000581",="Present",="8/27/2024",="NUR255 -P",
="800000581",="Present",="8/29/2024",="NUR255 -P",
="800000581",="Present",="9/3/2024",="NUR255 -P",
="800000581",="Present",="9/5/2024",="NUR255 -P",
="800000581",="Present",="9/10/2024",="NUR255 -P",
="800000581",="Present",="9/12/2024",="NUR255 -P",
="800000581",="Present",="9/17/2024",="NUR255 -P",
="800000581",="Present",="9/24/2024",="NUR255 -P",
="800000581",="Present",="9/26/2024",="NUR255 -P",
="800000581",="Present",="10/1/2024",="NUR255 -P",
="800000581",="Present",="10/3/2024",="NUR255 -P",
="800000581",="Present",="10/8/2024",="NUR255 -P",
="800000952",="Present",="8/30/2024",="ENG101 -P",
="800000952",="Present",="9/6/2024",="ENG101 -P",
="800000952",="Present",="9/20/2024",="ENG101 -P",
="800000952",="Present",="9/27/2024",="ENG101 -P",
="800000952",="Absent",="10/4/2024",="ENG101 -P",
="800000952",="Present",="10/11/2024",="ENG101 -P",
="800000952",="Present",="10/18/2024",="ENG101 -P",
="800000952",="Present",="10/25/2024",="ENG101 -P",
="800000952",="Present",="11/1/2024",="ENG101 -P",
="800000952",="Present",="11/8/2024",="ENG101 -P",
="800000952",="Absent",="11/15/2024",="ENG101 -P",
="800000952",="Present",="11/22/2024",="ENG101 -P",
="800000952",="Present",="10/26/2024",="NUR100-C-P2",
="800000952",="Present",="8/29/2024",="NUR100-L-P1",
="800000952",="Present",="9/5/2024",="NUR100-L-P1",
="800000952",="Present",="9/12/2024",="NUR100-L-P1",
="800000952",="Present",="9/19/2024",="NUR100-L-P1",
="800000952",="Present",="9/26/2024",="NUR100-L-P1",
="800000952",="Present",="10/3/2024",="NUR100-L-P1",
="800000952",="Present",="10/10/2024",="NUR100-L-P1",
="800000952",="Present",="10/17/2024",="NUR100-L-P1",
="800000952",="Present",="10/24/2024",="NUR100-L-P1",
="800000952",="Present",="10/31/2024",="NUR100-L-P1",
="800000952",="Present",="11/7/2024",="NUR100-L-P1",
="800000952",="Present",="11/14/2024",="NUR100-L-P1",
="800000952",="Present",="11/21/2024",="NUR100-L-P1",
="800000952",="Present",="12/5/2024",="NUR100-L-P1",
="800000952",="Present",="12/12/2024",="NUR100-L-P1",
="800000952",="Present",="8/26/2024",="NUR100-P",
="800000952",="Present",="9/9/2024",="NUR100-P",
="800000952",="Present",="9/16/2024",="NUR100-P",
="800000952",="Present",="9/23/2024",="NUR100-P",
="800000952",="Present",="9/30/2024",="NUR100-P",
="800000952",="Present",="10/7/2024",="NUR100-P",
="800000952",="Present",="10/28/2024",="NUR100-P",
="800000952",="Absent",="11/4/2024",="NUR100-P",
="800000952",="Present",="11/11/2024",="NUR100-P",
="800000952",="Present",="11/18/2024",="NUR100-P",
="800000952",="Present",="11/25/2024",="NUR100-P",
="800000952",="Present",="12/2/2024",="NUR100-P",
="800000952",="Present",="9/25/2024",="PHARM100-P",
="800000952",="Present",="10/2/2024",="PHARM100-P",
="800000952",="Present",="10/9/2024",="PHARM100-P",
="800000952",="Present",="10/16/2024",="PHARM100-P",
="800000952",="Present",="10/23/2024",="PHARM100-P",
="800000952",="Present",="10/30/2024",="PHARM100-P",
="800000952",="Present",="11/6/2024",="PHARM100-P",
="800000952",="Present",="11/13/2024",="PHARM100-P",
="800000898",="Present",="8/27/2024",="NUR255 -P",
="800000898",="Present",="8/29/2024",="NUR255 -P",
="800000898",="Present",="9/3/2024",="NUR255 -P",
="800000898",="Present",="9/5/2024",="NUR255 -P",
="800000898",="Present",="9/10/2024",="NUR255 -P",
="800000898",="Present",="9/12/2024",="NUR255 -P",
="800000898",="Present",="9/17/2024",="NUR255 -P",
="800000898",="Present",="9/24/2024",="NUR255 -P",
="800000898",="Present",="9/26/2024",="NUR255 -P",
="800000898",="Present",="10/1/2024",="NUR255 -P",
="800000898",="Present",="10/3/2024",="NUR255 -P",
="800000898",="Present",="10/8/2024",="NUR255 -P",
="800000898",="Present",="8/26/2024",="NUR265 -P",
="800000898",="Present",="9/9/2024",="NUR265 -P",
="800000898",="Present",="9/16/2024",="NUR265 -P",
="800000898",="Present",="9/23/2024",="NUR265 -P",
="800000898",="Present",="9/30/2024",="NUR265 -P",
="800000898",="Present",="10/7/2024",="NUR265 -P",
="800000898",="Present",="10/14/2024",="NUR265 -P",
="800000898",="Present",="10/21/2024",="NUR265 -P",
="800001466",="Present",="8/27/2024",="AP100-A",
="800001466",="Present",="9/3/2024",="AP100-A",
="800001466",="Present",="9/10/2024",="AP100-A",
="800001466",="Present",="9/17/2024",="AP100-A",
="800001466",="Present",="9/24/2024",="AP100-A",
="800001466",="Present",="10/1/2024",="AP100-A",
="800001466",="Present",="10/8/2024",="AP100-A",
="800001466",="Present",="10/15/2024",="AP100-A",
="800001466",="Present",="10/22/2024",="AP100-A",
="800001466",="Present",="10/29/2024",="AP100-A",
="800001466",="Present",="11/5/2024",="AP100-A",
="800001466",="Present",="11/12/2024",="AP100-A",
="800001466",="Present",="11/19/2024",="AP100-A",
="800001466",="Present",="11/26/2024",="AP100-A",
="800001466",="Present",="12/3/2024",="AP100-A",
="800001466",="Present",="8/30/2024",="COL010 -A",
="800001466",="Present",="9/6/2024",="COL010 -A",
="800001466",="Present",="9/13/2024",="COL010 -A",
="800001466",="Present",="9/20/2024",="COL010 -A",
="800001466",="Present",="8/26/2024",="NUR100 -A",
="800001466",="Present",="9/9/2024",="NUR100 -A",
="800001466",="Present",="9/16/2024",="NUR100 -A",
="800001466",="Absent",="9/23/2024",="NUR100 -A",
="800001466",="Present",="9/30/2024",="NUR100 -A",
="800001466",="Present",="10/7/2024",="NUR100 -A",
="800001466",="Present",="10/28/2024",="NUR100 -A",
="800001466",="Present",="11/4/2024",="NUR100 -A",
="800001466",="Present",="11/11/2024",="NUR100 -A",
="800001466",="Present",="11/18/2024",="NUR100 -A",
="800001466",="Present",="11/25/2024",="NUR100 -A",
="800001466",="Present",="12/2/2024",="NUR100 -A",
="800001466",="Present",="10/15/2024",="NUR100-C-A1",
="800001466",="Present",="12/3/2024",="NUR100-C-A1",
="800001466",="Present",="8/27/2024",="NUR100-L-A1",
="800001466",="Present",="9/3/2024",="NUR100-L-A1",
="800001466",="Present",="9/10/2024",="NUR100-L-A1",
="800001466",="Present",="9/17/2024",="NUR100-L-A1",
="800001466",="Present",="9/24/2024",="NUR100-L-A1",
="800001466",="Present",="10/1/2024",="NUR100-L-A1",
="800001466",="Present",="10/8/2024",="NUR100-L-A1",
="800001466",="Present",="10/15/2024",="NUR100-L-A1",
="800001466",="Present",="10/22/2024",="NUR100-L-A1",
="800001466",="Present",="10/29/2024",="NUR100-L-A1",
="800001466",="Present",="11/5/2024",="NUR100-L-A1",
="800001466",="Present",="11/12/2024",="NUR100-L-A1",
="800001466",="Present",="11/19/2024",="NUR100-L-A1",
="800001466",="Present",="11/26/2024",="NUR100-L-A1",
="800001466",="Present",="12/3/2024",="NUR100-L-A1",
="800001466",="Present",="12/10/2024",="NUR100-L-A1",
="800001506",="Present",="9/1/2024",="PSY101 -OL",
="800001506",="Present",="9/8/2024",="PSY101 -OL",
="800001506",="Present",="9/15/2024",="PSY101 -OL",
="800001506",="Present",="9/22/2024",="PSY101 -OL",
="800001506",="Present",="9/29/2024",="PSY101 -OL",
="800001506",="Present",="10/6/2024",="PSY101 -OL",
="800001506",="Present",="10/13/2024",="PSY101 -OL",
="800001506",="Present",="10/20/2024",="PSY101 -OL",
="800001506",="Present",="10/27/2024",="PSY101 -OL",
="800001506",="Present",="11/3/2024",="PSY101 -OL",
="800001506",="Present",="11/10/2024",="PSY101 -OL",
="800001506",="Present",="11/17/2024",="PSY101 -OL",
="800001506",="Present",="11/24/2024",="PSY101 -OL",
="800001506",="Present",="12/1/2024",="PSY101 -OL",
="800001458",="Present",="8/27/2024",="AP100-A",
="800001458",="Present",="9/3/2024",="AP100-A",
="800001458",="Present",="9/10/2024",="AP100-A",
="800001458",="Present",="9/17/2024",="AP100-A",
="800001458",="Absent",="9/24/2024",="AP100-A",
="800001458",="Present",="10/1/2024",="AP100-A",
="800001458",="Absent",="10/8/2024",="AP100-A",
="800001458",="Present",="10/15/2024",="AP100-A",
="800001458",="Present",="10/22/2024",="AP100-A",
="800001458",="Absent",="10/29/2024",="AP100-A",
="800001458",="Present",="11/5/2024",="AP100-A",
="800001458",="Absent",="11/12/2024",="AP100-A",
="800001458",="Absent",="11/19/2024",="AP100-A",
="800001458",="Absent",="11/26/2024",="AP100-A",
="800001458",="Absent",="12/3/2024",="AP100-A",
="800001425",="Present",="9/1/2024",="NUT100 -OL",
="800001425",="Present",="9/8/2024",="NUT100 -OL",
="800001425",="Absent",="9/15/2024",="NUT100 -OL",
="800001425",="Present",="9/22/2024",="NUT100 -OL",
="800001425",="Present",="9/29/2024",="NUT100 -OL",
="800001425",="Present",="10/6/2024",="NUT100 -OL",
="800001425",="Present",="10/13/2024",="NUT100 -OL",
="800001425",="Present",="10/20/2024",="NUT100 -OL",
="800001425",="Present",="10/27/2024",="NUT100 -OL",
="800001425",="Present",="11/3/2024",="NUT100 -OL",
="800001425",="Present",="11/10/2024",="NUT100 -OL",
="800001425",="Present",="11/17/2024",="NUT100 -OL",
="800001425",="Present",="11/24/2024",="NUT100 -OL",
="800001425",="Present",="12/1/2024",="NUT100 -OL",
="800001425",="Present",="8/27/2024",="AP100-P",
="800001425",="Present",="9/3/2024",="AP100-P",
="800001425",="Present",="9/10/2024",="AP100-P",
="800001425",="Present",="9/17/2024",="AP100-P",
="800001425",="Present",="9/24/2024",="AP100-P",
="800001425",="Present",="10/1/2024",="AP100-P",
="800001425",="Present",="10/8/2024",="AP100-P",
="800001425",="Present",="10/15/2024",="AP100-P",
="800001425",="Present",="10/22/2024",="AP100-P",
="800001425",="Present",="10/29/2024",="AP100-P",
="800001425",="Present",="11/5/2024",="AP100-P",
="800001425",="Present",="11/12/2024",="AP100-P",
="800001425",="Present",="11/19/2024",="AP100-P",
="800001425",="Present",="11/26/2024",="AP100-P",
="800001425",="Present",="12/3/2024",="AP100-P",
="800001342",="Present",="8/29/2024",="NUR205 -P",
="800001342",="Present",="9/5/2024",="NUR205 -P",
="800001342",="Present",="9/12/2024",="NUR205 -P",
="800001342",="Present",="9/19/2024",="NUR205 -P",
="800001342",="Present",="9/26/2024",="NUR205 -P",
="800001342",="Present",="10/3/2024",="NUR205 -P",
="800001342",="Present",="10/10/2024",="NUR205 -P",
="800001342",="Present",="10/31/2024",="NUR205 -P",
="800001342",="Present",="11/7/2024",="NUR205 -P",
="800001342",="Present",="11/14/2024",="NUR205 -P",
="800001342",="Present",="10/2/2024",="NUR216-L-P1",
="800001342",="Present",="10/9/2024",="NUR216-L-P1",
="800001342",="Present",="11/13/2024",="NUR216-L-P1",
="800001342",="Present",="11/27/2024",="NUR216-L-P1",
="800001342",="Present",="8/26/2024",="ENG102 - OL",
="800001342",="Present",="9/3/2024",="ENG102 - OL",
="800001342",="Present",="9/9/2024",="ENG102 - OL",
="800001342",="Present",="9/15/2024",="ENG102 - OL",
="800001342",="Present",="9/16/2024",="ENG102 - OL",
="800001342",="Present",="9/17/2024",="ENG102 - OL",
="800001342",="Present",="9/18/2024",="ENG102 - OL",
="800001342",="Present",="9/23/2024",="ENG102 - OL",
="800001342",="Present",="9/29/2024",="ENG102 - OL",
="800001342",="Present",="10/6/2024",="ENG102 - OL",
="800001342",="Present",="10/13/2024",="ENG102 - OL",
="800001342",="Present",="10/15/2024",="ENG102 - OL",
="800001342",="Present",="10/20/2024",="ENG102 - OL",
="800001342",="Present",="10/21/2024",="ENG102 - OL",
="800001342",="Present",="10/22/2024",="ENG102 - OL",
="800001342",="Present",="10/27/2024",="ENG102 - OL",
="800001342",="Present",="10/28/2024",="ENG102 - OL",
="800001342",="Present",="10/29/2024",="ENG102 - OL",
="800001342",="Present",="11/3/2024",="ENG102 - OL",
="800001342",="Present",="11/4/2024",="ENG102 - OL",
="800001342",="Present",="11/10/2024",="ENG102 - OL",
="800001342",="Present",="11/11/2024",="ENG102 - OL",
="800001342",="Present",="11/12/2024",="ENG102 - OL",
="800001342",="Present",="11/17/2024",="ENG102 - OL",
="800001342",="Present",="11/18/2024",="ENG102 - OL",
="800001342",="Present",="11/19/2024",="ENG102 - OL",
="800001342",="Present",="11/20/2024",="ENG102 - OL",
="800001342",="Present",="11/21/2024",="ENG102 - OL",
="800001342",="Present",="8/26/2024",="PHARM225-P_ A",
="800001342",="Present",="9/9/2024",="PHARM225-P_ A",
="800001342",="Present",="9/16/2024",="PHARM225-P_ A",
="800001342",="Absent",="9/23/2024",="PHARM225-P_ A",
="800001342",="Present",="9/30/2024",="PHARM225-P_ A",
="800001342",="Present",="10/7/2024",="PHARM225-P_ A",
="800001342",="Present",="10/14/2024",="PHARM225-P_ A",
="800001342",="Present",="10/21/2024",="PHARM225-P_ A",
="800001342",="Present",="10/28/2024",="PHARM225-P_ A",
="800001342",="Present",="11/4/2024",="PHARM225-P_ A",
="800001342",="Present",="11/11/2024",="PHARM225-P_ A",
="800001342",="Present",="11/18/2024",="PHARM225-P_ A",
="800001342",="Present",="12/2/2024",="PHARM225-P_ A",
="800001342",="Present",="9/1/2024",="SOC101 -OL",
="800001342",="Present",="9/8/2024",="SOC101 -OL",
="800001342",="Present",="9/15/2024",="SOC101 -OL",
="800001342",="Present",="9/22/2024",="SOC101 -OL",
="800001342",="Present",="9/29/2024",="SOC101 -OL",
="800001342",="Present",="10/6/2024",="SOC101 -OL",
="800001342",="Present",="10/13/2024",="SOC101 -OL",
="800001342",="Present",="10/20/2024",="SOC101 -OL",
="800001342",="Present",="10/27/2024",="SOC101 -OL",
="800001342",="Present",="11/3/2024",="SOC101 -OL",
="800001342",="Present",="11/10/2024",="SOC101 -OL",
="800001342",="Present",="11/17/2024",="SOC101 -OL",
="800001342",="Present",="11/24/2024",="SOC101 -OL",
="800001342",="Present",="12/1/2024",="SOC101 -OL",
="800001342",="Present",="8/27/2024",="NUR216 -P",
="800001342",="Present",="9/3/2024",="NUR216 -P",
="800001342",="Present",="9/10/2024",="NUR216 -P",
="800001342",="Present",="9/17/2024",="NUR216 -P",
="800001342",="Present",="9/24/2024",="NUR216 -P",
="800001342",="Present",="10/1/2024",="NUR216 -P",
="800001342",="Present",="10/8/2024",="NUR216 -P",
="800001342",="Absent",="10/29/2024",="NUR216 -P",
="800001342",="Present",="11/5/2024",="NUR216 -P",
="800001342",="Present",="11/12/2024",="NUR216 -P",
="800001342",="Present",="11/26/2024",="NUR216 -P",
="800001342",="Present",="10/19/2024",="NUR216-C-P1",
="800001342",="Present",="10/26/2024",="NUR216-C-P1",
="800001342",="Present",="12/7/2024",="NUR216-C-P1",
="800001324",="Present",="9/1/2024",="NUT100 -OL",
="800001324",="Present",="9/8/2024",="NUT100 -OL",
="800001324",="Present",="9/15/2024",="NUT100 -OL",
="800001324",="Present",="9/22/2024",="NUT100 -OL",
="800001324",="Present",="9/29/2024",="NUT100 -OL",
="800001324",="Present",="10/6/2024",="NUT100 -OL",
="800001324",="Present",="10/13/2024",="NUT100 -OL",
="800001324",="Present",="10/20/2024",="NUT100 -OL",
="800001324",="Present",="10/27/2024",="NUT100 -OL",
="800001324",="Present",="11/3/2024",="NUT100 -OL",
="800001324",="Present",="11/10/2024",="NUT100 -OL",
="800001324",="Present",="11/17/2024",="NUT100 -OL",
="800001324",="Present",="11/24/2024",="NUT100 -OL",
="800001324",="Present",="12/1/2024",="NUT100 -OL",
="800001324",="Present",="8/28/2024",="PHARM130-P",
="800001324",="Tardy/Late",="9/4/2024",="PHARM130-P",
="800001324",="Present",="9/11/2024",="PHARM130-P",
="800001324",="Present",="9/18/2024",="PHARM130-P",
="800001324",="Present",="9/25/2024",="PHARM130-P",
="800001324",="Present",="10/2/2024",="PHARM130-P",
="800001324",="Present",="10/9/2024",="PHARM130-P",
="800001324",="Present",="10/16/2024",="PHARM130-P",
="800001324",="Present",="10/23/2024",="PHARM130-P",
="800001324",="Present",="10/30/2024",="PHARM130-P",
="800001324",="Present",="11/6/2024",="PHARM130-P",
="800001324",="Absent",="11/13/2024",="PHARM130-P",
="800001324",="Present",="11/20/2024",="PHARM130-P",
="800001525",="Present",="8/30/2024",="COL010 -A",
="800001525",="Present",="9/6/2024",="COL010 -A",
="800001525",="Present",="9/13/2024",="COL010 -A",
="800001525",="Present",="9/20/2024",="COL010 -A",
="800001525",="Present",="8/27/2024",="NUR100-L-A1",
="800001525",="Present",="9/3/2024",="NUR100-L-A1",
="800001525",="Present",="9/10/2024",="NUR100-L-A1",
="800001525",="Present",="9/17/2024",="NUR100-L-A1",
="800001525",="Present",="9/24/2024",="NUR100-L-A1",
="800001525",="Present",="10/1/2024",="NUR100-L-A1",
="800001525",="Present",="10/8/2024",="NUR100-L-A1",
="800001525",="Present",="10/15/2024",="NUR100-L-A1",
="800001525",="Present",="10/22/2024",="NUR100-L-A1",
="800001525",="Present",="10/29/2024",="NUR100-L-A1",
="800001525",="Present",="11/5/2024",="NUR100-L-A1",
="800001525",="Present",="11/12/2024",="NUR100-L-A1",
="800001525",="Present",="11/19/2024",="NUR100-L-A1",
="800001525",="Present",="11/26/2024",="NUR100-L-A1",
="800001525",="Present",="12/3/2024",="NUR100-L-A1",
="800001525",="Absent",="12/10/2024",="NUR100-L-A1",
="800001525",="Present",="8/26/2024",="NUR100 -A",
="800001525",="Present",="9/9/2024",="NUR100 -A",
="800001525",="Present",="9/16/2024",="NUR100 -A",
="800001525",="Present",="9/23/2024",="NUR100 -A",
="800001525",="Present",="9/30/2024",="NUR100 -A",
="800001525",="Present",="10/7/2024",="NUR100 -A",
="800001525",="Present",="10/28/2024",="NUR100 -A",
="800001525",="Present",="11/4/2024",="NUR100 -A",
="800001525",="Present",="11/11/2024",="NUR100 -A",
="800001525",="Present",="11/18/2024",="NUR100 -A",
="800001525",="Present",="11/25/2024",="NUR100 -A",
="800001525",="Present",="12/2/2024",="NUR100 -A",
="800001525",="Present",="8/28/2024",="ENG101 -A",
="800001525",="Present",="9/4/2024",="ENG101 -A",
="800001525",="Present",="9/11/2024",="ENG101 -A",
="800001525",="Absent",="9/18/2024",="ENG101 -A",
="800001525",="Present",="9/25/2024",="ENG101 -A",
="800001525",="Present",="10/2/2024",="ENG101 -A",
="800001525",="Present",="10/9/2024",="ENG101 -A",
="800001525",="Tardy/Late",="10/16/2024",="ENG101 -A",
="800001525",="Present",="10/23/2024",="ENG101 -A",
="800001525",="Tardy/Late",="10/30/2024",="ENG101 -A",
="800001525",="Tardy/Late",="11/6/2024",="ENG101 -A",
="800001525",="Present",="11/13/2024",="ENG101 -A",
="800001525",="Tardy/Late",="11/20/2024",="ENG101 -A",
="800001525",="Present",="11/27/2024",="ENG101 -A",
="800001525",="Present",="8/29/2024",="PSY101 -A",
="800001525",="Present",="9/5/2024",="PSY101 -A",
="800001525",="Present",="9/12/2024",="PSY101 -A",
="800001525",="Present",="9/19/2024",="PSY101 -A",
="800001525",="Present",="9/26/2024",="PSY101 -A",
="800001525",="Present",="10/3/2024",="PSY101 -A",
="800001525",="Present",="10/10/2024",="PSY101 -A",
="800001525",="Present",="10/17/2024",="PSY101 -A",
="800001525",="Present",="10/31/2024",="PSY101 -A",
="800001525",="Present",="11/7/2024",="PSY101 -A",
="800001525",="Present",="11/14/2024",="PSY101 -A",
="800001525",="Tardy/Late",="9/26/2024",="PHARM100-A",
="800001525",="Present",="10/3/2024",="PHARM100-A",
="800001525",="Present",="10/10/2024",="PHARM100-A",
="800001525",="Present",="10/17/2024",="PHARM100-A",
="800001525",="Present",="10/24/2024",="PHARM100-A",
="800001525",="Present",="10/31/2024",="PHARM100-A",
="800001525",="Present",="11/7/2024",="PHARM100-A",
="800001525",="Present",="11/14/2024",="PHARM100-A",
="800001525",="Present",="10/19/2024",="NUR100-C-A2",
="800001525",="Present",="12/7/2024",="NUR100-C-A2",
="800001525",="Present",="8/27/2024",="AP100-A",
="800001525",="Present",="9/3/2024",="AP100-A",
="800001525",="Absent",="9/10/2024",="AP100-A",
="800001525",="Present",="9/17/2024",="AP100-A",
="800001525",="Present",="9/24/2024",="AP100-A",
="800001525",="Present",="10/1/2024",="AP100-A",
="800001525",="Present",="10/8/2024",="AP100-A",
="800001525",="Present",="10/15/2024",="AP100-A",
="800001525",="Present",="10/22/2024",="AP100-A",
="800001525",="Present",="10/29/2024",="AP100-A",
="800001525",="Present",="11/5/2024",="AP100-A",
="800001525",="Present",="11/12/2024",="AP100-A",
="800001525",="Present",="11/19/2024",="AP100-A",
="800001525",="Present",="11/26/2024",="AP100-A",
="800001525",="Present",="12/3/2024",="AP100-A",
="800000649",="Present",="10/17/2024",="NUR150-C-A1",
="800000649",="Present",="10/18/2024",="NUR150-C-A1",
="800000649",="Present",="10/24/2024",="NUR150-C-A1",
="800000649",="Present",="10/25/2024",="NUR150-C-A1",
="800000649",="Present",="12/5/2024",="NUR150-C-A1",
="800000649",="Present",="12/6/2024",="NUR150-C-A1",
="800000649",="Present",="10/21/2024",="NUR135-L-P1",
="800000649",="Present",="12/9/2024",="NUR135-L-P1",
="800000649",="Present",="8/29/2024",="NUR140-A",
="800000649",="Present",="9/5/2024",="NUR140-A",
="800000649",="Present",="9/12/2024",="NUR140-A",
="800000649",="Present",="9/19/2024",="NUR140-A",
="800000649",="Present",="9/26/2024",="NUR140-A",
="800000649",="Present",="10/3/2024",="NUR140-A",
="800000649",="Present",="10/10/2024",="NUR140-A",
="800000649",="Present",="10/31/2024",="NUR140-A",
="800000649",="Present",="11/7/2024",="NUR140-A",
="800000649",="Absent",="11/14/2024",="NUR140-A",
="800000649",="Present",="9/16/2024",="NUR135-P",
="800000649",="Present",="9/23/2024",="NUR135-P",
="800000649",="Present",="9/30/2024",="NUR135-P",
="800000649",="Present",="10/7/2024",="NUR135-P",
="800000649",="Present",="10/28/2024",="NUR135-P",
="800000649",="Present",="11/4/2024",="NUR135-P",
="800000649",="Present",="11/11/2024",="NUR135-P",
="800000649",="Present",="11/18/2024",="NUR135-P",
="800000649",="Present",="11/25/2024",="NUR135-P",
="800000649",="Present",="12/7/2024",="NUR140-C-P2",
="800000649",="Present",="8/28/2024",="NUR150 -A",
="800000649",="Present",="9/4/2024",="NUR150 -A",
="800000649",="Present",="9/11/2024",="NUR150 -A",
="800000649",="Present",="9/18/2024",="NUR150 -A",
="800000649",="Present",="10/2/2024",="NUR150 -A",
="800000649",="Present",="10/9/2024",="NUR150 -A",
="800000649",="Present",="10/30/2024",="NUR150 -A",
="800000649",="Present",="11/6/2024",="NUR150 -A",
="800000649",="Present",="11/13/2024",="NUR150 -A",
="800000649",="Present",="11/20/2024",="NUR150 -A",
="800000878",="Present",="8/28/2024",="PHARM225-P_B",
="800000878",="Present",="9/4/2024",="PHARM225-P_B",
="800000878",="Present",="9/11/2024",="PHARM225-P_B",
="800000878",="Present",="9/18/2024",="PHARM225-P_B",
="800000878",="Present",="9/25/2024",="PHARM225-P_B",
="800000878",="Present",="10/2/2024",="PHARM225-P_B",
="800000878",="Present",="10/9/2024",="PHARM225-P_B",
="800000878",="Present",="10/16/2024",="PHARM225-P_B",
="800000878",="Present",="10/23/2024",="PHARM225-P_B",
="800000878",="Tardy/Late",="10/30/2024",="PHARM225-P_B",
="800000878",="Present",="11/6/2024",="PHARM225-P_B",
="800000878",="Present",="11/13/2024",="PHARM225-P_B",
="800000878",="Present",="11/20/2024",="PHARM225-P_B",
="800000878",="Present",="10/14/2024",="NUR236-C-P1",
="800000878",="Present",="10/21/2024",="NUR236-C-P1",
="800000878",="Absent",="12/2/2024",="NUR236-C-P1",
="800000878",="Absent",="12/9/2024",="NUR236-C-P1",
="800000878",="Present",="8/29/2024",="NUR236-P",
="800000878",="Present",="9/5/2024",="NUR236-P",
="800000878",="Present",="9/12/2024",="NUR236-P",
="800000878",="Present",="9/19/2024",="NUR236-P",
="800000878",="Present",="9/26/2024",="NUR236-P",
="800000878",="Present",="10/3/2024",="NUR236-P",
="800000878",="Present",="10/10/2024",="NUR236-P",
="800000878",="Present",="10/31/2024",="NUR236-P",
="800000878",="Present",="11/7/2024",="NUR236-P",
="800000878",="Present",="11/14/2024",="NUR236-P",
="800000878",="Present",="8/27/2024",="NUR245 - P",
="800000878",="Present",="9/3/2024",="NUR245 - P",
="800000878",="Present",="9/10/2024",="NUR245 - P",
="800000878",="Present",="9/17/2024",="NUR245 - P",
="800000878",="Present",="9/24/2024",="NUR245 - P",
="800000878",="Present",="10/1/2024",="NUR245 - P",
="800000878",="Present",="10/29/2024",="NUR245 - P",
="800000878",="Present",="11/5/2024",="NUR245 - P",
="800000878",="Present",="11/12/2024",="NUR245 - P",
="800000878",="Present",="11/19/2024",="NUR245 - P",
="800000878",="Present",="11/26/2024",="NUR245 - P",
="800000878",="Present",="9/12/2024",="NUR236-L-P1",
="800000878",="Absent",="9/26/2024",="NUR236-L-P1",
="800000878",="Present",="11/7/2024",="NUR236-L-P1",
="800000878",="Absent",="11/14/2024",="NUR236-L-P1",
="800001528",="Present",="9/1/2024",="PSY101 -OL",
="800001528",="Present",="9/8/2024",="PSY101 -OL",
="800001528",="Present",="9/15/2024",="PSY101 -OL",
="800001528",="Present",="9/22/2024",="PSY101 -OL",
="800001528",="Present",="10/6/2024",="PSY101 -OL",
="800001528",="Present",="10/13/2024",="PSY101 -OL",
="800001528",="Present",="10/20/2024",="PSY101 -OL",
="800001528",="Present",="10/27/2024",="PSY101 -OL",
="800001528",="Present",="11/3/2024",="PSY101 -OL",
="800001528",="Present",="11/10/2024",="PSY101 -OL",
="800001528",="Present",="11/17/2024",="PSY101 -OL",
="800001528",="Present",="11/24/2024",="PSY101 -OL",
="800001528",="Present",="12/1/2024",="PSY101 -OL",
="800001149",="Present",="8/28/2024",="PHARM130-P",
="800001149",="Present",="9/4/2024",="PHARM130-P",
="800001149",="Present",="9/11/2024",="PHARM130-P",
="800001149",="Present",="9/18/2024",="PHARM130-P",
="800001149",="Present",="9/25/2024",="PHARM130-P",
="800001149",="Present",="10/2/2024",="PHARM130-P",
="800001149",="Present",="10/9/2024",="PHARM130-P",
="800001149",="Present",="10/16/2024",="PHARM130-P",
="800001149",="Present",="10/23/2024",="PHARM130-P",
="800001149",="Present",="10/30/2024",="PHARM130-P",
="800001149",="Present",="11/6/2024",="PHARM130-P",
="800001149",="Present",="11/13/2024",="PHARM130-P",
="800001149",="Present",="11/20/2024",="PHARM130-P",
="800001149",="Absent",="8/27/2024",="NUR120-A",
="800001149",="Present",="9/3/2024",="NUR120-A",
="800001149",="Present",="9/10/2024",="NUR120-A",
="800001149",="Present",="9/17/2024",="NUR120-A",
="800001149",="Present",="9/24/2024",="NUR120-A",
="800001149",="Present",="10/1/2024",="NUR120-A",
="800001149",="Present",="10/8/2024",="NUR120-A",
="800001149",="Present",="10/29/2024",="NUR120-A",
="800001149",="Present",="11/5/2024",="NUR120-A",
="800001149",="Present",="11/12/2024",="NUR120-A",
="800001149",="Present",="11/19/2024",="NUR120-A",
="800001149",="Present",="11/26/2024",="NUR120-A",
="800001149",="Present",="9/1/2024",="NUT100 -OL",
="800001149",="Present",="9/8/2024",="NUT100 -OL",
="800001149",="Present",="9/15/2024",="NUT100 -OL",
="800001149",="Present",="9/22/2024",="NUT100 -OL",
="800001149",="Present",="9/29/2024",="NUT100 -OL",
="800001149",="Present",="10/6/2024",="NUT100 -OL",
="800001149",="Present",="10/13/2024",="NUT100 -OL",
="800001149",="Present",="10/20/2024",="NUT100 -OL",
="800001149",="Present",="10/27/2024",="NUT100 -OL",
="800001149",="Present",="11/3/2024",="NUT100 -OL",
="800001149",="Present",="11/10/2024",="NUT100 -OL",
="800001149",="Present",="11/17/2024",="NUT100 -OL",
="800001149",="Present",="11/24/2024",="NUT100 -OL",
="800001149",="Present",="12/1/2024",="NUT100 -OL",
="800001149",="Absent",="9/3/2024",="NUR125-L-A1",
="800001149",="Present",="9/10/2024",="NUR125-L-A1",
="800001149",="Absent",="9/17/2024",="NUR125-L-A1",
="800001149",="Present",="9/24/2024",="NUR125-L-A1",
="800001149",="Absent",="10/1/2024",="NUR125-L-A1",
="800001149",="Present",="10/8/2024",="NUR125-L-A1",
="800001149",="Present",="10/15/2024",="NUR125-L-A1",
="800001149",="Present",="10/22/2024",="NUR125-L-A1",
="800001149",="Present",="11/5/2024",="NUR125-L-A1",
="800001149",="Present",="11/12/2024",="NUR125-L-A1",
="800001149",="Present",="11/19/2024",="NUR125-L-A1",
="800001149",="Present",="11/26/2024",="NUR125-L-A1",
="800001149",="Present",="12/3/2024",="NUR125-L-A1",
="800001149",="Present",="8/27/2024",="NUR125-A",
="800001149",="Present",="9/3/2024",="NUR125-A",
="800001149",="Present",="9/10/2024",="NUR125-A",
="800001149",="Absent",="9/17/2024",="NUR125-A",
="800001149",="Present",="9/24/2024",="NUR125-A",
="800001149",="Present",="10/1/2024",="NUR125-A",
="800001149",="Present",="10/8/2024",="NUR125-A",
="800001149",="Present",="10/29/2024",="NUR125-A",
="800001149",="Present",="11/5/2024",="NUR125-A",
="800001149",="Present",="11/19/2024",="NUR125-A",
="800001149",="Present",="11/26/2024",="NUR125-A",
="800000198",="Absent",="8/27/2024",="NUR255 -P",
="800000198",="Present",="8/29/2024",="NUR255 -P",
="800000198",="Present",="9/3/2024",="NUR255 -P",
="800000198",="Present",="9/5/2024",="NUR255 -P",
="800000198",="Present",="9/10/2024",="NUR255 -P",
="800000198",="Present",="9/12/2024",="NUR255 -P",
="800000198",="Present",="9/17/2024",="NUR255 -P",
="800000198",="Present",="9/24/2024",="NUR255 -P",
="800000198",="Present",="9/26/2024",="NUR255 -P",
="800000198",="Present",="10/1/2024",="NUR255 -P",
="800000198",="Present",="10/3/2024",="NUR255 -P",
="800000198",="Present",="10/8/2024",="NUR255 -P",
="800000198",="Present",="10/18/2024",="NUR255-C-P1",
="800000198",="Present",="10/19/2024",="NUR255-C-P1",
="800000198",="Present",="8/28/2024",="NUR270-P",
="800000198",="Present",="9/4/2024",="NUR270-P",
="800000198",="Present",="9/11/2024",="NUR270-P",
="800000198",="Present",="9/18/2024",="NUR270-P",
="800000198",="Present",="9/25/2024",="NUR270-P",
="800000198",="Present",="10/2/2024",="NUR270-P",
="800000198",="Present",="10/9/2024",="NUR270-P",
="800000198",="No class",="10/16/2024",="NUR270-P",
="800000198",="No class",="10/23/2024",="NUR270-P",
="800000198",="Present",="10/30/2024",="NUR270-P",
="800000198",="Present",="11/6/2024",="NUR270-P",
="800000198",="Present",="11/13/2024",="NUR270-P",
="800000198",="Present",="11/20/2024",="NUR270-P",
="800000198",="Present",="11/27/2024",="NUR270-P",
="800000198",="Present",="12/4/2024",="NUR270-P",
="800000289",="Present",="9/1/2024",="HUM200 -OL",
="800000289",="Present",="9/8/2024",="HUM200 -OL",
="800000289",="Present",="9/15/2024",="HUM200 -OL",
="800000289",="Present",="9/22/2024",="HUM200 -OL",
="800000289",="Present",="9/29/2024",="HUM200 -OL",
="800000289",="Present",="10/6/2024",="HUM200 -OL",
="800000289",="Present",="10/13/2024",="HUM200 -OL",
="800000289",="Present",="10/20/2024",="HUM200 -OL",
="800000289",="Present",="10/27/2024",="HUM200 -OL",
="800000289",="Present",="11/3/2024",="HUM200 -OL",
="800000289",="Present",="11/10/2024",="HUM200 -OL",
="800000289",="Present",="11/17/2024",="HUM200 -OL",
="800000289",="Present",="11/24/2024",="HUM200 -OL",
="800000289",="Present",="12/1/2024",="HUM200 -OL",
="800000289",="Present",="9/1/2024",="NUR303",
="800000289",="Present",="9/8/2024",="NUR303",
="800000289",="Present",="9/15/2024",="NUR303",
="800000289",="Present",="9/22/2024",="NUR303",
="800000289",="Present",="9/29/2024",="NUR303",
="800000289",="Present",="10/6/2024",="NUR303",
="800000289",="Present",="10/13/2024",="NUR303",
="800000289",="Present",="10/20/2024",="NUR303",
="800000289",="Present",="8/26/2024",="NUR265 -P",
="800000289",="Present",="9/9/2024",="NUR265 -P",
="800000289",="Present",="9/16/2024",="NUR265 -P",
="800000289",="Present",="9/23/2024",="NUR265 -P",
="800000289",="Present",="9/30/2024",="NUR265 -P",
="800000289",="Present",="10/7/2024",="NUR265 -P",
="800000289",="Present",="10/14/2024",="NUR265 -P",
="800000289",="Present",="10/21/2024",="NUR265 -P",
="800000289",="Present",="8/27/2024",="NUR255 -P",
="800000289",="Present",="8/29/2024",="NUR255 -P",
="800000289",="Present",="9/3/2024",="NUR255 -P",
="800000289",="Present",="9/5/2024",="NUR255 -P",
="800000289",="Present",="9/10/2024",="NUR255 -P",
="800000289",="Present",="9/12/2024",="NUR255 -P",
="800000289",="Present",="9/17/2024",="NUR255 -P",
="800000289",="Present",="9/19/2024",="NUR255 -P",
="800000289",="Present",="9/24/2024",="NUR255 -P",
="800000289",="Present",="9/26/2024",="NUR255 -P",
="800000289",="Present",="10/1/2024",="NUR255 -P",
="800000289",="Present",="10/3/2024",="NUR255 -P",
="800000289",="Present",="10/8/2024",="NUR255 -P",
="800000289",="Present",="10/10/2024",="NUR255 -P",
="800001530",="Absent",="9/1/2024",="PSY101 -OL",
="800001530",="Present",="9/8/2024",="PSY101 -OL",
="800001530",="Present",="9/15/2024",="PSY101 -OL",
="800001530",="Present",="9/22/2024",="PSY101 -OL",
="800001530",="Present",="9/29/2024",="PSY101 -OL",
="800001530",="Present",="10/6/2024",="PSY101 -OL",
="800001530",="Present",="10/13/2024",="PSY101 -OL",
="800001530",="Present",="10/20/2024",="PSY101 -OL",
="800001530",="Present",="10/27/2024",="PSY101 -OL",
="800001530",="Present",="11/3/2024",="PSY101 -OL",
="800001530",="Present",="11/10/2024",="PSY101 -OL",
="800001530",="Present",="11/17/2024",="PSY101 -OL",
="800001530",="Present",="11/24/2024",="PSY101 -OL",
="800001530",="Present",="12/1/2024",="PSY101 -OL",
="800001460",="Present",="8/27/2024",="NUR100-L-A1",
="800001460",="Present",="9/3/2024",="NUR100-L-A1",
="800001460",="Present",="9/10/2024",="NUR100-L-A1",
="800001460",="Present",="9/17/2024",="NUR100-L-A1",
="800001460",="Present",="9/24/2024",="NUR100-L-A1",
="800001460",="Present",="10/1/2024",="NUR100-L-A1",
="800001460",="Present",="10/8/2024",="NUR100-L-A1",
="800001460",="Present",="10/15/2024",="NUR100-L-A1",
="800001460",="Present",="10/22/2024",="NUR100-L-A1",
="800001460",="Present",="10/29/2024",="NUR100-L-A1",
="800001460",="Present",="11/5/2024",="NUR100-L-A1",
="800001460",="Present",="11/12/2024",="NUR100-L-A1",
="800001460",="Present",="11/19/2024",="NUR100-L-A1",
="800001460",="Present",="11/26/2024",="NUR100-L-A1",
="800001460",="Present",="12/3/2024",="NUR100-L-A1",
="800001460",="Present",="12/10/2024",="NUR100-L-A1",
="800001460",="Present",="8/27/2024",="AP100-A",
="800001460",="Present",="9/3/2024",="AP100-A",
="800001460",="Present",="9/10/2024",="AP100-A",
="800001460",="Present",="9/17/2024",="AP100-A",
="800001460",="Absent",="9/24/2024",="AP100-A",
="800001460",="Present",="10/1/2024",="AP100-A",
="800001460",="Present",="10/8/2024",="AP100-A",
="800001460",="Present",="10/15/2024",="AP100-A",
="800001460",="Present",="10/22/2024",="AP100-A",
="800001460",="Absent",="10/29/2024",="AP100-A",
="800001460",="Present",="11/5/2024",="AP100-A",
="800001460",="Present",="11/12/2024",="AP100-A",
="800001460",="Present",="11/19/2024",="AP100-A",
="800001460",="Present",="11/26/2024",="AP100-A",
="800001460",="Present",="12/3/2024",="AP100-A",
="800001460",="Absent",="9/26/2024",="PHARM100-A",
="800001460",="Present",="10/3/2024",="PHARM100-A",
="800001460",="Present",="10/10/2024",="PHARM100-A",
="800001460",="Present",="10/17/2024",="PHARM100-A",
="800001460",="Present",="10/24/2024",="PHARM100-A",
="800001460",="Present",="10/31/2024",="PHARM100-A",
="800001460",="Present",="11/7/2024",="PHARM100-A",
="800001460",="Present",="11/14/2024",="PHARM100-A",
="800001460",="Present",="10/19/2024",="NUR100-C-A2",
="800001460",="Present",="12/7/2024",="NUR100-C-A2",
="800001460",="Present",="8/26/2024",="NUR100 -A",
="800001460",="Present",="9/9/2024",="NUR100 -A",
="800001460",="Absent excused",="9/16/2024",="NUR100 -A",
="800001460",="Present",="9/23/2024",="NUR100 -A",
="800001460",="Present",="9/30/2024",="NUR100 -A",
="800001460",="Present",="10/7/2024",="NUR100 -A",
="800001460",="Present",="10/28/2024",="NUR100 -A",
="800001460",="Present",="11/4/2024",="NUR100 -A",
="800001460",="Present",="11/11/2024",="NUR100 -A",
="800001460",="Present",="11/18/2024",="NUR100 -A",
="800001460",="Present",="11/25/2024",="NUR100 -A",
="800001460",="Present",="12/2/2024",="NUR100 -A",
="800001460",="Present",="8/28/2024",="ENG101 -A",
="800001460",="Present",="9/4/2024",="ENG101 -A",
="800001460",="Present",="9/11/2024",="ENG101 -A",
="800001460",="Present",="9/18/2024",="ENG101 -A",
="800001460",="Absent excused",="9/25/2024",="ENG101 -A",
="800001460",="Present",="10/2/2024",="ENG101 -A",
="800001460",="Present",="10/9/2024",="ENG101 -A",
="800001460",="Present",="10/16/2024",="ENG101 -A",
="800001460",="Present",="10/23/2024",="ENG101 -A",
="800001460",="Present",="10/30/2024",="ENG101 -A",
="800001460",="Tardy/Late",="11/6/2024",="ENG101 -A",
="800001460",="Present",="11/13/2024",="ENG101 -A",
="800001460",="Absent",="11/20/2024",="ENG101 -A",
="800001460",="Present",="11/27/2024",="ENG101 -A",
="800001460",="Present",="8/30/2024",="COL010 -A",
="800001460",="Present",="9/6/2024",="COL010 -A",
="800001460",="Present",="9/13/2024",="COL010 -A",
="800001460",="Present",="9/20/2024",="COL010 -A",
="800001408",="Present",="10/18/2024",="NUR120-C-A1",
="800001408",="Present",="10/19/2024",="NUR120-C-A1",
="800001408",="Present",="10/25/2024",="NUR120-C-A1",
="800001408",="Present",="10/26/2024",="NUR120-C-A1",
="800001408",="Present",="12/5/2024",="NUR120-C-A1",
="800001408",="Present",="12/6/2024",="NUR120-C-A1",
="800001408",="Present",="8/27/2024",="NUR120-A",
="800001408",="Present",="9/3/2024",="NUR120-A",
="800001408",="Present",="9/10/2024",="NUR120-A",
="800001408",="Present",="9/17/2024",="NUR120-A",
="800001408",="Present",="9/24/2024",="NUR120-A",
="800001408",="Present",="10/1/2024",="NUR120-A",
="800001408",="Present",="10/8/2024",="NUR120-A",
="800001408",="Present",="10/29/2024",="NUR120-A",
="800001408",="Present",="11/5/2024",="NUR120-A",
="800001408",="Present",="11/12/2024",="NUR120-A",
="800001408",="Present",="11/19/2024",="NUR120-A",
="800001408",="Present",="11/26/2024",="NUR120-A",
="800001408",="Present",="10/14/2024",="NUR135-S-A1",
="800001408",="Present",="10/21/2024",="NUR135-S-A1",
="800001408",="Present",="12/2/2024",="NUR135-S-A1",
="800001408",="Present",="9/1/2024",="NUT100 -OL",
="800001408",="Present",="9/8/2024",="NUT100 -OL",
="800001408",="Present",="9/15/2024",="NUT100 -OL",
="800001408",="Present",="9/22/2024",="NUT100 -OL",
="800001408",="Present",="9/29/2024",="NUT100 -OL",
="800001408",="Present",="10/6/2024",="NUT100 -OL",
="800001408",="Present",="10/13/2024",="NUT100 -OL",
="800001408",="Present",="10/20/2024",="NUT100 -OL",
="800001408",="Present",="10/27/2024",="NUT100 -OL",
="800001408",="Present",="11/3/2024",="NUT100 -OL",
="800001408",="Present",="11/10/2024",="NUT100 -OL",
="800001408",="Present",="11/17/2024",="NUT100 -OL",
="800001408",="Present",="11/24/2024",="NUT100 -OL",
="800001408",="Present",="12/1/2024",="NUT100 -OL",
="800001408",="Present",="8/28/2024",="PHARM130-P",
="800001408",="Present",="9/4/2024",="PHARM130-P",
="800001408",="Present",="9/11/2024",="PHARM130-P",
="800001408",="Present",="9/18/2024",="PHARM130-P",
="800001408",="Present",="9/25/2024",="PHARM130-P",
="800001408",="Present",="10/2/2024",="PHARM130-P",
="800001408",="Present",="10/9/2024",="PHARM130-P",
="800001408",="Present",="10/16/2024",="PHARM130-P",
="800001408",="Present",="10/23/2024",="PHARM130-P",
="800001408",="Present",="10/30/2024",="PHARM130-P",
="800001408",="Present",="11/6/2024",="PHARM130-P",
="800001408",="Present",="11/13/2024",="PHARM130-P",
="800001408",="Present",="11/20/2024",="PHARM130-P",
="800001118",="Present",="10/17/2024",="NUR145-L-A",
="800001118",="Present",="10/24/2024",="NUR145-L-A",
="800001118",="Present",="8/29/2024",="NUR145 - A",
="800001118",="Present",="9/5/2024",="NUR145 - A",
="800001118",="Present",="9/12/2024",="NUR145 - A",
="800001118",="Present",="9/19/2024",="NUR145 - A",
="800001118",="Present",="9/26/2024",="NUR145 - A",
="800001118",="Present",="10/3/2024",="NUR145 - A",
="800001118",="Present",="10/10/2024",="NUR145 - A",
="800001118",="Present",="10/31/2024",="NUR145 - A",
="800001118",="Present",="11/7/2024",="NUR145 - A",
="800001118",="Present",="11/14/2024",="NUR145 - A",
="800001118",="Present",="10/15/2024",="NUR145-S-A1",
="800001118",="Present",="12/3/2024",="NUR145-S-A1",
="800001118",="Tardy/Late",="8/29/2024",="NUR140-A",
="800001118",="Present",="9/5/2024",="NUR140-A",
="800001118",="Present",="9/12/2024",="NUR140-A",
="800001118",="Present",="9/19/2024",="NUR140-A",
="800001118",="Present",="9/26/2024",="NUR140-A",
="800001118",="Present",="10/3/2024",="NUR140-A",
="800001118",="Present",="10/10/2024",="NUR140-A",
="800001118",="Present",="10/31/2024",="NUR140-A",
="800001118",="Present",="11/7/2024",="NUR140-A",
="800001118",="Present",="11/14/2024",="NUR140-A",
="800000852",="Present",="8/28/2024",="NUR270-P",
="800000852",="Present",="9/4/2024",="NUR270-P",
="800000852",="Present",="9/11/2024",="NUR270-P",
="800000852",="Present",="9/18/2024",="NUR270-P",
="800000852",="Present",="9/25/2024",="NUR270-P",
="800000852",="Present",="10/2/2024",="NUR270-P",
="800000852",="Present",="10/9/2024",="NUR270-P",
="800000852",="No class",="10/16/2024",="NUR270-P",
="800000852",="No class",="10/23/2024",="NUR270-P",
="800000852",="Present",="10/30/2024",="NUR270-P",
="800000852",="Present",="11/6/2024",="NUR270-P",
="800000852",="Present",="11/13/2024",="NUR270-P",
="800000852",="Present",="11/20/2024",="NUR270-P",
="800000852",="Present",="11/27/2024",="NUR270-P",
="800000852",="Present",="12/4/2024",="NUR270-P",
="800000852",="Present",="8/27/2024",="NUR255 -P",
="800000852",="Present",="8/29/2024",="NUR255 -P",
="800000852",="Present",="9/3/2024",="NUR255 -P",
="800000852",="Present",="9/5/2024",="NUR255 -P",
="800000852",="Present",="9/10/2024",="NUR255 -P",
="800000852",="Present",="9/12/2024",="NUR255 -P",
="800000852",="Present",="9/17/2024",="NUR255 -P",
="800000852",="Present",="9/24/2024",="NUR255 -P",
="800000852",="Present",="9/26/2024",="NUR255 -P",
="800000852",="Present",="10/1/2024",="NUR255 -P",
="800000852",="Present",="10/3/2024",="NUR255 -P",
="800000852",="Present",="10/8/2024",="NUR255 -P",
="800000952",="Absent",="9/1/2024",="COL010 - OL I",
="800000952",="Present",="9/8/2024",="COL010 - OL I",
="800000952",="Present",="9/15/2024",="COL010 - OL I",
="800000952",="Present",="9/22/2024",="COL010 - OL I",
="800001508",="Present",="9/1/2024",="COL010 - OL I",
="800001508",="Present",="9/8/2024",="COL010 - OL I",
="800001508",="Present",="9/15/2024",="COL010 - OL I",
="800001508",="Present",="9/22/2024",="COL010 - OL I",
="800001149",="Present",="10/18/2024",="NUR120-C-A1",
="800001149",="Present",="10/19/2024",="NUR120-C-A1",
="800001149",="Present",="10/25/2024",="NUR120-C-A1",
="800001149",="Present",="10/26/2024",="NUR120-C-A1",
="800001149",="Absent",="12/5/2024",="NUR120-C-A1",
="800001149",="Absent",="12/6/2024",="NUR120-C-A1",
="800001408",="Present",="9/13/2024",="NUR120-L-A1",
="800001408",="Present",="9/20/2024",="NUR120-L-A1",
="800001408",="Present",="10/11/2024",="NUR120-L-A1",
="800001408",="Present",="10/18/2024",="NUR120-L-A1",
="800001408",="Present",="11/1/2024",="NUR120-L-A1",
="800001408",="Present",="11/8/2024",="NUR120-L-A1",
="800001408",="Present",="12/6/2024",="NUR120-L-A1",
="800001149",="Absent",="9/13/2024",="NUR120-L-A1",
="800001149",="Absent",="9/20/2024",="NUR120-L-A1",
="800001149",="Present",="10/11/2024",="NUR120-L-A1",
="800001149",="Present",="10/18/2024",="NUR120-L-A1",
="800001149",="Present",="11/1/2024",="NUR120-L-A1",
="800001149",="Present",="11/8/2024",="NUR120-L-A1",
="800001149",="Absent",="12/6/2024",="NUR120-L-A1",
="800000809",="Present",="8/26/2024",="ENG102 - OL",
="800000809",="Present",="9/3/2024",="ENG102 - OL",
="800000809",="Present",="9/9/2024",="ENG102 - OL",
="800000809",="Present",="9/15/2024",="ENG102 - OL",
="800000809",="Present",="9/16/2024",="ENG102 - OL",
="800000809",="Present",="9/17/2024",="ENG102 - OL",
="800000809",="Present",="9/18/2024",="ENG102 - OL",
="800000809",="Present",="9/23/2024",="ENG102 - OL",
="800000809",="Present",="9/29/2024",="ENG102 - OL",
="800000809",="Present",="10/6/2024",="ENG102 - OL",
="800000809",="Present",="10/13/2024",="ENG102 - OL",
="800000809",="Present",="10/15/2024",="ENG102 - OL",
="800000809",="Present",="10/20/2024",="ENG102 - OL",
="800000809",="Present",="10/21/2024",="ENG102 - OL",
="800000809",="Present",="10/22/2024",="ENG102 - OL",
="800000809",="Present",="10/27/2024",="ENG102 - OL",
="800000809",="Present",="10/28/2024",="ENG102 - OL",
="800000809",="Present",="10/29/2024",="ENG102 - OL",
="800000809",="Present",="11/3/2024",="ENG102 - OL",
="800000809",="Present",="11/4/2024",="ENG102 - OL",
="800000809",="Present",="11/10/2024",="ENG102 - OL",
="800000809",="Present",="11/11/2024",="ENG102 - OL",
="800000809",="Present",="11/12/2024",="ENG102 - OL",
="800000809",="Present",="11/17/2024",="ENG102 - OL",
="800000809",="Present",="11/18/2024",="ENG102 - OL",
="800000809",="Present",="11/19/2024",="ENG102 - OL",
="800000809",="Present",="11/20/2024",="ENG102 - OL",
="800000809",="Present",="11/21/2024",="ENG102 - OL",
="800000957",="Present",="10/15/2024",="NUR145-S-A1",
="800000957",="Present",="12/3/2024",="NUR145-S-A1",
="800000957",="Present",="8/27/2024",="MCB100 -A",
="800000957",="Present",="9/3/2024",="MCB100 -A",
="800000957",="Present",="9/10/2024",="MCB100 -A",
="800000957",="Present",="9/17/2024",="MCB100 -A",
="800000957",="Present",="9/24/2024",="MCB100 -A",
="800000957",="Present",="10/1/2024",="MCB100 -A",
="800000957",="Present",="10/8/2024",="MCB100 -A",
="800000957",="Present",="10/15/2024",="MCB100 -A",
="800000957",="Present",="10/22/2024",="MCB100 -A",
="800000957",="Present",="10/29/2024",="MCB100 -A",
="800000957",="Present",="11/5/2024",="MCB100 -A",
="800000957",="Present",="11/12/2024",="MCB100 -A",
="800000957",="Present",="11/19/2024",="MCB100 -A",
="800000957",="Present",="11/26/2024",="MCB100 -A",
="800000957",="Present",="12/3/2024",="MCB100 -A",
="800000957",="Present",="8/29/2024",="NUR145 - A",
="800000957",="Present",="9/5/2024",="NUR145 - A",
="800000957",="Present",="9/12/2024",="NUR145 - A",
="800000957",="Present",="9/19/2024",="NUR145 - A",
="800000957",="Present",="9/26/2024",="NUR145 - A",
="800000957",="Present",="10/3/2024",="NUR145 - A",
="800000957",="Present",="10/10/2024",="NUR145 - A",
="800000957",="Present",="10/31/2024",="NUR145 - A",
="800000957",="Present",="11/7/2024",="NUR145 - A",
="800000957",="Present",="11/14/2024",="NUR145 - A",
="800000957",="Present",="10/17/2024",="NUR145-L-A",
="800000957",="Present",="10/24/2024",="NUR145-L-A",
="800001394",="Present",="8/29/2024",="NUR125-P",
="800001394",="Present",="9/5/2024",="NUR125-P",
="800001394",="Present",="9/12/2024",="NUR125-P",
="800001394",="Present",="9/19/2024",="NUR125-P",
="800001394",="Present",="9/26/2024",="NUR125-P",
="800001394",="Present",="10/3/2024",="NUR125-P",
="800001394",="Present",="10/10/2024",="NUR125-P",
="800001394",="Present",="10/31/2024",="NUR125-P",
="800001394",="Present",="11/7/2024",="NUR125-P",
="800001394",="Present",="11/14/2024",="NUR125-P",
="800001394",="Present",="11/21/2024",="NUR125-P",
="800001394",="Present",="9/5/2024",="NUR125-L-P1",
="800001394",="Present",="9/12/2024",="NUR125-L-P1",
="800001394",="Present",="9/19/2024",="NUR125-L-P1",
="800001394",="Present",="9/26/2024",="NUR125-L-P1",
="800001394",="Present",="10/3/2024",="NUR125-L-P1",
="800001394",="Present",="10/10/2024",="NUR125-L-P1",
="800001394",="Present",="10/17/2024",="NUR125-L-P1",
="800001394",="Present",="10/31/2024",="NUR125-L-P1",
="800001394",="Present",="11/7/2024",="NUR125-L-P1",
="800001394",="Present",="11/14/2024",="NUR125-L-P1",
="800001394",="Present",="9/1/2024",="NUT100 -OL",
="800001394",="Present",="9/8/2024",="NUT100 -OL",
="800001394",="Present",="9/15/2024",="NUT100 -OL",
="800001394",="Present",="9/22/2024",="NUT100 -OL",
="800001394",="Present",="9/29/2024",="NUT100 -OL",
="800001394",="Present",="10/6/2024",="NUT100 -OL",
="800001394",="Present",="10/13/2024",="NUT100 -OL",
="800001394",="Present",="10/20/2024",="NUT100 -OL",
="800001394",="Present",="10/27/2024",="NUT100 -OL",
="800001394",="Present",="11/3/2024",="NUT100 -OL",
="800001394",="Present",="11/10/2024",="NUT100 -OL",
="800001394",="Present",="11/17/2024",="NUT100 -OL",
="800001394",="Present",="11/24/2024",="NUT100 -OL",
="800001394",="Present",="12/1/2024",="NUT100 -OL",
="800000916",="Present",="8/26/2024",="NUR135-P",
="800000916",="Present",="9/9/2024",="NUR135-P",
="800000916",="Present",="9/16/2024",="NUR135-P",
="800000916",="Present",="9/23/2024",="NUR135-P",
="800000916",="Present",="9/30/2024",="NUR135-P",
="800000916",="Present",="10/7/2024",="NUR135-P",
="800000916",="Absent",="10/28/2024",="NUR135-P",
="800000916",="Present",="11/4/2024",="NUR135-P",
="800000916",="Present",="11/11/2024",="NUR135-P",
="800000916",="Present",="11/18/2024",="NUR135-P",
="800000916",="Present",="11/25/2024",="NUR135-P",
="800000916",="Present",="10/21/2024",="NUR135-L-P1",
="800000916",="Present",="12/9/2024",="NUR135-L-P1",
="800000916",="Present",="8/28/2024",="PHARM130-P",
="800000916",="Present",="9/4/2024",="PHARM130-P",
="800000916",="Present",="9/11/2024",="PHARM130-P",
="800000916",="Present",="9/18/2024",="PHARM130-P",
="800000916",="Present",="9/25/2024",="PHARM130-P",
="800000916",="Present",="10/2/2024",="PHARM130-P",
="800000916",="Present",="10/9/2024",="PHARM130-P",
="800000916",="Present",="10/16/2024",="PHARM130-P",
="800000916",="Present",="10/23/2024",="PHARM130-P",
="800000916",="Present",="10/30/2024",="PHARM130-P",
="800000916",="Present",="11/6/2024",="PHARM130-P",
="800000916",="Present",="11/13/2024",="PHARM130-P",
="800000916",="Present",="11/20/2024",="PHARM130-P",
="800000894",="Present",="10/2/2024",="NUR216-L-P1",
="800000894",="Present",="10/9/2024",="NUR216-L-P1",
="800000894",="Present",="11/13/2024",="NUR216-L-P1",
="800000894",="Present",="11/27/2024",="NUR216-L-P1",
="800000894",="Present",="8/26/2024",="PHARM225-P_ A",
="800000894",="Present",="9/9/2024",="PHARM225-P_ A",
="800000894",="Present",="9/16/2024",="PHARM225-P_ A",
="800000894",="Present",="9/23/2024",="PHARM225-P_ A",
="800000894",="Present",="9/30/2024",="PHARM225-P_ A",
="800000894",="Present",="10/7/2024",="PHARM225-P_ A",
="800000894",="Present",="10/14/2024",="PHARM225-P_ A",
="800000894",="Present",="10/21/2024",="PHARM225-P_ A",
="800000894",="Present",="10/28/2024",="PHARM225-P_ A",
="800000894",="Present",="11/4/2024",="PHARM225-P_ A",
="800000894",="Present",="11/11/2024",="PHARM225-P_ A",
="800000894",="Present",="11/18/2024",="PHARM225-P_ A",
="800000894",="Present",="12/2/2024",="PHARM225-P_ A",
="800000894",="Present",="8/29/2024",="NUR205 -P",
="800000894",="Present",="9/5/2024",="NUR205 -P",
="800000894",="Present",="9/12/2024",="NUR205 -P",
="800000894",="Present",="9/19/2024",="NUR205 -P",
="800000894",="Present",="9/26/2024",="NUR205 -P",
="800000894",="Present",="10/3/2024",="NUR205 -P",
="800000894",="Present",="10/10/2024",="NUR205 -P",
="800000894",="Present",="10/31/2024",="NUR205 -P",
="800000894",="Present",="11/7/2024",="NUR205 -P",
="800000894",="Present",="11/14/2024",="NUR205 -P",
="800000894",="Present",="9/5/2024",="NUR205-L-P1",
="800000894",="Present",="9/12/2024",="NUR205-L-P1",
="800000894",="Present",="9/19/2024",="NUR205-L-P1",
="800000894",="Present",="9/26/2024",="NUR205-L-P1",
="800000894",="Absent",="10/3/2024",="NUR205-L-P1",
="800000894",="Present",="10/10/2024",="NUR205-L-P1",
="800000894",="Present",="10/17/2024",="NUR205-L-P1",
="800000894",="Present",="10/31/2024",="NUR205-L-P1",
="800000894",="Present",="11/7/2024",="NUR205-L-P1",
="800000894",="Present",="11/14/2024",="NUR205-L-P1",
="800000894",="Present",="11/21/2024",="NUR205-L-P1",
="800000894",="Present",="8/27/2024",="NUR216 -P",
="800000894",="Present",="9/3/2024",="NUR216 -P",
="800000894",="Present",="9/10/2024",="NUR216 -P",
="800000894",="Absent",="9/17/2024",="NUR216 -P",
="800000894",="Present",="9/24/2024",="NUR216 -P",
="800000894",="Present",="10/1/2024",="NUR216 -P",
="800000894",="Present",="10/8/2024",="NUR216 -P",
="800000894",="Present",="10/29/2024",="NUR216 -P",
="800000894",="Present",="11/5/2024",="NUR216 -P",
="800000894",="Present",="11/12/2024",="NUR216 -P",
="800000894",="Present",="11/26/2024",="NUR216 -P",
="800000894",="Present",="10/19/2024",="NUR216-C-P1",
="800000894",="Present",="10/26/2024",="NUR216-C-P1",
="800000894",="Present",="12/7/2024",="NUR216-C-P1",
="800001420",="Present",="8/29/2024",="NUR125-P",
="800001420",="Present",="9/5/2024",="NUR125-P",
="800001420",="Present",="9/12/2024",="NUR125-P",
="800001420",="Present",="9/19/2024",="NUR125-P",
="800001420",="Present",="9/26/2024",="NUR125-P",
="800001420",="Present",="10/3/2024",="NUR125-P",
="800001420",="Present",="10/10/2024",="NUR125-P",
="800001420",="Present",="10/31/2024",="NUR125-P",
="800001420",="Present",="11/7/2024",="NUR125-P",
="800001420",="Present",="11/14/2024",="NUR125-P",
="800001420",="Present",="11/21/2024",="NUR125-P",
="800001420",="Present",="8/28/2024",="PHARM130-P",
="800001420",="Present",="9/4/2024",="PHARM130-P",
="800001420",="Present",="9/11/2024",="PHARM130-P",
="800001420",="Present",="9/18/2024",="PHARM130-P",
="800001420",="Present",="9/25/2024",="PHARM130-P",
="800001420",="Present",="10/2/2024",="PHARM130-P",
="800001420",="Present",="10/9/2024",="PHARM130-P",
="800001420",="Present",="10/16/2024",="PHARM130-P",
="800001420",="Present",="10/23/2024",="PHARM130-P",
="800001420",="Present",="10/30/2024",="PHARM130-P",
="800001420",="Present",="11/6/2024",="PHARM130-P",
="800001420",="Tardy/Late",="11/13/2024",="PHARM130-P",
="800001420",="Tardy/Late",="11/20/2024",="PHARM130-P",
="800001029",="Present",="8/27/2024",="AP100-P",
="800001029",="Present",="9/3/2024",="AP100-P",
="800001029",="Present",="9/10/2024",="AP100-P",
="800001029",="Present",="9/17/2024",="AP100-P",
="800001029",="Present",="9/24/2024",="AP100-P",
="800001029",="Present",="10/1/2024",="AP100-P",
="800001029",="Present",="10/8/2024",="AP100-P",
="800001029",="Present",="10/15/2024",="AP100-P",
="800001029",="Present",="10/22/2024",="AP100-P",
="800001029",="Present",="10/29/2024",="AP100-P",
="800001029",="Present",="11/5/2024",="AP100-P",
="800001029",="Present",="11/12/2024",="AP100-P",
="800001029",="Present",="11/19/2024",="AP100-P",
="800001029",="Present",="11/26/2024",="AP100-P",
="800001029",="Present",="12/3/2024",="AP100-P",
="800001029",="Present",="9/1/2024",="PSY101 -OL",
="800001029",="Present",="9/8/2024",="PSY101 -OL",
="800001029",="Present",="9/15/2024",="PSY101 -OL",
="800001029",="Present",="9/22/2024",="PSY101 -OL",
="800001029",="Present",="9/29/2024",="PSY101 -OL",
="800001029",="Present",="10/6/2024",="PSY101 -OL",
="800001029",="Present",="10/13/2024",="PSY101 -OL",
="800001029",="Present",="10/20/2024",="PSY101 -OL",
="800001029",="Present",="10/27/2024",="PSY101 -OL",
="800001029",="Present",="11/3/2024",="PSY101 -OL",
="800001029",="Present",="11/10/2024",="PSY101 -OL",
="800001029",="Present",="11/17/2024",="PSY101 -OL",
="800001029",="Present",="11/24/2024",="PSY101 -OL",
="800001029",="Present",="12/1/2024",="PSY101 -OL",
="800001029",="Present",="10/22/2024",="NUR100-C-P1",
="800001029",="Present",="12/10/2024",="NUR100-C-P1",
="800001029",="Present",="8/29/2024",="NUR100-L-P1",
="800001029",="Present",="9/5/2024",="NUR100-L-P1",
="800001029",="Present",="9/12/2024",="NUR100-L-P1",
="800001029",="Present",="9/19/2024",="NUR100-L-P1",
="800001029",="Present",="9/26/2024",="NUR100-L-P1",
="800001029",="Present",="10/3/2024",="NUR100-L-P1",
="800001029",="Present",="10/10/2024",="NUR100-L-P1",
="800001029",="Present",="10/17/2024",="NUR100-L-P1",
="800001029",="Present",="10/24/2024",="NUR100-L-P1",
="800001029",="Present",="10/31/2024",="NUR100-L-P1",
="800001029",="Present",="11/7/2024",="NUR100-L-P1",
="800001029",="Present",="11/14/2024",="NUR100-L-P1",
="800001029",="Present",="11/21/2024",="NUR100-L-P1",
="800001029",="Present",="12/5/2024",="NUR100-L-P1",
="800001029",="Present",="12/12/2024",="NUR100-L-P1",
="800001029",="Present",="9/25/2024",="PHARM100-P",
="800001029",="Present",="10/2/2024",="PHARM100-P",
="800001029",="Present",="10/9/2024",="PHARM100-P",
="800001029",="Present",="10/16/2024",="PHARM100-P",
="800001029",="Present",="10/23/2024",="PHARM100-P",
="800001029",="Present",="10/30/2024",="PHARM100-P",
="800001029",="Present",="11/6/2024",="PHARM100-P",
="800001029",="Present",="11/13/2024",="PHARM100-P",
="800001029",="Present",="8/26/2024",="NUR100-P",
="800001029",="Present",="9/9/2024",="NUR100-P",
="800001029",="Present",="9/16/2024",="NUR100-P",
="800001029",="Present",="9/23/2024",="NUR100-P",
="800001029",="Present",="9/30/2024",="NUR100-P",
="800001029",="Present",="10/7/2024",="NUR100-P",
="800001029",="Present",="10/28/2024",="NUR100-P",
="800001029",="Present",="11/4/2024",="NUR100-P",
="800001029",="Present",="11/11/2024",="NUR100-P",
="800001029",="Present",="11/18/2024",="NUR100-P",
="800001029",="Present",="11/25/2024",="NUR100-P",
="800001029",="Present",="12/2/2024",="NUR100-P",
="800001029",="Present",="8/30/2024",="ENG101 -P",
="800001029",="Present",="9/6/2024",="ENG101 -P",
="800001029",="Present",="9/13/2024",="ENG101 -P",
="800001029",="Present",="9/20/2024",="ENG101 -P",
="800001029",="Present",="9/27/2024",="ENG101 -P",
="800001029",="Present",="10/4/2024",="ENG101 -P",
="800001029",="Present",="10/11/2024",="ENG101 -P",
="800001029",="Present",="10/18/2024",="ENG101 -P",
="800001029",="Present",="10/25/2024",="ENG101 -P",
="800001029",="Present",="11/1/2024",="ENG101 -P",
="800001029",="Present",="11/8/2024",="ENG101 -P",
="800001029",="Present",="11/15/2024",="ENG101 -P",
="800001029",="Present",="11/22/2024",="ENG101 -P",
="800001322",="Present",="9/1/2024",="NUT100 -OL",
="800001322",="Present",="9/8/2024",="NUT100 -OL",
="800001322",="Present",="9/15/2024",="NUT100 -OL",
="800001322",="Present",="9/22/2024",="NUT100 -OL",
="800001322",="Present",="9/29/2024",="NUT100 -OL",
="800001322",="Present",="10/6/2024",="NUT100 -OL",
="800001322",="Present",="10/13/2024",="NUT100 -OL",
="800001322",="Present",="10/20/2024",="NUT100 -OL",
="800001322",="Present",="10/27/2024",="NUT100 -OL",
="800001322",="Present",="11/3/2024",="NUT100 -OL",
="800001322",="Present",="11/10/2024",="NUT100 -OL",
="800001322",="Present",="11/17/2024",="NUT100 -OL",
="800001322",="Present",="11/24/2024",="NUT100 -OL",
="800001322",="Present",="12/1/2024",="NUT100 -OL",
="800001420",="Absent",="9/5/2024",="NUR125-L-P1",
="800001420",="Absent",="9/12/2024",="NUR125-L-P1",
="800001420",="Present",="9/19/2024",="NUR125-L-P1",
="800001420",="Absent",="9/26/2024",="NUR125-L-P1",
="800001420",="Absent",="10/3/2024",="NUR125-L-P1",
="800001420",="Present",="10/10/2024",="NUR125-L-P1",
="800001420",="Present",="10/17/2024",="NUR125-L-P1",
="800001420",="Present",="10/31/2024",="NUR125-L-P1",
="800001420",="Present",="11/7/2024",="NUR125-L-P1",
="800001420",="Present",="11/14/2024",="NUR125-L-P1",
="800001497",="Absent",="9/5/2024",="NUR125-L-P1",
="800001497",="Absent",="9/12/2024",="NUR125-L-P1",
="800001497",="Absent",="9/19/2024",="NUR125-L-P1",
="800001497",="Absent",="9/26/2024",="NUR125-L-P1",
="800001497",="Absent",="10/3/2024",="NUR125-L-P1",
="800001497",="Absent",="10/10/2024",="NUR125-L-P1",
="800001497",="Present",="10/17/2024",="NUR125-L-P1",
="800001497",="Present",="10/31/2024",="NUR125-L-P1",
="800001497",="Present",="11/7/2024",="NUR125-L-P1",
="800001497",="Absent",="11/14/2024",="NUR125-L-P1",
="800001149",="Absent",="12/2/2024",="NUR135-S-P1",
="800001149",="Absent",="12/9/2024",="NUR135-S-P1",
="800000649",="Present",="12/2/2024",="NUR135-S-P1",
="800000649",="Present",="12/9/2024",="NUR135-S-P1",
="800000649",="Present",="10/16/2024",="NUR150 -L-A",
="800000649",="Present",="10/23/2024",="NUR150 -L-A",
="800000649",="Present",="12/4/2024",="NUR150 -L-A",
="800000649",="Present",="12/11/2024",="NUR150 -L-A",
="800001234",="Present",="9/12/2024",="NUR236-L-P1",
="800001234",="Present",="9/26/2024",="NUR236-L-P1",
="800001234",="Present",="11/7/2024",="NUR236-L-P1",
="800001234",="Present",="11/14/2024",="NUR236-L-P1",
="800001234",="Present",="8/29/2024",="NUR236-P",
="800001234",="Present",="9/5/2024",="NUR236-P",
="800001234",="Present",="9/12/2024",="NUR236-P",
="800001234",="Present",="9/19/2024",="NUR236-P",
="800001234",="Present",="9/26/2024",="NUR236-P",
="800001234",="Present",="10/3/2024",="NUR236-P",
="800001234",="Present",="10/10/2024",="NUR236-P",
="800001234",="Present",="10/31/2024",="NUR236-P",
="800001234",="Present",="11/7/2024",="NUR236-P",
="800001234",="Present",="11/14/2024",="NUR236-P",
="800001234",="Present",="10/17/2024",="NUR245-C-P1",
="800001234",="Present",="12/5/2024",="NUR245-C-P1",
="800001234",="Present",="8/30/2024",="STAT101-A",
="800001234",="Present",="9/6/2024",="STAT101-A",
="800001234",="Present",="9/13/2024",="STAT101-A",
="800001234",="Present",="9/20/2024",="STAT101-A",
="800001234",="Present",="9/27/2024",="STAT101-A",
="800001234",="Present",="10/4/2024",="STAT101-A",
="800001234",="Present",="10/11/2024",="STAT101-A",
="800001234",="Present",="10/18/2024",="STAT101-A",
="800001234",="Present",="10/25/2024",="STAT101-A",
="800001234",="Present",="11/1/2024",="STAT101-A",
="800001234",="Present",="11/8/2024",="STAT101-A",
="800001234",="Present",="11/15/2024",="STAT101-A",
="800001234",="Present",="10/14/2024",="NUR236-C-P1",
="800001234",="Present",="10/21/2024",="NUR236-C-P1",
="800001234",="Present",="12/2/2024",="NUR236-C-P1",
="800001234",="Present",="12/9/2024",="NUR236-C-P1",
="800001234",="Present",="8/27/2024",="NUR245 - P",
="800001234",="Present",="9/3/2024",="NUR245 - P",
="800001234",="Present",="9/10/2024",="NUR245 - P",
="800001234",="Present",="9/17/2024",="NUR245 - P",
="800001234",="Present",="9/24/2024",="NUR245 - P",
="800001234",="Present",="10/1/2024",="NUR245 - P",
="800001234",="Present",="10/29/2024",="NUR245 - P",
="800001234",="Present",="11/5/2024",="NUR245 - P",
="800001234",="Present",="11/12/2024",="NUR245 - P",
="800001234",="Present",="11/19/2024",="NUR245 - P",
="800001234",="Present",="11/26/2024",="NUR245 - P",
="800001234",="Present",="9/1/2024",="HUM200 -OL",
="800001234",="Present",="9/8/2024",="HUM200 -OL",
="800001234",="Present",="9/15/2024",="HUM200 -OL",
="800001234",="Present",="9/22/2024",="HUM200 -OL",
="800001234",="Present",="9/29/2024",="HUM200 -OL",
="800001234",="Present",="10/6/2024",="HUM200 -OL",
="800001234",="Present",="10/13/2024",="HUM200 -OL",
="800001234",="Present",="10/20/2024",="HUM200 -OL",
="800001234",="Present",="10/27/2024",="HUM200 -OL",
="800001234",="Present",="11/3/2024",="HUM200 -OL",
="800001234",="Present",="11/10/2024",="HUM200 -OL",
="800001234",="Present",="11/17/2024",="HUM200 -OL",
="800001234",="Present",="11/24/2024",="HUM200 -OL",
="800001234",="Present",="12/1/2024",="HUM200 -OL",
="800001298",="Present",="9/13/2024",="NUR120-L-A1",
="800001298",="Present",="9/20/2024",="NUR120-L-A1",
="800001298",="Present",="10/11/2024",="NUR120-L-A1",
="800001298",="Present",="10/18/2024",="NUR120-L-A1",
="800001298",="Present",="11/1/2024",="NUR120-L-A1",
="800001298",="Absent excused",="11/8/2024",="NUR120-L-A1",
="800001298",="Absent",="12/6/2024",="NUR120-L-A1",
="800001298",="Present",="8/28/2024",="PHARM130-P",
="800001298",="Present",="9/4/2024",="PHARM130-P",
="800001298",="Present",="9/11/2024",="PHARM130-P",
="800001298",="Present",="9/18/2024",="PHARM130-P",
="800001298",="Present",="9/25/2024",="PHARM130-P",
="800001298",="Present",="10/2/2024",="PHARM130-P",
="800001298",="Tardy/Late",="10/9/2024",="PHARM130-P",
="800001298",="Present",="10/16/2024",="PHARM130-P",
="800001298",="Present",="10/23/2024",="PHARM130-P",
="800001298",="Present",="10/30/2024",="PHARM130-P",
="800001298",="Present",="11/6/2024",="PHARM130-P",
="800001298",="Present",="11/13/2024",="PHARM130-P",
="800001298",="Present",="11/20/2024",="PHARM130-P",
="800001298",="Present",="10/21/2024",="NUR135-L-P1",
="800001298",="Present",="12/9/2024",="NUR135-L-P1",
="800001298",="Present",="8/27/2024",="NUR120-A",
="800001298",="Present",="9/3/2024",="NUR120-A",
="800001298",="Present",="9/10/2024",="NUR120-A",
="800001298",="Present",="9/17/2024",="NUR120-A",
="800001298",="Present",="9/24/2024",="NUR120-A",
="800001298",="Present",="10/1/2024",="NUR120-A",
="800001298",="Present",="10/8/2024",="NUR120-A",
="800001298",="Present",="10/29/2024",="NUR120-A",
="800001298",="Present",="11/5/2024",="NUR120-A",
="800001298",="Present",="11/12/2024",="NUR120-A",
="800001298",="Absent",="11/19/2024",="NUR120-A",
="800001298",="Present",="11/26/2024",="NUR120-A",
="800001298",="Present",="8/29/2024",="NUR140-A",
="800001298",="Present",="9/5/2024",="NUR140-A",
="800001298",="Present",="9/12/2024",="NUR140-A",
="800001298",="Present",="9/19/2024",="NUR140-A",
="800001298",="Present",="9/26/2024",="NUR140-A",
="800001298",="Present",="10/3/2024",="NUR140-A",
="800001298",="Present",="10/10/2024",="NUR140-A",
="800001298",="Present",="10/31/2024",="NUR140-A",
="800001298",="Present",="11/7/2024",="NUR140-A",
="800001298",="Present",="11/14/2024",="NUR140-A",
="800001303",="Absent",="12/2/2024",="NUR135-S-P1",
="800001303",="Absent",="12/9/2024",="NUR135-S-P1",
="800001303",="Present",="8/26/2024",="NUR135-P",
="800001303",="Present",="9/9/2024",="NUR135-P",
="800001303",="Present",="9/16/2024",="NUR135-P",
="800001303",="Present",="9/23/2024",="NUR135-P",
="800001303",="Present",="9/30/2024",="NUR135-P",
="800001303",="Present",="10/7/2024",="NUR135-P",
="800001303",="Present",="10/28/2024",="NUR135-P",
="800001303",="Present",="11/4/2024",="NUR135-P",
="800001303",="Present",="11/11/2024",="NUR135-P",
="800001303",="Present",="11/18/2024",="NUR135-P",
="800001303",="Present",="11/25/2024",="NUR135-P",
="800001303",="Present",="9/5/2024",="NUR125-L-P1",
="800001303",="Present",="9/12/2024",="NUR125-L-P1",
="800001303",="Present",="9/19/2024",="NUR125-L-P1",
="800001303",="Present",="9/26/2024",="NUR125-L-P1",
="800001303",="Present",="10/3/2024",="NUR125-L-P1",
="800001303",="Present",="10/10/2024",="NUR125-L-P1",
="800001303",="Present",="10/17/2024",="NUR125-L-P1",
="800001303",="Present",="10/24/2024",="NUR125-L-P1",
="800001303",="Present",="10/31/2024",="NUR125-L-P1",
="800001303",="Present",="11/7/2024",="NUR125-L-P1",
="800001303",="Present",="11/14/2024",="NUR125-L-P1",
="800001303",="Present",="8/28/2024",="PHARM130-P",
="800001303",="Present",="9/4/2024",="PHARM130-P",
="800001303",="Present",="9/11/2024",="PHARM130-P",
="800001303",="Present",="9/18/2024",="PHARM130-P",
="800001303",="Present",="9/25/2024",="PHARM130-P",
="800001303",="Present",="10/2/2024",="PHARM130-P",
="800001303",="Present",="10/9/2024",="PHARM130-P",
="800001303",="Present",="10/16/2024",="PHARM130-P",
="800001303",="Present",="10/23/2024",="PHARM130-P",
="800001303",="Present",="10/30/2024",="PHARM130-P",
="800001303",="Present",="11/6/2024",="PHARM130-P",
="800001303",="Present",="11/13/2024",="PHARM130-P",
="800001303",="Present",="11/20/2024",="PHARM130-P",
="800001303",="Present",="8/29/2024",="NUR125-P",
="800001303",="Present",="9/5/2024",="NUR125-P",
="800001303",="Present",="9/12/2024",="NUR125-P",
="800001303",="Present",="9/19/2024",="NUR125-P",
="800001303",="Present",="9/26/2024",="NUR125-P",
="800001303",="Present",="10/3/2024",="NUR125-P",
="800001303",="Present",="10/10/2024",="NUR125-P",
="800001303",="Present",="10/31/2024",="NUR125-P",
="800001303",="Present",="11/7/2024",="NUR125-P",
="800001303",="Present",="11/14/2024",="NUR125-P",
="800001303",="Present",="11/21/2024",="NUR125-P",
="800001303",="Absent",="10/21/2024",="NUR135-L-P1",
="800001303",="Absent",="12/9/2024",="NUR135-L-P1",
="800001354",="Present",="9/13/2024",="NUR120-L-A1",
="800001354",="Present",="9/20/2024",="NUR120-L-A1",
="800001354",="Present",="10/11/2024",="NUR120-L-A1",
="800001354",="Present",="10/18/2024",="NUR120-L-A1",
="800001354",="Present",="11/1/2024",="NUR120-L-A1",
="800001354",="Present",="11/8/2024",="NUR120-L-A1",
="800001354",="Present",="12/6/2024",="NUR120-L-A1",
="800001354",="Present",="12/2/2024",="NUR135-S-P1",
="800001354",="Present",="12/9/2024",="NUR135-S-P1",
="800001354",="Present",="9/3/2024",="NUR125-L-A1",
="800001354",="Present",="9/10/2024",="NUR125-L-A1",
="800001354",="Present",="9/17/2024",="NUR125-L-A1",
="800001354",="Present",="9/24/2024",="NUR125-L-A1",
="800001354",="Present",="10/1/2024",="NUR125-L-A1",
="800001354",="Present",="10/8/2024",="NUR125-L-A1",
="800001354",="Present",="10/15/2024",="NUR125-L-A1",
="800001354",="Present",="10/22/2024",="NUR125-L-A1",
="800001354",="Present",="11/5/2024",="NUR125-L-A1",
="800001354",="Present",="11/12/2024",="NUR125-L-A1",
="800001354",="Present",="11/19/2024",="NUR125-L-A1",
="800001354",="Present",="11/26/2024",="NUR125-L-A1",
="800001354",="Present",="12/3/2024",="NUR125-L-A1",
="800001354",="Present",="8/28/2024",="PHARM130-P",
="800001354",="Present",="9/4/2024",="PHARM130-P",
="800001354",="Present",="9/11/2024",="PHARM130-P",
="800001354",="Present",="9/18/2024",="PHARM130-P",
="800001354",="Present",="9/25/2024",="PHARM130-P",
="800001354",="Present",="10/2/2024",="PHARM130-P",
="800001354",="Present",="10/9/2024",="PHARM130-P",
="800001354",="Present",="10/16/2024",="PHARM130-P",
="800001354",="Present",="10/23/2024",="PHARM130-P",
="800001354",="Absent",="10/30/2024",="PHARM130-P",
="800001354",="Present",="11/6/2024",="PHARM130-P",
="800001354",="Present",="11/13/2024",="PHARM130-P",
="800001354",="Present",="11/20/2024",="PHARM130-P",
="800001354",="Present",="8/27/2024",="NUR125-A",
="800001354",="Present",="9/3/2024",="NUR125-A",
="800001354",="Present",="9/10/2024",="NUR125-A",
="800001354",="Present",="9/17/2024",="NUR125-A",
="800001354",="Present",="9/24/2024",="NUR125-A",
="800001354",="Present",="10/1/2024",="NUR125-A",
="800001354",="Present",="10/8/2024",="NUR125-A",
="800001354",="Present",="10/29/2024",="NUR125-A",
="800001354",="Present",="11/5/2024",="NUR125-A",
="800001354",="Present",="11/19/2024",="NUR125-A",
="800001354",="Present",="11/26/2024",="NUR125-A",
="800001354",="Present",="8/26/2024",="NUR135-P",
="800001354",="Present",="9/9/2024",="NUR135-P",
="800001354",="Present",="9/16/2024",="NUR135-P",
="800001354",="Present",="9/23/2024",="NUR135-P",
="800001354",="Absent",="9/30/2024",="NUR135-P",
="800001354",="Present",="10/7/2024",="NUR135-P",
="800001354",="Present",="10/28/2024",="NUR135-P",
="800001354",="Present",="11/4/2024",="NUR135-P",
="800001354",="Present",="11/11/2024",="NUR135-P",
="800001354",="Present",="11/18/2024",="NUR135-P",
="800001354",="Present",="11/25/2024",="NUR135-P",
="800001354",="Present",="8/27/2024",="NUR120-A",
="800001354",="Present",="9/3/2024",="NUR120-A",
="800001354",="Present",="9/10/2024",="NUR120-A",
="800001354",="Present",="9/17/2024",="NUR120-A",
="800001354",="Present",="9/24/2024",="NUR120-A",
="800001354",="Present",="10/1/2024",="NUR120-A",
="800001354",="Present",="10/8/2024",="NUR120-A",
="800001354",="Present",="10/29/2024",="NUR120-A",
="800001354",="Present",="11/5/2024",="NUR120-A",
="800001354",="Present",="11/12/2024",="NUR120-A",
="800001354",="Absent",="11/19/2024",="NUR120-A",
="800001354",="Present",="11/26/2024",="NUR120-A",
="800001354",="Present",="10/21/2024",="NUR135-L-P1",
="800001354",="Present",="12/9/2024",="NUR135-L-P1",
="800001360",="Present",="8/27/2024",="AP100-A",
="800001360",="Present",="9/3/2024",="AP100-A",
="800001360",="Present",="9/10/2024",="AP100-A",
="800001360",="Present",="9/17/2024",="AP100-A",
="800001360",="Present",="9/24/2024",="AP100-A",
="800001360",="Present",="10/1/2024",="AP100-A",
="800001360",="Present",="10/8/2024",="AP100-A",
="800001360",="Present",="10/15/2024",="AP100-A",
="800001360",="Present",="10/22/2024",="AP100-A",
="800001360",="Present",="10/29/2024",="AP100-A",
="800001360",="Present",="11/5/2024",="AP100-A",
="800001360",="Present",="11/12/2024",="AP100-A",
="800001360",="Present",="11/19/2024",="AP100-A",
="800001360",="Present",="11/26/2024",="AP100-A",
="800001360",="Present",="12/3/2024",="AP100-A",
="800001360",="Present",="9/1/2024",="NUT100 -OL",
="800001360",="Present",="9/8/2024",="NUT100 -OL",
="800001360",="Present",="9/15/2024",="NUT100 -OL",
="800001360",="Present",="9/22/2024",="NUT100 -OL",
="800001360",="Present",="9/29/2024",="NUT100 -OL",
="800001360",="Present",="10/6/2024",="NUT100 -OL",
="800001360",="Present",="10/13/2024",="NUT100 -OL",
="800001360",="Present",="10/20/2024",="NUT100 -OL",
="800001360",="Present",="10/27/2024",="NUT100 -OL",
="800001360",="Present",="11/3/2024",="NUT100 -OL",
="800001360",="Present",="11/10/2024",="NUT100 -OL",
="800001360",="Present",="11/17/2024",="NUT100 -OL",
="800001360",="Present",="11/24/2024",="NUT100 -OL",
="800001360",="Present",="12/1/2024",="NUT100 -OL",
="800001360",="Present",="9/26/2024",="PHARM100-A",
="800001360",="Present",="10/3/2024",="PHARM100-A",
="800001360",="Present",="10/10/2024",="PHARM100-A",
="800001360",="Present",="10/17/2024",="PHARM100-A",
="800001360",="Present",="10/24/2024",="PHARM100-A",
="800001360",="Present",="10/31/2024",="PHARM100-A",
="800001360",="Present",="11/7/2024",="PHARM100-A",
="800001360",="Present",="11/14/2024",="PHARM100-A",
="800000678",="Present",="8/27/2024",="NUR255 -P",
="800000678",="Present",="8/29/2024",="NUR255 -P",
="800000678",="Present",="9/3/2024",="NUR255 -P",
="800000678",="Present",="9/5/2024",="NUR255 -P",
="800000678",="Present",="9/10/2024",="NUR255 -P",
="800000678",="Present",="9/12/2024",="NUR255 -P",
="800000678",="Present",="9/17/2024",="NUR255 -P",
="800000678",="Present",="9/24/2024",="NUR255 -P",
="800000678",="Present",="9/26/2024",="NUR255 -P",
="800000678",="Present",="10/1/2024",="NUR255 -P",
="800000678",="Present",="10/3/2024",="NUR255 -P",
="800000678",="Present",="10/8/2024",="NUR255 -P",
="800000678",="Present",="10/16/2024",="NUR265-C-P1",
="800000678",="Present",="10/18/2024",="NUR265-C-P1",
="800000678",="Present",="10/19/2024",="NUR265-C-P1",
="800000678",="Present",="10/23/2024",="NUR265-C-P1",
="800000678",="Present",="8/26/2024",="NUR265 -P",
="800000678",="Present",="9/9/2024",="NUR265 -P",
="800000678",="Present",="9/16/2024",="NUR265 -P",
="800000678",="Present",="9/23/2024",="NUR265 -P",
="800000678",="Present",="9/30/2024",="NUR265 -P",
="800000678",="Present",="10/7/2024",="NUR265 -P",
="800000678",="Present",="10/14/2024",="NUR265 -P",
="800000678",="Present",="10/21/2024",="NUR265 -P",
="800000607",="Present",="10/16/2024",="NUR265-C-P1",
="800000607",="Present",="10/18/2024",="NUR265-C-P1",
="800000607",="Present",="10/19/2024",="NUR265-C-P1",
="800000607",="Present",="10/23/2024",="NUR265-C-P1",
="800000607",="Present",="8/26/2024",="NUR265 -P",
="800000607",="Present",="9/9/2024",="NUR265 -P",
="800000607",="Present",="9/16/2024",="NUR265 -P",
="800000607",="Present",="9/23/2024",="NUR265 -P",
="800000607",="Present",="9/30/2024",="NUR265 -P",
="800000607",="Present",="10/7/2024",="NUR265 -P",
="800000607",="Present",="10/14/2024",="NUR265 -P",
="800000607",="Present",="10/21/2024",="NUR265 -P",
="800000607",="Present",="8/28/2024",="NUR270-P",
="800000607",="Present",="9/4/2024",="NUR270-P",
="800000607",="Present",="9/11/2024",="NUR270-P",
="800000607",="Present",="9/18/2024",="NUR270-P",
="800000607",="Present",="9/25/2024",="NUR270-P",
="800000607",="Present",="10/2/2024",="NUR270-P",
="800000607",="Present",="10/9/2024",="NUR270-P",
="800000607",="No class",="10/16/2024",="NUR270-P",
="800000607",="No class",="10/23/2024",="NUR270-P",
="800000607",="Present",="10/30/2024",="NUR270-P",
="800000607",="Present",="11/6/2024",="NUR270-P",
="800000607",="Present",="11/13/2024",="NUR270-P",
="800000607",="Present",="11/20/2024",="NUR270-P",
="800000607",="Present",="11/27/2024",="NUR270-P",
="800000607",="Present",="12/4/2024",="NUR270-P",
="800000607",="Present",="8/27/2024",="NUR255 -P",
="800000607",="Present",="8/29/2024",="NUR255 -P",
="800000607",="Present",="9/3/2024",="NUR255 -P",
="800000607",="Present",="9/5/2024",="NUR255 -P",
="800000607",="Present",="9/10/2024",="NUR255 -P",
="800000607",="Present",="9/12/2024",="NUR255 -P",
="800000607",="Present",="9/17/2024",="NUR255 -P",
="800000607",="Present",="9/24/2024",="NUR255 -P",
="800000607",="Present",="9/26/2024",="NUR255 -P",
="800000607",="Present",="10/1/2024",="NUR255 -P",
="800000607",="Present",="10/3/2024",="NUR255 -P",
="800000607",="Present",="10/8/2024",="NUR255 -P",
="800001034",="Present",="10/16/2024",="NUR150 -L-A",
="800001034",="Present",="10/23/2024",="NUR150 -L-A",
="800001034",="Present",="12/4/2024",="NUR150 -L-A",
="800001034",="Present",="12/11/2024",="NUR150 -L-A",
="800001034",="Present",="8/28/2024",="NUR150 -A",
="800001034",="Present",="9/4/2024",="NUR150 -A",
="800001034",="Present",="9/11/2024",="NUR150 -A",
="800001034",="Present",="9/18/2024",="NUR150 -A",
="800001034",="Present",="10/2/2024",="NUR150 -A",
="800001034",="Present",="10/9/2024",="NUR150 -A",
="800001034",="Present",="10/30/2024",="NUR150 -A",
="800001034",="Present",="11/6/2024",="NUR150 -A",
="800001034",="Present",="11/13/2024",="NUR150 -A",
="800001034",="Absent",="11/20/2024",="NUR150 -A",
="800001034",="Present",="10/15/2024",="NUR145-S-A1",
="800001034",="Present",="12/3/2024",="NUR145-S-A1",
="800001034",="Present",="10/17/2024",="NUR145-L-A",
="800001034",="Present",="10/24/2024",="NUR145-L-A",
="800001034",="Present",="8/29/2024",="NUR145 - A",
="800001034",="Absent",="9/5/2024",="NUR145 - A",
="800001034",="Present",="9/12/2024",="NUR145 - A",
="800001034",="Present",="9/19/2024",="NUR145 - A",
="800001034",="Present",="9/26/2024",="NUR145 - A",
="800001034",="Present",="10/3/2024",="NUR145 - A",
="800001034",="Present",="10/10/2024",="NUR145 - A",
="800001034",="Present",="10/31/2024",="NUR145 - A",
="800001034",="Present",="11/7/2024",="NUR145 - A",
="800001034",="Present",="11/14/2024",="NUR145 - A",
="800001524",="Present",="8/30/2024",="COL010 -A",
="800001524",="Present",="9/6/2024",="COL010 -A",
="800001524",="Present",="9/13/2024",="COL010 -A",
="800001524",="Present",="9/20/2024",="COL010 -A",
="800001524",="Present",="8/29/2024",="PSY101 -A",
="800001524",="Present",="9/5/2024",="PSY101 -A",
="800001524",="Absent",="9/12/2024",="PSY101 -A",
="800001524",="Present",="9/19/2024",="PSY101 -A",
="800001524",="Present",="9/26/2024",="PSY101 -A",
="800001524",="Present",="10/3/2024",="PSY101 -A",
="800001524",="Present",="10/10/2024",="PSY101 -A",
="800001524",="Present",="10/17/2024",="PSY101 -A",
="800001524",="Present",="10/24/2024",="PSY101 -A",
="800001524",="Present",="10/31/2024",="PSY101 -A",
="800001524",="Present",="11/7/2024",="PSY101 -A",
="800001524",="Present",="11/14/2024",="PSY101 -A",
="800001524",="Present",="11/21/2024",="PSY101 -A",
="800001524",="Present",="8/26/2024",="NUR100 -A",
="800001524",="Present",="9/9/2024",="NUR100 -A",
="800001524",="Present",="9/16/2024",="NUR100 -A",
="800001524",="Absent",="9/23/2024",="NUR100 -A",
="800001524",="Present",="9/30/2024",="NUR100 -A",
="800001524",="Present",="10/7/2024",="NUR100 -A",
="800001524",="Present",="10/28/2024",="NUR100 -A",
="800001524",="Present",="11/4/2024",="NUR100 -A",
="800001524",="Present",="11/11/2024",="NUR100 -A",
="800001524",="Present",="11/18/2024",="NUR100 -A",
="800001524",="Present",="11/25/2024",="NUR100 -A",
="800001524",="Present",="12/2/2024",="NUR100 -A",
="800001524",="Present",="8/27/2024",="AP100-A",
="800001524",="Present",="9/3/2024",="AP100-A",
="800001524",="Present",="9/10/2024",="AP100-A",
="800001524",="Present",="9/17/2024",="AP100-A",
="800001524",="Present",="9/24/2024",="AP100-A",
="800001524",="Present",="10/1/2024",="AP100-A",
="800001524",="Present",="10/8/2024",="AP100-A",
="800001524",="Present",="10/15/2024",="AP100-A",
="800001524",="Present",="10/22/2024",="AP100-A",
="800001524",="Present",="10/29/2024",="AP100-A",
="800001524",="Present",="11/5/2024",="AP100-A",
="800001524",="Present",="11/12/2024",="AP100-A",
="800001524",="Present",="11/19/2024",="AP100-A",
="800001524",="Present",="11/26/2024",="AP100-A",
="800001524",="Present",="12/3/2024",="AP100-A",
="800001524",="Tardy/Late",="9/26/2024",="PHARM100-A",
="800001524",="Present",="10/3/2024",="PHARM100-A",
="800001524",="Present",="10/10/2024",="PHARM100-A",
="800001524",="Present",="10/17/2024",="PHARM100-A",
="800001524",="Present",="10/24/2024",="PHARM100-A",
="800001524",="Present",="10/31/2024",="PHARM100-A",
="800001524",="Present",="11/7/2024",="PHARM100-A",
="800001524",="Present",="11/14/2024",="PHARM100-A",
="800001524",="Present",="8/27/2024",="NUR100-L-A2",
="800001524",="Present",="9/3/2024",="NUR100-L-A2",
="800001524",="Present",="9/10/2024",="NUR100-L-A2",
="800001524",="Present",="9/17/2024",="NUR100-L-A2",
="800001524",="Present",="9/24/2024",="NUR100-L-A2",
="800001524",="Present",="10/8/2024",="NUR100-L-A2",
="800001524",="Present",="10/15/2024",="NUR100-L-A2",
="800001524",="Present",="10/22/2024",="NUR100-L-A2",
="800001524",="Present",="10/29/2024",="NUR100-L-A2",
="800001524",="Present",="11/5/2024",="NUR100-L-A2",
="800001524",="Present",="11/12/2024",="NUR100-L-A2",
="800001524",="Present",="11/19/2024",="NUR100-L-A2",
="800001524",="Present",="11/26/2024",="NUR100-L-A2",
="800001524",="Present",="12/3/2024",="NUR100-L-A2",
="800001524",="Present",="8/28/2024",="ENG101 -A",
="800001524",="Present",="9/4/2024",="ENG101 -A",
="800001524",="Present",="9/11/2024",="ENG101 -A",
="800001524",="Present",="9/18/2024",="ENG101 -A",
="800001524",="Present",="9/25/2024",="ENG101 -A",
="800001524",="Present",="10/2/2024",="ENG101 -A",
="800001524",="Present",="10/9/2024",="ENG101 -A",
="800001524",="Present",="10/16/2024",="ENG101 -A",
="800001524",="Present",="10/23/2024",="ENG101 -A",
="800001524",="Present",="10/30/2024",="ENG101 -A",
="800001524",="Present",="11/6/2024",="ENG101 -A",
="800001524",="Present",="11/13/2024",="ENG101 -A",
="800001524",="Present",="11/20/2024",="ENG101 -A",
="800001524",="Present",="11/27/2024",="ENG101 -A",
="800001259",="Present",="10/21/2024",="NUR135-L-P1",
="800001259",="Present",="12/9/2024",="NUR135-L-P1",
="800001259",="Present",="8/26/2024",="NUR135-P",
="800001259",="Present",="9/9/2024",="NUR135-P",
="800001259",="Present",="9/16/2024",="NUR135-P",
="800001259",="Present",="9/23/2024",="NUR135-P",
="800001259",="Present",="9/30/2024",="NUR135-P",
="800001259",="Present",="10/7/2024",="NUR135-P",
="800001259",="Present",="10/28/2024",="NUR135-P",
="800001259",="Present",="11/4/2024",="NUR135-P",
="800001259",="Present",="11/11/2024",="NUR135-P",
="800001259",="Present",="11/18/2024",="NUR135-P",
="800001259",="Present",="11/25/2024",="NUR135-P",
="800001259",="Present",="12/2/2024",="NUR135-S-P1",
="800001259",="Present",="12/9/2024",="NUR135-S-P1",
="800001425",="Present",="8/29/2024",="NUR125-P",
="800001425",="Present",="9/5/2024",="NUR125-P",
="800001425",="Absent",="9/12/2024",="NUR125-P",
="800001425",="Present",="9/19/2024",="NUR125-P",
="800001425",="Present",="9/26/2024",="NUR125-P",
="800001425",="Present",="10/3/2024",="NUR125-P",
="800001425",="Present",="10/10/2024",="NUR125-P",
="800001425",="Present",="10/31/2024",="NUR125-P",
="800001425",="Present",="11/7/2024",="NUR125-P",
="800001425",="Present",="11/14/2024",="NUR125-P",
="800001425",="Present",="11/21/2024",="NUR125-P",
="800001425",="Absent",="9/5/2024",="NUR125-L-P1",
="800001425",="Absent",="9/12/2024",="NUR125-L-P1",
="800001425",="Present",="9/19/2024",="NUR125-L-P1",
="800001425",="Absent",="9/26/2024",="NUR125-L-P1",
="800001425",="Absent",="10/3/2024",="NUR125-L-P1",
="800001425",="Present",="10/10/2024",="NUR125-L-P1",
="800001425",="Present",="10/17/2024",="NUR125-L-P1",
="800001425",="Present",="10/31/2024",="NUR125-L-P1",
="800001425",="Present",="11/7/2024",="NUR125-L-P1",
="800001425",="Present",="11/14/2024",="NUR125-L-P1",
="800001129",="Present",="8/28/2024",="PHARM225-P_B",
="800001129",="Present",="9/4/2024",="PHARM225-P_B",
="800001129",="Present",="9/11/2024",="PHARM225-P_B",
="800001129",="Present",="9/18/2024",="PHARM225-P_B",
="800001129",="Present",="9/25/2024",="PHARM225-P_B",
="800001129",="Present",="10/2/2024",="PHARM225-P_B",
="800001129",="Present",="10/9/2024",="PHARM225-P_B",
="800001129",="Present",="10/16/2024",="PHARM225-P_B",
="800001129",="Present",="10/23/2024",="PHARM225-P_B",
="800001129",="Present",="10/30/2024",="PHARM225-P_B",
="800001129",="Present",="11/6/2024",="PHARM225-P_B",
="800001129",="Present",="11/13/2024",="PHARM225-P_B",
="800001129",="Present",="11/20/2024",="PHARM225-P_B",
="800001129",="Present",="8/27/2024",="NUR245 - P",
="800001129",="Present",="9/3/2024",="NUR245 - P",
="800001129",="Present",="9/10/2024",="NUR245 - P",
="800001129",="Present",="9/17/2024",="NUR245 - P",
="800001129",="Present",="9/24/2024",="NUR245 - P",
="800001129",="Present",="10/1/2024",="NUR245 - P",
="800001129",="Present",="10/29/2024",="NUR245 - P",
="800001129",="Present",="11/5/2024",="NUR245 - P",
="800001129",="Present",="11/12/2024",="NUR245 - P",
="800001129",="Present",="11/19/2024",="NUR245 - P",
="800001129",="Present",="11/26/2024",="NUR245 - P",
="800001129",="Present",="10/17/2024",="NUR245-C-P1",
="800001129",="Present",="12/5/2024",="NUR245-C-P1",
="800001129",="Present",="10/14/2024",="NUR236-C-P1",
="800001129",="Present",="10/21/2024",="NUR236-C-P1",
="800001129",="Present",="12/2/2024",="NUR236-C-P1",
="800001129",="Present",="12/9/2024",="NUR236-C-P1",
="800001129",="Present",="8/29/2024",="NUR236-P",
="800001129",="Present",="9/5/2024",="NUR236-P",
="800001129",="Present",="9/12/2024",="NUR236-P",
="800001129",="Present",="9/19/2024",="NUR236-P",
="800001129",="Present",="9/26/2024",="NUR236-P",
="800001129",="Present",="10/3/2024",="NUR236-P",
="800001129",="Present",="10/10/2024",="NUR236-P",
="800001129",="Present",="10/31/2024",="NUR236-P",
="800001129",="Present",="11/7/2024",="NUR236-P",
="800001129",="Present",="11/14/2024",="NUR236-P",
="800001129",="Present",="9/12/2024",="NUR236-L-P1",
="800001129",="Present",="9/26/2024",="NUR236-L-P1",
="800001129",="Present",="11/7/2024",="NUR236-L-P1",
="800001129",="Present",="11/14/2024",="NUR236-L-P1",
="800001129",="Present",="9/1/2024",="SOC101 -OL",
="800001129",="Present",="9/8/2024",="SOC101 -OL",
="800001129",="Present",="9/15/2024",="SOC101 -OL",
="800001129",="Present",="9/22/2024",="SOC101 -OL",
="800001129",="Present",="9/29/2024",="SOC101 -OL",
="800001129",="Present",="10/6/2024",="SOC101 -OL",
="800001129",="Present",="10/13/2024",="SOC101 -OL",
="800001129",="Present",="10/20/2024",="SOC101 -OL",
="800001129",="Present",="10/27/2024",="SOC101 -OL",
="800001129",="Present",="11/3/2024",="SOC101 -OL",
="800001129",="Present",="11/10/2024",="SOC101 -OL",
="800001129",="Present",="11/17/2024",="SOC101 -OL",
="800001129",="Present",="11/24/2024",="SOC101 -OL",
="800001129",="Present",="12/1/2024",="SOC101 -OL",
="800001129",="Present",="8/30/2024",="STAT101-A",
="800001129",="Present",="9/6/2024",="STAT101-A",
="800001129",="Present",="9/13/2024",="STAT101-A",
="800001129",="Present",="9/20/2024",="STAT101-A",
="800001129",="Present",="9/27/2024",="STAT101-A",
="800001129",="Present",="10/4/2024",="STAT101-A",
="800001129",="Present",="10/11/2024",="STAT101-A",
="800001129",="Present",="10/18/2024",="STAT101-A",
="800001129",="Present",="10/25/2024",="STAT101-A",
="800001129",="Present",="11/1/2024",="STAT101-A",
="800001129",="Present",="11/8/2024",="STAT101-A",
="800001129",="Present",="11/15/2024",="STAT101-A",
="800000581",="Present",="10/18/2024",="NUR255-C-P1",
="800000581",="Present",="10/19/2024",="NUR255-C-P1",
="800000581",="Present",="8/28/2024",="NUR270-P",
="800000581",="Present",="9/4/2024",="NUR270-P",
="800000581",="Present",="9/11/2024",="NUR270-P",
="800000581",="Present",="9/18/2024",="NUR270-P",
="800000581",="Present",="9/25/2024",="NUR270-P",
="800000581",="Present",="10/2/2024",="NUR270-P",
="800000581",="Present",="10/9/2024",="NUR270-P",
="800000581",="No class",="10/16/2024",="NUR270-P",
="800000581",="No class",="10/23/2024",="NUR270-P",
="800000581",="Present",="10/30/2024",="NUR270-P",
="800000581",="Present",="11/6/2024",="NUR270-P",
="800000581",="Present",="11/13/2024",="NUR270-P",
="800000581",="Present",="11/20/2024",="NUR270-P",
="800000581",="Present",="11/27/2024",="NUR270-P",
="800000581",="Present",="12/4/2024",="NUR270-P",
="800000678",="Present",="8/28/2024",="NUR270-P",
="800000678",="Present",="9/4/2024",="NUR270-P",
="800000678",="Present",="9/11/2024",="NUR270-P",
="800000678",="Present",="9/18/2024",="NUR270-P",
="800000678",="Present",="9/25/2024",="NUR270-P",
="800000678",="Present",="10/2/2024",="NUR270-P",
="800000678",="Present",="10/9/2024",="NUR270-P",
="800000678",="No class",="10/16/2024",="NUR270-P",
="800000678",="No class",="10/23/2024",="NUR270-P",
="800000678",="Present",="10/30/2024",="NUR270-P",
="800000678",="Present",="11/6/2024",="NUR270-P",
="800000678",="Present",="11/13/2024",="NUR270-P",
="800000678",="Present",="11/20/2024",="NUR270-P",
="800000678",="Present",="11/27/2024",="NUR270-P",
="800000678",="Present",="12/4/2024",="NUR270-P",
="800000898",="Present",="8/28/2024",="NUR270-P",
="800000898",="Present",="9/4/2024",="NUR270-P",
="800000898",="Present",="9/11/2024",="NUR270-P",
="800000898",="Present",="9/18/2024",="NUR270-P",
="800000898",="Present",="9/25/2024",="NUR270-P",
="800000898",="Present",="10/2/2024",="NUR270-P",
="800000898",="Present",="10/9/2024",="NUR270-P",
="800000898",="No class",="10/16/2024",="NUR270-P",
="800000898",="No class",="10/23/2024",="NUR270-P",
="800000898",="Present",="10/30/2024",="NUR270-P",
="800000898",="Present",="11/6/2024",="NUR270-P",
="800000898",="Present",="11/13/2024",="NUR270-P",
="800000898",="Present",="11/20/2024",="NUR270-P",
="800000898",="Present",="11/27/2024",="NUR270-P",
="800000898",="Present",="12/4/2024",="NUR270-P",
="800001103",="Present",="8/28/2024",="NUR155-P",
="800001103",="Present",="9/4/2024",="NUR155-P",
="800001103",="Present",="9/11/2024",="NUR155-P",
="800001103",="Present",="9/18/2024",="NUR155-P",
="800001103",="Present",="9/25/2024",="NUR155-P",
="800001103",="Present",="10/2/2024",="NUR155-P",
="800001103",="Present",="10/9/2024",="NUR155-P",
="800001103",="No class",="10/16/2024",="NUR155-P",
="800001103",="No class",="10/23/2024",="NUR155-P",
="800001103",="Present",="10/30/2024",="NUR155-P",
="800001103",="Present",="11/6/2024",="NUR155-P",
="800001103",="Present",="11/13/2024",="NUR155-P",
="800001103",="Present",="11/20/2024",="NUR155-P",
="800001103",="Present",="11/27/2024",="NUR155-P",
="800001103",="Present",="12/4/2024",="NUR155-P",
="800000893",="Present",="10/17/2024",="NUR145-L-A",
="800000893",="Present",="10/24/2024",="NUR145-L-A",
="800000893",="Present",="10/15/2024",="NUR145-S-A2",
="800000893",="Present",="12/3/2024",="NUR145-S-A2",
="800000893",="Absent",="8/29/2024",="NUR145 - A",
="800000893",="Present",="9/5/2024",="NUR145 - A",
="800000893",="Present",="9/12/2024",="NUR145 - A",
="800000893",="Present",="9/19/2024",="NUR145 - A",
="800000893",="Present",="9/26/2024",="NUR145 - A",
="800000893",="Present",="10/3/2024",="NUR145 - A",
="800000893",="Present",="10/10/2024",="NUR145 - A",
="800000893",="Present",="10/31/2024",="NUR145 - A",
="800000893",="Present",="11/7/2024",="NUR145 - A",
="800000893",="Present",="11/14/2024",="NUR145 - A",
="800000893",="Present",="8/28/2024",="NUR150 -A",
="800000893",="Present",="9/4/2024",="NUR150 -A",
="800000893",="Present",="9/11/2024",="NUR150 -A",
="800000893",="Present",="9/18/2024",="NUR150 -A",
="800000893",="Present",="10/2/2024",="NUR150 -A",
="800000893",="Present",="10/9/2024",="NUR150 -A",
="800000893",="Present",="10/30/2024",="NUR150 -A",
="800000893",="Present",="11/6/2024",="NUR150 -A",
="800000893",="Present",="11/13/2024",="NUR150 -A",
="800000893",="Present",="11/20/2024",="NUR150 -A",
="800000893",="Present",="10/16/2024",="NUR150 -L-A",
="800000893",="Present",="10/23/2024",="NUR150 -L-A",
="800000893",="Present",="12/4/2024",="NUR150 -L-A",
="800000893",="Present",="12/11/2024",="NUR150 -L-A",
="800000893",="Present",="8/29/2024",="NUR140-A",
="800000893",="Present",="9/5/2024",="NUR140-A",
="800000893",="Present",="9/12/2024",="NUR140-A",
="800000893",="Present",="9/19/2024",="NUR140-A",
="800000893",="Present",="9/26/2024",="NUR140-A",
="800000893",="Present",="10/3/2024",="NUR140-A",
="800000893",="Present",="10/10/2024",="NUR140-A",
="800000893",="Present",="10/31/2024",="NUR140-A",
="800000893",="Present",="11/7/2024",="NUR140-A",
="800000893",="Present",="11/14/2024",="NUR140-A",
="800000893",="Present",="10/17/2024",="NUR150-C-A1",
="800000893",="Present",="10/18/2024",="NUR150-C-A1",
="800000893",="Present",="10/24/2024",="NUR150-C-A1",
="800000893",="Present",="10/25/2024",="NUR150-C-A1",
="800000893",="Present",="12/5/2024",="NUR150-C-A1",
="800000893",="Present",="12/6/2024",="NUR150-C-A1",
="800000893",="Present",="12/7/2024",="NUR140-C-P2",
="800001142",="Present",="10/16/2024",="NUR150 -L-A",
="800001142",="Present",="10/23/2024",="NUR150 -L-A",
="800001142",="Present",="12/4/2024",="NUR150 -L-A",
="800001142",="Present",="12/11/2024",="NUR150 -L-A",
="800001142",="Present",="8/28/2024",="NUR155-P",
="800001142",="Present",="9/4/2024",="NUR155-P",
="800001142",="Present",="9/11/2024",="NUR155-P",
="800001142",="Present",="9/18/2024",="NUR155-P",
="800001142",="Present",="9/25/2024",="NUR155-P",
="800001142",="Present",="10/2/2024",="NUR155-P",
="800001142",="Present",="10/9/2024",="NUR155-P",
="800001142",="No class",="10/16/2024",="NUR155-P",
="800001142",="No class",="10/23/2024",="NUR155-P",
="800001142",="Present",="10/30/2024",="NUR155-P",
="800001142",="Present",="11/6/2024",="NUR155-P",
="800001142",="Present",="11/13/2024",="NUR155-P",
="800001142",="Present",="11/20/2024",="NUR155-P",
="800001142",="Present",="11/27/2024",="NUR155-P",
="800001142",="Present",="12/4/2024",="NUR155-P",
="800001142",="Present",="8/28/2024",="NUR150 -A",
="800001142",="Present",="9/4/2024",="NUR150 -A",
="800001142",="Present",="9/11/2024",="NUR150 -A",
="800001142",="Present",="9/18/2024",="NUR150 -A",
="800001142",="Present",="10/2/2024",="NUR150 -A",
="800001142",="Present",="10/9/2024",="NUR150 -A",
="800001142",="Present",="10/30/2024",="NUR150 -A",
="800001142",="Present",="11/6/2024",="NUR150 -A",
="800001142",="Present",="11/13/2024",="NUR150 -A",
="800001142",="Present",="11/20/2024",="NUR150 -A",
="800001142",="Present",="8/29/2024",="NUR145 - A",
="800001142",="Present",="9/5/2024",="NUR145 - A",
="800001142",="Present",="9/12/2024",="NUR145 - A",
="800001142",="Present",="9/19/2024",="NUR145 - A",
="800001142",="Present",="9/26/2024",="NUR145 - A",
="800001142",="Present",="10/3/2024",="NUR145 - A",
="800001142",="Present",="10/10/2024",="NUR145 - A",
="800001142",="Present",="10/31/2024",="NUR145 - A",
="800001142",="Present",="11/7/2024",="NUR145 - A",
="800001142",="Absent",="11/14/2024",="NUR145 - A",
="800001142",="Present",="10/15/2024",="NUR145-S-A1",
="800001142",="Present",="12/3/2024",="NUR145-S-A1",
="800001142",="Present",="10/17/2024",="NUR145-L-A",
="800001142",="Present",="10/24/2024",="NUR145-L-A",
="800001142",="Present",="10/17/2024",="NUR150-C-A1",
="800001142",="Present",="10/18/2024",="NUR150-C-A1",
="800001142",="Present",="10/24/2024",="NUR150-C-A1",
="800001142",="Present",="10/25/2024",="NUR150-C-A1",
="800001142",="Present",="12/5/2024",="NUR150-C-A1",
="800001142",="Present",="12/6/2024",="NUR150-C-A1",
="800000802",="Present",="9/12/2024",="NUR236-L-P1",
="800000802",="Present",="9/26/2024",="NUR236-L-P1",
="800000802",="Present",="11/7/2024",="NUR236-L-P1",
="800000802",="Present",="11/14/2024",="NUR236-L-P1",
="800000802",="Present",="8/30/2024",="STAT101-A",
="800000802",="Present",="9/6/2024",="STAT101-A",
="800000802",="Present",="9/13/2024",="STAT101-A",
="800000802",="Present",="9/20/2024",="STAT101-A",
="800000802",="Present",="9/27/2024",="STAT101-A",
="800000802",="Present",="10/4/2024",="STAT101-A",
="800000802",="Present",="10/11/2024",="STAT101-A",
="800000802",="Present",="10/18/2024",="STAT101-A",
="800000802",="Present",="10/25/2024",="STAT101-A",
="800000802",="Present",="11/1/2024",="STAT101-A",
="800000802",="Present",="11/8/2024",="STAT101-A",
="800000802",="Present",="11/15/2024",="STAT101-A",
="800000802",="Present",="10/14/2024",="NUR236-C-P1",
="800000802",="Present",="10/21/2024",="NUR236-C-P1",
="800000802",="Present",="12/2/2024",="NUR236-C-P1",
="800000802",="Present",="12/9/2024",="NUR236-C-P1",
="800000802",="Present",="8/29/2024",="NUR236-P",
="800000802",="Present",="9/5/2024",="NUR236-P",
="800000802",="Present",="9/12/2024",="NUR236-P",
="800000802",="Present",="9/19/2024",="NUR236-P",
="800000802",="Present",="9/26/2024",="NUR236-P",
="800000802",="Present",="10/3/2024",="NUR236-P",
="800000802",="Present",="10/10/2024",="NUR236-P",
="800000802",="Present",="10/31/2024",="NUR236-P",
="800000802",="Present",="11/7/2024",="NUR236-P",
="800000802",="Present",="11/14/2024",="NUR236-P",
="800000802",="Present",="8/27/2024",="NUR245 - P",
="800000802",="Present",="9/3/2024",="NUR245 - P",
="800000802",="Present",="9/10/2024",="NUR245 - P",
="800000802",="Present",="9/17/2024",="NUR245 - P",
="800000802",="Present",="9/24/2024",="NUR245 - P",
="800000802",="Present",="10/1/2024",="NUR245 - P",
="800000802",="Present",="10/29/2024",="NUR245 - P",
="800000802",="Present",="11/5/2024",="NUR245 - P",
="800000802",="Present",="11/12/2024",="NUR245 - P",
="800000802",="Present",="11/19/2024",="NUR245 - P",
="800000802",="Present",="11/26/2024",="NUR245 - P",
="800000802",="Present",="10/17/2024",="NUR245-C-P1",
="800000802",="Present",="12/5/2024",="NUR245-C-P1",
="800000802",="Present",="8/28/2024",="PHARM225-P_B",
="800000802",="Present",="9/4/2024",="PHARM225-P_B",
="800000802",="Present",="9/11/2024",="PHARM225-P_B",
="800000802",="Present",="9/18/2024",="PHARM225-P_B",
="800000802",="Present",="9/25/2024",="PHARM225-P_B",
="800000802",="Present",="10/2/2024",="PHARM225-P_B",
="800000802",="Present",="10/9/2024",="PHARM225-P_B",
="800000802",="Present",="10/16/2024",="PHARM225-P_B",
="800000802",="Present",="10/23/2024",="PHARM225-P_B",
="800000802",="Present",="10/30/2024",="PHARM225-P_B",
="800000802",="Present",="11/6/2024",="PHARM225-P_B",
="800000802",="Present",="11/13/2024",="PHARM225-P_B",
="800000802",="Present",="11/20/2024",="PHARM225-P_B",
="800000892",="Present",="8/29/2024",="NUR236-P",
="800000892",="Present",="9/5/2024",="NUR236-P",
="800000892",="Present",="9/12/2024",="NUR236-P",
="800000892",="Present",="9/19/2024",="NUR236-P",
="800000892",="Present",="9/26/2024",="NUR236-P",
="800000892",="Present",="10/3/2024",="NUR236-P",
="800000892",="Present",="10/10/2024",="NUR236-P",
="800000892",="Present",="10/31/2024",="NUR236-P",
="800000892",="Present",="11/7/2024",="NUR236-P",
="800000892",="Present",="11/14/2024",="NUR236-P",
="800000892",="Present",="9/12/2024",="NUR236-L-P1",
="800000892",="Present",="9/26/2024",="NUR236-L-P1",
="800000892",="Present",="11/7/2024",="NUR236-L-P1",
="800000892",="Present",="11/14/2024",="NUR236-L-P1",
="800000892",="Present",="10/17/2024",="NUR245-C-P1",
="800000892",="Present",="12/5/2024",="NUR245-C-P1",
="800000892",="Present",="8/27/2024",="NUR245 - P",
="800000892",="Present",="9/3/2024",="NUR245 - P",
="800000892",="Present",="9/10/2024",="NUR245 - P",
="800000892",="Present",="9/17/2024",="NUR245 - P",
="800000892",="Present",="9/24/2024",="NUR245 - P",
="800000892",="Present",="10/1/2024",="NUR245 - P",
="800000892",="Present",="10/29/2024",="NUR245 - P",
="800000892",="Present",="11/5/2024",="NUR245 - P",
="800000892",="Present",="11/12/2024",="NUR245 - P",
="800000892",="Present",="11/19/2024",="NUR245 - P",
="800000892",="Present",="11/26/2024",="NUR245 - P",
="800000892",="Present",="10/14/2024",="NUR236-C-P1",
="800000892",="Present",="10/21/2024",="NUR236-C-P1",
="800000892",="Present",="12/2/2024",="NUR236-C-P1",
="800000892",="Present",="12/9/2024",="NUR236-C-P1",
="800000892",="Present",="8/28/2024",="PHARM225-P_B",
="800000892",="Present",="9/4/2024",="PHARM225-P_B",
="800000892",="Present",="9/11/2024",="PHARM225-P_B",
="800000892",="Present",="9/18/2024",="PHARM225-P_B",
="800000892",="Present",="9/25/2024",="PHARM225-P_B",
="800000892",="Present",="10/2/2024",="PHARM225-P_B",
="800000892",="Present",="10/9/2024",="PHARM225-P_B",
="800000892",="Present",="10/16/2024",="PHARM225-P_B",
="800000892",="Present",="10/23/2024",="PHARM225-P_B",
="800000892",="Present",="10/30/2024",="PHARM225-P_B",
="800000892",="Present",="11/6/2024",="PHARM225-P_B",
="800000892",="Present",="11/13/2024",="PHARM225-P_B",
="800000892",="Present",="11/20/2024",="PHARM225-P_B",
="800000713",="Present",="10/16/2024",="NUR265-C-P1",
="800000713",="Present",="10/18/2024",="NUR265-C-P1",
="800000713",="Present",="10/19/2024",="NUR265-C-P1",
="800000713",="Present",="10/23/2024",="NUR265-C-P1",
="800000713",="Present",="8/26/2024",="NUR265 -P",
="800000713",="Present",="9/9/2024",="NUR265 -P",
="800000713",="Present",="9/16/2024",="NUR265 -P",
="800000713",="Present",="9/23/2024",="NUR265 -P",
="800000713",="Present",="9/30/2024",="NUR265 -P",
="800000713",="Present",="10/7/2024",="NUR265 -P",
="800000713",="Present",="10/14/2024",="NUR265 -P",
="800000713",="Present",="10/21/2024",="NUR265 -P",
="800000713",="Present",="9/12/2024",="NUR236-L-P1",
="800000713",="Present",="9/26/2024",="NUR236-L-P1",
="800000713",="Present",="11/7/2024",="NUR236-L-P1",
="800000713",="Present",="11/14/2024",="NUR236-L-P1",
="800001100",="Present",="8/29/2024",="NUR140-A",
="800001100",="Present",="9/5/2024",="NUR140-A",
="800001100",="Present",="9/12/2024",="NUR140-A",
="800001100",="Present",="9/19/2024",="NUR140-A",
="800001100",="Present",="9/26/2024",="NUR140-A",
="800001100",="Present",="10/3/2024",="NUR140-A",
="800001100",="Present",="10/10/2024",="NUR140-A",
="800001100",="Present",="10/31/2024",="NUR140-A",
="800001100",="Present",="11/7/2024",="NUR140-A",
="800001100",="Present",="11/14/2024",="NUR140-A",
="800001100",="Present",="8/26/2024",="NUR135-P",
="800001100",="Present",="9/9/2024",="NUR135-P",
="800001100",="Present",="9/16/2024",="NUR135-P",
="800001100",="Present",="9/23/2024",="NUR135-P",
="800001100",="Present",="9/30/2024",="NUR135-P",
="800001100",="Present",="10/7/2024",="NUR135-P",
="800001100",="Present",="10/28/2024",="NUR135-P",
="800001100",="Present",="11/4/2024",="NUR135-P",
="800001100",="Present",="11/11/2024",="NUR135-P",
="800001100",="Present",="11/18/2024",="NUR135-P",
="800001100",="Present",="11/25/2024",="NUR135-P",
="800001100",="Present",="10/21/2024",="NUR135-S-A2",
="800001100",="Present",="12/9/2024",="NUR135-S-A2",
="800001100",="Present",="10/21/2024",="NUR135-L-P1",
="800001100",="Present",="12/9/2024",="NUR135-L-P1",
="800001100",="Present",="10/16/2024",="NUR150 -L-A",
="800001100",="Present",="10/23/2024",="NUR150 -L-A",
="800001100",="Present",="12/4/2024",="NUR150 -L-A",
="800001100",="Present",="12/11/2024",="NUR150 -L-A",
="800001100",="Present",="8/28/2024",="NUR150 -A",
="800001100",="Present",="9/4/2024",="NUR150 -A",
="800001100",="Present",="9/11/2024",="NUR150 -A",
="800001100",="Present",="9/18/2024",="NUR150 -A",
="800001100",="Present",="10/2/2024",="NUR150 -A",
="800001100",="Present",="10/9/2024",="NUR150 -A",
="800001100",="Present",="10/30/2024",="NUR150 -A",
="800001100",="Present",="11/6/2024",="NUR150 -A",
="800001100",="Present",="11/13/2024",="NUR150 -A",
="800001100",="Present",="11/20/2024",="NUR150 -A",
="800001445",="Present",="8/30/2024",="COL010 -A",
="800001445",="Present",="9/6/2024",="COL010 -A",
="800001445",="Present",="9/13/2024",="COL010 -A",
="800001445",="Present",="9/20/2024",="COL010 -A",
="800001445",="Present",="8/26/2024",="NUR100 -A",
="800001445",="Present",="9/9/2024",="NUR100 -A",
="800001445",="Present",="9/16/2024",="NUR100 -A",
="800001445",="Present",="9/23/2024",="NUR100 -A",
="800001445",="Present",="9/30/2024",="NUR100 -A",
="800001445",="Present",="10/7/2024",="NUR100 -A",
="800001445",="Present",="10/28/2024",="NUR100 -A",
="800001445",="Present",="11/4/2024",="NUR100 -A",
="800001445",="Present",="11/11/2024",="NUR100 -A",
="800001445",="Present",="11/18/2024",="NUR100 -A",
="800001445",="Present",="11/25/2024",="NUR100 -A",
="800001445",="Present",="12/2/2024",="NUR100 -A",
="800001445",="Present",="8/27/2024",="NUR100-L-A2",
="800001445",="Present",="9/3/2024",="NUR100-L-A2",
="800001445",="Present",="9/10/2024",="NUR100-L-A2",
="800001445",="Present",="9/17/2024",="NUR100-L-A2",
="800001445",="Present",="9/24/2024",="NUR100-L-A2",
="800001445",="Present",="10/1/2024",="NUR100-L-A2",
="800001445",="Present",="10/8/2024",="NUR100-L-A2",
="800001445",="Present",="10/15/2024",="NUR100-L-A2",
="800001445",="Present",="10/22/2024",="NUR100-L-A2",
="800001445",="Present",="10/29/2024",="NUR100-L-A2",
="800001445",="Present",="11/5/2024",="NUR100-L-A2",
="800001445",="Present",="11/12/2024",="NUR100-L-A2",
="800001445",="Present",="11/19/2024",="NUR100-L-A2",
="800001445",="Present",="11/26/2024",="NUR100-L-A2",
="800001445",="Present",="12/3/2024",="NUR100-L-A2",
="800001445",="Present",="12/10/2024",="NUR100-L-A2",
="800001445",="Present",="8/27/2024",="AP100-A",
="800001445",="Present",="9/3/2024",="AP100-A",
="800001445",="Present",="9/10/2024",="AP100-A",
="800001445",="Present",="9/17/2024",="AP100-A",
="800001445",="Present",="9/24/2024",="AP100-A",
="800001445",="Present",="10/1/2024",="AP100-A",
="800001445",="Present",="10/8/2024",="AP100-A",
="800001445",="Present",="10/15/2024",="AP100-A",
="800001445",="Present",="10/22/2024",="AP100-A",
="800001445",="Present",="10/29/2024",="AP100-A",
="800001445",="Present",="11/5/2024",="AP100-A",
="800001445",="Present",="11/12/2024",="AP100-A",
="800001445",="Present",="11/19/2024",="AP100-A",
="800001445",="Present",="11/26/2024",="AP100-A",
="800001445",="Present",="12/3/2024",="AP100-A",
="800001445",="Present",="8/28/2024",="ENG101 -A",
="800001445",="Present",="9/4/2024",="ENG101 -A",
="800001445",="Present",="9/11/2024",="ENG101 -A",
="800001445",="Tardy/Late",="9/18/2024",="ENG101 -A",
="800001445",="Tardy/Late",="9/25/2024",="ENG101 -A",
="800001445",="Tardy/Late",="10/2/2024",="ENG101 -A",
="800001445",="Present",="10/9/2024",="ENG101 -A",
="800001445",="Present",="10/16/2024",="ENG101 -A",
="800001445",="Absent",="10/23/2024",="ENG101 -A",
="800001445",="Present",="10/30/2024",="ENG101 -A",
="800001445",="Present",="11/6/2024",="ENG101 -A",
="800001445",="Present",="11/13/2024",="ENG101 -A",
="800001445",="Present",="11/20/2024",="ENG101 -A",
="800001445",="Present",="11/27/2024",="ENG101 -A",
="800001445",="Present",="9/26/2024",="PHARM100-A",
="800001445",="Present",="10/3/2024",="PHARM100-A",
="800001445",="Tardy/Late",="10/10/2024",="PHARM100-A",
="800001445",="Present",="10/17/2024",="PHARM100-A",
="800001445",="Present",="10/24/2024",="PHARM100-A",
="800001445",="Present",="10/31/2024",="PHARM100-A",
="800001445",="Present",="11/7/2024",="PHARM100-A",
="800001445",="Present",="11/14/2024",="PHARM100-A",
="800001468",="Present",="8/27/2024",="AP100-A",
="800001468",="Present",="9/3/2024",="AP100-A",
="800001468",="Present",="9/10/2024",="AP100-A",
="800001468",="Present",="9/17/2024",="AP100-A",
="800001468",="Present",="9/24/2024",="AP100-A",
="800001468",="Present",="10/1/2024",="AP100-A",
="800001468",="Present",="10/8/2024",="AP100-A",
="800001468",="Present",="10/15/2024",="AP100-A",
="800001468",="Present",="10/22/2024",="AP100-A",
="800001468",="Present",="10/29/2024",="AP100-A",
="800001468",="Present",="11/5/2024",="AP100-A",
="800001468",="Present",="11/12/2024",="AP100-A",
="800001468",="Present",="11/19/2024",="AP100-A",
="800001468",="Present",="11/26/2024",="AP100-A",
="800001468",="Present",="12/3/2024",="AP100-A",
="800001468",="Present",="8/29/2024",="PSY101 -A",
="800001468",="Present",="9/5/2024",="PSY101 -A",
="800001468",="Present",="9/12/2024",="PSY101 -A",
="800001468",="Present",="9/19/2024",="PSY101 -A",
="800001468",="Present",="9/26/2024",="PSY101 -A",
="800001468",="Present",="10/3/2024",="PSY101 -A",
="800001468",="Present",="10/10/2024",="PSY101 -A",
="800001468",="Present",="10/17/2024",="PSY101 -A",
="800001468",="Present",="10/31/2024",="PSY101 -A",
="800001468",="Present",="11/7/2024",="PSY101 -A",
="800001468",="Present",="11/14/2024",="PSY101 -A",
="800001468",="Present",="8/30/2024",="COL010 -A",
="800001468",="Present",="9/6/2024",="COL010 -A",
="800001468",="Present",="9/13/2024",="COL010 -A",
="800001468",="Present",="9/20/2024",="COL010 -A",
="800001543",="Present",="9/1/2024",="COL010 - OL I",
="800001543",="Present",="9/8/2024",="COL010 - OL I",
="800001543",="Present",="9/15/2024",="COL010 - OL I",
="800001543",="Present",="9/22/2024",="COL010 - OL I",
="800001543",="Present",="8/29/2024",="NUR100-L-P1",
="800001543",="Present",="9/5/2024",="NUR100-L-P1",
="800001543",="Absent",="9/12/2024",="NUR100-L-P1",
="800001543",="Present",="9/19/2024",="NUR100-L-P1",
="800001543",="Present",="9/26/2024",="NUR100-L-P1",
="800001543",="Present",="10/3/2024",="NUR100-L-P1",
="800001543",="Present",="10/10/2024",="NUR100-L-P1",
="800001543",="Present",="10/17/2024",="NUR100-L-P1",
="800001543",="Present",="10/24/2024",="NUR100-L-P1",
="800001543",="Absent",="10/31/2024",="NUR100-L-P1",
="800001543",="Present",="11/7/2024",="NUR100-L-P1",
="800001543",="Present",="11/14/2024",="NUR100-L-P1",
="800001543",="Absent",="11/21/2024",="NUR100-L-P1",
="800001543",="Absent",="12/5/2024",="NUR100-L-P1",
="800001543",="Absent",="12/12/2024",="NUR100-L-P1",
="800001543",="Present",="8/26/2024",="NUR100-P",
="800001543",="Present",="9/9/2024",="NUR100-P",
="800001543",="Present",="9/16/2024",="NUR100-P",
="800001543",="Present",="9/23/2024",="NUR100-P",
="800001543",="Present",="9/30/2024",="NUR100-P",
="800001543",="Present",="10/7/2024",="NUR100-P",
="800001543",="Present",="10/28/2024",="NUR100-P",
="800001543",="Present",="11/4/2024",="NUR100-P",
="800001543",="Present",="11/11/2024",="NUR100-P",
="800001543",="Present",="11/18/2024",="NUR100-P",
="800001543",="Absent",="11/25/2024",="NUR100-P",
="800001543",="Absent",="12/2/2024",="NUR100-P",
="800001543",="Present",="8/27/2024",="AP100-P",
="800001543",="Present",="9/3/2024",="AP100-P",
="800001543",="Absent",="9/10/2024",="AP100-P",
="800001543",="Present",="9/17/2024",="AP100-P",
="800001543",="Present",="9/24/2024",="AP100-P",
="800001543",="Present",="10/1/2024",="AP100-P",
="800001543",="Absent",="10/8/2024",="AP100-P",
="800001543",="Present",="10/15/2024",="AP100-P",
="800001543",="Present",="10/22/2024",="AP100-P",
="800001543",="Present",="10/29/2024",="AP100-P",
="800001543",="Present",="11/5/2024",="AP100-P",
="800001543",="Present",="11/12/2024",="AP100-P",
="800001543",="Present",="11/19/2024",="AP100-P",
="800001543",="Present",="11/26/2024",="AP100-P",
="800001543",="Present",="12/3/2024",="AP100-P",
="800001543",="Present",="9/25/2024",="PHARM100-P",
="800001543",="Present",="10/2/2024",="PHARM100-P",
="800001543",="Present",="10/9/2024",="PHARM100-P",
="800001543",="Present",="10/16/2024",="PHARM100-P",
="800001543",="Present",="10/23/2024",="PHARM100-P",
="800001543",="Present",="10/30/2024",="PHARM100-P",
="800001543",="Present",="11/6/2024",="PHARM100-P",
="800001543",="Present",="11/13/2024",="PHARM100-P",
="800001543",="Present",="9/1/2024",="PSY101 -OL",
="800001543",="Present",="9/8/2024",="PSY101 -OL",
="800001543",="Absent",="9/15/2024",="PSY101 -OL",
="800001543",="Absent",="9/22/2024",="PSY101 -OL",
="800001543",="Present",="9/29/2024",="PSY101 -OL",
="800001543",="Absent",="10/6/2024",="PSY101 -OL",
="800001543",="Absent",="10/13/2024",="PSY101 -OL",
="800001543",="Absent",="10/20/2024",="PSY101 -OL",
="800001543",="Present",="10/27/2024",="PSY101 -OL",
="800001543",="Present",="11/3/2024",="PSY101 -OL",
="800001543",="Present",="11/10/2024",="PSY101 -OL",
="800001543",="Present",="11/17/2024",="PSY101 -OL",
="800001543",="Present",="11/24/2024",="PSY101 -OL",
="800001543",="Present",="12/1/2024",="PSY101 -OL",
="800001543",="Present",="8/30/2024",="ENG101 -P",
="800001543",="Present",="9/6/2024",="ENG101 -P",
="800001543",="Present",="9/13/2024",="ENG101 -P",
="800001543",="Present",="9/20/2024",="ENG101 -P",
="800001543",="Present",="9/27/2024",="ENG101 -P",
="800001543",="Present",="10/4/2024",="ENG101 -P",
="800001543",="Present",="10/11/2024",="ENG101 -P",
="800001543",="Present",="10/18/2024",="ENG101 -P",
="800001543",="Present",="10/25/2024",="ENG101 -P",
="800001543",="Present",="11/1/2024",="ENG101 -P",
="800001543",="Present",="11/8/2024",="ENG101 -P",
="800001543",="Present",="11/15/2024",="ENG101 -P",
="800001543",="Present",="11/22/2024",="ENG101 -P",
="800001517",="Present",="8/27/2024",="AP100-A",
="800001517",="Present",="9/3/2024",="AP100-A",
="800001517",="Present",="9/10/2024",="AP100-A",
="800001517",="Present",="9/17/2024",="AP100-A",
="800001517",="Present",="9/24/2024",="AP100-A",
="800001517",="Present",="10/1/2024",="AP100-A",
="800001517",="Present",="10/8/2024",="AP100-A",
="800001517",="Present",="10/15/2024",="AP100-A",
="800001517",="Present",="10/22/2024",="AP100-A",
="800001517",="Present",="10/29/2024",="AP100-A",
="800001517",="Present",="11/5/2024",="AP100-A",
="800001517",="Present",="11/12/2024",="AP100-A",
="800001517",="Present",="11/19/2024",="AP100-A",
="800001517",="Present",="11/26/2024",="AP100-A",
="800001517",="Present",="12/3/2024",="AP100-A",
="800001517",="Present",="8/29/2024",="PSY101 -A",
="800001517",="Present",="9/5/2024",="PSY101 -A",
="800001517",="Present",="9/12/2024",="PSY101 -A",
="800001517",="Present",="9/19/2024",="PSY101 -A",
="800001517",="Present",="9/26/2024",="PSY101 -A",
="800001517",="Present",="10/3/2024",="PSY101 -A",
="800001517",="Present",="10/10/2024",="PSY101 -A",
="800001517",="Present",="10/17/2024",="PSY101 -A",
="800001517",="Present",="10/31/2024",="PSY101 -A",
="800001517",="Present",="11/7/2024",="PSY101 -A",
="800001517",="Present",="11/14/2024",="PSY101 -A",
="800001517",="Present",="8/30/2024",="COL010 -A",
="800001517",="Present",="9/6/2024",="COL010 -A",
="800001517",="Present",="9/13/2024",="COL010 -A",
="800001517",="Present",="9/20/2024",="COL010 -A",
="800000228",="Present",="8/26/2024",="NUR100 -A",
="800000228",="Present",="9/9/2024",="NUR100 -A",
="800000228",="Present",="9/16/2024",="NUR100 -A",
="800000228",="Present",="9/23/2024",="NUR100 -A",
="800000228",="Present",="9/30/2024",="NUR100 -A",
="800000228",="Present",="10/7/2024",="NUR100 -A",
="800000228",="Present",="10/28/2024",="NUR100 -A",
="800000228",="Present",="11/4/2024",="NUR100 -A",
="800000228",="Present",="11/11/2024",="NUR100 -A",
="800000228",="Present",="11/18/2024",="NUR100 -A",
="800000228",="Present",="11/25/2024",="NUR100 -A",
="800000228",="Present",="12/2/2024",="NUR100 -A",
="800000228",="Present",="8/30/2024",="COL010 -A",
="800000228",="Present",="9/6/2024",="COL010 -A",
="800000228",="Present",="9/13/2024",="COL010 -A",
="800000228",="Present",="9/20/2024",="COL010 -A",
="800000228",="Present",="9/26/2024",="PHARM100-A",
="800000228",="Present",="10/3/2024",="PHARM100-A",
="800000228",="Present",="10/10/2024",="PHARM100-A",
="800000228",="Present",="10/17/2024",="PHARM100-A",
="800000228",="Present",="10/24/2024",="PHARM100-A",
="800000228",="Present",="10/31/2024",="PHARM100-A",
="800000228",="Present",="11/7/2024",="PHARM100-A",
="800000228",="Present",="11/14/2024",="PHARM100-A",
="800000228",="Present",="8/28/2024",="ENG101 -A",
="800000228",="Present",="9/4/2024",="ENG101 -A",
="800000228",="Tardy/Late",="9/11/2024",="ENG101 -A",
="800000228",="Present",="9/18/2024",="ENG101 -A",
="800000228",="Tardy/Late",="9/25/2024",="ENG101 -A",
="800000228",="Present",="10/2/2024",="ENG101 -A",
="800000228",="Present",="10/9/2024",="ENG101 -A",
="800000228",="Present",="10/16/2024",="ENG101 -A",
="800000228",="Present",="10/23/2024",="ENG101 -A",
="800000228",="Present",="10/30/2024",="ENG101 -A",
="800000228",="Present",="11/6/2024",="ENG101 -A",
="800000228",="Present",="11/13/2024",="ENG101 -A",
="800000228",="Present",="11/20/2024",="ENG101 -A",
="800000228",="Present",="11/27/2024",="ENG101 -A",
="800000228",="Present",="8/27/2024",="NUR100-L-A2",
="800000228",="Present",="9/3/2024",="NUR100-L-A2",
="800000228",="Present",="9/10/2024",="NUR100-L-A2",
="800000228",="Present",="9/17/2024",="NUR100-L-A2",
="800000228",="Present",="9/24/2024",="NUR100-L-A2",
="800000228",="Present",="10/1/2024",="NUR100-L-A2",
="800000228",="Present",="10/8/2024",="NUR100-L-A2",
="800000228",="Present",="10/15/2024",="NUR100-L-A2",
="800000228",="Present",="10/22/2024",="NUR100-L-A2",
="800000228",="Present",="10/29/2024",="NUR100-L-A2",
="800000228",="Present",="11/5/2024",="NUR100-L-A2",
="800000228",="Present",="11/12/2024",="NUR100-L-A2",
="800000228",="Present",="11/19/2024",="NUR100-L-A2",
="800000228",="Present",="11/26/2024",="NUR100-L-A2",
="800000228",="Present",="12/3/2024",="NUR100-L-A2",
="800000228",="Present",="12/10/2024",="NUR100-L-A2",
="800000228",="Present",="8/27/2024",="AP100-A",
="800000228",="Present",="9/3/2024",="AP100-A",
="800000228",="Present",="9/10/2024",="AP100-A",
="800000228",="Present",="9/17/2024",="AP100-A",
="800000228",="Present",="9/24/2024",="AP100-A",
="800000228",="Present",="10/1/2024",="AP100-A",
="800000228",="Present",="10/8/2024",="AP100-A",
="800000228",="Present",="10/15/2024",="AP100-A",
="800000228",="Present",="10/22/2024",="AP100-A",
="800000228",="Present",="10/29/2024",="AP100-A",
="800000228",="Present",="11/5/2024",="AP100-A",
="800000228",="Present",="11/12/2024",="AP100-A",
="800000228",="Present",="11/19/2024",="AP100-A",
="800000228",="Present",="11/26/2024",="AP100-A",
="800000228",="Present",="12/3/2024",="AP100-A",
="770036397",="Present",="8/27/2024",="NUR255 -P",
="770036397",="Present",="8/29/2024",="NUR255 -P",
="770036397",="Present",="9/3/2024",="NUR255 -P",
="770036397",="Present",="9/5/2024",="NUR255 -P",
="770036397",="Present",="9/10/2024",="NUR255 -P",
="770036397",="Present",="9/12/2024",="NUR255 -P",
="770036397",="Present",="9/17/2024",="NUR255 -P",
="770036397",="Present",="9/24/2024",="NUR255 -P",
="770036397",="Present",="9/26/2024",="NUR255 -P",
="770036397",="Present",="10/1/2024",="NUR255 -P",
="770036397",="Present",="10/3/2024",="NUR255 -P",
="770036397",="Present",="10/8/2024",="NUR255 -P",
="770036397",="Present",="8/28/2024",="NUR270-P",
="770036397",="Present",="9/4/2024",="NUR270-P",
="770036397",="Present",="9/11/2024",="NUR270-P",
="770036397",="Present",="9/18/2024",="NUR270-P",
="770036397",="Present",="9/25/2024",="NUR270-P",
="770036397",="Present",="10/2/2024",="NUR270-P",
="770036397",="Present",="10/9/2024",="NUR270-P",
="770036397",="No class",="10/16/2024",="NUR270-P",
="770036397",="No class",="10/23/2024",="NUR270-P",
="770036397",="Present",="10/30/2024",="NUR270-P",
="770036397",="Present",="11/6/2024",="NUR270-P",
="770036397",="Present",="11/13/2024",="NUR270-P",
="770036397",="Present",="11/20/2024",="NUR270-P",
="770036397",="Present",="11/27/2024",="NUR270-P",
="770036397",="Present",="12/4/2024",="NUR270-P",
="770036397",="Present",="8/26/2024",="NUR265 -P",
="770036397",="Present",="9/9/2024",="NUR265 -P",
="770036397",="Present",="9/16/2024",="NUR265 -P",
="770036397",="Present",="9/23/2024",="NUR265 -P",
="770036397",="Present",="9/30/2024",="NUR265 -P",
="770036397",="Present",="10/7/2024",="NUR265 -P",
="770036397",="Present",="10/14/2024",="NUR265 -P",
="770036397",="Present",="10/21/2024",="NUR265 -P",
="770036397",="Present",="10/16/2024",="NUR265-C-P1",
="770036397",="Present",="10/18/2024",="NUR265-C-P1",
="770036397",="Present",="10/19/2024",="NUR265-C-P1",
="770036397",="Present",="10/23/2024",="NUR265-C-P1",
="800001549",="Present",="8/29/2024",="NUR100-L-P1",
="800001549",="Present",="9/5/2024",="NUR100-L-P1",
="800001549",="Present",="9/12/2024",="NUR100-L-P1",
="800001549",="Present",="9/19/2024",="NUR100-L-P1",
="800001549",="Present",="9/26/2024",="NUR100-L-P1",
="800001549",="Present",="10/3/2024",="NUR100-L-P1",
="800001549",="Present",="10/10/2024",="NUR100-L-P1",
="800001549",="Present",="10/17/2024",="NUR100-L-P1",
="800001549",="Present",="10/24/2024",="NUR100-L-P1",
="800001549",="Present",="10/31/2024",="NUR100-L-P1",
="800001549",="Present",="11/7/2024",="NUR100-L-P1",
="800001549",="Present",="11/14/2024",="NUR100-L-P1",
="800001549",="Present",="11/21/2024",="NUR100-L-P1",
="800001549",="Present",="12/5/2024",="NUR100-L-P1",
="800001549",="Present",="12/12/2024",="NUR100-L-P1",
="800001549",="Present",="9/1/2024",="PSY101 -OL",
="800001549",="Present",="9/8/2024",="PSY101 -OL",
="800001549",="Present",="9/15/2024",="PSY101 -OL",
="800001549",="Present",="9/22/2024",="PSY101 -OL",
="800001549",="Present",="9/29/2024",="PSY101 -OL",
="800001549",="Present",="10/6/2024",="PSY101 -OL",
="800001549",="Present",="10/13/2024",="PSY101 -OL",
="800001549",="Present",="10/20/2024",="PSY101 -OL",
="800001549",="Present",="10/27/2024",="PSY101 -OL",
="800001549",="Present",="11/3/2024",="PSY101 -OL",
="800001549",="Present",="11/10/2024",="PSY101 -OL",
="800001549",="Present",="11/17/2024",="PSY101 -OL",
="800001549",="Present",="11/24/2024",="PSY101 -OL",
="800001549",="Present",="12/1/2024",="PSY101 -OL",
="800001549",="Present",="8/30/2024",="ENG101 -P",
="800001549",="Present",="9/6/2024",="ENG101 -P",
="800001549",="Present",="9/13/2024",="ENG101 -P",
="800001549",="Present",="9/20/2024",="ENG101 -P",
="800001549",="Present",="9/27/2024",="ENG101 -P",
="800001549",="Present",="10/4/2024",="ENG101 -P",
="800001549",="Present",="10/11/2024",="ENG101 -P",
="800001549",="Present",="10/18/2024",="ENG101 -P",
="800001549",="Present",="10/25/2024",="ENG101 -P",
="800001549",="Present",="11/1/2024",="ENG101 -P",
="800001549",="Present",="11/8/2024",="ENG101 -P",
="800001549",="Present",="11/15/2024",="ENG101 -P",
="800001549",="Present",="11/22/2024",="ENG101 -P",
="800001549",="Present",="9/1/2024",="COL010 - OL I",
="800001549",="Present",="9/8/2024",="COL010 - OL I",
="800001549",="Present",="9/15/2024",="COL010 - OL I",
="800001549",="Present",="9/22/2024",="COL010 - OL I",
="800001549",="Present",="8/26/2024",="NUR100-P",
="800001549",="Present",="9/9/2024",="NUR100-P",
="800001549",="Present",="9/16/2024",="NUR100-P",
="800001549",="Present",="9/23/2024",="NUR100-P",
="800001549",="Present",="9/30/2024",="NUR100-P",
="800001549",="Present",="10/7/2024",="NUR100-P",
="800001549",="Present",="10/28/2024",="NUR100-P",
="800001549",="Present",="11/4/2024",="NUR100-P",
="800001549",="Present",="11/11/2024",="NUR100-P",
="800001549",="Present",="11/18/2024",="NUR100-P",
="800001549",="Present",="11/25/2024",="NUR100-P",
="800001549",="Present",="12/2/2024",="NUR100-P",
="800001549",="Present",="8/27/2024",="AP100-P",
="800001549",="Present",="9/3/2024",="AP100-P",
="800001549",="Present",="9/10/2024",="AP100-P",
="800001549",="Present",="9/17/2024",="AP100-P",
="800001549",="Present",="9/24/2024",="AP100-P",
="800001549",="Present",="10/1/2024",="AP100-P",
="800001549",="Present",="10/8/2024",="AP100-P",
="800001549",="Present",="10/15/2024",="AP100-P",
="800001549",="Present",="10/22/2024",="AP100-P",
="800001549",="Present",="10/29/2024",="AP100-P",
="800001549",="Present",="11/5/2024",="AP100-P",
="800001549",="Present",="11/12/2024",="AP100-P",
="800001549",="Present",="11/19/2024",="AP100-P",
="800001549",="Present",="11/26/2024",="AP100-P",
="800001549",="Present",="12/3/2024",="AP100-P",
="800001549",="Present",="9/25/2024",="PHARM100-P",
="800001549",="Present",="10/2/2024",="PHARM100-P",
="800001549",="Present",="10/9/2024",="PHARM100-P",
="800001549",="Present",="10/16/2024",="PHARM100-P",
="800001549",="Present",="10/23/2024",="PHARM100-P",
="800001549",="Present",="10/30/2024",="PHARM100-P",
="800001549",="Present",="11/6/2024",="PHARM100-P",
="800001549",="Present",="11/13/2024",="PHARM100-P",
="800001210",="Present",="9/1/2024",="HUM200 -OL",
="800001210",="Present",="9/8/2024",="HUM200 -OL",
="800001210",="Present",="9/15/2024",="HUM200 -OL",
="800001210",="Present",="9/22/2024",="HUM200 -OL",
="800001210",="Present",="9/29/2024",="HUM200 -OL",
="800001210",="Present",="10/6/2024",="HUM200 -OL",
="800001210",="Present",="10/13/2024",="HUM200 -OL",
="800001210",="Present",="10/20/2024",="HUM200 -OL",
="800001210",="Present",="10/27/2024",="HUM200 -OL",
="800001210",="Present",="11/3/2024",="HUM200 -OL",
="800001210",="Present",="11/10/2024",="HUM200 -OL",
="800001210",="Present",="11/17/2024",="HUM200 -OL",
="800001210",="Present",="11/24/2024",="HUM200 -OL",
="800001210",="Present",="12/1/2024",="HUM200 -OL",
="800001210",="Present",="8/27/2024",="NUR255 -P",
="800001210",="Present",="8/29/2024",="NUR255 -P",
="800001210",="Present",="9/3/2024",="NUR255 -P",
="800001210",="Present",="9/5/2024",="NUR255 -P",
="800001210",="Present",="9/10/2024",="NUR255 -P",
="800001210",="Present",="9/12/2024",="NUR255 -P",
="800001210",="Present",="9/17/2024",="NUR255 -P",
="800001210",="Present",="9/19/2024",="NUR255 -P",
="800001210",="Present",="9/24/2024",="NUR255 -P",
="800001210",="Present",="9/26/2024",="NUR255 -P",
="800001210",="Present",="10/1/2024",="NUR255 -P",
="800001210",="Present",="10/3/2024",="NUR255 -P",
="800001210",="Present",="10/8/2024",="NUR255 -P",
="800001210",="Present",="10/10/2024",="NUR255 -P",
="800001210",="Present",="8/28/2024",="NUR270-P",
="800001210",="Present",="9/4/2024",="NUR270-P",
="800001210",="Present",="9/11/2024",="NUR270-P",
="800001210",="Present",="9/18/2024",="NUR270-P",
="800001210",="Present",="9/25/2024",="NUR270-P",
="800001210",="Present",="10/2/2024",="NUR270-P",
="800001210",="Present",="10/9/2024",="NUR270-P",
="800001210",="No class",="10/16/2024",="NUR270-P",
="800001210",="No class",="10/23/2024",="NUR270-P",
="800001210",="Present",="10/30/2024",="NUR270-P",
="800001210",="Present",="11/6/2024",="NUR270-P",
="800001210",="Present",="11/13/2024",="NUR270-P",
="800001210",="Present",="11/20/2024",="NUR270-P",
="800001210",="Present",="11/27/2024",="NUR270-P",
="800001210",="Present",="12/4/2024",="NUR270-P",
="800001210",="Present",="10/18/2024",="NUR255-C-P1",
="800001210",="Present",="10/19/2024",="NUR255-C-P1",
="800001210",="Present",="8/26/2024",="NUR265 -P",
="800001210",="Present",="9/9/2024",="NUR265 -P",
="800001210",="Present",="9/16/2024",="NUR265 -P",
="800001210",="Present",="9/23/2024",="NUR265 -P",
="800001210",="Present",="9/30/2024",="NUR265 -P",
="800001210",="Present",="10/7/2024",="NUR265 -P",
="800001210",="Present",="10/14/2024",="NUR265 -P",
="800001210",="Present",="10/21/2024",="NUR265 -P",
="800001210",="Present",="10/16/2024",="NUR265-C-P1",
="800001210",="Present",="10/18/2024",="NUR265-C-P1",
="800001210",="Present",="10/19/2024",="NUR265-C-P1",
="800001210",="Present",="10/23/2024",="NUR265-C-P1",
="800001198",="Present",="10/21/2024",="NUR135-L-P1",
="800001198",="Present",="12/9/2024",="NUR135-L-P1",
="800001198",="Present",="10/18/2024",="NUR120-C-A1",
="800001198",="Present",="10/19/2024",="NUR120-C-A1",
="800001198",="Present",="10/25/2024",="NUR120-C-A1",
="800001198",="Present",="10/26/2024",="NUR120-C-A1",
="800001198",="Present",="12/5/2024",="NUR120-C-A1",
="800001198",="Present",="12/6/2024",="NUR120-C-A1",
="800001198",="Present",="8/28/2024",="PHARM130-P",
="800001198",="Present",="9/4/2024",="PHARM130-P",
="800001198",="Present",="9/11/2024",="PHARM130-P",
="800001198",="Present",="9/18/2024",="PHARM130-P",
="800001198",="Present",="9/25/2024",="PHARM130-P",
="800001198",="Present",="10/2/2024",="PHARM130-P",
="800001198",="Present",="10/9/2024",="PHARM130-P",
="800001198",="Present",="10/16/2024",="PHARM130-P",
="800001198",="Present",="10/23/2024",="PHARM130-P",
="800001198",="Present",="10/30/2024",="PHARM130-P",
="800001198",="Present",="11/6/2024",="PHARM130-P",
="800001198",="Present",="11/13/2024",="PHARM130-P",
="800001198",="Present",="11/20/2024",="PHARM130-P",
="800001198",="Present",="9/13/2024",="NUR120-L-A1",
="800001198",="Present",="9/20/2024",="NUR120-L-A1",
="800001198",="Present",="10/11/2024",="NUR120-L-A1",
="800001198",="Present",="10/18/2024",="NUR120-L-A1",
="800001198",="Present",="11/1/2024",="NUR120-L-A1",
="800001198",="Present",="11/8/2024",="NUR120-L-A1",
="800001198",="Present",="12/6/2024",="NUR120-L-A1",
="800001198",="Present",="8/27/2024",="NUR120-A",
="800001198",="Present",="9/3/2024",="NUR120-A",
="800001198",="Present",="9/10/2024",="NUR120-A",
="800001198",="Present",="9/17/2024",="NUR120-A",
="800001198",="Present",="9/24/2024",="NUR120-A",
="800001198",="Present",="10/1/2024",="NUR120-A",
="800001198",="Present",="10/8/2024",="NUR120-A",
="800001198",="Present",="10/29/2024",="NUR120-A",
="800001198",="Present",="11/5/2024",="NUR120-A",
="800001198",="Present",="11/12/2024",="NUR120-A",
="800001198",="Present",="11/19/2024",="NUR120-A",
="800001198",="Present",="11/26/2024",="NUR120-A",
="800001198",="Present",="8/26/2024",="NUR135-P",
="800001198",="Present",="9/9/2024",="NUR135-P",
="800001198",="Present",="9/16/2024",="NUR135-P",
="800001198",="Present",="9/23/2024",="NUR135-P",
="800001198",="Present",="9/30/2024",="NUR135-P",
="800001198",="Present",="10/7/2024",="NUR135-P",
="800001198",="Present",="10/28/2024",="NUR135-P",
="800001198",="Present",="11/4/2024",="NUR135-P",
="800001198",="Present",="11/11/2024",="NUR135-P",
="800001198",="Present",="11/18/2024",="NUR135-P",
="800001198",="Present",="11/25/2024",="NUR135-P",
="800001198",="Present",="10/21/2024",="NUR135-S-A2",
="800001198",="Present",="12/9/2024",="NUR135-S-A2",
="800001548",="Present",="8/30/2024",="COL010 -A",
="800001548",="Present",="9/6/2024",="COL010 -A",
="800001548",="Present",="9/13/2024",="COL010 -A",
="800001548",="Present",="9/20/2024",="COL010 -A",
="800001548",="Present",="8/27/2024",="NUR100-L-A2",
="800001548",="Present",="9/3/2024",="NUR100-L-A2",
="800001548",="Present",="9/10/2024",="NUR100-L-A2",
="800001548",="Present",="9/17/2024",="NUR100-L-A2",
="800001548",="Present",="9/24/2024",="NUR100-L-A2",
="800001548",="Present",="10/1/2024",="NUR100-L-A2",
="800001548",="Present",="10/8/2024",="NUR100-L-A2",
="800001548",="Present",="10/15/2024",="NUR100-L-A2",
="800001548",="Present",="10/22/2024",="NUR100-L-A2",
="800001548",="Present",="10/29/2024",="NUR100-L-A2",
="800001548",="Present",="11/5/2024",="NUR100-L-A2",
="800001548",="Present",="11/12/2024",="NUR100-L-A2",
="800001548",="Present",="11/19/2024",="NUR100-L-A2",
="800001548",="Present",="11/26/2024",="NUR100-L-A2",
="800001548",="Present",="12/3/2024",="NUR100-L-A2",
="800001548",="Present",="12/10/2024",="NUR100-L-A2",
="800001548",="Present",="10/22/2024",="NUR100-C-A3",
="800001548",="Present",="12/10/2024",="NUR100-C-A3",
="800001548",="Present",="9/26/2024",="PHARM100-A",
="800001548",="Present",="10/3/2024",="PHARM100-A",
="800001548",="Present",="10/10/2024",="PHARM100-A",
="800001548",="Absent",="10/17/2024",="PHARM100-A",
="800001548",="Absent",="10/24/2024",="PHARM100-A",
="800001548",="Present",="10/31/2024",="PHARM100-A",
="800001548",="Present",="11/7/2024",="PHARM100-A",
="800001548",="Present",="11/14/2024",="PHARM100-A",
="800001548",="Present",="8/26/2024",="NUR100 -A",
="800001548",="Present",="9/9/2024",="NUR100 -A",
="800001548",="Present",="9/16/2024",="NUR100 -A",
="800001548",="Present",="9/23/2024",="NUR100 -A",
="800001548",="Present",="9/30/2024",="NUR100 -A",
="800001548",="Present",="10/7/2024",="NUR100 -A",
="800001548",="Present",="10/28/2024",="NUR100 -A",
="800001548",="Present",="11/4/2024",="NUR100 -A",
="800001548",="Present",="11/11/2024",="NUR100 -A",
="800001548",="Present",="11/18/2024",="NUR100 -A",
="800001548",="Present",="11/25/2024",="NUR100 -A",
="800001548",="Present",="12/2/2024",="NUR100 -A",
="800001540",="Present",="8/27/2024",="AP100-P",
="800001540",="Present",="9/3/2024",="AP100-P",
="800001540",="Present",="9/10/2024",="AP100-P",
="800001540",="Present",="9/17/2024",="AP100-P",
="800001540",="Present",="9/24/2024",="AP100-P",
="800001540",="Present",="10/1/2024",="AP100-P",
="800001540",="Present",="10/8/2024",="AP100-P",
="800001540",="Present",="10/15/2024",="AP100-P",
="800001540",="Present",="10/22/2024",="AP100-P",
="800001540",="Present",="10/29/2024",="AP100-P",
="800001540",="Present",="11/5/2024",="AP100-P",
="800001540",="Present",="11/12/2024",="AP100-P",
="800001540",="Absent",="11/19/2024",="AP100-P",
="800001540",="Present",="11/26/2024",="AP100-P",
="800001540",="Present",="12/3/2024",="AP100-P",
="800001540",="Present",="8/26/2024",="NUR100-P",
="800001540",="Present",="9/9/2024",="NUR100-P",
="800001540",="Present",="9/16/2024",="NUR100-P",
="800001540",="Present",="9/23/2024",="NUR100-P",
="800001540",="Present",="9/30/2024",="NUR100-P",
="800001540",="Present",="10/7/2024",="NUR100-P",
="800001540",="Present",="10/28/2024",="NUR100-P",
="800001540",="Present",="11/4/2024",="NUR100-P",
="800001540",="Present",="11/11/2024",="NUR100-P",
="800001540",="Present",="11/18/2024",="NUR100-P",
="800001540",="Present",="11/25/2024",="NUR100-P",
="800001540",="Present",="12/2/2024",="NUR100-P",
="800001540",="Present",="10/15/2024",="NUR100-C-P3",
="800001540",="Absent",="12/3/2024",="NUR100-C-P3",
="800001540",="Present",="9/25/2024",="PHARM100-P",
="800001540",="Present",="10/2/2024",="PHARM100-P",
="800001540",="Present",="10/9/2024",="PHARM100-P",
="800001540",="Present",="10/16/2024",="PHARM100-P",
="800001540",="Present",="10/23/2024",="PHARM100-P",
="800001540",="Present",="10/30/2024",="PHARM100-P",
="800001540",="Present",="11/6/2024",="PHARM100-P",
="800001540",="Present",="11/13/2024",="PHARM100-P",
="800001540",="Absent",="8/30/2024",="ENG101 -P",
="800001540",="Present",="9/6/2024",="ENG101 -P",
="800001540",="Present",="9/13/2024",="ENG101 -P",
="800001540",="Present",="9/20/2024",="ENG101 -P",
="800001540",="Present",="9/27/2024",="ENG101 -P",
="800001540",="Absent",="10/4/2024",="ENG101 -P",
="800001540",="Present",="10/11/2024",="ENG101 -P",
="800001540",="Present",="10/18/2024",="ENG101 -P",
="800001540",="Present",="10/25/2024",="ENG101 -P",
="800001540",="Present",="11/1/2024",="ENG101 -P",
="800001540",="Present",="11/8/2024",="ENG101 -P",
="800001540",="Absent",="11/15/2024",="ENG101 -P",
="800001540",="Present",="11/22/2024",="ENG101 -P",
="800001540",="Present",="8/29/2024",="NUR100-L-P2",
="800001540",="Present",="9/5/2024",="NUR100-L-P2",
="800001540",="Present",="9/12/2024",="NUR100-L-P2",
="800001540",="Present",="9/19/2024",="NUR100-L-P2",
="800001540",="Present",="9/26/2024",="NUR100-L-P2",
="800001540",="Present",="10/3/2024",="NUR100-L-P2",
="800001540",="Present",="10/10/2024",="NUR100-L-P2",
="800001540",="Present",="10/17/2024",="NUR100-L-P2",
="800001540",="Present",="10/24/2024",="NUR100-L-P2",
="800001540",="Present",="10/31/2024",="NUR100-L-P2",
="800001540",="Present",="11/7/2024",="NUR100-L-P2",
="800001540",="Present",="11/14/2024",="NUR100-L-P2",
="800001540",="Present",="11/21/2024",="NUR100-L-P2",
="800001540",="Absent",="12/5/2024",="NUR100-L-P2",
="800001540",="Absent",="12/12/2024",="NUR100-L-P2",
="800001540",="Absent",="9/1/2024",="PSY101 -OL",
="800001540",="Present",="9/8/2024",="PSY101 -OL",
="800001540",="Present",="9/15/2024",="PSY101 -OL",
="800001540",="Present",="9/22/2024",="PSY101 -OL",
="800001540",="Present",="9/29/2024",="PSY101 -OL",
="800001540",="Absent",="10/6/2024",="PSY101 -OL",
="800001540",="Present",="10/13/2024",="PSY101 -OL",
="800001540",="Present",="10/20/2024",="PSY101 -OL",
="800001540",="Present",="10/27/2024",="PSY101 -OL",
="800001540",="Present",="11/3/2024",="PSY101 -OL",
="800001540",="Present",="11/10/2024",="PSY101 -OL",
="800001540",="Present",="11/17/2024",="PSY101 -OL",
="800001540",="Present",="11/24/2024",="PSY101 -OL",
="800001540",="Present",="12/1/2024",="PSY101 -OL",
="800001540",="Present",="9/1/2024",="COL010 - OL II",
="800001540",="Present",="9/8/2024",="COL010 - OL II",
="800001540",="Present",="9/15/2024",="COL010 - OL II",
="800001540",="Present",="9/22/2024",="COL010 - OL II",
="800001405",="Present",="9/1/2024",="PSY101 -OL",
="800001405",="Present",="9/8/2024",="PSY101 -OL",
="800001405",="Present",="9/15/2024",="PSY101 -OL",
="800001405",="Present",="9/22/2024",="PSY101 -OL",
="800001405",="Present",="9/29/2024",="PSY101 -OL",
="800001405",="Present",="10/6/2024",="PSY101 -OL",
="800001405",="Present",="10/13/2024",="PSY101 -OL",
="800001405",="Present",="10/20/2024",="PSY101 -OL",
="800001405",="Present",="10/27/2024",="PSY101 -OL",
="800001405",="Present",="11/3/2024",="PSY101 -OL",
="800001405",="Present",="11/10/2024",="PSY101 -OL",
="800001405",="Absent",="11/17/2024",="PSY101 -OL",
="800001405",="Present",="11/24/2024",="PSY101 -OL",
="800001405",="Present",="12/1/2024",="PSY101 -OL",
="800001325",="Present",="8/28/2024",="PHARM130-P",
="800001325",="Present",="9/4/2024",="PHARM130-P",
="800001325",="Present",="9/11/2024",="PHARM130-P",
="800001325",="Present",="9/18/2024",="PHARM130-P",
="800001325",="Present",="9/25/2024",="PHARM130-P",
="800001325",="Present",="10/2/2024",="PHARM130-P",
="800001325",="Present",="10/9/2024",="PHARM130-P",
="800001325",="Present",="10/16/2024",="PHARM130-P",
="800001325",="Present",="10/23/2024",="PHARM130-P",
="800001325",="Present",="10/30/2024",="PHARM130-P",
="800001325",="Present",="11/6/2024",="PHARM130-P",
="800001325",="Present",="11/13/2024",="PHARM130-P",
="800001325",="Present",="11/20/2024",="PHARM130-P",
="800001325",="Present",="10/21/2024",="NUR135-S-A2",
="800001325",="Present",="12/9/2024",="NUR135-S-A2",
="800001325",="Present",="8/27/2024",="NUR125-A",
="800001325",="Present",="9/3/2024",="NUR125-A",
="800001325",="Present",="9/10/2024",="NUR125-A",
="800001325",="Present",="9/17/2024",="NUR125-A",
="800001325",="Present",="9/24/2024",="NUR125-A",
="800001325",="Present",="10/1/2024",="NUR125-A",
="800001325",="Present",="10/8/2024",="NUR125-A",
="800001325",="Present",="10/29/2024",="NUR125-A",
="800001325",="Present",="11/5/2024",="NUR125-A",
="800001325",="Present",="11/19/2024",="NUR125-A",
="800001325",="Present",="11/26/2024",="NUR125-A",
="800001325",="Present",="9/13/2024",="NUR120-L-A1",
="800001325",="Present",="9/20/2024",="NUR120-L-A1",
="800001325",="Present",="10/11/2024",="NUR120-L-A1",
="800001325",="Present",="10/18/2024",="NUR120-L-A1",
="800001325",="Present",="11/1/2024",="NUR120-L-A1",
="800001325",="Present",="11/8/2024",="NUR120-L-A1",
="800001325",="Present",="12/6/2024",="NUR120-L-A1",
="800001325",="Present",="9/3/2024",="NUR125-L-A1",
="800001325",="Present",="9/10/2024",="NUR125-L-A1",
="800001325",="Present",="9/17/2024",="NUR125-L-A1",
="800001325",="Present",="9/24/2024",="NUR125-L-A1",
="800001325",="Present",="10/1/2024",="NUR125-L-A1",
="800001325",="Present",="10/8/2024",="NUR125-L-A1",
="800001325",="Present",="10/15/2024",="NUR125-L-A1",
="800001325",="Present",="10/22/2024",="NUR125-L-A1",
="800001325",="Present",="11/5/2024",="NUR125-L-A1",
="800001325",="Present",="11/12/2024",="NUR125-L-A1",
="800001325",="Present",="11/19/2024",="NUR125-L-A1",
="800001325",="Present",="11/26/2024",="NUR125-L-A1",
="800001325",="Present",="12/3/2024",="NUR125-L-A1",
="800000800",="Present",="8/28/2024",="NUR155-P",
="800000800",="Present",="9/4/2024",="NUR155-P",
="800000800",="Present",="9/11/2024",="NUR155-P",
="800000800",="Present",="9/18/2024",="NUR155-P",
="800000800",="Present",="9/25/2024",="NUR155-P",
="800000800",="Present",="10/2/2024",="NUR155-P",
="800000800",="Present",="10/9/2024",="NUR155-P",
="800000800",="No class",="10/16/2024",="NUR155-P",
="800000800",="No class",="10/23/2024",="NUR155-P",
="800000800",="Present",="10/30/2024",="NUR155-P",
="800000800",="Present",="11/6/2024",="NUR155-P",
="800000800",="Present",="11/13/2024",="NUR155-P",
="800000800",="Present",="11/20/2024",="NUR155-P",
="800000800",="Present",="11/27/2024",="NUR155-P",
="800000800",="Present",="12/4/2024",="NUR155-P",
="800000800",="Present",="10/17/2024",="NUR145-L-A",
="800000800",="Present",="10/24/2024",="NUR145-L-A",
="800000800",="Present",="10/15/2024",="NUR145-S-A1",
="800000800",="Present",="12/3/2024",="NUR145-S-A1",
="800000800",="Present",="10/16/2024",="NUR150 -L-A",
="800000800",="Present",="10/23/2024",="NUR150 -L-A",
="800000800",="Present",="12/4/2024",="NUR150 -L-A",
="800000800",="Absent",="12/11/2024",="NUR150 -L-A",
="800000800",="Present",="8/29/2024",="NUR145 - A",
="800000800",="Present",="9/5/2024",="NUR145 - A",
="800000800",="Present",="9/12/2024",="NUR145 - A",
="800000800",="Present",="9/19/2024",="NUR145 - A",
="800000800",="Present",="9/26/2024",="NUR145 - A",
="800000800",="Present",="10/3/2024",="NUR145 - A",
="800000800",="Present",="10/10/2024",="NUR145 - A",
="800000800",="Present",="10/31/2024",="NUR145 - A",
="800000800",="Present",="11/7/2024",="NUR145 - A",
="800000800",="Present",="11/14/2024",="NUR145 - A",
="800000800",="Present",="8/28/2024",="NUR150 -A",
="800000800",="Present",="9/4/2024",="NUR150 -A",
="800000800",="Present",="9/11/2024",="NUR150 -A",
="800000800",="Present",="9/18/2024",="NUR150 -A",
="800000800",="Present",="10/2/2024",="NUR150 -A",
="800000800",="Present",="10/9/2024",="NUR150 -A",
="800000800",="Present",="10/30/2024",="NUR150 -A",
="800000800",="Present",="11/6/2024",="NUR150 -A",
="800000800",="Present",="11/13/2024",="NUR150 -A",
="800000800",="Present",="11/20/2024",="NUR150 -A",
="800001181",="Present",="8/27/2024",="NUR125-A",
="800001181",="Present",="9/3/2024",="NUR125-A",
="800001181",="Present",="9/10/2024",="NUR125-A",
="800001181",="Present",="9/17/2024",="NUR125-A",
="800001181",="Present",="9/24/2024",="NUR125-A",
="800001181",="Present",="10/1/2024",="NUR125-A",
="800001181",="Present",="10/8/2024",="NUR125-A",
="800001181",="Present",="10/29/2024",="NUR125-A",
="800001181",="Present",="11/5/2024",="NUR125-A",
="800001181",="Present",="11/19/2024",="NUR125-A",
="800001181",="Present",="11/26/2024",="NUR125-A",
="800001181",="Present",="9/13/2024",="NUR120-L-A1",
="800001181",="Present",="9/20/2024",="NUR120-L-A1",
="800001181",="Present",="10/11/2024",="NUR120-L-A1",
="800001181",="Present",="10/18/2024",="NUR120-L-A1",
="800001181",="Present",="11/1/2024",="NUR120-L-A1",
="800001181",="Present",="11/8/2024",="NUR120-L-A1",
="800001181",="Present",="12/6/2024",="NUR120-L-A1",
="800001181",="Present",="9/3/2024",="NUR125-L-A1",
="800001181",="Present",="9/10/2024",="NUR125-L-A1",
="800001181",="Present",="9/17/2024",="NUR125-L-A1",
="800001181",="Present",="9/24/2024",="NUR125-L-A1",
="800001181",="Present",="10/1/2024",="NUR125-L-A1",
="800001181",="Present",="10/8/2024",="NUR125-L-A1",
="800001181",="Present",="10/15/2024",="NUR125-L-A1",
="800001181",="Present",="10/22/2024",="NUR125-L-A1",
="800001181",="Present",="11/5/2024",="NUR125-L-A1",
="800001181",="Present",="11/12/2024",="NUR125-L-A1",
="800001181",="Present",="11/19/2024",="NUR125-L-A1",
="800001181",="Present",="11/26/2024",="NUR125-L-A1",
="800001181",="Present",="12/3/2024",="NUR125-L-A1",
="800001181",="Present",="8/28/2024",="PHARM130-P",
="800001181",="Present",="9/4/2024",="PHARM130-P",
="800001181",="Present",="9/11/2024",="PHARM130-P",
="800001181",="Present",="9/18/2024",="PHARM130-P",
="800001181",="Present",="9/25/2024",="PHARM130-P",
="800001181",="Present",="10/2/2024",="PHARM130-P",
="800001181",="Present",="10/21/2024",="NUR135-L-P1",
="800001181",="Present",="12/9/2024",="NUR135-L-P1",
="800001181",="Present",="10/21/2024",="NUR135-S-A2",
="800001181",="Present",="12/9/2024",="NUR135-S-A2",
="770000488",="Absent",="8/27/2024",="AP100-P",
="770000488",="Absent",="9/3/2024",="AP100-P",
="770000488",="Present",="9/10/2024",="AP100-P",
="770000488",="Present",="9/17/2024",="AP100-P",
="770000488",="Absent",="9/24/2024",="AP100-P",
="770000488",="Present",="10/1/2024",="AP100-P",
="770000488",="Absent",="10/8/2024",="AP100-P",
="770000488",="Absent",="10/15/2024",="AP100-P",
="770000488",="Absent",="10/22/2024",="AP100-P",
="770000488",="Absent",="10/29/2024",="AP100-P",
="800001215",="Present",="8/28/2024",="PHARM130-P",
="800001215",="Present",="9/4/2024",="PHARM130-P",
="800001215",="Present",="9/11/2024",="PHARM130-P",
="800001215",="Present",="9/18/2024",="PHARM130-P",
="800001215",="Present",="9/25/2024",="PHARM130-P",
="800001215",="Present",="10/2/2024",="PHARM130-P",
="800001215",="Present",="10/9/2024",="PHARM130-P",
="800001215",="Present",="10/16/2024",="PHARM130-P",
="800001215",="Present",="10/23/2024",="PHARM130-P",
="800001215",="Tardy/Late",="10/30/2024",="PHARM130-P",
="800001215",="Present",="11/6/2024",="PHARM130-P",
="800001215",="Present",="11/13/2024",="PHARM130-P",
="800001215",="Tardy/Late",="11/20/2024",="PHARM130-P",
="800001215",="Present",="9/13/2024",="NUR120-L-A1",
="800001215",="Present",="9/20/2024",="NUR120-L-A1",
="800001215",="Present",="10/11/2024",="NUR120-L-A1",
="800001215",="Present",="10/18/2024",="NUR120-L-A1",
="800001215",="Present",="11/1/2024",="NUR120-L-A1",
="800001215",="Present",="11/8/2024",="NUR120-L-A1",
="800001215",="Present",="12/6/2024",="NUR120-L-A1",
="800001276",="Present",="12/6/2024",="NUR140 -C-P1",
="800001276",="Present",="12/13/2024",="NUR140 -C-P1",
="800001276",="Present",="10/16/2024",="NUR150 -L-A",
="800001276",="Present",="10/23/2024",="NUR150 -L-A",
="800001276",="Present",="12/4/2024",="NUR150 -L-A",
="800001276",="Present",="12/11/2024",="NUR150 -L-A",
="800001276",="Present",="8/28/2024",="NUR150 -A",
="800001276",="Present",="9/4/2024",="NUR150 -A",
="800001276",="Present",="9/11/2024",="NUR150 -A",
="800001276",="Present",="9/18/2024",="NUR150 -A",
="800001276",="Present",="10/2/2024",="NUR150 -A",
="800001276",="Present",="10/9/2024",="NUR150 -A",
="800001276",="Present",="10/30/2024",="NUR150 -A",
="800001276",="Present",="11/6/2024",="NUR150 -A",
="800001276",="Present",="11/13/2024",="NUR150 -A",
="800001276",="Present",="11/20/2024",="NUR150 -A",
="800001276",="Present",="10/17/2024",="NUR145-L-A",
="800001276",="Present",="10/24/2024",="NUR145-L-A",
="800001276",="Present",="8/29/2024",="NUR140-A",
="800001276",="Present",="9/5/2024",="NUR140-A",
="800001276",="Present",="9/12/2024",="NUR140-A",
="800001276",="Present",="9/19/2024",="NUR140-A",
="800001276",="Present",="9/26/2024",="NUR140-A",
="800001276",="Present",="10/3/2024",="NUR140-A",
="800001276",="Present",="10/10/2024",="NUR140-A",
="800001276",="Present",="10/31/2024",="NUR140-A",
="800001276",="Present",="11/7/2024",="NUR140-A",
="800001276",="Absent",="11/14/2024",="NUR140-A",
="800001276",="Present",="10/15/2024",="NUR145-S-A1",
="800001276",="Present",="12/3/2024",="NUR145-S-A1",
="800001276",="Present",="8/29/2024",="NUR145 - A",
="800001276",="Present",="9/5/2024",="NUR145 - A",
="800001276",="Present",="9/12/2024",="NUR145 - A",
="800001276",="Present",="9/19/2024",="NUR145 - A",
="800001276",="Present",="9/26/2024",="NUR145 - A",
="800001276",="Present",="10/3/2024",="NUR145 - A",
="800001276",="Present",="10/10/2024",="NUR145 - A",
="800001276",="Present",="10/31/2024",="NUR145 - A",
="800001276",="Present",="11/7/2024",="NUR145 - A",
="800001276",="Present",="11/14/2024",="NUR145 - A",
="800001315",="Present",="8/28/2024",="PHARM130-P",
="800001315",="Present",="9/4/2024",="PHARM130-P",
="800001315",="Present",="9/11/2024",="PHARM130-P",
="800001315",="Present",="9/18/2024",="PHARM130-P",
="800001315",="Present",="9/25/2024",="PHARM130-P",
="800001315",="Present",="10/2/2024",="PHARM130-P",
="800001315",="Present",="10/9/2024",="PHARM130-P",
="800001315",="Present",="10/16/2024",="PHARM130-P",
="800001315",="Present",="10/23/2024",="PHARM130-P",
="800001315",="Present",="10/30/2024",="PHARM130-P",
="800001315",="Present",="11/6/2024",="PHARM130-P",
="800001315",="Present",="11/13/2024",="PHARM130-P",
="800001315",="Present",="11/20/2024",="PHARM130-P",
="800001315",="Present",="8/27/2024",="NUR120-A",
="800001315",="Present",="9/3/2024",="NUR120-A",
="800001315",="Present",="9/10/2024",="NUR120-A",
="800001315",="Present",="9/17/2024",="NUR120-A",
="800001315",="Present",="9/24/2024",="NUR120-A",
="800001315",="Present",="10/1/2024",="NUR120-A",
="800001315",="Present",="10/8/2024",="NUR120-A",
="800001315",="Present",="10/29/2024",="NUR120-A",
="800001315",="Present",="11/5/2024",="NUR120-A",
="800001315",="Present",="11/12/2024",="NUR120-A",
="800001315",="Present",="11/19/2024",="NUR120-A",
="800001315",="Present",="11/26/2024",="NUR120-A",
="800001315",="Present",="9/3/2024",="NUR125-L-A1",
="800001315",="Present",="9/10/2024",="NUR125-L-A1",
="800001315",="Present",="9/17/2024",="NUR125-L-A1",
="800001315",="Present",="9/24/2024",="NUR125-L-A1",
="800001315",="Present",="10/1/2024",="NUR125-L-A1",
="800001315",="Present",="10/8/2024",="NUR125-L-A1",
="800001315",="Present",="10/15/2024",="NUR125-L-A1",
="800001315",="Present",="10/22/2024",="NUR125-L-A1",
="800001315",="Present",="11/5/2024",="NUR125-L-A1",
="800001315",="Present",="11/12/2024",="NUR125-L-A1",
="800001315",="Present",="11/19/2024",="NUR125-L-A1",
="800001315",="Present",="11/26/2024",="NUR125-L-A1",
="800001315",="Present",="12/3/2024",="NUR125-L-A1",
="800001315",="Present",="9/13/2024",="NUR120-L-A1",
="800001315",="Present",="9/20/2024",="NUR120-L-A1",
="800001315",="Present",="10/11/2024",="NUR120-L-A1",
="800001315",="Present",="10/18/2024",="NUR120-L-A1",
="800001315",="Present",="11/1/2024",="NUR120-L-A1",
="800001315",="Present",="11/8/2024",="NUR120-L-A1",
="800001315",="Absent",="12/6/2024",="NUR120-L-A1",
="800001315",="Present",="8/27/2024",="NUR125-A",
="800001315",="Present",="9/3/2024",="NUR125-A",
="800001315",="Present",="9/10/2024",="NUR125-A",
="800001315",="Present",="9/17/2024",="NUR125-A",
="800001315",="Present",="9/24/2024",="NUR125-A",
="800001315",="Present",="10/1/2024",="NUR125-A",
="800001315",="Present",="10/8/2024",="NUR125-A",
="800001315",="Present",="10/29/2024",="NUR125-A",
="800001315",="Present",="11/5/2024",="NUR125-A",
="800001315",="Present",="11/19/2024",="NUR125-A",
="800001315",="Present",="11/26/2024",="NUR125-A",
="800001330",="Present",="9/13/2024",="NUR120-L-A1",
="800001330",="Present",="9/20/2024",="NUR120-L-A1",
="800001330",="Present",="10/11/2024",="NUR120-L-A1",
="800001330",="Present",="10/18/2024",="NUR120-L-A1",
="800001330",="Present",="11/1/2024",="NUR120-L-A1",
="800001330",="Present",="11/8/2024",="NUR120-L-A1",
="800001330",="Present",="12/6/2024",="NUR120-L-A1",
="800001330",="Present",="8/28/2024",="PHARM130-P",
="800001330",="Present",="9/4/2024",="PHARM130-P",
="800001330",="Present",="9/11/2024",="PHARM130-P",
="800001330",="Present",="9/18/2024",="PHARM130-P",
="800001330",="Present",="9/25/2024",="PHARM130-P",
="800001330",="Present",="10/2/2024",="PHARM130-P",
="800001330",="Present",="10/9/2024",="PHARM130-P",
="800001330",="Present",="10/16/2024",="PHARM130-P",
="800001330",="Present",="10/23/2024",="PHARM130-P",
="800001330",="Present",="10/30/2024",="PHARM130-P",
="800001330",="Present",="11/6/2024",="PHARM130-P",
="800001330",="Present",="11/13/2024",="PHARM130-P",
="800001330",="Present",="11/20/2024",="PHARM130-P",
="800001320",="Present",="8/29/2024",="NUR205 -P",
="800001320",="Present",="9/5/2024",="NUR205 -P",
="800001320",="Present",="9/12/2024",="NUR205 -P",
="800001320",="Present",="9/19/2024",="NUR205 -P",
="800001320",="Present",="9/26/2024",="NUR205 -P",
="800001320",="Present",="10/3/2024",="NUR205 -P",
="800001320",="Present",="10/10/2024",="NUR205 -P",
="800001320",="Present",="10/31/2024",="NUR205 -P",
="800001320",="Present",="11/7/2024",="NUR205 -P",
="800001320",="Present",="11/14/2024",="NUR205 -P",
="800001320",="Present",="10/2/2024",="NUR216-L-P1",
="800001320",="Present",="10/9/2024",="NUR216-L-P1",
="800001320",="Present",="11/13/2024",="NUR216-L-P1",
="800001320",="Present",="11/27/2024",="NUR216-L-P1",
="800001320",="Present",="9/5/2024",="NUR205-L-P1",
="800001320",="Present",="9/12/2024",="NUR205-L-P1",
="800001320",="Present",="9/19/2024",="NUR205-L-P1",
="800001320",="Present",="9/26/2024",="NUR205-L-P1",
="800001320",="Present",="10/3/2024",="NUR205-L-P1",
="800001320",="Present",="10/10/2024",="NUR205-L-P1",
="800001320",="Present",="10/17/2024",="NUR205-L-P1",
="800001320",="Present",="10/31/2024",="NUR205-L-P1",
="800001320",="Present",="11/7/2024",="NUR205-L-P1",
="800001320",="Present",="11/14/2024",="NUR205-L-P1",
="800001320",="Present",="11/21/2024",="NUR205-L-P1",
="800001320",="Present",="8/27/2024",="NUR216 -P",
="800001320",="Present",="9/3/2024",="NUR216 -P",
="800001320",="Present",="9/10/2024",="NUR216 -P",
="800001320",="Present",="9/17/2024",="NUR216 -P",
="800001320",="Present",="9/24/2024",="NUR216 -P",
="800001320",="Present",="10/1/2024",="NUR216 -P",
="800001320",="Present",="10/8/2024",="NUR216 -P",
="800001320",="Present",="10/29/2024",="NUR216 -P",
="800001320",="Present",="11/5/2024",="NUR216 -P",
="800001320",="Present",="11/12/2024",="NUR216 -P",
="800001320",="Present",="11/26/2024",="NUR216 -P",
="800001320",="Present",="10/19/2024",="NUR216-C-P1",
="800001320",="Present",="10/26/2024",="NUR216-C-P1",
="800001320",="Present",="12/7/2024",="NUR216-C-P1",
="800001320",="Present",="8/26/2024",="PHARM225-P_ A",
="800001320",="Present",="9/9/2024",="PHARM225-P_ A",
="800001320",="Present",="9/16/2024",="PHARM225-P_ A",
="800001320",="Present",="9/23/2024",="PHARM225-P_ A",
="800001320",="Present",="9/30/2024",="PHARM225-P_ A",
="800001320",="Present",="10/7/2024",="PHARM225-P_ A",
="800001320",="Present",="10/14/2024",="PHARM225-P_ A",
="800001320",="Present",="10/21/2024",="PHARM225-P_ A",
="800001320",="Present",="10/28/2024",="PHARM225-P_ A",
="800001320",="Present",="11/4/2024",="PHARM225-P_ A",
="800001320",="Present",="11/11/2024",="PHARM225-P_ A",
="800001320",="Present",="11/18/2024",="PHARM225-P_ A",
="800001320",="Present",="12/2/2024",="PHARM225-P_ A",
="800001214",="Present",="8/30/2024",="STAT101-A",
="800001214",="Present",="9/6/2024",="STAT101-A",
="800001214",="Present",="9/13/2024",="STAT101-A",
="800001214",="Present",="9/20/2024",="STAT101-A",
="800001214",="Present",="9/27/2024",="STAT101-A",
="800001214",="Present",="10/4/2024",="STAT101-A",
="800001214",="Present",="10/11/2024",="STAT101-A",
="800001214",="Present",="10/18/2024",="STAT101-A",
="800001214",="Present",="10/25/2024",="STAT101-A",
="800001214",="Present",="11/1/2024",="STAT101-A",
="800001214",="Present",="11/8/2024",="STAT101-A",
="800001214",="Present",="11/15/2024",="STAT101-A",
="800001306",="Present",="8/28/2024",="NUR270-P",
="800001306",="Present",="9/4/2024",="NUR270-P",
="800001306",="Present",="9/11/2024",="NUR270-P",
="800001306",="Present",="9/18/2024",="NUR270-P",
="800001306",="Present",="9/25/2024",="NUR270-P",
="800001306",="Present",="10/2/2024",="NUR270-P",
="800001306",="Present",="10/9/2024",="NUR270-P",
="800001306",="No class",="10/16/2024",="NUR270-P",
="800001306",="No class",="10/23/2024",="NUR270-P",
="800001306",="Present",="10/30/2024",="NUR270-P",
="800001306",="Present",="11/6/2024",="NUR270-P",
="800001306",="Present",="11/13/2024",="NUR270-P",
="800001306",="Present",="11/20/2024",="NUR270-P",
="800001306",="Present",="11/27/2024",="NUR270-P",
="800001306",="Present",="12/4/2024",="NUR270-P",
="800001306",="Present",="9/1/2024",="HUM200 -OL",
="800001306",="Present",="9/8/2024",="HUM200 -OL",
="800001306",="Present",="9/15/2024",="HUM200 -OL",
="800001306",="Present",="9/22/2024",="HUM200 -OL",
="800001306",="Present",="9/29/2024",="HUM200 -OL",
="800001306",="Present",="10/6/2024",="HUM200 -OL",
="800001306",="Present",="10/13/2024",="HUM200 -OL",
="800001306",="Present",="10/20/2024",="HUM200 -OL",
="800001306",="Present",="10/27/2024",="HUM200 -OL",
="800001306",="Present",="11/3/2024",="HUM200 -OL",
="800001306",="Present",="11/10/2024",="HUM200 -OL",
="800001306",="Present",="11/17/2024",="HUM200 -OL",
="800001306",="Present",="11/24/2024",="HUM200 -OL",
="800001306",="Present",="12/1/2024",="HUM200 -OL",
="800001306",="Present",="8/27/2024",="NUR255 -P",
="800001306",="Present",="8/29/2024",="NUR255 -P",
="800001306",="Present",="9/3/2024",="NUR255 -P",
="800001306",="Present",="9/5/2024",="NUR255 -P",
="800001306",="Present",="9/10/2024",="NUR255 -P",
="800001306",="Present",="9/12/2024",="NUR255 -P",
="800001306",="Present",="9/17/2024",="NUR255 -P",
="800001306",="Present",="9/24/2024",="NUR255 -P",
="800001306",="Present",="9/26/2024",="NUR255 -P",
="800001306",="Present",="10/1/2024",="NUR255 -P",
="800001306",="Present",="10/3/2024",="NUR255 -P",
="800001306",="Present",="10/8/2024",="NUR255 -P",
="800001306",="Present",="8/26/2024",="NUR265 -P",
="800001306",="Present",="9/9/2024",="NUR265 -P",
="800001306",="Present",="9/16/2024",="NUR265 -P",
="800001306",="Present",="9/23/2024",="NUR265 -P",
="800001306",="Present",="9/30/2024",="NUR265 -P",
="800001306",="Present",="10/7/2024",="NUR265 -P",
="800001306",="Present",="10/14/2024",="NUR265 -P",
="800001306",="Present",="10/21/2024",="NUR265 -P",
="800001306",="Present",="10/16/2024",="NUR265-C-P1",
="800001306",="Present",="10/18/2024",="NUR265-C-P1",
="800001306",="Present",="10/19/2024",="NUR265-C-P1",
="800001306",="Present",="10/23/2024",="NUR265-C-P1",
="800001306",="Present",="10/18/2024",="NUR255-C-P1",
="800001306",="Present",="10/19/2024",="NUR255-C-P1",
="800001068",="Present",="10/17/2024",="NUR245-C-P1",
="800001068",="Present",="12/5/2024",="NUR245-C-P1",
="800001068",="Present",="9/12/2024",="NUR236-L-P1",
="800001068",="Present",="9/26/2024",="NUR236-L-P1",
="800001068",="Present",="11/7/2024",="NUR236-L-P1",
="800001068",="Present",="11/14/2024",="NUR236-L-P1",
="800001068",="Present",="8/28/2024",="PHARM225-P_B",
="800001068",="Present",="9/4/2024",="PHARM225-P_B",
="800001068",="Present",="9/11/2024",="PHARM225-P_B",
="800001068",="Present",="9/18/2024",="PHARM225-P_B",
="800001068",="Present",="9/25/2024",="PHARM225-P_B",
="800001068",="Present",="10/2/2024",="PHARM225-P_B",
="800001068",="Present",="10/9/2024",="PHARM225-P_B",
="800001068",="Present",="10/16/2024",="PHARM225-P_B",
="800001068",="Present",="10/23/2024",="PHARM225-P_B",
="800001068",="Present",="10/30/2024",="PHARM225-P_B",
="800001068",="Present",="11/6/2024",="PHARM225-P_B",
="800001068",="Present",="11/13/2024",="PHARM225-P_B",
="800001068",="Present",="11/20/2024",="PHARM225-P_B",
="800001068",="Present",="8/29/2024",="NUR236-P",
="800001068",="Present",="9/5/2024",="NUR236-P",
="800001068",="Present",="9/12/2024",="NUR236-P",
="800001068",="Present",="9/19/2024",="NUR236-P",
="800001068",="Present",="9/26/2024",="NUR236-P",
="800001068",="Present",="10/3/2024",="NUR236-P",
="800001068",="Present",="10/10/2024",="NUR236-P",
="800001068",="Absent",="10/31/2024",="NUR236-P",
="800001068",="Present",="11/7/2024",="NUR236-P",
="800001068",="Present",="11/14/2024",="NUR236-P",
="800001068",="Present",="8/27/2024",="NUR245 - P",
="800001068",="Present",="9/3/2024",="NUR245 - P",
="800001068",="Present",="9/10/2024",="NUR245 - P",
="800001068",="Present",="9/17/2024",="NUR245 - P",
="800001068",="Present",="9/24/2024",="NUR245 - P",
="800001068",="Present",="10/1/2024",="NUR245 - P",
="800001068",="Present",="10/29/2024",="NUR245 - P",
="800001068",="Present",="11/5/2024",="NUR245 - P",
="800001068",="Present",="11/12/2024",="NUR245 - P",
="800001068",="Present",="11/19/2024",="NUR245 - P",
="800001068",="Present",="11/26/2024",="NUR245 - P",
="800001068",="Present",="10/14/2024",="NUR236-C-P1",
="800001068",="Present",="10/21/2024",="NUR236-C-P1",
="800001068",="Present",="12/2/2024",="NUR236-C-P1",
="800001068",="Present",="12/9/2024",="NUR236-C-P1",
="770000488",="Present",="9/1/2024",="PSY101 -OL",
="770000488",="Present",="9/8/2024",="PSY101 -OL",
="770000488",="Present",="9/15/2024",="PSY101 -OL",
="770000488",="Absent",="9/22/2024",="PSY101 -OL",
="770000488",="Absent",="9/29/2024",="PSY101 -OL",
="770000488",="Absent",="10/6/2024",="PSY101 -OL",
="770000488",="Absent",="10/13/2024",="PSY101 -OL",
="770000488",="Absent",="10/20/2024",="PSY101 -OL",
="770000488",="Absent",="10/27/2024",="PSY101 -OL",
="800001324",="Present",="10/21/2024",="NUR135-S-A2",
="800001324",="Present",="12/9/2024",="NUR135-S-A2",
="800000904",="Present",="10/15/2024",="NUR145-S-A1",
="800000904",="Present",="12/3/2024",="NUR145-S-A1",
="800000904",="Present",="8/28/2024",="NUR150 -A",
="800000904",="Present",="9/4/2024",="NUR150 -A",
="800000904",="Present",="9/11/2024",="NUR150 -A",
="800000904",="Present",="9/18/2024",="NUR150 -A",
="800000904",="Present",="9/25/2024",="NUR150 -A",
="800000904",="Present",="10/2/2024",="NUR150 -A",
="800000904",="Present",="10/9/2024",="NUR150 -A",
="800000904",="Present",="10/30/2024",="NUR150 -A",
="800000904",="Present",="11/6/2024",="NUR150 -A",
="800000904",="Present",="11/13/2024",="NUR150 -A",
="800000904",="Present",="11/20/2024",="NUR150 -A",
="800000904",="Present",="10/16/2024",="NUR150 -L-A",
="800000904",="Present",="10/23/2024",="NUR150 -L-A",
="800000904",="Present",="12/4/2024",="NUR150 -L-A",
="800000904",="Present",="12/11/2024",="NUR150 -L-A",
="800000904",="Present",="10/17/2024",="NUR145-L-A",
="800000904",="Present",="10/24/2024",="NUR145-L-A",
="800000904",="Present",="8/28/2024",="NUR155-P",
="800000904",="Present",="9/4/2024",="NUR155-P",
="800000904",="Present",="9/11/2024",="NUR155-P",
="800000904",="Present",="9/18/2024",="NUR155-P",
="800000904",="Present",="9/25/2024",="NUR155-P",
="800000904",="Present",="10/2/2024",="NUR155-P",
="800000904",="Present",="10/9/2024",="NUR155-P",
="800000904",="No class",="10/16/2024",="NUR155-P",
="800000904",="No class",="10/23/2024",="NUR155-P",
="800000904",="Present",="10/30/2024",="NUR155-P",
="800000904",="Present",="11/6/2024",="NUR155-P",
="800000904",="Present",="11/13/2024",="NUR155-P",
="800000904",="Present",="11/20/2024",="NUR155-P",
="800000904",="Present",="11/27/2024",="NUR155-P",
="800000904",="Present",="12/4/2024",="NUR155-P",
="800000904",="Present",="8/29/2024",="NUR145 - A",
="800000904",="Present",="9/5/2024",="NUR145 - A",
="800000904",="Present",="9/12/2024",="NUR145 - A",
="800000904",="Present",="9/19/2024",="NUR145 - A",
="800000904",="Present",="9/26/2024",="NUR145 - A",
="800000904",="Present",="10/3/2024",="NUR145 - A",
="800000904",="Present",="10/10/2024",="NUR145 - A",
="800000904",="Present",="10/31/2024",="NUR145 - A",
="800000904",="Present",="11/7/2024",="NUR145 - A",
="800000904",="Present",="11/14/2024",="NUR145 - A",
="800000809",="Present",="8/26/2024",="NUR265 -P",
="800000809",="Present",="9/9/2024",="NUR265 -P",
="800000809",="Present",="9/16/2024",="NUR265 -P",
="800000809",="Present",="9/23/2024",="NUR265 -P",
="800000809",="Present",="9/30/2024",="NUR265 -P",
="800000809",="Present",="10/7/2024",="NUR265 -P",
="800000809",="Present",="10/14/2024",="NUR265 -P",
="800000809",="Present",="10/21/2024",="NUR265 -P",
="800000809",="Present",="10/25/2024",="NUR255-C-P2",
="800000809",="Absent",="10/26/2024",="NUR255-C-P2",
="800000809",="Present",="8/28/2024",="NUR270-P",
="800000809",="Present",="9/4/2024",="NUR270-P",
="800000809",="Present",="9/11/2024",="NUR270-P",
="800000809",="Present",="9/18/2024",="NUR270-P",
="800000809",="Present",="9/25/2024",="NUR270-P",
="800000809",="Present",="10/2/2024",="NUR270-P",
="800000809",="Present",="10/9/2024",="NUR270-P",
="800000809",="No class",="10/16/2024",="NUR270-P",
="800000809",="No class",="10/23/2024",="NUR270-P",
="800000809",="Present",="10/30/2024",="NUR270-P",
="800000809",="Present",="11/6/2024",="NUR270-P",
="800000809",="Present",="11/13/2024",="NUR270-P",
="800000809",="Present",="11/20/2024",="NUR270-P",
="800000809",="Present",="11/27/2024",="NUR270-P",
="800000809",="Present",="12/4/2024",="NUR270-P",
="800000809",="Present",="10/16/2024",="NUR265-C-P1",
="800000809",="Present",="10/23/2024",="NUR265-C-P1",
="800000809",="Present",="8/27/2024",="NUR255 -P",
="800000809",="Present",="8/29/2024",="NUR255 -P",
="800000809",="Present",="9/3/2024",="NUR255 -P",
="800000809",="Present",="9/5/2024",="NUR255 -P",
="800000809",="Present",="9/10/2024",="NUR255 -P",
="800000809",="Present",="9/12/2024",="NUR255 -P",
="800000809",="Present",="9/17/2024",="NUR255 -P",
="800000809",="Present",="9/19/2024",="NUR255 -P",
="800000809",="Present",="9/24/2024",="NUR255 -P",
="800000809",="Present",="9/26/2024",="NUR255 -P",
="800000809",="Present",="10/1/2024",="NUR255 -P",
="800000809",="Present",="10/3/2024",="NUR255 -P",
="800000809",="Present",="10/8/2024",="NUR255 -P",
="800000809",="Present",="10/10/2024",="NUR255 -P",
="800001322",="Present",="8/28/2024",="PHARM130-P",
="800001322",="Present",="9/4/2024",="PHARM130-P",
="800001322",="Present",="9/11/2024",="PHARM130-P",
="800001322",="Present",="9/18/2024",="PHARM130-P",
="800001322",="Present",="9/25/2024",="PHARM130-P",
="800001322",="Present",="10/2/2024",="PHARM130-P",
="800001322",="Present",="10/9/2024",="PHARM130-P",
="800001322",="Present",="10/16/2024",="PHARM130-P",
="800001322",="Present",="10/23/2024",="PHARM130-P",
="800001322",="Present",="10/30/2024",="PHARM130-P",
="800001322",="Present",="11/6/2024",="PHARM130-P",
="800001322",="Absent",="11/13/2024",="PHARM130-P",
="800001322",="Present",="11/20/2024",="PHARM130-P",
="800001322",="Present",="10/21/2024",="NUR135-L-P1",
="800001322",="Present",="12/9/2024",="NUR135-L-P1",
="800001322",="Present",="10/21/2024",="NUR135-S-A2",
="800001322",="Present",="12/9/2024",="NUR135-S-A2",
="800000722",="Present",="10/2/2024",="NUR221-L-P1",
="800000722",="Present",="10/9/2024",="NUR221-L-P1",
="800000722",="Present",="11/13/2024",="NUR221-L-P1",
="800000722",="Present",="11/27/2024",="NUR221-L-P1",
="800000722",="Present",="8/27/2024",="NUR221-P",
="800000722",="Present",="9/3/2024",="NUR221-P",
="800000722",="Present",="9/10/2024",="NUR221-P",
="800000722",="Present",="9/17/2024",="NUR221-P",
="800000722",="Present",="9/24/2024",="NUR221-P",
="800000722",="Present",="10/1/2024",="NUR221-P",
="800000722",="Present",="10/8/2024",="NUR221-P",
="800000722",="Present",="10/29/2024",="NUR221-P",
="800000722",="Present",="11/5/2024",="NUR221-P",
="800000722",="Present",="11/12/2024",="NUR221-P",
="800000722",="Present",="11/26/2024",="NUR221-P",
="800000722",="Present",="10/19/2024",="NUR221-C-P1",
="800000722",="Present",="10/26/2024",="NUR221-C-P1",
="800000722",="Present",="12/7/2024",="NUR221-C-P1",
="800000722",="Present",="8/26/2024",="PHARM205-P_A",
="800000722",="Present",="9/9/2024",="PHARM205-P_A",
="800000722",="Present",="9/16/2024",="PHARM205-P_A",
="800000722",="Present",="9/23/2024",="PHARM205-P_A",
="800000722",="Present",="9/30/2024",="PHARM205-P_A",
="800000722",="Present",="10/7/2024",="PHARM205-P_A",
="800000722",="Present",="10/14/2024",="PHARM205-P_A",
="800000722",="Present",="10/21/2024",="PHARM205-P_A",
="800000722",="Present",="10/28/2024",="PHARM205-P_A",
="800000722",="Present",="11/4/2024",="PHARM205-P_A",
="800000722",="Present",="11/11/2024",="PHARM205-P_A",
="800000722",="Present",="11/18/2024",="PHARM205-P_A",
="800000722",="Present",="12/2/2024",="PHARM205-P_A",
="800000722",="Present",="8/27/2024",="SCI201-A",
="800000722",="Present",="9/3/2024",="SCI201-A",
="800000722",="Present",="9/10/2024",="SCI201-A",
="800000722",="Present",="9/17/2024",="SCI201-A",
="800000722",="Present",="9/24/2024",="SCI201-A",
="800000722",="Present",="10/1/2024",="SCI201-A",
="800000722",="Present",="10/8/2024",="SCI201-A",
="800000722",="Present",="10/15/2024",="SCI201-A",
="800000722",="Present",="10/22/2024",="SCI201-A",
="800000722",="Present",="10/29/2024",="SCI201-A",
="800000722",="Present",="11/5/2024",="SCI201-A",
="800000722",="Present",="11/12/2024",="SCI201-A",
="800000722",="Present",="11/19/2024",="SCI201-A",
="800000722",="Present",="11/26/2024",="SCI201-A",
="800000722",="Present",="12/3/2024",="SCI201-A",
="800000722",="Present",="9/1/2024",="HUM200 -OL",
="800000722",="Present",="9/8/2024",="HUM200 -OL",
="800000722",="Present",="9/15/2024",="HUM200 -OL",
="800000722",="Present",="9/22/2024",="HUM200 -OL",
="800000722",="Present",="9/29/2024",="HUM200 -OL",
="800000722",="Present",="10/6/2024",="HUM200 -OL",
="800000722",="Present",="10/13/2024",="HUM200 -OL",
="800000722",="Present",="10/20/2024",="HUM200 -OL",
="800000722",="Present",="10/27/2024",="HUM200 -OL",
="800000722",="Present",="11/3/2024",="HUM200 -OL",
="800000722",="Present",="11/10/2024",="HUM200 -OL",
="800000722",="Present",="11/17/2024",="HUM200 -OL",
="800000722",="Present",="11/24/2024",="HUM200 -OL",
="800000722",="Present",="12/1/2024",="HUM200 -OL",
="800001031",="Present",="9/13/2024",="NUR120-L-A1",
="800001031",="Present",="9/20/2024",="NUR120-L-A1",
="800001031",="Present",="10/11/2024",="NUR120-L-A1",
="800001031",="Present",="10/18/2024",="NUR120-L-A1",
="800001031",="Present",="11/1/2024",="NUR120-L-A1",
="800001031",="Present",="11/8/2024",="NUR120-L-A1",
="800001031",="Present",="12/6/2024",="NUR120-L-A1",
="800001031",="Present",="8/28/2024",="PHARM130-P",
="800001031",="Tardy/Late",="9/4/2024",="PHARM130-P",
="800001031",="Present",="9/11/2024",="PHARM130-P",
="800001031",="Present",="9/18/2024",="PHARM130-P",
="800001031",="Tardy/Late",="9/25/2024",="PHARM130-P",
="800001031",="Present",="10/2/2024",="PHARM130-P",
="800001031",="Present",="10/9/2024",="PHARM130-P",
="800001031",="Present",="10/16/2024",="PHARM130-P",
="800001031",="Present",="10/23/2024",="PHARM130-P",
="800001031",="Present",="10/30/2024",="PHARM130-P",
="800001031",="Present",="11/6/2024",="PHARM130-P",
="800001031",="Tardy/Late",="11/13/2024",="PHARM130-P",
="800001031",="Tardy/Late",="11/20/2024",="PHARM130-P",
="800001031",="Present",="9/25/2024",="PHARM100-P",
="800001031",="Present",="10/2/2024",="PHARM100-P",
="800001031",="Present",="10/9/2024",="PHARM100-P",
="800001031",="Present",="10/16/2024",="PHARM100-P",
="800001031",="Present",="10/23/2024",="PHARM100-P",
="800001031",="Present",="10/30/2024",="PHARM100-P",
="800001031",="Present",="11/6/2024",="PHARM100-P",
="800001031",="Present",="11/13/2024",="PHARM100-P",
="800001147",="Present",="10/15/2024",="NUR145-S-A1",
="800001147",="Present",="12/3/2024",="NUR145-S-A1",
="800001147",="Present",="12/6/2024",="NUR140 -C-P1",
="800001147",="Present",="12/13/2024",="NUR140 -C-P1",
="800001147",="Present",="8/29/2024",="NUR140-A",
="800001147",="Present",="9/5/2024",="NUR140-A",
="800001147",="Present",="9/12/2024",="NUR140-A",
="800001147",="Present",="9/19/2024",="NUR140-A",
="800001147",="Present",="9/26/2024",="NUR140-A",
="800001147",="Present",="10/3/2024",="NUR140-A",
="800001147",="Present",="10/10/2024",="NUR140-A",
="800001147",="Present",="10/31/2024",="NUR140-A",
="800001147",="Present",="11/7/2024",="NUR140-A",
="800001147",="Present",="11/14/2024",="NUR140-A",
="800001147",="Present",="8/28/2024",="NUR150 -A",
="800001147",="Present",="9/4/2024",="NUR150 -A",
="800001147",="Present",="9/11/2024",="NUR150 -A",
="800001147",="Present",="9/18/2024",="NUR150 -A",
="800001147",="Present",="10/2/2024",="NUR150 -A",
="800001147",="Present",="10/9/2024",="NUR150 -A",
="800001147",="Present",="10/30/2024",="NUR150 -A",
="800001147",="Present",="11/6/2024",="NUR150 -A",
="800001147",="Present",="11/13/2024",="NUR150 -A",
="800001147",="Present",="11/20/2024",="NUR150 -A",
="800001147",="Present",="10/17/2024",="NUR145-L-A",
="800001147",="Present",="10/24/2024",="NUR145-L-A",
="800001147",="Present",="8/29/2024",="NUR145 - A",
="800001147",="Present",="9/5/2024",="NUR145 - A",
="800001147",="Present",="9/12/2024",="NUR145 - A",
="800001147",="Present",="9/19/2024",="NUR145 - A",
="800001147",="Present",="9/26/2024",="NUR145 - A",
="800001147",="Present",="10/3/2024",="NUR145 - A",
="800001147",="Present",="10/10/2024",="NUR145 - A",
="800001147",="Present",="10/31/2024",="NUR145 - A",
="800001147",="Present",="11/7/2024",="NUR145 - A",
="800001147",="Present",="11/14/2024",="NUR145 - A",
="800001147",="Present",="10/16/2024",="NUR150 -L-A",
="800001147",="Present",="10/23/2024",="NUR150 -L-A",
="800001147",="Present",="12/4/2024",="NUR150 -L-A",
="800001147",="Present",="12/11/2024",="NUR150 -L-A",
="800001147",="Present",="10/16/2024",="NUR150-C-A2",
="800001147",="Present",="10/23/2024",="NUR150-C-A2",
="800001147",="Present",="12/4/2024",="NUR150-C-A2",
="800001147",="Present",="12/11/2024",="NUR150-C-A2",
="800001513",="Present",="9/1/2024",="ENG 222 - OL",
="800001513",="Present",="9/8/2024",="ENG 222 - OL",
="800001513",="Present",="9/15/2024",="ENG 222 - OL",
="800001513",="Present",="9/22/2024",="ENG 222 - OL",
="800001513",="Present",="10/6/2024",="ENG 222 - OL",
="800001513",="Present",="10/13/2024",="ENG 222 - OL",
="800001513",="Present",="10/20/2024",="ENG 222 - OL",
="800001513",="Present",="10/27/2024",="ENG 222 - OL",
="800001513",="Present",="11/3/2024",="ENG 222 - OL",
="800001513",="Present",="11/10/2024",="ENG 222 - OL",
="800001513",="Present",="11/17/2024",="ENG 222 - OL",
="800001513",="Present",="8/29/2024",="NUR217-P",
="800001513",="Present",="9/5/2024",="NUR217-P",
="800001513",="Present",="9/12/2024",="NUR217-P",
="800001513",="Present",="9/26/2024",="NUR217-P",
="800001513",="Present",="10/3/2024",="NUR217-P",
="800001513",="Present",="10/10/2024",="NUR217-P",
="800001513",="Present",="11/7/2024",="NUR217-P",
="800001513",="Present",="11/14/2024",="NUR217-P",
="800001513",="Present",="8/26/2024",="NUR101-A",
="800001513",="Present",="9/9/2024",="NUR101-A",
="800001513",="Present",="9/16/2024",="NUR101-A",
="800001513",="Present",="9/23/2024",="NUR101-A",
="800001513",="Present",="9/30/2024",="NUR101-A",
="800001513",="Present",="10/7/2024",="NUR101-A",
="800001513",="Absent",="10/28/2024",="NUR101-A",
="800001513",="Present",="11/4/2024",="NUR101-A",
="800001513",="Present",="11/11/2024",="NUR101-A",
="800001513",="Present",="11/18/2024",="NUR101-A",
="800001513",="Present",="11/25/2024",="NUR101-A",
="800001513",="Present",="12/2/2024",="NUR101-A",
="800001513",="Present",="8/29/2024",="NUR217-L-P1",
="800001513",="Present",="9/5/2024",="NUR217-L-P1",
="800001513",="Present",="9/12/2024",="NUR217-L-P1",
="800001513",="Present",="9/19/2024",="NUR217-L-P1",
="800001513",="Present",="9/26/2024",="NUR217-L-P1",
="800001513",="Present",="10/3/2024",="NUR217-L-P1",
="800001513",="Present",="10/10/2024",="NUR217-L-P1",
="800001513",="Present",="10/17/2024",="NUR217-L-P1",
="800001513",="Present",="10/24/2024",="NUR217-L-P1",
="800001513",="Present",="10/31/2024",="NUR217-L-P1",
="800001513",="Absent",="11/7/2024",="NUR217-L-P1",
="800001513",="Absent",="11/14/2024",="NUR217-L-P1",
="800001513",="Absent",="11/21/2024",="NUR217-L-P1",
="800001513",="Present",="9/1/2024",="HUM200 -OL",
="800001513",="Present",="9/8/2024",="HUM200 -OL",
="800001513",="Present",="9/15/2024",="HUM200 -OL",
="800001513",="Present",="9/22/2024",="HUM200 -OL",
="800001513",="Present",="9/29/2024",="HUM200 -OL",
="800001513",="Present",="10/6/2024",="HUM200 -OL",
="800001513",="Present",="10/13/2024",="HUM200 -OL",
="800001513",="Present",="10/20/2024",="HUM200 -OL",
="800001513",="Present",="10/27/2024",="HUM200 -OL",
="800001513",="Present",="11/3/2024",="HUM200 -OL",
="800001513",="Present",="11/10/2024",="HUM200 -OL",
="800001513",="Absent",="11/17/2024",="HUM200 -OL",
="800001513",="Present",="11/24/2024",="HUM200 -OL",
="800001513",="Present",="12/1/2024",="HUM200 -OL",
="800001513",="Present",="9/3/2024",="NUR101-L-A1",
="800001513",="Present",="9/10/2024",="NUR101-L-A1",
="800001513",="Present",="9/17/2024",="NUR101-L-A1",
="800001513",="Present",="10/15/2024",="NUR101-L-A1",
="800001513",="Present",="10/22/2024",="NUR101-L-A1",
="800001513",="Present",="10/29/2024",="NUR101-L-A1",
="800001513",="Present",="11/5/2024",="NUR101-L-A1",
="800001513",="Absent",="11/12/2024",="NUR101-L-A1",
="800001513",="Present",="11/19/2024",="NUR101-L-A1",
="800001513",="Present",="11/26/2024",="NUR101-L-A1",
="800001513",="Present",="12/3/2024",="NUR101-L-A1",
="800000659",="Present",="9/1/2024",="NUT100 -OL",
="800000659",="Present",="9/8/2024",="NUT100 -OL",
="800000659",="Present",="9/15/2024",="NUT100 -OL",
="800000659",="Present",="9/22/2024",="NUT100 -OL",
="800000659",="Present",="9/29/2024",="NUT100 -OL",
="800000659",="Present",="10/6/2024",="NUT100 -OL",
="800000659",="Present",="10/13/2024",="NUT100 -OL",
="800000659",="Present",="10/20/2024",="NUT100 -OL",
="800000659",="Present",="10/27/2024",="NUT100 -OL",
="800000659",="Present",="11/3/2024",="NUT100 -OL",
="800000659",="Present",="11/10/2024",="NUT100 -OL",
="800000659",="Present",="11/17/2024",="NUT100 -OL",
="800000659",="Present",="11/24/2024",="NUT100 -OL",
="800000659",="Present",="12/1/2024",="NUT100 -OL",
="800001281",="Present",="8/29/2024",="NUR145 - A",
="800001281",="Present",="9/5/2024",="NUR145 - A",
="800001281",="Present",="9/12/2024",="NUR145 - A",
="800001281",="Present",="9/19/2024",="NUR145 - A",
="800001281",="Present",="9/26/2024",="NUR145 - A",
="800001281",="Present",="10/3/2024",="NUR145 - A",
="800001281",="Present",="10/10/2024",="NUR145 - A",
="800001281",="Present",="10/31/2024",="NUR145 - A",
="800001281",="Present",="11/7/2024",="NUR145 - A",
="800001281",="Present",="11/14/2024",="NUR145 - A",
="800001281",="Present",="10/15/2024",="NUR145-S-A2",
="800001281",="Present",="12/3/2024",="NUR145-S-A2",
="800001281",="Present",="10/16/2024",="NUR150 -L-A",
="800001281",="Present",="10/23/2024",="NUR150 -L-A",
="800001281",="Present",="12/4/2024",="NUR150 -L-A",
="800001281",="Present",="12/11/2024",="NUR150 -L-A",
="800001281",="Present",="8/28/2024",="NUR155-P",
="800001281",="Present",="9/4/2024",="NUR155-P",
="800001281",="Present",="9/11/2024",="NUR155-P",
="800001281",="Present",="9/18/2024",="NUR155-P",
="800001281",="Present",="9/25/2024",="NUR155-P",
="800001281",="Present",="10/2/2024",="NUR155-P",
="800001281",="Present",="10/9/2024",="NUR155-P",
="800001281",="No class",="10/16/2024",="NUR155-P",
="800001281",="No class",="10/23/2024",="NUR155-P",
="800001281",="Present",="10/30/2024",="NUR155-P",
="800001281",="Present",="11/6/2024",="NUR155-P",
="800001281",="Present",="11/13/2024",="NUR155-P",
="800001281",="Present",="11/20/2024",="NUR155-P",
="800001281",="Present",="11/27/2024",="NUR155-P",
="800001281",="Present",="12/4/2024",="NUR155-P",
="800001281",="Present",="8/28/2024",="NUR150 -A",
="800001281",="Present",="9/4/2024",="NUR150 -A",
="800001281",="Present",="9/11/2024",="NUR150 -A",
="800001281",="Present",="9/18/2024",="NUR150 -A",
="800001281",="Present",="9/25/2024",="NUR150 -A",
="800001281",="Present",="10/2/2024",="NUR150 -A",
="800001281",="Present",="10/9/2024",="NUR150 -A",
="800001281",="Present",="10/30/2024",="NUR150 -A",
="800001281",="Present",="11/6/2024",="NUR150 -A",
="800001281",="Present",="11/13/2024",="NUR150 -A",
="800001281",="Present",="11/20/2024",="NUR150 -A",
="800001281",="Present",="8/29/2024",="NUR140-A",
="800001281",="Present",="9/5/2024",="NUR140-A",
="800001281",="Present",="9/12/2024",="NUR140-A",
="800001281",="Present",="9/19/2024",="NUR140-A",
="800001281",="Present",="9/26/2024",="NUR140-A",
="800001281",="Present",="10/3/2024",="NUR140-A",
="800001281",="Present",="10/10/2024",="NUR140-A",
="800001281",="Present",="10/31/2024",="NUR140-A",
="800001281",="Present",="11/7/2024",="NUR140-A",
="800001281",="Present",="11/14/2024",="NUR140-A",
="800001281",="Present",="10/17/2024",="NUR145-L-A",
="800001281",="Present",="10/24/2024",="NUR145-L-A",
="800001155",="Present",="8/27/2024",="AP100-A",
="800001155",="Present",="9/3/2024",="AP100-A",
="800001155",="Present",="9/10/2024",="AP100-A",
="800001155",="Present",="9/17/2024",="AP100-A",
="800001155",="Present",="9/24/2024",="AP100-A",
="800001155",="Present",="10/1/2024",="AP100-A",
="800001155",="Present",="10/8/2024",="AP100-A",
="800001155",="Present",="10/15/2024",="AP100-A",
="800001155",="Present",="10/22/2024",="AP100-A",
="800001155",="Present",="10/29/2024",="AP100-A",
="800001155",="Present",="11/5/2024",="AP100-A",
="800001155",="Present",="11/12/2024",="AP100-A",
="800001155",="Present",="11/19/2024",="AP100-A",
="800001155",="Present",="11/26/2024",="AP100-A",
="800001155",="Present",="12/3/2024",="AP100-A",
="800001155",="Present",="8/26/2024",="NUR100 -A",
="800001155",="Present",="9/9/2024",="NUR100 -A",
="800001155",="Present",="9/16/2024",="NUR100 -A",
="800001155",="Present",="9/23/2024",="NUR100 -A",
="800001155",="Present",="9/30/2024",="NUR100 -A",
="800001155",="Present",="10/7/2024",="NUR100 -A",
="800001155",="Present",="10/28/2024",="NUR100 -A",
="800001155",="Present",="11/4/2024",="NUR100 -A",
="800001155",="Present",="11/11/2024",="NUR100 -A",
="800001155",="Present",="11/18/2024",="NUR100 -A",
="800001155",="Present",="11/25/2024",="NUR100 -A",
="800001155",="Absent",="12/2/2024",="NUR100 -A",
="800001155",="Present",="8/27/2024",="NUR100-L-A2",
="800001155",="Present",="9/3/2024",="NUR100-L-A2",
="800001155",="Present",="9/10/2024",="NUR100-L-A2",
="800001155",="Present",="9/17/2024",="NUR100-L-A2",
="800001155",="Present",="9/24/2024",="NUR100-L-A2",
="800001155",="Present",="10/1/2024",="NUR100-L-A2",
="800001155",="Present",="10/8/2024",="NUR100-L-A2",
="800001155",="Present",="10/15/2024",="NUR100-L-A2",
="800001155",="Present",="10/22/2024",="NUR100-L-A2",
="800001155",="Present",="10/29/2024",="NUR100-L-A2",
="800001155",="Present",="11/5/2024",="NUR100-L-A2",
="800001155",="Present",="11/12/2024",="NUR100-L-A2",
="800001155",="Present",="11/19/2024",="NUR100-L-A2",
="800001155",="Absent",="11/26/2024",="NUR100-L-A2",
="800001155",="Absent",="12/3/2024",="NUR100-L-A2",
="800001155",="Absent",="12/10/2024",="NUR100-L-A2",
="800001214",="Present",="8/27/2024",="NUR255 -P",
="800001214",="Present",="8/29/2024",="NUR255 -P",
="800001214",="Present",="9/3/2024",="NUR255 -P",
="800001214",="Present",="9/5/2024",="NUR255 -P",
="800001214",="Present",="9/10/2024",="NUR255 -P",
="800001214",="Present",="9/12/2024",="NUR255 -P",
="800001214",="Present",="9/17/2024",="NUR255 -P",
="800001214",="Present",="9/24/2024",="NUR255 -P",
="800001214",="Present",="9/26/2024",="NUR255 -P",
="800001214",="Present",="10/1/2024",="NUR255 -P",
="800001214",="Present",="10/3/2024",="NUR255 -P",
="800001214",="Present",="10/8/2024",="NUR255 -P",
="800001214",="Present",="8/26/2024",="NUR265 -P",
="800001214",="Present",="9/9/2024",="NUR265 -P",
="800001214",="Present",="9/16/2024",="NUR265 -P",
="800001214",="Present",="9/23/2024",="NUR265 -P",
="800001214",="Present",="9/30/2024",="NUR265 -P",
="800001214",="Present",="10/7/2024",="NUR265 -P",
="800001214",="Present",="10/14/2024",="NUR265 -P",
="800001214",="Present",="10/21/2024",="NUR265 -P",
="800001214",="Present",="10/16/2024",="NUR265-C-P1",
="800001214",="Present",="10/18/2024",="NUR265-C-P1",
="800001214",="Present",="10/19/2024",="NUR265-C-P1",
="800001214",="Present",="10/23/2024",="NUR265-C-P1",
="800001214",="Present",="8/28/2024",="NUR270-P",
="800001214",="Present",="9/4/2024",="NUR270-P",
="800001214",="Present",="9/11/2024",="NUR270-P",
="800001214",="Present",="9/18/2024",="NUR270-P",
="800001214",="Present",="9/25/2024",="NUR270-P",
="800001214",="Present",="10/2/2024",="NUR270-P",
="800001214",="Present",="10/9/2024",="NUR270-P",
="800001214",="No class",="10/16/2024",="NUR270-P",
="800001214",="No class",="10/23/2024",="NUR270-P",
="800001214",="Present",="10/30/2024",="NUR270-P",
="800001214",="Present",="11/6/2024",="NUR270-P",
="800001214",="Present",="11/13/2024",="NUR270-P",
="800001214",="Present",="11/20/2024",="NUR270-P",
="800001214",="Present",="11/27/2024",="NUR270-P",
="800001214",="Present",="12/4/2024",="NUR270-P",
="770000433",="Present",="8/29/2024",="NUR236-P",
="770000433",="Present",="9/5/2024",="NUR236-P",
="770000433",="Present",="9/12/2024",="NUR236-P",
="770000433",="Present",="9/19/2024",="NUR236-P",
="770000433",="Present",="9/26/2024",="NUR236-P",
="770000433",="Present",="10/3/2024",="NUR236-P",
="770000433",="Absent",="10/10/2024",="NUR236-P",
="770000433",="Present",="10/31/2024",="NUR236-P",
="770000433",="Present",="11/7/2024",="NUR236-P",
="770000433",="Present",="11/14/2024",="NUR236-P",
="770000433",="Present",="9/1/2024",="SOC101 -OL",
="770000433",="Present",="9/8/2024",="SOC101 -OL",
="770000433",="Present",="9/15/2024",="SOC101 -OL",
="770000433",="Present",="9/22/2024",="SOC101 -OL",
="770000433",="Present",="9/29/2024",="SOC101 -OL",
="770000433",="Present",="10/6/2024",="SOC101 -OL",
="770000433",="Present",="10/13/2024",="SOC101 -OL",
="770000433",="Present",="10/20/2024",="SOC101 -OL",
="770000433",="Present",="10/27/2024",="SOC101 -OL",
="770000433",="Present",="11/3/2024",="SOC101 -OL",
="770000433",="Present",="11/10/2024",="SOC101 -OL",
="770000433",="Present",="11/17/2024",="SOC101 -OL",
="770000433",="Present",="11/24/2024",="SOC101 -OL",
="770000433",="Present",="12/1/2024",="SOC101 -OL",
="770000433",="Present",="8/27/2024",="NUR245 - P",
="770000433",="Present",="9/3/2024",="NUR245 - P",
="770000433",="Present",="9/10/2024",="NUR245 - P",
="770000433",="Present",="9/17/2024",="NUR245 - P",
="770000433",="Present",="9/24/2024",="NUR245 - P",
="770000433",="Present",="10/1/2024",="NUR245 - P",
="770000433",="Present",="10/29/2024",="NUR245 - P",
="770000433",="Present",="11/5/2024",="NUR245 - P",
="770000433",="Present",="11/12/2024",="NUR245 - P",
="770000433",="Present",="11/19/2024",="NUR245 - P",
="770000433",="Present",="11/26/2024",="NUR245 - P",
="770000433",="Present",="10/17/2024",="NUR245-C-P1",
="770000433",="Present",="12/5/2024",="NUR245-C-P1",
="770000433",="Present",="9/12/2024",="NUR236-L-P1",
="770000433",="Present",="9/26/2024",="NUR236-L-P1",
="770000433",="Present",="11/7/2024",="NUR236-L-P1",
="770000433",="Present",="11/14/2024",="NUR236-L-P1",
="770000433",="Present",="8/27/2024",="MCB100 -A",
="770000433",="Present",="9/3/2024",="MCB100 -A",
="770000433",="Present",="9/10/2024",="MCB100 -A",
="770000433",="Present",="9/17/2024",="MCB100 -A",
="770000433",="Present",="9/24/2024",="MCB100 -A",
="770000433",="Present",="10/1/2024",="MCB100 -A",
="770000433",="Present",="10/8/2024",="MCB100 -A",
="770000433",="Present",="10/15/2024",="MCB100 -A",
="770000433",="Present",="10/22/2024",="MCB100 -A",
="770000433",="Present",="10/29/2024",="MCB100 -A",
="770000433",="Present",="11/5/2024",="MCB100 -A",
="770000433",="Present",="11/12/2024",="MCB100 -A",
="770000433",="Present",="11/19/2024",="MCB100 -A",
="770000433",="Present",="11/26/2024",="MCB100 -A",
="770000433",="Present",="12/3/2024",="MCB100 -A",
="770000433",="Present",="10/14/2024",="NUR236-C-P1",
="770000433",="Present",="10/21/2024",="NUR236-C-P1",
="770000433",="Present",="12/2/2024",="NUR236-C-P1",
="770000433",="Present",="12/9/2024",="NUR236-C-P1",
="770000433",="Present",="8/28/2024",="PHARM225-P_B",
="770000433",="Present",="9/4/2024",="PHARM225-P_B",
="770000433",="Present",="9/11/2024",="PHARM225-P_B",
="770000433",="Present",="9/18/2024",="PHARM225-P_B",
="770000433",="Present",="9/25/2024",="PHARM225-P_B",
="770000433",="Present",="10/2/2024",="PHARM225-P_B",
="770000433",="Absent",="10/9/2024",="PHARM225-P_B",
="770000433",="Present",="10/16/2024",="PHARM225-P_B",
="770000433",="Present",="10/23/2024",="PHARM225-P_B",
="770000433",="Tardy/Late",="10/30/2024",="PHARM225-P_B",
="770000433",="Present",="11/6/2024",="PHARM225-P_B",
="770000433",="Present",="11/13/2024",="PHARM225-P_B",
="770000433",="Absent",="11/20/2024",="PHARM225-P_B",
="800000745",="Present",="10/25/2024",="NUR255-C-P2",
="800000745",="Present",="10/26/2024",="NUR255-C-P2",
="800000745",="Present",="8/28/2024",="PHARM225-P_B",
="800000745",="Present",="9/4/2024",="PHARM225-P_B",
="800000745",="Present",="9/11/2024",="PHARM225-P_B",
="800000745",="Present",="9/18/2024",="PHARM225-P_B",
="800000745",="Absent",="9/25/2024",="PHARM225-P_B",
="800000745",="Tardy/Late",="10/2/2024",="PHARM225-P_B",
="800000745",="Present",="10/9/2024",="PHARM225-P_B",
="800000745",="Present",="10/16/2024",="PHARM225-P_B",
="800000745",="Present",="10/23/2024",="PHARM225-P_B",
="800000745",="Present",="10/30/2024",="PHARM225-P_B",
="800000745",="Tardy/Late",="11/6/2024",="PHARM225-P_B",
="800000745",="Present",="11/13/2024",="PHARM225-P_B",
="800000745",="Present",="11/20/2024",="PHARM225-P_B",
="800000745",="Present",="10/16/2024",="NUR265-C-P1",
="800000745",="Present",="10/18/2024",="NUR265-C-P1",
="800000745",="Present",="10/19/2024",="NUR265-C-P1",
="800000745",="Present",="10/23/2024",="NUR265-C-P1",
="800000745",="Present",="8/26/2024",="NUR265 -P",
="800000745",="Present",="9/9/2024",="NUR265 -P",
="800000745",="Present",="9/16/2024",="NUR265 -P",
="800000745",="Present",="9/23/2024",="NUR265 -P",
="800000745",="Present",="9/30/2024",="NUR265 -P",
="800000745",="Present",="10/7/2024",="NUR265 -P",
="800000745",="Present",="10/14/2024",="NUR265 -P",
="800000745",="Present",="10/21/2024",="NUR265 -P",
="800000745",="Present",="8/28/2024",="NUR270-P",
="800000745",="Present",="9/4/2024",="NUR270-P",
="800000745",="Present",="9/11/2024",="NUR270-P",
="800000745",="Present",="9/18/2024",="NUR270-P",
="800000745",="Present",="9/25/2024",="NUR270-P",
="800000745",="Present",="10/2/2024",="NUR270-P",
="800000745",="Present",="10/9/2024",="NUR270-P",
="800000745",="No class",="10/16/2024",="NUR270-P",
="800000745",="No class",="10/23/2024",="NUR270-P",
="800000745",="Present",="10/30/2024",="NUR270-P",
="800000745",="Present",="11/6/2024",="NUR270-P",
="800000745",="Present",="11/13/2024",="NUR270-P",
="800000745",="Present",="11/20/2024",="NUR270-P",
="800000745",="Present",="11/27/2024",="NUR270-P",
="800000745",="Present",="12/4/2024",="NUR270-P",
="800000745",="Present",="8/27/2024",="NUR255 -P",
="800000745",="Present",="8/29/2024",="NUR255 -P",
="800000745",="Present",="9/3/2024",="NUR255 -P",
="800000745",="Present",="9/5/2024",="NUR255 -P",
="800000745",="Present",="9/10/2024",="NUR255 -P",
="800000745",="Present",="9/12/2024",="NUR255 -P",
="800000745",="Present",="9/17/2024",="NUR255 -P",
="800000745",="Present",="9/24/2024",="NUR255 -P",
="800000745",="Present",="9/26/2024",="NUR255 -P",
="800000745",="Present",="10/1/2024",="NUR255 -P",
="800000745",="Present",="10/3/2024",="NUR255 -P",
="800000745",="Present",="10/8/2024",="NUR255 -P",
="800001301",="Present",="10/16/2024",="NUR265-C-P1",
="800001301",="Present",="10/18/2024",="NUR265-C-P1",
="800001301",="Present",="10/19/2024",="NUR265-C-P1",
="800001301",="Present",="10/23/2024",="NUR265-C-P1",
="800001301",="Present",="8/26/2024",="NUR265 -P",
="800001301",="Present",="9/9/2024",="NUR265 -P",
="800001301",="Present",="9/16/2024",="NUR265 -P",
="800001301",="Present",="9/23/2024",="NUR265 -P",
="800001301",="Present",="9/30/2024",="NUR265 -P",
="800001301",="Present",="10/7/2024",="NUR265 -P",
="800001301",="Present",="10/14/2024",="NUR265 -P",
="800001301",="Present",="10/21/2024",="NUR265 -P",
="800001301",="Present",="8/28/2024",="NUR270-P",
="800001301",="Present",="9/4/2024",="NUR270-P",
="800001301",="Present",="9/11/2024",="NUR270-P",
="800001301",="Present",="9/18/2024",="NUR270-P",
="800001301",="Present",="9/25/2024",="NUR270-P",
="800001301",="Present",="10/2/2024",="NUR270-P",
="800001301",="Present",="10/9/2024",="NUR270-P",
="800001301",="No class",="10/16/2024",="NUR270-P",
="800001301",="No class",="10/23/2024",="NUR270-P",
="800001301",="Present",="10/30/2024",="NUR270-P",
="800001301",="Present",="11/6/2024",="NUR270-P",
="800001301",="Present",="11/13/2024",="NUR270-P",
="800001301",="Present",="11/20/2024",="NUR270-P",
="800001301",="Present",="11/27/2024",="NUR270-P",
="800001301",="Present",="12/4/2024",="NUR270-P",
="800001301",="Present",="10/25/2024",="NUR255-C-P2",
="800001301",="Present",="10/26/2024",="NUR255-C-P2",
="800001301",="Present",="8/27/2024",="NUR255 -P",
="800001301",="Present",="8/29/2024",="NUR255 -P",
="800001301",="Present",="9/3/2024",="NUR255 -P",
="800001301",="Present",="9/5/2024",="NUR255 -P",
="800001301",="Present",="9/10/2024",="NUR255 -P",
="800001301",="Present",="9/12/2024",="NUR255 -P",
="800001301",="Present",="9/17/2024",="NUR255 -P",
="800001301",="Present",="9/24/2024",="NUR255 -P",
="800001301",="Present",="9/26/2024",="NUR255 -P",
="800001301",="Present",="10/1/2024",="NUR255 -P",
="800001301",="Present",="10/3/2024",="NUR255 -P",
="800001301",="Present",="10/8/2024",="NUR255 -P",
="800001302",="Present",="10/16/2024",="NUR265-C-P2",
="800001302",="Present",="10/23/2024",="NUR265-C-P2",
="800001302",="Present",="8/28/2024",="NUR270-P",
="800001302",="Present",="9/4/2024",="NUR270-P",
="800001302",="Present",="9/11/2024",="NUR270-P",
="800001302",="Present",="9/18/2024",="NUR270-P",
="800001302",="Present",="9/25/2024",="NUR270-P",
="800001302",="Present",="10/2/2024",="NUR270-P",
="800001302",="Present",="10/9/2024",="NUR270-P",
="800001302",="No class",="10/16/2024",="NUR270-P",
="800001302",="No class",="10/23/2024",="NUR270-P",
="800001302",="Present",="10/30/2024",="NUR270-P",
="800001302",="Present",="11/6/2024",="NUR270-P",
="800001302",="Present",="11/13/2024",="NUR270-P",
="800001302",="Present",="11/20/2024",="NUR270-P",
="800001302",="Present",="11/27/2024",="NUR270-P",
="800001302",="Present",="12/4/2024",="NUR270-P",
="800001302",="Present",="10/25/2024",="NUR255-C-P2",
="800001302",="Present",="10/26/2024",="NUR255-C-P2",
="800001302",="Present",="8/26/2024",="NUR265 -P",
="800001302",="Present",="9/9/2024",="NUR265 -P",
="800001302",="Present",="9/16/2024",="NUR265 -P",
="800001302",="Present",="9/23/2024",="NUR265 -P",
="800001302",="Present",="9/30/2024",="NUR265 -P",
="800001302",="Present",="10/7/2024",="NUR265 -P",
="800001302",="Present",="10/14/2024",="NUR265 -P",
="800001302",="Present",="10/21/2024",="NUR265 -P",
="800001302",="Present",="8/27/2024",="NUR255 -P",
="800001302",="Present",="8/29/2024",="NUR255 -P",
="800001302",="Present",="9/3/2024",="NUR255 -P",
="800001302",="Present",="9/5/2024",="NUR255 -P",
="800001302",="Present",="9/10/2024",="NUR255 -P",
="800001302",="Present",="9/12/2024",="NUR255 -P",
="800001302",="Present",="9/17/2024",="NUR255 -P",
="800001302",="Present",="9/24/2024",="NUR255 -P",
="800001302",="Present",="9/26/2024",="NUR255 -P",
="800001302",="Present",="10/1/2024",="NUR255 -P",
="800001302",="Present",="10/3/2024",="NUR255 -P",
="800001302",="Present",="10/8/2024",="NUR255 -P",
="800001428",="Present",="9/1/2024",="NUT100 -OL",
="800001428",="Present",="9/8/2024",="NUT100 -OL",
="800001428",="Present",="9/15/2024",="NUT100 -OL",
="800001428",="Present",="9/22/2024",="NUT100 -OL",
="800001428",="Present",="9/29/2024",="NUT100 -OL",
="800001428",="Present",="10/6/2024",="NUT100 -OL",
="800001428",="Present",="10/13/2024",="NUT100 -OL",
="800001428",="Present",="10/20/2024",="NUT100 -OL",
="800001428",="Present",="10/27/2024",="NUT100 -OL",
="800001428",="Present",="11/3/2024",="NUT100 -OL",
="800001428",="Present",="11/10/2024",="NUT100 -OL",
="800001428",="Present",="11/17/2024",="NUT100 -OL",
="800001428",="Present",="11/24/2024",="NUT100 -OL",
="800001428",="Present",="12/1/2024",="NUT100 -OL",
="800001428",="Present",="9/3/2024",="NUR125-L-A1",
="800001428",="Present",="9/10/2024",="NUR125-L-A1",
="800001428",="Present",="9/17/2024",="NUR125-L-A1",
="800001428",="Present",="9/24/2024",="NUR125-L-A1",
="800001428",="Present",="10/1/2024",="NUR125-L-A1",
="800001428",="Present",="10/8/2024",="NUR125-L-A1",
="800001428",="Present",="10/15/2024",="NUR125-L-A1",
="800001428",="Present",="10/22/2024",="NUR125-L-A1",
="800001428",="Present",="11/5/2024",="NUR125-L-A1",
="800001428",="Present",="11/12/2024",="NUR125-L-A1",
="800001428",="Present",="11/19/2024",="NUR125-L-A1",
="800001428",="Present",="11/26/2024",="NUR125-L-A1",
="800001428",="Present",="12/3/2024",="NUR125-L-A1",
="800001428",="Present",="9/26/2024",="PHARM100-A",
="800001428",="Present",="10/3/2024",="PHARM100-A",
="800001428",="Present",="10/10/2024",="PHARM100-A",
="800001428",="Present",="10/17/2024",="PHARM100-A",
="800001428",="Present",="10/24/2024",="PHARM100-A",
="800001428",="Present",="10/31/2024",="PHARM100-A",
="800001428",="Present",="11/7/2024",="PHARM100-A",
="800001428",="Present",="11/14/2024",="PHARM100-A",
="800001428",="Present",="8/27/2024",="NUR125-A",
="800001428",="Present",="9/3/2024",="NUR125-A",
="800001428",="Present",="9/10/2024",="NUR125-A",
="800001428",="Present",="9/17/2024",="NUR125-A",
="800001428",="Present",="9/24/2024",="NUR125-A",
="800001428",="Present",="10/1/2024",="NUR125-A",
="800001428",="Present",="10/8/2024",="NUR125-A",
="800001428",="Present",="10/29/2024",="NUR125-A",
="800001428",="Present",="11/5/2024",="NUR125-A",
="800001428",="Present",="11/19/2024",="NUR125-A",
="800001428",="Present",="11/26/2024",="NUR125-A",
="800001444",="Present",="8/29/2024",="NUR100-L-P2",
="800001444",="Present",="9/5/2024",="NUR100-L-P2",
="800001444",="Present",="9/12/2024",="NUR100-L-P2",
="800001444",="Present",="9/19/2024",="NUR100-L-P2",
="800001444",="Present",="9/26/2024",="NUR100-L-P2",
="800001444",="Absent",="10/3/2024",="NUR100-L-P2",
="800000659",="Present",="9/13/2024",="NUR120-L-A1",
="800000659",="Present",="9/20/2024",="NUR120-L-A1",
="800000659",="Present",="10/11/2024",="NUR120-L-A1",
="800000659",="Present",="10/18/2024",="NUR120-L-A1",
="800000659",="Present",="11/1/2024",="NUR120-L-A1",
="800000659",="Present",="11/8/2024",="NUR120-L-A1",
="800000659",="Present",="12/6/2024",="NUR120-L-A1",
="800000659",="Present",="8/27/2024",="NUR120-A",
="800000659",="Present",="9/3/2024",="NUR120-A",
="800000659",="Present",="9/10/2024",="NUR120-A",
="800000659",="Present",="9/17/2024",="NUR120-A",
="800000659",="Present",="9/24/2024",="NUR120-A",
="800000659",="Present",="10/1/2024",="NUR120-A",
="800000659",="Present",="10/8/2024",="NUR120-A",
="800000659",="Present",="10/29/2024",="NUR120-A",
="800000659",="Present",="11/5/2024",="NUR120-A",
="800000659",="Present",="11/12/2024",="NUR120-A",
="800000659",="Present",="11/19/2024",="NUR120-A",
="800000659",="Present",="11/26/2024",="NUR120-A",
="800000659",="Tardy/Late",="8/28/2024",="PHARM130-P",
="800000659",="Present",="9/4/2024",="PHARM130-P",
="800000659",="Present",="9/11/2024",="PHARM130-P",
="800000659",="Present",="9/18/2024",="PHARM130-P",
="800000659",="Present",="9/25/2024",="PHARM130-P",
="800000659",="Present",="10/2/2024",="PHARM130-P",
="800000659",="Present",="10/9/2024",="PHARM130-P",
="800000659",="Present",="10/16/2024",="PHARM130-P",
="800000659",="Present",="10/23/2024",="PHARM130-P",
="800000659",="Present",="10/30/2024",="PHARM130-P",
="800000659",="Present",="11/6/2024",="PHARM130-P",
="800000659",="Present",="11/13/2024",="PHARM130-P",
="800000659",="Present",="11/20/2024",="PHARM130-P",
="800001414",="Present",="8/27/2024",="NUR120-A",
="800001414",="Present",="9/3/2024",="NUR120-A",
="800001414",="Present",="9/10/2024",="NUR120-A",
="800001414",="Present",="9/17/2024",="NUR120-A",
="800001414",="Present",="9/24/2024",="NUR120-A",
="800001414",="Present",="10/1/2024",="NUR120-A",
="800001414",="Present",="10/8/2024",="NUR120-A",
="800001414",="Present",="10/29/2024",="NUR120-A",
="800001414",="Present",="11/5/2024",="NUR120-A",
="800001414",="Present",="11/12/2024",="NUR120-A",
="800001414",="Present",="11/19/2024",="NUR120-A",
="800001414",="Present",="11/26/2024",="NUR120-A",
="800001414",="Present",="8/27/2024",="NUR125-A",
="800001414",="Present",="9/3/2024",="NUR125-A",
="800001414",="Present",="9/10/2024",="NUR125-A",
="800001414",="Present",="9/17/2024",="NUR125-A",
="800001414",="Present",="9/24/2024",="NUR125-A",
="800001414",="Present",="10/1/2024",="NUR125-A",
="800001414",="Present",="10/8/2024",="NUR125-A",
="800001414",="Present",="10/29/2024",="NUR125-A",
="800001414",="Present",="11/5/2024",="NUR125-A",
="800001414",="Present",="11/19/2024",="NUR125-A",
="800001414",="Present",="11/26/2024",="NUR125-A",
="800001414",="Present",="9/3/2024",="NUR125-L-A1",
="800001414",="Present",="9/10/2024",="NUR125-L-A1",
="800001414",="Present",="9/17/2024",="NUR125-L-A1",
="800001414",="Present",="9/24/2024",="NUR125-L-A1",
="800001414",="Present",="10/1/2024",="NUR125-L-A1",
="800001414",="Present",="10/8/2024",="NUR125-L-A1",
="800001414",="Present",="10/15/2024",="NUR125-L-A1",
="800001414",="Present",="10/22/2024",="NUR125-L-A1",
="800001414",="Present",="11/5/2024",="NUR125-L-A1",
="800001414",="Present",="11/12/2024",="NUR125-L-A1",
="800001414",="Present",="11/19/2024",="NUR125-L-A1",
="800001414",="Present",="11/26/2024",="NUR125-L-A1",
="800001414",="Present",="12/3/2024",="NUR125-L-A1",
="800001414",="Present",="9/13/2024",="NUR120-L-A1",
="800001414",="Present",="9/20/2024",="NUR120-L-A1",
="800001414",="Present",="10/11/2024",="NUR120-L-A1",
="800001414",="Present",="10/18/2024",="NUR120-L-A1",
="800001414",="Present",="11/1/2024",="NUR120-L-A1",
="800001414",="Present",="11/8/2024",="NUR120-L-A1",
="800001414",="Present",="12/6/2024",="NUR120-L-A1",
="800001419",="Present",="8/29/2024",="NUR125-P",
="800001419",="Present",="9/5/2024",="NUR125-P",
="800001419",="Present",="9/12/2024",="NUR125-P",
="800001419",="Present",="9/19/2024",="NUR125-P",
="800001419",="Present",="9/26/2024",="NUR125-P",
="800001419",="Present",="10/3/2024",="NUR125-P",
="800001419",="Present",="10/10/2024",="NUR125-P",
="800001419",="Present",="10/31/2024",="NUR125-P",
="800001419",="Present",="11/7/2024",="NUR125-P",
="800001419",="Present",="11/14/2024",="NUR125-P",
="800001419",="Present",="11/21/2024",="NUR125-P",
="800001419",="Present",="9/5/2024",="NUR125-L-P1",
="800001419",="Present",="9/12/2024",="NUR125-L-P1",
="800001419",="Present",="9/19/2024",="NUR125-L-P1",
="800001419",="Present",="9/26/2024",="NUR125-L-P1",
="800001419",="Present",="10/3/2024",="NUR125-L-P1",
="800001419",="Present",="10/10/2024",="NUR125-L-P1",
="800001419",="Present",="10/17/2024",="NUR125-L-P1",
="800001419",="Present",="10/31/2024",="NUR125-L-P1",
="800001419",="Present",="11/7/2024",="NUR125-L-P1",
="800001419",="Present",="11/14/2024",="NUR125-L-P1",
="800001419",="Present",="8/28/2024",="PHARM130-P",
="800001419",="Present",="9/4/2024",="PHARM130-P",
="800001419",="Present",="9/11/2024",="PHARM130-P",
="800001419",="Present",="9/18/2024",="PHARM130-P",
="800001419",="Present",="9/25/2024",="PHARM130-P",
="800001419",="Present",="10/2/2024",="PHARM130-P",
="800001419",="Present",="10/9/2024",="PHARM130-P",
="800001419",="Present",="10/16/2024",="PHARM130-P",
="800001419",="Present",="10/23/2024",="PHARM130-P",
="800001419",="Present",="10/30/2024",="PHARM130-P",
="800001419",="Present",="11/6/2024",="PHARM130-P",
="800001419",="Present",="11/13/2024",="PHARM130-P",
="800001419",="Present",="11/20/2024",="PHARM130-P",
="800001419",="Present",="8/26/2024",="NUR135-P",
="800001419",="Present",="9/9/2024",="NUR135-P",
="800001419",="Present",="9/16/2024",="NUR135-P",
="800001419",="Present",="9/23/2024",="NUR135-P",
="800001419",="Present",="9/30/2024",="NUR135-P",
="800001419",="Present",="10/7/2024",="NUR135-P",
="800001419",="Present",="10/28/2024",="NUR135-P",
="800001419",="Present",="11/4/2024",="NUR135-P",
="800001419",="Present",="11/11/2024",="NUR135-P",
="800001419",="Present",="11/18/2024",="NUR135-P",
="800001419",="Present",="11/25/2024",="NUR135-P",
="800001419",="Present",="9/1/2024",="NUT100 -OL",
="800001419",="Present",="9/8/2024",="NUT100 -OL",
="800001419",="Present",="9/15/2024",="NUT100 -OL",
="800001419",="Present",="9/22/2024",="NUT100 -OL",
="800001419",="Present",="9/29/2024",="NUT100 -OL",
="800001419",="Present",="10/6/2024",="NUT100 -OL",
="800001419",="Present",="10/13/2024",="NUT100 -OL",
="800001419",="Present",="10/20/2024",="NUT100 -OL",
="800001419",="Present",="10/27/2024",="NUT100 -OL",
="800001419",="Present",="11/3/2024",="NUT100 -OL",
="800001419",="Present",="11/10/2024",="NUT100 -OL",
="800001419",="Present",="11/17/2024",="NUT100 -OL",
="800001419",="Present",="11/24/2024",="NUT100 -OL",
="800001419",="Present",="12/1/2024",="NUT100 -OL",
="800001259",="Present",="8/28/2024",="PHARM130-P",
="800001259",="Present",="9/4/2024",="PHARM130-P",
="800001259",="Present",="9/11/2024",="PHARM130-P",
="800001259",="Present",="9/18/2024",="PHARM130-P",
="800001259",="Present",="9/25/2024",="PHARM130-P",
="800001259",="Present",="10/2/2024",="PHARM130-P",
="800001259",="Present",="10/9/2024",="PHARM130-P",
="800001259",="Present",="10/16/2024",="PHARM130-P",
="800001259",="Present",="10/23/2024",="PHARM130-P",
="800001259",="Present",="10/30/2024",="PHARM130-P",
="800001259",="Present",="11/6/2024",="PHARM130-P",
="800001259",="Present",="11/13/2024",="PHARM130-P",
="800001259",="Present",="11/20/2024",="PHARM130-P",
="800000769",="Present",="8/28/2024",="NUR150 -A",
="800000769",="Present",="9/4/2024",="NUR150 -A",
="800000769",="Present",="9/11/2024",="NUR150 -A",
="800000769",="Present",="9/18/2024",="NUR150 -A",
="800000769",="Present",="9/25/2024",="NUR150 -A",
="800000769",="Present",="10/2/2024",="NUR150 -A",
="800000769",="Present",="10/9/2024",="NUR150 -A",
="800000769",="Present",="10/30/2024",="NUR150 -A",
="800000769",="Present",="11/6/2024",="NUR150 -A",
="800000769",="Present",="11/13/2024",="NUR150 -A",
="800000769",="Present",="11/20/2024",="NUR150 -A",
="800000769",="Present",="10/16/2024",="NUR150 -L-A",
="800000769",="Present",="10/23/2024",="NUR150 -L-A",
="800000769",="Present",="12/4/2024",="NUR150 -L-A",
="800000769",="Present",="12/11/2024",="NUR150 -L-A",
="800000769",="Present",="8/29/2024",="NUR145 - A",
="800000769",="Absent",="9/5/2024",="NUR145 - A",
="800000769",="Present",="9/12/2024",="NUR145 - A",
="800000769",="Present",="9/19/2024",="NUR145 - A",
="800000769",="Present",="9/26/2024",="NUR145 - A",
="800000769",="Present",="10/3/2024",="NUR145 - A",
="800000769",="Present",="10/10/2024",="NUR145 - A",
="800000769",="Present",="10/31/2024",="NUR145 - A",
="800000769",="Present",="11/7/2024",="NUR145 - A",
="800000769",="Absent",="11/14/2024",="NUR145 - A",
="800000769",="Present",="11/21/2024",="NUR145 - A",
="800000769",="Present",="12/5/2024",="NUR145 - A",
="800000769",="Present",="10/17/2024",="NUR150-C-A1",
="800000769",="Present",="10/18/2024",="NUR150-C-A1",
="800000769",="Present",="10/24/2024",="NUR150-C-A1",
="800000769",="Present",="10/25/2024",="NUR150-C-A1",
="800000769",="Present",="12/5/2024",="NUR150-C-A1",
="800000769",="Present",="12/6/2024",="NUR150-C-A1",
="800000769",="Present",="10/17/2024",="NUR145-L-A",
="800000769",="Present",="10/24/2024",="NUR145-L-A",
="800000769",="Present",="10/15/2024",="NUR145-S-A1",
="800000769",="Present",="12/3/2024",="NUR145-S-A1",
="800000769",="Present",="12/7/2024",="NUR140-C-P2",
="800000769",="Present",="8/28/2024",="NUR155-P",
="800000769",="Present",="9/4/2024",="NUR155-P",
="800000769",="Present",="9/11/2024",="NUR155-P",
="800000769",="Present",="9/18/2024",="NUR155-P",
="800000769",="Present",="9/25/2024",="NUR155-P",
="800000769",="Present",="10/2/2024",="NUR155-P",
="800000769",="Present",="10/9/2024",="NUR155-P",
="800000769",="No class",="10/16/2024",="NUR155-P",
="800000769",="No class",="10/23/2024",="NUR155-P",
="800000769",="Present",="10/30/2024",="NUR155-P",
="800000769",="Present",="11/6/2024",="NUR155-P",
="800000769",="Present",="11/13/2024",="NUR155-P",
="800000769",="Present",="11/20/2024",="NUR155-P",
="800000769",="Present",="11/27/2024",="NUR155-P",
="800000769",="Present",="12/4/2024",="NUR155-P",
="800000769",="Present",="8/29/2024",="NUR140-A",
="800000769",="Present",="9/5/2024",="NUR140-A",
="800000769",="Present",="9/12/2024",="NUR140-A",
="800000769",="Present",="9/19/2024",="NUR140-A",
="800000769",="Present",="9/26/2024",="NUR140-A",
="800000769",="Present",="10/3/2024",="NUR140-A",
="800000769",="Present",="10/10/2024",="NUR140-A",
="800000769",="Absent",="10/31/2024",="NUR140-A",
="800000769",="Present",="11/7/2024",="NUR140-A",
="800000769",="Absent",="11/14/2024",="NUR140-A",
="800001351",="Present",="9/3/2024",="NUR125-L-A1",
="800001351",="Present",="9/10/2024",="NUR125-L-A1",
="800001351",="Present",="9/17/2024",="NUR125-L-A1",
="800001351",="Present",="9/24/2024",="NUR125-L-A1",
="800001351",="Present",="10/1/2024",="NUR125-L-A1",
="800001351",="Present",="10/8/2024",="NUR125-L-A1",
="800001351",="Present",="10/15/2024",="NUR125-L-A1",
="800001351",="Present",="10/22/2024",="NUR125-L-A1",
="800001351",="Present",="11/5/2024",="NUR125-L-A1",
="800001351",="Present",="11/12/2024",="NUR125-L-A1",
="800001351",="Present",="11/19/2024",="NUR125-L-A1",
="800001351",="Present",="11/26/2024",="NUR125-L-A1",
="800001351",="Present",="12/3/2024",="NUR125-L-A1",
="800001351",="Present",="9/1/2024",="NUT100 -OL",
="800001351",="Present",="9/8/2024",="NUT100 -OL",
="800001351",="Present",="9/15/2024",="NUT100 -OL",
="800001351",="Present",="9/22/2024",="NUT100 -OL",
="800001351",="Present",="9/29/2024",="NUT100 -OL",
="800001351",="Present",="10/6/2024",="NUT100 -OL",
="800001351",="Present",="10/13/2024",="NUT100 -OL",
="800001351",="Present",="10/20/2024",="NUT100 -OL",
="800001351",="Present",="10/27/2024",="NUT100 -OL",
="800001351",="Present",="11/3/2024",="NUT100 -OL",
="800001351",="Present",="11/10/2024",="NUT100 -OL",
="800001351",="Present",="11/17/2024",="NUT100 -OL",
="800001351",="Present",="11/24/2024",="NUT100 -OL",
="800001351",="Present",="12/1/2024",="NUT100 -OL",
="800001351",="Present",="8/28/2024",="PHARM130-P",
="800001351",="Tardy/Late",="9/4/2024",="PHARM130-P",
="800001351",="Present",="9/11/2024",="PHARM130-P",
="800001351",="Present",="9/18/2024",="PHARM130-P",
="800001351",="Present",="9/25/2024",="PHARM130-P",
="800001351",="Present",="10/2/2024",="PHARM130-P",
="800001351",="Present",="10/9/2024",="PHARM130-P",
="800001351",="Present",="10/16/2024",="PHARM130-P",
="800001351",="Present",="10/23/2024",="PHARM130-P",
="800001351",="Tardy/Late",="10/30/2024",="PHARM130-P",
="800001351",="Present",="11/6/2024",="PHARM130-P",
="800001351",="Present",="11/13/2024",="PHARM130-P",
="800001351",="Present",="11/20/2024",="PHARM130-P",
="800001351",="Present",="8/27/2024",="NUR125-A",
="800001351",="Present",="9/3/2024",="NUR125-A",
="800001351",="Present",="9/10/2024",="NUR125-A",
="800001351",="Present",="9/17/2024",="NUR125-A",
="800001351",="Present",="9/24/2024",="NUR125-A",
="800001351",="Present",="10/1/2024",="NUR125-A",
="800001351",="Present",="10/8/2024",="NUR125-A",
="800001351",="Present",="10/29/2024",="NUR125-A",
="800001351",="Present",="11/5/2024",="NUR125-A",
="800001351",="Present",="11/19/2024",="NUR125-A",
="800001351",="Present",="11/26/2024",="NUR125-A",
="800001427",="Present",="8/27/2024",="NUR125-A",
="800001427",="Present",="9/3/2024",="NUR125-A",
="800001427",="Present",="9/10/2024",="NUR125-A",
="800001427",="Present",="9/17/2024",="NUR125-A",
="800001427",="Present",="9/24/2024",="NUR125-A",
="800001427",="Present",="10/1/2024",="NUR125-A",
="800001427",="Present",="10/8/2024",="NUR125-A",
="800001427",="Present",="10/29/2024",="NUR125-A",
="800001427",="Present",="11/5/2024",="NUR125-A",
="800001427",="Present",="11/19/2024",="NUR125-A",
="800001427",="Present",="11/26/2024",="NUR125-A",
="800001427",="Present",="9/1/2024",="NUT100 -OL",
="800001427",="Present",="9/8/2024",="NUT100 -OL",
="800001427",="Present",="9/15/2024",="NUT100 -OL",
="800001427",="Present",="9/22/2024",="NUT100 -OL",
="800001427",="Present",="9/29/2024",="NUT100 -OL",
="800001427",="Present",="10/6/2024",="NUT100 -OL",
="800001427",="Present",="10/13/2024",="NUT100 -OL",
="800001427",="Present",="10/20/2024",="NUT100 -OL",
="800001427",="Present",="10/27/2024",="NUT100 -OL",
="800001427",="Present",="11/3/2024",="NUT100 -OL",
="800001427",="Present",="11/10/2024",="NUT100 -OL",
="800001427",="Present",="11/17/2024",="NUT100 -OL",
="800001427",="Present",="11/24/2024",="NUT100 -OL",
="800001427",="Present",="12/1/2024",="NUT100 -OL",
="800001427",="Present",="9/3/2024",="NUR125-L-A1",
="800001427",="Present",="9/10/2024",="NUR125-L-A1",
="800001427",="Present",="9/17/2024",="NUR125-L-A1",
="800001427",="Present",="9/24/2024",="NUR125-L-A1",
="800001427",="Present",="10/1/2024",="NUR125-L-A1",
="800001427",="Present",="10/8/2024",="NUR125-L-A1",
="800001427",="Present",="10/15/2024",="NUR125-L-A1",
="800001427",="Present",="10/22/2024",="NUR125-L-A1",
="800001427",="Present",="11/5/2024",="NUR125-L-A1",
="800001427",="Present",="11/12/2024",="NUR125-L-A1",
="800001427",="Present",="11/19/2024",="NUR125-L-A1",
="800001427",="Present",="11/26/2024",="NUR125-L-A1",
="800001427",="Present",="12/3/2024",="NUR125-L-A1",
="800001427",="Present",="8/28/2024",="PHARM130-P",
="800001427",="Present",="9/4/2024",="PHARM130-P",
="800001427",="Present",="9/11/2024",="PHARM130-P",
="800001427",="Present",="9/18/2024",="PHARM130-P",
="800001427",="Present",="9/25/2024",="PHARM130-P",
="800001427",="Present",="10/2/2024",="PHARM130-P",
="800001427",="Present",="10/9/2024",="PHARM130-P",
="800001427",="Present",="10/16/2024",="PHARM130-P",
="800001427",="Present",="10/23/2024",="PHARM130-P",
="800001427",="Present",="10/30/2024",="PHARM130-P",
="800001427",="Present",="11/6/2024",="PHARM130-P",
="800001427",="Present",="11/13/2024",="PHARM130-P",
="800001427",="Present",="11/20/2024",="PHARM130-P",
="800000700",="Present",="10/14/2024",="NUR236-C-P1",
="800000700",="Present",="10/21/2024",="NUR236-C-P1",
="800000700",="Present",="12/2/2024",="NUR236-C-P1",
="800000700",="Present",="12/9/2024",="NUR236-C-P1",
="800000700",="Present",="9/12/2024",="NUR236-L-P1",
="800000700",="Present",="9/26/2024",="NUR236-L-P1",
="800000700",="Present",="11/7/2024",="NUR236-L-P1",
="800000700",="Present",="11/14/2024",="NUR236-L-P1",
="800000700",="Present",="8/27/2024",="NUR245 - P",
="800000700",="Present",="9/3/2024",="NUR245 - P",
="800000700",="Present",="9/10/2024",="NUR245 - P",
="800000700",="Present",="9/17/2024",="NUR245 - P",
="800000700",="Present",="9/24/2024",="NUR245 - P",
="800000700",="Present",="10/1/2024",="NUR245 - P",
="800000700",="Present",="10/29/2024",="NUR245 - P",
="800000700",="Present",="11/5/2024",="NUR245 - P",
="800000700",="Present",="11/12/2024",="NUR245 - P",
="800000700",="Present",="11/19/2024",="NUR245 - P",
="800000700",="Present",="11/26/2024",="NUR245 - P",
="800000700",="Present",="10/17/2024",="NUR245-C-P1",
="800000700",="Present",="12/5/2024",="NUR245-C-P1",
="800000700",="Present",="8/29/2024",="NUR236-P",
="800000700",="Present",="9/5/2024",="NUR236-P",
="800000700",="Present",="9/12/2024",="NUR236-P",
="800000700",="Present",="9/19/2024",="NUR236-P",
="800000700",="Present",="9/26/2024",="NUR236-P",
="800000700",="Present",="10/3/2024",="NUR236-P",
="800000700",="Present",="10/10/2024",="NUR236-P",
="800000700",="Absent",="10/31/2024",="NUR236-P",
="800000700",="Present",="11/7/2024",="NUR236-P",
="800000700",="Present",="11/14/2024",="NUR236-P",
="800001318",="Present",="8/29/2024",="NUR140-A",
="800001318",="Present",="9/5/2024",="NUR140-A",
="800001318",="Present",="9/12/2024",="NUR140-A",
="800001318",="Present",="9/19/2024",="NUR140-A",
="800001318",="Present",="9/26/2024",="NUR140-A",
="800001318",="Present",="10/3/2024",="NUR140-A",
="800001318",="Present",="10/10/2024",="NUR140-A",
="800001318",="Present",="10/31/2024",="NUR140-A",
="800001318",="Present",="11/7/2024",="NUR140-A",
="800001318",="Present",="11/14/2024",="NUR140-A",
="800001473",="Present",="8/29/2024",="NUR100-L-P2",
="800001473",="Present",="9/5/2024",="NUR100-L-P2",
="800001473",="Present",="9/12/2024",="NUR100-L-P2",
="800001473",="Present",="9/19/2024",="NUR100-L-P2",
="800001473",="Present",="9/26/2024",="NUR100-L-P2",
="800001473",="Present",="10/3/2024",="NUR100-L-P2",
="800001473",="Present",="10/10/2024",="NUR100-L-P2",
="800001473",="Present",="10/17/2024",="NUR100-L-P2",
="800001473",="Present",="10/24/2024",="NUR100-L-P2",
="800001473",="Present",="10/31/2024",="NUR100-L-P2",
="800001473",="Present",="11/7/2024",="NUR100-L-P2",
="800001473",="Present",="11/14/2024",="NUR100-L-P2",
="800001473",="Present",="11/21/2024",="NUR100-L-P2",
="800001473",="Absent",="12/5/2024",="NUR100-L-P2",
="800001473",="Absent",="12/12/2024",="NUR100-L-P2",
="800001473",="Present",="9/1/2024",="COL010 - OL II",
="800001473",="Present",="9/8/2024",="COL010 - OL II",
="800001473",="Present",="9/15/2024",="COL010 - OL II",
="800001473",="Present",="9/22/2024",="COL010 - OL II",
="800001473",="Present",="8/30/2024",="ENG101 -P",
="800001473",="Present",="9/6/2024",="ENG101 -P",
="800001473",="Present",="9/13/2024",="ENG101 -P",
="800001473",="Present",="9/20/2024",="ENG101 -P",
="800001473",="Present",="9/27/2024",="ENG101 -P",
="800001473",="Present",="10/4/2024",="ENG101 -P",
="800001473",="Present",="10/11/2024",="ENG101 -P",
="800001473",="Present",="10/18/2024",="ENG101 -P",
="800001473",="Present",="10/25/2024",="ENG101 -P",
="800001473",="Present",="11/1/2024",="ENG101 -P",
="800001473",="Present",="11/8/2024",="ENG101 -P",
="800001473",="Present",="11/15/2024",="ENG101 -P",
="800001473",="Present",="11/22/2024",="ENG101 -P",
="800001473",="Present",="8/26/2024",="NUR100-P",
="800001473",="Present",="9/9/2024",="NUR100-P",
="800001473",="Present",="9/16/2024",="NUR100-P",
="800001473",="Present",="9/23/2024",="NUR100-P",
="800001473",="Present",="9/30/2024",="NUR100-P",
="800001473",="Present",="10/7/2024",="NUR100-P",
="800001473",="Present",="10/28/2024",="NUR100-P",
="800001473",="Present",="11/4/2024",="NUR100-P",
="800001473",="Present",="11/11/2024",="NUR100-P",
="800001473",="Present",="11/18/2024",="NUR100-P",
="800001473",="Present",="11/25/2024",="NUR100-P",
="800001473",="Present",="12/2/2024",="NUR100-P",
="800001473",="Present",="9/25/2024",="PHARM100-P",
="800001473",="Present",="10/2/2024",="PHARM100-P",
="800001473",="Present",="10/9/2024",="PHARM100-P",
="800001473",="Present",="10/16/2024",="PHARM100-P",
="800001473",="Present",="10/23/2024",="PHARM100-P",
="800001473",="Present",="10/30/2024",="PHARM100-P",
="800001473",="Present",="11/6/2024",="PHARM100-P",
="800001473",="Present",="11/13/2024",="PHARM100-P",
="800001473",="Present",="8/27/2024",="AP100-P",
="800001473",="Present",="9/3/2024",="AP100-P",
="800001473",="Present",="9/10/2024",="AP100-P",
="800001473",="Present",="9/17/2024",="AP100-P",
="800001473",="Present",="9/24/2024",="AP100-P",
="800001473",="Present",="10/1/2024",="AP100-P",
="800001473",="Present",="10/8/2024",="AP100-P",
="800001473",="Present",="10/15/2024",="AP100-P",
="800001473",="Absent",="10/22/2024",="AP100-P",
="800001473",="Present",="10/29/2024",="AP100-P",
="800001473",="Present",="11/5/2024",="AP100-P",
="800001473",="Present",="11/12/2024",="AP100-P",
="800001473",="Present",="11/19/2024",="AP100-P",
="800001473",="Present",="11/26/2024",="AP100-P",
="800001473",="Present",="12/3/2024",="AP100-P",
="800000667",="Present",="8/27/2024",="NUR255 -P",
="800000667",="Present",="8/29/2024",="NUR255 -P",
="800000667",="Present",="9/3/2024",="NUR255 -P",
="800000667",="Present",="9/5/2024",="NUR255 -P",
="800000667",="Present",="9/10/2024",="NUR255 -P",
="800000667",="Present",="9/12/2024",="NUR255 -P",
="800000667",="Present",="9/17/2024",="NUR255 -P",
="800000667",="Present",="9/24/2024",="NUR255 -P",
="800000667",="Present",="9/26/2024",="NUR255 -P",
="800000667",="Present",="10/1/2024",="NUR255 -P",
="800000667",="Present",="10/3/2024",="NUR255 -P",
="800000667",="Present",="10/8/2024",="NUR255 -P",
="800000667",="Present",="8/28/2024",="NUR270-P",
="800000667",="Present",="9/4/2024",="NUR270-P",
="800000667",="Present",="9/11/2024",="NUR270-P",
="800000667",="Present",="9/18/2024",="NUR270-P",
="800000667",="Present",="9/25/2024",="NUR270-P",
="800000667",="Present",="10/2/2024",="NUR270-P",
="800000667",="Present",="10/9/2024",="NUR270-P",
="800000667",="No class",="10/16/2024",="NUR270-P",
="800000667",="No class",="10/23/2024",="NUR270-P",
="800000667",="Present",="10/30/2024",="NUR270-P",
="800000667",="Present",="11/6/2024",="NUR270-P",
="800000667",="Present",="11/13/2024",="NUR270-P",
="800000667",="Present",="11/20/2024",="NUR270-P",
="800000667",="Present",="11/27/2024",="NUR270-P",
="800000667",="Present",="12/4/2024",="NUR270-P",
="800000942",="Present",="10/16/2024",="NUR150-C-A2",
="800000942",="Present",="10/23/2024",="NUR150-C-A2",
="800000942",="Present",="12/4/2024",="NUR150-C-A2",
="800000942",="Present",="12/11/2024",="NUR150-C-A2",
="800000942",="Present",="10/16/2024",="NUR150 -L-A",
="800000942",="Present",="10/23/2024",="NUR150 -L-A",
="800000942",="Present",="12/4/2024",="NUR150 -L-A",
="800000942",="Present",="12/11/2024",="NUR150 -L-A",
="800000942",="Absent",="8/28/2024",="NUR150 -A",
="800000942",="Present",="9/4/2024",="NUR150 -A",
="800000942",="Present",="9/11/2024",="NUR150 -A",
="800000942",="Present",="9/18/2024",="NUR150 -A",
="800000942",="Present",="10/2/2024",="NUR150 -A",
="800000942",="Present",="10/9/2024",="NUR150 -A",
="800000942",="Present",="10/30/2024",="NUR150 -A",
="800000942",="Present",="11/6/2024",="NUR150 -A",
="800000942",="Present",="11/13/2024",="NUR150 -A",
="800000942",="Present",="11/20/2024",="NUR150 -A",
="800000762",="Present",="8/29/2024",="NUR225-P",
="800000762",="Present",="9/12/2024",="NUR225-L-P1",
="800000762",="Present",="9/26/2024",="NUR225-L-P1",
="800000762",="Present",="11/7/2024",="NUR225-L-P1",
="800000762",="Present",="11/14/2024",="NUR225-L-P1",
="800000762",="Present",="10/14/2024",="NUR225-C-P1",
="800000762",="Present",="10/17/2024",="NUR225-C-P1",
="800000762",="Present",="10/21/2024",="NUR225-C-P1",
="800000762",="Present",="10/24/2024",="NUR225-C-P1",
="800000762",="Present",="12/2/2024",="NUR225-C-P1",
="800000762",="Present",="12/9/2024",="NUR225-C-P1",
="800000762",="Present",="8/27/2024",="NUR245 - P",
="800000762",="Present",="9/3/2024",="NUR245 - P",
="800000762",="Present",="9/10/2024",="NUR245 - P",
="800000762",="Present",="9/17/2024",="NUR245 - P",
="800000762",="Present",="9/24/2024",="NUR245 - P",
="800000762",="Present",="10/1/2024",="NUR245 - P",
="800000762",="Present",="10/29/2024",="NUR245 - P",
="800000762",="Present",="11/5/2024",="NUR245 - P",
="800000762",="Present",="11/12/2024",="NUR245 - P",
="800000762",="Present",="11/19/2024",="NUR245 - P",
="800000762",="Present",="11/26/2024",="NUR245 - P",
="800000762",="Present",="10/17/2024",="NUR245-C-P1",
="800000762",="Present",="12/5/2024",="NUR245-C-P1",
="800000762",="Present",="9/1/2024",="NUR303",
="800000762",="Present",="9/8/2024",="NUR303",
="800000762",="Present",="9/15/2024",="NUR303",
="800000762",="Present",="9/22/2024",="NUR303",
="800000762",="Present",="9/29/2024",="NUR303",
="800000762",="Present",="10/6/2024",="NUR303",
="800000762",="Present",="10/13/2024",="NUR303",
="800000762",="Present",="10/20/2024",="NUR303",
="800001368",="Present",="8/28/2024",="PHARM130-P",
="800001368",="Present",="9/4/2024",="PHARM130-P",
="800001368",="Present",="9/11/2024",="PHARM130-P",
="800001368",="Present",="9/18/2024",="PHARM130-P",
="800001368",="Present",="9/25/2024",="PHARM130-P",
="800001368",="Present",="10/2/2024",="PHARM130-P",
="800001368",="Tardy/Late",="10/9/2024",="PHARM130-P",
="800001368",="Present",="10/16/2024",="PHARM130-P",
="800001368",="Present",="10/23/2024",="PHARM130-P",
="800001368",="Present",="10/30/2024",="PHARM130-P",
="800001368",="Present",="11/6/2024",="PHARM130-P",
="800001368",="Present",="11/13/2024",="PHARM130-P",
="800001368",="Present",="11/20/2024",="PHARM130-P",
="800001368",="Present",="9/1/2024",="NUT100 -OL",
="800001368",="Present",="9/8/2024",="NUT100 -OL",
="800001368",="Present",="9/15/2024",="NUT100 -OL",
="800001368",="Present",="9/22/2024",="NUT100 -OL",
="800001368",="Present",="9/29/2024",="NUT100 -OL",
="800001368",="Present",="10/6/2024",="NUT100 -OL",
="800001368",="Present",="10/13/2024",="NUT100 -OL",
="800001368",="Present",="10/20/2024",="NUT100 -OL",
="800001368",="Present",="10/27/2024",="NUT100 -OL",
="800001368",="Present",="11/3/2024",="NUT100 -OL",
="800001368",="Present",="11/10/2024",="NUT100 -OL",
="800001368",="Present",="11/17/2024",="NUT100 -OL",
="800001368",="Present",="11/24/2024",="NUT100 -OL",
="800001368",="Present",="12/1/2024",="NUT100 -OL",
="800001368",="Present",="8/27/2024",="NUR125-A",
="800001368",="Present",="9/3/2024",="NUR125-A",
="800001368",="Present",="9/10/2024",="NUR125-A",
="800001368",="Present",="9/17/2024",="NUR125-A",
="800001368",="Present",="9/24/2024",="NUR125-A",
="800001368",="Present",="10/1/2024",="NUR125-A",
="800001368",="Present",="10/8/2024",="NUR125-A",
="800001368",="Present",="10/29/2024",="NUR125-A",
="800001368",="Present",="11/5/2024",="NUR125-A",
="800001368",="Present",="11/19/2024",="NUR125-A",
="800001368",="Present",="11/26/2024",="NUR125-A",
="800001279",="Absent",="8/26/2024",="PHARM225-P_ A",
="800001279",="Present",="9/9/2024",="PHARM225-P_ A",
="800001279",="Absent",="9/16/2024",="PHARM225-P_ A",
="800001279",="Absent",="9/23/2024",="PHARM225-P_ A",
="800001279",="Present",="9/30/2024",="PHARM225-P_ A",
="800001279",="Present",="10/7/2024",="PHARM225-P_ A",
="800001279",="Present",="10/14/2024",="PHARM225-P_ A",
="800001279",="Present",="10/21/2024",="PHARM225-P_ A",
="800001279",="Present",="10/28/2024",="PHARM225-P_ A",
="800001279",="Present",="11/4/2024",="PHARM225-P_ A",
="800001279",="Present",="11/11/2024",="PHARM225-P_ A",
="800001279",="Present",="11/18/2024",="PHARM225-P_ A",
="800001279",="Present",="12/2/2024",="PHARM225-P_ A",
="800001279",="Present",="8/29/2024",="NUR236-P",
="800001279",="Present",="9/5/2024",="NUR236-P",
="800001279",="Present",="9/12/2024",="NUR236-P",
="800001279",="Present",="9/19/2024",="NUR236-P",
="800001279",="Present",="9/26/2024",="NUR236-P",
="800001279",="Present",="10/3/2024",="NUR236-P",
="800001279",="Present",="10/10/2024",="NUR236-P",
="800001279",="Present",="10/31/2024",="NUR236-P",
="800001279",="Present",="11/7/2024",="NUR236-P",
="800001279",="Present",="11/14/2024",="NUR236-P",
="800001279",="Present",="9/12/2024",="NUR236-L-P1",
="800001279",="Present",="9/26/2024",="NUR236-L-P1",
="800001279",="Present",="11/7/2024",="NUR236-L-P1",
="800001279",="Present",="11/14/2024",="NUR236-L-P1",
="800001417",="Present",="9/1/2024",="NUT100 -OL",
="800001417",="Present",="9/8/2024",="NUT100 -OL",
="800001417",="Present",="9/15/2024",="NUT100 -OL",
="800001417",="Present",="9/22/2024",="NUT100 -OL",
="800001417",="Present",="9/29/2024",="NUT100 -OL",
="800001417",="Present",="10/6/2024",="NUT100 -OL",
="800001417",="Present",="10/13/2024",="NUT100 -OL",
="800001417",="Present",="10/20/2024",="NUT100 -OL",
="800001417",="Present",="10/27/2024",="NUT100 -OL",
="800001417",="Present",="11/3/2024",="NUT100 -OL",
="800001417",="Present",="11/10/2024",="NUT100 -OL",
="800001417",="Present",="11/17/2024",="NUT100 -OL",
="800001417",="Present",="11/24/2024",="NUT100 -OL",
="800001417",="Present",="12/1/2024",="NUT100 -OL",
="800000934",="Present",="8/27/2024",="MCB100 -A",
="800000934",="Present",="9/3/2024",="MCB100 -A",
="800000934",="Present",="9/10/2024",="MCB100 -A",
="800000934",="Present",="9/17/2024",="MCB100 -A",
="800000934",="Present",="9/24/2024",="MCB100 -A",
="800000934",="Present",="10/1/2024",="MCB100 -A",
="800000934",="Present",="10/8/2024",="MCB100 -A",
="800000934",="Present",="10/15/2024",="MCB100 -A",
="800000934",="Present",="10/22/2024",="MCB100 -A",
="800000934",="Present",="10/29/2024",="MCB100 -A",
="800000934",="Present",="11/5/2024",="MCB100 -A",
="800000934",="Present",="11/12/2024",="MCB100 -A",
="800000934",="Present",="11/19/2024",="MCB100 -A",
="800000934",="Present",="11/26/2024",="MCB100 -A",
="800000934",="Present",="12/3/2024",="MCB100 -A",
="800001279",="Present",="8/28/2024",="PHARM225-P_B",
="800001279",="Present",="9/4/2024",="PHARM225-P_B",
="800001279",="Present",="9/11/2024",="PHARM225-P_B",
="800001279",="Present",="9/18/2024",="PHARM225-P_B",
="800001279",="Present",="9/25/2024",="PHARM225-P_B",
="800001279",="Present",="10/2/2024",="PHARM225-P_B",
="800001279",="Present",="10/9/2024",="PHARM225-P_B",
="800001279",="Present",="10/16/2024",="PHARM225-P_B",
="800001279",="Present",="10/23/2024",="PHARM225-P_B",
="800001279",="Present",="10/30/2024",="PHARM225-P_B",
="800001279",="Present",="11/6/2024",="PHARM225-P_B",
="800001279",="Absent",="11/13/2024",="PHARM225-P_B",
="800001279",="Present",="11/20/2024",="PHARM225-P_B",
="800000916",="Present",="8/29/2024",="NUR140-A",
="800000916",="Present",="9/5/2024",="NUR140-A",
="800000916",="Present",="9/12/2024",="NUR140-A",
="800000916",="Present",="9/19/2024",="NUR140-A",
="800000916",="Present",="9/26/2024",="NUR140-A",
="800000916",="Present",="10/3/2024",="NUR140-A",
="800000916",="Present",="10/10/2024",="NUR140-A",
="800000916",="Absent",="10/31/2024",="NUR140-A",
="800000916",="Present",="11/7/2024",="NUR140-A",
="800000916",="Present",="11/14/2024",="NUR140-A",
="800000916",="Present",="12/6/2024",="NUR140 -C-P1",
="800000916",="Present",="12/13/2024",="NUR140 -C-P1",
="800001403",="Present",="8/27/2024",="AP100-A",
="800001403",="Present",="9/3/2024",="AP100-A",
="800001403",="Present",="9/10/2024",="AP100-A",
="800001403",="Present",="9/17/2024",="AP100-A",
="800001403",="Present",="9/24/2024",="AP100-A",
="800001403",="Present",="10/1/2024",="AP100-A",
="800001403",="Present",="10/8/2024",="AP100-A",
="800001403",="Present",="10/15/2024",="AP100-A",
="800001403",="Present",="10/22/2024",="AP100-A",
="800001403",="Present",="10/29/2024",="AP100-A",
="800001403",="Present",="11/5/2024",="AP100-A",
="800001403",="Present",="11/12/2024",="AP100-A",
="800001403",="Present",="11/19/2024",="AP100-A",
="800001403",="Present",="11/26/2024",="AP100-A",
="800001403",="Present",="12/3/2024",="AP100-A",
="800001403",="Present",="8/27/2024",="NUR100-L-A1",
="800001403",="Present",="9/3/2024",="NUR100-L-A1",
="800001403",="Present",="9/10/2024",="NUR100-L-A1",
="800001403",="Present",="9/17/2024",="NUR100-L-A1",
="800001403",="Present",="9/24/2024",="NUR100-L-A1",
="800001403",="Present",="10/1/2024",="NUR100-L-A1",
="800001403",="Present",="10/8/2024",="NUR100-L-A1",
="800001403",="Present",="10/15/2024",="NUR100-L-A1",
="800001403",="Present",="10/22/2024",="NUR100-L-A1",
="800001403",="Present",="10/29/2024",="NUR100-L-A1",
="800001403",="Present",="11/5/2024",="NUR100-L-A1",
="800001403",="Present",="11/12/2024",="NUR100-L-A1",
="800001403",="Present",="11/19/2024",="NUR100-L-A1",
="800001403",="Present",="11/26/2024",="NUR100-L-A1",
="800001403",="Present",="12/3/2024",="NUR100-L-A1",
="800001403",="Present",="12/10/2024",="NUR100-L-A1",
="800001403",="Present",="10/15/2024",="NUR100-C-A1",
="800001403",="Present",="12/3/2024",="NUR100-C-A1",
="800001403",="Present",="9/1/2024",="NUT100 -OL",
="800001403",="Present",="9/8/2024",="NUT100 -OL",
="800001403",="Present",="9/15/2024",="NUT100 -OL",
="800001403",="Present",="9/22/2024",="NUT100 -OL",
="800001403",="Present",="9/29/2024",="NUT100 -OL",
="800001403",="Present",="10/6/2024",="NUT100 -OL",
="800001403",="Present",="10/13/2024",="NUT100 -OL",
="800001403",="Absent",="10/20/2024",="NUT100 -OL",
="800001403",="Present",="10/27/2024",="NUT100 -OL",
="800001403",="Present",="11/3/2024",="NUT100 -OL",
="800001403",="Absent",="11/10/2024",="NUT100 -OL",
="800001403",="Present",="11/17/2024",="NUT100 -OL",
="800001403",="Present",="11/24/2024",="NUT100 -OL",
="800001403",="Present",="12/1/2024",="NUT100 -OL",
="800001403",="Present",="8/26/2024",="NUR100 -A",
="800001403",="Present",="9/9/2024",="NUR100 -A",
="800001403",="Present",="9/16/2024",="NUR100 -A",
="800001403",="Present",="9/23/2024",="NUR100 -A",
="800001403",="Absent",="9/30/2024",="NUR100 -A",
="800001403",="Present",="10/7/2024",="NUR100 -A",
="800001403",="Present",="10/28/2024",="NUR100 -A",
="800001403",="Present",="11/4/2024",="NUR100 -A",
="800001403",="Present",="11/11/2024",="NUR100 -A",
="800001403",="Present",="11/18/2024",="NUR100 -A",
="800001403",="Present",="11/25/2024",="NUR100 -A",
="800001403",="Present",="12/2/2024",="NUR100 -A",
="800001094",="Present",="10/18/2024",="NUR120-C-A1",
="800001094",="Present",="10/19/2024",="NUR120-C-A1",
="800001094",="Present",="10/25/2024",="NUR120-C-A1",
="800001094",="Present",="10/26/2024",="NUR120-C-A1",
="800001094",="Present",="12/5/2024",="NUR120-C-A1",
="800001094",="Present",="12/6/2024",="NUR120-C-A1",
="800001094",="Present",="9/13/2024",="NUR120-L-A1",
="800001094",="Present",="9/20/2024",="NUR120-L-A1",
="800001094",="Present",="10/11/2024",="NUR120-L-A1",
="800001094",="Present",="10/18/2024",="NUR120-L-A1",
="800001094",="Present",="11/1/2024",="NUR120-L-A1",
="800001094",="Absent",="11/8/2024",="NUR120-L-A1",
="800001094",="Present",="12/6/2024",="NUR120-L-A1",
="800001094",="Present",="8/27/2024",="NUR125-A",
="800001094",="Present",="9/3/2024",="NUR125-A",
="800001094",="Present",="9/10/2024",="NUR125-A",
="800001094",="Present",="9/17/2024",="NUR125-A",
="800001094",="Present",="9/24/2024",="NUR125-A",
="800001094",="Present",="10/1/2024",="NUR125-A",
="800001094",="Present",="10/8/2024",="NUR125-A",
="800001094",="Present",="10/29/2024",="NUR125-A",
="800001094",="Present",="11/5/2024",="NUR125-A",
="800001094",="Present",="11/19/2024",="NUR125-A",
="800001094",="Present",="11/26/2024",="NUR125-A",
="800001094",="Present",="9/1/2024",="NUT100 -OL",
="800001094",="Present",="9/8/2024",="NUT100 -OL",
="800001094",="Present",="9/15/2024",="NUT100 -OL",
="800001094",="Present",="9/22/2024",="NUT100 -OL",
="800001094",="Absent",="9/29/2024",="NUT100 -OL",
="800001094",="Present",="10/6/2024",="NUT100 -OL",
="800001094",="Present",="10/13/2024",="NUT100 -OL",
="800001094",="Absent",="10/20/2024",="NUT100 -OL",
="800001094",="Present",="10/27/2024",="NUT100 -OL",
="800001094",="Present",="11/3/2024",="NUT100 -OL",
="800001094",="Present",="11/10/2024",="NUT100 -OL",
="800001094",="Present",="11/17/2024",="NUT100 -OL",
="800001094",="Present",="11/24/2024",="NUT100 -OL",
="800001094",="Present",="12/1/2024",="NUT100 -OL",
="800001094",="Present",="9/3/2024",="NUR125-L-A1",
="800001094",="Present",="9/10/2024",="NUR125-L-A1",
="800001094",="Present",="9/17/2024",="NUR125-L-A1",
="800001094",="Present",="9/24/2024",="NUR125-L-A1",
="800001094",="Present",="10/1/2024",="NUR125-L-A1",
="800001094",="Present",="10/8/2024",="NUR125-L-A1",
="800001094",="Present",="10/15/2024",="NUR125-L-A1",
="800001094",="Present",="10/22/2024",="NUR125-L-A1",
="800001094",="Present",="11/5/2024",="NUR125-L-A1",
="800001094",="Present",="11/12/2024",="NUR125-L-A1",
="800001094",="Present",="11/19/2024",="NUR125-L-A1",
="800001094",="Present",="11/26/2024",="NUR125-L-A1",
="800001094",="Present",="12/3/2024",="NUR125-L-A1",
="800001094",="Present",="8/27/2024",="NUR120-A",
="800001094",="Present",="9/3/2024",="NUR120-A",
="800001094",="Present",="9/10/2024",="NUR120-A",
="800001094",="Present",="9/17/2024",="NUR120-A",
="800001094",="Present",="9/24/2024",="NUR120-A",
="800001094",="Present",="10/1/2024",="NUR120-A",
="800001094",="Present",="10/8/2024",="NUR120-A",
="800001094",="Present",="10/29/2024",="NUR120-A",
="800001094",="Present",="11/5/2024",="NUR120-A",
="800001094",="Present",="11/12/2024",="NUR120-A",
="800001094",="Present",="11/19/2024",="NUR120-A",
="800001094",="Absent",="11/26/2024",="NUR120-A",
="800001300",="Present",="8/29/2024",="NUR140-A",
="800001300",="Present",="9/5/2024",="NUR140-A",
="800001300",="Present",="9/12/2024",="NUR140-A",
="800001300",="Present",="9/19/2024",="NUR140-A",
="800001300",="Present",="9/26/2024",="NUR140-A",
="800001300",="Present",="10/3/2024",="NUR140-A",
="800001300",="Present",="10/10/2024",="NUR140-A",
="800001300",="Present",="10/31/2024",="NUR140-A",
="800001300",="Present",="11/7/2024",="NUR140-A",
="800001300",="Absent",="11/14/2024",="NUR140-A",
="800001300",="Present",="8/28/2024",="PHARM130-P",
="800001300",="Present",="9/4/2024",="PHARM130-P",
="800001300",="Present",="9/11/2024",="PHARM130-P",
="800001300",="Present",="9/18/2024",="PHARM130-P",
="800001300",="Present",="9/25/2024",="PHARM130-P",
="800001300",="Present",="10/2/2024",="PHARM130-P",
="800001300",="Absent",="10/9/2024",="PHARM130-P",
="800001300",="Present",="10/16/2024",="PHARM130-P",
="800001300",="Absent",="10/23/2024",="PHARM130-P",
="800001300",="Absent",="10/30/2024",="PHARM130-P",
="800001292",="Absent",="8/28/2024",="PHARM130-P",
="800001292",="Present",="9/4/2024",="PHARM130-P",
="800001292",="Present",="9/11/2024",="PHARM130-P",
="800001292",="Present",="9/18/2024",="PHARM130-P",
="800001292",="Present",="9/25/2024",="PHARM130-P",
="800001292",="Present",="10/2/2024",="PHARM130-P",
="800001292",="Present",="10/9/2024",="PHARM130-P",
="800001292",="Present",="10/16/2024",="PHARM130-P",
="800001292",="Present",="10/23/2024",="PHARM130-P",
="800001292",="Present",="10/30/2024",="PHARM130-P",
="800001292",="Present",="11/6/2024",="PHARM130-P",
="800001292",="Present",="11/13/2024",="PHARM130-P",
="800001292",="Present",="11/20/2024",="PHARM130-P",
="800001292",="Present",="8/27/2024",="NUR125-A",
="800001292",="Present",="9/3/2024",="NUR125-A",
="800001292",="Present",="9/10/2024",="NUR125-A",
="800001292",="Present",="9/17/2024",="NUR125-A",
="800001292",="Present",="9/24/2024",="NUR125-A",
="800001292",="Present",="10/1/2024",="NUR125-A",
="800001292",="Present",="10/8/2024",="NUR125-A",
="800001292",="Present",="10/29/2024",="NUR125-A",
="800001292",="Present",="11/5/2024",="NUR125-A",
="800001292",="Present",="11/19/2024",="NUR125-A",
="800001292",="Present",="11/26/2024",="NUR125-A",
="800001292",="Present",="9/3/2024",="NUR125-L-A1",
="800001292",="Present",="9/10/2024",="NUR125-L-A1",
="800001292",="Present",="9/17/2024",="NUR125-L-A1",
="800001292",="Present",="9/24/2024",="NUR125-L-A1",
="800001292",="Present",="10/1/2024",="NUR125-L-A1",
="800001292",="Present",="10/8/2024",="NUR125-L-A1",
="800001292",="Present",="10/15/2024",="NUR125-L-A1",
="800001292",="Present",="10/22/2024",="NUR125-L-A1",
="800001292",="Present",="11/5/2024",="NUR125-L-A1",
="800001292",="Present",="11/12/2024",="NUR125-L-A1",
="800001292",="Present",="11/19/2024",="NUR125-L-A1",
="800001292",="Present",="11/26/2024",="NUR125-L-A1",
="800001292",="Present",="12/3/2024",="NUR125-L-A1",
="800001268",="Present",="8/29/2024",="NUR145 - A",
="800001268",="Present",="9/5/2024",="NUR145 - A",
="800001268",="Present",="9/12/2024",="NUR145 - A",
="800001268",="Present",="9/19/2024",="NUR145 - A",
="800001268",="Present",="9/26/2024",="NUR145 - A",
="800001268",="Present",="10/3/2024",="NUR145 - A",
="800001268",="Present",="10/10/2024",="NUR145 - A",
="800001268",="Present",="10/31/2024",="NUR145 - A",
="800001268",="Present",="11/7/2024",="NUR145 - A",
="800001268",="Present",="11/14/2024",="NUR145 - A",
="800001268",="Present",="10/17/2024",="NUR145-L-A",
="800001268",="Present",="10/24/2024",="NUR145-L-A",
="800001268",="Present",="8/29/2024",="NUR140-A",
="800001268",="Present",="9/5/2024",="NUR140-A",
="800001268",="Present",="9/12/2024",="NUR140-A",
="800001268",="Present",="9/19/2024",="NUR140-A",
="800001268",="Present",="9/26/2024",="NUR140-A",
="800001268",="Present",="10/3/2024",="NUR140-A",
="800001268",="Present",="10/10/2024",="NUR140-A",
="800001268",="Present",="10/31/2024",="NUR140-A",
="800001268",="Present",="11/7/2024",="NUR140-A",
="800001268",="Present",="11/14/2024",="NUR140-A",
="800001268",="Present",="10/15/2024",="NUR145-S-A2",
="800001268",="Present",="12/3/2024",="NUR145-S-A2",
="800001268",="Present",="12/7/2024",="NUR140-C-P2",
="800000671",="Present",="10/16/2024",="NUR265-C-P2",
="800000671",="Present",="10/23/2024",="NUR265-C-P2",
="800000671",="Present",="8/26/2024",="NUR265 -P",
="800000671",="Present",="9/9/2024",="NUR265 -P",
="800000671",="Present",="9/16/2024",="NUR265 -P",
="800000671",="Present",="9/23/2024",="NUR265 -P",
="800000671",="Present",="9/30/2024",="NUR265 -P",
="800000671",="Present",="10/7/2024",="NUR265 -P",
="800000671",="Present",="10/14/2024",="NUR265 -P",
="800000671",="Present",="10/21/2024",="NUR265 -P",
="800000671",="Present",="8/28/2024",="NUR270-P",
="800000671",="Present",="9/4/2024",="NUR270-P",
="800000671",="Present",="9/11/2024",="NUR270-P",
="800000671",="Present",="9/18/2024",="NUR270-P",
="800000671",="Present",="9/25/2024",="NUR270-P",
="800000671",="Present",="10/2/2024",="NUR270-P",
="800000671",="Present",="10/9/2024",="NUR270-P",
="800000671",="No class",="10/16/2024",="NUR270-P",
="800000671",="No class",="10/23/2024",="NUR270-P",
="800000671",="Present",="10/30/2024",="NUR270-P",
="800000671",="Present",="11/6/2024",="NUR270-P",
="800000671",="Present",="11/13/2024",="NUR270-P",
="800000671",="Present",="11/20/2024",="NUR270-P",
="800000671",="Present",="11/27/2024",="NUR270-P",
="800000671",="Present",="12/4/2024",="NUR270-P",
="800000671",="Present",="8/27/2024",="NUR255 -P",
="800000671",="Present",="8/29/2024",="NUR255 -P",
="800000671",="Present",="9/3/2024",="NUR255 -P",
="800000671",="Present",="9/5/2024",="NUR255 -P",
="800000671",="Present",="9/10/2024",="NUR255 -P",
="800000671",="Present",="9/12/2024",="NUR255 -P",
="800000671",="Present",="9/17/2024",="NUR255 -P",
="800000671",="Present",="9/24/2024",="NUR255 -P",
="800000671",="Present",="9/26/2024",="NUR255 -P",
="800000671",="Present",="10/1/2024",="NUR255 -P",
="800000671",="Present",="10/3/2024",="NUR255 -P",
="800000671",="Present",="10/8/2024",="NUR255 -P",
="800001331",="Present",="10/16/2024",="NUR150 -L-A",
="800001331",="Present",="10/23/2024",="NUR150 -L-A",
="800001331",="Present",="12/4/2024",="NUR150 -L-A",
="800001331",="Present",="12/11/2024",="NUR150 -L-A",
="800001331",="Present",="8/29/2024",="NUR140-A",
="800001331",="Present",="9/5/2024",="NUR140-A",
="800001331",="Present",="9/12/2024",="NUR140-A",
="800001331",="Present",="9/19/2024",="NUR140-A",
="800001331",="Present",="9/26/2024",="NUR140-A",
="800001331",="Present",="10/3/2024",="NUR140-A",
="800001331",="Present",="10/10/2024",="NUR140-A",
="800001331",="Present",="10/31/2024",="NUR140-A",
="800001331",="Present",="11/7/2024",="NUR140-A",
="800001331",="Absent",="11/14/2024",="NUR140-A",
="800001331",="Present",="8/29/2024",="NUR145 - A",
="800001331",="Present",="9/5/2024",="NUR145 - A",
="800001331",="Present",="9/12/2024",="NUR145 - A",
="800001331",="Present",="9/19/2024",="NUR145 - A",
="800001331",="Present",="9/26/2024",="NUR145 - A",
="800001331",="Present",="10/3/2024",="NUR145 - A",
="800001331",="Present",="10/10/2024",="NUR145 - A",
="800001331",="Present",="10/31/2024",="NUR145 - A",
="800001331",="Present",="11/7/2024",="NUR145 - A",
="800001331",="Present",="11/14/2024",="NUR145 - A",
="800001331",="Present",="10/17/2024",="NUR145-L-A",
="800001331",="Present",="10/24/2024",="NUR145-L-A",
="800001331",="Present",="8/28/2024",="NUR150 -A",
="800001331",="Present",="9/4/2024",="NUR150 -A",
="800001331",="Present",="9/11/2024",="NUR150 -A",
="800001331",="Present",="9/18/2024",="NUR150 -A",
="800001331",="Present",="9/25/2024",="NUR150 -A",
="800001331",="Present",="10/2/2024",="NUR150 -A",
="800001331",="Present",="10/9/2024",="NUR150 -A",
="800001331",="Present",="10/30/2024",="NUR150 -A",
="800001331",="Present",="11/6/2024",="NUR150 -A",
="800001331",="Present",="11/13/2024",="NUR150 -A",
="800001331",="Present",="11/20/2024",="NUR150 -A",
="800001331",="Present",="12/4/2024",="NUR150 -A",
="800001331",="Present",="10/15/2024",="NUR145-S-A2",
="800001331",="Present",="12/3/2024",="NUR145-S-A2",
="800000879",="Present",="8/29/2024",="NUR145 - A",
="800000879",="Present",="9/5/2024",="NUR145 - A",
="800000879",="Present",="9/12/2024",="NUR145 - A",
="800000879",="Present",="9/19/2024",="NUR145 - A",
="800000879",="Present",="9/26/2024",="NUR145 - A",
="800000879",="Present",="10/3/2024",="NUR145 - A",
="800000879",="Present",="10/10/2024",="NUR145 - A",
="800000879",="Present",="10/31/2024",="NUR145 - A",
="800000879",="Present",="11/7/2024",="NUR145 - A",
="800000879",="Present",="11/14/2024",="NUR145 - A",
="800000879",="Present",="10/15/2024",="NUR145-S-A2",
="800000879",="Present",="12/3/2024",="NUR145-S-A2",
="800000879",="Present",="10/17/2024",="NUR145-L-A",
="800000879",="Present",="10/24/2024",="NUR145-L-A",
="800001444",="Present",="8/26/2024",="NUR100-P",
="800001444",="Present",="9/9/2024",="NUR100-P",
="800001444",="Present",="9/16/2024",="NUR100-P",
="800001444",="Present",="9/23/2024",="NUR100-P",
="800001444",="Absent",="9/30/2024",="NUR100-P",
="800000722",="Present",="9/5/2024",="NUR125-L-P1",
="800000722",="Absent",="9/12/2024",="NUR125-L-P1",
="800000722",="Present",="9/19/2024",="NUR125-L-P1",
="800000722",="Present",="9/26/2024",="NUR125-L-P1",
="800000722",="Present",="10/3/2024",="NUR125-L-P1",
="800000722",="Present",="10/10/2024",="NUR125-L-P1",
="800000722",="Present",="10/17/2024",="NUR125-L-P1",
="800000722",="Present",="10/31/2024",="NUR125-L-P1",
="800000722",="Present",="11/7/2024",="NUR125-L-P1",
="800000722",="Present",="11/14/2024",="NUR125-L-P1",
="800000722",="Present",="8/29/2024",="NUR125-P",
="800000722",="Present",="9/5/2024",="NUR125-P",
="800000722",="Present",="9/12/2024",="NUR125-P",
="800000722",="Present",="9/19/2024",="NUR125-P",
="800000722",="Present",="9/26/2024",="NUR125-P",
="800000722",="Present",="10/3/2024",="NUR125-P",
="800000722",="Present",="10/10/2024",="NUR125-P",
="800000722",="Present",="10/31/2024",="NUR125-P",
="800000722",="Present",="11/7/2024",="NUR125-P",
="800000722",="Present",="11/14/2024",="NUR125-P",
="800000722",="Present",="11/21/2024",="NUR125-P",
="800001279",="Present",="8/27/2024",="MCB100 -A",
="800001279",="Present",="9/3/2024",="MCB100 -A",
="800001279",="Present",="9/10/2024",="MCB100 -A",
="800001279",="Present",="9/17/2024",="MCB100 -A",
="800001279",="Present",="9/24/2024",="MCB100 -A",
="800001279",="Present",="10/1/2024",="MCB100 -A",
="800001279",="Present",="10/8/2024",="MCB100 -A",
="800001279",="Present",="10/15/2024",="MCB100 -A",
="800001279",="Present",="10/22/2024",="MCB100 -A",
="800001279",="Present",="10/29/2024",="MCB100 -A",
="800001279",="Present",="11/5/2024",="MCB100 -A",
="800001279",="Present",="11/12/2024",="MCB100 -A",
="800001279",="Present",="11/19/2024",="MCB100 -A",
="800001279",="Present",="11/26/2024",="MCB100 -A",
="800001279",="Present",="12/3/2024",="MCB100 -A",
="800001359",="Present",="9/5/2024",="NUR205-L-P1",
="800001359",="Present",="9/12/2024",="NUR205-L-P1",
="800001359",="Present",="9/19/2024",="NUR205-L-P1",
="800001359",="Present",="9/26/2024",="NUR205-L-P1",
="800001359",="Present",="10/3/2024",="NUR205-L-P1",
="800001359",="Present",="10/10/2024",="NUR205-L-P1",
="800001359",="Present",="10/17/2024",="NUR205-L-P1",
="800001359",="Present",="10/24/2024",="NUR205-L-P1",
="800001359",="Present",="10/31/2024",="NUR205-L-P1",
="800001359",="Present",="11/7/2024",="NUR205-L-P1",
="800001359",="Present",="11/14/2024",="NUR205-L-P1",
="800001359",="Present",="11/21/2024",="NUR205-L-P1",
="800001359",="Present",="8/27/2024",="NUR216 -P",
="800001359",="Present",="9/3/2024",="NUR216 -P",
="800001359",="Present",="9/10/2024",="NUR216 -P",
="800001359",="Present",="9/17/2024",="NUR216 -P",
="800001359",="Present",="9/24/2024",="NUR216 -P",
="800001359",="Present",="10/1/2024",="NUR216 -P",
="800001359",="Present",="10/8/2024",="NUR216 -P",
="800001359",="Absent",="10/29/2024",="NUR216 -P",
="800001359",="Present",="11/5/2024",="NUR216 -P",
="800001359",="Present",="11/12/2024",="NUR216 -P",
="800001359",="Present",="11/26/2024",="NUR216 -P",
="800001359",="Present",="8/29/2024",="NUR205 -P",
="800001359",="Present",="9/5/2024",="NUR205 -P",
="800001359",="Present",="9/12/2024",="NUR205 -P",
="800001359",="Present",="9/19/2024",="NUR205 -P",
="800001359",="Present",="9/26/2024",="NUR205 -P",
="800001359",="Present",="10/3/2024",="NUR205 -P",
="800001359",="Present",="10/10/2024",="NUR205 -P",
="800001359",="Present",="10/31/2024",="NUR205 -P",
="800001359",="Present",="11/7/2024",="NUR205 -P",
="800001359",="Present",="11/14/2024",="NUR205 -P",
="800001359",="Present",="10/19/2024",="NUR216-C-P1",
="800001359",="Present",="10/26/2024",="NUR216-C-P1",
="800001359",="Present",="12/7/2024",="NUR216-C-P1",
="800001359",="Present",="10/2/2024",="NUR216-L-P1",
="800001359",="Present",="10/9/2024",="NUR216-L-P1",
="800001359",="Present",="11/13/2024",="NUR216-L-P1",
="800001359",="Present",="11/27/2024",="NUR216-L-P1",
="800001359",="Present",="8/26/2024",="PHARM225-P_ A",
="800001359",="Present",="9/9/2024",="PHARM225-P_ A",
="800001359",="Present",="9/16/2024",="PHARM225-P_ A",
="800001359",="Present",="9/23/2024",="PHARM225-P_ A",
="800001359",="Present",="9/30/2024",="PHARM225-P_ A",
="800001359",="Present",="10/7/2024",="PHARM225-P_ A",
="800001359",="Present",="10/14/2024",="PHARM225-P_ A",
="800001359",="Present",="10/21/2024",="PHARM225-P_ A",
="800001359",="Tardy/Late",="10/28/2024",="PHARM225-P_ A",
="800001359",="Present",="11/4/2024",="PHARM225-P_ A",
="800001359",="Present",="11/11/2024",="PHARM225-P_ A",
="800001359",="Absent",="11/18/2024",="PHARM225-P_ A",
="800001359",="Present",="12/2/2024",="PHARM225-P_ A",
="800001030",="Present",="8/27/2024",="NUR125-A",
="800001030",="Present",="9/3/2024",="NUR125-A",
="800001030",="Present",="9/10/2024",="NUR125-A",
="800001030",="Absent",="9/17/2024",="NUR125-A",
="800001030",="Present",="9/24/2024",="NUR125-A",
="800001030",="Present",="10/1/2024",="NUR125-A",
="800001030",="Present",="10/8/2024",="NUR125-A",
="800001030",="Present",="10/29/2024",="NUR125-A",
="800001030",="Present",="11/5/2024",="NUR125-A",
="800001030",="Present",="11/19/2024",="NUR125-A",
="800001030",="Present",="11/26/2024",="NUR125-A",
="800001030",="Present",="9/3/2024",="NUR125-L-A1",
="800001030",="Present",="9/10/2024",="NUR125-L-A1",
="800001030",="Present",="9/17/2024",="NUR125-L-A1",
="800001030",="Present",="9/24/2024",="NUR125-L-A1",
="800001030",="Present",="10/1/2024",="NUR125-L-A1",
="800001030",="Present",="10/8/2024",="NUR125-L-A1",
="800001030",="Present",="10/15/2024",="NUR125-L-A1",
="800001030",="Present",="10/22/2024",="NUR125-L-A1",
="800001030",="Present",="10/29/2024",="NUR125-L-A1",
="800001030",="Present",="11/5/2024",="NUR125-L-A1",
="800001030",="Present",="11/12/2024",="NUR125-L-A1",
="800001030",="Present",="11/19/2024",="NUR125-L-A1",
="800001030",="Present",="11/26/2024",="NUR125-L-A1",
="800001030",="Present",="12/3/2024",="NUR125-L-A1",
="800001030",="Present",="12/10/2024",="NUR125-L-A1",
="800001259",="Present",="12/6/2024",="NUR140 -C-P1",
="800001259",="Present",="12/13/2024",="NUR140 -C-P1",
="800001259",="Present",="8/29/2024",="NUR140-A",
="800001259",="Present",="9/5/2024",="NUR140-A",
="800001259",="Present",="9/12/2024",="NUR140-A",
="800001259",="Present",="9/19/2024",="NUR140-A",
="800001259",="Present",="9/26/2024",="NUR140-A",
="800001259",="Present",="10/3/2024",="NUR140-A",
="800001259",="Present",="10/10/2024",="NUR140-A",
="800001259",="Present",="10/31/2024",="NUR140-A",
="800001259",="Present",="11/7/2024",="NUR140-A",
="800001259",="Present",="11/14/2024",="NUR140-A",
="800000703",="Present",="8/28/2024",="NUR270-P",
="800000703",="Present",="9/4/2024",="NUR270-P",
="800000703",="Present",="9/11/2024",="NUR270-P",
="800000703",="Present",="9/18/2024",="NUR270-P",
="800000703",="Present",="9/25/2024",="NUR270-P",
="800000703",="Present",="10/2/2024",="NUR270-P",
="800000703",="Present",="10/9/2024",="NUR270-P",
="800000703",="No class",="10/16/2024",="NUR270-P",
="800000703",="No class",="10/23/2024",="NUR270-P",
="800000703",="Present",="10/30/2024",="NUR270-P",
="800000703",="Present",="11/6/2024",="NUR270-P",
="800000703",="Present",="11/13/2024",="NUR270-P",
="800000703",="Present",="11/20/2024",="NUR270-P",
="800000703",="Present",="11/27/2024",="NUR270-P",
="800000703",="Present",="12/4/2024",="NUR270-P",
="800000703",="Present",="8/27/2024",="NUR255 -P",
="800000703",="Present",="8/29/2024",="NUR255 -P",
="800000703",="Present",="9/3/2024",="NUR255 -P",
="800000703",="Present",="9/5/2024",="NUR255 -P",
="800000703",="Present",="9/10/2024",="NUR255 -P",
="800000703",="Present",="9/12/2024",="NUR255 -P",
="800000703",="Present",="9/17/2024",="NUR255 -P",
="800000703",="Present",="9/24/2024",="NUR255 -P",
="800000703",="Present",="9/26/2024",="NUR255 -P",
="800000703",="Present",="10/1/2024",="NUR255 -P",
="800000703",="Present",="10/3/2024",="NUR255 -P",
="800000703",="Present",="10/8/2024",="NUR255 -P",
="800001410",="Present",="9/5/2024",="NUR125-L-P1",
="800001410",="Present",="9/12/2024",="NUR125-L-P1",
="800001410",="Present",="9/19/2024",="NUR125-L-P1",
="800001410",="Present",="9/26/2024",="NUR125-L-P1",
="800001410",="Present",="10/3/2024",="NUR125-L-P1",
="800001410",="Present",="10/10/2024",="NUR125-L-P1",
="800001410",="Present",="10/17/2024",="NUR125-L-P1",
="800001410",="Present",="10/31/2024",="NUR125-L-P1",
="800001410",="Present",="11/7/2024",="NUR125-L-P1",
="800001410",="Present",="11/14/2024",="NUR125-L-P1",
="800001410",="Present",="8/29/2024",="NUR125-P",
="800001410",="Present",="9/5/2024",="NUR125-P",
="800001410",="Present",="9/12/2024",="NUR125-P",
="800001410",="Present",="9/19/2024",="NUR125-P",
="800001410",="Present",="9/26/2024",="NUR125-P",
="800001410",="Present",="10/3/2024",="NUR125-P",
="800001410",="Present",="10/10/2024",="NUR125-P",
="800001410",="Present",="10/31/2024",="NUR125-P",
="800001410",="Present",="11/7/2024",="NUR125-P",
="800001410",="Present",="11/14/2024",="NUR125-P",
="800001410",="Present",="11/21/2024",="NUR125-P",
="800001410",="Present",="9/1/2024",="NUT100 -OL",
="800001410",="Present",="9/8/2024",="NUT100 -OL",
="800001410",="Present",="9/15/2024",="NUT100 -OL",
="800001410",="Present",="9/22/2024",="NUT100 -OL",
="800001410",="Present",="9/29/2024",="NUT100 -OL",
="800001410",="Present",="10/6/2024",="NUT100 -OL",
="800001410",="Present",="10/13/2024",="NUT100 -OL",
="800001410",="Present",="10/20/2024",="NUT100 -OL",
="800001410",="Present",="10/27/2024",="NUT100 -OL",
="800001410",="Present",="11/3/2024",="NUT100 -OL",
="800001410",="Present",="11/10/2024",="NUT100 -OL",
="800001410",="Present",="11/17/2024",="NUT100 -OL",
="800001410",="Present",="11/24/2024",="NUT100 -OL",
="800001410",="Present",="12/1/2024",="NUT100 -OL",
="800001351",="Present",="9/13/2024",="NUR120-L-A1",
="800001351",="Present",="9/20/2024",="NUR120-L-A1",
="800001351",="Present",="10/11/2024",="NUR120-L-A1",
="800001351",="Present",="10/18/2024",="NUR120-L-A1",
="800001351",="Present",="11/1/2024",="NUR120-L-A1",
="800001351",="Present",="11/8/2024",="NUR120-L-A1",
="800001351",="Present",="12/6/2024",="NUR120-L-A1",
="800001351",="Present",="8/27/2024",="NUR120-A",
="800001351",="Present",="9/3/2024",="NUR120-A",
="800001351",="Present",="9/10/2024",="NUR120-A",
="800001351",="Present",="9/17/2024",="NUR120-A",
="800001351",="Present",="9/24/2024",="NUR120-A",
="800001351",="Present",="10/1/2024",="NUR120-A",
="800001351",="Present",="10/8/2024",="NUR120-A",
="800001351",="Present",="10/29/2024",="NUR120-A",
="800001351",="Present",="11/5/2024",="NUR120-A",
="800001351",="Present",="11/12/2024",="NUR120-A",
="800001351",="Present",="11/19/2024",="NUR120-A",
="800001351",="Present",="11/26/2024",="NUR120-A",
="800000905",="Present",="8/28/2024",="NUR155-P",
="800000905",="Present",="9/4/2024",="NUR155-P",
="800000905",="Present",="9/11/2024",="NUR155-P",
="800000905",="Present",="9/18/2024",="NUR155-P",
="800000905",="Present",="9/25/2024",="NUR155-P",
="800000905",="Present",="10/2/2024",="NUR155-P",
="800000905",="Present",="10/9/2024",="NUR155-P",
="800000905",="No class",="10/16/2024",="NUR155-P",
="800000905",="No class",="10/23/2024",="NUR155-P",
="800000905",="Present",="10/30/2024",="NUR155-P",
="800000905",="Present",="11/6/2024",="NUR155-P",
="800000905",="Present",="11/13/2024",="NUR155-P",
="800000905",="Present",="11/20/2024",="NUR155-P",
="800000905",="Present",="11/27/2024",="NUR155-P",
="800000905",="Present",="12/4/2024",="NUR155-P",
="800001426",="Present",="8/26/2024",="NUR100 -A",
="800001426",="Present",="9/9/2024",="NUR100 -A",
="800001426",="Present",="9/16/2024",="NUR100 -A",
="800001426",="Present",="9/23/2024",="NUR100 -A",
="800001426",="Present",="9/30/2024",="NUR100 -A",
="800001426",="Present",="10/7/2024",="NUR100 -A",
="800001426",="Present",="10/28/2024",="NUR100 -A",
="800001426",="Present",="11/4/2024",="NUR100 -A",
="800001426",="Present",="11/11/2024",="NUR100 -A",
="800001426",="Present",="11/18/2024",="NUR100 -A",
="800001426",="Present",="11/25/2024",="NUR100 -A",
="800001426",="Present",="12/2/2024",="NUR100 -A",
="800001426",="Present",="8/27/2024",="NUR100-L-A2",
="800001426",="Present",="9/3/2024",="NUR100-L-A2",
="800001426",="Present",="9/10/2024",="NUR100-L-A2",
="800001426",="Present",="9/17/2024",="NUR100-L-A2",
="800001426",="Present",="9/24/2024",="NUR100-L-A2",
="800001426",="Present",="10/1/2024",="NUR100-L-A2",
="800001426",="Present",="10/8/2024",="NUR100-L-A2",
="800001426",="Present",="10/15/2024",="NUR100-L-A2",
="800001426",="Present",="10/22/2024",="NUR100-L-A2",
="800001426",="Present",="10/29/2024",="NUR100-L-A2",
="800001426",="Present",="11/5/2024",="NUR100-L-A2",
="800001426",="Present",="11/12/2024",="NUR100-L-A2",
="800001426",="Present",="11/19/2024",="NUR100-L-A2",
="800001426",="Present",="11/26/2024",="NUR100-L-A2",
="800001426",="Present",="12/3/2024",="NUR100-L-A2",
="800001426",="Present",="12/10/2024",="NUR100-L-A2",
="800001426",="Present",="8/27/2024",="AP100-A",
="800001426",="Present",="9/3/2024",="AP100-A",
="800001426",="Present",="9/10/2024",="AP100-A",
="800001426",="Present",="9/17/2024",="AP100-A",
="800001426",="Present",="9/24/2024",="AP100-A",
="800001426",="Present",="10/1/2024",="AP100-A",
="800001426",="Present",="10/8/2024",="AP100-A",
="800001426",="Present",="10/15/2024",="AP100-A",
="800001426",="Present",="10/22/2024",="AP100-A",
="800001426",="Present",="10/29/2024",="AP100-A",
="800001426",="Present",="11/5/2024",="AP100-A",
="800001426",="Present",="11/12/2024",="AP100-A",
="800001426",="Present",="11/19/2024",="AP100-A",
="800001426",="Present",="11/26/2024",="AP100-A",
="800001426",="Present",="12/3/2024",="AP100-A",
="800001426",="Tardy/Late",="9/26/2024",="PHARM100-A",
="800001426",="Tardy/Late",="10/3/2024",="PHARM100-A",
="800001426",="Present",="10/10/2024",="PHARM100-A",
="800001426",="Present",="10/17/2024",="PHARM100-A",
="800001426",="Present",="10/24/2024",="PHARM100-A",
="800001426",="Present",="10/31/2024",="PHARM100-A",
="800001426",="Present",="11/7/2024",="PHARM100-A",
="800001426",="Present",="11/14/2024",="PHARM100-A",
="800000700",="Present",="8/26/2024",="NUR265 -P",
="800000700",="Present",="9/9/2024",="NUR265 -P",
="800000700",="Present",="9/16/2024",="NUR265 -P",
="800000700",="Present",="9/23/2024",="NUR265 -P",
="800000700",="Present",="9/30/2024",="NUR265 -P",
="800000700",="Present",="10/7/2024",="NUR265 -P",
="800000700",="Present",="10/14/2024",="NUR265 -P",
="800000700",="Present",="10/21/2024",="NUR265 -P",
="800000700",="Present",="10/16/2024",="NUR265-C-P2",
="800000700",="Present",="10/23/2024",="NUR265-C-P2",
="800001534",="Present",="8/27/2024",="AP100-A",
="800001534",="Present",="9/3/2024",="AP100-A",
="800001534",="Present",="9/10/2024",="AP100-A",
="800001534",="Present",="9/17/2024",="AP100-A",
="800001534",="Present",="9/24/2024",="AP100-A",
="800001534",="Present",="10/1/2024",="AP100-A",
="800001534",="Present",="10/8/2024",="AP100-A",
="800001534",="Present",="10/15/2024",="AP100-A",
="800001534",="Present",="10/22/2024",="AP100-A",
="800001534",="Present",="10/29/2024",="AP100-A",
="800001534",="Present",="11/5/2024",="AP100-A",
="800001534",="Present",="11/12/2024",="AP100-A",
="800001534",="Present",="11/19/2024",="AP100-A",
="800001534",="Present",="11/26/2024",="AP100-A",
="800001534",="Present",="12/3/2024",="AP100-A",
="800001534",="Present",="8/30/2024",="COL010 -A",
="800001534",="Present",="9/6/2024",="COL010 -A",
="800001534",="Present",="9/13/2024",="COL010 -A",
="800001534",="Present",="9/20/2024",="COL010 -A",
="800001534",="Present",="8/28/2024",="ENG101 -A",
="800001534",="Present",="9/4/2024",="ENG101 -A",
="800001534",="Present",="9/11/2024",="ENG101 -A",
="800001534",="Present",="9/18/2024",="ENG101 -A",
="800001534",="Present",="9/25/2024",="ENG101 -A",
="800001534",="Present",="10/2/2024",="ENG101 -A",
="800001534",="Present",="10/9/2024",="ENG101 -A",
="800001534",="Present",="10/16/2024",="ENG101 -A",
="800001534",="Present",="10/23/2024",="ENG101 -A",
="800001534",="Present",="10/30/2024",="ENG101 -A",
="800001534",="Present",="11/6/2024",="ENG101 -A",
="800001534",="Present",="11/13/2024",="ENG101 -A",
="800001534",="Present",="11/20/2024",="ENG101 -A",
="800001534",="Present",="11/27/2024",="ENG101 -A",
="800001534",="Present",="8/26/2024",="NUR100 -A",
="800001534",="Present",="9/9/2024",="NUR100 -A",
="800001534",="Present",="9/16/2024",="NUR100 -A",
="800001534",="Present",="9/23/2024",="NUR100 -A",
="800001534",="Present",="9/30/2024",="NUR100 -A",
="800001534",="Present",="10/7/2024",="NUR100 -A",
="800001534",="Present",="10/28/2024",="NUR100 -A",
="800001534",="Present",="11/4/2024",="NUR100 -A",
="800001534",="Present",="11/11/2024",="NUR100 -A",
="800001534",="Present",="11/18/2024",="NUR100 -A",
="800001534",="Present",="11/25/2024",="NUR100 -A",
="800001534",="Present",="12/2/2024",="NUR100 -A",
="800001534",="Present",="8/27/2024",="NUR100-L-A2",
="800001534",="Present",="9/3/2024",="NUR100-L-A2",
="800001534",="Present",="9/10/2024",="NUR100-L-A2",
="800001534",="Present",="9/17/2024",="NUR100-L-A2",
="800001534",="Present",="9/24/2024",="NUR100-L-A2",
="800001534",="Present",="10/1/2024",="NUR100-L-A2",
="800001534",="Present",="10/8/2024",="NUR100-L-A2",
="800001534",="Present",="10/15/2024",="NUR100-L-A2",
="800001534",="Present",="10/22/2024",="NUR100-L-A2",
="800001534",="Present",="10/29/2024",="NUR100-L-A2",
="800001534",="Present",="11/5/2024",="NUR100-L-A2",
="800001534",="Present",="11/12/2024",="NUR100-L-A2",
="800001534",="Present",="11/19/2024",="NUR100-L-A2",
="800001534",="Present",="11/26/2024",="NUR100-L-A2",
="800001534",="Present",="12/3/2024",="NUR100-L-A2",
="800001534",="Present",="12/10/2024",="NUR100-L-A2",
="800001534",="Tardy/Late",="9/26/2024",="PHARM100-A",
="800001534",="Tardy/Late",="10/3/2024",="PHARM100-A",
="800001534",="Present",="10/10/2024",="PHARM100-A",
="800001534",="Present",="10/17/2024",="PHARM100-A",
="800001534",="Present",="10/24/2024",="PHARM100-A",
="800001534",="Present",="10/31/2024",="PHARM100-A",
="800001534",="Present",="11/7/2024",="PHARM100-A",
="800001534",="Present",="11/14/2024",="PHARM100-A",
="800001534",="Present",="8/29/2024",="PSY101 -A",
="800001534",="Present",="9/5/2024",="PSY101 -A",
="800001534",="Present",="9/12/2024",="PSY101 -A",
="800001534",="Present",="9/19/2024",="PSY101 -A",
="800001534",="Present",="9/26/2024",="PSY101 -A",
="800001534",="Present",="10/3/2024",="PSY101 -A",
="800001534",="Present",="10/10/2024",="PSY101 -A",
="800001534",="Present",="10/17/2024",="PSY101 -A",
="800001534",="Present",="10/31/2024",="PSY101 -A",
="800001534",="Present",="11/7/2024",="PSY101 -A",
="800001534",="Present",="11/14/2024",="PSY101 -A",
="800001375",="Present",="10/26/2024",="NUR100-C-P2",
="800001375",="Present",="8/26/2024",="NUR100-P",
="800001375",="Present",="9/9/2024",="NUR100-P",
="800001375",="Present",="9/16/2024",="NUR100-P",
="800001375",="Present",="9/23/2024",="NUR100-P",
="800001375",="Present",="9/30/2024",="NUR100-P",
="800001375",="Present",="10/7/2024",="NUR100-P",
="800001375",="Present",="10/28/2024",="NUR100-P",
="800001375",="Present",="11/4/2024",="NUR100-P",
="800001375",="Present",="11/11/2024",="NUR100-P",
="800001375",="Present",="11/18/2024",="NUR100-P",
="800001375",="Present",="11/25/2024",="NUR100-P",
="800001375",="Present",="12/2/2024",="NUR100-P",
="800001375",="Present",="9/1/2024",="NUT100 -OL",
="800001375",="Present",="9/8/2024",="NUT100 -OL",
="800001375",="Present",="9/15/2024",="NUT100 -OL",
="800001375",="Present",="9/22/2024",="NUT100 -OL",
="800001375",="Present",="9/29/2024",="NUT100 -OL",
="800001375",="Present",="10/6/2024",="NUT100 -OL",
="800001375",="Present",="10/13/2024",="NUT100 -OL",
="800001375",="Present",="10/20/2024",="NUT100 -OL",
="800001375",="Present",="10/27/2024",="NUT100 -OL",
="800001375",="Present",="11/3/2024",="NUT100 -OL",
="800001375",="Present",="11/10/2024",="NUT100 -OL",
="800001375",="Present",="11/17/2024",="NUT100 -OL",
="800001375",="Present",="11/24/2024",="NUT100 -OL",
="800001375",="Present",="12/1/2024",="NUT100 -OL",
="800001375",="Present",="8/29/2024",="NUR100-L-P1",
="800001375",="Present",="9/5/2024",="NUR100-L-P1",
="800001375",="Present",="9/12/2024",="NUR100-L-P1",
="800001375",="Present",="9/19/2024",="NUR100-L-P1",
="800001375",="Present",="9/26/2024",="NUR100-L-P1",
="800001375",="Present",="10/3/2024",="NUR100-L-P1",
="800001375",="Present",="10/10/2024",="NUR100-L-P1",
="800001375",="Present",="10/17/2024",="NUR100-L-P1",
="800001375",="Present",="10/24/2024",="NUR100-L-P1",
="800001375",="Present",="10/31/2024",="NUR100-L-P1",
="800001375",="Present",="11/7/2024",="NUR100-L-P1",
="800001375",="Present",="11/14/2024",="NUR100-L-P1",
="800001375",="Present",="11/21/2024",="NUR100-L-P1",
="800001375",="Absent",="12/5/2024",="NUR100-L-P1",
="800001375",="Absent",="12/12/2024",="NUR100-L-P1",
="800001375",="Present",="8/27/2024",="AP100-P",
="800001375",="Present",="9/3/2024",="AP100-P",
="800001375",="Present",="9/10/2024",="AP100-P",
="800001375",="Present",="9/17/2024",="AP100-P",
="800001375",="Present",="9/24/2024",="AP100-P",
="800001375",="Present",="10/1/2024",="AP100-P",
="800001375",="Present",="10/8/2024",="AP100-P",
="800001375",="Present",="10/15/2024",="AP100-P",
="800001375",="Present",="10/22/2024",="AP100-P",
="800001375",="Present",="10/29/2024",="AP100-P",
="800001375",="Present",="11/5/2024",="AP100-P",
="800001375",="Present",="11/12/2024",="AP100-P",
="800001375",="Present",="11/19/2024",="AP100-P",
="800001375",="Present",="11/26/2024",="AP100-P",
="800001375",="Present",="12/3/2024",="AP100-P",
="800001420",="Present",="8/27/2024",="NUR120 -P",
="800001420",="Present",="9/3/2024",="NUR120 -P",
="800001420",="Present",="9/10/2024",="NUR120 -P",
="800001420",="Present",="9/17/2024",="NUR120 -P",
="800001420",="Present",="9/24/2024",="NUR120 -P",
="800001420",="Present",="10/1/2024",="NUR120 -P",
="800001420",="Present",="10/8/2024",="NUR120 -P",
="800001420",="Present",="10/29/2024",="NUR120 -P",
="800001420",="Present",="11/5/2024",="NUR120 -P",
="800001420",="Present",="11/12/2024",="NUR120 -P",
="800001420",="Present",="11/19/2024",="NUR120 -P",
="800001420",="Present",="11/26/2024",="NUR120 -P",
="800001420",="Present",="10/14/2024",="NUR120-C-P1",
="800001420",="Present",="10/21/2024",="NUR120-C-P1",
="800001420",="Present",="10/23/2024",="NUR120-C-P1",
="800001420",="Present",="12/2/2024",="NUR120-C-P1",
="800001420",="Present",="12/9/2024",="NUR120-C-P1",
="800001420",="Present",="12/11/2024",="NUR120-C-P1",
="800001420",="Present",="9/13/2024",="NUR120-L-P1",
="800001420",="Present",="9/20/2024",="NUR120-L-P1",
="800001420",="Present",="10/11/2024",="NUR120-L-P1",
="800001420",="Present",="11/1/2024",="NUR120-L-P1",
="800001420",="Present",="11/6/2024",="NUR120-L-P1",
="800001268",="Present",="8/28/2024",="NUR150 -A",
="800001268",="Present",="9/4/2024",="NUR150 -A",
="800001268",="Present",="9/11/2024",="NUR150 -A",
="800001268",="Present",="9/18/2024",="NUR150 -A",
="800001268",="Present",="10/2/2024",="NUR150 -A",
="800001268",="Present",="10/9/2024",="NUR150 -A",
="800001268",="Present",="10/30/2024",="NUR150 -A",
="800001268",="Present",="11/6/2024",="NUR150 -A",
="800001268",="Present",="11/13/2024",="NUR150 -A",
="800001268",="Present",="11/20/2024",="NUR150 -A",
="800001268",="Present",="10/16/2024",="NUR150 -L-A",
="800001268",="Present",="10/23/2024",="NUR150 -L-A",
="800001268",="Present",="12/4/2024",="NUR150 -L-A",
="800001268",="Present",="12/11/2024",="NUR150 -L-A",
="800001268",="Present",="10/16/2024",="NUR150-C-A2",
="800001268",="Present",="10/23/2024",="NUR150-C-A2",
="800001268",="Present",="12/4/2024",="NUR150-C-A2",
="800001268",="Present",="12/11/2024",="NUR150-C-A2",
="800000700",="Present",="8/28/2024",="PHARM225-P_B",
="800000700",="Present",="9/4/2024",="PHARM225-P_B",
="800000700",="Present",="9/11/2024",="PHARM225-P_B",
="800000700",="Present",="9/18/2024",="PHARM225-P_B",
="800000700",="Present",="9/25/2024",="PHARM225-P_B",
="800000700",="Present",="10/2/2024",="PHARM225-P_B",
="800000700",="Present",="10/9/2024",="PHARM225-P_B",
="800000700",="Present",="10/16/2024",="PHARM225-P_B",
="800000700",="Present",="10/23/2024",="PHARM225-P_B",
="800000700",="Present",="10/30/2024",="PHARM225-P_B",
="800000700",="Present",="11/6/2024",="PHARM225-P_B",
="800000700",="Present",="11/13/2024",="PHARM225-P_B",
="800000700",="Present",="11/20/2024",="PHARM225-P_B",
="800000424",="Present",="8/26/2024",="NUR135-P",
="800000424",="Present",="9/9/2024",="NUR135-P",
="800000424",="Present",="9/16/2024",="NUR135-P",
="800000424",="Present",="9/23/2024",="NUR135-P",
="800000424",="Present",="9/30/2024",="NUR135-P",
="800000424",="Present",="10/7/2024",="NUR135-P",
="800000424",="Absent",="10/28/2024",="NUR135-P",
="800000424",="Absent",="11/4/2024",="NUR135-P",
="800000424",="Absent",="11/11/2024",="NUR135-P",
="800000424",="Present",="8/28/2024",="PHARM130-P",
="800000424",="Present",="9/4/2024",="PHARM130-P",
="800000424",="Present",="9/11/2024",="PHARM130-P",
="800000424",="Present",="9/18/2024",="PHARM130-P",
="800000424",="Present",="9/25/2024",="PHARM130-P",
="800000424",="Present",="10/2/2024",="PHARM130-P",
="800000424",="Present",="10/9/2024",="PHARM130-P",
="800000424",="Absent",="10/16/2024",="PHARM130-P",
="800000424",="Absent",="10/23/2024",="PHARM130-P",
="800000424",="Absent",="10/30/2024",="PHARM130-P",
="800000424",="Absent",="11/6/2024",="PHARM130-P",
="800000424",="Present",="9/13/2024",="NUR120-L-P1",
="800000424",="Present",="9/20/2024",="NUR120-L-P1",
="800000424",="Present",="10/11/2024",="NUR120-L-P1",
="800000424",="Present",="10/14/2024",="NUR120-C-P1",
="800000424",="Absent",="8/29/2024",="NUR125-P",
="800000424",="Present",="9/5/2024",="NUR125-P",
="800000424",="Present",="9/12/2024",="NUR125-P",
="800000424",="Present",="9/19/2024",="NUR125-P",
="800000424",="Absent",="9/26/2024",="NUR125-P",
="800000424",="Present",="10/3/2024",="NUR125-P",
="800000424",="Absent",="10/10/2024",="NUR125-P",
="800000424",="Absent",="10/31/2024",="NUR125-P",
="800000424",="Absent",="11/7/2024",="NUR125-P",
="800000424",="Absent",="11/14/2024",="NUR125-P",
="800000424",="Absent",="11/21/2024",="NUR125-P",
="800000424",="Absent",="9/5/2024",="NUR125-L-P1",
="800000424",="Absent",="9/12/2024",="NUR125-L-P1",
="800000424",="Absent",="9/19/2024",="NUR125-L-P1",
="800000424",="Absent",="9/26/2024",="NUR125-L-P1",
="800000424",="Absent",="10/3/2024",="NUR125-L-P1",
="800000424",="Absent",="10/10/2024",="NUR125-L-P1",
="800000424",="Present",="10/17/2024",="NUR125-L-P1",
="800000424",="Absent",="10/31/2024",="NUR125-L-P1",
="800000424",="Absent",="11/7/2024",="NUR125-L-P1",
="800000424",="Absent",="11/14/2024",="NUR125-L-P1",
="800000424",="Present",="8/27/2024",="NUR120 -P",
="800000424",="Absent",="9/3/2024",="NUR120 -P",
="800000424",="Present",="9/10/2024",="NUR120 -P",
="800000424",="Present",="9/17/2024",="NUR120 -P",
="800000424",="Present",="9/24/2024",="NUR120 -P",
="800000424",="Present",="10/1/2024",="NUR120 -P",
="800000424",="Present",="10/8/2024",="NUR120 -P",
="800001279",="Present",="8/27/2024",="NUR245 - P",
="800001279",="Present",="9/3/2024",="NUR245 - P",
="800001279",="Present",="9/10/2024",="NUR245 - P",
="800001279",="Present",="9/17/2024",="NUR245 - P",
="800001279",="Present",="9/24/2024",="NUR245 - P",
="800001279",="Present",="10/1/2024",="NUR245 - P",
="800001279",="Present",="10/29/2024",="NUR245 - P",
="800001279",="Present",="11/5/2024",="NUR245 - P",
="800001279",="Present",="11/12/2024",="NUR245 - P",
="800001279",="Present",="11/19/2024",="NUR245 - P",
="800001279",="Present",="11/26/2024",="NUR245 - P",
="800001279",="Present",="10/17/2024",="NUR245-C-P1",
="800001279",="Present",="12/5/2024",="NUR245-C-P1",
="800000343",="Present",="10/16/2024",="NUR265-C-P2",
="800000343",="Present",="10/23/2024",="NUR265-C-P2",
="800000343",="Present",="8/26/2024",="NUR265 -P",
="800000343",="Present",="9/9/2024",="NUR265 -P",
="800000343",="Present",="9/16/2024",="NUR265 -P",
="800000343",="Present",="9/23/2024",="NUR265 -P",
="800000343",="Present",="9/30/2024",="NUR265 -P",
="800000343",="Present",="10/7/2024",="NUR265 -P",
="800000343",="Present",="10/14/2024",="NUR265 -P",
="800000343",="Present",="10/21/2024",="NUR265 -P",
="800000343",="Present",="8/28/2024",="NUR270-P",
="800000343",="Present",="9/4/2024",="NUR270-P",
="800000343",="Present",="9/11/2024",="NUR270-P",
="800000343",="Present",="9/18/2024",="NUR270-P",
="800000343",="Present",="9/25/2024",="NUR270-P",
="800000343",="Present",="10/2/2024",="NUR270-P",
="800000343",="Present",="10/9/2024",="NUR270-P",
="800000343",="No class",="10/16/2024",="NUR270-P",
="800000343",="No class",="10/23/2024",="NUR270-P",
="800000343",="Present",="10/30/2024",="NUR270-P",
="800000343",="Present",="11/6/2024",="NUR270-P",
="800000343",="Present",="11/13/2024",="NUR270-P",
="800000343",="Present",="11/20/2024",="NUR270-P",
="800000343",="Present",="11/27/2024",="NUR270-P",
="800000343",="Present",="12/4/2024",="NUR270-P",
="800000343",="Present",="8/27/2024",="NUR255 -P",
="800000343",="Present",="8/29/2024",="NUR255 -P",
="800000343",="Present",="9/3/2024",="NUR255 -P",
="800000343",="Present",="9/5/2024",="NUR255 -P",
="800000343",="Present",="9/10/2024",="NUR255 -P",
="800000343",="Present",="9/12/2024",="NUR255 -P",
="800000343",="Present",="9/17/2024",="NUR255 -P",
="800000343",="Present",="9/19/2024",="NUR255 -P",
="800000343",="Present",="9/24/2024",="NUR255 -P",
="800000343",="Present",="9/26/2024",="NUR255 -P",
="800000343",="Present",="10/1/2024",="NUR255 -P",
="800000343",="Present",="10/3/2024",="NUR255 -P",
="800000343",="Present",="10/8/2024",="NUR255 -P",
="800000941",="Present",="9/13/2024",="NUR120-L-P1",
="800000941",="Present",="9/20/2024",="NUR120-L-P1",
="800000941",="Present",="10/11/2024",="NUR120-L-P1",
="800000941",="Present",="11/1/2024",="NUR120-L-P1",
="800000941",="Present",="11/6/2024",="NUR120-L-P1",
="800000941",="Present",="9/1/2024",="NUT100 -OL",
="800000941",="Present",="9/8/2024",="NUT100 -OL",
="800000941",="Present",="9/15/2024",="NUT100 -OL",
="800000941",="Present",="9/22/2024",="NUT100 -OL",
="800000941",="Present",="9/29/2024",="NUT100 -OL",
="800000941",="Present",="10/6/2024",="NUT100 -OL",
="800000941",="Present",="10/13/2024",="NUT100 -OL",
="800000941",="Present",="10/20/2024",="NUT100 -OL",
="800000941",="Present",="10/27/2024",="NUT100 -OL",
="800000941",="Present",="11/3/2024",="NUT100 -OL",
="800000941",="Present",="11/10/2024",="NUT100 -OL",
="800000941",="Present",="11/17/2024",="NUT100 -OL",
="800000941",="Present",="11/24/2024",="NUT100 -OL",
="800000941",="Present",="12/1/2024",="NUT100 -OL",
="800000941",="Present",="8/28/2024",="PHARM130-P",
="800000941",="Present",="9/4/2024",="PHARM130-P",
="800000941",="Present",="9/11/2024",="PHARM130-P",
="800000941",="Tardy/Late",="9/18/2024",="PHARM130-P",
="800000941",="Present",="9/25/2024",="PHARM130-P",
="800000941",="Tardy/Late",="10/2/2024",="PHARM130-P",
="800000941",="Present",="10/9/2024",="PHARM130-P",
="800000941",="Present",="10/16/2024",="PHARM130-P",
="800000941",="Present",="10/23/2024",="PHARM130-P",
="800000941",="Present",="10/30/2024",="PHARM130-P",
="800000941",="Present",="11/6/2024",="PHARM130-P",
="800000941",="Present",="11/13/2024",="PHARM130-P",
="800000941",="Present",="11/20/2024",="PHARM130-P",
="800001318",="Present",="8/28/2024",="NUR150 -A",
="800001318",="Present",="9/4/2024",="NUR150 -A",
="800001318",="Present",="9/11/2024",="NUR150 -A",
="800001318",="Present",="9/18/2024",="NUR150 -A",
="800001318",="Present",="10/2/2024",="NUR150 -A",
="800001318",="Present",="10/9/2024",="NUR150 -A",
="800001318",="Present",="10/30/2024",="NUR150 -A",
="800001318",="Present",="11/6/2024",="NUR150 -A",
="800001318",="Present",="11/13/2024",="NUR150 -A",
="800001318",="Present",="11/20/2024",="NUR150 -A",
="800001318",="Present",="10/16/2024",="NUR150 -L-A",
="800001318",="Present",="10/23/2024",="NUR150 -L-A",
="800001318",="Present",="12/4/2024",="NUR150 -L-A",
="800001318",="Present",="12/11/2024",="NUR150 -L-A",
="800001318",="Present",="10/16/2024",="NUR150-C-A2",
="800001318",="Present",="10/23/2024",="NUR150-C-A2",
="800001318",="Present",="12/4/2024",="NUR150-C-A2",
="800001318",="Present",="12/11/2024",="NUR150-C-A2",
="800000934",="Present",="9/1/2024",="SOC101 -OL",
="800000934",="Present",="9/8/2024",="SOC101 -OL",
="800000934",="Present",="9/15/2024",="SOC101 -OL",
="800000934",="Present",="9/22/2024",="SOC101 -OL",
="800000934",="Present",="9/29/2024",="SOC101 -OL",
="800000934",="Present",="10/6/2024",="SOC101 -OL",
="800000934",="Present",="10/13/2024",="SOC101 -OL",
="800000934",="Present",="10/20/2024",="SOC101 -OL",
="800000934",="Present",="10/27/2024",="SOC101 -OL",
="800000934",="Present",="11/3/2024",="SOC101 -OL",
="800000934",="Present",="11/10/2024",="SOC101 -OL",
="800000934",="Absent",="11/17/2024",="SOC101 -OL",
="800000934",="Present",="11/24/2024",="SOC101 -OL",
="800000934",="Present",="12/1/2024",="SOC101 -OL",
="800001104",="Present",="8/29/2024",="NUR140-A",
="800001104",="Present",="9/5/2024",="NUR140-A",
="800001104",="Present",="9/12/2024",="NUR140-A",
="800001104",="Present",="9/19/2024",="NUR140-A",
="800001104",="Present",="9/26/2024",="NUR140-A",
="800001104",="Present",="10/3/2024",="NUR140-A",
="800001104",="Present",="10/10/2024",="NUR140-A",
="800001104",="Present",="10/31/2024",="NUR140-A",
="800001104",="Present",="11/7/2024",="NUR140-A",
="800001104",="Present",="11/14/2024",="NUR140-A",
="800001104",="Present",="12/7/2024",="NUR140-C-P2",
="800001104",="Present",="8/28/2024",="NUR150 -A",
="800001104",="Present",="9/4/2024",="NUR150 -A",
="800001104",="Present",="9/11/2024",="NUR150 -A",
="800001104",="Present",="9/18/2024",="NUR150 -A",
="800001104",="Present",="10/2/2024",="NUR150 -A",
="800001104",="Present",="10/9/2024",="NUR150 -A",
="800001104",="Present",="10/30/2024",="NUR150 -A",
="800001104",="Present",="11/6/2024",="NUR150 -A",
="800001104",="Present",="11/13/2024",="NUR150 -A",
="800001104",="Present",="11/20/2024",="NUR150 -A",
="800001104",="Present",="8/29/2024",="NUR145 - A",
="800001104",="Present",="9/5/2024",="NUR145 - A",
="800001104",="Present",="9/12/2024",="NUR145 - A",
="800001104",="Present",="9/19/2024",="NUR145 - A",
="800001104",="Present",="9/26/2024",="NUR145 - A",
="800001104",="Present",="10/3/2024",="NUR145 - A",
="800001104",="Present",="10/10/2024",="NUR145 - A",
="800001104",="Present",="10/31/2024",="NUR145 - A",
="800001104",="Present",="11/7/2024",="NUR145 - A",
="800001104",="Present",="11/14/2024",="NUR145 - A",
="800001104",="Present",="10/17/2024",="NUR145-L-A",
="800001104",="Present",="10/24/2024",="NUR145-L-A",
="800001104",="Present",="10/16/2024",="NUR150 -L-A",
="800001104",="Present",="10/23/2024",="NUR150 -L-A",
="800001104",="Present",="12/4/2024",="NUR150 -L-A",
="800001104",="Present",="12/11/2024",="NUR150 -L-A",
="800001104",="Present",="10/15/2024",="NUR145-S-A2",
="800001104",="Present",="12/3/2024",="NUR145-S-A2",
="800000879",="Present",="8/27/2024",="MCB100 -A",
="800000879",="Present",="9/3/2024",="MCB100 -A",
="800000879",="Present",="9/10/2024",="MCB100 -A",
="800000879",="Present",="9/17/2024",="MCB100 -A",
="800000879",="Present",="9/24/2024",="MCB100 -A",
="800000879",="Present",="10/1/2024",="MCB100 -A",
="800000879",="Present",="10/8/2024",="MCB100 -A",
="800000879",="Present",="10/15/2024",="MCB100 -A",
="800000879",="Present",="10/22/2024",="MCB100 -A",
="800000879",="Present",="10/29/2024",="MCB100 -A",
="800000879",="Present",="11/5/2024",="MCB100 -A",
="800000879",="Present",="11/12/2024",="MCB100 -A",
="800000879",="Present",="11/19/2024",="MCB100 -A",
="800000879",="Present",="11/26/2024",="MCB100 -A",
="800000879",="Present",="12/3/2024",="MCB100 -A",
="800000800",="Present",="8/29/2024",="PSY101 -A",
="800000800",="Present",="9/5/2024",="PSY101 -A",
="800000800",="Present",="9/12/2024",="PSY101 -A",
="800000800",="Present",="9/19/2024",="PSY101 -A",
="800000800",="Present",="9/26/2024",="PSY101 -A",
="800000800",="Present",="10/3/2024",="PSY101 -A",
="800000800",="Present",="10/10/2024",="PSY101 -A",
="800000800",="Present",="10/17/2024",="PSY101 -A",
="800000800",="Present",="10/31/2024",="PSY101 -A",
="800000800",="Present",="11/7/2024",="PSY101 -A",
="800000800",="Absent",="11/14/2024",="PSY101 -A",
="800001210",="Present",="8/26/2024",="ENG102 - OL",
="800001210",="Present",="9/3/2024",="ENG102 - OL",
="800001210",="Present",="9/9/2024",="ENG102 - OL",
="800001210",="Present",="9/15/2024",="ENG102 - OL",
="800001210",="Present",="9/16/2024",="ENG102 - OL",
="800001210",="Present",="9/17/2024",="ENG102 - OL",
="800001210",="Present",="9/18/2024",="ENG102 - OL",
="800001210",="Present",="9/23/2024",="ENG102 - OL",
="800001210",="Present",="9/29/2024",="ENG102 - OL",
="800001210",="Present",="10/6/2024",="ENG102 - OL",
="800001210",="Present",="10/13/2024",="ENG102 - OL",
="800001210",="Present",="10/15/2024",="ENG102 - OL",
="800001210",="Present",="10/20/2024",="ENG102 - OL",
="800001210",="Present",="10/21/2024",="ENG102 - OL",
="800001210",="Present",="10/22/2024",="ENG102 - OL",
="800001210",="Present",="10/27/2024",="ENG102 - OL",
="800001210",="Present",="10/28/2024",="ENG102 - OL",
="800001210",="Present",="10/29/2024",="ENG102 - OL",
="800001210",="Present",="11/3/2024",="ENG102 - OL",
="800001210",="Present",="11/4/2024",="ENG102 - OL",
="800001210",="Present",="11/10/2024",="ENG102 - OL",
="800001210",="Present",="11/11/2024",="ENG102 - OL",
="800001210",="Present",="11/12/2024",="ENG102 - OL",
="800001210",="Present",="11/17/2024",="ENG102 - OL",
="800001210",="Present",="11/18/2024",="ENG102 - OL",
="800001210",="Present",="11/19/2024",="ENG102 - OL",
="800001210",="Present",="11/20/2024",="ENG102 - OL",
="800001210",="Present",="11/21/2024",="ENG102 - OL",
="800001234",="Present",="8/26/2024",="ENG102 - OL",
="800001234",="Present",="9/3/2024",="ENG102 - OL",
="800001234",="Present",="9/9/2024",="ENG102 - OL",
="800001234",="Present",="9/15/2024",="ENG102 - OL",
="800001234",="Present",="9/16/2024",="ENG102 - OL",
="800001234",="Present",="9/17/2024",="ENG102 - OL",
="800001234",="Present",="9/18/2024",="ENG102 - OL",
="800001234",="Present",="9/23/2024",="ENG102 - OL",
="800001234",="Present",="9/29/2024",="ENG102 - OL",
="800001234",="Present",="10/6/2024",="ENG102 - OL",
="800001234",="Present",="10/13/2024",="ENG102 - OL",
="800001234",="Present",="10/15/2024",="ENG102 - OL",
="800001234",="Present",="10/20/2024",="ENG102 - OL",
="800001234",="Present",="10/21/2024",="ENG102 - OL",
="800001234",="Present",="10/22/2024",="ENG102 - OL",
="800001234",="Present",="10/27/2024",="ENG102 - OL",
="800001234",="Present",="10/28/2024",="ENG102 - OL",
="800001234",="Present",="10/29/2024",="ENG102 - OL",
="800001234",="Present",="11/3/2024",="ENG102 - OL",
="800001234",="Present",="11/4/2024",="ENG102 - OL",
="800001234",="Present",="11/10/2024",="ENG102 - OL",
="800001234",="Present",="11/11/2024",="ENG102 - OL",
="800001234",="Present",="11/12/2024",="ENG102 - OL",
="800001234",="Present",="11/17/2024",="ENG102 - OL",
="800001234",="Present",="11/18/2024",="ENG102 - OL",
="800001234",="Present",="11/19/2024",="ENG102 - OL",
="800001234",="Present",="11/20/2024",="ENG102 - OL",
="800001234",="Present",="11/21/2024",="ENG102 - OL",
="800001320",="Present",="8/26/2024",="ENG102 - OL",
="800001320",="Present",="9/3/2024",="ENG102 - OL",
="800001320",="Present",="9/9/2024",="ENG102 - OL",
="800001320",="Present",="9/15/2024",="ENG102 - OL",
="800001320",="Present",="9/16/2024",="ENG102 - OL",
="800001320",="Present",="9/17/2024",="ENG102 - OL",
="800001320",="Present",="9/18/2024",="ENG102 - OL",
="800001320",="Present",="9/23/2024",="ENG102 - OL",
="800001320",="Present",="9/29/2024",="ENG102 - OL",
="800001320",="Present",="10/6/2024",="ENG102 - OL",
="800001320",="Present",="10/13/2024",="ENG102 - OL",
="800001320",="Present",="10/15/2024",="ENG102 - OL",
="800001320",="Present",="10/20/2024",="ENG102 - OL",
="800001320",="Present",="10/21/2024",="ENG102 - OL",
="800001320",="Present",="10/22/2024",="ENG102 - OL",
="800001320",="Present",="10/27/2024",="ENG102 - OL",
="800001320",="Present",="10/28/2024",="ENG102 - OL",
="800001320",="Present",="10/29/2024",="ENG102 - OL",
="800001320",="Present",="11/3/2024",="ENG102 - OL",
="800001320",="Present",="11/4/2024",="ENG102 - OL",
="800001320",="Present",="11/10/2024",="ENG102 - OL",
="800001320",="Present",="11/11/2024",="ENG102 - OL",
="800001320",="Present",="11/12/2024",="ENG102 - OL",
="800001320",="Present",="11/17/2024",="ENG102 - OL",
="800001320",="Present",="11/18/2024",="ENG102 - OL",
="800001320",="Present",="11/19/2024",="ENG102 - OL",
="800001320",="Present",="11/20/2024",="ENG102 - OL",
="800001320",="Present",="11/21/2024",="ENG102 - OL",
="800001359",="Present",="8/26/2024",="ENG102 - OL",
="800001359",="Present",="9/3/2024",="ENG102 - OL",
="800001359",="Present",="9/9/2024",="ENG102 - OL",
="800001359",="Present",="9/15/2024",="ENG102 - OL",
="800001359",="Present",="9/16/2024",="ENG102 - OL",
="800001359",="Present",="9/17/2024",="ENG102 - OL",
="800001359",="Present",="9/18/2024",="ENG102 - OL",
="800001359",="Present",="9/23/2024",="ENG102 - OL",
="800001359",="Present",="9/29/2024",="ENG102 - OL",
="800001359",="Present",="10/6/2024",="ENG102 - OL",
="800001359",="Present",="10/13/2024",="ENG102 - OL",
="800001359",="Present",="10/15/2024",="ENG102 - OL",
="800001359",="Present",="10/20/2024",="ENG102 - OL",
="800001359",="Present",="10/21/2024",="ENG102 - OL",
="800001359",="Present",="10/22/2024",="ENG102 - OL",
="800001359",="Present",="10/27/2024",="ENG102 - OL",
="800001359",="Present",="10/28/2024",="ENG102 - OL",
="800001359",="Present",="10/29/2024",="ENG102 - OL",
="800001359",="Present",="11/3/2024",="ENG102 - OL",
="800001359",="Present",="11/4/2024",="ENG102 - OL",
="800001359",="Present",="11/10/2024",="ENG102 - OL",
="800001359",="Present",="11/11/2024",="ENG102 - OL",
="800001359",="Present",="11/12/2024",="ENG102 - OL",
="800001359",="Present",="11/17/2024",="ENG102 - OL",
="800001359",="Present",="11/18/2024",="ENG102 - OL",
="800001359",="Present",="11/19/2024",="ENG102 - OL",
="800001359",="Present",="11/20/2024",="ENG102 - OL",
="800001359",="Present",="11/21/2024",="ENG102 - OL",
="800001466",="Present",="8/26/2024",="ENG102 - OL",
="800001466",="Present",="9/3/2024",="ENG102 - OL",
="800001466",="Present",="9/9/2024",="ENG102 - OL",
="800001466",="Present",="9/15/2024",="ENG102 - OL",
="800001466",="Present",="9/16/2024",="ENG102 - OL",
="800001466",="Present",="9/17/2024",="ENG102 - OL",
="800001466",="Present",="9/18/2024",="ENG102 - OL",
="800001466",="Present",="9/23/2024",="ENG102 - OL",
="800001466",="Present",="9/29/2024",="ENG102 - OL",
="800001466",="Present",="10/6/2024",="ENG102 - OL",
="800001466",="Present",="10/13/2024",="ENG102 - OL",
="800001466",="Present",="10/15/2024",="ENG102 - OL",
="800001466",="Present",="10/20/2024",="ENG102 - OL",
="800001466",="Present",="10/21/2024",="ENG102 - OL",
="800001466",="Present",="10/22/2024",="ENG102 - OL",
="800001466",="Present",="10/27/2024",="ENG102 - OL",
="800001466",="Present",="10/28/2024",="ENG102 - OL",
="800001466",="Present",="10/29/2024",="ENG102 - OL",
="800001466",="Present",="11/3/2024",="ENG102 - OL",
="800001466",="Present",="11/4/2024",="ENG102 - OL",
="800001466",="Present",="11/10/2024",="ENG102 - OL",
="800001466",="Present",="11/11/2024",="ENG102 - OL",
="800001466",="Present",="11/12/2024",="ENG102 - OL",
="800001466",="Present",="11/17/2024",="ENG102 - OL",
="800001466",="Present",="11/18/2024",="ENG102 - OL",
="800001466",="Present",="11/19/2024",="ENG102 - OL",
="800001466",="Present",="11/20/2024",="ENG102 - OL",
="800001466",="Present",="11/21/2024",="ENG102 - OL",
="800001504",="Present",="9/1/2024",="NUT100 -OL",
="800001504",="Present",="9/8/2024",="NUT100 -OL",
="800001504",="Absent",="9/15/2024",="NUT100 -OL",
="800001504",="Present",="9/22/2024",="NUT100 -OL",
="800001504",="Present",="9/29/2024",="NUT100 -OL",
="800001504",="Absent",="10/6/2024",="NUT100 -OL",
="800001504",="Absent",="10/13/2024",="NUT100 -OL",
="800001504",="Absent",="10/20/2024",="NUT100 -OL",
="800001504",="Absent",="10/27/2024",="NUT100 -OL",
="800001504",="Absent",="11/3/2024",="NUT100 -OL",
="800001504",="Present",="8/30/2024",="COL010 -A",
="800001504",="Present",="9/6/2024",="COL010 -A",
="800001504",="Present",="9/13/2024",="COL010 -A",
="800001504",="Present",="9/20/2024",="COL010 -A",
="800001504",="Present",="8/27/2024",="AP100-P",
="800001504",="Present",="9/3/2024",="AP100-P",
="800001504",="Present",="9/10/2024",="AP100-P",
="800001504",="Present",="9/17/2024",="AP100-P",
="800001504",="Present",="9/24/2024",="AP100-P",
="800001504",="Present",="10/1/2024",="AP100-P",
="800001504",="Absent",="10/8/2024",="AP100-P",
="800001504",="Absent",="10/15/2024",="AP100-P",
="800001504",="Absent",="10/22/2024",="AP100-P",
="800001504",="Absent",="10/29/2024",="AP100-P",
="800001504",="Present",="8/29/2024",="NUR100-L-P2",
="800001504",="Present",="9/5/2024",="NUR100-L-P2",
="800001504",="Present",="9/12/2024",="NUR100-L-P2",
="800001504",="Present",="9/19/2024",="NUR100-L-P2",
="800001504",="Present",="9/26/2024",="NUR100-L-P2",
="800001504",="Absent",="10/3/2024",="NUR100-L-P2",
="800001504",="Absent",="10/10/2024",="NUR100-L-P2",
="800001504",="Present",="10/17/2024",="NUR100-L-P2",
="800001504",="Present",="10/24/2024",="NUR100-L-P2",
="800001504",="Absent",="10/31/2024",="NUR100-L-P2",
="800001504",="Present",="8/26/2024",="NUR100-P",
="800001504",="Present",="9/9/2024",="NUR100-P",
="800001504",="Present",="9/16/2024",="NUR100-P",
="800001504",="Present",="9/23/2024",="NUR100-P",
="800001504",="Present",="9/30/2024",="NUR100-P",
="800001504",="Absent",="10/7/2024",="NUR100-P",
="800001504",="Absent",="10/28/2024",="NUR100-P",
="800001504",="Absent",="11/4/2024",="NUR100-P",
="800001504",="Present",="9/25/2024",="PHARM100-P",
="800001504",="Present",="10/2/2024",="PHARM100-P",
="800001504",="Absent",="10/30/2024",="PHARM100-P",
="800000631",="Present",="10/17/2024",="NUR245-C-P1",
="800000631",="Present",="12/5/2024",="NUR245-C-P1",
="800000631",="Present",="8/27/2024",="NUR245 - P",
="800000631",="Present",="9/3/2024",="NUR245 - P",
="800000631",="Present",="9/10/2024",="NUR245 - P",
="800000631",="Present",="9/17/2024",="NUR245 - P",
="800000631",="Present",="9/24/2024",="NUR245 - P",
="800000631",="Present",="10/1/2024",="NUR245 - P",
="800000631",="Present",="10/29/2024",="NUR245 - P",
="800000631",="Present",="11/5/2024",="NUR245 - P",
="800000631",="Present",="11/12/2024",="NUR245 - P",
="800000631",="Present",="11/19/2024",="NUR245 - P",
="800000631",="Present",="11/26/2024",="NUR245 - P",
="800000631",="Present",="8/29/2024",="NUR236-P",
="800000631",="Present",="9/5/2024",="NUR236-P",
="800000631",="Present",="9/12/2024",="NUR236-P",
="800000631",="Present",="9/19/2024",="NUR236-P",
="800000631",="Present",="9/26/2024",="NUR236-P",
="800000631",="Present",="10/3/2024",="NUR236-P",
="800000631",="Present",="10/10/2024",="NUR236-P",
="800000631",="Present",="10/31/2024",="NUR236-P",
="800000631",="Present",="11/7/2024",="NUR236-P",
="800000631",="Present",="11/14/2024",="NUR236-P",
="800000631",="Present",="9/12/2024",="NUR236-L-P1",
="800000631",="Present",="9/26/2024",="NUR236-L-P1",
="800000631",="Present",="11/7/2024",="NUR236-L-P1",
="800000631",="Present",="11/14/2024",="NUR236-L-P1",
="800001444",="Present",="8/30/2024",="SCI101-P",
="800001444",="Present",="9/6/2024",="SCI101-P",
="800001444",="Present",="9/13/2024",="SCI101-P",
="800001365",="Absent",="9/26/2024",="PHARM100-A",
="800001365",="Tardy/Late",="10/3/2024",="PHARM100-A",
="800001365",="Present",="10/10/2024",="PHARM100-A",
="800001365",="Absent",="10/17/2024",="PHARM100-A",
="800001365",="Absent",="10/24/2024",="PHARM100-A",
="800001365",="Tardy/Late",="10/31/2024",="PHARM100-A",
="800001365",="Present",="11/7/2024",="PHARM100-A",
="800000230",="Present",="8/26/2024",="NUR100 -A",
="800000230",="Present",="9/9/2024",="NUR100 -A",
="800000230",="Present",="9/16/2024",="NUR100 -A",
="800000230",="Present",="9/23/2024",="NUR100 -A",
="800000230",="Present",="9/30/2024",="NUR100 -A",
="800000230",="Present",="10/7/2024",="NUR100 -A",
="800000230",="Present",="10/28/2024",="NUR100 -A",
="800000230",="Present",="11/4/2024",="NUR100 -A",
="800000230",="Present",="11/11/2024",="NUR100 -A",
="800000230",="Present",="11/18/2024",="NUR100 -A",
="800000230",="Present",="11/25/2024",="NUR100 -A",
="800000230",="Present",="12/2/2024",="NUR100 -A",
="800000230",="Present",="8/27/2024",="NUR100-L-A2",
="800000230",="Present",="9/3/2024",="NUR100-L-A2",
="800000230",="Present",="9/10/2024",="NUR100-L-A2",
="800000230",="Present",="9/17/2024",="NUR100-L-A2",
="800000230",="Present",="9/24/2024",="NUR100-L-A2",
="800000230",="Present",="10/1/2024",="NUR100-L-A2",
="800000230",="Present",="10/8/2024",="NUR100-L-A2",
="800000230",="Present",="10/15/2024",="NUR100-L-A2",
="800000230",="Present",="10/22/2024",="NUR100-L-A2",
="800000230",="Present",="10/29/2024",="NUR100-L-A2",
="800000230",="Present",="11/5/2024",="NUR100-L-A2",
="800000230",="Present",="11/12/2024",="NUR100-L-A2",
="800000230",="Present",="11/19/2024",="NUR100-L-A2",
="800000230",="Present",="11/26/2024",="NUR100-L-A2",
="800000230",="Present",="12/3/2024",="NUR100-L-A2",
="800000230",="Present",="12/10/2024",="NUR100-L-A2",
="800000230",="Present",="8/27/2024",="AP100-P",
="800000230",="Present",="9/3/2024",="AP100-P",
="800000230",="Present",="9/10/2024",="AP100-P",
="800000230",="Present",="9/17/2024",="AP100-P",
="800000230",="Present",="9/24/2024",="AP100-P",
="800000230",="Present",="10/1/2024",="AP100-P",
="800000230",="Absent",="10/8/2024",="AP100-P",
="800000230",="Present",="10/15/2024",="AP100-P",
="800000230",="Present",="10/22/2024",="AP100-P",
="800000230",="Absent",="10/29/2024",="AP100-P",
="800000230",="Present",="11/5/2024",="AP100-P",
="800000230",="Present",="11/12/2024",="AP100-P",
="800000230",="Present",="11/19/2024",="AP100-P",
="800000230",="Absent",="11/26/2024",="AP100-P",
="800000230",="Present",="12/3/2024",="AP100-P",
="800000230",="Tardy/Late",="9/26/2024",="PHARM100-A",
="800000230",="Present",="10/3/2024",="PHARM100-A",
="800000230",="Present",="10/10/2024",="PHARM100-A",
="800000230",="Present",="10/17/2024",="PHARM100-A",
="800000230",="Present",="10/24/2024",="PHARM100-A",
="800000230",="Present",="10/31/2024",="PHARM100-A",
="800000230",="Present",="11/7/2024",="PHARM100-A",
="800000230",="Present",="11/14/2024",="PHARM100-A",
="800000957",="Present",="8/28/2024",="NUR155-P",
="800000957",="Present",="9/4/2024",="NUR155-P",
="800000957",="Present",="9/11/2024",="NUR155-P",
="800000957",="Present",="9/18/2024",="NUR155-P",
="800000957",="Present",="9/25/2024",="NUR155-P",
="800000957",="Present",="10/2/2024",="NUR155-P",
="800000957",="Present",="10/9/2024",="NUR155-P",
="800000957",="No class",="10/16/2024",="NUR155-P",
="800000957",="No class",="10/23/2024",="NUR155-P",
="800000957",="Present",="10/30/2024",="NUR155-P",
="800000957",="Present",="11/6/2024",="NUR155-P",
="800000957",="Present",="11/13/2024",="NUR155-P",
="800000957",="Present",="11/20/2024",="NUR155-P",
="800000957",="Present",="11/27/2024",="NUR155-P",
="800000957",="Present",="12/4/2024",="NUR155-P",
="800000895",="Present",="8/27/2024",="NUR120-A",
="800000895",="Present",="9/3/2024",="NUR120-A",
="800000895",="Present",="9/10/2024",="NUR120-A",
="800000895",="Present",="9/17/2024",="NUR120-A",
="800000895",="Present",="9/24/2024",="NUR120-A",
="800000895",="Present",="10/1/2024",="NUR120-A",
="800000895",="Present",="10/8/2024",="NUR120-A",
="800000895",="Present",="10/29/2024",="NUR120-A",
="800000895",="Present",="11/5/2024",="NUR120-A",
="800000895",="Present",="11/12/2024",="NUR120-A",
="800000895",="Present",="11/19/2024",="NUR120-A",
="800000895",="Present",="11/26/2024",="NUR120-A",
="800000895",="Present",="10/14/2024",="NUR135-L-A1",
="800000895",="Present",="10/21/2024",="NUR135-L-A1",
="800000895",="Present",="10/18/2024",="NUR120-C-A1",
="800000895",="Present",="10/19/2024",="NUR120-C-A1",
="800000895",="Present",="10/25/2024",="NUR120-C-A1",
="800000895",="Present",="10/26/2024",="NUR120-C-A1",
="800000895",="Present",="12/5/2024",="NUR120-C-A1",
="800000895",="Present",="12/6/2024",="NUR120-C-A1",
="800000895",="Present",="9/13/2024",="NUR120-L-A1",
="800000895",="Present",="9/20/2024",="NUR120-L-A1",
="800000895",="Present",="10/11/2024",="NUR120-L-A1",
="800000895",="Present",="10/18/2024",="NUR120-L-A1",
="800000895",="Present",="11/1/2024",="NUR120-L-A1",
="800000895",="Present",="11/8/2024",="NUR120-L-A1",
="800000895",="Present",="12/6/2024",="NUR120-L-A1",
="800000895",="Present",="10/14/2024",="NUR135-S-A1",
="800000895",="Present",="10/21/2024",="NUR135-S-A1",
="800000895",="Present",="12/2/2024",="NUR135-S-A1",
="800000895",="Present",="8/26/2024",="NUR135-A",
="800000895",="Present",="9/9/2024",="NUR135-A",
="800000895",="Present",="9/16/2024",="NUR135-A",
="800000895",="Present",="9/23/2024",="NUR135-A",
="800000895",="Present",="10/7/2024",="NUR135-A",
="800000895",="Present",="10/28/2024",="NUR135-A",
="800000895",="Present",="11/4/2024",="NUR135-A",
="800000895",="Present",="11/11/2024",="NUR135-A",
="800000895",="Present",="11/18/2024",="NUR135-A",
="800000895",="Present",="11/25/2024",="NUR135-A",
="800001351",="Present",="8/26/2024",="NUR135-A",
="800001351",="Present",="9/9/2024",="NUR135-A",
="800001351",="Present",="9/16/2024",="NUR135-A",
="800001351",="Present",="9/23/2024",="NUR135-A",
="800001351",="Present",="10/7/2024",="NUR135-A",
="800001351",="Present",="10/28/2024",="NUR135-A",
="800001351",="Present",="11/4/2024",="NUR135-A",
="800001351",="Present",="11/11/2024",="NUR135-A",
="800001351",="Present",="11/18/2024",="NUR135-A",
="800001351",="Present",="11/25/2024",="NUR135-A",
="800001351",="Present",="10/14/2024",="NUR135-L-A1",
="800001351",="Present",="10/21/2024",="NUR135-L-A1",
="800001351",="Present",="10/14/2024",="NUR135-S-A1",
="800001351",="Present",="10/21/2024",="NUR135-S-A1",
="800001351",="Present",="12/2/2024",="NUR135-S-A1",
="800000380",="Present",="8/28/2024",="NUR270-P",
="800000380",="Present",="9/4/2024",="NUR270-P",
="800000380",="Present",="9/11/2024",="NUR270-P",
="800000380",="Present",="9/18/2024",="NUR270-P",
="800000380",="Present",="9/25/2024",="NUR270-P",
="800000380",="Present",="10/2/2024",="NUR270-P",
="800000380",="Present",="10/9/2024",="NUR270-P",
="800000380",="No class",="10/16/2024",="NUR270-P",
="800000380",="No class",="10/23/2024",="NUR270-P",
="800000380",="Present",="10/30/2024",="NUR270-P",
="800000380",="Present",="11/6/2024",="NUR270-P",
="800000380",="Present",="11/13/2024",="NUR270-P",
="800000380",="Present",="11/20/2024",="NUR270-P",
="800000380",="Present",="11/27/2024",="NUR270-P",
="800000380",="Present",="12/4/2024",="NUR270-P",
="800000380",="Present",="8/27/2024",="NUR255 -P",
="800000380",="Present",="8/29/2024",="NUR255 -P",
="800000380",="Present",="9/3/2024",="NUR255 -P",
="800000380",="Present",="9/5/2024",="NUR255 -P",
="800000380",="Present",="9/10/2024",="NUR255 -P",
="800000380",="Present",="9/12/2024",="NUR255 -P",
="800000380",="Present",="9/17/2024",="NUR255 -P",
="800000380",="Present",="9/24/2024",="NUR255 -P",
="800000380",="Present",="9/26/2024",="NUR255 -P",
="800000380",="Present",="10/1/2024",="NUR255 -P",
="800000380",="Present",="10/3/2024",="NUR255 -P",
="800000380",="Present",="10/8/2024",="NUR255 -P",
="800001359",="Present",="9/1/2024",="SOC101 -OL",
="800001359",="Present",="9/8/2024",="SOC101 -OL",
="800001359",="Present",="9/15/2024",="SOC101 -OL",
="800001359",="Present",="9/22/2024",="SOC101 -OL",
="800001359",="Present",="9/29/2024",="SOC101 -OL",
="800001359",="Present",="10/6/2024",="SOC101 -OL",
="800001359",="Present",="10/13/2024",="SOC101 -OL",
="800001359",="Present",="10/20/2024",="SOC101 -OL",
="800001359",="Present",="10/27/2024",="SOC101 -OL",
="800001359",="Present",="11/3/2024",="SOC101 -OL",
="800001359",="Present",="11/10/2024",="SOC101 -OL",
="800001359",="Present",="11/17/2024",="SOC101 -OL",
="800001359",="Present",="11/24/2024",="SOC101 -OL",
="800001359",="Present",="12/1/2024",="SOC101 -OL",
="800001415",="Present",="8/26/2024",="NUR100-P",
="800001415",="Present",="9/9/2024",="NUR100-P",
="800001415",="Present",="9/16/2024",="NUR100-P",
="800001415",="Present",="9/23/2024",="NUR100-P",
="800001415",="Present",="9/30/2024",="NUR100-P",
="800001415",="Present",="10/7/2024",="NUR100-P",
="800001415",="Present",="10/28/2024",="NUR100-P",
="800001415",="Present",="11/4/2024",="NUR100-P",
="800001415",="Present",="11/11/2024",="NUR100-P",
="800001415",="Present",="11/18/2024",="NUR100-P",
="800001415",="Present",="11/25/2024",="NUR100-P",
="800001415",="Present",="12/2/2024",="NUR100-P",
="800001415",="Present",="8/27/2024",="AP100-P",
="800001415",="Present",="9/3/2024",="AP100-P",
="800001415",="Present",="9/10/2024",="AP100-P",
="800001415",="Present",="9/17/2024",="AP100-P",
="800001415",="Present",="9/24/2024",="AP100-P",
="800001415",="Present",="10/1/2024",="AP100-P",
="800001415",="Present",="10/8/2024",="AP100-P",
="800001415",="Present",="10/15/2024",="AP100-P",
="800001415",="Present",="10/22/2024",="AP100-P",
="800001415",="Present",="10/29/2024",="AP100-P",
="800001415",="Present",="11/5/2024",="AP100-P",
="800001415",="Present",="11/12/2024",="AP100-P",
="800001415",="Present",="11/19/2024",="AP100-P",
="800001415",="Present",="11/26/2024",="AP100-P",
="800001415",="Present",="12/3/2024",="AP100-P",
="800001415",="Present",="9/1/2024",="COL010 - OL I",
="800001415",="Present",="9/8/2024",="COL010 - OL I",
="800001415",="Present",="9/15/2024",="COL010 - OL I",
="800001415",="Present",="9/22/2024",="COL010 - OL I",
="800001415",="Present",="9/25/2024",="PHARM100-P",
="800001415",="Present",="10/2/2024",="PHARM100-P",
="800001415",="Present",="10/9/2024",="PHARM100-P",
="800001415",="Present",="10/16/2024",="PHARM100-P",
="800001415",="Present",="10/23/2024",="PHARM100-P",
="800001415",="Present",="10/30/2024",="PHARM100-P",
="800001415",="Present",="11/6/2024",="PHARM100-P",
="800001415",="Present",="11/13/2024",="PHARM100-P",
="800001415",="Present",="8/29/2024",="NUR100-L-P2",
="800001415",="Present",="9/5/2024",="NUR100-L-P2",
="800001415",="Present",="9/12/2024",="NUR100-L-P2",
="800001415",="Present",="9/19/2024",="NUR100-L-P2",
="800001415",="Present",="9/26/2024",="NUR100-L-P2",
="800001415",="Present",="10/3/2024",="NUR100-L-P2",
="800001415",="Present",="10/10/2024",="NUR100-L-P2",
="800001415",="Present",="10/17/2024",="NUR100-L-P2",
="800001415",="Present",="10/24/2024",="NUR100-L-P2",
="800001415",="Present",="10/31/2024",="NUR100-L-P2",
="800001415",="Present",="11/7/2024",="NUR100-L-P2",
="800001415",="Present",="11/14/2024",="NUR100-L-P2",
="800001415",="Present",="11/21/2024",="NUR100-L-P2",
="800001415",="Present",="12/5/2024",="NUR100-L-P2",
="800001415",="Present",="12/12/2024",="NUR100-L-P2",
="800001410",="Present",="8/27/2024",="NUR120 -P",
="800001410",="Present",="9/3/2024",="NUR120 -P",
="800001410",="Present",="9/10/2024",="NUR120 -P",
="800001410",="Present",="9/17/2024",="NUR120 -P",
="800001410",="Present",="9/24/2024",="NUR120 -P",
="800001410",="Present",="10/1/2024",="NUR120 -P",
="800001410",="Present",="10/8/2024",="NUR120 -P",
="800001410",="Present",="10/29/2024",="NUR120 -P",
="800001410",="Present",="11/5/2024",="NUR120 -P",
="800001410",="Present",="11/12/2024",="NUR120 -P",
="800001410",="Present",="11/19/2024",="NUR120 -P",
="800001410",="Present",="11/26/2024",="NUR120 -P",
="800001410",="Present",="9/13/2024",="NUR120-L-P1",
="800001410",="Present",="9/20/2024",="NUR120-L-P1",
="800001410",="Present",="10/11/2024",="NUR120-L-P1",
="800001410",="Present",="11/1/2024",="NUR120-L-P1",
="800001410",="Present",="11/6/2024",="NUR120-L-P1",
="800001410",="Present",="10/21/2024",="NUR135-L-P1",
="800001410",="Present",="12/9/2024",="NUR135-L-P1",
="800001410",="Present",="8/26/2024",="NUR135-P",
="800001410",="Present",="9/9/2024",="NUR135-P",
="800001410",="Present",="9/16/2024",="NUR135-P",
="800001410",="Present",="9/23/2024",="NUR135-P",
="800001410",="Present",="9/30/2024",="NUR135-P",
="800001410",="Present",="10/7/2024",="NUR135-P",
="800001410",="Present",="10/28/2024",="NUR135-P",
="800001410",="Present",="11/4/2024",="NUR135-P",
="800001410",="Present",="11/11/2024",="NUR135-P",
="800001410",="Present",="11/18/2024",="NUR135-P",
="800001410",="Present",="11/25/2024",="NUR135-P",
="800001410",="Present",="10/21/2024",="NUR135-S-A2",
="800001410",="Present",="12/9/2024",="NUR135-S-A2",
="800001410",="Present",="8/28/2024",="PHARM130-P",
="800001410",="Present",="9/4/2024",="PHARM130-P",
="800001410",="Present",="9/11/2024",="PHARM130-P",
="800001410",="Present",="9/18/2024",="PHARM130-P",
="800001410",="Present",="9/25/2024",="PHARM130-P",
="800001410",="Present",="10/2/2024",="PHARM130-P",
="800001410",="Present",="10/9/2024",="PHARM130-P",
="800001410",="Present",="10/16/2024",="PHARM130-P",
="800001410",="Present",="10/23/2024",="PHARM130-P",
="800001410",="Tardy/Late",="10/30/2024",="PHARM130-P",
="800001410",="Present",="11/6/2024",="PHARM130-P",
="800001410",="Present",="11/13/2024",="PHARM130-P",
="800001410",="Present",="11/20/2024",="PHARM130-P",
="800001300",="Present",="9/13/2024",="NUR120-L-A1",
="800001300",="Present",="9/20/2024",="NUR120-L-A1",
="800001300",="Present",="10/11/2024",="NUR120-L-A1",
="800001300",="Present",="10/18/2024",="NUR120-L-A1",
="800001300",="Present",="11/1/2024",="NUR120-L-A1",
="800001300",="Present",="11/8/2024",="NUR120-L-A1",
="800001300",="Present",="12/6/2024",="NUR120-L-A1",
="800000893",="Present",="8/28/2024",="NUR155 - V2",
="800000893",="Present",="9/4/2024",="NUR155 - V2",
="800000893",="Present",="9/11/2024",="NUR155 - V2",
="800000893",="Present",="9/18/2024",="NUR155 - V2",
="800000893",="Present",="9/25/2024",="NUR155 - V2",
="800000893",="Present",="10/2/2024",="NUR155 - V2",
="800000893",="Present",="10/9/2024",="NUR155 - V2",
="800000893",="No class",="10/16/2024",="NUR155 - V2",
="800000893",="No class",="10/23/2024",="NUR155 - V2",
="800000893",="Present",="10/30/2024",="NUR155 - V2",
="800000893",="Present",="11/6/2024",="NUR155 - V2",
="800000893",="Present",="11/13/2024",="NUR155 - V2",
="800000893",="Present",="11/20/2024",="NUR155 - V2",
="800000893",="Present",="11/27/2024",="NUR155 - V2",
="800000893",="Present",="12/4/2024",="NUR155 - V2",
="800000649",="Present",="8/28/2024",="NUR155 - V2",
="800000649",="Present",="9/4/2024",="NUR155 - V2",
="800000649",="Present",="9/11/2024",="NUR155 - V2",
="800000649",="Present",="9/18/2024",="NUR155 - V2",
="800000649",="Present",="9/25/2024",="NUR155 - V2",
="800000649",="Present",="10/2/2024",="NUR155 - V2",
="800000649",="Present",="10/9/2024",="NUR155 - V2",
="800000649",="No class",="10/16/2024",="NUR155 - V2",
="800000649",="No class",="10/23/2024",="NUR155 - V2",
="800000649",="Present",="10/30/2024",="NUR155 - V2",
="800000649",="Present",="11/6/2024",="NUR155 - V2",
="800000649",="Present",="11/13/2024",="NUR155 - V2",
="800000649",="Present",="11/20/2024",="NUR155 - V2",
="800000649",="Present",="11/27/2024",="NUR155 - V2",
="800000649",="Present",="12/4/2024",="NUR155 - V2",
="800000785",="Present",="8/27/2024",="NUR125-A",
="800000785",="Present",="9/3/2024",="NUR125-A",
="800000785",="Present",="9/10/2024",="NUR125-A",
="800000785",="Present",="9/17/2024",="NUR125-A",
="800000785",="Present",="9/24/2024",="NUR125-A",
="800000785",="Present",="10/1/2024",="NUR125-A",
="800000785",="Absent",="10/8/2024",="NUR125-A",
="800000785",="Present",="10/29/2024",="NUR125-A",
="800000785",="Present",="11/5/2024",="NUR125-A",
="800000785",="Present",="11/19/2024",="NUR125-A",
="800000785",="Present",="11/26/2024",="NUR125-A",
="800000785",="Present",="9/3/2024",="NUR125-L-A1",
="800000785",="Present",="9/10/2024",="NUR125-L-A1",
="800000785",="Present",="9/17/2024",="NUR125-L-A1",
="800000785",="Present",="9/24/2024",="NUR125-L-A1",
="800000785",="Present",="10/1/2024",="NUR125-L-A1",
="800000785",="Absent",="10/8/2024",="NUR125-L-A1",
="800000785",="Present",="10/15/2024",="NUR125-L-A1",
="800000785",="Present",="10/22/2024",="NUR125-L-A1",
="800000785",="Present",="11/5/2024",="NUR125-L-A1",
="800000785",="Present",="11/12/2024",="NUR125-L-A1",
="800000785",="Present",="11/19/2024",="NUR125-L-A1",
="800000785",="Present",="11/26/2024",="NUR125-L-A1",
="800000785",="Present",="12/3/2024",="NUR125-L-A1",
="800000785",="Present",="8/28/2024",="PHARM130-P",
="800000785",="Present",="9/4/2024",="PHARM130-P",
="800000785",="Present",="9/11/2024",="PHARM130-P",
="800000785",="Present",="9/18/2024",="PHARM130-P",
="800000785",="Present",="9/25/2024",="PHARM130-P",
="800000785",="Present",="10/2/2024",="PHARM130-P",
="800000785",="Present",="10/9/2024",="PHARM130-P",
="800000785",="Present",="10/16/2024",="PHARM130-P",
="800000785",="Present",="10/23/2024",="PHARM130-P",
="800000785",="Present",="10/30/2024",="PHARM130-P",
="800000785",="Present",="11/6/2024",="PHARM130-P",
="800000785",="Present",="11/13/2024",="PHARM130-P",
="800000785",="Present",="11/20/2024",="PHARM130-P",
="800001417",="Present",="8/29/2024",="NUR100-L-P2",
="800001417",="Present",="9/5/2024",="NUR100-L-P2",
="800001417",="Present",="9/12/2024",="NUR100-L-P2",
="800001417",="Present",="9/19/2024",="NUR100-L-P2",
="800001417",="Absent",="9/26/2024",="NUR100-L-P2",
="800001417",="Present",="10/3/2024",="NUR100-L-P2",
="800001417",="Present",="10/10/2024",="NUR100-L-P2",
="800001417",="Present",="10/17/2024",="NUR100-L-P2",
="800001417",="Present",="10/24/2024",="NUR100-L-P2",
="800001417",="Absent",="10/31/2024",="NUR100-L-P2",
="800001417",="Absent",="11/7/2024",="NUR100-L-P2",
="800001417",="Absent",="11/14/2024",="NUR100-L-P2",
="800001417",="Absent",="11/21/2024",="NUR100-L-P2",
="800001417",="Absent",="12/5/2024",="NUR100-L-P2",
="800001417",="Absent",="12/12/2024",="NUR100-L-P2",
="800001417",="Present",="8/26/2024",="NUR100-P",
="800001417",="Present",="9/9/2024",="NUR100-P",
="800001417",="Absent",="9/16/2024",="NUR100-P",
="800001417",="Present",="9/23/2024",="NUR100-P",
="800001417",="Present",="9/30/2024",="NUR100-P",
="800001417",="Absent",="10/7/2024",="NUR100-P",
="800001417",="Present",="10/28/2024",="NUR100-P",
="800001417",="Present",="11/4/2024",="NUR100-P",
="800001417",="Present",="11/11/2024",="NUR100-P",
="800001417",="Present",="11/18/2024",="NUR100-P",
="800001417",="Present",="11/25/2024",="NUR100-P",
="800001417",="Present",="12/2/2024",="NUR100-P",
="800000878",="Present",="10/16/2024",="NUR265-C-P2",
="800000878",="Present",="10/23/2024",="NUR265-C-P2",
="800000878",="Present",="8/26/2024",="NUR265 -P",
="800000878",="Present",="9/9/2024",="NUR265 -P",
="800000878",="Present",="9/16/2024",="NUR265 -P",
="800000878",="Present",="9/23/2024",="NUR265 -P",
="800000878",="Present",="9/30/2024",="NUR265 -P",
="800000878",="Present",="10/7/2024",="NUR265 -P",
="800000878",="Present",="10/14/2024",="NUR265 -P",
="800000878",="Present",="10/21/2024",="NUR265 -P",
="800000600",="Present",="10/16/2024",="NUR265-C-P2",
="800000600",="Present",="10/23/2024",="NUR265-C-P2",
="800000600",="Present",="8/27/2024",="NUR245 - P",
="800000600",="Present",="9/3/2024",="NUR245 - P",
="800000600",="Present",="9/10/2024",="NUR245 - P",
="800000600",="Present",="9/17/2024",="NUR245 - P",
="800000600",="Present",="9/24/2024",="NUR245 - P",
="800000600",="Present",="10/1/2024",="NUR245 - P",
="800000600",="Present",="10/29/2024",="NUR245 - P",
="800000600",="Present",="11/5/2024",="NUR245 - P",
="800000600",="Present",="11/12/2024",="NUR245 - P",
="800000600",="Present",="11/19/2024",="NUR245 - P",
="800000600",="Present",="11/26/2024",="NUR245 - P",
="800000600",="Present",="10/21/2024",="NUR245-C-P2",
="800000600",="Present",="12/5/2024",="NUR245-C-P2",
="800000600",="Present",="8/26/2024",="NUR265 -P",
="800000600",="Present",="9/9/2024",="NUR265 -P",
="800000600",="Present",="9/16/2024",="NUR265 -P",
="800000600",="Present",="9/23/2024",="NUR265 -P",
="800000600",="Present",="9/30/2024",="NUR265 -P",
="800000600",="Present",="10/7/2024",="NUR265 -P",
="800000600",="Present",="10/14/2024",="NUR265 -P",
="800000600",="Present",="10/21/2024",="NUR265 -P",
="800000600",="Present",="9/12/2024",="NUR236-L-P1",
="800000600",="Present",="9/26/2024",="NUR236-L-P1",
="800000600",="Present",="11/7/2024",="NUR236-L-P1",
="800000600",="Present",="11/14/2024",="NUR236-L-P1",
="800000600",="Present",="8/29/2024",="NUR236-P",
="800000600",="Present",="9/5/2024",="NUR236-P",
="800000600",="Present",="9/12/2024",="NUR236-P",
="800000600",="Present",="9/19/2024",="NUR236-P",
="800000600",="Present",="9/26/2024",="NUR236-P",
="800000600",="Present",="10/3/2024",="NUR236-P",
="800000600",="Present",="10/10/2024",="NUR236-P",
="800000600",="Present",="10/31/2024",="NUR236-P",
="800000600",="Present",="11/7/2024",="NUR236-P",
="800000600",="Present",="11/14/2024",="NUR236-P",
="800001368",="Present",="8/26/2024",="NUR135-A",
="800001368",="Present",="9/9/2024",="NUR135-A",
="800001368",="Present",="9/16/2024",="NUR135-A",
="800001368",="Present",="9/23/2024",="NUR135-A",
="800001368",="Present",="10/7/2024",="NUR135-A",
="800001368",="Present",="10/28/2024",="NUR135-A",
="800001368",="Present",="11/4/2024",="NUR135-A",
="800001368",="Present",="11/11/2024",="NUR135-A",
="800001368",="Present",="11/18/2024",="NUR135-A",
="800001368",="Present",="11/25/2024",="NUR135-A",
="800001427",="Present",="8/26/2024",="NUR135-A",
="800001427",="Present",="9/9/2024",="NUR135-A",
="800001427",="Present",="9/16/2024",="NUR135-A",
="800001427",="Present",="9/23/2024",="NUR135-A",
="800001427",="Present",="10/7/2024",="NUR135-A",
="800001427",="Present",="10/28/2024",="NUR135-A",
="800001427",="Present",="11/4/2024",="NUR135-A",
="800001427",="Present",="11/11/2024",="NUR135-A",
="800001427",="Present",="11/18/2024",="NUR135-A",
="800001427",="Present",="11/25/2024",="NUR135-A",
="800001408",="Present",="8/26/2024",="NUR135-A",
="800001408",="Present",="9/9/2024",="NUR135-A",
="800001408",="Present",="9/16/2024",="NUR135-A",
="800001408",="Present",="9/23/2024",="NUR135-A",
="800001408",="Present",="10/7/2024",="NUR135-A",
="800001408",="Present",="10/28/2024",="NUR135-A",
="800001408",="Present",="11/4/2024",="NUR135-A",
="800001408",="Present",="11/11/2024",="NUR135-A",
="800001408",="Present",="11/18/2024",="NUR135-A",
="800001408",="Present",="11/25/2024",="NUR135-A",
="800001318",="Present",="8/26/2024",="NUR135-A",
="800001318",="Present",="9/9/2024",="NUR135-A",
="800001318",="Present",="9/16/2024",="NUR135-A",
="800001318",="Present",="9/23/2024",="NUR135-A",
="800001318",="Present",="10/7/2024",="NUR135-A",
="800001318",="Present",="10/28/2024",="NUR135-A",
="800001318",="Present",="11/4/2024",="NUR135-A",
="800001318",="Present",="11/11/2024",="NUR135-A",
="800001318",="Present",="11/18/2024",="NUR135-A",
="800001318",="Present",="11/25/2024",="NUR135-A",
="800000941",="Present",="8/26/2024",="NUR135-A",
="800000941",="Present",="9/9/2024",="NUR135-A",
="800000941",="Present",="9/16/2024",="NUR135-A",
="800000941",="Present",="9/23/2024",="NUR135-A",
="800000941",="Present",="10/7/2024",="NUR135-A",
="800000941",="Present",="10/28/2024",="NUR135-A",
="800000941",="Present",="11/4/2024",="NUR135-A",
="800000941",="Present",="11/11/2024",="NUR135-A",
="800000941",="Present",="11/18/2024",="NUR135-A",
="800000941",="Present",="11/25/2024",="NUR135-A",
="800000941",="Present",="10/14/2024",="NUR135-L-A1",
="800000941",="Present",="10/21/2024",="NUR135-L-A1",
="800001368",="Present",="10/14/2024",="NUR135-L-A1",
="800001368",="Present",="10/21/2024",="NUR135-L-A1",
="800001408",="Present",="10/14/2024",="NUR135-L-A1",
="800001408",="Present",="10/21/2024",="NUR135-L-A1",
="800001427",="Present",="10/14/2024",="NUR135-L-A1",
="800001427",="Present",="10/21/2024",="NUR135-L-A1",
="800001368",="Present",="10/14/2024",="NUR135-S-A1",
="800001368",="Present",="10/21/2024",="NUR135-S-A1",
="800001368",="Present",="12/2/2024",="NUR135-S-A1",
="800000941",="Present",="10/14/2024",="NUR135-S-A1",
="800000941",="Present",="10/21/2024",="NUR135-S-A1",
="800000941",="Present",="12/2/2024",="NUR135-S-A1",
="800001318",="Present",="10/14/2024",="NUR135-S-A1",
="800001318",="Present",="10/21/2024",="NUR135-S-A1",
="800001318",="Present",="12/2/2024",="NUR135-S-A1",
="800000649",="Present",="8/29/2024",="NUR145 - A",
="800000649",="Present",="9/5/2024",="NUR145 - A",
="800000649",="Present",="9/12/2024",="NUR145 - A",
="800000649",="Present",="9/19/2024",="NUR145 - A",
="800000649",="Present",="9/26/2024",="NUR145 - A",
="800000649",="Present",="10/3/2024",="NUR145 - A",
="800000649",="Present",="10/10/2024",="NUR145 - A",
="800000649",="Present",="10/31/2024",="NUR145 - A",
="800000649",="Present",="11/7/2024",="NUR145 - A",
="800000649",="Present",="11/14/2024",="NUR145 - A",
="800000649",="Present",="10/17/2024",="NUR145-L-A",
="800000649",="Present",="10/24/2024",="NUR145-L-A",
="800000774",="Absent",="8/28/2024",="PHARM205 P_B",
="800000774",="Present",="9/4/2024",="PHARM205 P_B",
="800000774",="Present",="9/11/2024",="PHARM205 P_B",
="800000774",="Present",="9/18/2024",="PHARM205 P_B",
="800000774",="Present",="9/25/2024",="PHARM205 P_B",
="800000774",="Present",="10/2/2024",="PHARM205 P_B",
="800000774",="Present",="10/9/2024",="PHARM205 P_B",
="800000774",="Present",="10/16/2024",="PHARM205 P_B",
="800000774",="Present",="10/23/2024",="PHARM205 P_B",
="800000774",="Present",="10/30/2024",="PHARM205 P_B",
="800000774",="Present",="11/6/2024",="PHARM205 P_B",
="800000774",="Present",="11/13/2024",="PHARM205 P_B",
="800000774",="Present",="11/20/2024",="PHARM205 P_B",
="800000774",="Present",="9/1/2024",="NUR303",
="800000774",="Present",="9/8/2024",="NUR303",
="800000774",="Present",="9/15/2024",="NUR303",
="800000774",="Present",="9/22/2024",="NUR303",
="800000774",="Present",="9/29/2024",="NUR303",
="800000774",="Present",="10/6/2024",="NUR303",
="800000774",="Present",="10/13/2024",="NUR303",
="800000774",="Present",="10/20/2024",="NUR303",
="800000916",="Present",="10/14/2024",="NUR135-L-A1",
="800000916",="Present",="10/21/2024",="NUR135-L-A1",
="800001155",="Present",="8/29/2024",="PSY101 -A",
="800001155",="Present",="9/5/2024",="PSY101 -A",
="800001155",="Present",="9/12/2024",="PSY101 -A",
="800001155",="Present",="9/19/2024",="PSY101 -A",
="800001155",="Present",="9/26/2024",="PSY101 -A",
="800001155",="Present",="10/3/2024",="PSY101 -A",
="800001155",="Present",="10/10/2024",="PSY101 -A",
="800001155",="Present",="10/17/2024",="PSY101 -A",
="800001155",="Present",="10/31/2024",="PSY101 -A",
="800001155",="Absent",="11/7/2024",="PSY101 -A",
="800001155",="Present",="11/14/2024",="PSY101 -A",
="800001149",="Present",="8/26/2024",="NUR135-A",
="800001149",="Present",="9/9/2024",="NUR135-A",
="800001149",="Present",="9/16/2024",="NUR135-A",
="800001149",="Present",="9/23/2024",="NUR135-A",
="800001149",="Present",="10/7/2024",="NUR135-A",
="800001149",="Present",="10/28/2024",="NUR135-A",
="800001149",="Present",="11/4/2024",="NUR135-A",
="800001149",="Present",="11/11/2024",="NUR135-A",
="800001149",="Present",="11/18/2024",="NUR135-A",
="800001149",="Present",="11/25/2024",="NUR135-A",
="800001149",="Present",="10/14/2024",="NUR135-L-A1",
="800001149",="Present",="10/21/2024",="NUR135-L-A1",
="800001527",="Present",="9/1/2024",="COL010 - OL II",
="800001527",="Present",="9/8/2024",="COL010 - OL II",
="800001527",="Present",="9/15/2024",="COL010 - OL II",
="800001527",="Present",="9/22/2024",="COL010 - OL II",
="800001363",="Present",="8/26/2024",="ENG102 - OL",
="800001363",="Present",="9/3/2024",="ENG102 - OL",
="800001363",="Present",="9/9/2024",="ENG102 - OL",
="800001363",="Present",="9/15/2024",="ENG102 - OL",
="800001363",="Present",="9/16/2024",="ENG102 - OL",
="800001363",="Present",="9/17/2024",="ENG102 - OL",
="800001363",="Present",="9/18/2024",="ENG102 - OL",
="800001363",="Present",="9/23/2024",="ENG102 - OL",
="800001363",="Present",="9/29/2024",="ENG102 - OL",
="800001363",="Present",="10/6/2024",="ENG102 - OL",
="800001363",="Present",="10/13/2024",="ENG102 - OL",
="800001363",="Present",="10/15/2024",="ENG102 - OL",
="800001363",="Present",="10/20/2024",="ENG102 - OL",
="800001363",="Present",="10/21/2024",="ENG102 - OL",
="800001363",="Present",="10/22/2024",="ENG102 - OL",
="800001363",="Present",="10/27/2024",="ENG102 - OL",
="800001363",="Present",="10/28/2024",="ENG102 - OL",
="800001363",="Present",="10/29/2024",="ENG102 - OL",
="800001363",="Present",="11/3/2024",="ENG102 - OL",
="800001363",="Present",="11/4/2024",="ENG102 - OL",
="800001363",="Present",="11/10/2024",="ENG102 - OL",
="800001363",="Present",="11/11/2024",="ENG102 - OL",
="800001363",="Present",="11/12/2024",="ENG102 - OL",
="800001363",="Present",="11/17/2024",="ENG102 - OL",
="800001363",="Present",="11/18/2024",="ENG102 - OL",
="800001363",="Present",="11/19/2024",="ENG102 - OL",
="800001363",="Present",="11/20/2024",="ENG102 - OL",
="800001363",="Present",="11/21/2024",="ENG102 - OL",
="800001363",="Present",="9/25/2024",="PHARM100-P",
="800001363",="Present",="10/2/2024",="PHARM100-P",
="800001363",="No class",="10/9/2024",="PHARM100-P",
="800001363",="No class",="10/16/2024",="PHARM100-P",
="800001363",="No class",="10/23/2024",="PHARM100-P",
="800001363",="No class",="10/30/2024",="PHARM100-P",
="800001363",="Absent",="11/6/2024",="PHARM100-P",
="800001363",="Absent",="11/13/2024",="PHARM100-P",
="800001363",="Absent",="9/1/2024",="NUT100 -OL",
="800001363",="Present",="9/8/2024",="NUT100 -OL",
="800001363",="Present",="9/15/2024",="NUT100 -OL",
="800001363",="Present",="9/22/2024",="NUT100 -OL",
="800001363",="Present",="9/29/2024",="NUT100 -OL",
="800001363",="Present",="10/6/2024",="NUT100 -OL",
="800001363",="Present",="10/13/2024",="NUT100 -OL",
="800001363",="Absent",="10/20/2024",="NUT100 -OL",
="800001363",="Absent",="10/27/2024",="NUT100 -OL",
="800001363",="Absent",="11/3/2024",="NUT100 -OL",
="800001363",="Present",="11/10/2024",="NUT100 -OL",
="800001363",="Present",="11/17/2024",="NUT100 -OL",
="800001363",="Present",="11/24/2024",="NUT100 -OL",
="800001363",="Present",="12/1/2024",="NUT100 -OL",
="800001298",="Present",="8/26/2024",="NUR135-A",
="800001298",="Present",="9/9/2024",="NUR135-A",
="800001298",="Present",="9/16/2024",="NUR135-A",
="800001298",="Present",="9/23/2024",="NUR135-A",
="800001298",="Present",="10/7/2024",="NUR135-A",
="800001298",="Present",="10/28/2024",="NUR135-A",
="800001298",="Present",="11/4/2024",="NUR135-A",
="800001298",="Present",="11/11/2024",="NUR135-A",
="800001298",="Present",="11/18/2024",="NUR135-A",
="800001298",="Present",="11/25/2024",="NUR135-A",
="800001268",="Present",="10/21/2024",="NUR135-L-P1",
="800001268",="Present",="12/9/2024",="NUR135-L-P1",
="800001268",="Present",="8/26/2024",="NUR135-P",
="800001268",="Present",="9/9/2024",="NUR135-P",
="800001268",="Present",="9/16/2024",="NUR135-P",
="800001268",="Present",="9/23/2024",="NUR135-P",
="800001268",="Present",="9/30/2024",="NUR135-P",
="800001268",="Present",="10/7/2024",="NUR135-P",
="800001268",="Present",="10/28/2024",="NUR135-P",
="800001268",="Present",="11/4/2024",="NUR135-P",
="800001268",="Present",="11/11/2024",="NUR135-P",
="800001268",="Present",="11/18/2024",="NUR135-P",
="800001268",="Present",="11/25/2024",="NUR135-P",
="800001268",="Present",="12/2/2024",="NUR135-S-P1",
="800001268",="Present",="12/9/2024",="NUR135-S-P1",
="800001094",="Present",="8/26/2024",="NUR135-A",
="800001094",="Present",="9/9/2024",="NUR135-A",
="800001094",="Present",="9/16/2024",="NUR135-A",
="800001094",="Present",="9/23/2024",="NUR135-A",
="800001094",="Present",="10/7/2024",="NUR135-A",
="800001094",="Present",="10/28/2024",="NUR135-A",
="800001094",="Present",="11/4/2024",="NUR135-A",
="800001094",="Present",="11/11/2024",="NUR135-A",
="800001094",="Present",="11/18/2024",="NUR135-A",
="800001094",="Present",="11/25/2024",="NUR135-A",
="800000941",="Present",="8/27/2024",="NUR120-A",
="800000941",="Present",="9/3/2024",="NUR120-A",
="800000941",="Present",="9/10/2024",="NUR120-A",
="800000941",="Present",="9/17/2024",="NUR120-A",
="800000941",="Absent",="9/24/2024",="NUR120-A",
="800000941",="Present",="10/1/2024",="NUR120-A",
="800000941",="Present",="10/8/2024",="NUR120-A",
="800000941",="Present",="10/29/2024",="NUR120-A",
="800000941",="Present",="11/5/2024",="NUR120-A",
="800000941",="Present",="11/12/2024",="NUR120-A",
="800000941",="Present",="11/19/2024",="NUR120-A",
="800000941",="Present",="11/26/2024",="NUR120-A",
="800001368",="Present",="8/27/2024",="NUR120-A",
="800001368",="Present",="9/3/2024",="NUR120-A",
="800001368",="Present",="9/10/2024",="NUR120-A",
="800001368",="Present",="9/17/2024",="NUR120-A",
="800001368",="Present",="9/24/2024",="NUR120-A",
="800001368",="Present",="10/1/2024",="NUR120-A",
="800001368",="Present",="10/8/2024",="NUR120-A",
="800001368",="Present",="10/29/2024",="NUR120-A",
="800001368",="Present",="11/5/2024",="NUR120-A",
="800001368",="Present",="11/12/2024",="NUR120-A",
="800001368",="Present",="11/19/2024",="NUR120-A",
="800001368",="Present",="11/26/2024",="NUR120-A",
="800001330",="Present",="8/27/2024",="NUR120 -P",
="800001330",="Present",="9/3/2024",="NUR120 -P",
="800001330",="Present",="9/10/2024",="NUR120 -P",
="800001330",="Present",="9/17/2024",="NUR120 -P",
="800001330",="Present",="9/24/2024",="NUR120 -P",
="800001330",="Present",="10/1/2024",="NUR120 -P",
="800001330",="Present",="10/8/2024",="NUR120 -P",
="800001330",="Present",="10/29/2024",="NUR120 -P",
="800001330",="Present",="11/5/2024",="NUR120 -P",
="800001330",="Present",="11/12/2024",="NUR120 -P",
="800001330",="Present",="11/19/2024",="NUR120 -P",
="800001330",="Present",="11/26/2024",="NUR120 -P",
="800001325",="Present",="8/27/2024",="NUR120 -P",
="800001325",="Present",="9/3/2024",="NUR120 -P",
="800001325",="Present",="9/10/2024",="NUR120 -P",
="800001325",="Present",="9/17/2024",="NUR120 -P",
="800001325",="Present",="9/24/2024",="NUR120 -P",
="800001325",="Present",="10/1/2024",="NUR120 -P",
="800001325",="Present",="10/8/2024",="NUR120 -P",
="800001325",="Present",="10/29/2024",="NUR120 -P",
="800001325",="Present",="11/5/2024",="NUR120 -P",
="800001325",="Present",="11/12/2024",="NUR120 -P",
="800001325",="Present",="11/19/2024",="NUR120 -P",
="800001325",="Present",="11/26/2024",="NUR120 -P",
="800001300",="Present",="8/27/2024",="NUR120 -P",
="800001300",="Present",="9/3/2024",="NUR120 -P",
="800001300",="Present",="9/10/2024",="NUR120 -P",
="800001300",="Present",="9/17/2024",="NUR120 -P",
="800001300",="Present",="9/24/2024",="NUR120 -P",
="800001300",="Present",="10/1/2024",="NUR120 -P",
="800001300",="Present",="10/8/2024",="NUR120 -P",
="800001300",="Present",="10/29/2024",="NUR120 -P",
="800001300",="Present",="11/5/2024",="NUR120 -P",
="800001300",="Absent",="11/12/2024",="NUR120 -P",
="800001300",="Present",="11/19/2024",="NUR120 -P",
="800001300",="Present",="11/26/2024",="NUR120 -P",
="800001181",="Present",="8/27/2024",="NUR120 -P",
="800001181",="Present",="9/3/2024",="NUR120 -P",
="800001181",="Present",="9/10/2024",="NUR120 -P",
="800001181",="Present",="9/17/2024",="NUR120 -P",
="800001181",="Present",="9/24/2024",="NUR120 -P",
="800001181",="Present",="10/1/2024",="NUR120 -P",
="800001181",="Present",="10/8/2024",="NUR120 -P",
="800001181",="Present",="10/29/2024",="NUR120 -P",
="800001181",="Present",="11/5/2024",="NUR120 -P",
="800001181",="Present",="11/12/2024",="NUR120 -P",
="800001181",="Present",="11/19/2024",="NUR120 -P",
="800001181",="Present",="11/26/2024",="NUR120 -P",
="800001419",="Present",="8/27/2024",="NUR120 -P",
="800001419",="Present",="9/3/2024",="NUR120 -P",
="800001419",="Present",="9/10/2024",="NUR120 -P",
="800001419",="Present",="9/17/2024",="NUR120 -P",
="800001419",="Present",="9/24/2024",="NUR120 -P",
="800001419",="Present",="10/1/2024",="NUR120 -P",
="800001419",="Present",="10/8/2024",="NUR120 -P",
="800001419",="Present",="10/29/2024",="NUR120 -P",
="800001419",="Present",="11/5/2024",="NUR120 -P",
="800001419",="Present",="11/12/2024",="NUR120 -P",
="800001419",="Present",="11/19/2024",="NUR120 -P",
="800001419",="Present",="11/26/2024",="NUR120 -P",
="800001215",="Present",="8/27/2024",="NUR120 -P",
="800001215",="Present",="9/3/2024",="NUR120 -P",
="800001215",="Present",="9/10/2024",="NUR120 -P",
="800001215",="Present",="9/17/2024",="NUR120 -P",
="800001215",="Present",="9/24/2024",="NUR120 -P",
="800001215",="Present",="10/1/2024",="NUR120 -P",
="800001215",="Present",="10/8/2024",="NUR120 -P",
="800001215",="Present",="10/29/2024",="NUR120 -P",
="800001215",="Present",="11/5/2024",="NUR120 -P",
="800001215",="Present",="11/12/2024",="NUR120 -P",
="800001215",="Present",="11/19/2024",="NUR120 -P",
="800001215",="Present",="11/26/2024",="NUR120 -P",
="800001031",="Present",="8/27/2024",="NUR120 -P",
="800001031",="Present",="9/3/2024",="NUR120 -P",
="800001031",="Present",="9/10/2024",="NUR120 -P",
="800001031",="Present",="9/17/2024",="NUR120 -P",
="800001031",="Present",="9/24/2024",="NUR120 -P",
="800001031",="Present",="10/1/2024",="NUR120 -P",
="800001031",="Present",="10/8/2024",="NUR120 -P",
="800001031",="Present",="10/29/2024",="NUR120 -P",
="800001031",="Present",="11/5/2024",="NUR120 -P",
="800001031",="Present",="11/12/2024",="NUR120 -P",
="800001031",="Present",="11/19/2024",="NUR120 -P",
="800001031",="Present",="11/26/2024",="NUR120 -P",
="800001378",="Present",="9/1/2024",="NUT100 -OL",
="800001378",="Present",="9/8/2024",="NUT100 -OL",
="800001378",="Present",="9/15/2024",="NUT100 -OL",
="800001378",="Present",="9/22/2024",="NUT100 -OL",
="800001378",="Present",="9/29/2024",="NUT100 -OL",
="800001378",="Present",="10/6/2024",="NUT100 -OL",
="800001378",="Present",="10/13/2024",="NUT100 -OL",
="800001378",="Present",="10/20/2024",="NUT100 -OL",
="800001378",="Present",="10/27/2024",="NUT100 -OL",
="800001378",="Present",="11/3/2024",="NUT100 -OL",
="800001378",="Present",="11/10/2024",="NUT100 -OL",
="800001378",="Present",="11/17/2024",="NUT100 -OL",
="800001378",="Present",="11/24/2024",="NUT100 -OL",
="800001378",="Present",="12/1/2024",="NUT100 -OL",
="800001378",="Present",="9/3/2024",="NUR125-L-A1",
="800001378",="Present",="9/10/2024",="NUR125-L-A1",
="800001378",="Present",="9/17/2024",="NUR125-L-A1",
="800001378",="Present",="9/24/2024",="NUR125-L-A1",
="800001378",="Present",="10/1/2024",="NUR125-L-A1",
="800001378",="Present",="10/8/2024",="NUR125-L-A1",
="800001378",="Present",="10/15/2024",="NUR125-L-A1",
="800001378",="Present",="10/22/2024",="NUR125-L-A1",
="800001378",="Present",="11/5/2024",="NUR125-L-A1",
="800001378",="Present",="11/12/2024",="NUR125-L-A1",
="800001378",="Present",="11/19/2024",="NUR125-L-A1",
="800001378",="Present",="11/26/2024",="NUR125-L-A1",
="800001378",="Present",="12/3/2024",="NUR125-L-A1",
="800001378",="Present",="12/10/2024",="NUR125-L-A1",
="800001378",="Absent",="9/13/2024",="NUR120-L-P1",
="800001378",="Present",="9/20/2024",="NUR120-L-P1",
="800001378",="Present",="10/11/2024",="NUR120-L-P1",
="800001378",="Present",="11/1/2024",="NUR120-L-P1",
="800001378",="Present",="11/6/2024",="NUR120-L-P1",
="800001378",="Present",="8/27/2024",="NUR125-A",
="800001378",="Present",="9/3/2024",="NUR125-A",
="800001378",="Present",="9/10/2024",="NUR125-A",
="800001378",="Absent",="9/17/2024",="NUR125-A",
="800001378",="Present",="9/24/2024",="NUR125-A",
="800001378",="Present",="10/1/2024",="NUR125-A",
="800001378",="Present",="10/8/2024",="NUR125-A",
="800001378",="Present",="10/29/2024",="NUR125-A",
="800001378",="Present",="11/5/2024",="NUR125-A",
="800001378",="Present",="11/19/2024",="NUR125-A",
="800001378",="Present",="11/26/2024",="NUR125-A",
="800001378",="Present",="8/27/2024",="NUR120-A",
="800001378",="Present",="9/3/2024",="NUR120-A",
="800001378",="Present",="9/10/2024",="NUR120-A",
="800001378",="Present",="9/17/2024",="NUR120-A",
="800001378",="Present",="9/24/2024",="NUR120-A",
="800001378",="Present",="10/1/2024",="NUR120-A",
="800001378",="Present",="10/8/2024",="NUR120-A",
="800001378",="Present",="10/29/2024",="NUR120-A",
="800001378",="Present",="11/5/2024",="NUR120-A",
="800001378",="Present",="11/12/2024",="NUR120-A",
="800001378",="Present",="11/19/2024",="NUR120-A",
="800001378",="Present",="11/26/2024",="NUR120-A",
="800001378",="Present",="8/28/2024",="PHARM130-P",
="800001378",="Present",="9/4/2024",="PHARM130-P",
="800001378",="Present",="9/11/2024",="PHARM130-P",
="800001378",="Tardy/Late",="9/18/2024",="PHARM130-P",
="800001378",="Present",="9/25/2024",="PHARM130-P",
="800001378",="Present",="10/2/2024",="PHARM130-P",
="800001378",="Present",="10/9/2024",="PHARM130-P",
="800001378",="Present",="10/16/2024",="PHARM130-P",
="800001378",="Present",="10/23/2024",="PHARM130-P",
="800001378",="Tardy/Late",="10/30/2024",="PHARM130-P",
="800001378",="Present",="11/6/2024",="PHARM130-P",
="800001378",="Absent",="11/13/2024",="PHARM130-P",
="800001378",="Tardy/Late",="11/20/2024",="PHARM130-P",
="800000608",="Present",="10/21/2024",="NUR236-C-P2",
="800000608",="Present",="10/24/2024",="NUR236-C-P2",
="800000608",="Present",="12/2/2024",="NUR236-C-P2",
="800000608",="Present",="12/5/2024",="NUR236-C-P2",
="800000608",="Present",="9/12/2024",="NUR236-L-P1",
="800000608",="Present",="9/26/2024",="NUR236-L-P1",
="800000608",="Present",="11/7/2024",="NUR236-L-P1",
="800000608",="Present",="11/14/2024",="NUR236-L-P1",
="800001557",="Present",="9/1/2024",="COL010 - OL II",
="800001557",="Present",="9/8/2024",="COL010 - OL II",
="800001557",="Present",="9/15/2024",="COL010 - OL II",
="800001557",="Present",="9/22/2024",="COL010 - OL II",
="800001557",="Present",="8/27/2024",="AP100-P",
="800001557",="Present",="9/3/2024",="AP100-P",
="800001557",="Present",="9/10/2024",="AP100-P",
="800001557",="Present",="9/17/2024",="AP100-P",
="800001557",="Present",="9/24/2024",="AP100-P",
="800001557",="Present",="10/1/2024",="AP100-P",
="800001557",="Present",="10/8/2024",="AP100-P",
="800001557",="Present",="10/15/2024",="AP100-P",
="800001557",="Present",="10/22/2024",="AP100-P",
="800001557",="Present",="10/29/2024",="AP100-P",
="800001557",="Present",="11/5/2024",="AP100-P",
="800001557",="Present",="11/12/2024",="AP100-P",
="800001557",="Present",="11/19/2024",="AP100-P",
="800001557",="Present",="11/26/2024",="AP100-P",
="800001557",="Present",="12/3/2024",="AP100-P",
="800001557",="Present",="8/29/2024",="NUR100-L-P2",
="800001557",="Present",="9/5/2024",="NUR100-L-P2",
="800001557",="Present",="9/12/2024",="NUR100-L-P2",
="800001557",="Present",="9/19/2024",="NUR100-L-P2",
="800001557",="Present",="9/26/2024",="NUR100-L-P2",
="800001557",="Present",="10/3/2024",="NUR100-L-P2",
="800001557",="Present",="10/10/2024",="NUR100-L-P2",
="800001557",="Present",="10/17/2024",="NUR100-L-P2",
="800001557",="Present",="10/24/2024",="NUR100-L-P2",
="800001557",="Present",="10/31/2024",="NUR100-L-P2",
="800001557",="Present",="11/7/2024",="NUR100-L-P2",
="800001557",="Present",="11/14/2024",="NUR100-L-P2",
="800001557",="Present",="11/21/2024",="NUR100-L-P2",
="800001557",="Absent",="12/5/2024",="NUR100-L-P2",
="800001557",="Absent",="12/12/2024",="NUR100-L-P2",
="800001557",="Present",="8/26/2024",="NUR100-P",
="800001557",="Present",="9/9/2024",="NUR100-P",
="800001557",="Present",="9/16/2024",="NUR100-P",
="800001557",="Present",="9/23/2024",="NUR100-P",
="800001557",="Present",="9/30/2024",="NUR100-P",
="800001557",="Present",="10/7/2024",="NUR100-P",
="800001557",="Present",="10/28/2024",="NUR100-P",
="800001557",="Present",="11/4/2024",="NUR100-P",
="800001557",="Present",="11/11/2024",="NUR100-P",
="800001557",="Present",="11/18/2024",="NUR100-P",
="800001557",="Present",="11/25/2024",="NUR100-P",
="800001557",="Present",="12/2/2024",="NUR100-P",
="800001557",="Present",="9/25/2024",="PHARM100-P",
="800001557",="Present",="10/2/2024",="PHARM100-P",
="800001557",="Present",="10/9/2024",="PHARM100-P",
="800001557",="Present",="10/16/2024",="PHARM100-P",
="800001557",="Present",="10/23/2024",="PHARM100-P",
="800001557",="Present",="10/30/2024",="PHARM100-P",
="800001557",="Present",="11/6/2024",="PHARM100-P",
="800001557",="Present",="11/13/2024",="PHARM100-P",
="770000107",="Present",="8/28/2024",="AP209 -A",
="770000107",="Present",="9/4/2024",="AP209 -A",
="770000107",="Present",="9/11/2024",="AP209 -A",
="770000107",="Tardy/Late",="9/18/2024",="AP209 -A",
="770000107",="Present",="9/25/2024",="AP209 -A",
="770000107",="Present",="10/2/2024",="AP209 -A",
="770000107",="Present",="10/9/2024",="AP209 -A",
="770000107",="Present",="10/16/2024",="AP209 -A",
="770000107",="Present",="10/23/2024",="AP209 -A",
="770000107",="Present",="10/30/2024",="AP209 -A",
="770000107",="Present",="11/6/2024",="AP209 -A",
="770000107",="Present",="11/13/2024",="AP209 -A",
="770000107",="Present",="11/20/2024",="AP209 -A",
="770000107",="Absent",="11/27/2024",="AP209 -A",
="770000107",="Present",="12/4/2024",="AP209 -A",
="770000107",="Present",="9/1/2024",="PSY101 -OL",
="770000107",="Present",="9/8/2024",="PSY101 -OL",
="770000107",="Present",="9/15/2024",="PSY101 -OL",
="770000107",="Present",="9/22/2024",="PSY101 -OL",
="770000107",="Present",="9/29/2024",="PSY101 -OL",
="770000107",="Present",="10/6/2024",="PSY101 -OL",
="770000107",="Absent",="10/13/2024",="PSY101 -OL",
="770000107",="Present",="10/20/2024",="PSY101 -OL",
="770000107",="Present",="10/27/2024",="PSY101 -OL",
="770000107",="Present",="11/3/2024",="PSY101 -OL",
="770000107",="Present",="11/10/2024",="PSY101 -OL",
="770000107",="Present",="11/17/2024",="PSY101 -OL",
="770000107",="Present",="11/24/2024",="PSY101 -OL",
="770000107",="Present",="12/1/2024",="PSY101 -OL",
="770000107",="Present",="10/2/2024",="NUR216-L-P1",
="770000107",="Present",="10/9/2024",="NUR216-L-P1",
="770000107",="Present",="11/13/2024",="NUR216-L-P1",
="770000107",="Present",="11/27/2024",="NUR216-L-P1",
="770000107",="Present",="10/19/2024",="NUR216-C-P1",
="770000107",="Present",="10/26/2024",="NUR216-C-P1",
="770000107",="Present",="12/7/2024",="NUR216-C-P1",
="770000107",="Present",="8/27/2024",="NUR216 -P",
="770000107",="Present",="9/3/2024",="NUR216 -P",
="770000107",="Present",="9/10/2024",="NUR216 -P",
="770000107",="Present",="9/17/2024",="NUR216 -P",
="770000107",="Present",="9/24/2024",="NUR216 -P",
="770000107",="Present",="10/1/2024",="NUR216 -P",
="770000107",="Present",="10/8/2024",="NUR216 -P",
="770000107",="Present",="10/29/2024",="NUR216 -P",
="770000107",="Present",="11/5/2024",="NUR216 -P",
="770000107",="Present",="11/12/2024",="NUR216 -P",
="770000107",="Present",="11/26/2024",="NUR216 -P",
="800000370",="Present",="8/29/2024",="NUR100-L-P2",
="800000370",="Present",="9/5/2024",="NUR100-L-P2",
="800000370",="Present",="9/12/2024",="NUR100-L-P2",
="800000370",="Present",="9/19/2024",="NUR100-L-P2",
="800000370",="Present",="9/26/2024",="NUR100-L-P2",
="800000370",="Present",="10/3/2024",="NUR100-L-P2",
="800000370",="Present",="10/10/2024",="NUR100-L-P2",
="800000370",="Present",="10/17/2024",="NUR100-L-P2",
="800000370",="Present",="10/24/2024",="NUR100-L-P2",
="800000370",="Present",="10/31/2024",="NUR100-L-P2",
="800000370",="Present",="11/7/2024",="NUR100-L-P2",
="800000370",="Present",="11/14/2024",="NUR100-L-P2",
="800000370",="Present",="11/21/2024",="NUR100-L-P2",
="800000370",="Absent",="12/5/2024",="NUR100-L-P2",
="800000370",="Absent",="12/12/2024",="NUR100-L-P2",
="800000370",="Present",="8/26/2024",="NUR100-P",
="800000370",="Present",="9/9/2024",="NUR100-P",
="800000370",="Present",="9/16/2024",="NUR100-P",
="800000370",="Present",="9/23/2024",="NUR100-P",
="800000370",="Present",="9/30/2024",="NUR100-P",
="800000370",="Present",="10/7/2024",="NUR100-P",
="800000370",="Present",="10/28/2024",="NUR100-P",
="800000370",="Present",="11/4/2024",="NUR100-P",
="800000370",="Present",="11/11/2024",="NUR100-P",
="800000370",="Present",="11/18/2024",="NUR100-P",
="800000370",="Present",="11/25/2024",="NUR100-P",
="800000370",="Present",="12/2/2024",="NUR100-P",
="800001315",="Present",="8/26/2024",="NUR135-A",
="800001315",="Present",="9/9/2024",="NUR135-A",
="800001315",="Present",="9/16/2024",="NUR135-A",
="800001315",="Present",="9/23/2024",="NUR135-A",
="800001315",="Present",="10/7/2024",="NUR135-A",
="800001315",="Present",="10/28/2024",="NUR135-A",
="800001315",="Present",="11/4/2024",="NUR135-A",
="800001315",="Present",="11/11/2024",="NUR135-A",
="800001315",="Present",="11/18/2024",="NUR135-A",
="800001315",="Present",="11/25/2024",="NUR135-A",
="800001315",="Present",="10/14/2024",="NUR135-L-A1",
="800001315",="Present",="10/21/2024",="NUR135-L-A1",
="800001315",="Present",="10/14/2024",="NUR135-S-A1",
="800001315",="Present",="10/21/2024",="NUR135-S-A1",
="800001315",="Present",="12/2/2024",="NUR135-S-A1",
="800001394",="Present",="8/27/2024",="AP100-P",
="800001394",="Present",="9/3/2024",="AP100-P",
="800001394",="Present",="9/10/2024",="AP100-P",
="800001394",="Present",="9/17/2024",="AP100-P",
="800001394",="Present",="9/24/2024",="AP100-P",
="800001394",="Present",="10/1/2024",="AP100-P",
="800001394",="Present",="10/8/2024",="AP100-P",
="800001394",="Present",="10/15/2024",="AP100-P",
="800001394",="Present",="10/22/2024",="AP100-P",
="800001394",="Present",="10/29/2024",="AP100-P",
="800001394",="Present",="11/5/2024",="AP100-P",
="800001394",="Present",="11/12/2024",="AP100-P",
="800001394",="Present",="11/19/2024",="AP100-P",
="800001394",="Present",="11/26/2024",="AP100-P",
="800001394",="Present",="12/3/2024",="AP100-P",
="800001303",="Present",="8/27/2024",="NUR120 -P",
="800001303",="Present",="9/3/2024",="NUR120 -P",
="800001303",="Present",="9/10/2024",="NUR120 -P",
="800001303",="Present",="9/17/2024",="NUR120 -P",
="800001303",="Present",="9/24/2024",="NUR120 -P",
="800001303",="Present",="10/1/2024",="NUR120 -P",
="800001303",="Present",="10/8/2024",="NUR120 -P",
="800001303",="Present",="10/29/2024",="NUR120 -P",
="800001303",="Present",="11/5/2024",="NUR120 -P",
="800001303",="Present",="11/12/2024",="NUR120 -P",
="800001303",="Present",="11/19/2024",="NUR120 -P",
="800001303",="Present",="11/26/2024",="NUR120 -P",
="800001303",="Present",="9/13/2024",="NUR120-L-P1",
="800001303",="Present",="9/20/2024",="NUR120-L-P1",
="800001303",="Absent",="10/11/2024",="NUR120-L-P1",
="800001303",="Present",="11/1/2024",="NUR120-L-P1",
="800001303",="Present",="11/6/2024",="NUR120-L-P1",
="800001427",="Absent",="8/27/2024",="NUR120-A",
="800001427",="Present",="9/3/2024",="NUR120-A",
="800001427",="Present",="9/10/2024",="NUR120-A",
="800001427",="Present",="9/17/2024",="NUR120-A",
="800001427",="Present",="9/24/2024",="NUR120-A",
="800001427",="Present",="10/1/2024",="NUR120-A",
="800001427",="Present",="10/8/2024",="NUR120-A",
="800001427",="Present",="10/29/2024",="NUR120-A",
="800001427",="Present",="11/5/2024",="NUR120-A",
="800001427",="Present",="11/12/2024",="NUR120-A",
="800001427",="Present",="11/19/2024",="NUR120-A",
="800001427",="Present",="11/26/2024",="NUR120-A",
="800001427",="Present",="9/13/2024",="NUR120-L-A1",
="800001427",="Present",="9/20/2024",="NUR120-L-A1",
="800001427",="Present",="10/11/2024",="NUR120-L-A1",
="800001427",="Present",="10/18/2024",="NUR120-L-A1",
="800001427",="Present",="11/1/2024",="NUR120-L-A1",
="800001427",="Present",="11/8/2024",="NUR120-L-A1",
="800001427",="Absent",="12/6/2024",="NUR120-L-A1",
="800001408",="Present",="9/5/2024",="NUR125-L-P1",
="800001408",="Present",="9/12/2024",="NUR125-L-P1",
="800001408",="Present",="9/19/2024",="NUR125-L-P1",
="800001408",="Present",="9/26/2024",="NUR125-L-P1",
="800001408",="Present",="10/3/2024",="NUR125-L-P1",
="800001408",="Present",="10/10/2024",="NUR125-L-P1",
="800001408",="Present",="10/17/2024",="NUR125-L-P1",
="800001408",="Present",="10/31/2024",="NUR125-L-P1",
="800001408",="Present",="11/7/2024",="NUR125-L-P1",
="800001408",="Present",="11/14/2024",="NUR125-L-P1",
="800001408",="Present",="8/29/2024",="NUR125-P",
="800001408",="Present",="9/5/2024",="NUR125-P",
="800001408",="Present",="9/12/2024",="NUR125-P",
="800001408",="Present",="9/19/2024",="NUR125-P",
="800001408",="Present",="9/26/2024",="NUR125-P",
="800001408",="Present",="10/3/2024",="NUR125-P",
="800001408",="Present",="10/10/2024",="NUR125-P",
="800001408",="Present",="10/31/2024",="NUR125-P",
="800001408",="Present",="11/7/2024",="NUR125-P",
="800001408",="Present",="11/14/2024",="NUR125-P",
="800001408",="Present",="11/21/2024",="NUR125-P",
="800001414",="Present",="8/28/2024",="PHARM130-P",
="800001414",="Present",="9/4/2024",="PHARM130-P",
="800001414",="Present",="9/11/2024",="PHARM130-P",
="800001414",="Present",="9/18/2024",="PHARM130-P",
="800001414",="Present",="9/25/2024",="PHARM130-P",
="800001414",="Present",="10/2/2024",="PHARM130-P",
="800001414",="Present",="10/9/2024",="PHARM130-P",
="800001414",="Present",="10/16/2024",="PHARM130-P",
="800001414",="Present",="10/23/2024",="PHARM130-P",
="800001414",="Present",="10/30/2024",="PHARM130-P",
="800001414",="Present",="11/6/2024",="PHARM130-P",
="800001414",="Present",="11/13/2024",="PHARM130-P",
="800001414",="Present",="11/20/2024",="PHARM130-P",
="800001372",="Present",="9/5/2024",="NUR205-L-P1",
="800001372",="Present",="9/12/2024",="NUR205-L-P1",
="800001372",="Present",="9/19/2024",="NUR205-L-P1",
="800001372",="Present",="9/26/2024",="NUR205-L-P1",
="800001372",="Present",="10/3/2024",="NUR205-L-P1",
="800001372",="Present",="10/10/2024",="NUR205-L-P1",
="800001372",="Present",="10/17/2024",="NUR205-L-P1",
="800001372",="Absent",="10/31/2024",="NUR205-L-P1",
="800001372",="Present",="11/7/2024",="NUR205-L-P1",
="800001372",="Present",="11/14/2024",="NUR205-L-P1",
="800001372",="Present",="11/21/2024",="NUR205-L-P1",
="800001372",="Present",="10/2/2024",="NUR216-L-P1",
="800001372",="Present",="10/9/2024",="NUR216-L-P1",
="800001372",="Absent",="11/13/2024",="NUR216-L-P1",
="800001372",="Absent",="11/27/2024",="NUR216-L-P1",
="800001372",="Present",="8/29/2024",="NUR205 -P",
="800001372",="Present",="9/5/2024",="NUR205 -P",
="800001372",="Present",="9/12/2024",="NUR205 -P",
="800001372",="Present",="9/19/2024",="NUR205 -P",
="800001372",="Present",="9/26/2024",="NUR205 -P",
="800001372",="Present",="10/3/2024",="NUR205 -P",
="800001372",="Present",="10/10/2024",="NUR205 -P",
="800001372",="Present",="10/31/2024",="NUR205 -P",
="800001372",="Present",="11/7/2024",="NUR205 -P",
="800001372",="Present",="11/14/2024",="NUR205 -P",
="800001372",="Present",="8/27/2024",="NUR216 -P",
="800001372",="Present",="9/3/2024",="NUR216 -P",
="800001372",="Present",="9/10/2024",="NUR216 -P",
="800001372",="Present",="9/17/2024",="NUR216 -P",
="800001372",="Present",="9/24/2024",="NUR216 -P",
="800001372",="Present",="10/1/2024",="NUR216 -P",
="800001372",="Present",="10/8/2024",="NUR216 -P",
="800001372",="Present",="10/29/2024",="NUR216 -P",
="800001372",="Absent",="11/5/2024",="NUR216 -P",
="800001372",="Present",="11/12/2024",="NUR216 -P",
="800001372",="Present",="11/26/2024",="NUR216 -P",
="800001372",="Present",="8/29/2024",="NUR201-A",
="800001372",="Present",="9/5/2024",="NUR201-A",
="800001372",="Present",="9/12/2024",="NUR201-A",
="800001372",="Present",="9/19/2024",="NUR201-A",
="800001372",="Absent",="9/26/2024",="NUR201-A",
="800001372",="Present",="10/10/2024",="NUR201-A",
="800001372",="Present",="10/31/2024",="NUR201-A",
="800001372",="Absent",="11/7/2024",="NUR201-A",
="800001372",="Present",="11/14/2024",="NUR201-A",
="800001372",="Present",="10/19/2024",="NUR216-C-P1",
="800001372",="Present",="10/26/2024",="NUR216-C-P1",
="800001372",="Present",="12/7/2024",="NUR216-C-P1",
="800001372",="Absent",="8/26/2024",="PHARM225-P_ A",
="800001372",="Present",="9/9/2024",="PHARM225-P_ A",
="800001372",="Tardy/Late",="9/16/2024",="PHARM225-P_ A",
="800001372",="Tardy/Late",="9/23/2024",="PHARM225-P_ A",
="800001372",="Present",="9/30/2024",="PHARM225-P_ A",
="800001372",="Present",="10/7/2024",="PHARM225-P_ A",
="800001372",="Absent",="10/14/2024",="PHARM225-P_ A",
="800001372",="Absent",="10/21/2024",="PHARM225-P_ A",
="800001372",="Absent",="10/28/2024",="PHARM225-P_ A",
="800001372",="Absent",="11/4/2024",="PHARM225-P_ A",
="800001372",="Absent",="11/11/2024",="PHARM225-P_ A",
="800001372",="Present",="8/26/2024",="ENG102 - OL",
="800001372",="Present",="9/3/2024",="ENG102 - OL",
="800001372",="Present",="9/9/2024",="ENG102 - OL",
="800001372",="Present",="9/15/2024",="ENG102 - OL",
="800001372",="Present",="9/16/2024",="ENG102 - OL",
="800001372",="Present",="9/17/2024",="ENG102 - OL",
="800001372",="Present",="9/18/2024",="ENG102 - OL",
="800001372",="Present",="9/23/2024",="ENG102 - OL",
="800001372",="Present",="9/29/2024",="ENG102 - OL",
="800001372",="Present",="10/6/2024",="ENG102 - OL",
="800001372",="Present",="10/13/2024",="ENG102 - OL",
="800001372",="Present",="10/15/2024",="ENG102 - OL",
="800001372",="Present",="10/20/2024",="ENG102 - OL",
="800001372",="Present",="10/21/2024",="ENG102 - OL",
="800001372",="Present",="10/22/2024",="ENG102 - OL",
="800001372",="Present",="10/27/2024",="ENG102 - OL",
="800001372",="Present",="10/28/2024",="ENG102 - OL",
="800001372",="Present",="10/29/2024",="ENG102 - OL",
="800001372",="Present",="11/3/2024",="ENG102 - OL",
="800001372",="Present",="11/4/2024",="ENG102 - OL",
="800001372",="Present",="11/10/2024",="ENG102 - OL",
="800001372",="Present",="11/11/2024",="ENG102 - OL",
="800001372",="Present",="11/12/2024",="ENG102 - OL",
="800001372",="Present",="11/17/2024",="ENG102 - OL",
="800001372",="Present",="11/18/2024",="ENG102 - OL",
="800001372",="Present",="11/19/2024",="ENG102 - OL",
="800001372",="Present",="11/20/2024",="ENG102 - OL",
="800001372",="Present",="11/21/2024",="ENG102 - OL",
="800001497",="Present",="8/28/2024",="AP209 -A",
="800001497",="Present",="9/4/2024",="AP209 -A",
="800001497",="Present",="9/11/2024",="AP209 -A",
="800001497",="Present",="9/18/2024",="AP209 -A",
="800001497",="Present",="9/25/2024",="AP209 -A",
="800001497",="Present",="10/2/2024",="AP209 -A",
="800001497",="Present",="10/9/2024",="AP209 -A",
="800001497",="Present",="10/16/2024",="AP209 -A",
="800001497",="Present",="10/23/2024",="AP209 -A",
="800001497",="Present",="10/30/2024",="AP209 -A",
="800001497",="Present",="11/6/2024",="AP209 -A",
="800001497",="Present",="11/13/2024",="AP209 -A",
="800001497",="Present",="11/20/2024",="AP209 -A",
="800001497",="Present",="11/27/2024",="AP209 -A",
="800001497",="Present",="12/4/2024",="AP209 -A",
="800001215",="Present",="9/5/2024",="NUR125-L-P1",
="800001215",="Present",="9/12/2024",="NUR125-L-P1",
="800001215",="Absent",="9/19/2024",="NUR125-L-P1",
="800001215",="Present",="9/26/2024",="NUR125-L-P1",
="800001215",="Present",="10/3/2024",="NUR125-L-P1",
="800001215",="Absent",="10/10/2024",="NUR125-L-P1",
="800001215",="Present",="10/17/2024",="NUR125-L-P1",
="800001215",="Present",="10/31/2024",="NUR125-L-P1",
="800001215",="Present",="11/7/2024",="NUR125-L-P1",
="800001215",="Present",="11/14/2024",="NUR125-L-P1",
="800001215",="Present",="8/29/2024",="NUR125-P",
="800001215",="Present",="9/5/2024",="NUR125-P",
="800001215",="Present",="9/12/2024",="NUR125-P",
="800001215",="Present",="9/19/2024",="NUR125-P",
="800001215",="Tardy/Late",="9/26/2024",="NUR125-P",
="800001215",="Present",="10/3/2024",="NUR125-P",
="800001215",="Present",="10/10/2024",="NUR125-P",
="800001215",="Present",="10/31/2024",="NUR125-P",
="800001215",="Present",="11/7/2024",="NUR125-P",
="800001215",="Present",="11/14/2024",="NUR125-P",
="800001215",="Present",="11/21/2024",="NUR125-P",
="800001280",="Present",="9/1/2024",="SOC101 -OL",
="800001280",="Present",="9/8/2024",="SOC101 -OL",
="800001280",="Present",="9/15/2024",="SOC101 -OL",
="800001280",="Present",="9/22/2024",="SOC101 -OL",
="800001280",="Present",="9/29/2024",="SOC101 -OL",
="800001280",="Present",="10/6/2024",="SOC101 -OL",
="800001280",="Present",="10/13/2024",="SOC101 -OL",
="800001280",="Present",="10/20/2024",="SOC101 -OL",
="800001280",="Present",="10/27/2024",="SOC101 -OL",
="800001280",="Present",="11/3/2024",="SOC101 -OL",
="800001280",="Present",="11/10/2024",="SOC101 -OL",
="800001280",="Present",="11/17/2024",="SOC101 -OL",
="800001280",="Present",="11/24/2024",="SOC101 -OL",
="800001280",="Present",="12/1/2024",="SOC101 -OL",
="800001280",="Present",="8/30/2024",="ENG101 -P",
="800001280",="Absent",="9/6/2024",="ENG101 -P",
="800001280",="Present",="9/13/2024",="ENG101 -P",
="800001280",="Absent",="9/20/2024",="ENG101 -P",
="800001280",="Present",="9/27/2024",="ENG101 -P",
="800001280",="Present",="10/4/2024",="ENG101 -P",
="800001280",="Present",="10/11/2024",="ENG101 -P",
="800001280",="Present",="10/18/2024",="ENG101 -P",
="800001280",="Present",="10/25/2024",="ENG101 -P",
="800001280",="Present",="11/1/2024",="ENG101 -P",
="800001280",="Present",="11/8/2024",="ENG101 -P",
="800001280",="Present",="11/15/2024",="ENG101 -P",
="800001280",="Present",="11/22/2024",="ENG101 -P",
="800001372",="Present",="9/5/2024",="NUR201-L-A",
="800001372",="Present",="9/12/2024",="NUR201-L-A",
="800001372",="Present",="9/19/2024",="NUR201-L-A",
="800001372",="Absent",="9/26/2024",="NUR201-L-A",
="800001372",="Present",="10/10/2024",="NUR201-L-A",
="800001372",="Present",="10/17/2024",="NUR201-L-A",
="800001372",="Present",="10/24/2024",="NUR201-L-A",
="800001372",="Present",="10/31/2024",="NUR201-L-A",
="800001497",="Absent",="9/5/2024",="NUR201-L-A",
="800001497",="Present",="9/12/2024",="NUR201-L-A",
="800001497",="Present",="9/19/2024",="NUR201-L-A",
="800001497",="Present",="9/26/2024",="NUR201-L-A",
="800001497",="Present",="10/10/2024",="NUR201-L-A",
="800001497",="Present",="10/17/2024",="NUR201-L-A",
="800001497",="Present",="10/24/2024",="NUR201-L-A",
="800001497",="Present",="10/31/2024",="NUR201-L-A",
="800000524",="Present",="9/1/2024",="NUT100 -OL",
="800000524",="Present",="9/8/2024",="NUT100 -OL",
="800000524",="Present",="9/15/2024",="NUT100 -OL",
="800000524",="Present",="9/22/2024",="NUT100 -OL",
="800000524",="Present",="9/29/2024",="NUT100 -OL",
="800000524",="Present",="10/6/2024",="NUT100 -OL",
="800000524",="Present",="10/13/2024",="NUT100 -OL",
="800000524",="Present",="10/20/2024",="NUT100 -OL",
="800000524",="Present",="10/27/2024",="NUT100 -OL",
="800000524",="Present",="11/3/2024",="NUT100 -OL",
="800000524",="Present",="11/10/2024",="NUT100 -OL",
="800000524",="Present",="11/17/2024",="NUT100 -OL",
="800000524",="Present",="11/24/2024",="NUT100 -OL",
="800000524",="Present",="12/1/2024",="NUT100 -OL",
="800000524",="Present",="8/28/2024",="PHARM130-P",
="800000524",="Present",="9/4/2024",="PHARM130-P",
="800000524",="Present",="9/11/2024",="PHARM130-P",
="800000524",="Present",="9/18/2024",="PHARM130-P",
="800000524",="Present",="9/25/2024",="PHARM130-P",
="800000524",="Present",="10/2/2024",="PHARM130-P",
="800000524",="Present",="10/9/2024",="PHARM130-P",
="800000524",="Present",="10/16/2024",="PHARM130-P",
="800000524",="Present",="10/23/2024",="PHARM130-P",
="800000524",="Present",="10/30/2024",="PHARM130-P",
="800000524",="Present",="11/6/2024",="PHARM130-P",
="800000524",="Present",="11/13/2024",="PHARM130-P",
="800000524",="Present",="11/20/2024",="PHARM130-P",
="800001292",="Present",="8/27/2024",="NUR120-A",
="800001292",="Present",="9/3/2024",="NUR120-A",
="800001292",="Present",="9/10/2024",="NUR120-A",
="800001292",="Present",="9/17/2024",="NUR120-A",
="800001292",="Present",="9/24/2024",="NUR120-A",
="800001292",="Present",="10/1/2024",="NUR120-A",
="800001292",="Present",="10/8/2024",="NUR120-A",
="800001292",="Present",="10/29/2024",="NUR120-A",
="800001292",="Present",="11/5/2024",="NUR120-A",
="800001292",="Present",="11/12/2024",="NUR120-A",
="800001292",="Present",="11/19/2024",="NUR120-A",
="800001292",="Present",="11/26/2024",="NUR120-A",
="800001292",="Present",="10/18/2024",="NUR120-C-A1",
="800001292",="Present",="10/19/2024",="NUR120-C-A1",
="800001292",="Present",="10/25/2024",="NUR120-C-A1",
="800001292",="Present",="10/26/2024",="NUR120-C-A1",
="800001292",="Present",="12/5/2024",="NUR120-C-A1",
="800001292",="Present",="12/6/2024",="NUR120-C-A1",
="800001292",="Present",="9/13/2024",="NUR120-L-A1",
="800001292",="Present",="9/20/2024",="NUR120-L-A1",
="800001292",="Present",="10/11/2024",="NUR120-L-A1",
="800001292",="Present",="10/18/2024",="NUR120-L-A1",
="800001292",="Present",="11/1/2024",="NUR120-L-A1",
="800001292",="Present",="11/8/2024",="NUR120-L-A1",
="800001292",="Present",="12/6/2024",="NUR120-L-A1",
="800001292",="Present",="8/26/2024",="NUR135-A",
="800001292",="Present",="9/9/2024",="NUR135-A",
="800001292",="Present",="9/16/2024",="NUR135-A",
="800001292",="Present",="9/23/2024",="NUR135-A",
="800001292",="Present",="10/7/2024",="NUR135-A",
="800001292",="Present",="10/28/2024",="NUR135-A",
="800001292",="Present",="11/4/2024",="NUR135-A",
="800001292",="Present",="11/11/2024",="NUR135-A",
="800001292",="Present",="11/18/2024",="NUR135-A",
="800001292",="Present",="11/25/2024",="NUR135-A",
="800001292",="Present",="10/14/2024",="NUR135-L-A1",
="800001292",="Present",="10/21/2024",="NUR135-L-A1",
="800001292",="Present",="10/21/2024",="NUR135-S-A2",
="800001292",="Present",="12/9/2024",="NUR135-S-A2",
="800001368",="Present",="9/3/2024",="NUR125-L-A1",
="800001368",="Present",="9/10/2024",="NUR125-L-A1",
="800001368",="Present",="9/17/2024",="NUR125-L-A1",
="800001368",="Present",="9/24/2024",="NUR125-L-A1",
="800001368",="Present",="10/1/2024",="NUR125-L-A1",
="800001368",="Present",="10/8/2024",="NUR125-L-A1",
="800001368",="Present",="10/15/2024",="NUR125-L-A1",
="800001368",="Present",="10/22/2024",="NUR125-L-A1",
="800001368",="Present",="11/5/2024",="NUR125-L-A1",
="800001368",="Present",="11/12/2024",="NUR125-L-A1",
="800001368",="Present",="11/19/2024",="NUR125-L-A1",
="800001368",="Present",="11/26/2024",="NUR125-L-A1",
="800001368",="Present",="12/3/2024",="NUR125-L-A1",
="800001104",="Present",="8/28/2024",="NUR155-P",
="800001104",="Present",="9/4/2024",="NUR155-P",
="800001104",="Present",="9/11/2024",="NUR155-P",
="800001104",="Present",="9/18/2024",="NUR155-P",
="800001104",="Present",="9/25/2024",="NUR155-P",
="800001104",="Present",="10/2/2024",="NUR155-P",
="800001104",="Present",="10/9/2024",="NUR155-P",
="800001104",="No class",="10/16/2024",="NUR155-P",
="800001104",="No class",="10/23/2024",="NUR155-P",
="800001104",="Present",="10/30/2024",="NUR155-P",
="800001104",="Present",="11/6/2024",="NUR155-P",
="800001104",="Present",="11/13/2024",="NUR155-P",
="800001104",="Present",="11/20/2024",="NUR155-P",
="800001104",="Present",="11/27/2024",="NUR155-P",
="800001104",="Present",="12/4/2024",="NUR155-P",
="770001374",="Present",="8/29/2024",="NUR201-A",
="770001374",="Present",="9/5/2024",="NUR201-A",
="770001374",="Present",="9/12/2024",="NUR201-A",
="770001374",="Absent",="9/19/2024",="NUR201-A",
="770001374",="Present",="9/26/2024",="NUR201-A",
="770001374",="Absent",="10/10/2024",="NUR201-A",
="770001374",="Absent",="10/31/2024",="NUR201-A",
="770001374",="Present",="11/7/2024",="NUR201-A",
="770001374",="Absent",="11/14/2024",="NUR201-A",
="770001374",="Present",="9/4/2024",="AP209 -A",
="770001374",="Present",="9/11/2024",="AP209 -A",
="770001374",="Absent",="9/18/2024",="AP209 -A",
="770001374",="Present",="9/25/2024",="AP209 -A",
="770001374",="Present",="10/2/2024",="AP209 -A",
="770001374",="Absent",="10/9/2024",="AP209 -A",
="770001374",="Absent",="10/16/2024",="AP209 -A",
="770001374",="Absent",="10/23/2024",="AP209 -A",
="770001374",="Absent",="10/30/2024",="AP209 -A",
="770001374",="Present",="11/6/2024",="AP209 -A",
="770001374",="Absent",="11/13/2024",="AP209 -A",
="770001374",="Absent",="11/20/2024",="AP209 -A",
="770001374",="Absent",="11/27/2024",="AP209 -A",
="770001374",="Absent",="12/4/2024",="AP209 -A",
="770001374",="Present",="9/5/2024",="NUR201-L-A",
="770001374",="Present",="9/12/2024",="NUR201-L-A",
="770001374",="Absent",="9/19/2024",="NUR201-L-A",
="770001374",="Present",="9/26/2024",="NUR201-L-A",
="770001374",="Absent",="10/10/2024",="NUR201-L-A",
="770001374",="Present",="10/17/2024",="NUR201-L-A",
="770001374",="Present",="10/24/2024",="NUR201-L-A",
="770001374",="Absent",="10/31/2024",="NUR201-L-A",
="770001374",="Present",="8/30/2024",="COL010 -A",
="770001374",="Present",="9/6/2024",="COL010 -A",
="770001374",="Present",="9/13/2024",="COL010 -A",
="770001374",="Present",="9/20/2024",="COL010 -A",
="800001498",="Present",="9/3/2024",="NUR100-L-A2",
="800001498",="Present",="9/10/2024",="NUR100-L-A2",
="800001498",="Present",="9/17/2024",="NUR100-L-A2",
="800001498",="Present",="9/24/2024",="NUR100-L-A2",
="800001498",="Present",="10/1/2024",="NUR100-L-A2",
="800001498",="Present",="10/8/2024",="NUR100-L-A2",
="800001498",="Present",="10/15/2024",="NUR100-L-A2",
="800001498",="Present",="10/22/2024",="NUR100-L-A2",
="800001498",="Present",="10/29/2024",="NUR100-L-A2",
="800001498",="Present",="11/5/2024",="NUR100-L-A2",
="800001498",="Present",="11/12/2024",="NUR100-L-A2",
="800001498",="Present",="11/19/2024",="NUR100-L-A2",
="800001498",="Absent",="11/26/2024",="NUR100-L-A2",
="800001498",="Absent",="12/3/2024",="NUR100-L-A2",
="800001498",="Absent",="12/10/2024",="NUR100-L-A2",
="800001030",="Present",="9/3/2024",="AP100-P",
="800001030",="Present",="9/10/2024",="AP100-P",
="800001030",="Absent",="9/17/2024",="AP100-P",
="800001030",="Present",="9/24/2024",="AP100-P",
="800001030",="Present",="10/1/2024",="AP100-P",
="800001030",="Present",="10/8/2024",="AP100-P",
="800001030",="Present",="10/15/2024",="AP100-P",
="800001030",="Present",="10/22/2024",="AP100-P",
="800001030",="Present",="10/29/2024",="AP100-P",
="800001030",="Present",="11/5/2024",="AP100-P",
="800001030",="Present",="11/12/2024",="AP100-P",
="800001030",="Present",="11/19/2024",="AP100-P",
="800001030",="Present",="11/26/2024",="AP100-P",
="800001030",="Present",="12/3/2024",="AP100-P",
="800001417",="Present",="9/3/2024",="NUR125-L-A1",
="800001417",="Present",="9/10/2024",="NUR125-L-A1",
="800001417",="Present",="9/17/2024",="NUR125-L-A1",
="800001417",="Present",="9/24/2024",="NUR125-L-A1",
="800001417",="Present",="10/1/2024",="NUR125-L-A1",
="800001417",="Present",="10/8/2024",="NUR125-L-A1",
="800001417",="Present",="10/15/2024",="NUR125-L-A1",
="800001417",="Present",="10/22/2024",="NUR125-L-A1",
="800001417",="Present",="11/5/2024",="NUR125-L-A1",
="800001417",="Present",="11/12/2024",="NUR125-L-A1",
="800001417",="Present",="11/19/2024",="NUR125-L-A1",
="800001417",="Present",="11/26/2024",="NUR125-L-A1",
="800001417",="Present",="12/3/2024",="NUR125-L-A1",
="800001417",="Present",="8/27/2024",="NUR125-A",
="800001417",="Present",="9/3/2024",="NUR125-A",
="800001417",="Present",="9/10/2024",="NUR125-A",
="800001417",="Absent",="9/17/2024",="NUR125-A",
="800001417",="Present",="9/24/2024",="NUR125-A",
="800001417",="Present",="10/1/2024",="NUR125-A",
="800001417",="Present",="10/8/2024",="NUR125-A",
="800001417",="Present",="10/29/2024",="NUR125-A",
="800001417",="Present",="11/5/2024",="NUR125-A",
="800001417",="Present",="11/19/2024",="NUR125-A",
="800001417",="Present",="11/26/2024",="NUR125-A",
="800001331",="Present",="8/28/2024",="NUR155 - V2",
="800001331",="Present",="9/4/2024",="NUR155 - V2",
="800001331",="Present",="9/11/2024",="NUR155 - V2",
="800001331",="Present",="9/18/2024",="NUR155 - V2",
="800001331",="Present",="9/25/2024",="NUR155 - V2",
="800001331",="Present",="10/2/2024",="NUR155 - V2",
="800001331",="Present",="10/9/2024",="NUR155 - V2",
="800001331",="No class",="10/16/2024",="NUR155 - V2",
="800001331",="Present",="10/30/2024",="NUR155 - V2",
="800001331",="Present",="11/6/2024",="NUR155 - V2",
="800001331",="Present",="11/13/2024",="NUR155 - V2",
="800001331",="Present",="11/20/2024",="NUR155 - V2",
="800001331",="Present",="11/27/2024",="NUR155 - V2",
="800001331",="Present",="12/4/2024",="NUR155 - V2",
="800001363",="Absent",="8/29/2024",="NUR125-P",
="800001363",="Present",="9/5/2024",="NUR125-P",
="800001363",="Present",="9/12/2024",="NUR125-P",
="800001363",="Present",="9/19/2024",="NUR125-P",
="800001363",="Absent",="9/26/2024",="NUR125-P",
="800001363",="Present",="10/3/2024",="NUR125-P",
="800001363",="Present",="10/10/2024",="NUR125-P",
="800001363",="Present",="10/31/2024",="NUR125-P",
="800001363",="Present",="11/7/2024",="NUR125-P",
="800001363",="Present",="11/14/2024",="NUR125-P",
="800001363",="Present",="11/21/2024",="NUR125-P",
="800001363",="Absent",="9/5/2024",="NUR125-L-P1",
="800001363",="Present",="9/12/2024",="NUR125-L-P1",
="800001363",="Present",="9/19/2024",="NUR125-L-P1",
="800001363",="Absent",="9/26/2024",="NUR125-L-P1",
="800001363",="Present",="10/3/2024",="NUR125-L-P1",
="800001363",="Absent",="10/10/2024",="NUR125-L-P1",
="800001363",="Present",="10/17/2024",="NUR125-L-P1",
="800001363",="Present",="10/31/2024",="NUR125-L-P1",
="800001363",="Present",="11/7/2024",="NUR125-L-P1",
="800001363",="Present",="11/14/2024",="NUR125-L-P1",
="800001363",="Absent",="9/13/2024",="NUR120-L-P1",
="800001363",="Present",="9/20/2024",="NUR120-L-P1",
="800001363",="Present",="10/11/2024",="NUR120-L-P1",
="800001363",="Present",="11/1/2024",="NUR120-L-P1",
="800001363",="Present",="11/6/2024",="NUR120-L-P1",
="800001363",="Present",="9/3/2024",="NUR120 -P",
="800001363",="Present",="9/10/2024",="NUR120 -P",
="800001363",="Present",="9/17/2024",="NUR120 -P",
="800001363",="Present",="9/24/2024",="NUR120 -P",
="800001363",="Present",="10/1/2024",="NUR120 -P",
="800001363",="Present",="10/8/2024",="NUR120 -P",
="800001363",="Present",="10/29/2024",="NUR120 -P",
="800001363",="Present",="11/5/2024",="NUR120 -P",
="800001363",="Present",="11/12/2024",="NUR120 -P",
="800001363",="Present",="11/19/2024",="NUR120 -P",
="800001363",="Present",="11/26/2024",="NUR120 -P",
="800001539",="Present",="10/19/2024",="NUR216-C-P1",
="800001539",="Present",="10/26/2024",="NUR216-C-P1",
="800001539",="Present",="12/7/2024",="NUR216-C-P1",
="800001539",="Present",="8/29/2024",="NUR205 -P",
="800001539",="Present",="9/5/2024",="NUR205 -P",
="800001539",="Present",="9/12/2024",="NUR205 -P",
="800001539",="Present",="9/19/2024",="NUR205 -P",
="800001539",="Present",="9/26/2024",="NUR205 -P",
="800001539",="Present",="10/3/2024",="NUR205 -P",
="800001539",="Present",="10/10/2024",="NUR205 -P",
="800001539",="Present",="10/31/2024",="NUR205 -P",
="800001539",="Present",="11/7/2024",="NUR205 -P",
="800001539",="Absent",="11/14/2024",="NUR205 -P",
="800001539",="Absent",="8/27/2024",="NUR216 -P",
="800001539",="Present",="9/3/2024",="NUR216 -P",
="800001539",="Present",="9/10/2024",="NUR216 -P",
="800001539",="Present",="9/17/2024",="NUR216 -P",
="800001539",="Present",="9/24/2024",="NUR216 -P",
="800001539",="Present",="10/1/2024",="NUR216 -P",
="800001539",="Present",="10/8/2024",="NUR216 -P",
="800001539",="Present",="10/29/2024",="NUR216 -P",
="800001539",="Present",="11/5/2024",="NUR216 -P",
="800001539",="Present",="11/12/2024",="NUR216 -P",
="800001539",="Present",="11/26/2024",="NUR216 -P",
="800001539",="Present",="10/2/2024",="NUR216-L-P1",
="800001539",="Present",="10/9/2024",="NUR216-L-P1",
="800001539",="Present",="11/13/2024",="NUR216-L-P1",
="800001539",="Present",="11/27/2024",="NUR216-L-P1",
="800001539",="Present",="9/5/2024",="NUR201-A",
="800001539",="Present",="9/12/2024",="NUR201-A",
="800001539",="Present",="9/19/2024",="NUR201-A",
="800001539",="Present",="9/26/2024",="NUR201-A",
="800001539",="Present",="10/10/2024",="NUR201-A",
="800001539",="Present",="10/31/2024",="NUR201-A",
="800001539",="Present",="11/7/2024",="NUR201-A",
="800001539",="Present",="11/14/2024",="NUR201-A",
="800001539",="Present",="9/5/2024",="NUR205-L-P1",
="800001539",="Present",="9/12/2024",="NUR205-L-P1",
="800001539",="Present",="9/19/2024",="NUR205-L-P1",
="800001539",="Present",="9/26/2024",="NUR205-L-P1",
="800001539",="Present",="10/3/2024",="NUR205-L-P1",
="800001539",="Present",="10/10/2024",="NUR205-L-P1",
="800001539",="Present",="10/17/2024",="NUR205-L-P1",
="800001539",="Present",="10/31/2024",="NUR205-L-P1",
="800001539",="Present",="11/7/2024",="NUR205-L-P1",
="800001539",="Present",="11/14/2024",="NUR205-L-P1",
="800001539",="Present",="11/21/2024",="NUR205-L-P1",
="800001539",="Absent",="8/26/2024",="PHARM225-P_ A",
="800001539",="Present",="9/9/2024",="PHARM225-P_ A",
="800001539",="Present",="9/16/2024",="PHARM225-P_ A",
="800001539",="Present",="9/23/2024",="PHARM225-P_ A",
="800001539",="Present",="9/30/2024",="PHARM225-P_ A",
="800001539",="Absent",="10/7/2024",="PHARM225-P_ A",
="800001539",="Present",="10/14/2024",="PHARM225-P_ A",
="800001539",="Present",="10/21/2024",="PHARM225-P_ A",
="800001539",="Tardy/Late",="10/28/2024",="PHARM225-P_ A",
="800001539",="Present",="11/4/2024",="PHARM225-P_ A",
="800001539",="Present",="11/11/2024",="PHARM225-P_ A",
="800001539",="Present",="11/18/2024",="PHARM225-P_ A",
="800001539",="Present",="12/2/2024",="PHARM225-P_ A",
="800001539",="Present",="9/5/2024",="NUR201-L-A",
="800001539",="Present",="9/12/2024",="NUR201-L-A",
="800001539",="Present",="9/19/2024",="NUR201-L-A",
="800001539",="Present",="9/26/2024",="NUR201-L-A",
="800001539",="Present",="10/10/2024",="NUR201-L-A",
="800001539",="Present",="10/17/2024",="NUR201-L-A",
="800001539",="Present",="10/24/2024",="NUR201-L-A",
="800001539",="Present",="10/31/2024",="NUR201-L-A",
="800001539",="Present",="9/9/2024",="ENG102 - OL",
="800001539",="Present",="9/15/2024",="ENG102 - OL",
="800001539",="Present",="9/16/2024",="ENG102 - OL",
="800001539",="Present",="9/17/2024",="ENG102 - OL",
="800001539",="Present",="9/18/2024",="ENG102 - OL",
="800001539",="Present",="9/23/2024",="ENG102 - OL",
="800001539",="Present",="9/29/2024",="ENG102 - OL",
="800001539",="Present",="10/6/2024",="ENG102 - OL",
="800001539",="Present",="10/13/2024",="ENG102 - OL",
="800001539",="Present",="10/15/2024",="ENG102 - OL",
="800001539",="Present",="10/20/2024",="ENG102 - OL",
="800001539",="Present",="10/21/2024",="ENG102 - OL",
="800001539",="Present",="10/22/2024",="ENG102 - OL",
="800001539",="Present",="10/27/2024",="ENG102 - OL",
="800001539",="Present",="10/28/2024",="ENG102 - OL",
="800001539",="Present",="10/29/2024",="ENG102 - OL",
="800001539",="Present",="11/3/2024",="ENG102 - OL",
="800001539",="Present",="11/4/2024",="ENG102 - OL",
="800001539",="Present",="11/10/2024",="ENG102 - OL",
="800001539",="Present",="11/11/2024",="ENG102 - OL",
="800001539",="Present",="11/12/2024",="ENG102 - OL",
="800001539",="Present",="11/17/2024",="ENG102 - OL",
="800001539",="Present",="11/18/2024",="ENG102 - OL",
="800001539",="Present",="11/19/2024",="ENG102 - OL",
="800001539",="Present",="11/20/2024",="ENG102 - OL",
="800001539",="Present",="11/21/2024",="ENG102 - OL",
="800000708",="Present",="10/22/2024",="NUR100-C-P1",
="800000708",="Present",="12/10/2024",="NUR100-C-P1",
="800000708",="Absent",="9/3/2024",="AP100-P",
="800000708",="Present",="9/10/2024",="AP100-P",
="800000708",="Present",="9/17/2024",="AP100-P",
="800000708",="Present",="9/24/2024",="AP100-P",
="800000708",="Present",="10/1/2024",="AP100-P",
="800000708",="Present",="10/8/2024",="AP100-P",
="800000708",="Present",="10/15/2024",="AP100-P",
="800000708",="Present",="10/22/2024",="AP100-P",
="800000708",="Present",="10/29/2024",="AP100-P",
="800000708",="Present",="11/5/2024",="AP100-P",
="800000708",="Present",="11/12/2024",="AP100-P",
="800000708",="Present",="11/19/2024",="AP100-P",
="800000708",="Present",="11/26/2024",="AP100-P",
="800000708",="Present",="12/3/2024",="AP100-P",
="800000708",="Present",="9/9/2024",="NUR100-P",
="800000708",="Present",="9/16/2024",="NUR100-P",
="800000708",="Present",="9/23/2024",="NUR100-P",
="800000708",="Present",="9/30/2024",="NUR100-P",
="800000708",="Present",="10/7/2024",="NUR100-P",
="800000708",="Present",="10/28/2024",="NUR100-P",
="800000708",="Present",="11/4/2024",="NUR100-P",
="800000708",="Present",="11/11/2024",="NUR100-P",
="800000708",="Present",="11/18/2024",="NUR100-P",
="800000708",="Present",="11/25/2024",="NUR100-P",
="800000708",="Present",="12/2/2024",="NUR100-P",
="800000708",="Present",="8/29/2024",="NUR100-L-P1",
="800000708",="Present",="9/5/2024",="NUR100-L-P1",
="800000708",="Present",="9/12/2024",="NUR100-L-P1",
="800000708",="Present",="9/19/2024",="NUR100-L-P1",
="800000708",="Present",="9/26/2024",="NUR100-L-P1",
="800000708",="Present",="10/3/2024",="NUR100-L-P1",
="800000708",="Present",="10/10/2024",="NUR100-L-P1",
="800000708",="Present",="10/17/2024",="NUR100-L-P1",
="800000708",="Present",="10/24/2024",="NUR100-L-P1",
="800000708",="Present",="10/31/2024",="NUR100-L-P1",
="800000708",="Present",="11/7/2024",="NUR100-L-P1",
="800000708",="Present",="11/14/2024",="NUR100-L-P1",
="800000708",="Present",="11/21/2024",="NUR100-L-P1",
="800000708",="Present",="12/5/2024",="NUR100-L-P1",
="800000708",="Present",="12/12/2024",="NUR100-L-P1",
="800000708",="Present",="9/25/2024",="PHARM100-P",
="800000708",="Present",="10/2/2024",="PHARM100-P",
="800000708",="Present",="10/9/2024",="PHARM100-P",
="800000708",="Present",="10/16/2024",="PHARM100-P",
="800000708",="Present",="10/23/2024",="PHARM100-P",
="800000708",="Present",="10/30/2024",="PHARM100-P",
="800000708",="Present",="11/6/2024",="PHARM100-P",
="800000708",="Present",="11/13/2024",="PHARM100-P",
="770000323",="Absent",="8/26/2024",="PHARM225-P_ A",
="770000323",="Present",="9/9/2024",="PHARM225-P_ A",
="770000323",="Present",="9/16/2024",="PHARM225-P_ A",
="770000323",="Present",="9/23/2024",="PHARM225-P_ A",
="770000323",="Present",="9/30/2024",="PHARM225-P_ A",
="770000323",="Present",="10/7/2024",="PHARM225-P_ A",
="770000323",="Present",="10/14/2024",="PHARM225-P_ A",
="770000323",="Present",="10/21/2024",="PHARM225-P_ A",
="770000323",="Present",="10/28/2024",="PHARM225-P_ A",
="770000323",="Present",="11/4/2024",="PHARM225-P_ A",
="770000323",="Present",="11/11/2024",="PHARM225-P_ A",
="770000323",="Present",="11/18/2024",="PHARM225-P_ A",
="770000323",="Present",="12/2/2024",="PHARM225-P_ A",
="800001531",="Present",="9/1/2024",="HUM200 -OL",
="800001531",="Present",="9/8/2024",="HUM200 -OL",
="800001531",="Present",="9/15/2024",="HUM200 -OL",
="800001531",="Present",="9/22/2024",="HUM200 -OL",
="800001531",="Present",="9/29/2024",="HUM200 -OL",
="800001531",="Present",="10/6/2024",="HUM200 -OL",
="800001531",="Present",="10/13/2024",="HUM200 -OL",
="800001531",="Present",="10/20/2024",="HUM200 -OL",
="800001531",="Absent",="10/27/2024",="HUM200 -OL",
="800001531",="Absent",="11/3/2024",="HUM200 -OL",
="800001531",="Present",="11/10/2024",="HUM200 -OL",
="800001531",="Present",="11/17/2024",="HUM200 -OL",
="800001531",="Absent",="11/24/2024",="HUM200 -OL",
="800001531",="Present",="12/1/2024",="HUM200 -OL",
="800001468",="Tardy/Late excused",="8/28/2024",="ENG101 -A",
="800001468",="Tardy/Late excused",="9/4/2024",="ENG101 -A",
="800001468",="Tardy/Late",="9/11/2024",="ENG101 -A",
="800001468",="Tardy/Late",="9/18/2024",="ENG101 -A",
="800001468",="Tardy/Late",="9/25/2024",="ENG101 -A",
="800001468",="Tardy/Late",="10/2/2024",="ENG101 -A",
="800001468",="Present",="10/9/2024",="ENG101 -A",
="800001468",="Present",="10/16/2024",="ENG101 -A",
="800001468",="Present",="10/23/2024",="ENG101 -A",
="800001468",="Present",="10/30/2024",="ENG101 -A",
="800001468",="Present",="11/6/2024",="ENG101 -A",
="800001468",="Present",="11/13/2024",="ENG101 -A",
="800001468",="Present",="11/20/2024",="ENG101 -A",
="800001468",="Present",="11/27/2024",="ENG101 -A",
="800000934",="Present",="8/28/2024",="NUR155 - V2",
="800000934",="Present",="9/4/2024",="NUR155 - V2",
="800000934",="Present",="9/11/2024",="NUR155 - V2",
="800000934",="Present",="9/18/2024",="NUR155 - V2",
="800000934",="Present",="9/25/2024",="NUR155 - V2",
="800000934",="Present",="10/2/2024",="NUR155 - V2",
="800000934",="Present",="10/9/2024",="NUR155 - V2",
="800000934",="No class",="10/16/2024",="NUR155 - V2",
="800000934",="No class",="10/23/2024",="NUR155 - V2",
="800000934",="Absent",="10/30/2024",="NUR155 - V2",
="800000934",="Present",="11/6/2024",="NUR155 - V2",
="800000934",="Present",="11/13/2024",="NUR155 - V2",
="800000934",="Present",="11/20/2024",="NUR155 - V2",
="800000934",="Present",="11/27/2024",="NUR155 - V2",
="800000934",="Present",="12/4/2024",="NUR155 - V2",
="800001147",="Present",="8/28/2024",="NUR155 - V2",
="800001147",="Present",="9/4/2024",="NUR155 - V2",
="800001147",="Present",="9/11/2024",="NUR155 - V2",
="800001147",="Present",="9/18/2024",="NUR155 - V2",
="800001147",="Present",="9/25/2024",="NUR155 - V2",
="800001147",="Present",="10/2/2024",="NUR155 - V2",
="800001147",="Present",="10/9/2024",="NUR155 - V2",
="800001147",="No class",="10/16/2024",="NUR155 - V2",
="800001147",="No class",="10/23/2024",="NUR155 - V2",
="800001147",="Present",="10/30/2024",="NUR155 - V2",
="800001147",="Present",="11/6/2024",="NUR155 - V2",
="800001147",="Present",="11/13/2024",="NUR155 - V2",
="800001147",="Present",="11/20/2024",="NUR155 - V2",
="800001147",="Present",="11/27/2024",="NUR155 - V2",
="800001147",="Present",="12/4/2024",="NUR155 - V2",
="800001280",="Present",="9/1/2024",="HUM200 -OL",
="800001280",="Present",="9/8/2024",="HUM200 -OL",
="800001280",="Present",="9/15/2024",="HUM200 -OL",
="800001280",="Present",="9/22/2024",="HUM200 -OL",
="800001280",="Present",="9/29/2024",="HUM200 -OL",
="800001280",="Absent",="10/6/2024",="HUM200 -OL",
="800001280",="Present",="10/13/2024",="HUM200 -OL",
="800001280",="Present",="10/20/2024",="HUM200 -OL",
="800001280",="Present",="10/27/2024",="HUM200 -OL",
="800001280",="Present",="11/3/2024",="HUM200 -OL",
="800001280",="Present",="11/10/2024",="HUM200 -OL",
="800001280",="Present",="11/17/2024",="HUM200 -OL",
="800001280",="Absent",="11/24/2024",="HUM200 -OL",
="800001280",="Present",="12/1/2024",="HUM200 -OL",
="800001280",="Present",="9/1/2024",="COL010 - OL I",
="800001280",="Present",="9/8/2024",="COL010 - OL I",
="800001280",="Present",="9/15/2024",="COL010 - OL I",
="800001280",="Present",="9/22/2024",="COL010 - OL I",
="800000934",="Present",="9/9/2024",="NUR135-A",
="800000934",="Present",="9/16/2024",="NUR135-A",
="800000934",="Present",="9/23/2024",="NUR135-A",
="800000934",="Present",="10/7/2024",="NUR135-A",
="800000934",="Present",="10/28/2024",="NUR135-A",
="800000934",="Present",="11/4/2024",="NUR135-A",
="800000934",="Present",="11/11/2024",="NUR135-A",
="800000934",="Present",="11/18/2024",="NUR135-A",
="800000934",="Present",="11/25/2024",="NUR135-A",
="800000934",="Present",="12/2/2024",="NUR135-A",
="800000934",="Present",="10/14/2024",="NUR135-L-A1",
="800000934",="Present",="10/21/2024",="NUR135-L-A1",
="800001124",="Present",="9/8/2024",="NUT100 -OL",
="800001124",="Present",="9/15/2024",="NUT100 -OL",
="800001124",="Present",="9/22/2024",="NUT100 -OL",
="800001124",="Present",="9/29/2024",="NUT100 -OL",
="800001124",="Present",="10/6/2024",="NUT100 -OL",
="800001124",="Present",="10/13/2024",="NUT100 -OL",
="800001124",="Present",="10/20/2024",="NUT100 -OL",
="800001124",="Present",="10/27/2024",="NUT100 -OL",
="800001124",="Present",="11/3/2024",="NUT100 -OL",
="800001124",="Present",="11/10/2024",="NUT100 -OL",
="800001124",="Present",="11/17/2024",="NUT100 -OL",
="800001124",="Present",="11/24/2024",="NUT100 -OL",
="800001124",="Present",="12/1/2024",="NUT100 -OL",
="800001124",="Present",="8/28/2024",="NUR155-P",
="800001124",="Present",="9/4/2024",="NUR155-P",
="800001124",="Present",="9/11/2024",="NUR155-P",
="800001124",="Present",="9/18/2024",="NUR155-P",
="800001124",="Present",="9/25/2024",="NUR155-P",
="800001124",="Present",="10/2/2024",="NUR155-P",
="800001124",="Present",="10/9/2024",="NUR155-P",
="800001124",="No class",="10/16/2024",="NUR155-P",
="800001124",="No class",="10/23/2024",="NUR155-P",
="800001124",="Present",="10/30/2024",="NUR155-P",
="800001124",="Present",="11/6/2024",="NUR155-P",
="800001124",="Present",="11/13/2024",="NUR155-P",
="800001124",="Present",="11/20/2024",="NUR155-P",
="800001124",="Present",="11/27/2024",="NUR155-P",
="800001124",="Present",="12/4/2024",="NUR155-P",
="800001276",="Present",="8/28/2024",="NUR155 - V2",
="800001276",="Present",="9/4/2024",="NUR155 - V2",
="800001276",="Present",="9/11/2024",="NUR155 - V2",
="800001276",="Present",="9/18/2024",="NUR155 - V2",
="800001276",="Present",="9/25/2024",="NUR155 - V2",
="800001276",="Present",="10/2/2024",="NUR155 - V2",
="800001276",="Present",="10/9/2024",="NUR155 - V2",
="800001276",="No class",="10/16/2024",="NUR155 - V2",
="800001276",="No class",="10/23/2024",="NUR155 - V2",
="800001276",="Present",="10/30/2024",="NUR155 - V2",
="800001276",="Present",="11/6/2024",="NUR155 - V2",
="800001276",="Present",="11/13/2024",="NUR155 - V2",
="800001276",="Present",="11/20/2024",="NUR155 - V2",
="800001276",="Present",="11/27/2024",="NUR155 - V2",
="800001276",="Present",="12/4/2024",="NUR155 - V2",
="800000524",="Present",="10/21/2024",="NUR135-L-P1",
="800000524",="Present",="12/9/2024",="NUR135-L-P1",
="800000524",="Present",="9/16/2024",="NUR135-P",
="800000524",="Present",="9/23/2024",="NUR135-P",
="800000524",="Present",="9/30/2024",="NUR135-P",
="800000524",="Present",="10/7/2024",="NUR135-P",
="800000524",="Present",="10/28/2024",="NUR135-P",
="800000524",="Present",="11/4/2024",="NUR135-P",
="800000524",="Present",="11/11/2024",="NUR135-P",
="800000524",="Present",="11/18/2024",="NUR135-P",
="800000524",="Present",="11/25/2024",="NUR135-P",
="800000524",="Present",="12/2/2024",="NUR135-S-P1",
="800000524",="Present",="12/9/2024",="NUR135-S-P1",
="800001215",="Absent",="9/9/2024",="NUR135-A",
="800001215",="Present",="9/16/2024",="NUR135-A",
="800001215",="Present",="9/23/2024",="NUR135-A",
="800001215",="Present",="10/7/2024",="NUR135-A",
="800001215",="Present",="10/28/2024",="NUR135-A",
="800001215",="Present",="11/4/2024",="NUR135-A",
="800001215",="Present",="11/11/2024",="NUR135-A",
="800001215",="Present",="11/18/2024",="NUR135-A",
="800001215",="Present",="11/25/2024",="NUR135-A",
="800001215",="Present",="10/14/2024",="NUR135-L-A1",
="800001215",="Present",="10/21/2024",="NUR135-L-A1",
="800001215",="Present",="10/14/2024",="NUR135-S-A1",
="800001215",="Present",="10/21/2024",="NUR135-S-A1",
="800001215",="Absent",="12/2/2024",="NUR135-S-A1",
="800000608",="Present",="9/15/2024",="NUT100 -OL",
="800000608",="Present",="9/22/2024",="NUT100 -OL",
="800000608",="Present",="9/29/2024",="NUT100 -OL",
="800000608",="Present",="10/6/2024",="NUT100 -OL",
="800000608",="Present",="10/13/2024",="NUT100 -OL",
="800000608",="Present",="10/20/2024",="NUT100 -OL",
="800000608",="Present",="10/27/2024",="NUT100 -OL",
="800000608",="Present",="11/3/2024",="NUT100 -OL",
="800000608",="Absent",="11/10/2024",="NUT100 -OL",
="800000608",="Present",="11/17/2024",="NUT100 -OL",
="800000608",="Present",="11/24/2024",="NUT100 -OL",
="800000608",="Present",="12/1/2024",="NUT100 -OL",
="800000942",="Absent",="9/9/2024",="NUR135-A",
="800000942",="Present",="9/16/2024",="NUR135-A",
="800000942",="Present",="9/23/2024",="NUR135-A",
="800000942",="Present",="10/7/2024",="NUR135-A",
="800000942",="Present",="10/28/2024",="NUR135-A",
="800000942",="Present",="11/4/2024",="NUR135-A",
="800000942",="Present",="11/11/2024",="NUR135-A",
="800000942",="Present",="11/18/2024",="NUR135-A",
="800000942",="Present",="11/25/2024",="NUR135-A",
="800000942",="Present",="10/14/2024",="NUR135-L-A1",
="800000942",="Present",="10/21/2024",="NUR135-L-A1",
="800000942",="Present",="10/14/2024",="NUR135-S-A1",
="800000942",="Present",="10/21/2024",="NUR135-S-A1",
="800000942",="Present",="12/2/2024",="NUR135-S-A1",
="800001031",="Absent",="9/9/2024",="NUR135-A",
="800001031",="Present",="9/16/2024",="NUR135-A",
="800001031",="Present",="9/23/2024",="NUR135-A",
="800001031",="Present",="10/7/2024",="NUR135-A",
="800001031",="Present",="10/28/2024",="NUR135-A",
="800001031",="Present",="11/4/2024",="NUR135-A",
="800001031",="Present",="11/11/2024",="NUR135-A",
="800001031",="Present",="11/18/2024",="NUR135-A",
="800001031",="Present",="11/25/2024",="NUR135-A",
="800001031",="Present",="10/14/2024",="NUR135-L-A1",
="800001031",="Present",="10/21/2024",="NUR135-L-A1",
="800001419",="Present",="9/13/2024",="NUR120-L-P1",
="800001419",="Present",="9/20/2024",="NUR120-L-P1",
="800001419",="Present",="10/11/2024",="NUR120-L-P1",
="800001419",="Present",="11/1/2024",="NUR120-L-P1",
="800001419",="Absent",="11/6/2024",="NUR120-L-P1",
="800001300",="Present",="10/21/2024",="NUR135-S-A2",
="800001300",="Present",="12/9/2024",="NUR135-S-A2",
="800001300",="Present",="10/14/2024",="NUR135-L-A1",
="800001300",="Present",="10/21/2024",="NUR135-L-A1",
="800001300",="Present",="9/23/2024",="NUR135-A",
="800001300",="Present",="10/7/2024",="NUR135-A",
="800001300",="Present",="10/28/2024",="NUR135-A",
="800001300",="Present",="11/4/2024",="NUR135-A",
="800001300",="Present",="11/11/2024",="NUR135-A",
="800001300",="Present",="11/18/2024",="NUR135-A",
="800001300",="Present",="11/25/2024",="NUR135-A",
="800001342",="Present",="9/5/2024",="NUR205-L-P1",
="800001342",="Present",="9/12/2024",="NUR205-L-P1",
="800001342",="Present",="9/19/2024",="NUR205-L-P1",
="800001342",="Present",="9/26/2024",="NUR205-L-P1",
="800001342",="Present",="10/3/2024",="NUR205-L-P1",
="800001342",="Present",="10/10/2024",="NUR205-L-P1",
="800001342",="Present",="10/17/2024",="NUR205-L-P1",
="800001342",="Absent",="10/31/2024",="NUR205-L-P1",
="800001342",="Present",="11/7/2024",="NUR205-L-P1",
="800001342",="Present",="11/14/2024",="NUR205-L-P1",
="800001342",="Present",="11/21/2024",="NUR205-L-P1",
="800001325",="Present",="9/23/2024",="NUR135-A",
="800001325",="Present",="10/7/2024",="NUR135-A",
="800001325",="Present",="10/28/2024",="NUR135-A",
="800001325",="Present",="11/4/2024",="NUR135-A",
="800001325",="Present",="11/11/2024",="NUR135-A",
="800001325",="Present",="11/18/2024",="NUR135-A",
="800001325",="Present",="11/25/2024",="NUR135-A",
="800001325",="Present",="10/14/2024",="NUR135-L-A1",
="800001325",="Present",="10/21/2024",="NUR135-L-A1",
="800001181",="Present",="9/23/2024",="NUR135-A",
="800001181",="Present",="10/7/2024",="NUR135-A",
="800001181",="Present",="10/28/2024",="NUR135-A",
="800001181",="Present",="11/4/2024",="NUR135-A",
="800001181",="Present",="11/11/2024",="NUR135-A",
="800001181",="Present",="11/18/2024",="NUR135-A",
="800001181",="Present",="11/25/2024",="NUR135-A",
="800001181",="Present",="10/14/2024",="NUR135-L-A1",
="800001181",="Present",="10/21/2024",="NUR135-L-A1",
="800001322",="Present",="8/26/2024",="NUR135-A",
="800001322",="Present",="9/9/2024",="NUR135-A",
="800001322",="Present",="9/16/2024",="NUR135-A",
="800001322",="Present",="9/23/2024",="NUR135-A",
="800001322",="Present",="10/7/2024",="NUR135-A",
="800001322",="Present",="10/28/2024",="NUR135-A",
="800001322",="Present",="11/4/2024",="NUR135-A",
="800001322",="Present",="11/11/2024",="NUR135-A",
="800001322",="Present",="11/18/2024",="NUR135-A",
="800001322",="Present",="11/25/2024",="NUR135-A",
="800001322",="Present",="10/14/2024",="NUR135-L-A1",
="800001322",="Present",="10/21/2024",="NUR135-L-A1",
="800001324",="Present",="8/26/2024",="NUR135-A",
="800001324",="Present",="9/9/2024",="NUR135-A",
="800001324",="Present",="9/16/2024",="NUR135-A",
="800001324",="Present",="9/23/2024",="NUR135-A",
="800001324",="Present",="10/14/2024",="NUR135-L-A1",
="800001324",="Present",="10/21/2024",="NUR135-L-A1",
="800001426",="Present",="10/15/2024",="NUR100-C-A1",
="800001426",="Present",="12/3/2024",="NUR100-C-A1",
="800000228",="Present",="10/15/2024",="NUR100-C-A1",
="800000228",="Present",="12/3/2024",="NUR100-C-A1",
="800001155",="Present",="10/15/2024",="NUR100-C-A1",
="800001155",="Absent",="12/3/2024",="NUR100-C-A1",
="800000230",="Present",="10/15/2024",="NUR100-C-A1",
="800000230",="Present",="12/3/2024",="NUR100-C-A1",
="800001445",="Present",="10/19/2024",="NUR100-C-A2",
="800001445",="Present",="12/7/2024",="NUR100-C-A2",
="800001511",="Present",="10/15/2024",="NUR100-C-P3",
="800001511",="Present",="12/3/2024",="NUR100-C-P3",
="800001505",="Present",="10/15/2024",="NUR100-C-P3",
="800001505",="Present",="12/3/2024",="NUR100-C-P3",
="800001506",="Present",="10/15/2024",="NUR100-C-P3",
="800001506",="Absent",="12/3/2024",="NUR100-C-P3",
="800001557",="Present",="10/15/2024",="NUR100-C-P3",
="800001557",="Present",="12/3/2024",="NUR100-C-P3",
="800001530",="Present",="10/15/2024",="NUR100-C-P3",
="800001530",="Present",="12/3/2024",="NUR100-C-P3",
="800001549",="Present",="10/15/2024",="NUR100-C-P3",
="800001549",="Present",="12/3/2024",="NUR100-C-P3",
="800001543",="Present",="10/15/2024",="NUR100-C-P3",
="800001543",="Absent",="12/3/2024",="NUR100-C-P3",
="800001315",="Present",="10/18/2024",="NUR120-C-A1",
="800001315",="Present",="10/19/2024",="NUR120-C-A1",
="800001315",="Present",="10/25/2024",="NUR120-C-A1",
="800001315",="Present",="10/26/2024",="NUR120-C-A1",
="800001315",="Absent",="12/5/2024",="NUR120-C-A1",
="800001315",="Absent",="12/6/2024",="NUR120-C-A1",
="800001351",="Present",="10/18/2024",="NUR120-C-A1",
="800001351",="Present",="10/19/2024",="NUR120-C-A1",
="800001351",="Present",="10/25/2024",="NUR120-C-A1",
="800001351",="Present",="10/26/2024",="NUR120-C-A1",
="800001351",="Present",="12/5/2024",="NUR120-C-A1",
="800001351",="Present",="12/6/2024",="NUR120-C-A1",
="800001414",="Present",="10/18/2024",="NUR120-C-A1",
="800001414",="Present",="10/19/2024",="NUR120-C-A1",
="800001414",="Present",="10/25/2024",="NUR120-C-A1",
="800001414",="Present",="10/26/2024",="NUR120-C-A1",
="800001414",="Present",="12/5/2024",="NUR120-C-A1",
="800001414",="Present",="12/6/2024",="NUR120-C-A1",
="800000659",="Present",="10/18/2024",="NUR120-C-A1",
="800000659",="Present",="10/19/2024",="NUR120-C-A1",
="800000659",="Present",="10/25/2024",="NUR120-C-A1",
="800000659",="Present",="10/26/2024",="NUR120-C-A1",
="800000659",="Present",="12/5/2024",="NUR120-C-A1",
="800000659",="Present",="12/6/2024",="NUR120-C-A1",
="800000941",="Present",="10/14/2024",="NUR120-C-A2",
="800000941",="Present",="10/16/2024",="NUR120-C-A2",
="800000941",="Present",="10/21/2024",="NUR120-C-A2",
="800000941",="Present",="12/2/2024",="NUR120-C-A2",
="800000941",="Present",="12/9/2024",="NUR120-C-A2",
="800000941",="Present",="12/11/2024",="NUR120-C-A2",
="800001354",="Present",="10/14/2024",="NUR120-C-A2",
="800001354",="Present",="10/16/2024",="NUR120-C-A2",
="800001354",="Present",="10/21/2024",="NUR120-C-A2",
="800001354",="Present",="12/2/2024",="NUR120-C-A2",
="800001354",="Present",="12/9/2024",="NUR120-C-A2",
="800001354",="Present",="12/11/2024",="NUR120-C-A2",
="800001368",="Present",="10/14/2024",="NUR120-C-A2",
="800001368",="Present",="10/16/2024",="NUR120-C-A2",
="800001368",="Present",="10/21/2024",="NUR120-C-A2",
="800001368",="Present",="12/2/2024",="NUR120-C-A2",
="800001368",="Present",="12/9/2024",="NUR120-C-A2",
="800001368",="Present",="12/11/2024",="NUR120-C-A2",
="800001378",="Present",="10/14/2024",="NUR120-C-A2",
="800001378",="Present",="10/16/2024",="NUR120-C-A2",
="800001378",="Present",="10/21/2024",="NUR120-C-A2",
="800001378",="Present",="12/2/2024",="NUR120-C-A2",
="800001378",="Present",="12/9/2024",="NUR120-C-A2",
="800001378",="Present",="12/11/2024",="NUR120-C-A2",
="800001031",="Present",="10/14/2024",="NUR120-C-P1",
="800001031",="Present",="10/21/2024",="NUR120-C-P1",
="800001031",="Present",="10/23/2024",="NUR120-C-P1",
="800001031",="Present",="12/2/2024",="NUR120-C-P1",
="800001031",="Present",="12/9/2024",="NUR120-C-P1",
="800001031",="Present",="12/11/2024",="NUR120-C-P1",
="800001215",="Present",="10/14/2024",="NUR120-C-P1",
="800001215",="Present",="10/21/2024",="NUR120-C-P1",
="800001215",="Present",="10/23/2024",="NUR120-C-P1",
="800001215",="Present",="12/2/2024",="NUR120-C-P1",
="800001215",="Absent",="12/9/2024",="NUR120-C-P1",
="800001215",="Absent",="12/11/2024",="NUR120-C-P1",
="800001300",="Present",="10/14/2024",="NUR120-C-P1",
="800001300",="Present",="10/21/2024",="NUR120-C-P1",
="800001300",="Present",="10/23/2024",="NUR120-C-P1",
="800001300",="Present",="12/2/2024",="NUR120-C-P1",
="800001300",="Present",="12/9/2024",="NUR120-C-P1",
="800001300",="Present",="12/11/2024",="NUR120-C-P1",
="800001330",="Present",="10/14/2024",="NUR120-C-P1",
="800001330",="Present",="10/21/2024",="NUR120-C-P1",
="800001330",="Present",="10/23/2024",="NUR120-C-P1",
="800001330",="Present",="12/2/2024",="NUR120-C-P1",
="800001330",="Present",="12/9/2024",="NUR120-C-P1",
="800001330",="Present",="12/11/2024",="NUR120-C-P1",
="800001303",="Present",="10/16/2024",="NUR120-C-P2",
="800001303",="Present",="10/22/2024",="NUR120-C-P2",
="800001303",="Present",="10/23/2024",="NUR120-C-P2",
="800001303",="Present",="10/24/2024",="NUR120-C-P2",
="800001325",="Present",="10/16/2024",="NUR120-C-P2",
="800001325",="Present",="10/22/2024",="NUR120-C-P2",
="800001325",="Present",="10/23/2024",="NUR120-C-P2",
="800001325",="Present",="10/24/2024",="NUR120-C-P2",
="800001363",="Present",="10/16/2024",="NUR120-C-P2",
="800001363",="Present",="10/22/2024",="NUR120-C-P2",
="800001363",="Present",="10/23/2024",="NUR120-C-P2",
="800001363",="Present",="10/24/2024",="NUR120-C-P2",
="800001410",="Present",="10/16/2024",="NUR120-C-P2",
="800001410",="Present",="10/22/2024",="NUR120-C-P2",
="800001410",="Present",="10/23/2024",="NUR120-C-P2",
="800001410",="Present",="10/24/2024",="NUR120-C-P2",
="800001419",="Present",="10/16/2024",="NUR120-C-P2",
="800001419",="Present",="10/22/2024",="NUR120-C-P2",
="800001419",="Present",="10/23/2024",="NUR120-C-P2",
="800001419",="Present",="10/24/2024",="NUR120-C-P2",
="800001427",="Present",="10/16/2024",="NUR120-C-P2",
="800001427",="Present",="10/22/2024",="NUR120-C-P2",
="800001427",="Present",="10/23/2024",="NUR120-C-P2",
="800001427",="Present",="10/24/2024",="NUR120-C-P2",
="800001298",="Present",="10/16/2024",="NUR120-C-P2",
="800001298",="Present",="10/22/2024",="NUR120-C-P2",
="800001298",="Present",="10/23/2024",="NUR120-C-P2",
="800001298",="Present",="10/24/2024",="NUR120-C-P2",
="800001300",="Present",="12/2/2024",="NUR135-S-P1",
="800001300",="Present",="12/9/2024",="NUR135-S-P1",
="800001322",="Present",="12/2/2024",="NUR135-S-P1",
="800001322",="Present",="12/9/2024",="NUR135-S-P1",
="800001298",="Present",="12/6/2024",="NUR140 -C-P1",
="800001298",="Present",="12/13/2024",="NUR140 -C-P1",
="800000649",="Present",="10/15/2024",="NUR145-S-A1",
="800000649",="Present",="12/3/2024",="NUR145-S-A1",
="800000904",="Present",="10/17/2024",="NUR150-C-A1",
="800000904",="Present",="10/18/2024",="NUR150-C-A1",
="800000904",="Present",="10/24/2024",="NUR150-C-A1",
="800000904",="Present",="10/25/2024",="NUR150-C-A1",
="800000904",="Present",="12/5/2024",="NUR150-C-A1",
="800000904",="Present",="12/6/2024",="NUR150-C-A1",
="800001281",="Present",="10/17/2024",="NUR150-C-A1",
="800001281",="Present",="10/18/2024",="NUR150-C-A1",
="800001281",="Present",="10/24/2024",="NUR150-C-A1",
="800001281",="Present",="10/25/2024",="NUR150-C-A1",
="800001281",="Present",="12/5/2024",="NUR150-C-A1",
="800001281",="Present",="12/6/2024",="NUR150-C-A1",
="800001104",="Present",="10/17/2024",="NUR150-C-A1",
="800001104",="Present",="10/18/2024",="NUR150-C-A1",
="800001104",="Present",="10/24/2024",="NUR150-C-A1",
="800001104",="Present",="10/25/2024",="NUR150-C-A1",
="800001104",="Present",="12/5/2024",="NUR150-C-A1",
="800001104",="Present",="12/6/2024",="NUR150-C-A1",
="800001331",="Present",="10/17/2024",="NUR150-C-A1",
="800001331",="Present",="10/18/2024",="NUR150-C-A1",
="800001331",="Present",="10/24/2024",="NUR150-C-A1",
="800001331",="Present",="10/25/2024",="NUR150-C-A1",
="800001331",="Present",="12/5/2024",="NUR150-C-A1",
="800001331",="Present",="12/6/2024",="NUR150-C-A1",
="800001034",="Present",="10/16/2024",="NUR150-C-A2",
="800001034",="Present",="10/23/2024",="NUR150-C-A2",
="800001034",="Present",="12/4/2024",="NUR150-C-A2",
="800001034",="Present",="12/11/2024",="NUR150-C-A2",
="800001276",="Present",="10/16/2024",="NUR150-C-A2",
="800001276",="Present",="10/23/2024",="NUR150-C-A2",
="800001276",="Present",="12/4/2024",="NUR150-C-A2",
="800001276",="Present",="12/11/2024",="NUR150-C-A2",
="800001100",="Present",="10/16/2024",="NUR150-C-A2",
="800001100",="Present",="10/23/2024",="NUR150-C-A2",
="800001100",="Present",="12/4/2024",="NUR150-C-A2",
="800001100",="Present",="12/11/2024",="NUR150-C-A2",
="800000800",="Present",="10/16/2024",="NUR150-C-A2",
="800000800",="Present",="10/23/2024",="NUR150-C-A2",
="800000800",="Present",="12/4/2024",="NUR150-C-A2",
="800000800",="Present",="12/11/2024",="NUR150-C-A2",
="800000722",="Present",="10/19/2024",="NUR216-C-P1",
="800000722",="Present",="10/26/2024",="NUR216-C-P1",
="800000722",="Present",="12/7/2024",="NUR216-C-P1",
="800000631",="Present",="10/14/2024",="NUR236-C-P1",
="800000631",="Present",="10/21/2024",="NUR236-C-P1",
="800000631",="Present",="12/2/2024",="NUR236-C-P1",
="800000631",="Present",="12/9/2024",="NUR236-C-P1",
="800001279",="Present",="10/21/2024",="NUR236-C-P2",
="800001279",="Present",="10/24/2024",="NUR236-C-P2",
="800001279",="Present",="12/2/2024",="NUR236-C-P2",
="800001279",="Present",="12/5/2024",="NUR236-C-P2",
="800000600",="Present",="10/19/2024",="NUR236-C-P3",
="800000600",="Present",="10/26/2024",="NUR236-C-P3",
="800000600",="Present",="12/7/2024",="NUR236-C-P3",
="800000713",="Present",="10/19/2024",="NUR236-C-P3",
="800000713",="Present",="10/26/2024",="NUR236-C-P3",
="800000713",="Present",="12/7/2024",="NUR236-C-P3",
="800000667",="Present",="10/18/2024",="NUR255-C-P1",
="800000667",="Present",="10/19/2024",="NUR255-C-P1",
="800000671",="Present",="10/18/2024",="NUR255-C-P1",
="800000671",="Present",="10/19/2024",="NUR255-C-P1",
="800000703",="Present",="10/18/2024",="NUR255-C-P1",
="800000703",="Present",="10/19/2024",="NUR255-C-P1",
="800000380",="Present",="10/18/2024",="NUR255-C-P1",
="800000380",="Present",="10/19/2024",="NUR255-C-P1",
="800000898",="Present",="10/25/2024",="NUR255-C-P2",
="800000898",="Present",="10/26/2024",="NUR255-C-P2",
="800000852",="Present",="10/25/2024",="NUR255-C-P2",
="800000852",="Present",="10/26/2024",="NUR255-C-P2",
="800000678",="Present",="10/25/2024",="NUR255-C-P2",
="800000678",="Present",="10/26/2024",="NUR255-C-P2",
="800001533",="Present",="10/22/2024",="NUR100-C-A3",
="800001533",="Present",="12/10/2024",="NUR100-C-A3",
="800001534",="Present",="10/22/2024",="NUR100-C-A3",
="800001534",="Present",="12/10/2024",="NUR100-C-A3",
="800001415",="Present",="10/22/2024",="NUR100-C-P1",
="800001415",="Present",="12/10/2024",="NUR100-C-P1",
="800001473",="Present",="10/26/2024",="NUR100-C-P2",
="800001495",="Present",="10/26/2024",="NUR100-C-P2",
="800000370",="Present",="10/26/2024",="NUR100-C-P2",
="800001417",="Present",="10/26/2024",="NUR100-C-P2",
="800001513",="Present",="12/3/2024",="NUR100-C-A1",
="800001300",="Present",="10/21/2024",="NUR135-L-P1",
="800001300",="Present",="12/9/2024",="NUR135-L-P1",
="800001419",="Present",="10/21/2024",="NUR135-L-P1",
="800001419",="Present",="12/9/2024",="NUR135-L-P1",
="800001100",="Present",="12/6/2024",="NUR140 -C-P1",
="800001100",="Present",="12/13/2024",="NUR140 -C-P1",
="800001300",="Present",="12/6/2024",="NUR140 -C-P1",
="800001300",="Present",="12/13/2024",="NUR140 -C-P1",
="800001118",="Present",="12/6/2024",="NUR140 -C-P1",
="800001118",="Present",="12/13/2024",="NUR140 -C-P1",
="800001281",="Present",="12/7/2024",="NUR140-C-P2",
="800001318",="Present",="12/7/2024",="NUR140-C-P2",
="800001331",="Present",="12/7/2024",="NUR140-C-P2",
="800000343",="Present",="10/18/2024",="NUR255-C-P1",
="800000343",="Present",="10/19/2024",="NUR255-C-P1",
="800000879",="Present",="8/28/2024",="NUR155 - V2",
="800000879",="Present",="9/4/2024",="NUR155 - V2",
="800000879",="Present",="9/11/2024",="NUR155 - V2",
="800000879",="Present",="9/18/2024",="NUR155 - V2",
="800000879",="Present",="9/25/2024",="NUR155 - V2",
="800000879",="Present",="10/2/2024",="NUR155 - V2",
="800000879",="Present",="10/9/2024",="NUR155 - V2",
="800000879",="No class",="10/16/2024",="NUR155 - V2",
="800000879",="No class",="10/23/2024",="NUR155 - V2",
="800000879",="Present",="10/30/2024",="NUR155 - V2",
="800000879",="Present",="11/6/2024",="NUR155 - V2",
="800000879",="Present",="11/13/2024",="NUR155 - V2",
="800000879",="Present",="11/20/2024",="NUR155 - V2",
="800000879",="Present",="11/27/2024",="NUR155 - V2",
="800000879",="Present",="12/4/2024",="NUR155 - V2",
="770036397",="Present",="10/25/2024",="NUR255-C-P2",
="770036397",="Present",="10/26/2024",="NUR255-C-P2",
="800000289",="Present",="10/25/2024",="NUR255-C-P2",
="800000289",="Present",="10/26/2024",="NUR255-C-P2",
="800000607",="Present",="10/25/2024",="NUR255-C-P2",
="800000607",="Present",="10/26/2024",="NUR255-C-P2",
="800001214",="Present",="10/18/2024",="NUR255-C-P1",
="800001214",="Present",="10/19/2024",="NUR255-C-P1",
="770038166",="Present",="11/24/2024",="SOC300",
="770038166",="Present",="12/1/2024",="SOC300",
="770038166",="Present",="12/8/2024",="SOC300",
="800001427",="Present",="10/14/2024",="NUR135-S-A3",
="800001427",="Present",="12/2/2024",="NUR135-S-A3",
="800001149",="Present",="10/14/2024",="NUR135-S-A3",
="800001149",="Present",="12/2/2024",="NUR135-S-A3",
="800001094",="Present",="10/14/2024",="NUR135-S-A3",
="800001094",="Present",="12/2/2024",="NUR135-S-A3",
="800001031",="Present",="10/14/2024",="NUR135-S-A3",
="800001031",="Present",="12/2/2024",="NUR135-S-A3",
="800001298",="Present",="10/14/2024",="NUR135-S-A3",
="800001298",="Present",="12/2/2024",="NUR135-S-A3",
="800001292",="Present",="10/14/2024",="NUR135-S-A3",
="800001292",="Present",="12/2/2024",="NUR135-S-A3",
="800000934",="Present",="10/14/2024",="NUR135-S-A3",
="800000934",="Present",="12/2/2024",="NUR135-S-A3",
="800000878",="Present",="10/21/2024",="NUR245-C-P2",
="800000878",="Absent",="12/5/2024",="NUR245-C-P2",
="800000289",="Present",="10/16/2024",="NUR265-C-P2",
="800000289",="Present",="10/23/2024",="NUR265-C-P2",
="800000898",="Present",="10/16/2024",="NUR265-C-P2",
="800000898",="Present",="10/23/2024",="NUR265-C-P2",
="800001419",="Absent",="12/2/2024",="NUR135-S-A3",
="800000608",="Present",="8/29/2024",="NUR235 - P",
="800000608",="Present",="9/5/2024",="NUR235 - P",
="800000608",="Present",="9/12/2024",="NUR235 - P",
="800000608",="Present",="9/19/2024",="NUR235 - P",
="800000608",="Present",="9/26/2024",="NUR235 - P",
="800000608",="Present",="10/3/2024",="NUR235 - P",
="800000608",="Present",="10/10/2024",="NUR235 - P",
="800000608",="Present",="10/31/2024",="NUR235 - P",
="800000608",="Present",="11/7/2024",="NUR235 - P",
="800000608",="Present",="11/14/2024",="NUR235 - P",
="800000550",="Present",="8/29/2024",="NUR235 - P",
="800000550",="Present",="9/5/2024",="NUR235 - P",
="800000550",="Present",="9/12/2024",="NUR235 - P",
="800000550",="Present",="9/19/2024",="NUR235 - P",
="800000550",="Present",="9/26/2024",="NUR235 - P",
="800000550",="Present",="10/3/2024",="NUR235 - P",
="800000550",="Present",="10/10/2024",="NUR235 - P",
="800000550",="Present",="10/31/2024",="NUR235 - P",
="800000550",="Present",="11/7/2024",="NUR235 - P",
="800000550",="Present",="11/14/2024",="NUR235 - P",
="800000550",="Present",="11/21/2024",="NUR235 - P",
="800000550",="Present",="10/16/2024",="NUR235-C-P1",
="800000550",="Present",="10/21/2024",="NUR235-C-P1",
="800000550",="Present",="10/24/2024",="NUR235-C-P1",
="800000550",="Present",="12/5/2024",="NUR235-C-P1",
="800000550",="Present",="12/10/2024",="NUR235-C-P1",
="800000550",="Present",="12/11/2024",="NUR235-C-P1",
="800000550",="Present",="9/12/2024",="NUR235-L-P1",
="800000550",="Present",="9/26/2024",="NUR235-L-P1",
="800000550",="Present",="11/7/2024",="NUR235-L-P1",
="800000550",="Present",="11/14/2024",="NUR235-L-P1",
="800000713",="Present",="8/29/2024",="NUR235 - P",
="800000713",="Present",="9/5/2024",="NUR235 - P",
="800000713",="Present",="9/12/2024",="NUR235 - P",
="800000713",="Present",="9/19/2024",="NUR235 - P",
="800000713",="Present",="9/26/2024",="NUR235 - P",
="800000713",="Present",="10/3/2024",="NUR235 - P",
="800000713",="Present",="10/10/2024",="NUR235 - P",
="800000713",="Present",="10/31/2024",="NUR235 - P",
="800000713",="Present",="11/7/2024",="NUR235 - P",
="800000713",="Present",="11/14/2024",="NUR235 - P",
