Student Id Number,Attendance Type,Attendance Date,Class Name,
="800001563",="Present",="3/3/2026",="NUR150 -A",
="800001563",="Present",="3/4/2026",="NUR150 -A",
="800001563",="Present",="3/10/2026",="NUR150 -A",
="800001563",="Present",="3/11/2026",="NUR150 -A",
="800001563",="Present",="3/17/2026",="NUR150 -A",
="800001563",="Present",="3/18/2026",="NUR150 -A",
="800001563",="Present",="3/24/2026",="NUR150 -A",
="800001563",="Present",="3/25/2026",="NUR150 -A",
="800001563",="Present",="3/31/2026",="NUR150 -A",
="800001563",="Present",="4/1/2026",="NUR150 -A",
="800001563",="No class",="4/7/2026",="NUR150 -A",
="800001563",="No class",="4/8/2026",="NUR150 -A",
="800001563",="Present",="4/14/2026",="NUR150 -A",
="800001563",="Present",="4/15/2026",="NUR150 -A",
="800001563",="Present",="4/21/2026",="NUR150 -A",
="800001563",="Present",="3/9/2026",="NUR150 -L-A1",
="800001563",="Present",="3/16/2026",="NUR150 -L-A1",
="800001563",="Present",="3/23/2026",="NUR150 -L-A1",
="800001563",="Present",="3/30/2026",="NUR150 -L-A1",
="800001563",="Present",="4/6/2026",="NUR150 -L-A1",
="800001563",="Present",="1/8/2026",="NUR140-A",
="800001563",="Present",="1/15/2026",="NUR140-A",
="800001563",="Present",="1/22/2026",="NUR140-A",
="800001563",="Present",="1/29/2026",="NUR140-A",
="800001563",="Present",="2/5/2026",="NUR140-A",
="800001563",="Present",="2/12/2026",="NUR140-A",
="800001563",="Present",="2/19/2026",="NUR140-A",
="800001563",="Present",="2/26/2026",="NUR140-A",
="800001921",="Present",="1/5/2026",="NUR100-P",
="800001921",="Present",="1/12/2026",="NUR100-P",
="800001921",="Present",="1/26/2026",="NUR100-P",
="800001921",="Present",="2/2/2026",="NUR100-P",
="800001921",="Present",="2/23/2026",="NUR100-P",
="800001921",="Present",="3/2/2026",="NUR100-P",
="800001921",="Present",="3/9/2026",="NUR100-P",
="800001921",="Present",="3/16/2026",="NUR100-P",
="800001921",="Present",="3/23/2026",="NUR100-P",
="800001921",="Present",="4/13/2026",="NUR100-P",
="800001921",="Present",="4/20/2026",="NUR100-P",
="800001921",="Present",="1/10/2026",="NUT100 -OL",
="800001921",="Present",="1/18/2026",="NUT100 -OL",
="800001921",="Present",="1/25/2026",="NUT100 -OL",
="800001921",="Absent",="2/1/2026",="NUT100 -OL",
="800001921",="Present",="2/8/2026",="NUT100 -OL",
="800001921",="Present",="2/15/2026",="NUT100 -OL",
="800001921",="Present",="2/22/2026",="NUT100 -OL",
="800001921",="Present",="3/1/2026",="NUT100 -OL",
="800001921",="Present",="3/8/2026",="NUT100 -OL",
="800001921",="Present",="3/15/2026",="NUT100 -OL",
="800001921",="Absent",="3/22/2026",="NUT100 -OL",
="800001921",="Absent",="3/29/2026",="NUT100 -OL",
="800001921",="Present",="4/5/2026",="NUT100 -OL",
="800001921",="Absent",="4/11/2026",="NUT100 -OL",
="800001954",="Present",="1/8/2026",="NUR125-P",
="800001954",="Present",="1/15/2026",="NUR125-P",
="800001954",="Present",="1/22/2026",="NUR125-P",
="800001954",="Present",="1/29/2026",="NUR125-P",
="800001954",="Present",="2/5/2026",="NUR125-P",
="800001954",="Present",="2/26/2026",="NUR125-P",
="800001954",="Present",="3/5/2026",="NUR125-P",
="800001954",="Present",="3/12/2026",="NUR125-P",
="800001954",="Absent",="3/19/2026",="NUR125-P",
="800001954",="Present",="3/26/2026",="NUR125-P",
="800001954",="Present",="4/16/2026",="NUR125-P",
="800001954",="Present",="1/5/2026",="NUR100 -A",
="800001954",="Present",="1/12/2026",="NUR100 -A",
="800001954",="Present",="1/26/2026",="NUR100 -A",
="800001954",="Present",="2/2/2026",="NUR100 -A",
="800001954",="No class",="2/9/2026",="NUR100 -A",
="800001954",="No class",="2/16/2026",="NUR100 -A",
="800001954",="Present",="2/23/2026",="NUR100 -A",
="800001954",="Present",="3/2/2026",="NUR100 -A",
="800001954",="Present",="3/9/2026",="NUR100 -A",
="800001954",="Present",="3/16/2026",="NUR100 -A",
="800001954",="Present",="3/23/2026",="NUR100 -A",
="800001954",="Present",="4/13/2026",="NUR100 -A",
="800001954",="Present",="1/10/2026",="NUT100 -OL",
="800001954",="Present",="1/18/2026",="NUT100 -OL",
="800001954",="Present",="1/25/2026",="NUT100 -OL",
="800001954",="Present",="2/1/2026",="NUT100 -OL",
="800001954",="Present",="2/8/2026",="NUT100 -OL",
="800001954",="Present",="2/15/2026",="NUT100 -OL",
="800001954",="Present",="2/22/2026",="NUT100 -OL",
="800001954",="Present",="3/1/2026",="NUT100 -OL",
="800001954",="Present",="3/8/2026",="NUT100 -OL",
="800001954",="Present",="3/15/2026",="NUT100 -OL",
="800001954",="Absent",="3/22/2026",="NUT100 -OL",
="800001954",="Present",="3/29/2026",="NUT100 -OL",
="800001954",="Present",="4/5/2026",="NUT100 -OL",
="800001954",="Absent",="4/11/2026",="NUT100 -OL",
="800001954",="Present",="1/8/2026",="PHARM130-A",
="800001954",="Present",="1/15/2026",="PHARM130-A",
="800001954",="Present",="1/22/2026",="PHARM130-A",
="800001954",="Present",="1/29/2026",="PHARM130-A",
="800001954",="Present",="2/5/2026",="PHARM130-A",
="800001954",="Present",="2/12/2026",="PHARM130-A",
="800001954",="Present",="2/19/2026",="PHARM130-A",
="800001954",="Present",="2/26/2026",="PHARM130-A",
="800001954",="Present",="3/5/2026",="PHARM130-A",
="800001954",="Present",="3/12/2026",="PHARM130-A",
="800001954",="Present",="3/19/2026",="PHARM130-A",
="800001954",="Present",="3/26/2026",="PHARM130-A",
="800001954",="Present",="4/2/2026",="PHARM130-A",
="800001954",="Present",="4/9/2026",="PHARM130-A",
="800001954",="Present",="4/16/2026",="PHARM130-A",
="800001711",="Present",="1/8/2026",="NUR140-A",
="800001711",="Present",="1/15/2026",="NUR140-A",
="800001711",="Present",="1/22/2026",="NUR140-A",
="800001711",="Present",="1/29/2026",="NUR140-A",
="800001711",="Present",="2/5/2026",="NUR140-A",
="800001711",="Present",="2/12/2026",="NUR140-A",
="800001711",="Present",="2/19/2026",="NUR140-A",
="800001711",="Present",="2/26/2026",="NUR140-A",
="800001711",="Present",="1/5/2026",="NUR145 - P",
="800001711",="Present",="1/12/2026",="NUR145 - P",
="800001711",="Absent",="1/19/2026",="NUR145 - P",
="800001711",="Present",="1/26/2026",="NUR145 - P",
="800001711",="Present",="2/2/2026",="NUR145 - P",
="800001711",="Present",="2/9/2026",="NUR145 - P",
="800001711",="Present",="2/16/2026",="NUR145 - P",
="800001711",="Present",="2/23/2026",="NUR145 - P",
="800001711",="Present",="1/7/2026",="NUR155-A",
="800001711",="Present",="1/9/2026",="NUR155-A",
="800001711",="Present",="1/16/2026",="NUR155-A",
="800001711",="Absent",="1/23/2026",="NUR155-A",
="800001711",="Present",="1/30/2026",="NUR155-A",
="800001711",="Present",="2/6/2026",="NUR155-A",
="800001711",="Absent",="2/13/2026",="NUR155-A",
="800001711",="Present",="2/20/2026",="NUR155-A",
="800001711",="Present",="2/27/2026",="NUR155-A",
="800001711",="Present",="3/2/2026",="NUR155-A",
="800001711",="Present",="3/3/2026",="NUR155-A",
="800001711",="Present",="3/4/2026",="NUR155-A",
="800001711",="Present",="3/6/2026",="NUR155-A",
="800001711",="Present",="3/13/2026",="NUR155-A",
="800001711",="Present",="3/20/2026",="NUR155-A",
="800001711",="Present",="3/27/2026",="NUR155-A",
="800001711",="No class",="4/3/2026",="NUR155-A",
="800001711",="No class",="4/10/2026",="NUR155-A",
="800001587",="Present",="1/8/2026",="NUR140-A",
="800001587",="Present",="1/15/2026",="NUR140-A",
="800001587",="Present",="1/22/2026",="NUR140-A",
="800001587",="Present",="1/29/2026",="NUR140-A",
="800001587",="Present",="2/5/2026",="NUR140-A",
="800001587",="Present",="2/12/2026",="NUR140-A",
="800001587",="Present",="2/19/2026",="NUR140-A",
="800001587",="Present",="2/26/2026",="NUR140-A",
="800001587",="Present",="1/30/2026",="NUR145-L-P",
="800001587",="Present",="1/5/2026",="NUR145 - P",
="800001587",="Present",="1/12/2026",="NUR145 - P",
="800001587",="Present",="1/19/2026",="NUR145 - P",
="800001587",="Present",="1/26/2026",="NUR145 - P",
="800001587",="Present",="2/2/2026",="NUR145 - P",
="800001587",="Present",="2/9/2026",="NUR145 - P",
="800001587",="Present",="2/16/2026",="NUR145 - P",
="800001587",="Present",="2/23/2026",="NUR145 - P",
="800001649",="Present",="1/10/2026",="NUT100 -OL",
="800001649",="Present",="1/18/2026",="NUT100 -OL",
="800001649",="Present",="1/25/2026",="NUT100 -OL",
="800001649",="Present",="2/1/2026",="NUT100 -OL",
="800001649",="Present",="2/8/2026",="NUT100 -OL",
="800001649",="Present",="2/15/2026",="NUT100 -OL",
="800001649",="Present",="2/22/2026",="NUT100 -OL",
="800001649",="Present",="3/1/2026",="NUT100 -OL",
="800001649",="Present",="3/8/2026",="NUT100 -OL",
="800001649",="Present",="3/15/2026",="NUT100 -OL",
="800001649",="Absent",="3/22/2026",="NUT100 -OL",
="800001649",="Present",="3/29/2026",="NUT100 -OL",
="800001649",="Present",="4/5/2026",="NUT100 -OL",
="800001649",="Present",="4/11/2026",="NUT100 -OL",
="800001649",="Present",="2/4/2026",="PHARM100-P-1",
="800001649",="Present",="2/11/2026",="PHARM100-P-1",
="800001649",="Present",="2/18/2026",="PHARM100-P-1",
="800001649",="Absent",="2/25/2026",="PHARM100-P-1",
="800001649",="Present",="3/4/2026",="PHARM100-P-1",
="800001649",="Present",="3/11/2026",="PHARM100-P-1",
="800001649",="Present",="3/18/2026",="PHARM100-P-1",
="800001649",="Present",="3/25/2026",="PHARM100-P-1",
="800001649",="Present",="4/1/2026",="PHARM100-P-1",
="800001649",="Present",="4/8/2026",="PHARM100-P-1",
="800001827",="Present",="1/7/2026",="NUR216 -A",
="800001827",="Present",="1/14/2026",="NUR216 -A",
="800001827",="Present",="1/21/2026",="NUR216 -A",
="800001827",="Present",="1/28/2026",="NUR216 -A",
="800001517",="Present",="2/23/2026",="NUR135-L-P1",
="800001729",="Present",="2/23/2026",="NUR135-L-P1",
="800001729",="Present",="3/3/2026",="NUR150 -A",
="800001729",="Present",="3/4/2026",="NUR150 -A",
="800001729",="Present",="3/10/2026",="NUR150 -A",
="800001729",="Present",="3/11/2026",="NUR150 -A",
="800001729",="Present",="3/17/2026",="NUR150 -A",
="800001729",="Present",="3/18/2026",="NUR150 -A",
="800001729",="Present",="3/24/2026",="NUR150 -A",
="800001729",="Present",="3/25/2026",="NUR150 -A",
="800001729",="Present",="3/31/2026",="NUR150 -A",
="800001729",="Present",="4/1/2026",="NUR150 -A",
="800001729",="No class",="4/7/2026",="NUR150 -A",
="800001729",="No class",="4/8/2026",="NUR150 -A",
="800001729",="Present",="4/14/2026",="NUR150 -A",
="800001729",="Present",="4/15/2026",="NUR150 -A",
="800001729",="Present",="4/21/2026",="NUR150 -A",
="800001729",="Present",="3/9/2026",="NUR150 -L-A1",
="800001729",="Present",="3/16/2026",="NUR150 -L-A1",
="800001729",="Present",="3/23/2026",="NUR150 -L-A1",
="800001729",="Present",="3/30/2026",="NUR150 -L-A1",
="800001729",="Present",="4/6/2026",="NUR150 -L-A1",
="800001729",="Present",="1/5/2026",="NUR135-P",
="800001729",="Present",="1/12/2026",="NUR135-P",
="800001729",="Present",="1/19/2026",="NUR135-P",
="800001729",="Present",="1/26/2026",="NUR135-P",
="800001729",="Present",="2/2/2026",="NUR135-P",
="800001729",="Present",="2/9/2026",="NUR135-P",
="800001729",="Present",="2/16/2026",="NUR135-P",
="800001729",="Present",="2/23/2026",="NUR135-P",
="800001712",="Present",="3/9/2026",="NUR150 -L-A1",
="800001712",="Present",="3/16/2026",="NUR150 -L-A1",
="800001712",="Present",="3/23/2026",="NUR150 -L-A1",
="800001712",="Present",="3/30/2026",="NUR150 -L-A1",
="800001712",="Present",="4/6/2026",="NUR150 -L-A1",
="800001712",="Present",="1/7/2026",="NUR155-A",
="800001712",="Present",="1/9/2026",="NUR155-A",
="800001712",="Present",="1/16/2026",="NUR155-A",
="800001712",="Absent",="1/23/2026",="NUR155-A",
="800001712",="Present",="1/30/2026",="NUR155-A",
="800001712",="Present",="2/6/2026",="NUR155-A",
="800001712",="Absent",="2/13/2026",="NUR155-A",
="800001712",="Present",="2/20/2026",="NUR155-A",
="800001712",="Present",="2/27/2026",="NUR155-A",
="800001712",="Present",="3/2/2026",="NUR155-A",
="800001712",="Present",="3/3/2026",="NUR155-A",
="800001712",="Present",="3/4/2026",="NUR155-A",
="800001712",="Present",="3/6/2026",="NUR155-A",
="800001712",="Present",="3/13/2026",="NUR155-A",
="800001712",="Present",="3/20/2026",="NUR155-A",
="800001712",="Present",="3/27/2026",="NUR155-A",
="800001712",="No class",="4/3/2026",="NUR155-A",
="800001712",="No class",="4/10/2026",="NUR155-A",
="800001712",="Present",="1/30/2026",="NUR145-L-P",
="800001712",="Present",="1/5/2026",="NUR145 - P",
="800001712",="Present",="1/12/2026",="NUR145 - P",
="800001712",="Present",="1/19/2026",="NUR145 - P",
="800001712",="Present",="1/26/2026",="NUR145 - P",
="800001712",="Present",="2/2/2026",="NUR145 - P",
="800001712",="Present",="2/9/2026",="NUR145 - P",
="800001712",="Present",="2/16/2026",="NUR145 - P",
="800001712",="Present",="2/23/2026",="NUR145 - P",
="800001712",="Present",="3/3/2026",="NUR150 -A",
="800001712",="Present",="3/4/2026",="NUR150 -A",
="800001712",="Present",="3/10/2026",="NUR150 -A",
="800001712",="Present",="3/11/2026",="NUR150 -A",
="800001712",="Present",="3/17/2026",="NUR150 -A",
="800001712",="Present",="3/18/2026",="NUR150 -A",
="800001712",="Present",="3/24/2026",="NUR150 -A",
="800001712",="Present",="3/25/2026",="NUR150 -A",
="800001712",="Present",="3/31/2026",="NUR150 -A",
="800001712",="Present",="4/1/2026",="NUR150 -A",
="800001712",="No class",="4/7/2026",="NUR150 -A",
="800001712",="No class",="4/8/2026",="NUR150 -A",
="800001712",="Present",="4/14/2026",="NUR150 -A",
="800001712",="Present",="4/15/2026",="NUR150 -A",
="800001712",="Present",="4/21/2026",="NUR150 -A",
="800001712",="Present",="1/8/2026",="NUR140-A",
="800001712",="Present",="1/15/2026",="NUR140-A",
="800001712",="Present",="1/22/2026",="NUR140-A",
="800001712",="Present",="1/29/2026",="NUR140-A",
="800001712",="Present",="2/5/2026",="NUR140-A",
="800001712",="Present",="2/12/2026",="NUR140-A",
="800001712",="Present",="2/19/2026",="NUR140-A",
="800001712",="Present",="2/26/2026",="NUR140-A",
="800001729",="Present",="1/8/2026",="NUR140-A",
="800001729",="Present",="1/15/2026",="NUR140-A",
="800001729",="Present",="1/22/2026",="NUR140-A",
="800001729",="Present",="1/29/2026",="NUR140-A",
="800001729",="Present",="2/5/2026",="NUR140-A",
="800001729",="Present",="2/12/2026",="NUR140-A",
="800001729",="Present",="2/19/2026",="NUR140-A",
="800001729",="Present",="2/26/2026",="NUR140-A",
="800001940",="Present",="3/3/2026",="NUR150-P",
="800001940",="Present",="3/9/2026",="NUR150-P",
="800001940",="Present",="3/10/2026",="NUR150-P",
="800001940",="Present",="3/16/2026",="NUR150-P",
="800001940",="Present",="3/17/2026",="NUR150-P",
="800001940",="Present",="3/23/2026",="NUR150-P",
="800001940",="Present",="3/24/2026",="NUR150-P",
="800001940",="Present",="3/30/2026",="NUR150-P",
="800001940",="No class",="4/6/2026",="NUR150-P",
="800001940",="No class",="4/7/2026",="NUR150-P",
="800001940",="No class",="3/11/2026",="NUR150-L-P1",
="800001940",="Present",="3/18/2026",="NUR150-L-P1",
="800001940",="Present",="3/25/2026",="NUR150-L-P1",
="800001940",="Present",="4/1/2026",="NUR150-L-P1",
="800001940",="Present",="4/8/2026",="NUR150-L-P1",
="800001940",="Present",="1/10/2026",="PSY101 -OL",
="800001940",="Present",="1/11/2026",="PSY101 -OL",
="800001940",="Present",="1/18/2026",="PSY101 -OL",
="800001940",="Present",="1/25/2026",="PSY101 -OL",
="800001940",="Present",="2/1/2026",="PSY101 -OL",
="800001940",="Present",="2/8/2026",="PSY101 -OL",
="800001940",="Present",="2/15/2026",="PSY101 -OL",
="800001940",="Present",="2/22/2026",="PSY101 -OL",
="800001940",="Present",="3/1/2026",="PSY101 -OL",
="800001940",="Present",="3/8/2026",="PSY101 -OL",
="800001940",="Present",="3/15/2026",="PSY101 -OL",
="800001940",="Present",="3/22/2026",="PSY101 -OL",
="800001940",="Absent",="3/29/2026",="PSY101 -OL",
="800001940",="Absent",="4/5/2026",="PSY101 -OL",
="800001940",="Present",="1/8/2026",="NUR125-P",
="800001940",="Present",="1/15/2026",="NUR125-P",
="800001940",="Present",="1/22/2026",="NUR125-P",
="800001940",="Present",="1/29/2026",="NUR125-P",
="800001940",="Present",="2/5/2026",="NUR125-P",
="800001940",="Present",="2/26/2026",="NUR125-P",
="800001940",="Present",="3/5/2026",="NUR125-P",
="800001940",="Present",="3/12/2026",="NUR125-P",
="800001940",="Absent",="3/19/2026",="NUR125-P",
="800001940",="Present",="3/26/2026",="NUR125-P",
="800001940",="Present",="1/8/2026",="PHARM130-A",
="800001940",="Present",="1/15/2026",="PHARM130-A",
="800001940",="Present",="1/22/2026",="PHARM130-A",
="800001940",="Present",="1/29/2026",="PHARM130-A",
="800001940",="Present",="2/5/2026",="PHARM130-A",
="800001940",="Present",="2/12/2026",="PHARM130-A",
="800001940",="Present",="2/19/2026",="PHARM130-A",
="800001940",="Present",="2/26/2026",="PHARM130-A",
="800001940",="Present",="3/5/2026",="PHARM130-A",
="800001940",="Present",="3/12/2026",="PHARM130-A",
="800001940",="Present",="3/19/2026",="PHARM130-A",
="800001940",="Present",="3/26/2026",="PHARM130-A",
="800001940",="Present",="4/2/2026",="PHARM130-A",
="800001940",="Present",="4/9/2026",="PHARM130-A",
="800001827",="Present",="1/8/2026",="NUR205 -P",
="800001827",="Present",="1/15/2026",="NUR205 -P",
="800001827",="Present",="1/22/2026",="NUR205 -P",
="800001827",="Present",="1/29/2026",="NUR205 -P",
="800001827",="Present",="1/5/2026",="PHARM225-A_P",
="800001827",="Present",="1/12/2026",="PHARM225-A_P",
="800001827",="No class",="1/19/2026",="PHARM225-A_P",
="800001827",="Absent",="1/26/2026",="PHARM225-A_P",
="800001827",="Absent",="2/2/2026",="PHARM225-A_P",
="800001827",="Present",="1/10/2026",="HUM200 -OL",
="800001827",="Present",="1/11/2026",="HUM200 -OL",
="800001827",="Present",="1/18/2026",="HUM200 -OL",
="800001827",="Present",="1/25/2026",="HUM200 -OL",
="800001827",="Present",="2/1/2026",="HUM200 -OL",
="800001838",="Present",="1/10/2026",="HUM200 -OL",
="800001838",="Present",="1/11/2026",="HUM200 -OL",
="800001838",="Present",="1/18/2026",="HUM200 -OL",
="800001838",="Present",="1/25/2026",="HUM200 -OL",
="800001838",="Absent",="2/1/2026",="HUM200 -OL",
="800001838",="Absent",="2/8/2026",="HUM200 -OL",
="800001838",="Absent",="2/15/2026",="HUM200 -OL",
="800001838",="Absent",="2/22/2026",="HUM200 -OL",
="800001838",="Absent",="3/1/2026",="HUM200 -OL",
="800001838",="Absent",="3/8/2026",="HUM200 -OL",
="800001838",="Absent",="3/15/2026",="HUM200 -OL",
="800001838",="Absent",="3/22/2026",="HUM200 -OL",
="800001838",="Absent",="3/29/2026",="HUM200 -OL",
="800001838",="Present",="1/10/2026",="ENG102 - OL",
="800001838",="Present",="1/18/2026",="ENG102 - OL",
="800001838",="Present",="1/25/2026",="ENG102 - OL",
="800001838",="Absent",="2/1/2026",="ENG102 - OL",
="800001838",="Absent",="2/8/2026",="ENG102 - OL",
="800001838",="Present",="2/15/2026",="ENG102 - OL",
="800001838",="Absent",="2/22/2026",="ENG102 - OL",
="800001838",="Present",="3/1/2026",="ENG102 - OL",
="800001838",="Present",="3/8/2026",="ENG102 - OL",
="800001838",="Present",="3/15/2026",="ENG102 - OL",
="800001838",="Absent",="3/22/2026",="ENG102 - OL",
="800001838",="Absent",="3/29/2026",="ENG102 - OL",
="800001940",="Present",="1/5/2026",="NUR120-P",
="800001940",="Present",="1/6/2026",="NUR120-P",
="800001940",="Present",="1/12/2026",="NUR120-P",
="800001940",="Present",="1/13/2026",="NUR120-P",
="800001940",="Present",="1/20/2026",="NUR120-P",
="800001940",="Present",="1/26/2026",="NUR120-P",
="800001940",="Present",="1/27/2026",="NUR120-P",
="800001940",="Present",="2/2/2026",="NUR120-P",
="800001940",="Absent",="2/3/2026",="NUR120-P",
="800001940",="Present",="2/9/2026",="NUR120-P",
="800001940",="No class",="2/10/2026",="NUR120-P",
="800001940",="Present",="2/16/2026",="NUR120-P",
="800001940",="Present",="2/17/2026",="NUR120-P",
="800001940",="Present",="2/23/2026",="NUR120-P",
="800001940",="Present",="2/24/2026",="NUR120-P",
="800001940",="Present",="1/12/2026",="NUR120-L-A1",
="800001940",="No class",="1/19/2026",="NUR120-L-A1",
="800001940",="No class",="1/26/2026",="NUR120-L-A1",
="800001940",="Absent",="2/2/2026",="NUR120-L-A1",
="800001940",="Present",="2/16/2026",="NUR120-L-A1",
="800001940",="Present",="2/23/2026",="NUR120-L-A1",
="800001739",="Present",="1/5/2026",="NUR120-P",
="800001739",="Present",="1/6/2026",="NUR120-P",
="800001739",="Present",="1/12/2026",="NUR120-P",
="800001739",="Present",="1/13/2026",="NUR120-P",
="800001739",="Present",="1/20/2026",="NUR120-P",
="800001739",="Present",="1/26/2026",="NUR120-P",
="800001739",="Present",="1/27/2026",="NUR120-P",
="800001739",="Present",="2/2/2026",="NUR120-P",
="800001739",="Present",="2/3/2026",="NUR120-P",
="800001739",="Present",="2/9/2026",="NUR120-P",
="800001739",="No class",="2/10/2026",="NUR120-P",
="800001739",="Present",="2/16/2026",="NUR120-P",
="800001739",="Present",="2/17/2026",="NUR120-P",
="800001739",="Present",="2/23/2026",="NUR120-P",
="800001739",="Present",="2/24/2026",="NUR120-P",
="800001739",="Present",="3/3/2026",="NUR150 -A",
="800001739",="Present",="3/4/2026",="NUR150 -A",
="800001739",="Present",="3/10/2026",="NUR150 -A",
="800001739",="Present",="3/11/2026",="NUR150 -A",
="800001739",="Present",="3/17/2026",="NUR150 -A",
="800001739",="Present",="3/18/2026",="NUR150 -A",
="800001739",="Present",="3/24/2026",="NUR150 -A",
="800001739",="Present",="3/25/2026",="NUR150 -A",
="800001739",="Present",="3/31/2026",="NUR150 -A",
="800001739",="Present",="4/1/2026",="NUR150 -A",
="800001739",="No class",="4/7/2026",="NUR150 -A",
="800001739",="No class",="4/8/2026",="NUR150 -A",
="800001739",="Present",="4/14/2026",="NUR150 -A",
="800001739",="Present",="4/15/2026",="NUR150 -A",
="800001739",="Present",="4/21/2026",="NUR150 -A",
="800001739",="No class",="3/11/2026",="NUR150-L-P1",
="800001739",="Present",="3/18/2026",="NUR150-L-P1",
="800001739",="Present",="3/25/2026",="NUR150-L-P1",
="800001739",="Present",="4/1/2026",="NUR150-L-P1",
="800001739",="Present",="4/8/2026",="NUR150-L-P1",
="800001739",="Present",="1/8/2026",="PHARM130-A",
="800001739",="Present",="1/15/2026",="PHARM130-A",
="800001739",="Present",="1/22/2026",="PHARM130-A",
="800001739",="Present",="1/29/2026",="PHARM130-A",
="800001739",="Present",="2/5/2026",="PHARM130-A",
="800001739",="Present",="2/12/2026",="PHARM130-A",
="800001739",="Present",="2/19/2026",="PHARM130-A",
="800001739",="Present",="2/26/2026",="PHARM130-A",
="800001739",="Absent",="3/5/2026",="PHARM130-A",
="800001739",="Present",="3/12/2026",="PHARM130-A",
="800001739",="Present",="3/19/2026",="PHARM130-A",
="800001739",="Absent",="3/26/2026",="PHARM130-A",
="800001739",="Absent",="4/2/2026",="PHARM130-A",
="800001739",="Present",="4/9/2026",="PHARM130-A",
="800001739",="Present",="4/16/2026",="PHARM130-A",
="800001517",="Present",="3/9/2026",="NUR150 -L-A1",
="800001517",="Present",="3/16/2026",="NUR150 -L-A1",
="800001517",="Present",="3/23/2026",="NUR150 -L-A1",
="800001517",="Present",="3/30/2026",="NUR150 -L-A1",
="800001517",="Present",="4/6/2026",="NUR150 -L-A1",
="800001673",="Present",="1/8/2026",="NUR236-P",
="800001673",="Present",="1/15/2026",="NUR236-P",
="800001673",="Present",="1/22/2026",="NUR236-P",
="800001673",="Present",="1/29/2026",="NUR236-P",
="800001673",="Present",="2/26/2026",="NUR236-P",
="800001673",="Present",="3/5/2026",="NUR236-P",
="800001673",="No class",="3/12/2026",="NUR236-P",
="800001673",="Present",="3/19/2026",="NUR236-P",
="800001673",="No class",="3/26/2026",="NUR236-P",
="800001673",="Present",="4/16/2026",="NUR236-P",
="800001673",="No class",="4/23/2026",="NUR236-P",
="800001673",="Present",="1/5/2026",="PHARM225-B_P",
="800001673",="Present",="1/12/2026",="PHARM225-B_P",
="800001673",="No class",="1/19/2026",="PHARM225-B_P",
="800001673",="Present",="1/26/2026",="PHARM225-B_P",
="800001673",="Present",="2/2/2026",="PHARM225-B_P",
="800001673",="Present",="2/9/2026",="PHARM225-B_P",
="800001673",="Absent",="2/16/2026",="PHARM225-B_P",
="800001673",="Tardy/Late",="2/23/2026",="PHARM225-B_P",
="800001673",="Present",="3/2/2026",="PHARM225-B_P",
="800001673",="Present",="3/9/2026",="PHARM225-B_P",
="800001673",="Tardy/Late",="3/16/2026",="PHARM225-B_P",
="800001673",="Present",="3/23/2026",="PHARM225-B_P",
="800001673",="Present",="3/30/2026",="PHARM225-B_P",
="800001673",="Present",="4/6/2026",="PHARM225-B_P",
="800001673",="Present",="4/13/2026",="PHARM225-B_P",
="800001673",="Present",="1/9/2026",="STAT101-A",
="800001673",="Present",="1/16/2026",="STAT101-A",
="800001673",="Present",="1/23/2026",="STAT101-A",
="800001673",="Present",="1/30/2026",="STAT101-A",
="800001673",="Present",="2/6/2026",="STAT101-A",
="800001673",="Present",="2/13/2026",="STAT101-A",
="800001673",="Present",="2/20/2026",="STAT101-A",
="800001673",="Present",="2/27/2026",="STAT101-A",
="800001673",="Present",="3/6/2026",="STAT101-A",
="800001673",="Present",="3/13/2026",="STAT101-A",
="800001673",="Present",="3/20/2026",="STAT101-A",
="800001673",="Present",="3/27/2026",="STAT101-A",
="800001673",="Present",="4/3/2026",="STAT101-A",
="800001673",="Present",="4/10/2026",="STAT101-A",
="800001673",="Present",="1/6/2026",="MCB100 -A",
="800001673",="Present",="1/13/2026",="MCB100 -A",
="800001673",="Present",="1/20/2026",="MCB100 -A",
="800001673",="Present",="1/27/2026",="MCB100 -A",
="800001673",="Present",="2/3/2026",="MCB100 -A",
="800001673",="Present",="2/10/2026",="MCB100 -A",
="800001673",="Present",="2/17/2026",="MCB100 -A",
="800001673",="Present",="2/24/2026",="MCB100 -A",
="800001673",="Present",="3/3/2026",="MCB100 -A",
="800001673",="Present",="3/10/2026",="MCB100 -A",
="800001673",="Present",="3/17/2026",="MCB100 -A",
="800001673",="Present",="3/24/2026",="MCB100 -A",
="800001673",="Present",="3/31/2026",="MCB100 -A",
="800001673",="Present",="4/7/2026",="MCB100 -A",
="800001673",="Present",="4/14/2026",="MCB100 -A",
="800001114",="Absent",="1/12/2026",="NUR120-L-A1",
="800001114",="No class",="1/19/2026",="NUR120-L-A1",
="800001114",="No class",="1/26/2026",="NUR120-L-A1",
="800001114",="Present",="2/2/2026",="NUR120-L-A1",
="800001114",="Present",="2/16/2026",="NUR120-L-A1",
="800001114",="Present",="2/23/2026",="NUR120-L-A1",
="800001114",="Present",="1/8/2026",="PHARM130-A",
="800001114",="Present",="1/15/2026",="PHARM130-A",
="800001114",="Present",="1/22/2026",="PHARM130-A",
="800001114",="Present",="1/29/2026",="PHARM130-A",
="800001114",="Present",="2/5/2026",="PHARM130-A",
="800001114",="Present",="2/12/2026",="PHARM130-A",
="800001114",="Absent",="2/19/2026",="PHARM130-A",
="800001114",="Present",="2/26/2026",="PHARM130-A",
="800001114",="Present",="3/5/2026",="PHARM130-A",
="800001114",="Present",="3/12/2026",="PHARM130-A",
="800001114",="Present",="3/19/2026",="PHARM130-A",
="800001114",="Present",="3/26/2026",="PHARM130-A",
="800001114",="Present",="4/2/2026",="PHARM130-A",
="800001114",="Present",="4/9/2026",="PHARM130-A",
="800001114",="Present",="4/16/2026",="PHARM130-A",
="800001114",="Present",="1/5/2026",="NUR120-P",
="800001114",="Present",="1/6/2026",="NUR120-P",
="800001114",="Present",="1/12/2026",="NUR120-P",
="800001114",="Present",="1/13/2026",="NUR120-P",
="800001114",="Present",="1/20/2026",="NUR120-P",
="800001114",="Present",="1/26/2026",="NUR120-P",
="800001114",="Present",="1/27/2026",="NUR120-P",
="800001114",="Present",="2/2/2026",="NUR120-P",
="800001114",="Present",="2/3/2026",="NUR120-P",
="800001114",="Present",="2/9/2026",="NUR120-P",
="800001114",="No class",="2/10/2026",="NUR120-P",
="800001114",="Present",="2/16/2026",="NUR120-P",
="800001114",="Present",="2/17/2026",="NUR120-P",
="800001114",="Present",="2/23/2026",="NUR120-P",
="800001114",="Present",="2/24/2026",="NUR120-P",
="800001517",="Present",="1/5/2026",="NUR120-P",
="800001517",="Present",="1/6/2026",="NUR120-P",
="800001517",="Present",="1/12/2026",="NUR120-P",
="800001517",="Present",="1/13/2026",="NUR120-P",
="800001517",="Present",="1/20/2026",="NUR120-P",
="800001517",="Present",="1/26/2026",="NUR120-P",
="800001517",="Present",="1/27/2026",="NUR120-P",
="800001517",="Present",="2/2/2026",="NUR120-P",
="800001517",="Present",="2/3/2026",="NUR120-P",
="800001517",="Present",="2/9/2026",="NUR120-P",
="800001517",="No class",="2/10/2026",="NUR120-P",
="800001517",="Present",="2/16/2026",="NUR120-P",
="800001517",="Present",="2/17/2026",="NUR120-P",
="800001517",="Present",="2/23/2026",="NUR120-P",
="800001517",="Present",="2/24/2026",="NUR120-P",
="800001740",="Present",="1/7/2026",="NUR155-A",
="800001740",="Present",="1/9/2026",="NUR155-A",
="800001740",="Present",="1/16/2026",="NUR155-A",
="800001740",="Absent",="1/23/2026",="NUR155-A",
="800001740",="Present",="1/30/2026",="NUR155-A",
="800001740",="Present",="2/6/2026",="NUR155-A",
="800001740",="Present",="2/13/2026",="NUR155-A",
="800001740",="Present",="2/20/2026",="NUR155-A",
="800001740",="Present",="2/27/2026",="NUR155-A",
="800001740",="Present",="3/2/2026",="NUR155-A",
="800001740",="Present",="3/3/2026",="NUR155-A",
="800001740",="Present",="3/4/2026",="NUR155-A",
="800001740",="Present",="3/6/2026",="NUR155-A",
="800001740",="Present",="3/13/2026",="NUR155-A",
="800001740",="Present",="3/20/2026",="NUR155-A",
="800001740",="Present",="3/27/2026",="NUR155-A",
="800001740",="No class",="4/3/2026",="NUR155-A",
="800001740",="No class",="4/10/2026",="NUR155-A",
="800001740",="Present",="1/8/2026",="NUR140-A",
="800001740",="Present",="1/15/2026",="NUR140-A",
="800001740",="Present",="1/22/2026",="NUR140-A",
="800001740",="Present",="1/29/2026",="NUR140-A",
="800001740",="Present",="2/5/2026",="NUR140-A",
="800001740",="Present",="2/12/2026",="NUR140-A",
="800001740",="Present",="2/19/2026",="NUR140-A",
="800001740",="Present",="2/26/2026",="NUR140-A",
="800001740",="Present",="1/30/2026",="NUR145-L-P",
="800001740",="Present",="1/5/2026",="NUR145 - P",
="800001740",="Present",="1/12/2026",="NUR145 - P",
="800001740",="Present",="1/19/2026",="NUR145 - P",
="800001740",="Present",="1/26/2026",="NUR145 - P",
="800001740",="Present",="2/2/2026",="NUR145 - P",
="800001740",="Present",="2/9/2026",="NUR145 - P",
="800001740",="Present",="2/16/2026",="NUR145 - P",
="800001740",="Present",="2/23/2026",="NUR145 - P",
="800001740",="Present",="1/10/2026",="PSY101 -OL",
="800001740",="Present",="1/11/2026",="PSY101 -OL",
="800001740",="Present",="1/18/2026",="PSY101 -OL",
="800001740",="Present",="1/25/2026",="PSY101 -OL",
="800001740",="Present",="2/1/2026",="PSY101 -OL",
="800001740",="Present",="2/8/2026",="PSY101 -OL",
="800001740",="Present",="2/15/2026",="PSY101 -OL",
="800001740",="Present",="2/22/2026",="PSY101 -OL",
="800001740",="Present",="3/1/2026",="PSY101 -OL",
="800001740",="Present",="3/8/2026",="PSY101 -OL",
="800001740",="Present",="3/15/2026",="PSY101 -OL",
="800001740",="Present",="3/22/2026",="PSY101 -OL",
="800001740",="Present",="3/29/2026",="PSY101 -OL",
="800001740",="Present",="4/5/2026",="PSY101 -OL",
="800001740",="Present",="3/3/2026",="NUR150 -A",
="800001740",="Present",="3/4/2026",="NUR150 -A",
="800001740",="Present",="3/10/2026",="NUR150 -A",
="800001740",="Present",="3/11/2026",="NUR150 -A",
="800001740",="Present",="3/17/2026",="NUR150 -A",
="800001740",="Present",="3/18/2026",="NUR150 -A",
="800001740",="Present",="3/24/2026",="NUR150 -A",
="800001740",="Present",="3/25/2026",="NUR150 -A",
="800001740",="Present",="3/31/2026",="NUR150 -A",
="800001740",="Present",="4/1/2026",="NUR150 -A",
="800001740",="No class",="4/7/2026",="NUR150 -A",
="800001740",="No class",="4/8/2026",="NUR150 -A",
="800001740",="Present",="4/14/2026",="NUR150 -A",
="800001740",="Present",="4/15/2026",="NUR150 -A",
="800001740",="Present",="4/21/2026",="NUR150 -A",
="800001740",="Present",="3/9/2026",="NUR150 -L-A1",
="800001740",="Present",="3/16/2026",="NUR150 -L-A1",
="800001740",="Present",="3/23/2026",="NUR150 -L-A1",
="800001740",="Present",="3/30/2026",="NUR150 -L-A1",
="800001740",="Present",="4/6/2026",="NUR150 -L-A1",
="800001856",="Present",="1/10/2026",="NUT100 -OL",
="800001856",="Present",="1/18/2026",="NUT100 -OL",
="800001856",="Present",="1/25/2026",="NUT100 -OL",
="800001856",="Present",="2/1/2026",="NUT100 -OL",
="800001856",="Present",="2/8/2026",="NUT100 -OL",
="800001856",="Present",="2/15/2026",="NUT100 -OL",
="800001856",="Present",="2/22/2026",="NUT100 -OL",
="800001856",="Present",="3/1/2026",="NUT100 -OL",
="800001856",="Present",="3/8/2026",="NUT100 -OL",
="800001856",="Present",="3/15/2026",="NUT100 -OL",
="800001856",="Absent",="3/22/2026",="NUT100 -OL",
="800001856",="Present",="3/29/2026",="NUT100 -OL",
="800001856",="Present",="4/5/2026",="NUT100 -OL",
="800001856",="Present",="4/11/2026",="NUT100 -OL",
="800001856",="Present",="1/14/2026",="PHARM130-P",
="800001856",="Present",="1/21/2026",="PHARM130-P",
="800001856",="Present",="1/28/2026",="PHARM130-P",
="800001856",="Present",="2/4/2026",="PHARM130-P",
="800001856",="Present",="2/11/2026",="PHARM130-P",
="800001856",="Present",="2/18/2026",="PHARM130-P",
="800001856",="Present",="2/25/2026",="PHARM130-P",
="800001856",="Present",="3/4/2026",="PHARM130-P",
="800001856",="Present",="3/11/2026",="PHARM130-P",
="800001856",="Present",="3/18/2026",="PHARM130-P",
="800001856",="Present",="3/25/2026",="PHARM130-P",
="800001856",="Present",="4/1/2026",="PHARM130-P",
="800001856",="Present",="4/8/2026",="PHARM130-P",
="800001856",="Present",="4/15/2026",="PHARM130-P",
="800001856",="Present",="1/5/2026",="NUR120-P",
="800001856",="Present",="1/6/2026",="NUR120-P",
="800001856",="Present",="1/12/2026",="NUR120-P",
="800001856",="Present",="1/13/2026",="NUR120-P",
="800001856",="Present",="1/20/2026",="NUR120-P",
="800001856",="Present",="1/26/2026",="NUR120-P",
="800001856",="Present",="1/27/2026",="NUR120-P",
="800001856",="Present",="2/2/2026",="NUR120-P",
="800001856",="Present",="2/3/2026",="NUR120-P",
="800001840",="Present",="1/12/2026",="NUR120-L-A1",
="800001840",="No class",="1/19/2026",="NUR120-L-A1",
="800001840",="No class",="1/26/2026",="NUR120-L-A1",
="800001840",="Present",="2/2/2026",="NUR120-L-A1",
="800001840",="Present",="2/16/2026",="NUR120-L-A1",
="800001840",="Present",="2/23/2026",="NUR120-L-A1",
="800001840",="Present",="1/5/2026",="NUR120-P",
="800001840",="Present",="1/6/2026",="NUR120-P",
="800001840",="Present",="1/12/2026",="NUR120-P",
="800001840",="Present",="1/13/2026",="NUR120-P",
="800001840",="Present",="1/20/2026",="NUR120-P",
="800001840",="Present",="1/26/2026",="NUR120-P",
="800001840",="Present",="1/27/2026",="NUR120-P",
="800001840",="Present",="2/2/2026",="NUR120-P",
="800001840",="Present",="2/3/2026",="NUR120-P",
="800001840",="Present",="2/9/2026",="NUR120-P",
="800001840",="No class",="2/10/2026",="NUR120-P",
="800001840",="Present",="2/16/2026",="NUR120-P",
="800001840",="Present",="2/17/2026",="NUR120-P",
="800001840",="Present",="2/23/2026",="NUR120-P",
="800001840",="Present",="2/24/2026",="NUR120-P",
="800001840",="Present",="1/14/2026",="PHARM130-P",
="800001840",="Present",="1/21/2026",="PHARM130-P",
="800001840",="Present",="1/28/2026",="PHARM130-P",
="800001840",="Present",="2/4/2026",="PHARM130-P",
="800001840",="Present",="2/11/2026",="PHARM130-P",
="800001840",="Present",="2/18/2026",="PHARM130-P",
="800001840",="Present",="2/25/2026",="PHARM130-P",
="800001840",="Present",="3/4/2026",="PHARM130-P",
="800001840",="Present",="3/11/2026",="PHARM130-P",
="800001840",="Present",="3/18/2026",="PHARM130-P",
="800001840",="Present",="3/25/2026",="PHARM130-P",
="800001840",="Present",="4/1/2026",="PHARM130-P",
="800001840",="Present",="4/8/2026",="PHARM130-P",
="800001840",="Present",="4/15/2026",="PHARM130-P",
="800001840",="Present",="1/10/2026",="NUT100 -OL",
="800001840",="Present",="1/18/2026",="NUT100 -OL",
="800001840",="Present",="1/25/2026",="NUT100 -OL",
="800001840",="Present",="2/1/2026",="NUT100 -OL",
="800001840",="Present",="2/8/2026",="NUT100 -OL",
="800001840",="Present",="2/15/2026",="NUT100 -OL",
="800001840",="Present",="2/22/2026",="NUT100 -OL",
="800001840",="Present",="3/1/2026",="NUT100 -OL",
="800001840",="Present",="3/8/2026",="NUT100 -OL",
="800001840",="Present",="3/15/2026",="NUT100 -OL",
="800001840",="Absent",="3/22/2026",="NUT100 -OL",
="800001840",="Present",="3/29/2026",="NUT100 -OL",
="800001840",="Present",="4/5/2026",="NUT100 -OL",
="800001840",="Present",="4/11/2026",="NUT100 -OL",
="800001439",="Present",="1/10/2026",="NUT100 -OL",
="800001439",="Present",="1/18/2026",="NUT100 -OL",
="800001439",="Present",="1/25/2026",="NUT100 -OL",
="800001439",="Present",="2/1/2026",="NUT100 -OL",
="800001439",="Present",="2/8/2026",="NUT100 -OL",
="800001439",="Present",="2/15/2026",="NUT100 -OL",
="800001439",="Present",="2/22/2026",="NUT100 -OL",
="800001439",="Present",="3/1/2026",="NUT100 -OL",
="800001439",="Present",="3/8/2026",="NUT100 -OL",
="800001439",="Present",="3/15/2026",="NUT100 -OL",
="800001439",="Absent",="3/22/2026",="NUT100 -OL",
="800001439",="Present",="3/29/2026",="NUT100 -OL",
="800001439",="Present",="4/5/2026",="NUT100 -OL",
="800001439",="Present",="4/11/2026",="NUT100 -OL",
="800001439",="Present",="1/14/2026",="PHARM130-P",
="800001439",="Present",="1/21/2026",="PHARM130-P",
="800001439",="Present",="1/28/2026",="PHARM130-P",
="800001439",="Present",="2/4/2026",="PHARM130-P",
="800001439",="Present",="2/11/2026",="PHARM130-P",
="800001439",="Present",="2/18/2026",="PHARM130-P",
="800001439",="Present",="2/25/2026",="PHARM130-P",
="800001439",="Present",="3/4/2026",="PHARM130-P",
="800001439",="Present",="3/11/2026",="PHARM130-P",
="800001439",="Present",="3/18/2026",="PHARM130-P",
="800001439",="Present",="3/25/2026",="PHARM130-P",
="800001439",="Present",="4/1/2026",="PHARM130-P",
="800001439",="Present",="4/8/2026",="PHARM130-P",
="800001439",="Present",="4/15/2026",="PHARM130-P",
="800001439",="Present",="1/5/2026",="NUR120-P",
="800001439",="Present",="1/6/2026",="NUR120-P",
="800001439",="Present",="1/12/2026",="NUR120-P",
="800001439",="Present",="1/13/2026",="NUR120-P",
="800001439",="Present",="1/20/2026",="NUR120-P",
="800001439",="Present",="1/26/2026",="NUR120-P",
="800001439",="Present",="1/27/2026",="NUR120-P",
="800001439",="Present",="2/2/2026",="NUR120-P",
="800001439",="Present",="2/3/2026",="NUR120-P",
="800001626",="Present",="1/6/2026",="MCB100 -A",
="800001626",="Present",="1/13/2026",="MCB100 -A",
="800001626",="Present",="1/20/2026",="MCB100 -A",
="800001626",="Present",="1/27/2026",="MCB100 -A",
="800001626",="Present",="2/3/2026",="MCB100 -A",
="800001626",="Present",="2/10/2026",="MCB100 -A",
="800001626",="Present",="2/17/2026",="MCB100 -A",
="800001626",="Present",="2/24/2026",="MCB100 -A",
="800001626",="Present",="3/3/2026",="MCB100 -A",
="800001626",="Absent",="3/10/2026",="MCB100 -A",
="800001626",="Absent",="3/17/2026",="MCB100 -A",
="800001626",="Present",="3/24/2026",="MCB100 -A",
="800001626",="Present",="3/31/2026",="MCB100 -A",
="800001626",="Present",="4/7/2026",="MCB100 -A",
="800001626",="Present",="4/14/2026",="MCB100 -A",
="800001643",="Present",="1/5/2026",="NUR120-P",
="800001643",="Present",="1/6/2026",="NUR120-P",
="800001643",="Present",="1/12/2026",="NUR120-P",
="800001643",="Present",="1/13/2026",="NUR120-P",
="800001643",="Present",="1/20/2026",="NUR120-P",
="800001643",="Present",="1/26/2026",="NUR120-P",
="800001643",="Present",="1/27/2026",="NUR120-P",
="800001643",="Present",="2/2/2026",="NUR120-P",
="800001643",="Absent",="2/3/2026",="NUR120-P",
="800001643",="Present",="2/9/2026",="NUR120-P",
="800001643",="No class",="2/10/2026",="NUR120-P",
="800001643",="Present",="2/16/2026",="NUR120-P",
="800001643",="Present",="2/17/2026",="NUR120-P",
="800001643",="Present",="2/23/2026",="NUR120-P",
="800001643",="Present",="2/24/2026",="NUR120-P",
="800001867",="Present",="1/8/2026",="PHARM130-A",
="800001867",="Present",="1/15/2026",="PHARM130-A",
="800001867",="Absent",="1/22/2026",="PHARM130-A",
="800001867",="Present",="1/29/2026",="PHARM130-A",
="800001867",="Present",="2/5/2026",="PHARM130-A",
="800001867",="Present",="2/12/2026",="PHARM130-A",
="800001867",="Present",="2/19/2026",="PHARM130-A",
="800001867",="Absent",="2/26/2026",="PHARM130-A",
="800001867",="Present",="3/5/2026",="PHARM130-A",
="800001867",="Present",="3/12/2026",="PHARM130-A",
="800001867",="Present",="3/19/2026",="PHARM130-A",
="800001867",="Present",="3/26/2026",="PHARM130-A",
="800001867",="Present",="4/2/2026",="PHARM130-A",
="800001867",="Present",="4/9/2026",="PHARM130-A",
="800001867",="Absent",="4/16/2026",="PHARM130-A",
="800001867",="Present",="1/12/2026",="NUR120-L-A1",
="800001867",="No class",="1/19/2026",="NUR120-L-A1",
="800001867",="No class",="1/26/2026",="NUR120-L-A1",
="800001867",="Present",="2/2/2026",="NUR120-L-A1",
="800001867",="Present",="2/16/2026",="NUR120-L-A1",
="800001867",="Present",="2/23/2026",="NUR120-L-A1",
="800001867",="Present",="1/5/2026",="NUR120-A",
="800001867",="Present",="1/6/2026",="NUR120-A",
="800001867",="Present",="1/12/2026",="NUR120-A",
="800001867",="Present",="1/13/2026",="NUR120-A",
="800001867",="Present",="1/20/2026",="NUR120-A",
="800001867",="Present",="1/26/2026",="NUR120-A",
="800001867",="Present",="1/27/2026",="NUR120-A",
="800001867",="Absent",="2/2/2026",="NUR120-A",
="800001867",="Present",="2/3/2026",="NUR120-A",
="800001867",="No class",="2/9/2026",="NUR120-A",
="800001867",="Present",="2/10/2026",="NUR120-A",
="800001867",="Present",="2/16/2026",="NUR120-A",
="800001867",="Present",="2/17/2026",="NUR120-A",
="800001867",="Present",="2/23/2026",="NUR120-A",
="800001867",="Present",="2/24/2026",="NUR120-A",
="800001917",="Present",="3/3/2026",="NUR150-P",
="800001917",="Present",="3/9/2026",="NUR150-P",
="800001917",="Present",="3/10/2026",="NUR150-P",
="800001917",="Present",="3/16/2026",="NUR150-P",
="800001917",="Present",="3/17/2026",="NUR150-P",
="800001917",="Present",="3/23/2026",="NUR150-P",
="800001917",="Present",="3/24/2026",="NUR150-P",
="800001917",="Present",="3/30/2026",="NUR150-P",
="800001917",="Present",="3/31/2026",="NUR150-P",
="800001917",="No class",="4/6/2026",="NUR150-P",
="800001917",="No class",="4/7/2026",="NUR150-P",
="800001917",="Present",="4/13/2026",="NUR150-P",
="800001917",="Present",="4/14/2026",="NUR150-P",
="800001917",="Present",="4/20/2026",="NUR150-P",
="800001917",="Present",="4/21/2026",="NUR150-P",
="800001917",="Present",="1/5/2026",="NUR120-P",
="800001917",="Present",="1/6/2026",="NUR120-P",
="800001917",="Present",="1/12/2026",="NUR120-P",
="800001917",="Present",="1/13/2026",="NUR120-P",
="800001917",="Present",="1/20/2026",="NUR120-P",
="800001917",="Present",="1/26/2026",="NUR120-P",
="800001917",="Present",="1/27/2026",="NUR120-P",
="800001917",="Present",="2/2/2026",="NUR120-P",
="800001917",="Present",="2/3/2026",="NUR120-P",
="800001917",="Present",="2/9/2026",="NUR120-P",
="800001917",="No class",="2/10/2026",="NUR120-P",
="800001917",="Present",="2/16/2026",="NUR120-P",
="800001917",="Present",="2/17/2026",="NUR120-P",
="800001917",="Present",="2/23/2026",="NUR120-P",
="800001917",="Present",="2/24/2026",="NUR120-P",
="800001917",="Present",="1/10/2026",="NUT100 -OL",
="800001917",="Present",="1/18/2026",="NUT100 -OL",
="800001917",="Present",="1/25/2026",="NUT100 -OL",
="800001917",="Present",="2/1/2026",="NUT100 -OL",
="800001917",="Present",="2/8/2026",="NUT100 -OL",
="800001917",="Present",="2/15/2026",="NUT100 -OL",
="800001917",="Present",="2/22/2026",="NUT100 -OL",
="800001917",="Present",="3/1/2026",="NUT100 -OL",
="800001917",="Present",="3/8/2026",="NUT100 -OL",
="800001917",="Present",="3/15/2026",="NUT100 -OL",
="800001917",="Absent",="3/22/2026",="NUT100 -OL",
="800001917",="Present",="3/29/2026",="NUT100 -OL",
="800001917",="Present",="4/5/2026",="NUT100 -OL",
="800001917",="Present",="4/11/2026",="NUT100 -OL",
="800001917",="No class",="3/11/2026",="NUR150-L-P1",
="800001917",="Present",="3/18/2026",="NUR150-L-P1",
="800001917",="Present",="3/25/2026",="NUR150-L-P1",
="800001917",="Present",="4/1/2026",="NUR150-L-P1",
="800001917",="Present",="4/8/2026",="NUR150-L-P1",
="800001605",="Present",="1/8/2026",="NUR140-A",
="800001605",="Present",="1/15/2026",="NUR140-A",
="800001605",="Present",="1/22/2026",="NUR140-A",
="800001605",="Present",="1/29/2026",="NUR140-A",
="800001605",="Present",="2/5/2026",="NUR140-A",
="800001605",="Present",="2/12/2026",="NUR140-A",
="800001605",="Present",="2/19/2026",="NUR140-A",
="800001605",="Present",="2/26/2026",="NUR140-A",
="800001605",="Present",="1/30/2026",="NUR145-L-P",
="800001605",="Present",="1/5/2026",="NUR145 - P",
="800001605",="Present",="1/12/2026",="NUR145 - P",
="800001605",="Absent",="1/19/2026",="NUR145 - P",
="800001605",="Present",="1/26/2026",="NUR145 - P",
="800001605",="Present",="2/2/2026",="NUR145 - P",
="800001605",="Present",="2/9/2026",="NUR145 - P",
="800001605",="Present",="2/16/2026",="NUR145 - P",
="800001605",="Absent",="2/23/2026",="NUR145 - P",
="800001605",="Present",="1/7/2026",="NUR155-A",
="800001605",="Present",="1/9/2026",="NUR155-A",
="800001605",="Present",="1/16/2026",="NUR155-A",
="800001605",="Absent",="1/23/2026",="NUR155-A",
="800001605",="Present",="1/30/2026",="NUR155-A",
="800001605",="Present",="2/6/2026",="NUR155-A",
="800001605",="Absent",="2/13/2026",="NUR155-A",
="800001605",="Present",="2/20/2026",="NUR155-A",
="800001605",="Present",="2/27/2026",="NUR155-A",
="800001605",="Present",="3/2/2026",="NUR155-A",
="800001605",="Present",="3/3/2026",="NUR155-A",
="800001605",="Present",="3/4/2026",="NUR155-A",
="800001605",="Present",="3/6/2026",="NUR155-A",
="800001605",="Present",="3/13/2026",="NUR155-A",
="800001605",="Present",="3/20/2026",="NUR155-A",
="800001605",="Present",="3/27/2026",="NUR155-A",
="800001605",="No class",="4/3/2026",="NUR155-A",
="800001605",="No class",="4/10/2026",="NUR155-A",
="800001917",="Present",="1/8/2026",="PHARM130-A",
="800001917",="Present",="1/15/2026",="PHARM130-A",
="800001917",="Present",="1/22/2026",="PHARM130-A",
="800001917",="Present",="1/29/2026",="PHARM130-A",
="800001917",="Present",="2/5/2026",="PHARM130-A",
="800001917",="Present",="2/12/2026",="PHARM130-A",
="800001917",="Present",="2/19/2026",="PHARM130-A",
="800001917",="Absent",="2/26/2026",="PHARM130-A",
="800001917",="Present",="3/5/2026",="PHARM130-A",
="800001917",="Present",="3/12/2026",="PHARM130-A",
="800001917",="Present",="3/19/2026",="PHARM130-A",
="800001917",="Absent",="3/26/2026",="PHARM130-A",
="800001917",="Present",="4/2/2026",="PHARM130-A",
="800001917",="Present",="4/9/2026",="PHARM130-A",
="800001917",="Present",="4/16/2026",="PHARM130-A",
="800001443",="Present",="3/3/2026",="NUR150-P",
="800001443",="Present",="3/9/2026",="NUR150-P",
="800001443",="Present",="3/10/2026",="NUR150-P",
="800001443",="Present",="3/16/2026",="NUR150-P",
="800001443",="Present",="3/17/2026",="NUR150-P",
="800001443",="Present",="3/23/2026",="NUR150-P",
="800001443",="Present",="3/24/2026",="NUR150-P",
="800001443",="Present",="3/30/2026",="NUR150-P",
="800001443",="Present",="3/31/2026",="NUR150-P",
="800001443",="No class",="4/6/2026",="NUR150-P",
="800001443",="No class",="4/7/2026",="NUR150-P",
="800001443",="Present",="4/13/2026",="NUR150-P",
="800001443",="Present",="4/14/2026",="NUR150-P",
="800001443",="Present",="4/20/2026",="NUR150-P",
="800001443",="Present",="4/21/2026",="NUR150-P",
="800001443",="No class",="3/11/2026",="NUR150-L-P1",
="800001443",="Present",="3/18/2026",="NUR150-L-P1",
="800001443",="Present",="3/25/2026",="NUR150-L-P1",
="800001443",="Present",="4/1/2026",="NUR150-L-P1",
="800001443",="Present",="4/8/2026",="NUR150-L-P1",
="800001443",="Present",="1/8/2026",="NUR140-A",
="800001443",="Present",="1/15/2026",="NUR140-A",
="800001443",="Present",="1/22/2026",="NUR140-A",
="800001443",="Present",="1/29/2026",="NUR140-A",
="800001443",="Present",="2/5/2026",="NUR140-A",
="800001443",="Present",="2/12/2026",="NUR140-A",
="800001443",="Present",="2/19/2026",="NUR140-A",
="800001443",="Present",="2/26/2026",="NUR140-A",
="800001443",="Present",="1/5/2026",="NUR120-A",
="800001443",="Present",="1/6/2026",="NUR120-A",
="800001443",="Present",="1/12/2026",="NUR120-A",
="800001443",="Present",="1/13/2026",="NUR120-A",
="800001443",="Present",="1/20/2026",="NUR120-A",
="800001443",="Present",="1/26/2026",="NUR120-A",
="800001443",="Present",="1/27/2026",="NUR120-A",
="800001443",="Present",="2/2/2026",="NUR120-A",
="800001443",="Present",="2/3/2026",="NUR120-A",
="800001443",="No class",="2/9/2026",="NUR120-A",
="800001443",="Present",="2/10/2026",="NUR120-A",
="800001443",="Present",="2/16/2026",="NUR120-A",
="800001443",="Present",="2/17/2026",="NUR120-A",
="800001443",="Present",="2/23/2026",="NUR120-A",
="800001443",="Present",="2/24/2026",="NUR120-A",
="800001928",="Present",="1/10/2026",="NUT100 -OL",
="800001928",="Present",="1/18/2026",="NUT100 -OL",
="800001928",="Present",="1/25/2026",="NUT100 -OL",
="800001928",="Absent",="2/1/2026",="NUT100 -OL",
="800001928",="Present",="2/8/2026",="NUT100 -OL",
="800001928",="Present",="2/15/2026",="NUT100 -OL",
="800001928",="Absent",="2/22/2026",="NUT100 -OL",
="800001928",="Absent",="3/1/2026",="NUT100 -OL",
="800001928",="Present",="3/8/2026",="NUT100 -OL",
="800001928",="Present",="3/15/2026",="NUT100 -OL",
="800001928",="Absent",="3/22/2026",="NUT100 -OL",
="800001928",="Present",="3/29/2026",="NUT100 -OL",
="800001928",="Absent",="4/5/2026",="NUT100 -OL",
="800001928",="Present",="4/11/2026",="NUT100 -OL",
="800001928",="Present",="3/3/2026",="NUR150-P",
="800001928",="Present",="3/9/2026",="NUR150-P",
="800001928",="Present",="3/10/2026",="NUR150-P",
="800001928",="Present",="3/16/2026",="NUR150-P",
="800001928",="Present",="3/17/2026",="NUR150-P",
="800001928",="Present",="3/23/2026",="NUR150-P",
="800001928",="Present",="3/24/2026",="NUR150-P",
="800001928",="Present",="3/30/2026",="NUR150-P",
="800001928",="Present",="3/31/2026",="NUR150-P",
="800001928",="No class",="4/6/2026",="NUR150-P",
="800001928",="No class",="4/7/2026",="NUR150-P",
="800001928",="Present",="4/13/2026",="NUR150-P",
="800001928",="Present",="4/14/2026",="NUR150-P",
="800001928",="Present",="4/20/2026",="NUR150-P",
="800001928",="Present",="4/21/2026",="NUR150-P",
="800001928",="Present",="1/5/2026",="NUR120-P",
="800001928",="Present",="1/6/2026",="NUR120-P",
="800001928",="Present",="1/12/2026",="NUR120-P",
="800001928",="Present",="1/13/2026",="NUR120-P",
="800001928",="Present",="1/20/2026",="NUR120-P",
="800001928",="Absent",="1/26/2026",="NUR120-P",
="800001928",="Present",="1/27/2026",="NUR120-P",
="800001928",="Absent",="2/2/2026",="NUR120-P",
="800001928",="Absent",="2/3/2026",="NUR120-P",
="800001928",="Present",="2/9/2026",="NUR120-P",
="800001928",="No class",="2/10/2026",="NUR120-P",
="800001928",="Present",="2/16/2026",="NUR120-P",
="800001928",="Present",="2/17/2026",="NUR120-P",
="800001928",="Present",="2/23/2026",="NUR120-P",
="800001928",="Present",="2/24/2026",="NUR120-P",
="800001928",="No class",="3/11/2026",="NUR150-L-P1",
="800001928",="Present",="3/18/2026",="NUR150-L-P1",
="800001928",="Present",="3/25/2026",="NUR150-L-P1",
="800001928",="Present",="4/1/2026",="NUR150-L-P1",
="800001928",="Present",="4/8/2026",="NUR150-L-P1",
="800001928",="Present",="1/8/2026",="PHARM130-A",
="800001928",="Present",="1/15/2026",="PHARM130-A",
="800001928",="Present",="1/22/2026",="PHARM130-A",
="800001928",="Present",="1/29/2026",="PHARM130-A",
="800001928",="Present",="2/5/2026",="PHARM130-A",
="800001928",="Present",="2/12/2026",="PHARM130-A",
="800001928",="Present",="2/19/2026",="PHARM130-A",
="800001928",="Present",="2/26/2026",="PHARM130-A",
="800001928",="Present",="3/5/2026",="PHARM130-A",
="800001928",="Present",="3/12/2026",="PHARM130-A",
="800001928",="Present",="3/19/2026",="PHARM130-A",
="800001928",="Present",="3/26/2026",="PHARM130-A",
="800001928",="Present",="4/2/2026",="PHARM130-A",
="800001928",="Present",="4/9/2026",="PHARM130-A",
="800001928",="Present",="4/16/2026",="PHARM130-A",
="800001572",="No class",="1/8/2026",="NUR120-L-P1",
="800001572",="Present",="1/15/2026",="NUR120-L-P1",
="800001572",="No class",="1/22/2026",="NUR120-L-P1",
="800001572",="Present",="1/29/2026",="NUR120-L-P1",
="800001572",="Present",="2/5/2026",="NUR120-L-P1",
="800001572",="Present",="1/5/2026",="NUR120-P",
="800001572",="Present",="1/6/2026",="NUR120-P",
="800001572",="Present",="1/12/2026",="NUR120-P",
="800001572",="Present",="1/13/2026",="NUR120-P",
="800001572",="Present",="1/20/2026",="NUR120-P",
="800001572",="Present",="1/26/2026",="NUR120-P",
="800001572",="Present",="1/27/2026",="NUR120-P",
="800001572",="Present",="2/2/2026",="NUR120-P",
="800001572",="Present",="2/3/2026",="NUR120-P",
="800001572",="Present",="2/9/2026",="NUR120-P",
="800001572",="No class",="2/10/2026",="NUR120-P",
="800001572",="Present",="2/16/2026",="NUR120-P",
="800001572",="Present",="2/17/2026",="NUR120-P",
="800001572",="Present",="2/23/2026",="NUR120-P",
="800001572",="Present",="2/24/2026",="NUR120-P",
="800001572",="Present",="1/8/2026",="PHARM130-A",
="800001572",="Present",="1/15/2026",="PHARM130-A",
="800001572",="Present",="1/22/2026",="PHARM130-A",
="800001572",="Present",="1/29/2026",="PHARM130-A",
="800001572",="Present",="2/5/2026",="PHARM130-A",
="800001572",="Present",="2/12/2026",="PHARM130-A",
="800001572",="Present",="2/19/2026",="PHARM130-A",
="800001572",="Present",="2/26/2026",="PHARM130-A",
="800001572",="Present",="3/5/2026",="PHARM130-A",
="800001572",="Present",="3/12/2026",="PHARM130-A",
="800001572",="Present",="3/19/2026",="PHARM130-A",
="800001572",="Present",="3/26/2026",="PHARM130-A",
="800001572",="Present",="4/2/2026",="PHARM130-A",
="800001572",="Present",="4/9/2026",="PHARM130-A",
="800001572",="Present",="4/16/2026",="PHARM130-A",
="800001903",="Present",="1/10/2026",="PSY101 -OL",
="800001903",="Present",="1/11/2026",="PSY101 -OL",
="800001903",="Present",="1/18/2026",="PSY101 -OL",
="800001903",="Present",="1/25/2026",="PSY101 -OL",
="800001903",="Present",="2/1/2026",="PSY101 -OL",
="800001903",="Present",="2/8/2026",="PSY101 -OL",
="800001903",="Absent",="2/15/2026",="PSY101 -OL",
="800001903",="Present",="2/22/2026",="PSY101 -OL",
="800001903",="Present",="3/1/2026",="PSY101 -OL",
="800001903",="Present",="3/15/2026",="PSY101 -OL",
="800001903",="Present",="3/22/2026",="PSY101 -OL",
="800001903",="Present",="3/29/2026",="PSY101 -OL",
="800001903",="Present",="4/5/2026",="PSY101 -OL",
="800001031",="Present",="1/7/2026",="NUR216 -A",
="800001031",="Present",="1/14/2026",="NUR216 -A",
="800001031",="Present",="1/21/2026",="NUR216 -A",
="800001031",="Present",="1/28/2026",="NUR216 -A",
="800001031",="Present",="2/4/2026",="NUR216 -A",
="800001031",="No class",="2/11/2026",="NUR216 -A",
="800001031",="No class",="2/18/2026",="NUR216 -A",
="800001031",="Present",="2/25/2026",="NUR216 -A",
="800001031",="Present",="3/4/2026",="NUR216 -A",
="800001031",="Present",="3/11/2026",="NUR216 -A",
="800001031",="Present",="3/18/2026",="NUR216 -A",
="800001031",="Present",="3/25/2026",="NUR216 -A",
="800001031",="Present",="4/1/2026",="NUR216 -A",
="800001031",="Present",="4/8/2026",="NUR216 -A",
="800001031",="Present",="4/15/2026",="NUR216 -A",
="800001031",="Absent",="1/9/2026",="STAT101-A",
="800001031",="Absent",="1/16/2026",="STAT101-A",
="800001031",="Present",="1/23/2026",="STAT101-A",
="800001031",="Absent",="1/30/2026",="STAT101-A",
="800001031",="Present",="2/6/2026",="STAT101-A",
="800001031",="Present",="2/13/2026",="STAT101-A",
="800001031",="Present",="2/20/2026",="STAT101-A",
="800001031",="Present",="2/27/2026",="STAT101-A",
="800001031",="Present",="3/6/2026",="STAT101-A",
="800001031",="Present",="3/13/2026",="STAT101-A",
="800001031",="Absent",="3/20/2026",="STAT101-A",
="800001031",="Absent",="3/27/2026",="STAT101-A",
="800001031",="Present",="4/3/2026",="STAT101-A",
="800001031",="Present",="4/10/2026",="STAT101-A",
="800001031",="Absent",="1/5/2026",="PHARM225-B_P",
="800001031",="Present",="1/12/2026",="PHARM225-B_P",
="800001031",="No class",="1/19/2026",="PHARM225-B_P",
="800001031",="Tardy/Late",="1/26/2026",="PHARM225-B_P",
="800001031",="Absent",="2/2/2026",="PHARM225-B_P",
="800001031",="Present",="2/9/2026",="PHARM225-B_P",
="800001031",="Present",="2/16/2026",="PHARM225-B_P",
="800001031",="Present",="2/23/2026",="PHARM225-B_P",
="800001031",="Present",="3/2/2026",="PHARM225-B_P",
="800001031",="Absent",="3/9/2026",="PHARM225-B_P",
="800001031",="Tardy/Late",="3/16/2026",="PHARM225-B_P",
="800001031",="Present",="3/23/2026",="PHARM225-B_P",
="800001031",="Present",="3/30/2026",="PHARM225-B_P",
="800001031",="Present",="4/6/2026",="PHARM225-B_P",
="800001031",="Present",="4/13/2026",="PHARM225-B_P",
="800001031",="Absent",="1/6/2026",="MCB100 -A",
="800001031",="Absent",="1/13/2026",="MCB100 -A",
="800001031",="Absent",="1/20/2026",="MCB100 -A",
="800001031",="Absent",="1/27/2026",="MCB100 -A",
="800001031",="Present",="2/3/2026",="MCB100 -A",
="800001031",="Present",="2/10/2026",="MCB100 -A",
="800001031",="Present",="2/17/2026",="MCB100 -A",
="800001031",="Present",="2/24/2026",="MCB100 -A",
="800001031",="Present",="3/3/2026",="MCB100 -A",
="800001031",="Present",="3/10/2026",="MCB100 -A",
="800001031",="Present",="3/17/2026",="MCB100 -A",
="800001031",="Present",="3/24/2026",="MCB100 -A",
="800001031",="Present",="3/31/2026",="MCB100 -A",
="800001031",="Present",="4/7/2026",="MCB100 -A",
="800001031",="Present",="4/14/2026",="MCB100 -A",
="800001031",="Present",="1/6/2026",="NUR245 - P",
="800001031",="Present",="1/13/2026",="NUR245 - P",
="800001031",="Present",="1/20/2026",="NUR245 - P",
="800001031",="Present",="1/27/2026",="NUR245 - P",
="800001031",="Absent",="2/3/2026",="NUR245 - P",
="800001031",="Present",="2/24/2026",="NUR245 - P",
="800001031",="Present",="3/3/2026",="NUR245 - P",
="800001031",="Absent",="3/10/2026",="NUR245 - P",
="800001031",="Present",="3/17/2026",="NUR245 - P",
="800001031",="Present",="3/24/2026",="NUR245 - P",
="800001031",="Present",="4/14/2026",="NUR245 - P",
="800001031",="Present",="4/21/2026",="NUR245 - P",
="800001591",="Present",="3/4/2026",="NUR303",
="800001591",="Present",="3/6/2026",="NUR303",
="800001591",="Present",="3/11/2026",="NUR303",
="800001591",="Present",="3/13/2026",="NUR303",
="800001591",="Present",="3/18/2026",="NUR303",
="800001591",="Present",="3/20/2026",="NUR303",
="800001591",="Present",="3/25/2026",="NUR303",
="800001591",="Present",="3/27/2026",="NUR303",
="800001591",="Present",="4/1/2026",="NUR303",
="800001591",="Present",="4/3/2026",="NUR303",
="800001591",="Present",="4/8/2026",="NUR303",
="800001591",="Present",="4/10/2026",="NUR303",
="800001591",="Present",="4/15/2026",="NUR303",
="800001591",="Present",="4/17/2026",="NUR303",
="800001591",="Present",="4/22/2026",="NUR303",
="800001591",="Present",="4/24/2026",="NUR303",
="800001591",="Present",="1/10/2026",="ENG222-OL",
="800001591",="Present",="1/17/2026",="ENG222-OL",
="800001591",="Present",="1/24/2026",="ENG222-OL",
="800001591",="Present",="1/31/2026",="ENG222-OL",
="800001591",="Present",="2/7/2026",="ENG222-OL",
="800001591",="Present",="2/14/2026",="ENG222-OL",
="800001591",="Present",="2/21/2026",="ENG222-OL",
="800001591",="Present",="2/28/2026",="ENG222-OL",
="800001591",="Present",="3/7/2026",="ENG222-OL",
="800001591",="Present",="3/14/2026",="ENG222-OL",
="800001591",="Present",="3/21/2026",="ENG222-OL",
="800001591",="Present",="3/28/2026",="ENG222-OL",
="800001591",="Present",="4/4/2026",="ENG222-OL",
="800001591",="Present",="4/11/2026",="ENG222-OL",
="800001591",="Present",="4/18/2026",="ENG222-OL",
="800001591",="Present",="1/8/2026",="NUR225-P",
="800001591",="Present",="1/15/2026",="NUR225-P",
="800001591",="Present",="1/22/2026",="NUR225-P",
="800001591",="Present",="1/29/2026",="NUR225-P",
="800001591",="Present",="2/5/2026",="NUR225-P",
="800001591",="Absent",="2/26/2026",="NUR225-P",
="800001591",="Present",="3/5/2026",="NUR225-P",
="800001591",="Present",="3/12/2026",="NUR225-P",
="800001591",="Present",="3/19/2026",="NUR225-P",
="800001591",="Present",="3/26/2026",="NUR225-P",
="800001591",="Present",="4/16/2026",="NUR225-P",
="800001591",="Present",="4/23/2026",="NUR225-P",
="800001985",="Present",="1/5/2026",="NUR100 -A",
="800001985",="Present",="1/12/2026",="NUR100 -A",
="800001985",="Present",="1/26/2026",="NUR100 -A",
="800001985",="Present",="2/2/2026",="NUR100 -A",
="800001985",="No class",="2/9/2026",="NUR100 -A",
="800001985",="No class",="2/16/2026",="NUR100 -A",
="800001985",="Present",="2/23/2026",="NUR100 -A",
="800001985",="Present",="3/2/2026",="NUR100 -A",
="800001985",="Present",="3/9/2026",="NUR100 -A",
="800001985",="Present",="3/16/2026",="NUR100 -A",
="800001985",="Present",="3/23/2026",="NUR100 -A",
="800001985",="Present",="4/13/2026",="NUR100 -A",
="800001985",="Present",="1/6/2026",="AP100-A",
="800001985",="Present",="1/13/2026",="AP100-A",
="800001985",="Present",="1/20/2026",="AP100-A",
="800001985",="Present",="1/27/2026",="AP100-A",
="800001985",="Present",="2/3/2026",="AP100-A",
="800001985",="Present",="2/10/2026",="AP100-A",
="800001985",="Present",="2/17/2026",="AP100-A",
="800001985",="Present",="2/24/2026",="AP100-A",
="800001985",="Present",="3/3/2026",="AP100-A",
="800001985",="Present",="3/10/2026",="AP100-A",
="800001985",="Present",="3/17/2026",="AP100-A",
="800001985",="Present",="3/24/2026",="AP100-A",
="800001985",="Present",="3/31/2026",="AP100-A",
="800001985",="Present",="4/7/2026",="AP100-A",
="800001985",="Present",="4/14/2026",="AP100-A",
="800001985",="Present",="1/7/2026",="ENG101 -A",
="800001985",="Present",="1/14/2026",="ENG101 -A",
="800001985",="Present",="1/21/2026",="ENG101 -A",
="800001985",="Present",="1/28/2026",="ENG101 -A",
="800001985",="Present",="2/4/2026",="ENG101 -A",
="800001985",="Present",="2/11/2026",="ENG101 -A",
="800001985",="Present",="2/18/2026",="ENG101 -A",
="800001985",="Present",="2/25/2026",="ENG101 -A",
="800001985",="Present",="3/4/2026",="ENG101 -A",
="800001985",="Present",="3/11/2026",="ENG101 -A",
="800001985",="Present",="3/18/2026",="ENG101 -A",
="800001985",="Present",="3/25/2026",="ENG101 -A",
="800001985",="Present",="4/1/2026",="ENG101 -A",
="800001985",="Present",="4/8/2026",="ENG101 -A",
="800001985",="Present",="1/6/2026",="NUR100-L-A1",
="800001985",="Present",="1/13/2026",="NUR100-L-A1",
="800001985",="Present",="1/20/2026",="NUR100-L-A1",
="800001985",="No class",="1/27/2026",="NUR100-L-A1",
="800001985",="Present",="2/3/2026",="NUR100-L-A1",
="800001985",="Present",="2/10/2026",="NUR100-L-A1",
="800001985",="Present",="2/17/2026",="NUR100-L-A1",
="800001985",="Present",="2/24/2026",="NUR100-L-A1",
="800001985",="Present",="3/3/2026",="NUR100-L-A1",
="800001985",="Present",="3/10/2026",="NUR100-L-A1",
="800001985",="Present",="3/17/2026",="NUR100-L-A1",
="800001985",="Present",="3/24/2026",="NUR100-L-A1",
="800001985",="Present",="3/31/2026",="NUR100-L-A1",
="800001985",="Present",="4/7/2026",="NUR100-L-A1",
="800001985",="Present",="4/14/2026",="NUR100-L-A1",
="800001985",="Tardy/Late",="1/9/2026",="COL010 -A",
="800001985",="Tardy/Late",="1/16/2026",="COL010 -A",
="800001985",="Tardy/Late",="1/23/2026",="COL010 -A",
="800001985",="Tardy/Late",="1/30/2026",="COL010 -A",
="800001985",="Present",="2/2/2026",="NUR102 - A",
="800001985",="Present",="2/9/2026",="NUR102 - A",
="800001985",="Present",="2/11/2026",="NUR102 - A",
="800001985",="Present",="2/16/2026",="NUR102 - A",
="800001985",="Present",="2/18/2026",="NUR102 - A",
="800001985",="Present",="2/23/2026",="NUR102 - A",
="800001985",="Present",="2/25/2026",="NUR102 - A",
="800001985",="Present",="3/2/2026",="NUR102 - A",
="800001985",="Present",="3/4/2026",="NUR102 - A",
="800001985",="Present",="3/9/2026",="NUR102 - A",
="800001985",="Present",="3/11/2026",="NUR102 - A",
="800001985",="Present",="3/16/2026",="NUR102 - A",
="800001985",="Present",="3/18/2026",="NUR102 - A",
="800001985",="Present",="3/23/2026",="NUR102 - A",
="800001985",="Present",="3/25/2026",="NUR102 - A",
="800001985",="Present",="3/30/2026",="NUR102 - A",
="800001985",="Present",="4/1/2026",="NUR102 - A",
="800001985",="Present",="4/13/2026",="NUR102 - A",
="800001985",="Present",="4/15/2026",="NUR102 - A",
="800001757",="Present",="1/8/2026",="NUR140-A",
="800001757",="Present",="1/15/2026",="NUR140-A",
="800001757",="Present",="1/22/2026",="NUR140-A",
="800001757",="Present",="1/29/2026",="NUR140-A",
="800001757",="Present",="2/5/2026",="NUR140-A",
="800001757",="Present",="2/12/2026",="NUR140-A",
="800001757",="Present",="2/19/2026",="NUR140-A",
="800001757",="Present",="2/26/2026",="NUR140-A",
="800001757",="Present",="3/3/2026",="NUR150 -A",
="800001757",="Present",="3/4/2026",="NUR150 -A",
="800001757",="Present",="3/10/2026",="NUR150 -A",
="800001757",="Present",="3/11/2026",="NUR150 -A",
="800001757",="Present",="3/17/2026",="NUR150 -A",
="800001757",="Present",="3/18/2026",="NUR150 -A",
="800001757",="Present",="3/24/2026",="NUR150 -A",
="800001757",="Present",="3/25/2026",="NUR150 -A",
="800001757",="Present",="3/31/2026",="NUR150 -A",
="800001757",="Present",="4/1/2026",="NUR150 -A",
="800001757",="No class",="4/7/2026",="NUR150 -A",
="800001757",="No class",="4/8/2026",="NUR150 -A",
="800001757",="Present",="4/14/2026",="NUR150 -A",
="800001757",="Present",="4/15/2026",="NUR150 -A",
="800001757",="Present",="4/21/2026",="NUR150 -A",
="800001757",="Present",="2/4/2026",="PHARM100-P-1",
="800001757",="Present",="2/11/2026",="PHARM100-P-1",
="800001757",="Present",="2/18/2026",="PHARM100-P-1",
="800001757",="Present",="2/25/2026",="PHARM100-P-1",
="800001757",="Present",="3/4/2026",="PHARM100-P-1",
="800001757",="Present",="3/11/2026",="PHARM100-P-1",
="800001757",="Present",="3/18/2026",="PHARM100-P-1",
="800001757",="Present",="3/25/2026",="PHARM100-P-1",
="800001757",="Present",="4/1/2026",="PHARM100-P-1",
="800001757",="Absent",="4/8/2026",="PHARM100-P-1",
="800001757",="Present",="1/5/2026",="NUR145 - P",
="800001757",="Present",="1/12/2026",="NUR145 - P",
="800001757",="Present",="1/19/2026",="NUR145 - P",
="800001757",="Present",="1/26/2026",="NUR145 - P",
="800001757",="Present",="2/2/2026",="NUR145 - P",
="800001757",="Present",="2/9/2026",="NUR145 - P",
="800001757",="Present",="2/16/2026",="NUR145 - P",
="800001757",="Present",="2/23/2026",="NUR145 - P",
="800001757",="Present",="1/7/2026",="NUR155-A",
="800001757",="Present",="1/9/2026",="NUR155-A",
="800001757",="Present",="1/16/2026",="NUR155-A",
="800001757",="Absent",="1/23/2026",="NUR155-A",
="800001757",="Present",="1/30/2026",="NUR155-A",
="800001757",="Present",="2/6/2026",="NUR155-A",
="800001757",="Present",="2/13/2026",="NUR155-A",
="800001757",="Present",="2/20/2026",="NUR155-A",
="800001757",="Present",="2/27/2026",="NUR155-A",
="800001757",="Present",="3/2/2026",="NUR155-A",
="800001757",="Present",="3/3/2026",="NUR155-A",
="800001757",="Present",="3/4/2026",="NUR155-A",
="800001757",="Present",="3/6/2026",="NUR155-A",
="800001757",="Present",="3/13/2026",="NUR155-A",
="800001757",="Present",="3/20/2026",="NUR155-A",
="800001757",="Present",="3/27/2026",="NUR155-A",
="800001757",="No class",="4/3/2026",="NUR155-A",
="800001757",="No class",="4/10/2026",="NUR155-A",
="800001751",="Present",="1/8/2026",="NUR140-A",
="800001751",="Present",="1/15/2026",="NUR140-A",
="800001751",="Present",="1/22/2026",="NUR140-A",
="800001751",="Present",="1/29/2026",="NUR140-A",
="800001751",="Absent",="2/5/2026",="NUR140-A",
="800001751",="Present",="2/12/2026",="NUR140-A",
="800001751",="Present",="2/19/2026",="NUR140-A",
="800001751",="Present",="2/26/2026",="NUR140-A",
="800001751",="Present",="1/30/2026",="NUR145-L-A",
="800001751",="Present",="1/5/2026",="NUR145 - P",
="800001751",="Present",="1/12/2026",="NUR145 - P",
="800001751",="Absent",="1/19/2026",="NUR145 - P",
="800001751",="Present",="1/26/2026",="NUR145 - P",
="800001751",="Present",="2/2/2026",="NUR145 - P",
="800001751",="Present",="2/9/2026",="NUR145 - P",
="800001751",="Present",="2/16/2026",="NUR145 - P",
="800001751",="Present",="2/23/2026",="NUR145 - P",
="800001751",="Present",="3/3/2026",="NUR150 -A",
="800001751",="Present",="3/4/2026",="NUR150 -A",
="800001751",="Present",="3/10/2026",="NUR150 -A",
="800001751",="Present",="3/11/2026",="NUR150 -A",
="800001751",="Present",="3/17/2026",="NUR150 -A",
="800001751",="Present",="3/18/2026",="NUR150 -A",
="800001751",="Present",="3/24/2026",="NUR150 -A",
="800001751",="Present",="3/25/2026",="NUR150 -A",
="800001751",="Present",="3/31/2026",="NUR150 -A",
="800001751",="Present",="4/1/2026",="NUR150 -A",
="800001751",="No class",="4/7/2026",="NUR150 -A",
="800001751",="No class",="4/8/2026",="NUR150 -A",
="800001751",="Present",="4/14/2026",="NUR150 -A",
="800001751",="Present",="4/15/2026",="NUR150 -A",
="800001751",="Present",="4/21/2026",="NUR150 -A",
="800001751",="Present",="3/9/2026",="NUR150 -L-A1",
="800001751",="Present",="3/16/2026",="NUR150 -L-A1",
="800001751",="Present",="3/23/2026",="NUR150 -L-A1",
="800001751",="Present",="3/30/2026",="NUR150 -L-A1",
="800001751",="Present",="4/6/2026",="NUR150 -L-A1",
="800001751",="Present",="1/7/2026",="NUR155-A",
="800001751",="Present",="1/9/2026",="NUR155-A",
="800001751",="Present",="1/16/2026",="NUR155-A",
="800001751",="Absent",="1/23/2026",="NUR155-A",
="800001751",="Present",="1/30/2026",="NUR155-A",
="800001751",="Present",="2/6/2026",="NUR155-A",
="800001751",="Absent",="2/13/2026",="NUR155-A",
="800001751",="Present",="2/20/2026",="NUR155-A",
="800001751",="Present",="2/27/2026",="NUR155-A",
="800001751",="Present",="3/2/2026",="NUR155-A",
="800001751",="Present",="3/3/2026",="NUR155-A",
="800001751",="Present",="3/4/2026",="NUR155-A",
="800001751",="Present",="3/6/2026",="NUR155-A",
="800001751",="Present",="3/13/2026",="NUR155-A",
="800001751",="Present",="3/20/2026",="NUR155-A",
="800001751",="Present",="3/27/2026",="NUR155-A",
="800001751",="No class",="4/3/2026",="NUR155-A",
="800001751",="No class",="4/10/2026",="NUR155-A",
="800001142",="Present",="1/7/2026",="NUR270-A",
="800001142",="Present",="1/9/2026",="NUR270-A",
="800001142",="Present",="1/16/2026",="NUR270-A",
="800001142",="Present",="1/23/2026",="NUR270-A",
="800001142",="Present",="1/30/2026",="NUR270-A",
="800001142",="Present",="2/6/2026",="NUR270-A",
="800001142",="Present",="2/13/2026",="NUR270-A",
="800001142",="Present",="2/20/2026",="NUR270-A",
="800001142",="Present",="2/27/2026",="NUR270-A",
="800001142",="Present",="3/2/2026",="NUR270-A",
="800001142",="Present",="3/3/2026",="NUR270-A",
="800001142",="Present",="3/4/2026",="NUR270-A",
="800001142",="Present",="3/6/2026",="NUR270-A",
="800001142",="Present",="3/13/2026",="NUR270-A",
="800001142",="Present",="3/20/2026",="NUR270-A",
="800001142",="Present",="3/27/2026",="NUR270-A",
="800001142",="No class",="4/3/2026",="NUR270-A",
="800001142",="No class",="4/10/2026",="NUR270-A",
="800001142",="No class",="4/17/2026",="NUR270-A",
="800001142",="Present",="1/8/2026",="NUR255 -P",
="800001142",="Present",="1/15/2026",="NUR255 -P",
="800001142",="Present",="1/22/2026",="NUR255 -P",
="800001142",="Present",="1/29/2026",="NUR255 -P",
="800001142",="Present",="2/5/2026",="NUR255 -P",
="800001142",="Present",="2/12/2026",="NUR255 -P",
="800001142",="Present",="2/19/2026",="NUR255 -P",
="800001142",="Present",="2/26/2026",="NUR255 -P",
="800001142",="Present",="1/5/2026",="NUR265 -P",
="800001142",="Absent",="1/12/2026",="NUR265 -P",
="800001142",="Present",="1/26/2026",="NUR265 -P",
="800001142",="Present",="2/2/2026",="NUR265 -P",
="800001142",="Present",="2/9/2026",="NUR265 -P",
="800001142",="Present",="2/16/2026",="NUR265 -P",
="800001142",="Present",="2/23/2026",="NUR265 -P",
="800001553",="Present",="1/10/2026",="NUT100 -OL",
="800001553",="Present",="1/18/2026",="NUT100 -OL",
="800001553",="Present",="1/25/2026",="NUT100 -OL",
="800001553",="Present",="2/1/2026",="NUT100 -OL",
="800001553",="Present",="2/8/2026",="NUT100 -OL",
="800001553",="Present",="2/15/2026",="NUT100 -OL",
="800001553",="Present",="2/22/2026",="NUT100 -OL",
="800001553",="Present",="3/1/2026",="NUT100 -OL",
="800001553",="Present",="3/8/2026",="NUT100 -OL",
="800001553",="Present",="3/15/2026",="NUT100 -OL",
="800001553",="Absent",="3/22/2026",="NUT100 -OL",
="800001553",="Present",="3/29/2026",="NUT100 -OL",
="800001553",="Present",="4/5/2026",="NUT100 -OL",
="800001553",="Present",="4/11/2026",="NUT100 -OL",
="800001553",="Present",="1/8/2026",="NUR140-A",
="800001553",="Present",="1/15/2026",="NUR140-A",
="800001553",="Present",="1/22/2026",="NUR140-A",
="800001553",="Present",="1/29/2026",="NUR140-A",
="800001553",="Present",="2/5/2026",="NUR140-A",
="800001553",="Present",="2/12/2026",="NUR140-A",
="800001553",="Present",="2/19/2026",="NUR140-A",
="800001553",="Present",="2/26/2026",="NUR140-A",
="800001553",="Present",="1/7/2026",="NUR155-A",
="800001553",="Present",="1/9/2026",="NUR155-A",
="800001553",="Present",="1/16/2026",="NUR155-A",
="800001553",="Absent",="1/23/2026",="NUR155-A",
="800001553",="Present",="1/30/2026",="NUR155-A",
="800001553",="Present",="2/6/2026",="NUR155-A",
="800001553",="Present",="2/13/2026",="NUR155-A",
="800001553",="No class",="2/20/2026",="NUR155-A",
="800001553",="Present",="2/27/2026",="NUR155-A",
="800001553",="Present",="3/2/2026",="NUR155-A",
="800001553",="Present",="3/3/2026",="NUR155-A",
="800001553",="Present",="3/4/2026",="NUR155-A",
="800001553",="Present",="3/6/2026",="NUR155-A",
="800001553",="Present",="3/13/2026",="NUR155-A",
="800001553",="Present",="3/20/2026",="NUR155-A",
="800001553",="Present",="3/27/2026",="NUR155-A",
="800001553",="No class",="4/3/2026",="NUR155-A",
="800001553",="No class",="4/10/2026",="NUR155-A",
="800001553",="Present",="1/5/2026",="NUR145 - P",
="800001553",="Present",="1/12/2026",="NUR145 - P",
="800001553",="Absent",="1/19/2026",="NUR145 - P",
="800001553",="Present",="1/26/2026",="NUR145 - P",
="800001553",="Present",="2/2/2026",="NUR145 - P",
="800001553",="Present",="2/9/2026",="NUR145 - P",
="800001553",="Present",="2/16/2026",="NUR145 - P",
="800001553",="Present",="2/23/2026",="NUR145 - P",
="800001553",="Present",="3/9/2026",="NUR150 -L-A1",
="800001553",="Present",="3/16/2026",="NUR150 -L-A1",
="800001553",="Present",="3/23/2026",="NUR150 -L-A1",
="800001553",="Present",="3/30/2026",="NUR150 -L-A1",
="800001553",="Present",="4/6/2026",="NUR150 -L-A1",
="800001553",="Present",="3/3/2026",="NUR150 -A",
="800001553",="Present",="3/4/2026",="NUR150 -A",
="800001553",="Present",="3/10/2026",="NUR150 -A",
="800001553",="Present",="3/11/2026",="NUR150 -A",
="800001553",="Present",="3/17/2026",="NUR150 -A",
="800001553",="Present",="3/18/2026",="NUR150 -A",
="800001553",="Present",="3/24/2026",="NUR150 -A",
="800001553",="Present",="3/25/2026",="NUR150 -A",
="800001553",="Present",="3/31/2026",="NUR150 -A",
="800001553",="Present",="4/1/2026",="NUR150 -A",
="800001553",="No class",="4/7/2026",="NUR150 -A",
="800001553",="No class",="4/8/2026",="NUR150 -A",
="800001553",="Present",="4/14/2026",="NUR150 -A",
="800001553",="Present",="4/15/2026",="NUR150 -A",
="800001553",="Present",="4/21/2026",="NUR150 -A",
="800001679",="Present",="1/7/2026",="NUR270-A",
="800001679",="Present",="1/9/2026",="NUR270-A",
="800001679",="Present",="1/16/2026",="NUR270-A",
="800001679",="Present",="1/23/2026",="NUR270-A",
="800001679",="Present",="1/30/2026",="NUR270-A",
="800001679",="Absent",="2/6/2026",="NUR270-A",
="800001679",="Present",="2/13/2026",="NUR270-A",
="800001679",="Present",="2/20/2026",="NUR270-A",
="800001679",="Present",="2/27/2026",="NUR270-A",
="800001679",="Present",="3/2/2026",="NUR270-A",
="800001679",="Present",="3/3/2026",="NUR270-A",
="800001679",="Present",="3/4/2026",="NUR270-A",
="800001679",="Present",="3/6/2026",="NUR270-A",
="800001679",="Present",="3/13/2026",="NUR270-A",
="800001679",="Absent",="3/20/2026",="NUR270-A",
="800001679",="Present",="3/27/2026",="NUR270-A",
="800001679",="No class",="4/3/2026",="NUR270-A",
="800001679",="No class",="4/10/2026",="NUR270-A",
="800001679",="No class",="4/17/2026",="NUR270-A",
="800001679",="Present",="1/6/2026",="MCB100 -A",
="800001679",="Present",="1/13/2026",="MCB100 -A",
="800001679",="Present",="1/20/2026",="MCB100 -A",
="800001679",="Present",="1/27/2026",="MCB100 -A",
="800001679",="Present",="2/3/2026",="MCB100 -A",
="800001679",="Present",="2/10/2026",="MCB100 -A",
="800001679",="Present",="2/17/2026",="MCB100 -A",
="800001679",="Present",="2/24/2026",="MCB100 -A",
="800001679",="Present",="3/3/2026",="MCB100 -A",
="800001679",="Present",="3/10/2026",="MCB100 -A",
="800001679",="Present",="3/17/2026",="MCB100 -A",
="800001679",="Present",="3/24/2026",="MCB100 -A",
="800001679",="Present",="3/31/2026",="MCB100 -A",
="800001679",="Present",="4/7/2026",="MCB100 -A",
="800001679",="Present",="4/14/2026",="MCB100 -A",
="800001771",="Present",="1/5/2026",="NUR135-P",
="800001771",="Present",="1/12/2026",="NUR135-P",
="800001771",="Present",="1/19/2026",="NUR135-P",
="800001771",="Present",="1/26/2026",="NUR135-P",
="800001771",="Present",="2/2/2026",="NUR135-P",
="800001771",="Present",="2/9/2026",="NUR135-P",
="800001771",="Present",="2/16/2026",="NUR135-P",
="800001771",="Present",="2/23/2026",="NUR135-P",
="800001771",="Present",="2/23/2026",="NUR135-L-P1",
="800001771",="Present",="1/10/2026",="PSY101 -OL",
="800001771",="Present",="1/11/2026",="PSY101 -OL",
="800001771",="Present",="1/18/2026",="PSY101 -OL",
="800001771",="Present",="1/25/2026",="PSY101 -OL",
="800001771",="Present",="2/1/2026",="PSY101 -OL",
="800001771",="Present",="2/8/2026",="PSY101 -OL",
="800001771",="Present",="2/15/2026",="PSY101 -OL",
="800001771",="Present",="2/22/2026",="PSY101 -OL",
="800001771",="Present",="3/1/2026",="PSY101 -OL",
="800001771",="Present",="3/8/2026",="PSY101 -OL",
="800001771",="Present",="3/15/2026",="PSY101 -OL",
="800001771",="Present",="3/22/2026",="PSY101 -OL",
="800001771",="Present",="3/29/2026",="PSY101 -OL",
="800001771",="Present",="4/5/2026",="PSY101 -OL",
="800001813",="Present",="1/30/2026",="NUR145-L-A",
="800001813",="Present",="1/8/2026",="NUR140-A",
="800001813",="Present",="1/15/2026",="NUR140-A",
="800001813",="Present",="1/22/2026",="NUR140-A",
="800001813",="Present",="1/29/2026",="NUR140-A",
="800001813",="Present",="2/5/2026",="NUR140-A",
="800001813",="Present",="2/12/2026",="NUR140-A",
="800001813",="Present",="2/19/2026",="NUR140-A",
="800001813",="Present",="2/26/2026",="NUR140-A",
="800001813",="Present",="1/7/2026",="NUR155-A",
="800001813",="Present",="1/9/2026",="NUR155-A",
="800001813",="Present",="1/16/2026",="NUR155-A",
="800001813",="Absent",="1/23/2026",="NUR155-A",
="800001813",="Present",="1/30/2026",="NUR155-A",
="800001813",="Present",="2/6/2026",="NUR155-A",
="800001813",="Present",="2/13/2026",="NUR155-A",
="800001813",="No class",="2/20/2026",="NUR155-A",
="800001813",="Present",="2/27/2026",="NUR155-A",
="800001813",="Present",="3/2/2026",="NUR155-A",
="800001813",="Present",="3/3/2026",="NUR155-A",
="800001813",="Present",="3/4/2026",="NUR155-A",
="800001813",="Present",="3/6/2026",="NUR155-A",
="800001813",="Present",="3/13/2026",="NUR155-A",
="800001813",="Present",="3/20/2026",="NUR155-A",
="800001813",="Present",="3/27/2026",="NUR155-A",
="800001813",="No class",="4/3/2026",="NUR155-A",
="800001813",="No class",="4/10/2026",="NUR155-A",
="800001813",="Present",="3/9/2026",="NUR150 -L-A1",
="800001813",="Present",="3/16/2026",="NUR150 -L-A1",
="800001813",="Present",="3/23/2026",="NUR150 -L-A1",
="800001813",="Present",="3/30/2026",="NUR150 -L-A1",
="800001813",="Present",="4/6/2026",="NUR150 -L-A1",
="800001813",="Present",="1/5/2026",="NUR145 - P",
="800001813",="Present",="1/12/2026",="NUR145 - P",
="800001813",="Absent",="1/19/2026",="NUR145 - P",
="800001813",="Present",="1/26/2026",="NUR145 - P",
="800001813",="Present",="2/2/2026",="NUR145 - P",
="800001813",="Present",="2/9/2026",="NUR145 - P",
="800001813",="Present",="2/16/2026",="NUR145 - P",
="800001813",="Present",="2/23/2026",="NUR145 - P",
="800001813",="Present",="3/3/2026",="NUR150 -A",
="800001813",="Present",="3/4/2026",="NUR150 -A",
="800001813",="Present",="3/10/2026",="NUR150 -A",
="800001813",="Present",="3/11/2026",="NUR150 -A",
="800001813",="Present",="3/17/2026",="NUR150 -A",
="800001813",="Present",="3/18/2026",="NUR150 -A",
="800001813",="Present",="3/24/2026",="NUR150 -A",
="800001813",="Present",="3/25/2026",="NUR150 -A",
="800001813",="Present",="3/31/2026",="NUR150 -A",
="800001813",="Present",="4/1/2026",="NUR150 -A",
="800001813",="No class",="4/7/2026",="NUR150 -A",
="800001813",="No class",="4/8/2026",="NUR150 -A",
="800001813",="Present",="4/14/2026",="NUR150 -A",
="800001813",="Present",="4/15/2026",="NUR150 -A",
="800001813",="Present",="4/21/2026",="NUR150 -A",
="800001860",="Present",="1/6/2026",="AP100-A",
="800001860",="Present",="1/13/2026",="AP100-A",
="800001860",="Present",="1/20/2026",="AP100-A",
="800001860",="Present",="1/27/2026",="AP100-A",
="800001860",="Present",="2/3/2026",="AP100-A",
="800001860",="Present",="2/10/2026",="AP100-A",
="800001860",="Present",="2/17/2026",="AP100-A",
="800001860",="Present",="2/24/2026",="AP100-A",
="800001860",="Present",="3/3/2026",="AP100-A",
="800001860",="Present",="3/10/2026",="AP100-A",
="800001860",="Present",="3/17/2026",="AP100-A",
="800001860",="Present",="3/24/2026",="AP100-A",
="800001860",="Present",="3/31/2026",="AP100-A",
="800001860",="Present",="4/7/2026",="AP100-A",
="800001860",="Present",="4/14/2026",="AP100-A",
="800001860",="Present",="1/8/2026",="NUR125-P",
="800001860",="Present",="1/15/2026",="NUR125-P",
="800001860",="Present",="1/22/2026",="NUR125-P",
="800001860",="Present",="1/29/2026",="NUR125-P",
="800001860",="Present",="2/5/2026",="NUR125-P",
="800001860",="Present",="2/26/2026",="NUR125-P",
="800001860",="Present",="3/5/2026",="NUR125-P",
="800001860",="Present",="3/12/2026",="NUR125-P",
="800001860",="Present",="3/19/2026",="NUR125-P",
="800001860",="Present",="3/26/2026",="NUR125-P",
="800001860",="Present",="4/16/2026",="NUR125-P",
="800001860",="Present",="1/10/2026",="NUT100 -OL",
="800001860",="Present",="1/18/2026",="NUT100 -OL",
="800001860",="Present",="1/25/2026",="NUT100 -OL",
="800001860",="Present",="2/1/2026",="NUT100 -OL",
="800001860",="Present",="2/8/2026",="NUT100 -OL",
="800001860",="Present",="2/15/2026",="NUT100 -OL",
="800001860",="Present",="2/22/2026",="NUT100 -OL",
="800001860",="Present",="3/1/2026",="NUT100 -OL",
="800001860",="Present",="3/8/2026",="NUT100 -OL",
="800001860",="Present",="3/15/2026",="NUT100 -OL",
="800001860",="Absent",="3/22/2026",="NUT100 -OL",
="800001860",="Present",="3/29/2026",="NUT100 -OL",
="800001860",="Present",="4/5/2026",="NUT100 -OL",
="800001860",="Present",="4/11/2026",="NUT100 -OL",
="800001793",="Present",="3/3/2026",="NUR150 -A",
="800001793",="Present",="3/4/2026",="NUR150 -A",
="800001793",="Present",="3/10/2026",="NUR150 -A",
="800001793",="Present",="3/11/2026",="NUR150 -A",
="800001793",="Present",="3/17/2026",="NUR150 -A",
="800001793",="Present",="3/18/2026",="NUR150 -A",
="800001793",="Present",="3/24/2026",="NUR150 -A",
="800001793",="Present",="3/25/2026",="NUR150 -A",
="800001793",="Present",="3/31/2026",="NUR150 -A",
="800001793",="Present",="4/1/2026",="NUR150 -A",
="800001793",="No class",="4/7/2026",="NUR150 -A",
="800001793",="No class",="4/8/2026",="NUR150 -A",
="800001793",="Present",="4/14/2026",="NUR150 -A",
="800001793",="Present",="4/15/2026",="NUR150 -A",
="800001793",="Present",="4/21/2026",="NUR150 -A",
="800001793",="Present",="1/7/2026",="NUR155-A",
="800001793",="Present",="1/9/2026",="NUR155-A",
="800001793",="Present",="1/16/2026",="NUR155-A",
="800001793",="Absent",="1/23/2026",="NUR155-A",
="800001793",="Present",="1/30/2026",="NUR155-A",
="800001793",="Absent",="2/6/2026",="NUR155-A",
="800001793",="Present",="2/13/2026",="NUR155-A",
="800001793",="No class",="2/20/2026",="NUR155-A",
="800001793",="Present",="2/27/2026",="NUR155-A",
="800001793",="Present",="3/2/2026",="NUR155-A",
="800001793",="Present",="3/3/2026",="NUR155-A",
="800001793",="Present",="3/4/2026",="NUR155-A",
="800001793",="Present",="3/6/2026",="NUR155-A",
="800001793",="Present",="3/13/2026",="NUR155-A",
="800001793",="Present",="3/20/2026",="NUR155-A",
="800001793",="Present",="3/27/2026",="NUR155-A",
="800001793",="No class",="4/3/2026",="NUR155-A",
="800001793",="No class",="4/10/2026",="NUR155-A",
="800001793",="Present",="1/8/2026",="NUR140-A",
="800001793",="Present",="1/15/2026",="NUR140-A",
="800001793",="Present",="1/22/2026",="NUR140-A",
="800001793",="Present",="1/29/2026",="NUR140-A",
="800001793",="Present",="2/5/2026",="NUR140-A",
="800001793",="Present",="2/12/2026",="NUR140-A",
="800001793",="Present",="2/19/2026",="NUR140-A",
="800001793",="Present",="2/26/2026",="NUR140-A",
="800001793",="Present",="1/30/2026",="NUR145-L-P",
="800001793",="Present",="3/9/2026",="NUR150 -L-A1",
="800001793",="Present",="3/16/2026",="NUR150 -L-A1",
="800001793",="Present",="3/23/2026",="NUR150 -L-A1",
="800001793",="Present",="3/30/2026",="NUR150 -L-A1",
="800001793",="Present",="4/6/2026",="NUR150 -L-A1",
="800001793",="Present",="1/5/2026",="NUR145 - P",
="800001793",="Present",="1/12/2026",="NUR145 - P",
="800001793",="Absent",="1/19/2026",="NUR145 - P",
="800001793",="Present",="1/26/2026",="NUR145 - P",
="800001793",="Present",="2/2/2026",="NUR145 - P",
="800001793",="Present",="2/9/2026",="NUR145 - P",
="800001793",="Present",="2/16/2026",="NUR145 - P",
="800001793",="Present",="2/23/2026",="NUR145 - P",
="800001924",="No class",="3/11/2026",="NUR150-L-P1",
="800001924",="Present",="3/18/2026",="NUR150-L-P1",
="800001924",="Present",="3/25/2026",="NUR150-L-P1",
="800001924",="Present",="4/1/2026",="NUR150-L-P1",
="800001924",="Present",="4/8/2026",="NUR150-L-P1",
="800001924",="Present",="1/10/2026",="NUT100 -OL",
="800001924",="Present",="1/18/2026",="NUT100 -OL",
="800001924",="Present",="1/25/2026",="NUT100 -OL",
="800001924",="Present",="2/1/2026",="NUT100 -OL",
="800001924",="Present",="2/8/2026",="NUT100 -OL",
="800001924",="Present",="2/15/2026",="NUT100 -OL",
="800001924",="Present",="2/22/2026",="NUT100 -OL",
="800001924",="Present",="3/1/2026",="NUT100 -OL",
="800001924",="Present",="3/8/2026",="NUT100 -OL",
="800001924",="Present",="3/15/2026",="NUT100 -OL",
="800001924",="Absent",="3/22/2026",="NUT100 -OL",
="800001924",="Present",="3/29/2026",="NUT100 -OL",
="800001924",="Present",="4/5/2026",="NUT100 -OL",
="800001924",="Present",="4/11/2026",="NUT100 -OL",
="800001924",="Present",="1/8/2026",="NUR125-P",
="800001924",="Present",="1/15/2026",="NUR125-P",
="800001924",="Present",="1/22/2026",="NUR125-P",
="800001924",="Present",="1/29/2026",="NUR125-P",
="800001924",="Present",="2/5/2026",="NUR125-P",
="800001924",="Present",="2/26/2026",="NUR125-P",
="800001924",="Present",="3/5/2026",="NUR125-P",
="800001924",="Present",="3/12/2026",="NUR125-P",
="800001924",="Present",="3/19/2026",="NUR125-P",
="800001924",="Present",="3/26/2026",="NUR125-P",
="800001924",="Present",="4/16/2026",="NUR125-P",
="800001924",="Present",="1/5/2026",="NUR120-P",
="800001924",="Present",="1/6/2026",="NUR120-P",
="800001924",="Present",="1/12/2026",="NUR120-P",
="800001924",="Present",="1/13/2026",="NUR120-P",
="800001924",="Present",="1/20/2026",="NUR120-P",
="800001924",="Present",="1/26/2026",="NUR120-P",
="800001924",="Present",="1/27/2026",="NUR120-P",
="800001924",="Present",="2/2/2026",="NUR120-P",
="800001924",="Present",="2/3/2026",="NUR120-P",
="800001924",="Present",="2/9/2026",="NUR120-P",
="800001924",="No class",="2/10/2026",="NUR120-P",
="800001924",="Present",="2/16/2026",="NUR120-P",
="800001924",="Present",="2/17/2026",="NUR120-P",
="800001924",="Present",="2/23/2026",="NUR120-P",
="800001924",="Present",="2/24/2026",="NUR120-P",
="800001924",="Present",="3/3/2026",="NUR150-P",
="800001924",="Present",="3/9/2026",="NUR150-P",
="800001924",="Present",="3/10/2026",="NUR150-P",
="800001924",="Present",="3/16/2026",="NUR150-P",
="800001924",="Present",="3/17/2026",="NUR150-P",
="800001924",="Present",="3/23/2026",="NUR150-P",
="800001924",="Present",="3/24/2026",="NUR150-P",
="800001924",="Present",="3/30/2026",="NUR150-P",
="800001924",="Present",="3/31/2026",="NUR150-P",
="800001924",="No class",="4/6/2026",="NUR150-P",
="800001924",="No class",="4/7/2026",="NUR150-P",
="800001924",="Present",="4/13/2026",="NUR150-P",
="800001924",="Present",="4/14/2026",="NUR150-P",
="800001924",="Present",="4/20/2026",="NUR150-P",
="800001924",="Present",="4/21/2026",="NUR150-P",
="800001924",="Present",="1/14/2026",="PHARM130-P",
="800001924",="Present",="1/21/2026",="PHARM130-P",
="800001924",="Present",="1/28/2026",="PHARM130-P",
="800001924",="Present",="2/4/2026",="PHARM130-P",
="800001924",="Present",="2/11/2026",="PHARM130-P",
="800001924",="Present",="2/18/2026",="PHARM130-P",
="800001924",="Present",="2/25/2026",="PHARM130-P",
="800001924",="Present",="3/4/2026",="PHARM130-P",
="800001924",="Present",="3/11/2026",="PHARM130-P",
="800001924",="Present",="3/18/2026",="PHARM130-P",
="800001924",="Present",="3/25/2026",="PHARM130-P",
="800001924",="Present",="4/1/2026",="PHARM130-P",
="800001924",="Present",="4/8/2026",="PHARM130-P",
="800001924",="Absent",="4/15/2026",="PHARM130-P",
="800001925",="Present",="3/3/2026",="NUR150-P",
="800001925",="Present",="3/9/2026",="NUR150-P",
="800001925",="Present",="3/10/2026",="NUR150-P",
="800001925",="Present",="3/16/2026",="NUR150-P",
="800001925",="Present",="3/17/2026",="NUR150-P",
="800001925",="Present",="3/23/2026",="NUR150-P",
="800001925",="Present",="3/24/2026",="NUR150-P",
="800001925",="Present",="3/30/2026",="NUR150-P",
="800001925",="Present",="3/31/2026",="NUR150-P",
="800001925",="No class",="4/6/2026",="NUR150-P",
="800001925",="No class",="4/7/2026",="NUR150-P",
="800001925",="Present",="4/13/2026",="NUR150-P",
="800001925",="Present",="4/14/2026",="NUR150-P",
="800001925",="Present",="4/20/2026",="NUR150-P",
="800001925",="Present",="4/21/2026",="NUR150-P",
="800001925",="Present",="1/14/2026",="PHARM130-P",
="800001925",="Present",="1/21/2026",="PHARM130-P",
="800001925",="Present",="1/28/2026",="PHARM130-P",
="800001925",="Present",="2/4/2026",="PHARM130-P",
="800001925",="Present",="2/11/2026",="PHARM130-P",
="800001925",="Present",="2/18/2026",="PHARM130-P",
="800001925",="Present",="2/25/2026",="PHARM130-P",
="800001925",="Present",="3/4/2026",="PHARM130-P",
="800001925",="Present",="3/11/2026",="PHARM130-P",
="800001925",="Present",="3/18/2026",="PHARM130-P",
="800001925",="Present",="3/25/2026",="PHARM130-P",
="800001925",="Present",="4/1/2026",="PHARM130-P",
="800001925",="Present",="4/8/2026",="PHARM130-P",
="800001925",="Absent",="4/15/2026",="PHARM130-P",
="800001925",="Present",="1/5/2026",="NUR120-P",
="800001925",="Present",="1/6/2026",="NUR120-P",
="800001925",="Present",="1/12/2026",="NUR120-P",
="800001925",="Present",="1/13/2026",="NUR120-P",
="800001925",="Present",="1/20/2026",="NUR120-P",
="800001925",="Present",="1/26/2026",="NUR120-P",
="800001925",="Present",="1/27/2026",="NUR120-P",
="800001925",="Present",="2/2/2026",="NUR120-P",
="800001925",="Present",="2/3/2026",="NUR120-P",
="800001925",="Present",="2/9/2026",="NUR120-P",
="800001925",="No class",="2/10/2026",="NUR120-P",
="800001925",="Present",="2/16/2026",="NUR120-P",
="800001925",="Present",="2/17/2026",="NUR120-P",
="800001925",="Present",="2/23/2026",="NUR120-P",
="800001925",="Present",="2/24/2026",="NUR120-P",
="800001925",="No class",="3/11/2026",="NUR150-L-P1",
="800001925",="Present",="3/18/2026",="NUR150-L-P1",
="800001925",="Present",="3/25/2026",="NUR150-L-P1",
="800001925",="Present",="4/1/2026",="NUR150-L-P1",
="800001925",="Present",="4/8/2026",="NUR150-L-P1",
="800001925",="Present",="1/10/2026",="NUT100 -OL",
="800001925",="Present",="1/18/2026",="NUT100 -OL",
="800001925",="Present",="1/25/2026",="NUT100 -OL",
="800001925",="Present",="2/1/2026",="NUT100 -OL",
="800001925",="Present",="2/8/2026",="NUT100 -OL",
="800001925",="Present",="2/15/2026",="NUT100 -OL",
="800001925",="Present",="2/22/2026",="NUT100 -OL",
="800001925",="Present",="3/1/2026",="NUT100 -OL",
="800001925",="Present",="3/8/2026",="NUT100 -OL",
="800001925",="Present",="3/15/2026",="NUT100 -OL",
="800001925",="Absent",="3/22/2026",="NUT100 -OL",
="800001925",="Present",="3/29/2026",="NUT100 -OL",
="800001925",="Present",="4/5/2026",="NUT100 -OL",
="800001925",="Present",="4/11/2026",="NUT100 -OL",
="800001925",="Present",="1/15/2026",="NUR125-L-P1",
="800001925",="Present",="1/22/2026",="NUR125-L-P1",
="800001925",="Present",="1/29/2026",="NUR125-L-P1",
="800001925",="Present",="2/5/2026",="NUR125-L-P1",
="800001925",="Present",="2/19/2026",="NUR125-L-P1",
="800001925",="Present",="3/12/2026",="NUR125-L-P1",
="800001925",="Present",="3/19/2026",="NUR125-L-P1",
="800001925",="Present",="3/26/2026",="NUR125-L-P1",
="800001925",="Present",="4/9/2026",="NUR125-L-P1",
="800001925",="Present",="4/16/2026",="NUR125-L-P1",
="800001711",="No class",="3/11/2026",="NUR150-L-P1",
="800001711",="Present",="3/18/2026",="NUR150-L-P1",
="800001711",="Present",="3/25/2026",="NUR150-L-P1",
="800001711",="Present",="4/1/2026",="NUR150-L-P1",
="800001711",="Present",="4/8/2026",="NUR150-L-P1",
="800001711",="Present",="3/3/2026",="NUR150-P",
="800001711",="Present",="3/9/2026",="NUR150-P",
="800001711",="Present",="3/10/2026",="NUR150-P",
="800001711",="Present",="3/16/2026",="NUR150-P",
="800001711",="Present",="3/17/2026",="NUR150-P",
="800001711",="Present",="3/23/2026",="NUR150-P",
="800001711",="Present",="3/24/2026",="NUR150-P",
="800001711",="Present",="3/30/2026",="NUR150-P",
="800001711",="Present",="3/31/2026",="NUR150-P",
="800001711",="No class",="4/6/2026",="NUR150-P",
="800001711",="No class",="4/7/2026",="NUR150-P",
="800001711",="Present",="4/13/2026",="NUR150-P",
="800001711",="Present",="4/14/2026",="NUR150-P",
="800001711",="Present",="4/20/2026",="NUR150-P",
="800001711",="Present",="4/21/2026",="NUR150-P",
="800001802",="Absent",="1/7/2026",="NUR135-A",
="800001802",="Present",="1/14/2026",="NUR135-A",
="800001802",="Present",="1/21/2026",="NUR135-A",
="800001802",="Present",="1/28/2026",="NUR135-A",
="800001802",="Present",="2/4/2026",="NUR135-A",
="800001802",="Present",="2/18/2026",="NUR135-A",
="800001802",="Present",="2/25/2026",="NUR135-A",
="800001802",="Present",="1/30/2026",="NUR145-L-A",
="800001802",="No class",="2/13/2026",="NUR135-L-A1",
="800001802",="Present",="2/27/2026",="NUR135-L-A1",
="800001802",="Present",="1/5/2026",="NUR145 - P",
="800001802",="Present",="1/12/2026",="NUR145 - P",
="800001802",="Absent",="1/19/2026",="NUR145 - P",
="800001802",="Present",="1/26/2026",="NUR145 - P",
="800001802",="Present",="2/2/2026",="NUR145 - P",
="800001802",="Present",="2/9/2026",="NUR145 - P",
="800001802",="Absent",="2/16/2026",="NUR145 - P",
="800001802",="Present",="2/23/2026",="NUR145 - P",
="800001697",="Present",="3/3/2026",="NUR150 -A",
="800001697",="Present",="3/4/2026",="NUR150 -A",
="800001697",="Present",="3/10/2026",="NUR150 -A",
="800001697",="Present",="3/11/2026",="NUR150 -A",
="800001697",="Present",="3/17/2026",="NUR150 -A",
="800001697",="Present",="3/18/2026",="NUR150 -A",
="800001697",="Present",="3/24/2026",="NUR150 -A",
="800001697",="Present",="3/25/2026",="NUR150 -A",
="800001697",="Present",="3/31/2026",="NUR150 -A",
="800001697",="Present",="4/1/2026",="NUR150 -A",
="800001697",="No class",="4/7/2026",="NUR150 -A",
="800001697",="No class",="4/8/2026",="NUR150 -A",
="800001697",="Present",="4/14/2026",="NUR150 -A",
="800001697",="Present",="4/15/2026",="NUR150 -A",
="800001697",="Present",="4/21/2026",="NUR150 -A",
="800001697",="Present",="3/9/2026",="NUR150 -L-A1",
="800001697",="Present",="3/16/2026",="NUR150 -L-A1",
="800001697",="Present",="3/23/2026",="NUR150 -L-A1",
="800001697",="Present",="3/30/2026",="NUR150 -L-A1",
="800001697",="Present",="4/6/2026",="NUR150 -L-A1",
="800001697",="Present",="1/7/2026",="NUR155-A",
="800001697",="Present",="1/9/2026",="NUR155-A",
="800001697",="Present",="1/16/2026",="NUR155-A",
="800001697",="Present",="1/23/2026",="NUR155-A",
="800001697",="Present",="1/30/2026",="NUR155-A",
="800001697",="Present",="2/6/2026",="NUR155-A",
="800001697",="Present",="2/13/2026",="NUR155-A",
="800001697",="Present",="2/20/2026",="NUR155-A",
="800001697",="Present",="2/27/2026",="NUR155-A",
="800001697",="Present",="3/2/2026",="NUR155-A",
="800001697",="Present",="3/3/2026",="NUR155-A",
="800001697",="Present",="3/4/2026",="NUR155-A",
="800001697",="Present",="3/6/2026",="NUR155-A",
="800001697",="Present",="3/13/2026",="NUR155-A",
="800001697",="Present",="3/20/2026",="NUR155-A",
="800001697",="Present",="3/27/2026",="NUR155-A",
="800001697",="No class",="4/3/2026",="NUR155-A",
="800001697",="No class",="4/10/2026",="NUR155-A",
="800001821",="Present",="1/15/2026",="NUR125-L-P1",
="800001821",="Present",="1/22/2026",="NUR125-L-P1",
="800001821",="Present",="1/29/2026",="NUR125-L-P1",
="800001821",="Present",="2/5/2026",="NUR125-L-P1",
="800001821",="Present",="2/19/2026",="NUR125-L-P1",
="800001821",="Present",="3/12/2026",="NUR125-L-P1",
="800001821",="Present",="3/19/2026",="NUR125-L-P1",
="800001821",="Present",="3/26/2026",="NUR125-L-P1",
="800001821",="Present",="4/9/2026",="NUR125-L-P1",
="800001821",="Present",="4/16/2026",="NUR125-L-P1",
="800001821",="Present",="1/14/2026",="PHARM130-P",
="800001821",="Present",="1/21/2026",="PHARM130-P",
="800001821",="Present",="1/28/2026",="PHARM130-P",
="800001821",="Present",="2/4/2026",="PHARM130-P",
="800001821",="Present",="2/11/2026",="PHARM130-P",
="800001821",="Present",="2/18/2026",="PHARM130-P",
="800001821",="Present",="2/25/2026",="PHARM130-P",
="800001821",="Present",="3/4/2026",="PHARM130-P",
="800001821",="Present",="3/11/2026",="PHARM130-P",
="800001821",="Absent",="3/18/2026",="PHARM130-P",
="800001821",="Present",="3/25/2026",="PHARM130-P",
="800001821",="Present",="4/1/2026",="PHARM130-P",
="800001821",="Present",="4/8/2026",="PHARM130-P",
="800001821",="Absent",="4/15/2026",="PHARM130-P",
="800001821",="Present",="3/3/2026",="NUR150-P",
="800001821",="Present",="3/9/2026",="NUR150-P",
="800001821",="Present",="3/10/2026",="NUR150-P",
="800001821",="Present",="3/16/2026",="NUR150-P",
="800001821",="Present",="3/17/2026",="NUR150-P",
="800001821",="Present",="3/23/2026",="NUR150-P",
="800001821",="Present",="3/24/2026",="NUR150-P",
="800001821",="Present",="3/30/2026",="NUR150-P",
="800001821",="Present",="3/31/2026",="NUR150-P",
="800001821",="No class",="4/6/2026",="NUR150-P",
="800001821",="No class",="4/7/2026",="NUR150-P",
="800001821",="Present",="4/13/2026",="NUR150-P",
="800001821",="Present",="4/14/2026",="NUR150-P",
="800001821",="Present",="4/20/2026",="NUR150-P",
="800001821",="Present",="4/21/2026",="NUR150-P",
="800001821",="Present",="1/5/2026",="NUR120-P",
="800001821",="Present",="1/6/2026",="NUR120-P",
="800001821",="Present",="1/12/2026",="NUR120-P",
="800001821",="Present",="1/13/2026",="NUR120-P",
="800001821",="Present",="1/20/2026",="NUR120-P",
="800001821",="Present",="1/26/2026",="NUR120-P",
="800001821",="Present",="1/27/2026",="NUR120-P",
="800001821",="Present",="2/2/2026",="NUR120-P",
="800001821",="Present",="2/3/2026",="NUR120-P",
="800001821",="Present",="2/9/2026",="NUR120-P",
="800001821",="No class",="2/10/2026",="NUR120-P",
="800001821",="Present",="2/16/2026",="NUR120-P",
="800001821",="Present",="2/17/2026",="NUR120-P",
="800001821",="Present",="2/23/2026",="NUR120-P",
="800001821",="Present",="2/24/2026",="NUR120-P",
="800001821",="Present",="1/8/2026",="NUR125-P",
="800001821",="Present",="1/15/2026",="NUR125-P",
="800001821",="Present",="1/22/2026",="NUR125-P",
="800001821",="Present",="1/29/2026",="NUR125-P",
="800001821",="Present",="2/5/2026",="NUR125-P",
="800001821",="Present",="2/26/2026",="NUR125-P",
="800001821",="Present",="3/5/2026",="NUR125-P",
="800001821",="Present",="3/12/2026",="NUR125-P",
="800001821",="Present",="3/19/2026",="NUR125-P",
="800001821",="Present",="3/26/2026",="NUR125-P",
="800001821",="Present",="4/16/2026",="NUR125-P",
="800001821",="Present",="3/9/2026",="NUR150 -L-A1",
="800001821",="Present",="3/16/2026",="NUR150 -L-A1",
="800001821",="Present",="3/23/2026",="NUR150 -L-A1",
="800001821",="Present",="3/30/2026",="NUR150 -L-A1",
="800001821",="Present",="4/6/2026",="NUR150 -L-A1",
="800001655",="Absent",="1/7/2026",="NUR155-A",
="800001655",="Absent",="1/9/2026",="NUR155-A",
="800001655",="Present",="1/16/2026",="NUR155-A",
="800001655",="No class",="1/23/2026",="NUR155-A",
="800001655",="Present",="1/30/2026",="NUR155-A",
="800001655",="Present",="2/6/2026",="NUR155-A",
="800001655",="No class",="2/13/2026",="NUR155-A",
="800001655",="Present",="2/20/2026",="NUR155-A",
="800001655",="Present",="2/27/2026",="NUR155-A",
="800001655",="Present",="3/2/2026",="NUR155-A",
="800001655",="Present",="3/3/2026",="NUR155-A",
="800001655",="Present",="3/4/2026",="NUR155-A",
="800001655",="Present",="3/6/2026",="NUR155-A",
="800001655",="Present",="3/13/2026",="NUR155-A",
="800001655",="Present",="3/20/2026",="NUR155-A",
="800001655",="Present",="3/27/2026",="NUR155-A",
="800001655",="No class",="4/3/2026",="NUR155-A",
="800001655",="No class",="4/10/2026",="NUR155-A",
="800001655",="Present",="1/8/2026",="NUR140-A",
="800001655",="Present",="1/15/2026",="NUR140-A",
="800001655",="Present",="1/22/2026",="NUR140-A",
="800001655",="Present",="1/29/2026",="NUR140-A",
="800001655",="Present",="2/5/2026",="NUR140-A",
="800001655",="Present",="2/12/2026",="NUR140-A",
="800001655",="Present",="2/19/2026",="NUR140-A",
="800001655",="Present",="2/26/2026",="NUR140-A",
="800001655",="Present",="1/30/2026",="NUR145-L-P",
="800001655",="Present",="1/5/2026",="NUR145 - P",
="800001655",="Present",="1/12/2026",="NUR145 - P",
="800001655",="Present",="1/19/2026",="NUR145 - P",
="800001655",="Present",="1/26/2026",="NUR145 - P",
="800001655",="Present",="2/2/2026",="NUR145 - P",
="800001655",="Present",="2/9/2026",="NUR145 - P",
="800001655",="Present",="2/16/2026",="NUR145 - P",
="800001655",="Present",="2/23/2026",="NUR145 - P",
="800001655",="Present",="3/3/2026",="NUR150-P",
="800001655",="Present",="3/9/2026",="NUR150-P",
="800001655",="Present",="3/10/2026",="NUR150-P",
="800001655",="Present",="3/16/2026",="NUR150-P",
="800001655",="Present",="3/17/2026",="NUR150-P",
="800001655",="Present",="3/23/2026",="NUR150-P",
="800001655",="Present",="3/24/2026",="NUR150-P",
="800001655",="Present",="3/30/2026",="NUR150-P",
="800001655",="Present",="3/31/2026",="NUR150-P",
="800001655",="No class",="4/6/2026",="NUR150-P",
="800001655",="No class",="4/7/2026",="NUR150-P",
="800001655",="Present",="4/13/2026",="NUR150-P",
="800001655",="Present",="4/14/2026",="NUR150-P",
="800001655",="Present",="4/20/2026",="NUR150-P",
="800001655",="Present",="4/21/2026",="NUR150-P",
="800001856",="Present",="1/12/2026",="NUR120-L-A1",
="800001856",="No class",="1/19/2026",="NUR120-L-A1",
="800001856",="No class",="1/26/2026",="NUR120-L-A1",
="800001856",="Present",="2/2/2026",="NUR120-L-A1",
="800001856",="Present",="2/16/2026",="NUR120-L-A1",
="800001856",="Present",="2/23/2026",="NUR120-L-A1",
="800001735",="Present",="3/9/2026",="NUR150 -L-A1",
="800001735",="Present",="3/16/2026",="NUR150 -L-A1",
="800001735",="Present",="3/23/2026",="NUR150 -L-A1",
="800001735",="Present",="3/30/2026",="NUR150 -L-A1",
="800001735",="Present",="4/6/2026",="NUR150 -L-A1",
="800001735",="Present",="1/10/2026",="NUT100 -OL",
="800001735",="Present",="1/18/2026",="NUT100 -OL",
="800001735",="Present",="1/25/2026",="NUT100 -OL",
="800001735",="Present",="2/1/2026",="NUT100 -OL",
="800001735",="Present",="2/8/2026",="NUT100 -OL",
="800001735",="Absent",="2/15/2026",="NUT100 -OL",
="800001735",="Present",="2/22/2026",="NUT100 -OL",
="800001735",="Present",="3/1/2026",="NUT100 -OL",
="800001735",="Present",="3/8/2026",="NUT100 -OL",
="800001735",="Present",="3/15/2026",="NUT100 -OL",
="800001735",="Absent",="3/22/2026",="NUT100 -OL",
="800001735",="Present",="3/29/2026",="NUT100 -OL",
="800001735",="Present",="4/5/2026",="NUT100 -OL",
="800001735",="Present",="4/11/2026",="NUT100 -OL",
="800001735",="Present",="1/14/2026",="PHARM130-P",
="800001735",="Present",="1/21/2026",="PHARM130-P",
="800001735",="Present",="1/28/2026",="PHARM130-P",
="800001735",="Present",="2/4/2026",="PHARM130-P",
="800001735",="Present",="2/11/2026",="PHARM130-P",
="800001735",="Present",="2/18/2026",="PHARM130-P",
="800001735",="Present",="2/25/2026",="PHARM130-P",
="800001735",="Present",="3/4/2026",="PHARM130-P",
="800001735",="Present",="3/11/2026",="PHARM130-P",
="800001735",="Present",="3/18/2026",="PHARM130-P",
="800001735",="Present",="3/25/2026",="PHARM130-P",
="800001735",="Present",="4/1/2026",="PHARM130-P",
="800001735",="Present",="4/8/2026",="PHARM130-P",
="800001735",="Present",="4/15/2026",="PHARM130-P",
="800001943",="Present",="2/4/2026",="PHARM100-P-1",
="800001943",="Present",="2/11/2026",="PHARM100-P-1",
="800001943",="Present",="2/18/2026",="PHARM100-P-1",
="800001943",="Present",="2/25/2026",="PHARM100-P-1",
="800001943",="Present",="3/4/2026",="PHARM100-P-1",
="800001943",="Present",="3/11/2026",="PHARM100-P-1",
="800001943",="Present",="3/18/2026",="PHARM100-P-1",
="800001943",="Present",="3/25/2026",="PHARM100-P-1",
="800001943",="Present",="4/1/2026",="PHARM100-P-1",
="800001943",="Present",="4/8/2026",="PHARM100-P-1",
="800001943",="Present",="1/5/2026",="NUR100-P",
="800001943",="Present",="1/12/2026",="NUR100-P",
="800001943",="Present",="1/26/2026",="NUR100-P",
="800001943",="Present",="2/2/2026",="NUR100-P",
="800001943",="Present",="2/23/2026",="NUR100-P",
="800001943",="Present",="3/2/2026",="NUR100-P",
="800001943",="Present",="3/9/2026",="NUR100-P",
="800001943",="Present",="3/16/2026",="NUR100-P",
="800001943",="Present",="3/23/2026",="NUR100-P",
="800001943",="Present",="4/13/2026",="NUR100-P",
="800001943",="Present",="4/20/2026",="NUR100-P",
="800001943",="Present",="1/10/2026",="PSY101 -OL",
="800001943",="Present",="1/11/2026",="PSY101 -OL",
="800001943",="Present",="1/18/2026",="PSY101 -OL",
="800001943",="Present",="1/25/2026",="PSY101 -OL",
="800001943",="Absent",="2/1/2026",="PSY101 -OL",
="800001943",="Present",="2/8/2026",="PSY101 -OL",
="800001943",="Present",="2/15/2026",="PSY101 -OL",
="800001943",="Present",="2/22/2026",="PSY101 -OL",
="800001943",="Present",="3/1/2026",="PSY101 -OL",
="800001943",="Present",="3/8/2026",="PSY101 -OL",
="800001943",="Present",="3/15/2026",="PSY101 -OL",
="800001943",="Present",="3/22/2026",="PSY101 -OL",
="800001943",="Present",="3/29/2026",="PSY101 -OL",
="800001943",="Present",="4/5/2026",="PSY101 -OL",
="800001860",="Present",="1/15/2026",="NUR125-L-P1",
="800001860",="Present",="1/22/2026",="NUR125-L-P1",
="800001860",="Present",="1/29/2026",="NUR125-L-P1",
="800001860",="Present",="2/5/2026",="NUR125-L-P1",
="800001860",="Present",="2/19/2026",="NUR125-L-P1",
="800001860",="Present",="3/12/2026",="NUR125-L-P1",
="800001860",="Present",="3/19/2026",="NUR125-L-P1",
="800001860",="Present",="3/26/2026",="NUR125-L-P1",
="800001860",="Present",="4/9/2026",="NUR125-L-P1",
="800001860",="Present",="4/16/2026",="NUR125-L-P1",
="800001850",="Present",="1/8/2026",="NUR125-P",
="800001850",="Present",="1/15/2026",="NUR125-P",
="800001850",="Present",="1/22/2026",="NUR125-P",
="800001850",="Present",="1/29/2026",="NUR125-P",
="800001850",="Present",="2/5/2026",="NUR125-P",
="800001850",="Present",="2/26/2026",="NUR125-P",
="800001850",="Present",="3/5/2026",="NUR125-P",
="800001850",="Present",="3/12/2026",="NUR125-P",
="800001850",="Present",="3/19/2026",="NUR125-P",
="800001850",="Present",="3/26/2026",="NUR125-P",
="800001850",="Present",="4/16/2026",="NUR125-P",
="800001850",="Present",="1/6/2026",="AP100-A",
="800001850",="Present",="1/13/2026",="AP100-A",
="800001850",="Present",="1/20/2026",="AP100-A",
="800001850",="Present",="1/27/2026",="AP100-A",
="800001850",="Present",="2/3/2026",="AP100-A",
="800001850",="Present",="2/10/2026",="AP100-A",
="800001850",="Present",="2/17/2026",="AP100-A",
="800001850",="Present",="2/24/2026",="AP100-A",
="800001850",="Present",="3/3/2026",="AP100-A",
="800001850",="Present",="3/10/2026",="AP100-A",
="800001850",="Present",="3/17/2026",="AP100-A",
="800001850",="Present",="3/24/2026",="AP100-A",
="800001850",="Present",="3/31/2026",="AP100-A",
="800001850",="Present",="4/7/2026",="AP100-A",
="800001850",="Present",="4/14/2026",="AP100-A",
="800001850",="Present",="1/10/2026",="NUT100 -OL",
="800001850",="Present",="1/18/2026",="NUT100 -OL",
="800001850",="Present",="1/25/2026",="NUT100 -OL",
="800001850",="Present",="2/1/2026",="NUT100 -OL",
="800001850",="Present",="2/8/2026",="NUT100 -OL",
="800001850",="Present",="2/15/2026",="NUT100 -OL",
="800001850",="Present",="2/22/2026",="NUT100 -OL",
="800001850",="Present",="3/1/2026",="NUT100 -OL",
="800001850",="Present",="3/8/2026",="NUT100 -OL",
="800001850",="Present",="3/15/2026",="NUT100 -OL",
="800001850",="Absent",="3/22/2026",="NUT100 -OL",
="800001850",="Present",="3/29/2026",="NUT100 -OL",
="800001850",="Present",="4/5/2026",="NUT100 -OL",
="800001850",="Present",="4/11/2026",="NUT100 -OL",
="800001850",="Present",="1/15/2026",="NUR125-L-P1",
="800001850",="Present",="1/22/2026",="NUR125-L-P1",
="800001850",="Present",="1/29/2026",="NUR125-L-P1",
="800001850",="Present",="2/5/2026",="NUR125-L-P1",
="800001850",="Present",="2/19/2026",="NUR125-L-P1",
="800001850",="Present",="3/12/2026",="NUR125-L-P1",
="800001850",="Present",="3/19/2026",="NUR125-L-P1",
="800001850",="Present",="3/26/2026",="NUR125-L-P1",
="800001850",="Present",="4/9/2026",="NUR125-L-P1",
="800001850",="Present",="4/16/2026",="NUR125-L-P1",
="800001649",="Present",="1/15/2026",="NUR125-L-P1",
="800001649",="Present",="1/22/2026",="NUR125-L-P1",
="800001649",="Present",="1/29/2026",="NUR125-L-P1",
="800001649",="Present",="2/5/2026",="NUR125-L-P1",
="800001649",="Absent",="2/19/2026",="NUR125-L-P1",
="800001649",="Present",="3/12/2026",="NUR125-L-P1",
="800001649",="Present",="3/19/2026",="NUR125-L-P1",
="800001649",="Present",="3/26/2026",="NUR125-L-P1",
="800001649",="Present",="4/9/2026",="NUR125-L-P1",
="800001649",="Present",="4/16/2026",="NUR125-L-P1",
="800001649",="Present",="1/8/2026",="NUR125-P",
="800001649",="Present",="1/15/2026",="NUR125-P",
="800001649",="Present",="1/22/2026",="NUR125-P",
="800001649",="Present",="1/29/2026",="NUR125-P",
="800001649",="Present",="2/5/2026",="NUR125-P",
="800001649",="Absent",="2/26/2026",="NUR125-P",
="800001649",="Present",="3/5/2026",="NUR125-P",
="800001649",="Present",="3/12/2026",="NUR125-P",
="800001649",="Present",="3/19/2026",="NUR125-P",
="800001649",="Present",="3/26/2026",="NUR125-P",
="800001649",="Present",="4/16/2026",="NUR125-P",
="800002011",="Present",="1/6/2026",="AP100-A",
="800002011",="Present",="1/13/2026",="AP100-A",
="800002011",="Present",="1/20/2026",="AP100-A",
="800002011",="Present",="1/27/2026",="AP100-A",
="800002011",="Present",="2/3/2026",="AP100-A",
="800002011",="Present",="2/10/2026",="AP100-A",
="800002011",="Present",="2/17/2026",="AP100-A",
="800002011",="Present",="2/24/2026",="AP100-A",
="800002011",="Present",="3/3/2026",="AP100-A",
="800002011",="Present",="3/10/2026",="AP100-A",
="800002011",="Present",="3/17/2026",="AP100-A",
="800002011",="Present",="3/24/2026",="AP100-A",
="800002011",="Present",="3/31/2026",="AP100-A",
="800002011",="Present",="4/7/2026",="AP100-A",
="800002011",="Present",="4/14/2026",="AP100-A",
="800002011",="Tardy/Late",="1/9/2026",="COL010 -A",
="800002011",="Tardy/Late",="1/16/2026",="COL010 -A",
="800002011",="Tardy/Late",="1/23/2026",="COL010 -A",
="800002011",="Tardy/Late",="1/30/2026",="COL010 -A",
="800002011",="Present",="1/7/2026",="ENG101 -A",
="800002011",="Present",="1/14/2026",="ENG101 -A",
="800002011",="Present",="1/21/2026",="ENG101 -A",
="800002011",="Present",="1/28/2026",="ENG101 -A",
="800002011",="Present",="2/4/2026",="ENG101 -A",
="800002011",="Present",="2/11/2026",="ENG101 -A",
="800002011",="Present",="2/18/2026",="ENG101 -A",
="800002011",="Present",="2/25/2026",="ENG101 -A",
="800002011",="Present",="3/4/2026",="ENG101 -A",
="800002011",="Present",="3/11/2026",="ENG101 -A",
="800002011",="Tardy/Late",="3/18/2026",="ENG101 -A",
="800002011",="Present",="3/25/2026",="ENG101 -A",
="800002011",="Present",="4/1/2026",="ENG101 -A",
="800002011",="Present",="4/8/2026",="ENG101 -A",
="800002011",="Present",="1/5/2026",="NUR100 -A",
="800002011",="Present",="1/12/2026",="NUR100 -A",
="800002011",="Present",="1/26/2026",="NUR100 -A",
="800002011",="Present",="2/2/2026",="NUR100 -A",
="800002011",="No class",="2/9/2026",="NUR100 -A",
="800002011",="No class",="2/16/2026",="NUR100 -A",
="800002011",="Absent",="2/23/2026",="NUR100 -A",
="800002011",="Present",="3/2/2026",="NUR100 -A",
="800002011",="Present",="3/9/2026",="NUR100 -A",
="800002011",="Present",="3/16/2026",="NUR100 -A",
="800002011",="Present",="3/23/2026",="NUR100 -A",
="800002011",="Present",="4/13/2026",="NUR100 -A",
="800002011",="Present",="1/6/2026",="NUR100-L-A1",
="800002011",="Present",="1/13/2026",="NUR100-L-A1",
="800002011",="Present",="1/20/2026",="NUR100-L-A1",
="800002011",="No class",="1/27/2026",="NUR100-L-A1",
="800002011",="Present",="2/3/2026",="NUR100-L-A1",
="800002011",="Present",="2/10/2026",="NUR100-L-A1",
="800002011",="Present",="2/17/2026",="NUR100-L-A1",
="800002011",="Present",="2/24/2026",="NUR100-L-A1",
="800002011",="Present",="3/3/2026",="NUR100-L-A1",
="800002011",="Present",="3/10/2026",="NUR100-L-A1",
="800002011",="Present",="3/17/2026",="NUR100-L-A1",
="800002011",="Present",="3/24/2026",="NUR100-L-A1",
="800002011",="Present",="3/31/2026",="NUR100-L-A1",
="800002011",="Present",="4/7/2026",="NUR100-L-A1",
="800002011",="Present",="4/14/2026",="NUR100-L-A1",
="800002011",="Present",="2/2/2026",="NUR102 - A",
="800002011",="Present",="2/9/2026",="NUR102 - A",
="800002011",="Present",="2/11/2026",="NUR102 - A",
="800002011",="Present",="2/16/2026",="NUR102 - A",
="800002011",="Present",="2/18/2026",="NUR102 - A",
="800002011",="Present",="2/23/2026",="NUR102 - A",
="800002011",="Present",="2/25/2026",="NUR102 - A",
="800002011",="Present",="3/2/2026",="NUR102 - A",
="800002011",="Present",="3/4/2026",="NUR102 - A",
="800002011",="Present",="3/9/2026",="NUR102 - A",
="800002011",="Present",="3/11/2026",="NUR102 - A",
="800002011",="Present",="3/16/2026",="NUR102 - A",
="800002011",="Present",="3/18/2026",="NUR102 - A",
="800002011",="Present",="3/23/2026",="NUR102 - A",
="800002011",="Present",="3/25/2026",="NUR102 - A",
="800002011",="Present",="3/30/2026",="NUR102 - A",
="800002011",="Present",="4/1/2026",="NUR102 - A",
="800002011",="Present",="4/13/2026",="NUR102 - A",
="800002011",="Present",="4/15/2026",="NUR102 - A",
="800002011",="Present",="2/5/2026",="NUR102-L-A1",
="800002011",="Present",="2/12/2026",="NUR102-L-A1",
="800002011",="Present",="2/19/2026",="NUR102-L-A1",
="800002011",="Present",="2/26/2026",="NUR102-L-A1",
="800002011",="Present",="3/5/2026",="NUR102-L-A1",
="800002011",="Present",="3/12/2026",="NUR102-L-A1",
="800002011",="Present",="3/19/2026",="NUR102-L-A1",
="800002011",="Present",="3/26/2026",="NUR102-L-A1",
="800002011",="Present",="4/2/2026",="NUR102-L-A1",
="800002011",="Present",="4/9/2026",="NUR102-L-A1",
="800000754",="Present",="1/8/2026",="NUR205 -P",
="800000754",="Present",="1/15/2026",="NUR205 -P",
="800000754",="Present",="1/22/2026",="NUR205 -P",
="800000754",="Present",="1/29/2026",="NUR205 -P",
="800000754",="Present",="2/26/2026",="NUR205 -P",
="800000754",="Present",="3/5/2026",="NUR205 -P",
="800000754",="Present",="3/12/2026",="NUR205 -P",
="800000754",="Present",="3/19/2026",="NUR205 -P",
="800000754",="Present",="3/26/2026",="NUR205 -P",
="800000754",="Present",="4/16/2026",="NUR205 -P",
="800000754",="Present",="4/23/2026",="NUR205 -P",
="800000754",="Present",="1/7/2026",="NUR216 -A",
="800000754",="Present",="1/14/2026",="NUR216 -A",
="800000754",="Present",="1/21/2026",="NUR216 -A",
="800000754",="Present",="1/28/2026",="NUR216 -A",
="800000754",="Present",="2/4/2026",="NUR216 -A",
="800000754",="No class",="2/11/2026",="NUR216 -A",
="800000754",="No class",="2/18/2026",="NUR216 -A",
="800000754",="Present",="2/25/2026",="NUR216 -A",
="800000754",="Absent",="3/4/2026",="NUR216 -A",
="800000754",="Present",="3/11/2026",="NUR216 -A",
="800000754",="Present",="3/18/2026",="NUR216 -A",
="800000754",="Present",="3/25/2026",="NUR216 -A",
="800000754",="Present",="4/1/2026",="NUR216 -A",
="800000754",="Present",="4/8/2026",="NUR216 -A",
="800000754",="Present",="4/15/2026",="NUR216 -A",
="800000754",="Present",="2/5/2026",="NUR205-L-P1",
="800000754",="Present",="2/12/2026",="NUR205-L-P1",
="800000754",="Present",="2/19/2026",="NUR205-L-P1",
="800000754",="Present",="4/2/2026",="NUR205-L-P1",
="800000754",="Present",="4/9/2026",="NUR205-L-P1",
="800000754",="Present",="1/5/2026",="PHARM225-B_P",
="800000754",="Present",="1/12/2026",="PHARM225-B_P",
="800000754",="No class",="1/19/2026",="PHARM225-B_P",
="800000754",="Present",="1/26/2026",="PHARM225-B_P",
="800000754",="Present",="2/2/2026",="PHARM225-B_P",
="800000754",="Present",="2/9/2026",="PHARM225-B_P",
="800000754",="Present",="2/16/2026",="PHARM225-B_P",
="800000754",="Absent",="2/23/2026",="PHARM225-B_P",
="800000754",="Present",="3/2/2026",="PHARM225-B_P",
="800000754",="Present",="3/9/2026",="PHARM225-B_P",
="800000754",="Present",="3/16/2026",="PHARM225-B_P",
="800000754",="Present",="3/23/2026",="PHARM225-B_P",
="800000754",="Present",="3/30/2026",="PHARM225-B_P",
="800000754",="Present",="4/6/2026",="PHARM225-B_P",
="800000754",="Present",="4/13/2026",="PHARM225-B_P",
="800000754",="Absent",="1/10/2026",="HUM200 -OL",
="800000754",="Absent",="1/11/2026",="HUM200 -OL",
="800000754",="Present",="1/18/2026",="HUM200 -OL",
="800000754",="Present",="1/25/2026",="HUM200 -OL",
="800000754",="Present",="2/1/2026",="HUM200 -OL",
="800000754",="Absent",="2/8/2026",="HUM200 -OL",
="800000754",="Present",="2/15/2026",="HUM200 -OL",
="800000754",="Absent",="2/22/2026",="HUM200 -OL",
="800000754",="Present",="3/1/2026",="HUM200 -OL",
="800000754",="Present",="3/8/2026",="HUM200 -OL",
="800000754",="Present",="3/15/2026",="HUM200 -OL",
="800000754",="Present",="3/22/2026",="HUM200 -OL",
="800000754",="Present",="3/29/2026",="HUM200 -OL",
="800000754",="Present",="4/5/2026",="HUM200 -OL",
="800000754",="No class",="1/7/2026",="NUR216-L-A",
="800000754",="No class",="1/14/2026",="NUR216-L-A",
="800000754",="No class",="1/21/2026",="NUR216-L-A",
="800000754",="No class",="1/28/2026",="NUR216-L-A",
="800000754",="Present",="2/4/2026",="NUR216-L-A",
="800000754",="No class",="2/11/2026",="NUR216-L-A",
="800000754",="No class",="2/18/2026",="NUR216-L-A",
="800000754",="Present",="2/25/2026",="NUR216-L-A",
="800000754",="Present",="3/4/2026",="NUR216-L-A",
="800000754",="No class",="3/11/2026",="NUR216-L-A",
="800000754",="No class",="3/18/2026",="NUR216-L-A",
="800000754",="Present",="3/25/2026",="NUR216-L-A",
="800000754",="No class",="4/1/2026",="NUR216-L-A",
="800000754",="No class",="4/8/2026",="NUR216-L-A",
="800000754",="No class",="4/15/2026",="NUR216-L-A",
="800001922",="Present",="1/15/2026",="NUR125-L-P1",
="800001922",="Present",="1/22/2026",="NUR125-L-P1",
="800001922",="Present",="1/29/2026",="NUR125-L-P1",
="800001922",="Present",="2/5/2026",="NUR125-L-P1",
="800001922",="Present",="2/19/2026",="NUR125-L-P1",
="800001922",="Present",="3/12/2026",="NUR125-L-P1",
="800001922",="Present",="3/19/2026",="NUR125-L-P1",
="800001922",="Present",="3/26/2026",="NUR125-L-P1",
="800001922",="Present",="4/9/2026",="NUR125-L-P1",
="800001922",="Present",="4/16/2026",="NUR125-L-P1",
="800001922",="Present",="1/10/2026",="NUT100 -OL",
="800001922",="Present",="1/18/2026",="NUT100 -OL",
="800001922",="Present",="1/25/2026",="NUT100 -OL",
="800001922",="Absent",="2/1/2026",="NUT100 -OL",
="800001922",="Present",="2/8/2026",="NUT100 -OL",
="800001922",="Present",="2/15/2026",="NUT100 -OL",
="800001922",="Absent",="2/22/2026",="NUT100 -OL",
="800001922",="Present",="3/1/2026",="NUT100 -OL",
="800001922",="Absent",="3/8/2026",="NUT100 -OL",
="800001922",="Present",="3/15/2026",="NUT100 -OL",
="800001922",="Absent",="3/22/2026",="NUT100 -OL",
="800001922",="Present",="3/29/2026",="NUT100 -OL",
="800001922",="Present",="4/5/2026",="NUT100 -OL",
="800001922",="Present",="4/11/2026",="NUT100 -OL",
="800001922",="Present",="1/8/2026",="NUR125-P",
="800001922",="Present",="1/15/2026",="NUR125-P",
="800001922",="Present",="1/22/2026",="NUR125-P",
="800001922",="Present",="1/29/2026",="NUR125-P",
="800001922",="Present",="2/5/2026",="NUR125-P",
="800001922",="Present",="2/26/2026",="NUR125-P",
="800001922",="Present",="3/5/2026",="NUR125-P",
="800001922",="Present",="3/12/2026",="NUR125-P",
="800001922",="Present",="3/19/2026",="NUR125-P",
="800001922",="Present",="3/26/2026",="NUR125-P",
="800001922",="Present",="4/16/2026",="NUR125-P",
="800001939",="Present",="1/10/2026",="NUT100 -OL",
="800001939",="Present",="1/18/2026",="NUT100 -OL",
="800001939",="Present",="1/25/2026",="NUT100 -OL",
="800001939",="Absent",="2/1/2026",="NUT100 -OL",
="800001939",="Present",="2/8/2026",="NUT100 -OL",
="800001939",="Present",="2/15/2026",="NUT100 -OL",
="800001939",="Present",="2/22/2026",="NUT100 -OL",
="800001939",="Absent",="3/1/2026",="NUT100 -OL",
="800001939",="Present",="3/8/2026",="NUT100 -OL",
="800001939",="Present",="3/15/2026",="NUT100 -OL",
="800001939",="Absent",="3/22/2026",="NUT100 -OL",
="800001939",="Present",="3/29/2026",="NUT100 -OL",
="800001939",="Present",="4/5/2026",="NUT100 -OL",
="800001939",="Present",="4/11/2026",="NUT100 -OL",
="800001939",="Present",="1/8/2026",="NUR125-P",
="800001939",="Present",="1/15/2026",="NUR125-P",
="800001939",="Present",="1/22/2026",="NUR125-P",
="800001939",="Present",="1/29/2026",="NUR125-P",
="800001939",="Present",="2/5/2026",="NUR125-P",
="800001939",="Present",="2/26/2026",="NUR125-P",
="800001939",="Present",="3/5/2026",="NUR125-P",
="800001939",="Present",="3/12/2026",="NUR125-P",
="800001939",="Present",="3/19/2026",="NUR125-P",
="800001939",="Present",="3/26/2026",="NUR125-P",
="800001939",="Present",="4/16/2026",="NUR125-P",
="800001939",="Present",="1/15/2026",="NUR125-L-P1",
="800001939",="Present",="1/22/2026",="NUR125-L-P1",
="800001939",="Present",="1/29/2026",="NUR125-L-P1",
="800001939",="Present",="2/5/2026",="NUR125-L-P1",
="800001939",="Present",="2/19/2026",="NUR125-L-P1",
="800001939",="Present",="3/12/2026",="NUR125-L-P1",
="800001939",="Present",="3/19/2026",="NUR125-L-P1",
="800001939",="Present",="3/26/2026",="NUR125-L-P1",
="800001939",="Present",="4/9/2026",="NUR125-L-P1",
="800001939",="Present",="4/16/2026",="NUR125-L-P1",
="800001681",="Present",="1/10/2026",="ENG102 - OL",
="800001681",="Present",="1/18/2026",="ENG102 - OL",
="800001681",="Present",="1/25/2026",="ENG102 - OL",
="800001681",="Present",="2/1/2026",="ENG102 - OL",
="800001681",="Present",="2/8/2026",="ENG102 - OL",
="800001681",="Present",="2/15/2026",="ENG102 - OL",
="800001681",="Present",="2/22/2026",="ENG102 - OL",
="800001681",="Present",="3/1/2026",="ENG102 - OL",
="800001681",="Present",="3/8/2026",="ENG102 - OL",
="800001681",="Present",="3/15/2026",="ENG102 - OL",
="800001681",="Present",="3/22/2026",="ENG102 - OL",
="800001681",="Present",="3/29/2026",="ENG102 - OL",
="800001681",="Present",="4/5/2026",="ENG102 - OL",
="800001681",="Present",="1/7/2026",="NUR135-A",
="800001681",="Present",="1/14/2026",="NUR135-A",
="800001681",="Present",="1/21/2026",="NUR135-A",
="800001681",="Present",="1/28/2026",="NUR135-A",
="800001681",="Present",="2/4/2026",="NUR135-A",
="800001681",="Present",="2/18/2026",="NUR135-A",
="800001681",="Present",="2/25/2026",="NUR135-A",
="800001681",="No class",="2/13/2026",="NUR135-L-A1",
="800001681",="Present",="2/27/2026",="NUR135-L-A1",
="800001681",="Present",="1/7/2026",="NUR155-A",
="800001681",="Present",="1/9/2026",="NUR155-A",
="800001681",="Present",="1/16/2026",="NUR155-A",
="800001681",="Present",="1/23/2026",="NUR155-A",
="800001681",="Present",="1/30/2026",="NUR155-A",
="800001681",="Absent",="2/6/2026",="NUR155-A",
="800001681",="Present",="2/13/2026",="NUR155-A",
="800001681",="Present",="2/20/2026",="NUR155-A",
="800001681",="Present",="2/27/2026",="NUR155-A",
="800001681",="Present",="3/2/2026",="NUR155-A",
="800001681",="Present",="3/3/2026",="NUR155-A",
="800001681",="Present",="3/4/2026",="NUR155-A",
="800001681",="Present",="3/6/2026",="NUR155-A",
="800001681",="Present",="3/13/2026",="NUR155-A",
="800001681",="Present",="3/20/2026",="NUR155-A",
="800001681",="Present",="3/27/2026",="NUR155-A",
="800001681",="No class",="4/3/2026",="NUR155-A",
="800001681",="No class",="4/10/2026",="NUR155-A",
="800001557",="Present",="1/7/2026",="NUR155-A",
="800001557",="Present",="1/9/2026",="NUR155-A",
="800001557",="Present",="1/16/2026",="NUR155-A",
="800001557",="Present",="1/23/2026",="NUR155-A",
="800001557",="Present",="1/30/2026",="NUR155-A",
="800001557",="Present",="2/6/2026",="NUR155-A",
="800001557",="Present",="2/13/2026",="NUR155-A",
="800001557",="Present",="2/20/2026",="NUR155-A",
="800001557",="Present",="2/27/2026",="NUR155-A",
="800001557",="Present",="3/2/2026",="NUR155-A",
="800001557",="Present",="3/3/2026",="NUR155-A",
="800001557",="Present",="3/4/2026",="NUR155-A",
="800001557",="Present",="3/6/2026",="NUR155-A",
="800001557",="Present",="3/13/2026",="NUR155-A",
="800001557",="Present",="3/20/2026",="NUR155-A",
="800001557",="Present",="3/27/2026",="NUR155-A",
="800001557",="No class",="4/3/2026",="NUR155-A",
="800001557",="No class",="4/10/2026",="NUR155-A",
="800001625",="Present",="1/8/2026",="NUR140-A",
="800001625",="Present",="1/15/2026",="NUR140-A",
="800001625",="Present",="1/22/2026",="NUR140-A",
="800001625",="Present",="1/29/2026",="NUR140-A",
="800001625",="Present",="2/5/2026",="NUR140-A",
="800001625",="Present",="2/12/2026",="NUR140-A",
="800001625",="Present",="2/19/2026",="NUR140-A",
="800001625",="Present",="2/26/2026",="NUR140-A",
="800001625",="No class",="3/11/2026",="NUR150-L-P1",
="800001625",="Present",="3/18/2026",="NUR150-L-P1",
="800001625",="Present",="3/25/2026",="NUR150-L-P1",
="800001625",="Present",="4/1/2026",="NUR150-L-P1",
="800001625",="Present",="4/8/2026",="NUR150-L-P1",
="800001625",="Present",="1/30/2026",="NUR145-L-P",
="800001625",="Present",="3/3/2026",="NUR150-P",
="800001625",="Present",="3/9/2026",="NUR150-P",
="800001625",="Present",="3/10/2026",="NUR150-P",
="800001625",="Present",="3/16/2026",="NUR150-P",
="800001625",="Present",="3/17/2026",="NUR150-P",
="800001625",="Present",="3/23/2026",="NUR150-P",
="800001625",="Present",="3/24/2026",="NUR150-P",
="800001625",="Present",="3/30/2026",="NUR150-P",
="800001625",="Present",="3/31/2026",="NUR150-P",
="800001625",="No class",="4/6/2026",="NUR150-P",
="800001625",="No class",="4/7/2026",="NUR150-P",
="800001625",="Present",="4/13/2026",="NUR150-P",
="800001625",="Present",="4/14/2026",="NUR150-P",
="800001625",="Present",="4/20/2026",="NUR150-P",
="800001625",="Present",="4/21/2026",="NUR150-P",
="800001625",="Present",="1/5/2026",="NUR145 - P",
="800001625",="Present",="1/12/2026",="NUR145 - P",
="800001625",="Absent",="1/19/2026",="NUR145 - P",
="800001625",="Present",="1/26/2026",="NUR145 - P",
="800001625",="Present",="2/2/2026",="NUR145 - P",
="800001625",="Present",="2/9/2026",="NUR145 - P",
="800001625",="Present",="2/16/2026",="NUR145 - P",
="800001625",="Present",="2/23/2026",="NUR145 - P",
="800001888",="Absent",="1/5/2026",="NUR100 -A",
="800001888",="Present",="1/12/2026",="NUR100 -A",
="800001888",="Present",="1/26/2026",="NUR100 -A",
="800001888",="Present",="2/2/2026",="NUR100 -A",
="800001888",="No class",="2/9/2026",="NUR100 -A",
="800001888",="No class",="2/16/2026",="NUR100 -A",
="800001888",="Present",="2/23/2026",="NUR100 -A",
="800001888",="Present",="3/2/2026",="NUR100 -A",
="800001888",="Present",="3/9/2026",="NUR100 -A",
="800001888",="Present",="3/16/2026",="NUR100 -A",
="800001888",="Present",="3/23/2026",="NUR100 -A",
="800001888",="Present",="4/13/2026",="NUR100 -A",
="800001888",="Present",="1/10/2026",="NUT100 -OL",
="800001888",="Present",="1/18/2026",="NUT100 -OL",
="800001888",="Present",="1/25/2026",="NUT100 -OL",
="800001888",="Present",="2/1/2026",="NUT100 -OL",
="800001888",="Present",="2/8/2026",="NUT100 -OL",
="800001888",="Present",="2/15/2026",="NUT100 -OL",
="800001888",="Present",="2/22/2026",="NUT100 -OL",
="800001888",="Present",="3/1/2026",="NUT100 -OL",
="800001888",="Present",="3/8/2026",="NUT100 -OL",
="800001888",="Present",="3/15/2026",="NUT100 -OL",
="800001888",="Absent",="3/22/2026",="NUT100 -OL",
="800001888",="Present",="3/29/2026",="NUT100 -OL",
="800001888",="Present",="4/5/2026",="NUT100 -OL",
="800001888",="Present",="4/11/2026",="NUT100 -OL",
="800001888",="Absent",="1/6/2026",="NUR100-L-A1",
="800001888",="Present",="1/13/2026",="NUR100-L-A1",
="800001888",="Present",="1/20/2026",="NUR100-L-A1",
="800001888",="No class",="1/27/2026",="NUR100-L-A1",
="800001888",="Present",="2/3/2026",="NUR100-L-A1",
="800001888",="Present",="2/10/2026",="NUR100-L-A1",
="800001888",="Present",="2/17/2026",="NUR100-L-A1",
="800001888",="Present",="2/24/2026",="NUR100-L-A1",
="800001888",="Present",="3/3/2026",="NUR100-L-A1",
="800001888",="Present",="3/10/2026",="NUR100-L-A1",
="800001888",="Present",="3/17/2026",="NUR100-L-A1",
="800001888",="Present",="3/24/2026",="NUR100-L-A1",
="800001888",="Present",="3/31/2026",="NUR100-L-A1",
="800001888",="Present",="4/7/2026",="NUR100-L-A1",
="800001888",="Present",="4/14/2026",="NUR100-L-A1",
="800001888",="Present",="1/8/2026",="PHARM130-A",
="800001888",="Present",="1/15/2026",="PHARM130-A",
="800001888",="Present",="1/22/2026",="PHARM130-A",
="800001888",="Absent",="1/29/2026",="PHARM130-A",
="800001888",="Present",="2/5/2026",="PHARM130-A",
="800001888",="Present",="2/12/2026",="PHARM130-A",
="800001888",="Present",="2/19/2026",="PHARM130-A",
="800001888",="Present",="2/26/2026",="PHARM130-A",
="800001888",="Present",="3/5/2026",="PHARM130-A",
="800001888",="Present",="3/12/2026",="PHARM130-A",
="800001888",="Present",="3/19/2026",="PHARM130-A",
="800001888",="Present",="3/26/2026",="PHARM130-A",
="800001888",="Present",="4/2/2026",="PHARM130-A",
="800001888",="Present",="4/9/2026",="PHARM130-A",
="800001888",="Present",="4/16/2026",="PHARM130-A",
="800001562",="No class",="2/4/2026",="NUR236-L-P1",
="800001562",="No class",="2/11/2026",="NUR236-L-P1",
="800001562",="No class",="2/18/2026",="NUR236-L-P1",
="800001562",="No class",="2/25/2026",="NUR236-L-P1",
="800001562",="No class",="3/4/2026",="NUR236-L-P1",
="800001562",="No class",="3/11/2026",="NUR236-L-P1",
="800001562",="Present",="3/18/2026",="NUR236-L-P1",
="800001562",="Present",="3/25/2026",="NUR236-L-P1",
="800001562",="Present",="4/1/2026",="NUR236-L-P1",
="800001562",="Present",="4/8/2026",="NUR236-L-P1",
="800001562",="No class",="4/15/2026",="NUR236-L-P1",
="800001562",="Present",="1/8/2026",="NUR236-P",
="800001562",="Present",="1/15/2026",="NUR236-P",
="800001562",="Present",="1/22/2026",="NUR236-P",
="800001562",="Present",="1/29/2026",="NUR236-P",
="800001562",="Present",="2/26/2026",="NUR236-P",
="800001562",="Present",="3/5/2026",="NUR236-P",
="800001562",="No class",="3/12/2026",="NUR236-P",
="800001562",="Present",="3/19/2026",="NUR236-P",
="800001562",="No class",="3/26/2026",="NUR236-P",
="800001562",="Present",="4/16/2026",="NUR236-P",
="800001562",="No class",="4/23/2026",="NUR236-P",
="800001562",="Present",="1/10/2026",="ENG102 - OL",
="800001562",="Present",="1/18/2026",="ENG102 - OL",
="800001562",="Present",="1/25/2026",="ENG102 - OL",
="800001562",="Present",="2/1/2026",="ENG102 - OL",
="800001562",="Present",="2/8/2026",="ENG102 - OL",
="800001562",="Present",="2/15/2026",="ENG102 - OL",
="800001562",="Present",="2/22/2026",="ENG102 - OL",
="800001562",="Present",="3/1/2026",="ENG102 - OL",
="800001562",="Present",="3/8/2026",="ENG102 - OL",
="800001562",="Present",="3/15/2026",="ENG102 - OL",
="800001562",="Present",="3/22/2026",="ENG102 - OL",
="800001562",="Present",="3/29/2026",="ENG102 - OL",
="800001562",="Present",="4/5/2026",="ENG102 - OL",
="800001940",="Present",="1/15/2026",="NUR125-L-P1",
="800001940",="Present",="1/22/2026",="NUR125-L-P1",
="800001940",="Present",="1/29/2026",="NUR125-L-P1",
="800001940",="Present",="2/5/2026",="NUR125-L-P1",
="800001940",="Present",="2/19/2026",="NUR125-L-P1",
="800001940",="Present",="3/12/2026",="NUR125-L-P1",
="800001940",="Absent",="3/19/2026",="NUR125-L-P1",
="800001940",="Present",="3/26/2026",="NUR125-L-P1",
="800001940",="Present",="4/9/2026",="NUR125-L-P1",
="800001841",="Present",="1/8/2026",="NUR125-P",
="800001841",="Present",="1/15/2026",="NUR125-P",
="800001841",="Present",="1/22/2026",="NUR125-P",
="800001841",="Present",="1/29/2026",="NUR125-P",
="800001841",="Present",="2/5/2026",="NUR125-P",
="800001841",="Present",="2/26/2026",="NUR125-P",
="800001841",="Present",="3/5/2026",="NUR125-P",
="800001841",="Present",="3/12/2026",="NUR125-P",
="800001841",="Present",="3/19/2026",="NUR125-P",
="800001841",="Present",="3/26/2026",="NUR125-P",
="800001841",="Present",="4/16/2026",="NUR125-P",
="800001841",="Present",="1/14/2026",="PHARM130-P",
="800001841",="Present",="1/21/2026",="PHARM130-P",
="800001841",="Present",="1/28/2026",="PHARM130-P",
="800001841",="Present",="2/4/2026",="PHARM130-P",
="800001841",="Present",="2/11/2026",="PHARM130-P",
="800001841",="Present",="2/18/2026",="PHARM130-P",
="800001841",="Present",="2/25/2026",="PHARM130-P",
="800001841",="Present",="3/4/2026",="PHARM130-P",
="800001841",="Present",="3/11/2026",="PHARM130-P",
="800001841",="Present",="3/18/2026",="PHARM130-P",
="800001841",="Present",="3/25/2026",="PHARM130-P",
="800001841",="Present",="4/1/2026",="PHARM130-P",
="800001841",="Present",="4/8/2026",="PHARM130-P",
="800001841",="Absent",="4/15/2026",="PHARM130-P",
="800001841",="Present",="1/5/2026",="NUR120-P",
="800001841",="Present",="1/6/2026",="NUR120-P",
="800001841",="Present",="1/12/2026",="NUR120-P",
="800001841",="Present",="1/13/2026",="NUR120-P",
="800001841",="Present",="1/20/2026",="NUR120-P",
="800001841",="Present",="1/26/2026",="NUR120-P",
="800001841",="Present",="1/27/2026",="NUR120-P",
="800001841",="Present",="2/2/2026",="NUR120-P",
="800001841",="Present",="2/3/2026",="NUR120-P",
="800001841",="Present",="2/9/2026",="NUR120-P",
="800001841",="No class",="2/10/2026",="NUR120-P",
="800001841",="Present",="2/16/2026",="NUR120-P",
="800001841",="Present",="2/17/2026",="NUR120-P",
="800001841",="Present",="2/23/2026",="NUR120-P",
="800001841",="Present",="2/24/2026",="NUR120-P",
="800001841",="Present",="1/15/2026",="NUR125-L-P1",
="800001841",="Present",="1/22/2026",="NUR125-L-P1",
="800001841",="Present",="1/29/2026",="NUR125-L-P1",
="800001841",="Present",="2/5/2026",="NUR125-L-P1",
="800001841",="Present",="2/19/2026",="NUR125-L-P1",
="800001841",="Present",="3/12/2026",="NUR125-L-P1",
="800001841",="Present",="3/19/2026",="NUR125-L-P1",
="800001841",="Present",="3/26/2026",="NUR125-L-P1",
="800001841",="Present",="4/9/2026",="NUR125-L-P1",
="800001841",="Present",="4/16/2026",="NUR125-L-P1",
="800001841",="Present",="1/10/2026",="NUT100 -OL",
="800001841",="Present",="1/18/2026",="NUT100 -OL",
="800001841",="Present",="1/25/2026",="NUT100 -OL",
="800001841",="Present",="2/1/2026",="NUT100 -OL",
="800001841",="Present",="2/8/2026",="NUT100 -OL",
="800001841",="Present",="2/15/2026",="NUT100 -OL",
="800001841",="Present",="2/22/2026",="NUT100 -OL",
="800001841",="Present",="3/1/2026",="NUT100 -OL",
="800001841",="Present",="3/8/2026",="NUT100 -OL",
="800001841",="Present",="3/15/2026",="NUT100 -OL",
="800001841",="Absent",="3/22/2026",="NUT100 -OL",
="800001841",="Present",="3/29/2026",="NUT100 -OL",
="800001841",="Present",="4/5/2026",="NUT100 -OL",
="800001841",="Present",="4/11/2026",="NUT100 -OL",
="800001841",="Present",="3/3/2026",="NUR150-P",
="800001841",="Present",="3/9/2026",="NUR150-P",
="800001841",="Present",="3/10/2026",="NUR150-P",
="800001841",="Present",="3/16/2026",="NUR150-P",
="800001841",="Present",="3/17/2026",="NUR150-P",
="800001841",="Present",="3/23/2026",="NUR150-P",
="800001841",="Present",="3/24/2026",="NUR150-P",
="800001841",="Present",="3/30/2026",="NUR150-P",
="800001841",="Present",="3/31/2026",="NUR150-P",
="800001841",="No class",="4/6/2026",="NUR150-P",
="800001841",="No class",="4/7/2026",="NUR150-P",
="800001841",="Present",="4/13/2026",="NUR150-P",
="800001841",="Present",="4/14/2026",="NUR150-P",
="800001841",="Present",="4/20/2026",="NUR150-P",
="800001841",="Present",="4/21/2026",="NUR150-P",
="800001841",="Present",="3/9/2026",="NUR150 -L-A1",
="800001841",="Present",="3/16/2026",="NUR150 -L-A1",
="800001841",="Present",="3/23/2026",="NUR150 -L-A1",
="800001841",="Present",="3/30/2026",="NUR150 -L-A1",
="800001841",="Present",="4/6/2026",="NUR150 -L-A1",
="800001842",="Present",="1/10/2026",="NUT100 -OL",
="800001842",="Present",="1/18/2026",="NUT100 -OL",
="800001842",="Present",="1/25/2026",="NUT100 -OL",
="800001842",="Present",="2/1/2026",="NUT100 -OL",
="800001842",="Present",="2/8/2026",="NUT100 -OL",
="800001842",="Present",="2/15/2026",="NUT100 -OL",
="800001842",="Present",="2/22/2026",="NUT100 -OL",
="800001842",="Present",="3/1/2026",="NUT100 -OL",
="800001842",="Present",="3/8/2026",="NUT100 -OL",
="800001842",="Present",="3/15/2026",="NUT100 -OL",
="800001842",="Absent",="3/22/2026",="NUT100 -OL",
="800001842",="Present",="3/29/2026",="NUT100 -OL",
="800001842",="Present",="4/5/2026",="NUT100 -OL",
="800001842",="Present",="4/11/2026",="NUT100 -OL",
="800001842",="Present",="1/8/2026",="NUR125-P",
="800001842",="Present",="1/15/2026",="NUR125-P",
="800001842",="Present",="1/22/2026",="NUR125-P",
="800001842",="Present",="1/29/2026",="NUR125-P",
="800001842",="Present",="2/5/2026",="NUR125-P",
="800001842",="Present",="2/26/2026",="NUR125-P",
="800001842",="Present",="3/5/2026",="NUR125-P",
="800001842",="Present",="3/12/2026",="NUR125-P",
="800001842",="Present",="3/19/2026",="NUR125-P",
="800001842",="Present",="3/26/2026",="NUR125-P",
="800001842",="Present",="4/16/2026",="NUR125-P",
="800001842",="Absent",="1/15/2026",="NUR125-L-P1",
="800001842",="Present",="1/22/2026",="NUR125-L-P1",
="800001842",="Present",="1/29/2026",="NUR125-L-P1",
="800001842",="Present",="2/5/2026",="NUR125-L-P1",
="800001842",="Present",="2/19/2026",="NUR125-L-P1",
="800001842",="Present",="3/12/2026",="NUR125-L-P1",
="800001842",="Present",="3/19/2026",="NUR125-L-P1",
="800001842",="Present",="3/26/2026",="NUR125-L-P1",
="800001842",="Present",="4/9/2026",="NUR125-L-P1",
="800001842",="Present",="4/16/2026",="NUR125-L-P1",
="800001862",="Present",="1/5/2026",="NUR120-A",
="800001862",="Present",="1/6/2026",="NUR120-A",
="800001862",="Present",="1/12/2026",="NUR120-A",
="800001862",="Present",="1/13/2026",="NUR120-A",
="800001862",="Present",="1/20/2026",="NUR120-A",
="800001862",="Present",="1/26/2026",="NUR120-A",
="800001862",="Present",="1/27/2026",="NUR120-A",
="800001862",="Present",="2/2/2026",="NUR120-A",
="800001862",="Present",="2/3/2026",="NUR120-A",
="800001862",="No class",="2/9/2026",="NUR120-A",
="800001862",="Present",="2/10/2026",="NUR120-A",
="800001862",="Present",="2/16/2026",="NUR120-A",
="800001862",="Present",="2/17/2026",="NUR120-A",
="800001862",="Present",="2/23/2026",="NUR120-A",
="800001862",="Present",="2/24/2026",="NUR120-A",
="800001862",="Present",="1/12/2026",="NUR120-L-A1",
="800001862",="No class",="1/19/2026",="NUR120-L-A1",
="800001862",="No class",="1/26/2026",="NUR120-L-A1",
="800001862",="Present",="2/2/2026",="NUR120-L-A1",
="800001862",="Present",="2/16/2026",="NUR120-L-A1",
="800001862",="Present",="2/23/2026",="NUR120-L-A1",
="800001862",="Present",="1/8/2026",="PHARM130-A",
="800001862",="Present",="1/15/2026",="PHARM130-A",
="800001862",="Present",="1/22/2026",="PHARM130-A",
="800001862",="Present",="1/29/2026",="PHARM130-A",
="800001862",="Present",="2/5/2026",="PHARM130-A",
="800001862",="Present",="2/12/2026",="PHARM130-A",
="800001862",="Present",="2/19/2026",="PHARM130-A",
="800001862",="Absent",="2/26/2026",="PHARM130-A",
="800001862",="Present",="3/5/2026",="PHARM130-A",
="800001862",="Present",="3/12/2026",="PHARM130-A",
="800001862",="Present",="3/19/2026",="PHARM130-A",
="800001862",="Present",="3/26/2026",="PHARM130-A",
="800001862",="Present",="4/2/2026",="PHARM130-A",
="800001862",="Present",="4/9/2026",="PHARM130-A",
="800001862",="Present",="4/16/2026",="PHARM130-A",
="800001892",="Present",="1/12/2026",="NUR120-L-A1",
="800001892",="No class",="1/19/2026",="NUR120-L-A1",
="800001892",="No class",="1/26/2026",="NUR120-L-A1",
="800001892",="Present",="2/2/2026",="NUR120-L-A1",
="800001892",="Present",="2/16/2026",="NUR120-L-A1",
="800001892",="Present",="2/23/2026",="NUR120-L-A1",
="800001892",="Present",="1/5/2026",="NUR120-A",
="800001892",="Present",="1/6/2026",="NUR120-A",
="800001892",="Present",="1/12/2026",="NUR120-A",
="800001892",="Present",="1/13/2026",="NUR120-A",
="800001892",="Present",="1/20/2026",="NUR120-A",
="800001892",="Present",="1/26/2026",="NUR120-A",
="800001892",="Present",="1/27/2026",="NUR120-A",
="800001892",="Present",="2/2/2026",="NUR120-A",
="800001892",="Present",="2/3/2026",="NUR120-A",
="800001892",="No class",="2/9/2026",="NUR120-A",
="800001892",="Present",="2/10/2026",="NUR120-A",
="800001892",="Present",="2/16/2026",="NUR120-A",
="800001892",="Present",="2/17/2026",="NUR120-A",
="800001892",="Present",="2/23/2026",="NUR120-A",
="800001892",="Present",="2/24/2026",="NUR120-A",
="800001892",="Present",="1/8/2026",="PHARM130-A",
="800001892",="Present",="1/15/2026",="PHARM130-A",
="800001892",="Present",="1/22/2026",="PHARM130-A",
="800001892",="Present",="1/29/2026",="PHARM130-A",
="800001892",="Present",="2/5/2026",="PHARM130-A",
="800001892",="Present",="2/12/2026",="PHARM130-A",
="800001892",="Present",="2/19/2026",="PHARM130-A",
="800001892",="Absent",="2/26/2026",="PHARM130-A",
="800001892",="Present",="3/5/2026",="PHARM130-A",
="800001892",="Present",="3/12/2026",="PHARM130-A",
="800001892",="Present",="3/19/2026",="PHARM130-A",
="800001892",="Absent",="3/26/2026",="PHARM130-A",
="800001892",="Present",="4/2/2026",="PHARM130-A",
="800001892",="Present",="4/9/2026",="PHARM130-A",
="800001892",="Present",="4/16/2026",="PHARM130-A",
="800001917",="Present",="1/15/2026",="NUR125-L-P1",
="800001917",="Present",="1/22/2026",="NUR125-L-P1",
="800001917",="Present",="1/29/2026",="NUR125-L-P1",
="800001917",="Present",="2/5/2026",="NUR125-L-P1",
="800001917",="Absent",="2/19/2026",="NUR125-L-P1",
="800001917",="Present",="3/12/2026",="NUR125-L-P1",
="800001917",="Absent",="3/19/2026",="NUR125-L-P1",
="800001917",="Present",="3/26/2026",="NUR125-L-P1",
="800001917",="Present",="4/9/2026",="NUR125-L-P1",
="800001917",="Present",="4/16/2026",="NUR125-L-P1",
="800001917",="Present",="1/8/2026",="NUR125-P",
="800001917",="Present",="1/15/2026",="NUR125-P",
="800001917",="Present",="1/22/2026",="NUR125-P",
="800001917",="Present",="1/29/2026",="NUR125-P",
="800001917",="Present",="2/5/2026",="NUR125-P",
="800001917",="Absent",="2/26/2026",="NUR125-P",
="800001917",="Present",="3/5/2026",="NUR125-P",
="800001917",="Present",="3/12/2026",="NUR125-P",
="800001917",="Absent",="3/19/2026",="NUR125-P",
="800001917",="Present",="3/26/2026",="NUR125-P",
="800001917",="Present",="4/16/2026",="NUR125-P",
="800001626",="Absent",="1/7/2026",="NUR216 -A",
="800001626",="Present",="1/14/2026",="NUR216 -A",
="800001626",="Present",="1/21/2026",="NUR216 -A",
="800001626",="Present",="1/28/2026",="NUR216 -A",
="800001626",="Present",="2/4/2026",="NUR216 -A",
="800001626",="No class",="2/11/2026",="NUR216 -A",
="800001626",="No class",="2/18/2026",="NUR216 -A",
="800001626",="Present",="2/25/2026",="NUR216 -A",
="800001626",="Present",="3/4/2026",="NUR216 -A",
="800001626",="Present",="3/11/2026",="NUR216 -A",
="800001626",="Present",="3/18/2026",="NUR216 -A",
="800001626",="Present",="3/25/2026",="NUR216 -A",
="800001626",="Present",="4/1/2026",="NUR216 -A",
="800001626",="Present",="4/8/2026",="NUR216 -A",
="800001626",="Present",="4/15/2026",="NUR216 -A",
="800001626",="No class",="1/7/2026",="NUR216-L-A",
="800001626",="No class",="1/14/2026",="NUR216-L-A",
="800001626",="No class",="1/21/2026",="NUR216-L-A",
="800001626",="No class",="1/28/2026",="NUR216-L-A",
="800001626",="Present",="2/4/2026",="NUR216-L-A",
="800001626",="No class",="2/11/2026",="NUR216-L-A",
="800001626",="No class",="2/18/2026",="NUR216-L-A",
="800001626",="Present",="2/25/2026",="NUR216-L-A",
="800001626",="Present",="3/4/2026",="NUR216-L-A",
="800001626",="No class",="3/11/2026",="NUR216-L-A",
="800001626",="No class",="3/18/2026",="NUR216-L-A",
="800001626",="Present",="3/25/2026",="NUR216-L-A",
="800001626",="No class",="4/1/2026",="NUR216-L-A",
="800001626",="No class",="4/8/2026",="NUR216-L-A",
="800001626",="No class",="4/15/2026",="NUR216-L-A",
="800001852",="Present",="1/12/2026",="NUR120-L-A1",
="800001852",="No class",="1/19/2026",="NUR120-L-A1",
="800001852",="No class",="1/26/2026",="NUR120-L-A1",
="800001852",="Present",="2/2/2026",="NUR120-L-A1",
="800001852",="Present",="2/16/2026",="NUR120-L-A1",
="800001852",="Present",="2/23/2026",="NUR120-L-A1",
="800001852",="Present",="1/10/2026",="NUT100 -OL",
="800001852",="Present",="1/18/2026",="NUT100 -OL",
="800001852",="Present",="1/25/2026",="NUT100 -OL",
="800001852",="Absent",="2/1/2026",="NUT100 -OL",
="800001852",="Present",="2/8/2026",="NUT100 -OL",
="800001852",="Present",="2/15/2026",="NUT100 -OL",
="800001852",="Absent",="2/22/2026",="NUT100 -OL",
="800001852",="Present",="3/1/2026",="NUT100 -OL",
="800001852",="Present",="3/8/2026",="NUT100 -OL",
="800001852",="Present",="3/15/2026",="NUT100 -OL",
="800001852",="Absent",="3/22/2026",="NUT100 -OL",
="800001852",="Present",="3/29/2026",="NUT100 -OL",
="800001852",="Present",="4/5/2026",="NUT100 -OL",
="800001852",="Present",="4/11/2026",="NUT100 -OL",
="800001852",="Present",="1/8/2026",="PHARM130-A",
="800001852",="Present",="1/15/2026",="PHARM130-A",
="800001852",="Present",="1/22/2026",="PHARM130-A",
="800001852",="Present",="1/29/2026",="PHARM130-A",
="800001852",="Present",="2/5/2026",="PHARM130-A",
="800001852",="Present",="2/12/2026",="PHARM130-A",
="800001852",="Present",="2/19/2026",="PHARM130-A",
="800001852",="Present",="2/26/2026",="PHARM130-A",
="800001852",="Present",="3/5/2026",="PHARM130-A",
="800001852",="Present",="3/12/2026",="PHARM130-A",
="800001852",="Present",="3/19/2026",="PHARM130-A",
="800001852",="Present",="3/26/2026",="PHARM130-A",
="800001852",="Present",="4/2/2026",="PHARM130-A",
="800001852",="Present",="4/9/2026",="PHARM130-A",
="800001852",="Present",="4/16/2026",="PHARM130-A",
="800001650",="Present",="1/8/2026",="NUR140-A",
="800001650",="Present",="1/15/2026",="NUR140-A",
="800001650",="Present",="1/22/2026",="NUR140-A",
="800001650",="Present",="1/29/2026",="NUR140-A",
="800001650",="Present",="2/5/2026",="NUR140-A",
="800001650",="Present",="2/12/2026",="NUR140-A",
="800001650",="Present",="2/19/2026",="NUR140-A",
="800001650",="Present",="2/26/2026",="NUR140-A",
="800001650",="Present",="1/5/2026",="NUR135-P",
="800001650",="Present",="1/12/2026",="NUR135-P",
="800001650",="Present",="1/19/2026",="NUR135-P",
="800001650",="Present",="1/26/2026",="NUR135-P",
="800001650",="Present",="2/2/2026",="NUR135-P",
="800001650",="Present",="2/9/2026",="NUR135-P",
="800001650",="Absent",="2/16/2026",="NUR135-P",
="800001650",="Present",="2/23/2026",="NUR135-P",
="800001650",="Present",="1/10/2026",="NUT100 -OL",
="800001650",="Present",="1/18/2026",="NUT100 -OL",
="800001650",="Absent",="1/25/2026",="NUT100 -OL",
="800001650",="Present",="2/1/2026",="NUT100 -OL",
="800001650",="Present",="2/8/2026",="NUT100 -OL",
="800001650",="Present",="2/15/2026",="NUT100 -OL",
="800001650",="Present",="2/22/2026",="NUT100 -OL",
="800001650",="Present",="3/1/2026",="NUT100 -OL",
="800001650",="Present",="3/8/2026",="NUT100 -OL",
="800001650",="Present",="3/15/2026",="NUT100 -OL",
="800001650",="Absent",="3/22/2026",="NUT100 -OL",
="800001650",="Absent",="3/29/2026",="NUT100 -OL",
="800001650",="Present",="4/5/2026",="NUT100 -OL",
="800001650",="Present",="4/11/2026",="NUT100 -OL",
="800001650",="Present",="2/23/2026",="NUR135-L-P1",
="800001888",="Present",="1/8/2026",="AP100-P",
="800001888",="Present",="1/15/2026",="AP100-P",
="800001888",="Present",="1/22/2026",="AP100-P",
="800001888",="Present",="2/5/2026",="AP100-P",
="800001888",="Present",="2/12/2026",="AP100-P",
="800001888",="Present",="2/19/2026",="AP100-P",
="800001888",="Present",="2/26/2026",="AP100-P",
="800001888",="Present",="3/5/2026",="AP100-P",
="800001888",="Present",="3/12/2026",="AP100-P",
="800001888",="Present",="3/19/2026",="AP100-P",
="800001888",="Present",="3/26/2026",="AP100-P",
="800001888",="Present",="4/2/2026",="AP100-P",
="800001888",="Present",="4/9/2026",="AP100-P",
="800001888",="Present",="4/16/2026",="AP100-P",
="800001724",="Present",="3/3/2026",="NUR150-P",
="800001724",="Present",="3/9/2026",="NUR150-P",
="800001724",="Present",="3/10/2026",="NUR150-P",
="800001724",="Present",="3/16/2026",="NUR150-P",
="800001724",="Present",="3/17/2026",="NUR150-P",
="800001724",="Present",="3/23/2026",="NUR150-P",
="800001724",="Present",="3/24/2026",="NUR150-P",
="800001724",="Present",="3/30/2026",="NUR150-P",
="800001724",="Present",="3/31/2026",="NUR150-P",
="800001724",="No class",="4/6/2026",="NUR150-P",
="800001724",="No class",="4/7/2026",="NUR150-P",
="800001724",="Present",="4/13/2026",="NUR150-P",
="800001724",="Present",="4/14/2026",="NUR150-P",
="800001724",="Present",="4/20/2026",="NUR150-P",
="800001724",="Present",="4/21/2026",="NUR150-P",
="800001724",="Present",="3/9/2026",="NUR150 -L-A1",
="800001724",="Present",="3/16/2026",="NUR150 -L-A1",
="800001724",="Present",="3/23/2026",="NUR150 -L-A1",
="800001724",="Present",="3/30/2026",="NUR150 -L-A1",
="800001724",="Present",="4/6/2026",="NUR150 -L-A1",
="800001924",="Present",="1/15/2026",="NUR125-L-P1",
="800001924",="Present",="1/22/2026",="NUR125-L-P1",
="800001924",="Present",="1/29/2026",="NUR125-L-P1",
="800001924",="Present",="2/5/2026",="NUR125-L-P1",
="800001924",="Present",="2/19/2026",="NUR125-L-P1",
="800001924",="Present",="3/12/2026",="NUR125-L-P1",
="800001924",="Present",="3/19/2026",="NUR125-L-P1",
="800001924",="Present",="3/26/2026",="NUR125-L-P1",
="800001924",="Present",="4/9/2026",="NUR125-L-P1",
="800001924",="Present",="4/16/2026",="NUR125-L-P1",
="800001925",="Present",="1/8/2026",="NUR125-P",
="800001925",="Present",="1/15/2026",="NUR125-P",
="800001925",="Present",="1/22/2026",="NUR125-P",
="800001925",="Present",="1/29/2026",="NUR125-P",
="800001925",="Present",="2/5/2026",="NUR125-P",
="800001925",="Present",="2/26/2026",="NUR125-P",
="800001925",="Present",="3/5/2026",="NUR125-P",
="800001925",="Present",="3/12/2026",="NUR125-P",
="800001925",="Present",="3/19/2026",="NUR125-P",
="800001925",="Present",="3/26/2026",="NUR125-P",
="800001925",="Present",="4/16/2026",="NUR125-P",
="800001543",="Present",="1/5/2026",="NUR120-P",
="800001543",="Present",="1/6/2026",="NUR120-P",
="800001543",="Present",="1/12/2026",="NUR120-P",
="800001543",="Absent",="1/13/2026",="NUR120-P",
="800001543",="Present",="1/20/2026",="NUR120-P",
="800001543",="Present",="1/26/2026",="NUR120-P",
="800001543",="Present",="1/27/2026",="NUR120-P",
="800001543",="Present",="2/2/2026",="NUR120-P",
="800001543",="Present",="2/3/2026",="NUR120-P",
="800001626",="Present",="1/5/2026",="PHARM225-A_P",
="800001626",="Present",="1/12/2026",="PHARM225-A_P",
="800001626",="No class",="1/19/2026",="PHARM225-A_P",
="800001626",="Tardy/Late",="1/26/2026",="PHARM225-A_P",
="800001626",="Present",="2/2/2026",="PHARM225-A_P",
="800001626",="Present",="2/9/2026",="PHARM225-A_P",
="800001626",="Present",="2/16/2026",="PHARM225-A_P",
="800001626",="Tardy/Late",="2/23/2026",="PHARM225-A_P",
="800001626",="Absent",="3/2/2026",="PHARM225-A_P",
="800001626",="Present",="3/9/2026",="PHARM225-A_P",
="800001626",="Present",="3/16/2026",="PHARM225-A_P",
="800001626",="Present",="3/23/2026",="PHARM225-A_P",
="800001626",="Present",="3/30/2026",="PHARM225-A_P",
="800001626",="Present",="4/6/2026",="PHARM225-A_P",
="800001626",="Present",="4/13/2026",="PHARM225-A_P",
="800001665",="Present",="3/9/2026",="NUR150 -L-A1",
="800001665",="Present",="3/16/2026",="NUR150 -L-A1",
="800001665",="Present",="3/23/2026",="NUR150 -L-A1",
="800001665",="Present",="3/30/2026",="NUR150 -L-A1",
="800001665",="Present",="4/6/2026",="NUR150 -L-A1",
="800001665",="Present",="3/3/2026",="NUR150 -A",
="800001665",="Present",="3/4/2026",="NUR150 -A",
="800001665",="Present",="3/10/2026",="NUR150 -A",
="800001665",="Present",="3/11/2026",="NUR150 -A",
="800001665",="Present",="3/17/2026",="NUR150 -A",
="800001665",="Present",="3/18/2026",="NUR150 -A",
="800001665",="Present",="3/24/2026",="NUR150 -A",
="800001665",="Present",="3/25/2026",="NUR150 -A",
="800001665",="Present",="3/31/2026",="NUR150 -A",
="800001665",="Present",="4/1/2026",="NUR150 -A",
="800001665",="No class",="4/7/2026",="NUR150 -A",
="800001665",="No class",="4/8/2026",="NUR150 -A",
="800001665",="Present",="4/14/2026",="NUR150 -A",
="800001665",="Present",="4/15/2026",="NUR150 -A",
="800001665",="Present",="4/21/2026",="NUR150 -A",
="800001710",="Present",="1/5/2026",="NUR135-P",
="800001710",="Present",="1/12/2026",="NUR135-P",
="800001710",="Present",="1/19/2026",="NUR135-P",
="800001710",="Present",="1/26/2026",="NUR135-P",
="800001710",="Present",="2/2/2026",="NUR135-P",
="800001710",="Present",="2/9/2026",="NUR135-P",
="800001710",="Present",="2/16/2026",="NUR135-P",
="800001710",="Present",="2/23/2026",="NUR135-P",
="800001710",="Present",="3/9/2026",="NUR150 -L-A1",
="800001710",="Present",="3/16/2026",="NUR150 -L-A1",
="800001710",="Present",="3/23/2026",="NUR150 -L-A1",
="800001710",="Present",="3/30/2026",="NUR150 -L-A1",
="800001710",="Present",="4/6/2026",="NUR150 -L-A1",
="800001710",="Present",="2/23/2026",="NUR135-L-P1",
="800001710",="Present",="3/3/2026",="NUR150 -A",
="800001710",="Present",="3/4/2026",="NUR150 -A",
="800001710",="Present",="3/10/2026",="NUR150 -A",
="800001710",="Present",="3/11/2026",="NUR150 -A",
="800001710",="Present",="3/17/2026",="NUR150 -A",
="800001710",="Present",="3/18/2026",="NUR150 -A",
="800001710",="Present",="3/24/2026",="NUR150 -A",
="800001710",="Present",="3/25/2026",="NUR150 -A",
="800001710",="Present",="3/31/2026",="NUR150 -A",
="800001710",="Present",="4/1/2026",="NUR150 -A",
="800001710",="No class",="4/7/2026",="NUR150 -A",
="800001710",="No class",="4/8/2026",="NUR150 -A",
="800001710",="Present",="4/14/2026",="NUR150 -A",
="800001710",="Present",="4/15/2026",="NUR150 -A",
="800001710",="Present",="4/21/2026",="NUR150 -A",
="800001710",="Present",="1/8/2026",="NUR140-A",
="800001710",="Present",="1/15/2026",="NUR140-A",
="800001710",="Present",="1/22/2026",="NUR140-A",
="800001710",="Present",="1/29/2026",="NUR140-A",
="800001710",="Present",="2/5/2026",="NUR140-A",
="800001710",="Present",="2/12/2026",="NUR140-A",
="800001710",="Present",="2/19/2026",="NUR140-A",
="800001710",="Present",="2/26/2026",="NUR140-A",
="800001563",="Present",="2/23/2026",="NUR135-L-P1",
="800001563",="Present",="1/5/2026",="NUR135-P",
="800001563",="Present",="1/12/2026",="NUR135-P",
="800001563",="Present",="1/19/2026",="NUR135-P",
="800001563",="Present",="1/26/2026",="NUR135-P",
="800001563",="Present",="2/2/2026",="NUR135-P",
="800001563",="Present",="2/9/2026",="NUR135-P",
="800001563",="Present",="2/16/2026",="NUR135-P",
="800001563",="Present",="2/23/2026",="NUR135-P",
="800001517",="Present",="1/12/2026",="NUR120-L-A1",
="800001517",="No class",="1/19/2026",="NUR120-L-A1",
="800001517",="No class",="1/26/2026",="NUR120-L-A1",
="800001517",="Present",="2/2/2026",="NUR120-L-A1",
="800001517",="Present",="2/16/2026",="NUR120-L-A1",
="800001517",="Present",="2/23/2026",="NUR120-L-A1",
="800001874",="Present",="1/10/2026",="PSY101 -OL",
="800001874",="Present",="1/11/2026",="PSY101 -OL",
="800001874",="Present",="1/18/2026",="PSY101 -OL",
="800001874",="Absent",="1/25/2026",="PSY101 -OL",
="800001874",="Present",="2/1/2026",="PSY101 -OL",
="800001874",="Present",="2/8/2026",="PSY101 -OL",
="800001874",="Present",="2/15/2026",="PSY101 -OL",
="800001874",="Present",="2/22/2026",="PSY101 -OL",
="800001874",="Present",="3/1/2026",="PSY101 -OL",
="800001874",="Present",="3/8/2026",="PSY101 -OL",
="800001874",="Present",="3/15/2026",="PSY101 -OL",
="800001874",="Present",="3/22/2026",="PSY101 -OL",
="800001874",="Present",="3/29/2026",="PSY101 -OL",
="800001874",="Present",="4/5/2026",="PSY101 -OL",
="800001874",="Present",="2/4/2026",="PHARM100-P-1",
="800001874",="Present",="2/11/2026",="PHARM100-P-1",
="800001874",="Present",="2/18/2026",="PHARM100-P-1",
="800001874",="Present",="2/25/2026",="PHARM100-P-1",
="800001874",="Present",="3/4/2026",="PHARM100-P-1",
="800001874",="Present",="3/11/2026",="PHARM100-P-1",
="800001874",="Present",="3/18/2026",="PHARM100-P-1",
="800001874",="Present",="3/25/2026",="PHARM100-P-1",
="800001874",="Present",="4/1/2026",="PHARM100-P-1",
="800001874",="Present",="4/8/2026",="PHARM100-P-1",
="800001874",="Present",="1/6/2026",="AP100-A",
="800001874",="Present",="1/13/2026",="AP100-A",
="800001874",="Present",="1/20/2026",="AP100-A",
="800001874",="Absent",="1/27/2026",="AP100-A",
="800001874",="Present",="2/3/2026",="AP100-A",
="800001874",="Present",="2/10/2026",="AP100-A",
="800001874",="Present",="2/17/2026",="AP100-A",
="800001874",="Present",="2/24/2026",="AP100-A",
="800001874",="Present",="3/3/2026",="AP100-A",
="800001874",="Present",="3/10/2026",="AP100-A",
="800001874",="Present",="3/17/2026",="AP100-A",
="800001874",="Present",="3/24/2026",="AP100-A",
="800001874",="Present",="3/31/2026",="AP100-A",
="800001874",="Present",="4/7/2026",="AP100-A",
="800001874",="Present",="4/14/2026",="AP100-A",
="800001874",="Present",="1/10/2026",="NUT100 -OL",
="800001874",="Present",="1/18/2026",="NUT100 -OL",
="800001874",="Present",="1/25/2026",="NUT100 -OL",
="800001874",="Present",="2/1/2026",="NUT100 -OL",
="800001874",="Present",="2/8/2026",="NUT100 -OL",
="800001874",="Present",="2/15/2026",="NUT100 -OL",
="800001874",="Present",="2/22/2026",="NUT100 -OL",
="800001874",="Present",="3/1/2026",="NUT100 -OL",
="800001874",="Present",="3/8/2026",="NUT100 -OL",
="800001874",="Present",="3/15/2026",="NUT100 -OL",
="800001874",="Absent",="3/22/2026",="NUT100 -OL",
="800001874",="Present",="3/29/2026",="NUT100 -OL",
="800001874",="Present",="4/5/2026",="NUT100 -OL",
="800001874",="Present",="4/11/2026",="NUT100 -OL",
="800001769",="Present",="3/3/2026",="NUR150 -A",
="800001769",="Present",="3/4/2026",="NUR150 -A",
="800001769",="Present",="3/10/2026",="NUR150 -A",
="800001769",="Present",="3/11/2026",="NUR150 -A",
="800001769",="Present",="3/17/2026",="NUR150 -A",
="800001769",="Present",="3/18/2026",="NUR150 -A",
="800001769",="Present",="3/24/2026",="NUR150 -A",
="800001769",="Present",="3/25/2026",="NUR150 -A",
="800001769",="Present",="3/31/2026",="NUR150 -A",
="800001769",="Present",="4/1/2026",="NUR150 -A",
="800001769",="No class",="4/7/2026",="NUR150 -A",
="800001769",="No class",="4/8/2026",="NUR150 -A",
="800001769",="Present",="4/14/2026",="NUR150 -A",
="800001769",="Present",="4/15/2026",="NUR150 -A",
="800001769",="Present",="4/21/2026",="NUR150 -A",
="800001769",="Present",="1/8/2026",="NUR140-A",
="800001769",="Present",="1/15/2026",="NUR140-A",
="800001769",="Absent",="1/22/2026",="NUR140-A",
="800001769",="Present",="1/29/2026",="NUR140-A",
="800001769",="Present",="2/5/2026",="NUR140-A",
="800001769",="Present",="2/12/2026",="NUR140-A",
="800001769",="Present",="2/19/2026",="NUR140-A",
="800001769",="Present",="2/26/2026",="NUR140-A",
="800001769",="Present",="3/9/2026",="NUR150 -L-A1",
="800001769",="Present",="3/16/2026",="NUR150 -L-A1",
="800001769",="Present",="3/23/2026",="NUR150 -L-A1",
="800001769",="Present",="3/30/2026",="NUR150 -L-A1",
="800001769",="Present",="4/6/2026",="NUR150 -L-A1",
="800001815",="Present",="1/12/2026",="NUR120-L-A1",
="800001815",="No class",="1/19/2026",="NUR120-L-A1",
="800001815",="No class",="1/26/2026",="NUR120-L-A1",
="800001815",="Present",="2/2/2026",="NUR120-L-A1",
="800001815",="Present",="2/16/2026",="NUR120-L-A1",
="800001815",="Present",="2/23/2026",="NUR120-L-A1",
="800001815",="Present",="1/5/2026",="NUR120-A",
="800001815",="Present",="1/6/2026",="NUR120-A",
="800001815",="Present",="1/12/2026",="NUR120-A",
="800001815",="Present",="1/13/2026",="NUR120-A",
="800001815",="Present",="1/20/2026",="NUR120-A",
="800001815",="Present",="1/26/2026",="NUR120-A",
="800001815",="Present",="1/27/2026",="NUR120-A",
="800001815",="Present",="2/2/2026",="NUR120-A",
="800001815",="Absent",="2/3/2026",="NUR120-A",
="800001815",="No class",="2/9/2026",="NUR120-A",
="800001815",="Present",="2/10/2026",="NUR120-A",
="800001815",="Present",="2/16/2026",="NUR120-A",
="800001815",="Present",="2/17/2026",="NUR120-A",
="800001815",="Present",="2/23/2026",="NUR120-A",
="800001815",="Present",="2/24/2026",="NUR120-A",
="800001815",="Present",="2/23/2026",="NUR135-L-P1",
="800001815",="Present",="1/8/2026",="NUR125-P",
="800001815",="Present",="1/15/2026",="NUR125-P",
="800001815",="Present",="1/22/2026",="NUR125-P",
="800001815",="Present",="1/29/2026",="NUR125-P",
="800001815",="Present",="2/5/2026",="NUR125-P",
="800001815",="No class",="2/26/2026",="NUR125-P",
="800001815",="Present",="3/5/2026",="NUR125-P",
="800001815",="Present",="3/12/2026",="NUR125-P",
="800001815",="Present",="3/19/2026",="NUR125-P",
="800001815",="Present",="3/26/2026",="NUR125-P",
="800001815",="Present",="4/16/2026",="NUR125-P",
="800001815",="Present",="1/22/2026",="NUR125-L-P1",
="800001815",="Present",="1/29/2026",="NUR125-L-P1",
="800001815",="Present",="2/5/2026",="NUR125-L-P1",
="800001815",="Absent",="2/19/2026",="NUR125-L-P1",
="800001815",="Present",="3/12/2026",="NUR125-L-P1",
="800001815",="Present",="3/19/2026",="NUR125-L-P1",
="800001815",="Present",="3/26/2026",="NUR125-L-P1",
="800001815",="Present",="4/9/2026",="NUR125-L-P1",
="800001815",="Present",="4/16/2026",="NUR125-L-P1",
="800001815",="Present",="1/5/2026",="NUR135-P",
="800001815",="Present",="1/12/2026",="NUR135-P",
="800001815",="Present",="1/19/2026",="NUR135-P",
="800001815",="Present",="1/26/2026",="NUR135-P",
="800001815",="Present",="2/2/2026",="NUR135-P",
="800001815",="Present",="2/9/2026",="NUR135-P",
="800001815",="Absent",="2/16/2026",="NUR135-P",
="800001815",="Present",="2/23/2026",="NUR135-P",
="800001803",="Present",="3/9/2026",="NUR150 -L-A1",
="800001803",="Present",="3/16/2026",="NUR150 -L-A1",
="800001803",="Present",="3/23/2026",="NUR150 -L-A1",
="800001803",="Present",="3/30/2026",="NUR150 -L-A1",
="800001803",="Present",="4/6/2026",="NUR150 -L-A1",
="800001803",="Present",="1/8/2026",="NUR140-A",
="800001803",="Present",="1/15/2026",="NUR140-A",
="800001803",="Present",="1/22/2026",="NUR140-A",
="800001803",="Present",="1/29/2026",="NUR140-A",
="800001803",="Present",="2/5/2026",="NUR140-A",
="800001803",="Present",="2/12/2026",="NUR140-A",
="800001803",="Present",="2/19/2026",="NUR140-A",
="800001803",="Present",="2/26/2026",="NUR140-A",
="800001803",="Present",="1/30/2026",="NUR145-L-A",
="800001803",="Present",="3/3/2026",="NUR150 -A",
="800001803",="Present",="3/4/2026",="NUR150 -A",
="800001803",="Present",="3/10/2026",="NUR150 -A",
="800001803",="Present",="3/11/2026",="NUR150 -A",
="800001803",="Present",="3/17/2026",="NUR150 -A",
="800001803",="Present",="3/18/2026",="NUR150 -A",
="800001803",="Present",="3/24/2026",="NUR150 -A",
="800001803",="Present",="3/25/2026",="NUR150 -A",
="800001803",="Present",="3/31/2026",="NUR150 -A",
="800001803",="Present",="4/1/2026",="NUR150 -A",
="800001803",="No class",="4/7/2026",="NUR150 -A",
="800001803",="No class",="4/8/2026",="NUR150 -A",
="800001803",="Present",="4/14/2026",="NUR150 -A",
="800001803",="Present",="4/15/2026",="NUR150 -A",
="800001803",="Present",="4/21/2026",="NUR150 -A",
="800001803",="Present",="1/5/2026",="NUR145 - P",
="800001803",="Present",="1/12/2026",="NUR145 - P",
="800001803",="Present",="1/19/2026",="NUR145 - P",
="800001803",="Present",="1/26/2026",="NUR145 - P",
="800001803",="Present",="2/2/2026",="NUR145 - P",
="800001803",="Present",="2/9/2026",="NUR145 - P",
="800001803",="Present",="2/16/2026",="NUR145 - P",
="800001803",="Present",="2/23/2026",="NUR145 - P",
="800001803",="Present",="1/7/2026",="NUR155-A",
="800001803",="Present",="1/9/2026",="NUR155-A",
="800001803",="Present",="1/16/2026",="NUR155-A",
="800001803",="Absent",="1/23/2026",="NUR155-A",
="800001803",="Present",="1/30/2026",="NUR155-A",
="800001803",="Present",="2/6/2026",="NUR155-A",
="800001803",="Present",="2/13/2026",="NUR155-A",
="800001803",="No class",="2/20/2026",="NUR155-A",
="800001803",="Present",="2/27/2026",="NUR155-A",
="800001803",="Present",="3/2/2026",="NUR155-A",
="800001803",="Present",="3/3/2026",="NUR155-A",
="800001803",="Present",="3/4/2026",="NUR155-A",
="800001803",="Present",="3/6/2026",="NUR155-A",
="800001803",="Present",="3/13/2026",="NUR155-A",
="800001803",="Present",="3/20/2026",="NUR155-A",
="800001803",="Present",="3/27/2026",="NUR155-A",
="800001803",="No class",="4/3/2026",="NUR155-A",
="800001803",="No class",="4/10/2026",="NUR155-A",
="800001802",="Present",="1/8/2026",="PHARM130-A",
="800001802",="Present",="1/15/2026",="PHARM130-A",
="800001802",="Present",="1/22/2026",="PHARM130-A",
="800001802",="Present",="1/29/2026",="PHARM130-A",
="800001802",="Present",="2/5/2026",="PHARM130-A",
="800001802",="Absent",="2/12/2026",="PHARM130-A",
="800001802",="Present",="2/19/2026",="PHARM130-A",
="800001802",="Present",="2/26/2026",="PHARM130-A",
="800001802",="Absent",="3/5/2026",="PHARM130-A",
="800001802",="Present",="3/12/2026",="PHARM130-A",
="800001802",="Present",="3/19/2026",="PHARM130-A",
="800001802",="Present",="3/26/2026",="PHARM130-A",
="800001802",="Absent",="4/2/2026",="PHARM130-A",
="800001802",="Present",="4/9/2026",="PHARM130-A",
="800001802",="Present",="4/16/2026",="PHARM130-A",
="800001802",="Absent",="3/5/2026",="NUR140-P",
="800001802",="Present",="3/12/2026",="NUR140-P",
="800001802",="Present",="3/19/2026",="NUR140-P",
="800001802",="Present",="3/26/2026",="NUR140-P",
="800001802",="Present",="4/2/2026",="NUR140-P",
="800001802",="Absent",="4/9/2026",="NUR140-P",
="800001802",="Present",="4/16/2026",="NUR140-P",
="800001802",="Present",="4/23/2026",="NUR140-P",
="800001902",="Present",="1/8/2026",="NUR201-A",
="800001902",="Present",="1/15/2026",="NUR201-A",
="800001902",="Present",="1/22/2026",="NUR201-A",
="800001902",="Present",="1/29/2026",="NUR201-A",
="800001902",="Present",="2/5/2026",="NUR201-A",
="800001902",="No class",="2/12/2026",="NUR201-A",
="800001902",="Present",="2/26/2026",="NUR201-A",
="800001902",="Present",="3/5/2026",="NUR201-A",
="800001902",="Present",="3/12/2026",="NUR201-A",
="800001902",="Present",="3/19/2026",="NUR201-A",
="800001902",="Present",="1/7/2026",="AP209 -A",
="800001902",="Present",="1/14/2026",="AP209 -A",
="800001902",="Present",="1/21/2026",="AP209 -A",
="800001902",="Present",="1/28/2026",="AP209 -A",
="800001902",="Present",="2/4/2026",="AP209 -A",
="800001902",="Present",="2/11/2026",="AP209 -A",
="800001902",="Present",="2/18/2026",="AP209 -A",
="800001902",="Present",="2/25/2026",="AP209 -A",
="800001902",="Present",="3/4/2026",="AP209 -A",
="800001902",="Present",="3/11/2026",="AP209 -A",
="800001902",="Present",="3/18/2026",="AP209 -A",
="800001902",="Present",="3/25/2026",="AP209 -A",
="800001902",="Present",="4/1/2026",="AP209 -A",
="800001902",="Present",="4/8/2026",="AP209 -A",
="800001902",="Present",="4/15/2026",="AP209 -A",
="800001902",="Present",="1/8/2026",="NUR201-L-A",
="800001902",="Present",="1/15/2026",="NUR201-L-A",
="800001902",="Present",="1/22/2026",="NUR201-L-A",
="800001902",="Present",="1/29/2026",="NUR201-L-A",
="800001902",="Present",="2/5/2026",="NUR201-L-A",
="800001902",="Present",="2/12/2026",="NUR201-L-A",
="800001902",="Present",="2/26/2026",="NUR201-L-A",
="800001902",="Present",="3/12/2026",="NUR201-L-A",
="800001902",="Tardy/Late",="1/9/2026",="COL010 -A",
="800001902",="Tardy/Late",="1/16/2026",="COL010 -A",
="800001902",="Tardy/Late",="1/23/2026",="COL010 -A",
="800001902",="Tardy/Late",="1/30/2026",="COL010 -A",
="800001902",="Present",="1/8/2026",="PSY101 -A",
="800001902",="Present",="1/15/2026",="PSY101 -A",
="800001902",="Present",="1/22/2026",="PSY101 -A",
="800001902",="Present",="1/29/2026",="PSY101 -A",
="800001902",="Present",="2/5/2026",="PSY101 -A",
="800001902",="Present",="2/12/2026",="PSY101 -A",
="800001902",="Present",="2/19/2026",="PSY101 -A",
="800001902",="Present",="2/26/2026",="PSY101 -A",
="800001902",="Present",="3/5/2026",="PSY101 -A",
="800001902",="Present",="3/12/2026",="PSY101 -A",
="800001902",="Present",="3/19/2026",="PSY101 -A",
="800001902",="Present",="3/26/2026",="PSY101 -A",
="800001902",="Present",="4/2/2026",="PSY101 -A",
="800001902",="Present",="4/9/2026",="PSY101 -A",
="800001983",="Present",="1/10/2026",="COL010 - OL I",
="800001983",="Present",="1/17/2026",="COL010 - OL I",
="800001983",="Present",="1/24/2026",="COL010 - OL I",
="800001983",="Present",="1/31/2026",="COL010 - OL I",
="800001983",="Present",="1/5/2026",="NUR100-P",
="800001983",="Present",="1/12/2026",="NUR100-P",
="800001983",="Present",="1/26/2026",="NUR100-P",
="800001983",="Present",="2/2/2026",="NUR100-P",
="800001983",="Absent",="2/23/2026",="NUR100-P",
="800001983",="Present",="3/2/2026",="NUR100-P",
="800001983",="Present",="3/9/2026",="NUR100-P",
="800001983",="Present",="3/16/2026",="NUR100-P",
="800001983",="Present",="3/23/2026",="NUR100-P",
="800001983",="Present",="4/13/2026",="NUR100-P",
="800001983",="Present",="4/20/2026",="NUR100-P",
="800001983",="Present",="1/8/2026",="AP100-P",
="800001983",="Present",="1/15/2026",="AP100-P",
="800001983",="Present",="1/22/2026",="AP100-P",
="800001983",="Present",="1/29/2026",="AP100-P",
="800001983",="Present",="2/5/2026",="AP100-P",
="800001983",="Present",="2/12/2026",="AP100-P",
="800001983",="Present",="2/19/2026",="AP100-P",
="800001983",="Present",="2/26/2026",="AP100-P",
="800001983",="Present",="3/5/2026",="AP100-P",
="800001983",="Absent",="3/12/2026",="AP100-P",
="800001983",="Present",="3/19/2026",="AP100-P",
="800001983",="Absent",="3/26/2026",="AP100-P",
="800001983",="Present",="4/2/2026",="AP100-P",
="800001983",="Present",="4/9/2026",="AP100-P",
="800001983",="Absent",="4/16/2026",="AP100-P",
="800001983",="Present",="2/3/2026",="NUR102 - P",
="800001983",="Present",="2/10/2026",="NUR102 - P",
="800001983",="Present",="2/11/2026",="NUR102 - P",
="800001983",="Present",="2/17/2026",="NUR102 - P",
="800001983",="Present",="2/18/2026",="NUR102 - P",
="800001983",="Absent",="2/24/2026",="NUR102 - P",
="800001983",="Present",="3/3/2026",="NUR102 - P",
="800001983",="Present",="3/10/2026",="NUR102 - P",
="800001983",="Present",="3/11/2026",="NUR102 - P",
="800001983",="Present",="3/17/2026",="NUR102 - P",
="800001983",="Present",="3/18/2026",="NUR102 - P",
="800001983",="Present",="3/24/2026",="NUR102 - P",
="800001983",="Present",="3/25/2026",="NUR102 - P",
="800001983",="Present",="3/31/2026",="NUR102 - P",
="800001983",="Present",="4/1/2026",="NUR102 - P",
="800001983",="Present",="4/14/2026",="NUR102 - P",
="800001983",="Present",="4/15/2026",="NUR102 - P",
="800001987",="Present",="1/8/2026",="AP100-P",
="800001987",="Present",="1/15/2026",="AP100-P",
="800001987",="Present",="1/22/2026",="AP100-P",
="800001987",="Present",="1/29/2026",="AP100-P",
="800001987",="Present",="2/5/2026",="AP100-P",
="800001987",="Present",="2/12/2026",="AP100-P",
="800001987",="Present",="2/19/2026",="AP100-P",
="800001987",="Present",="2/26/2026",="AP100-P",
="800001987",="Absent",="3/5/2026",="AP100-P",
="800001987",="Present",="3/12/2026",="AP100-P",
="800001987",="Present",="3/19/2026",="AP100-P",
="800001987",="Present",="3/26/2026",="AP100-P",
="800001987",="Present",="4/2/2026",="AP100-P",
="800001987",="Present",="4/9/2026",="AP100-P",
="800001987",="Present",="4/16/2026",="AP100-P",
="800001987",="Present",="1/10/2026",="COL010 - OL I",
="800001987",="Present",="1/17/2026",="COL010 - OL I",
="800001987",="Present",="1/24/2026",="COL010 - OL I",
="800001987",="Present",="1/31/2026",="COL010 - OL I",
="800001863",="Present",="1/6/2026",="NUR100-L-A1",
="800001863",="Present",="1/13/2026",="NUR100-L-A1",
="800001863",="Present",="1/20/2026",="NUR100-L-A1",
="800001863",="No class",="1/27/2026",="NUR100-L-A1",
="800001863",="Present",="2/3/2026",="NUR100-L-A1",
="800001863",="Present",="2/10/2026",="NUR100-L-A1",
="800001863",="Present",="2/17/2026",="NUR100-L-A1",
="800001863",="Present",="2/24/2026",="NUR100-L-A1",
="800001863",="Present",="3/3/2026",="NUR100-L-A1",
="800001863",="Present",="3/10/2026",="NUR100-L-A1",
="800001863",="Present",="3/17/2026",="NUR100-L-A1",
="800001863",="Present",="3/24/2026",="NUR100-L-A1",
="800001863",="Present",="3/31/2026",="NUR100-L-A1",
="800001863",="Present",="4/7/2026",="NUR100-L-A1",
="800001863",="Present",="4/14/2026",="NUR100-L-A1",
="800001863",="Tardy/Late",="1/9/2026",="COL010 -A",
="800001863",="Tardy/Late",="1/16/2026",="COL010 -A",
="800001863",="Tardy/Late",="1/23/2026",="COL010 -A",
="800001863",="Tardy/Late",="1/30/2026",="COL010 -A",
="800001863",="Present",="1/6/2026",="AP100-A",
="800001863",="Present",="1/13/2026",="AP100-A",
="800001863",="Present",="1/20/2026",="AP100-A",
="800001863",="Present",="1/27/2026",="AP100-A",
="800001863",="Present",="2/3/2026",="AP100-A",
="800001863",="Present",="2/10/2026",="AP100-A",
="800001863",="Present",="2/17/2026",="AP100-A",
="800001863",="Present",="2/24/2026",="AP100-A",
="800001863",="Present",="3/3/2026",="AP100-A",
="800001863",="Present",="3/10/2026",="AP100-A",
="800001863",="Present",="3/17/2026",="AP100-A",
="800001863",="Present",="3/24/2026",="AP100-A",
="800001863",="Present",="3/31/2026",="AP100-A",
="800001863",="Present",="4/7/2026",="AP100-A",
="800001863",="Present",="4/14/2026",="AP100-A",
="800001863",="Present",="1/7/2026",="ENG101 -A",
="800001863",="Present",="1/14/2026",="ENG101 -A",
="800001863",="Present",="1/21/2026",="ENG101 -A",
="800001863",="Present",="1/28/2026",="ENG101 -A",
="800001863",="Present",="2/4/2026",="ENG101 -A",
="800001863",="Present",="2/11/2026",="ENG101 -A",
="800001863",="Present",="2/18/2026",="ENG101 -A",
="800001863",="Present",="2/25/2026",="ENG101 -A",
="800001863",="Present",="3/4/2026",="ENG101 -A",
="800001863",="Present",="3/11/2026",="ENG101 -A",
="800001863",="Present",="3/18/2026",="ENG101 -A",
="800001863",="Present",="3/25/2026",="ENG101 -A",
="800001863",="Present",="4/1/2026",="ENG101 -A",
="800001863",="Present",="4/8/2026",="ENG101 -A",
="800001863",="Present",="1/5/2026",="NUR100 -A",
="800001863",="Present",="1/12/2026",="NUR100 -A",
="800001863",="Present",="1/26/2026",="NUR100 -A",
="800001863",="Present",="2/2/2026",="NUR100 -A",
="800001863",="No class",="2/9/2026",="NUR100 -A",
="800001863",="No class",="2/16/2026",="NUR100 -A",
="800001863",="Present",="2/23/2026",="NUR100 -A",
="800001863",="Present",="3/2/2026",="NUR100 -A",
="800001863",="Present",="3/9/2026",="NUR100 -A",
="800001863",="Present",="3/16/2026",="NUR100 -A",
="800001863",="Present",="3/23/2026",="NUR100 -A",
="800001863",="Present",="4/13/2026",="NUR100 -A",
="800001863",="Present",="2/2/2026",="NUR102 - A",
="800001863",="Present",="2/9/2026",="NUR102 - A",
="800001863",="Present",="2/11/2026",="NUR102 - A",
="800001863",="Present",="2/16/2026",="NUR102 - A",
="800001863",="Present",="2/18/2026",="NUR102 - A",
="800001863",="Present",="2/23/2026",="NUR102 - A",
="800001863",="Present",="2/25/2026",="NUR102 - A",
="800001863",="Present",="3/2/2026",="NUR102 - A",
="800001863",="Present",="3/4/2026",="NUR102 - A",
="800001863",="Present",="3/9/2026",="NUR102 - A",
="800001863",="Present",="3/11/2026",="NUR102 - A",
="800001863",="Present",="3/16/2026",="NUR102 - A",
="800001863",="Present",="3/18/2026",="NUR102 - A",
="800001863",="Present",="3/23/2026",="NUR102 - A",
="800001863",="Present",="3/25/2026",="NUR102 - A",
="800001863",="Present",="3/30/2026",="NUR102 - A",
="800001863",="Present",="4/1/2026",="NUR102 - A",
="800001863",="Present",="4/13/2026",="NUR102 - A",
="800001863",="Present",="4/15/2026",="NUR102 - A",
="800001863",="Present",="2/5/2026",="NUR102-L-A1",
="800001863",="Present",="2/12/2026",="NUR102-L-A1",
="800001863",="Present",="2/19/2026",="NUR102-L-A1",
="800001863",="Present",="2/26/2026",="NUR102-L-A1",
="800001863",="Present",="3/5/2026",="NUR102-L-A1",
="800001863",="Present",="3/12/2026",="NUR102-L-A1",
="800001863",="Present",="3/19/2026",="NUR102-L-A1",
="800001863",="Present",="3/26/2026",="NUR102-L-A1",
="800001863",="Present",="4/2/2026",="NUR102-L-A1",
="800001863",="Present",="4/9/2026",="NUR102-L-A1",
="800002010",="Present",="1/6/2026",="AP100-A",
="800002010",="Present",="1/13/2026",="AP100-A",
="800002010",="Present",="1/20/2026",="AP100-A",
="800002010",="Present",="1/27/2026",="AP100-A",
="800002010",="Present",="2/3/2026",="AP100-A",
="800002010",="Present",="2/10/2026",="AP100-A",
="800002010",="Present",="2/17/2026",="AP100-A",
="800002010",="Present",="2/24/2026",="AP100-A",
="800002010",="Present",="3/3/2026",="AP100-A",
="800002010",="Present",="3/10/2026",="AP100-A",
="800002010",="Present",="3/17/2026",="AP100-A",
="800002010",="Present",="3/24/2026",="AP100-A",
="800002010",="Present",="3/31/2026",="AP100-A",
="800002010",="Present",="4/7/2026",="AP100-A",
="800002010",="Absent",="4/14/2026",="AP100-A",
="800002005",="Present",="1/7/2026",="AP209 -A",
="800002005",="Present",="1/14/2026",="AP209 -A",
="800002005",="Present",="1/21/2026",="AP209 -A",
="800002005",="Present",="1/28/2026",="AP209 -A",
="800002005",="Present",="2/4/2026",="AP209 -A",
="800002005",="Absent",="2/11/2026",="AP209 -A",
="800002005",="Present",="2/11/2026",="AP209 -A",
="800002005",="Present",="2/18/2026",="AP209 -A",
="800002005",="Present",="2/25/2026",="AP209 -A",
="800002005",="Present",="3/4/2026",="AP209 -A",
="800002005",="Present",="3/11/2026",="AP209 -A",
="800002005",="Present",="3/18/2026",="AP209 -A",
="800002005",="Present",="3/25/2026",="AP209 -A",
="800002005",="Absent",="4/1/2026",="AP209 -A",
="800002005",="Present",="4/1/2026",="AP209 -A",
="800002005",="Present",="4/8/2026",="AP209 -A",
="800002005",="Present",="4/15/2026",="AP209 -A",
="800002005",="Present",="1/8/2026",="NUR201-L-A",
="800002005",="Present",="1/15/2026",="NUR201-L-A",
="800002005",="Present",="1/22/2026",="NUR201-L-A",
="800002005",="Present",="1/29/2026",="NUR201-L-A",
="800002005",="Present",="2/5/2026",="NUR201-L-A",
="800002005",="Present",="2/12/2026",="NUR201-L-A",
="800002005",="Present",="2/26/2026",="NUR201-L-A",
="800002005",="Absent",="3/12/2026",="NUR201-L-A",
="800002005",="Present",="1/8/2026",="NUR201-A",
="800002005",="Present",="1/15/2026",="NUR201-A",
="800002005",="Present",="1/22/2026",="NUR201-A",
="800002005",="Present",="1/29/2026",="NUR201-A",
="800002005",="Present",="2/5/2026",="NUR201-A",
="800002005",="No class",="2/12/2026",="NUR201-A",
="800002005",="Present",="2/26/2026",="NUR201-A",
="800002005",="Present",="3/5/2026",="NUR201-A",
="800002005",="Absent",="3/12/2026",="NUR201-A",
="800002005",="Absent",="3/19/2026",="NUR201-A",
="800002005",="Present",="1/6/2026",="MCB100 -A",
="800002005",="Present",="1/13/2026",="MCB100 -A",
="800002005",="Present",="1/20/2026",="MCB100 -A",
="800002005",="Present",="1/27/2026",="MCB100 -A",
="800002005",="Present",="2/3/2026",="MCB100 -A",
="800002005",="Present",="2/10/2026",="MCB100 -A",
="800002005",="Present",="2/17/2026",="MCB100 -A",
="800002005",="Present",="2/24/2026",="MCB100 -A",
="800002005",="Present",="3/3/2026",="MCB100 -A",
="800002005",="Absent",="3/10/2026",="MCB100 -A",
="800002005",="Absent",="3/17/2026",="MCB100 -A",
="800002005",="Present",="3/24/2026",="MCB100 -A",
="800002005",="Present",="3/31/2026",="MCB100 -A",
="800002005",="Present",="4/7/2026",="MCB100 -A",
="800002005",="Present",="4/14/2026",="MCB100 -A",
="800002005",="Present",="1/8/2026",="PSY101 -A",
="800002005",="Present",="1/15/2026",="PSY101 -A",
="800002005",="Present",="1/22/2026",="PSY101 -A",
="800002005",="Present",="1/29/2026",="PSY101 -A",
="800002005",="Present",="2/5/2026",="PSY101 -A",
="800002005",="Present",="2/12/2026",="PSY101 -A",
="800002005",="Present",="2/19/2026",="PSY101 -A",
="800002005",="Present",="2/26/2026",="PSY101 -A",
="800002005",="Absent",="3/5/2026",="PSY101 -A",
="800002005",="Absent",="3/12/2026",="PSY101 -A",
="800002005",="Present",="3/19/2026",="PSY101 -A",
="800002005",="Present",="3/26/2026",="PSY101 -A",
="800002005",="Present",="4/2/2026",="PSY101 -A",
="800002005",="Present",="4/9/2026",="PSY101 -A",
="800002015",="Present",="1/6/2026",="AP100-A",
="800002015",="Present",="1/13/2026",="AP100-A",
="800002015",="Present",="1/20/2026",="AP100-A",
="800002015",="Present",="1/27/2026",="AP100-A",
="800002015",="Present",="2/3/2026",="AP100-A",
="800002015",="Present",="2/10/2026",="AP100-A",
="800002015",="Absent",="2/17/2026",="AP100-A",
="800002015",="Present",="2/24/2026",="AP100-A",
="800002015",="Present",="3/3/2026",="AP100-A",
="800002015",="Present",="3/10/2026",="AP100-A",
="800002015",="Absent",="3/24/2026",="AP100-A",
="800002015",="Present",="3/31/2026",="AP100-A",
="800002015",="Absent",="4/7/2026",="AP100-A",
="800002015",="Present",="4/14/2026",="AP100-A",
="800002015",="Present",="1/8/2026",="PSY101 -A",
="800002015",="Present",="1/15/2026",="PSY101 -A",
="800002015",="Present",="1/22/2026",="PSY101 -A",
="800002015",="Present",="1/29/2026",="PSY101 -A",
="800002015",="Present",="2/5/2026",="PSY101 -A",
="800002015",="Present",="2/12/2026",="PSY101 -A",
="800002015",="Present",="2/19/2026",="PSY101 -A",
="800002015",="Present",="2/26/2026",="PSY101 -A",
="800002015",="Absent",="3/5/2026",="PSY101 -A",
="800002015",="Present",="3/12/2026",="PSY101 -A",
="800002015",="Present",="3/19/2026",="PSY101 -A",
="800002015",="Present",="3/26/2026",="PSY101 -A",
="800002015",="Absent",="4/2/2026",="PSY101 -A",
="800002015",="Absent",="4/9/2026",="PSY101 -A",
="800002015",="Present",="1/7/2026",="ENG101 -A",
="800002015",="Tardy/Late",="1/14/2026",="ENG101 -A",
="800002015",="Tardy/Late",="1/21/2026",="ENG101 -A",
="800002015",="Present",="1/28/2026",="ENG101 -A",
="800002015",="Present",="2/4/2026",="ENG101 -A",
="800002015",="Present",="2/11/2026",="ENG101 -A",
="800002015",="Present",="2/18/2026",="ENG101 -A",
="800002015",="Absent",="2/25/2026",="ENG101 -A",
="800002015",="Present",="3/4/2026",="ENG101 -A",
="800002015",="Present",="3/11/2026",="ENG101 -A",
="800002015",="Absent",="3/18/2026",="ENG101 -A",
="800002015",="Absent",="3/25/2026",="ENG101 -A",
="800002015",="Present",="4/1/2026",="ENG101 -A",
="800002015",="Absent",="4/8/2026",="ENG101 -A",
="800002023",="Present",="1/10/2026",="COL010 - OL I",
="800002023",="Present",="1/17/2026",="COL010 - OL I",
="800002023",="Present",="1/24/2026",="COL010 - OL I",
="800002023",="Present",="1/31/2026",="COL010 - OL I",
="800002023",="Present",="1/5/2026",="NUR100-P",
="800002023",="Present",="1/12/2026",="NUR100-P",
="800002023",="Present",="1/26/2026",="NUR100-P",
="800002023",="Present",="2/2/2026",="NUR100-P",
="800002023",="Present",="2/23/2026",="NUR100-P",
="800002023",="Present",="3/2/2026",="NUR100-P",
="800002023",="Present",="3/9/2026",="NUR100-P",
="800002023",="Present",="3/16/2026",="NUR100-P",
="800002023",="Present",="3/23/2026",="NUR100-P",
="800002023",="Present",="4/13/2026",="NUR100-P",
="800002023",="Present",="4/20/2026",="NUR100-P",
="800002023",="Present",="1/8/2026",="AP100-P",
="800002023",="Present",="1/15/2026",="AP100-P",
="800002023",="Present",="1/22/2026",="AP100-P",
="800002023",="Present",="1/29/2026",="AP100-P",
="800002023",="Present",="2/5/2026",="AP100-P",
="800002023",="Present",="2/12/2026",="AP100-P",
="800002023",="Present",="2/19/2026",="AP100-P",
="800002023",="Present",="2/26/2026",="AP100-P",
="800002023",="Present",="3/5/2026",="AP100-P",
="800002023",="Present",="3/12/2026",="AP100-P",
="800002023",="Present",="3/19/2026",="AP100-P",
="800002023",="Present",="3/26/2026",="AP100-P",
="800002023",="Present",="4/2/2026",="AP100-P",
="800002023",="Present",="4/9/2026",="AP100-P",
="800002023",="Present",="4/16/2026",="AP100-P",
="800001441",="Present",="1/7/2026",="ENG101 -A",
="800001441",="Present",="1/14/2026",="ENG101 -A",
="800001441",="Present",="1/21/2026",="ENG101 -A",
="800001441",="Present",="1/28/2026",="ENG101 -A",
="800001441",="Present",="2/4/2026",="ENG101 -A",
="800001441",="Present",="2/11/2026",="ENG101 -A",
="800001441",="Present",="2/18/2026",="ENG101 -A",
="800001441",="Present",="2/25/2026",="ENG101 -A",
="800001441",="Present",="3/4/2026",="ENG101 -A",
="800001441",="Absent",="3/11/2026",="ENG101 -A",
="800001441",="Absent",="3/18/2026",="ENG101 -A",
="800001441",="Present",="1/5/2026",="NUR100 -A",
="800001441",="Present",="1/12/2026",="NUR100 -A",
="800001441",="Present",="1/26/2026",="NUR100 -A",
="800001441",="Present",="2/2/2026",="NUR100 -A",
="800001441",="No class",="2/9/2026",="NUR100 -A",
="800001441",="Present",="2/23/2026",="NUR100 -A",
="800001441",="Present",="3/2/2026",="NUR100 -A",
="800001441",="Present",="3/9/2026",="NUR100 -A",
="800001441",="Absent",="3/16/2026",="NUR100 -A",
="800001441",="Present",="1/6/2026",="AP100-A",
="800001441",="Present",="1/13/2026",="AP100-A",
="800001441",="Present",="1/20/2026",="AP100-A",
="800001441",="Present",="1/27/2026",="AP100-A",
="800001441",="Present",="2/3/2026",="AP100-A",
="800001441",="Present",="2/10/2026",="AP100-A",
="800001441",="Present",="2/17/2026",="AP100-A",
="800001441",="Present",="2/24/2026",="AP100-A",
="800001441",="Present",="3/3/2026",="AP100-A",
="800001441",="Absent",="3/10/2026",="AP100-A",
="800001441",="Absent",="3/17/2026",="AP100-A",
="800001441",="Present",="2/2/2026",="NUR102 - A",
="800001441",="Present",="2/9/2026",="NUR102 - A",
="800001441",="Present",="2/11/2026",="NUR102 - A",
="800001441",="Present",="2/16/2026",="NUR102 - A",
="800001441",="Present",="2/18/2026",="NUR102 - A",
="800001441",="Present",="2/23/2026",="NUR102 - A",
="800001441",="Present",="2/25/2026",="NUR102 - A",
="800001441",="Present",="3/2/2026",="NUR102 - A",
="800001441",="Present",="3/4/2026",="NUR102 - A",
="800001441",="Absent",="3/9/2026",="NUR102 - A",
="800001441",="Absent",="3/11/2026",="NUR102 - A",
="800001441",="Absent",="3/16/2026",="NUR102 - A",
="800001441",="Absent",="3/18/2026",="NUR102 - A",
="800001441",="Present",="2/5/2026",="NUR102-L-A1",
="800001441",="Present",="2/12/2026",="NUR102-L-A1",
="800001441",="Present",="2/19/2026",="NUR102-L-A1",
="800001441",="Present",="2/26/2026",="NUR102-L-A1",
="800001441",="Present",="3/5/2026",="NUR102-L-A1",
="800001441",="Absent",="3/12/2026",="NUR102-L-A1",
="800001441",="Present",="3/19/2026",="NUR102-L-A1",
="800001441",="Absent",="3/26/2026",="NUR102-L-A1",
="800001789",="Present",="1/30/2026",="NUR145-L-P",
="800001789",="Present",="3/5/2026",="NUR140-P",
="800001789",="Present",="3/12/2026",="NUR140-P",
="800001789",="Present",="3/19/2026",="NUR140-P",
="800001789",="Present",="3/26/2026",="NUR140-P",
="800001789",="Present",="4/2/2026",="NUR140-P",
="800001789",="Present",="4/9/2026",="NUR140-P",
="800001789",="Present",="4/16/2026",="NUR140-P",
="800001789",="Present",="4/23/2026",="NUR140-P",
="800001789",="Absent",="1/5/2026",="NUR145 - P",
="800001789",="Present",="1/12/2026",="NUR145 - P",
="800001789",="Absent",="1/19/2026",="NUR145 - P",
="800001789",="Present",="1/26/2026",="NUR145 - P",
="800001789",="Present",="2/2/2026",="NUR145 - P",
="800001789",="Present",="2/9/2026",="NUR145 - P",
="800001789",="Present",="2/16/2026",="NUR145 - P",
="800001789",="Present",="2/23/2026",="NUR145 - P",
="800001644",="Present",="1/30/2026",="NUR145-L-A",
="800001644",="Present",="1/8/2026",="NUR140-A",
="800001644",="Present",="1/15/2026",="NUR140-A",
="800001644",="Present",="1/22/2026",="NUR140-A",
="800001644",="Present",="1/29/2026",="NUR140-A",
="800001644",="Present",="2/5/2026",="NUR140-A",
="800001644",="Present",="2/12/2026",="NUR140-A",
="800001644",="Present",="2/19/2026",="NUR140-A",
="800001644",="Present",="2/26/2026",="NUR140-A",
="800001644",="Present",="3/3/2026",="NUR150-P",
="800001644",="Present",="3/9/2026",="NUR150-P",
="800001644",="Present",="3/10/2026",="NUR150-P",
="800001644",="Present",="3/16/2026",="NUR150-P",
="800001644",="Present",="3/17/2026",="NUR150-P",
="800001644",="Present",="3/23/2026",="NUR150-P",
="800001644",="Present",="3/24/2026",="NUR150-P",
="800001644",="Present",="3/30/2026",="NUR150-P",
="800001644",="Present",="3/31/2026",="NUR150-P",
="800001644",="No class",="4/6/2026",="NUR150-P",
="800001644",="No class",="4/7/2026",="NUR150-P",
="800001644",="Present",="4/13/2026",="NUR150-P",
="800001644",="Present",="4/14/2026",="NUR150-P",
="800001644",="Present",="4/20/2026",="NUR150-P",
="800001644",="Present",="4/21/2026",="NUR150-P",
="800001644",="No class",="3/11/2026",="NUR150-L-P1",
="800001644",="Present",="3/18/2026",="NUR150-L-P1",
="800001644",="Present",="3/25/2026",="NUR150-L-P1",
="800001644",="Present",="4/1/2026",="NUR150-L-P1",
="800001644",="Present",="4/8/2026",="NUR150-L-P1",
="800001644",="Present",="1/5/2026",="NUR145 - P",
="800001644",="Present",="1/12/2026",="NUR145 - P",
="800001644",="Absent",="1/19/2026",="NUR145 - P",
="800001644",="Present",="1/26/2026",="NUR145 - P",
="800001644",="Present",="2/2/2026",="NUR145 - P",
="800001644",="Present",="2/9/2026",="NUR145 - P",
="800001644",="Present",="2/16/2026",="NUR145 - P",
="800001644",="Present",="2/23/2026",="NUR145 - P",
="800001723",="Present",="1/8/2026",="NUR125-P",
="800001723",="Present",="1/15/2026",="NUR125-P",
="800001723",="Present",="1/22/2026",="NUR125-P",
="800001723",="Present",="1/29/2026",="NUR125-P",
="800001723",="Present",="2/5/2026",="NUR125-P",
="800001723",="Present",="2/26/2026",="NUR125-P",
="800001723",="Present",="3/5/2026",="NUR125-P",
="800001723",="Present",="3/12/2026",="NUR125-P",
="800001723",="Present",="3/19/2026",="NUR125-P",
="800001723",="Present",="3/26/2026",="NUR125-P",
="800001723",="Present",="4/16/2026",="NUR125-P",
="800001723",="Present",="1/10/2026",="NUT100 -OL",
="800001723",="Present",="1/18/2026",="NUT100 -OL",
="800001723",="Present",="1/25/2026",="NUT100 -OL",
="800001723",="Absent",="2/1/2026",="NUT100 -OL",
="800001723",="Present",="2/8/2026",="NUT100 -OL",
="800001723",="Present",="2/15/2026",="NUT100 -OL",
="800001723",="Present",="2/22/2026",="NUT100 -OL",
="800001723",="Present",="3/1/2026",="NUT100 -OL",
="800001723",="Present",="3/8/2026",="NUT100 -OL",
="800001723",="Present",="3/15/2026",="NUT100 -OL",
="800001723",="Absent",="3/22/2026",="NUT100 -OL",
="800001723",="Present",="3/29/2026",="NUT100 -OL",
="800001723",="Present",="4/5/2026",="NUT100 -OL",
="800001723",="Present",="4/11/2026",="NUT100 -OL",
="800001723",="Present",="1/15/2026",="NUR125-L-P1",
="800001723",="Present",="1/22/2026",="NUR125-L-P1",
="800001723",="Present",="1/29/2026",="NUR125-L-P1",
="800001723",="Present",="2/5/2026",="NUR125-L-P1",
="800001723",="Present",="2/19/2026",="NUR125-L-P1",
="800001723",="Present",="3/12/2026",="NUR125-L-P1",
="800001723",="Present",="3/19/2026",="NUR125-L-P1",
="800001723",="Present",="3/26/2026",="NUR125-L-P1",
="800001723",="Present",="4/9/2026",="NUR125-L-P1",
="800001723",="Present",="4/16/2026",="NUR125-L-P1",
="800001723",="Present",="1/8/2026",="PHARM130-A",
="800001723",="Present",="1/15/2026",="PHARM130-A",
="800001723",="Present",="1/22/2026",="PHARM130-A",
="800001723",="Present",="1/29/2026",="PHARM130-A",
="800001723",="Present",="2/5/2026",="PHARM130-A",
="800001723",="Present",="2/12/2026",="PHARM130-A",
="800001723",="Present",="2/19/2026",="PHARM130-A",
="800001723",="Present",="2/26/2026",="PHARM130-A",
="800001723",="Present",="3/5/2026",="PHARM130-A",
="800001723",="Present",="3/12/2026",="PHARM130-A",
="800001723",="Present",="3/19/2026",="PHARM130-A",
="800001723",="Present",="3/26/2026",="PHARM130-A",
="800001723",="Present",="4/2/2026",="PHARM130-A",
="800001723",="Present",="4/9/2026",="PHARM130-A",
="800001723",="Present",="4/16/2026",="PHARM130-A",
="800001739",="Present",="1/7/2026",="NUR135-A",
="800001739",="Present",="1/14/2026",="NUR135-A",
="800001739",="Absent",="1/21/2026",="NUR135-A",
="800001739",="Present",="1/28/2026",="NUR135-A",
="800001739",="Present",="2/4/2026",="NUR135-A",
="800001739",="Absent",="2/18/2026",="NUR135-A",
="800001739",="Absent",="2/25/2026",="NUR135-A",
="800002052",="Present",="2/5/2026",="NUR102-L-A1",
="800002052",="Present",="2/12/2026",="NUR102-L-A1",
="800002052",="Absent",="2/19/2026",="NUR102-L-A1",
="800002052",="Absent",="3/5/2026",="NUR102-L-A1",
="800002052",="Absent",="3/12/2026",="NUR102-L-A1",
="800002052",="Absent",="3/19/2026",="NUR102-L-A1",
="800002052",="Absent",="3/26/2026",="NUR102-L-A1",
="800002052",="Absent",="4/2/2026",="NUR102-L-A1",
="800002052",="Absent",="4/9/2026",="NUR102-L-A1",
="800002052",="Present",="1/8/2026",="AP100-P",
="800002052",="Present",="1/15/2026",="AP100-P",
="800002052",="Present",="1/22/2026",="AP100-P",
="800002052",="Absent",="1/29/2026",="AP100-P",
="800002052",="Absent",="2/5/2026",="AP100-P",
="800002052",="Absent",="2/12/2026",="AP100-P",
="800002052",="Present",="2/19/2026",="AP100-P",
="800002052",="Absent",="2/26/2026",="AP100-P",
="800002052",="Absent",="3/5/2026",="AP100-P",
="800002052",="Absent",="3/19/2026",="AP100-P",
="800002052",="Absent",="3/26/2026",="AP100-P",
="800002052",="Absent",="4/2/2026",="AP100-P",
="800002052",="Absent",="4/16/2026",="AP100-P",
="800002052",="Present",="1/5/2026",="NUR100-P",
="800002052",="Present",="1/12/2026",="NUR100-P",
="800002052",="Present",="1/26/2026",="NUR100-P",
="800002052",="Absent",="2/2/2026",="NUR100-P",
="800002052",="Absent",="2/23/2026",="NUR100-P",
="800002052",="Absent",="3/2/2026",="NUR100-P",
="800002052",="Absent",="3/9/2026",="NUR100-P",
="800002052",="Absent",="3/16/2026",="NUR100-P",
="800002052",="Absent",="3/23/2026",="NUR100-P",
="800002052",="Absent",="4/13/2026",="NUR100-P",
="800002052",="Absent",="4/20/2026",="NUR100-P",
="800002052",="Present",="1/10/2026",="COL010 - OL I",
="800002052",="Present",="1/17/2026",="COL010 - OL I",
="800002052",="Present",="1/24/2026",="COL010 - OL I",
="800002052",="Present",="1/31/2026",="COL010 - OL I",
="800002052",="Absent",="2/3/2026",="NUR102 - P",
="800002052",="Present",="2/10/2026",="NUR102 - P",
="800002052",="Present",="2/11/2026",="NUR102 - P",
="800002052",="Present",="2/17/2026",="NUR102 - P",
="800002052",="Present",="2/18/2026",="NUR102 - P",
="800002052",="Absent",="2/24/2026",="NUR102 - P",
="800002052",="Absent",="3/3/2026",="NUR102 - P",
="800002052",="Absent",="3/10/2026",="NUR102 - P",
="800002052",="Absent",="3/11/2026",="NUR102 - P",
="800002052",="Absent",="3/17/2026",="NUR102 - P",
="800002052",="Absent",="3/18/2026",="NUR102 - P",
="800002052",="Absent",="3/24/2026",="NUR102 - P",
="800002052",="Absent",="3/25/2026",="NUR102 - P",
="800002052",="Absent",="3/31/2026",="NUR102 - P",
="800002052",="Absent",="4/1/2026",="NUR102 - P",
="800002052",="Absent",="4/14/2026",="NUR102 - P",
="800002052",="Absent",="4/15/2026",="NUR102 - P",
="800002017",="Absent",="2/2/2026",="NUR102 - A",
="800002017",="Present",="2/9/2026",="NUR102 - A",
="800002017",="Present",="2/11/2026",="NUR102 - A",
="800002017",="Present",="2/16/2026",="NUR102 - A",
="800002017",="Present",="2/18/2026",="NUR102 - A",
="800002017",="Present",="2/23/2026",="NUR102 - A",
="800002017",="Present",="2/25/2026",="NUR102 - A",
="800002017",="Present",="3/2/2026",="NUR102 - A",
="800002017",="Present",="3/4/2026",="NUR102 - A",
="800002017",="Present",="3/9/2026",="NUR102 - A",
="800002017",="Present",="3/11/2026",="NUR102 - A",
="800002017",="Present",="3/16/2026",="NUR102 - A",
="800002017",="Absent",="3/18/2026",="NUR102 - A",
="800002017",="Present",="3/23/2026",="NUR102 - A",
="800002017",="Present",="3/25/2026",="NUR102 - A",
="800002017",="Present",="3/30/2026",="NUR102 - A",
="800002017",="Present",="4/1/2026",="NUR102 - A",
="800002017",="Present",="4/13/2026",="NUR102 - A",
="800002017",="Present",="4/15/2026",="NUR102 - A",
="800002017",="Present",="2/5/2026",="NUR102-L-A1",
="800002017",="Present",="2/12/2026",="NUR102-L-A1",
="800002017",="Present",="2/19/2026",="NUR102-L-A1",
="800002017",="Present",="2/26/2026",="NUR102-L-A1",
="800002017",="Present",="3/5/2026",="NUR102-L-A1",
="800002017",="Absent",="3/12/2026",="NUR102-L-A1",
="800002017",="Present",="3/19/2026",="NUR102-L-A1",
="800002017",="Present",="3/26/2026",="NUR102-L-A1",
="800002017",="Present",="4/2/2026",="NUR102-L-A1",
="800002017",="Present",="4/9/2026",="NUR102-L-A1",
="800002017",="Present",="1/6/2026",="NUR100-L-A1",
="800002017",="Present",="1/13/2026",="NUR100-L-A1",
="800002017",="Present",="1/20/2026",="NUR100-L-A1",
="800002017",="No class",="1/27/2026",="NUR100-L-A1",
="800002017",="Present",="2/3/2026",="NUR100-L-A1",
="800002017",="Present",="2/10/2026",="NUR100-L-A1",
="800002017",="Present",="2/17/2026",="NUR100-L-A1",
="800002017",="Present",="2/24/2026",="NUR100-L-A1",
="800002017",="Present",="3/3/2026",="NUR100-L-A1",
="800002017",="Present",="3/10/2026",="NUR100-L-A1",
="800002017",="Present",="3/17/2026",="NUR100-L-A1",
="800002017",="Present",="3/24/2026",="NUR100-L-A1",
="800002017",="Present",="3/31/2026",="NUR100-L-A1",
="800002017",="Present",="4/7/2026",="NUR100-L-A1",
="800002017",="Present",="4/14/2026",="NUR100-L-A1",
="800002017",="Present",="1/10/2026",="COL010 - OL I",
="800002017",="Present",="1/17/2026",="COL010 - OL I",
="800002017",="Present",="1/24/2026",="COL010 - OL I",
="800002017",="Present",="1/31/2026",="COL010 - OL I",
="800002017",="Present",="1/6/2026",="AP100-A",
="800002017",="Present",="1/13/2026",="AP100-A",
="800002017",="Present",="1/20/2026",="AP100-A",
="800002017",="Present",="1/27/2026",="AP100-A",
="800002017",="Present",="2/3/2026",="AP100-A",
="800002017",="Present",="2/10/2026",="AP100-A",
="800002017",="Absent",="2/17/2026",="AP100-A",
="800002017",="Present",="2/24/2026",="AP100-A",
="800002017",="Present",="3/3/2026",="AP100-A",
="800002017",="Present",="3/10/2026",="AP100-A",
="800002017",="Present",="3/17/2026",="AP100-A",
="800002017",="Present",="3/24/2026",="AP100-A",
="800002017",="Present",="3/31/2026",="AP100-A",
="800002017",="Present",="4/7/2026",="AP100-A",
="800002017",="Present",="4/14/2026",="AP100-A",
="800002017",="Present",="1/5/2026",="NUR100 -A",
="800002017",="Present",="1/12/2026",="NUR100 -A",
="800002017",="Present",="1/26/2026",="NUR100 -A",
="800002017",="Present",="2/2/2026",="NUR100 -A",
="800002017",="No class",="2/9/2026",="NUR100 -A",
="800002017",="No class",="2/16/2026",="NUR100 -A",
="800002017",="Present",="2/23/2026",="NUR100 -A",
="800002017",="Present",="3/2/2026",="NUR100 -A",
="800002017",="Present",="3/9/2026",="NUR100 -A",
="800002017",="Present",="3/16/2026",="NUR100 -A",
="800002017",="Present",="3/23/2026",="NUR100 -A",
="800002017",="Present",="4/13/2026",="NUR100 -A",
="800002017",="Present",="1/7/2026",="ENG101 -A",
="800002017",="Present",="1/14/2026",="ENG101 -A",
="800002017",="Present",="1/21/2026",="ENG101 -A",
="800002017",="Present",="1/28/2026",="ENG101 -A",
="800002017",="Present",="2/4/2026",="ENG101 -A",
="800002017",="Present",="2/11/2026",="ENG101 -A",
="800002017",="Present",="2/18/2026",="ENG101 -A",
="800002017",="Present",="2/25/2026",="ENG101 -A",
="800002017",="Present",="3/4/2026",="ENG101 -A",
="800002017",="Present",="3/11/2026",="ENG101 -A",
="800002017",="Present",="3/18/2026",="ENG101 -A",
="800002017",="Present",="3/25/2026",="ENG101 -A",
="800002017",="Present",="4/1/2026",="ENG101 -A",
="800002017",="Present",="4/8/2026",="ENG101 -A",
="800002018",="Present",="1/6/2026",="NUR100-L-A1",
="800002018",="Present",="1/13/2026",="NUR100-L-A1",
="800002018",="Present",="1/20/2026",="NUR100-L-A1",
="800002018",="No class",="1/27/2026",="NUR100-L-A1",
="800002018",="Present",="2/3/2026",="NUR100-L-A1",
="800002018",="Present",="2/10/2026",="NUR100-L-A1",
="800002018",="Present",="2/17/2026",="NUR100-L-A1",
="800002018",="Present",="2/24/2026",="NUR100-L-A1",
="800002018",="Present",="3/3/2026",="NUR100-L-A1",
="800002018",="Absent",="3/10/2026",="NUR100-L-A1",
="800002018",="Present",="3/17/2026",="NUR100-L-A1",
="800002018",="Present",="3/24/2026",="NUR100-L-A1",
="800002018",="Present",="3/31/2026",="NUR100-L-A1",
="800002018",="Present",="4/7/2026",="NUR100-L-A1",
="800002018",="Absent",="4/14/2026",="NUR100-L-A1",
="800002018",="Present",="1/6/2026",="AP100-A",
="800002018",="Present",="1/13/2026",="AP100-A",
="800002018",="Present",="1/20/2026",="AP100-A",
="800002018",="Present",="1/27/2026",="AP100-A",
="800002018",="Present",="2/3/2026",="AP100-A",
="800002018",="Present",="2/10/2026",="AP100-A",
="800002018",="Absent",="2/17/2026",="AP100-A",
="800002018",="Present",="2/24/2026",="AP100-A",
="800002018",="Present",="3/3/2026",="AP100-A",
="800002018",="Present",="3/10/2026",="AP100-A",
="800002018",="Present",="3/17/2026",="AP100-A",
="800002018",="Present",="3/24/2026",="AP100-A",
="800002018",="Present",="3/31/2026",="AP100-A",
="800002018",="Absent",="4/7/2026",="AP100-A",
="800002018",="Absent",="4/14/2026",="AP100-A",
="800002018",="Present",="1/5/2026",="NUR100 -A",
="800002018",="Present",="1/12/2026",="NUR100 -A",
="800002018",="Present",="1/26/2026",="NUR100 -A",
="800002018",="Present",="2/2/2026",="NUR100 -A",
="800002018",="No class",="2/9/2026",="NUR100 -A",
="800002018",="No class",="2/16/2026",="NUR100 -A",
="800002018",="Present",="2/23/2026",="NUR100 -A",
="800002018",="Present",="3/2/2026",="NUR100 -A",
="800002018",="Present",="3/9/2026",="NUR100 -A",
="800002018",="Present",="3/16/2026",="NUR100 -A",
="800002018",="Absent",="3/23/2026",="NUR100 -A",
="800002018",="Absent",="4/13/2026",="NUR100 -A",
="800002018",="Present",="1/10/2026",="COL010 - OL I",
="800002018",="Present",="1/17/2026",="COL010 - OL I",
="800002018",="Present",="1/24/2026",="COL010 - OL I",
="800002018",="Present",="1/31/2026",="COL010 - OL I",
="800002018",="Present",="1/7/2026",="ENG101 -A",
="800002018",="Present",="1/14/2026",="ENG101 -A",
="800002018",="Present",="1/21/2026",="ENG101 -A",
="800002018",="Present",="1/28/2026",="ENG101 -A",
="800002018",="Present",="2/4/2026",="ENG101 -A",
="800002018",="Present",="2/11/2026",="ENG101 -A",
="800002018",="Present",="2/18/2026",="ENG101 -A",
="800002018",="Present",="2/25/2026",="ENG101 -A",
="800002018",="Present",="3/4/2026",="ENG101 -A",
="800002018",="Present",="3/11/2026",="ENG101 -A",
="800002018",="Present",="3/18/2026",="ENG101 -A",
="800002018",="Present",="3/25/2026",="ENG101 -A",
="800002018",="Present",="4/1/2026",="ENG101 -A",
="800002018",="Present",="4/8/2026",="ENG101 -A",
="800002018",="Present",="2/5/2026",="NUR102-L-A1",
="800002018",="Present",="2/12/2026",="NUR102-L-A1",
="800002018",="Present",="2/19/2026",="NUR102-L-A1",
="800002018",="Present",="2/26/2026",="NUR102-L-A1",
="800002018",="Present",="3/5/2026",="NUR102-L-A1",
="800002018",="Absent",="3/12/2026",="NUR102-L-A1",
="800002018",="Present",="3/19/2026",="NUR102-L-A1",
="800002018",="Present",="3/26/2026",="NUR102-L-A1",
="800002018",="Present",="4/2/2026",="NUR102-L-A1",
="800002018",="Present",="4/9/2026",="NUR102-L-A1",
="800002018",="Present",="2/2/2026",="NUR102 - A",
="800002018",="Present",="2/9/2026",="NUR102 - A",
="800002018",="Present",="2/11/2026",="NUR102 - A",
="800002018",="Present",="2/16/2026",="NUR102 - A",
="800002018",="Present",="2/18/2026",="NUR102 - A",
="800002018",="Present",="2/23/2026",="NUR102 - A",
="800002018",="Present",="2/25/2026",="NUR102 - A",
="800002018",="Present",="3/2/2026",="NUR102 - A",
="800002018",="Present",="3/4/2026",="NUR102 - A",
="800002018",="Present",="3/9/2026",="NUR102 - A",
="800002018",="Present",="3/11/2026",="NUR102 - A",
="800002018",="Present",="3/16/2026",="NUR102 - A",
="800002018",="Absent",="3/18/2026",="NUR102 - A",
="800002018",="Present",="3/23/2026",="NUR102 - A",
="800002018",="Present",="3/25/2026",="NUR102 - A",
="800002018",="Present",="3/30/2026",="NUR102 - A",
="800002018",="Present",="4/1/2026",="NUR102 - A",
="800002018",="Present",="4/13/2026",="NUR102 - A",
="800002018",="Present",="4/15/2026",="NUR102 - A",
="800002020",="Present",="1/10/2026",="COL010 - OL I",
="800002020",="Present",="1/17/2026",="COL010 - OL I",
="800002020",="Present",="1/24/2026",="COL010 - OL I",
="800002020",="Present",="1/31/2026",="COL010 - OL I",
="800002020",="Present",="1/6/2026",="AP100-A",
="800002020",="Present",="1/13/2026",="AP100-A",
="800002020",="Present",="1/20/2026",="AP100-A",
="800002020",="Present",="1/27/2026",="AP100-A",
="800002020",="Present",="2/3/2026",="AP100-A",
="800002020",="Present",="2/10/2026",="AP100-A",
="800002020",="Absent",="2/17/2026",="AP100-A",
="800002020",="Present",="2/24/2026",="AP100-A",
="800002020",="Present",="3/3/2026",="AP100-A",
="800002020",="Present",="3/10/2026",="AP100-A",
="800002020",="Present",="3/17/2026",="AP100-A",
="800002020",="Present",="3/24/2026",="AP100-A",
="800002020",="Present",="3/31/2026",="AP100-A",
="800002020",="Present",="4/7/2026",="AP100-A",
="800002020",="Present",="4/14/2026",="AP100-A",
="800002020",="Present",="1/6/2026",="NUR100-L-A1",
="800002020",="Present",="1/13/2026",="NUR100-L-A1",
="800002020",="Present",="1/20/2026",="NUR100-L-A1",
="800002020",="No class",="1/27/2026",="NUR100-L-A1",
="800002020",="Present",="2/3/2026",="NUR100-L-A1",
="800002020",="Present",="2/10/2026",="NUR100-L-A1",
="800002020",="Present",="2/17/2026",="NUR100-L-A1",
="800002020",="Present",="2/24/2026",="NUR100-L-A1",
="800002020",="Present",="3/3/2026",="NUR100-L-A1",
="800002020",="Present",="3/10/2026",="NUR100-L-A1",
="800002020",="Present",="3/17/2026",="NUR100-L-A1",
="800002020",="Present",="3/24/2026",="NUR100-L-A1",
="800002020",="Present",="3/31/2026",="NUR100-L-A1",
="800002020",="Present",="4/7/2026",="NUR100-L-A1",
="800002020",="Present",="4/14/2026",="NUR100-L-A1",
="800002020",="Present",="1/5/2026",="NUR100 -A",
="800002020",="Present",="1/12/2026",="NUR100 -A",
="800002020",="Present",="1/26/2026",="NUR100 -A",
="800002020",="Present",="2/2/2026",="NUR100 -A",
="800002020",="No class",="2/9/2026",="NUR100 -A",
="800002020",="No class",="2/16/2026",="NUR100 -A",
="800002020",="Present",="2/23/2026",="NUR100 -A",
="800002020",="Present",="3/2/2026",="NUR100 -A",
="800002020",="Present",="3/9/2026",="NUR100 -A",
="800002020",="Present",="3/16/2026",="NUR100 -A",
="800002020",="Present",="3/23/2026",="NUR100 -A",
="800002020",="Present",="4/13/2026",="NUR100 -A",
="800002020",="Present",="1/7/2026",="ENG101 -A",
="800002020",="Present",="1/14/2026",="ENG101 -A",
="800002020",="Present",="1/21/2026",="ENG101 -A",
="800002020",="Tardy/Late",="1/28/2026",="ENG101 -A",
="800002020",="Present",="2/4/2026",="ENG101 -A",
="800002020",="Present",="2/11/2026",="ENG101 -A",
="800002020",="Present",="2/18/2026",="ENG101 -A",
="800002020",="Present",="2/25/2026",="ENG101 -A",
="800002020",="Present",="3/4/2026",="ENG101 -A",
="800002020",="Present",="3/11/2026",="ENG101 -A",
="800002020",="Present",="3/18/2026",="ENG101 -A",
="800002020",="Present",="3/25/2026",="ENG101 -A",
="800002020",="Present",="4/1/2026",="ENG101 -A",
="800002020",="Present",="4/8/2026",="ENG101 -A",
="800002020",="Present",="2/5/2026",="NUR102-L-A1",
="800002020",="Present",="2/12/2026",="NUR102-L-A1",
="800002020",="Present",="2/19/2026",="NUR102-L-A1",
="800002020",="Present",="2/26/2026",="NUR102-L-A1",
="800002020",="Present",="3/5/2026",="NUR102-L-A1",
="800002020",="Absent",="3/12/2026",="NUR102-L-A1",
="800002020",="Present",="3/19/2026",="NUR102-L-A1",
="800002020",="Present",="3/26/2026",="NUR102-L-A1",
="800002020",="Present",="4/2/2026",="NUR102-L-A1",
="800002020",="Present",="4/9/2026",="NUR102-L-A1",
="800002020",="Present",="2/2/2026",="NUR102 - A",
="800002020",="Present",="2/9/2026",="NUR102 - A",
="800002020",="Present",="2/11/2026",="NUR102 - A",
="800002020",="Present",="2/16/2026",="NUR102 - A",
="800002020",="Present",="2/18/2026",="NUR102 - A",
="800002020",="Present",="2/23/2026",="NUR102 - A",
="800002020",="Present",="2/25/2026",="NUR102 - A",
="800002020",="Present",="3/2/2026",="NUR102 - A",
="800002020",="Present",="3/4/2026",="NUR102 - A",
="800002020",="Present",="3/9/2026",="NUR102 - A",
="800002020",="Present",="3/11/2026",="NUR102 - A",
="800002020",="Present",="3/16/2026",="NUR102 - A",
="800002020",="Present",="3/18/2026",="NUR102 - A",
="800002020",="Present",="3/23/2026",="NUR102 - A",
="800002020",="Present",="3/25/2026",="NUR102 - A",
="800002020",="Present",="3/30/2026",="NUR102 - A",
="800002020",="Present",="4/1/2026",="NUR102 - A",
="800002020",="Present",="4/13/2026",="NUR102 - A",
="800002020",="Present",="4/15/2026",="NUR102 - A",
="800001815",="No class",="3/11/2026",="NUR150-L-P1",
="800001815",="Present",="3/18/2026",="NUR150-L-P1",
="800001815",="Present",="3/25/2026",="NUR150-L-P1",
="800001815",="Present",="4/1/2026",="NUR150-L-P1",
="800001815",="Present",="4/8/2026",="NUR150-L-P1",
="800002008",="Present",="1/8/2026",="AP100-P",
="800002008",="Present",="1/15/2026",="AP100-P",
="800002008",="Present",="1/22/2026",="AP100-P",
="800002008",="Present",="1/29/2026",="AP100-P",
="800002008",="Present",="2/5/2026",="AP100-P",
="800002008",="Present",="2/12/2026",="AP100-P",
="800002008",="Present",="2/19/2026",="AP100-P",
="800002008",="Present",="2/26/2026",="AP100-P",
="800002008",="Present",="3/5/2026",="AP100-P",
="800002008",="Present",="3/12/2026",="AP100-P",
="800002008",="Present",="3/19/2026",="AP100-P",
="800002008",="Present",="3/26/2026",="AP100-P",
="800002008",="Present",="4/2/2026",="AP100-P",
="800002008",="Absent",="4/9/2026",="AP100-P",
="800002008",="Present",="4/16/2026",="AP100-P",
="800002008",="Present",="1/10/2026",="COL010 - OL I",
="800002008",="Present",="1/17/2026",="COL010 - OL I",
="800002008",="Present",="1/24/2026",="COL010 - OL I",
="800002008",="Present",="1/31/2026",="COL010 - OL I",
="800002008",="Present",="1/5/2026",="NUR100-P",
="800002008",="Present",="1/12/2026",="NUR100-P",
="800002008",="Present",="1/26/2026",="NUR100-P",
="800002008",="Present",="2/2/2026",="NUR100-P",
="800002008",="Present",="2/23/2026",="NUR100-P",
="800002008",="Present",="3/2/2026",="NUR100-P",
="800002008",="Present",="3/9/2026",="NUR100-P",
="800002008",="Present",="3/16/2026",="NUR100-P",
="800002008",="Present",="3/23/2026",="NUR100-P",
="800002008",="Present",="4/13/2026",="NUR100-P",
="800002008",="Present",="4/20/2026",="NUR100-P",
="800002035",="Present",="1/6/2026",="AP100-A",
="800002035",="Present",="1/13/2026",="AP100-A",
="800002035",="Present",="1/20/2026",="AP100-A",
="800002035",="Present",="1/27/2026",="AP100-A",
="800002035",="Present",="2/3/2026",="AP100-A",
="800002035",="Present",="2/10/2026",="AP100-A",
="800002035",="Present",="2/17/2026",="AP100-A",
="800002035",="Present",="2/24/2026",="AP100-A",
="800002035",="Present",="3/3/2026",="AP100-A",
="800002035",="Present",="3/10/2026",="AP100-A",
="800002035",="Present",="3/17/2026",="AP100-A",
="800002035",="Present",="3/24/2026",="AP100-A",
="800002035",="Present",="3/31/2026",="AP100-A",
="800002035",="Present",="4/7/2026",="AP100-A",
="800002035",="Present",="4/14/2026",="AP100-A",
="800002035",="Present",="1/6/2026",="NUR100-L-A1",
="800002035",="Present",="1/13/2026",="NUR100-L-A1",
="800002035",="Present",="1/20/2026",="NUR100-L-A1",
="800002035",="No class",="1/27/2026",="NUR100-L-A1",
="800002035",="Present",="2/3/2026",="NUR100-L-A1",
="800002035",="Present",="2/10/2026",="NUR100-L-A1",
="800002035",="Present",="2/17/2026",="NUR100-L-A1",
="800002035",="Present",="2/24/2026",="NUR100-L-A1",
="800002035",="Present",="3/3/2026",="NUR100-L-A1",
="800002035",="Present",="3/10/2026",="NUR100-L-A1",
="800002035",="Present",="3/17/2026",="NUR100-L-A1",
="800002035",="Present",="3/24/2026",="NUR100-L-A1",
="800002035",="Present",="3/31/2026",="NUR100-L-A1",
="800002035",="Present",="4/7/2026",="NUR100-L-A1",
="800002035",="Present",="4/14/2026",="NUR100-L-A1",
="800002035",="Present",="1/5/2026",="NUR100 -A",
="800002035",="Present",="1/12/2026",="NUR100 -A",
="800002035",="Present",="1/26/2026",="NUR100 -A",
="800002035",="Present",="2/2/2026",="NUR100 -A",
="800002035",="No class",="2/9/2026",="NUR100 -A",
="800002035",="No class",="2/16/2026",="NUR100 -A",
="800002035",="Present",="2/23/2026",="NUR100 -A",
="800002035",="Present",="3/2/2026",="NUR100 -A",
="800002035",="Present",="3/9/2026",="NUR100 -A",
="800002035",="Present",="3/16/2026",="NUR100 -A",
="800002035",="Present",="3/23/2026",="NUR100 -A",
="800002035",="Present",="4/13/2026",="NUR100 -A",
="800002035",="Present",="1/10/2026",="COL010 - OL I",
="800002035",="Present",="1/17/2026",="COL010 - OL I",
="800002035",="Present",="1/24/2026",="COL010 - OL I",
="800002035",="Present",="1/31/2026",="COL010 - OL I",
="800002035",="Present",="2/2/2026",="NUR102 - A",
="800002035",="Present",="2/9/2026",="NUR102 - A",
="800002035",="Present",="2/11/2026",="NUR102 - A",
="800002035",="Present",="2/16/2026",="NUR102 - A",
="800002035",="Present",="2/18/2026",="NUR102 - A",
="800002035",="Present",="2/23/2026",="NUR102 - A",
="800002035",="Present",="2/25/2026",="NUR102 - A",
="800002035",="Present",="3/2/2026",="NUR102 - A",
="800002035",="Present",="3/4/2026",="NUR102 - A",
="800002035",="Present",="3/9/2026",="NUR102 - A",
="800002035",="Present",="3/11/2026",="NUR102 - A",
="800002035",="Present",="3/16/2026",="NUR102 - A",
="800002035",="Present",="3/18/2026",="NUR102 - A",
="800002035",="Present",="3/23/2026",="NUR102 - A",
="800002035",="Present",="3/25/2026",="NUR102 - A",
="800002035",="Present",="3/30/2026",="NUR102 - A",
="800002035",="Present",="4/1/2026",="NUR102 - A",
="800002035",="Present",="4/13/2026",="NUR102 - A",
="800002035",="Present",="4/15/2026",="NUR102 - A",
="800002035",="Present",="2/5/2026",="NUR102-L-A1",
="800002035",="Present",="2/12/2026",="NUR102-L-A1",
="800002035",="Present",="2/19/2026",="NUR102-L-A1",
="800002035",="Present",="2/26/2026",="NUR102-L-A1",
="800002035",="Present",="3/5/2026",="NUR102-L-A1",
="800002035",="Present",="3/12/2026",="NUR102-L-A1",
="800002035",="Present",="3/19/2026",="NUR102-L-A1",
="800002035",="Present",="3/26/2026",="NUR102-L-A1",
="800002035",="Present",="4/2/2026",="NUR102-L-A1",
="800002035",="Present",="4/9/2026",="NUR102-L-A1",
="800002036",="Present",="1/6/2026",="NUR100-L-A1",
="800002036",="Present",="1/13/2026",="NUR100-L-A1",
="800002036",="Present",="1/20/2026",="NUR100-L-A1",
="800002036",="No class",="1/27/2026",="NUR100-L-A1",
="800002036",="Present",="2/3/2026",="NUR100-L-A1",
="800002036",="Present",="2/10/2026",="NUR100-L-A1",
="800002036",="Present",="2/17/2026",="NUR100-L-A1",
="800002036",="Present",="2/24/2026",="NUR100-L-A1",
="800002036",="Present",="3/3/2026",="NUR100-L-A1",
="800002036",="Present",="3/10/2026",="NUR100-L-A1",
="800002036",="Present",="3/17/2026",="NUR100-L-A1",
="800002036",="Present",="3/24/2026",="NUR100-L-A1",
="800002036",="Present",="3/31/2026",="NUR100-L-A1",
="800002036",="Present",="4/7/2026",="NUR100-L-A1",
="800002036",="Absent",="4/14/2026",="NUR100-L-A1",
="800002036",="Present",="1/10/2026",="COL010 - OL I",
="800002036",="Present",="1/17/2026",="COL010 - OL I",
="800002036",="Present",="1/24/2026",="COL010 - OL I",
="800002036",="Present",="1/31/2026",="COL010 - OL I",
="800002036",="Present",="1/7/2026",="ENG101 -A",
="800002036",="Present",="1/14/2026",="ENG101 -A",
="800002036",="Present",="1/21/2026",="ENG101 -A",
="800002036",="Present",="1/28/2026",="ENG101 -A",
="800002036",="Present",="2/4/2026",="ENG101 -A",
="800002036",="Present",="2/11/2026",="ENG101 -A",
="800002036",="Present",="2/18/2026",="ENG101 -A",
="800002036",="Present",="2/25/2026",="ENG101 -A",
="800002036",="Absent",="3/4/2026",="ENG101 -A",
="800002036",="Present",="3/11/2026",="ENG101 -A",
="800002036",="Present",="3/18/2026",="ENG101 -A",
="800002036",="Present",="3/25/2026",="ENG101 -A",
="800002036",="Present",="4/1/2026",="ENG101 -A",
="800002036",="Present",="4/8/2026",="ENG101 -A",
="800002036",="Present",="1/5/2026",="NUR100 -A",
="800002036",="Present",="1/12/2026",="NUR100 -A",
="800002036",="Present",="1/26/2026",="NUR100 -A",
="800002036",="Present",="2/2/2026",="NUR100 -A",
="800002036",="No class",="2/9/2026",="NUR100 -A",
="800002036",="No class",="2/16/2026",="NUR100 -A",
="800002036",="Present",="2/23/2026",="NUR100 -A",
="800002036",="Present",="3/2/2026",="NUR100 -A",
="800002036",="Present",="3/9/2026",="NUR100 -A",
="800002036",="Present",="3/16/2026",="NUR100 -A",
="800002036",="Present",="3/23/2026",="NUR100 -A",
="800002036",="Present",="4/13/2026",="NUR100 -A",
="800002036",="Present",="1/6/2026",="AP100-A",
="800002036",="Present",="1/13/2026",="AP100-A",
="800002036",="Present",="1/20/2026",="AP100-A",
="800002036",="Present",="1/27/2026",="AP100-A",
="800002036",="Present",="2/3/2026",="AP100-A",
="800002036",="Present",="2/10/2026",="AP100-A",
="800002036",="Present",="2/17/2026",="AP100-A",
="800002036",="Present",="2/24/2026",="AP100-A",
="800002036",="Present",="3/3/2026",="AP100-A",
="800002036",="Present",="3/10/2026",="AP100-A",
="800002036",="Present",="3/17/2026",="AP100-A",
="800002036",="Present",="3/24/2026",="AP100-A",
="800002036",="Present",="3/31/2026",="AP100-A",
="800002036",="Present",="4/7/2026",="AP100-A",
="800002036",="Present",="4/14/2026",="AP100-A",
="800002036",="Present",="2/2/2026",="NUR102 - A",
="800002036",="Present",="2/9/2026",="NUR102 - A",
="800002036",="Present",="2/11/2026",="NUR102 - A",
="800002036",="Absent",="2/16/2026",="NUR102 - A",
="800002036",="Present",="2/18/2026",="NUR102 - A",
="800002036",="Present",="2/23/2026",="NUR102 - A",
="800002036",="Present",="2/25/2026",="NUR102 - A",
="800002036",="Present",="3/2/2026",="NUR102 - A",
="800002036",="Present",="3/4/2026",="NUR102 - A",
="800002036",="Present",="3/9/2026",="NUR102 - A",
="800002036",="Present",="3/11/2026",="NUR102 - A",
="800002036",="Present",="3/16/2026",="NUR102 - A",
="800002036",="Present",="3/18/2026",="NUR102 - A",
="800002036",="Present",="3/23/2026",="NUR102 - A",
="800002036",="Present",="3/25/2026",="NUR102 - A",
="800002036",="Present",="3/30/2026",="NUR102 - A",
="800002036",="Present",="4/1/2026",="NUR102 - A",
="800002036",="Present",="4/13/2026",="NUR102 - A",
="800002036",="Present",="4/15/2026",="NUR102 - A",
="800002036",="Present",="2/5/2026",="NUR102-L-A1",
="800002036",="Present",="2/12/2026",="NUR102-L-A1",
="800002036",="Present",="2/19/2026",="NUR102-L-A1",
="800002036",="Present",="2/26/2026",="NUR102-L-A1",
="800002036",="Present",="3/5/2026",="NUR102-L-A1",
="800002036",="Present",="3/12/2026",="NUR102-L-A1",
="800002036",="Present",="3/19/2026",="NUR102-L-A1",
="800002036",="Present",="3/26/2026",="NUR102-L-A1",
="800002036",="Present",="4/2/2026",="NUR102-L-A1",
="800002036",="Present",="4/9/2026",="NUR102-L-A1",
="800002053",="Present",="1/7/2026",="ENG101 -A",
="800002053",="Present",="1/14/2026",="ENG101 -A",
="800002053",="Present",="1/21/2026",="ENG101 -A",
="800002053",="Present",="1/28/2026",="ENG101 -A",
="800002053",="Present",="2/4/2026",="ENG101 -A",
="800002053",="Present",="2/11/2026",="ENG101 -A",
="800002053",="Present",="2/18/2026",="ENG101 -A",
="800002053",="Present",="2/25/2026",="ENG101 -A",
="800002053",="Present",="3/4/2026",="ENG101 -A",
="800002053",="Present",="3/11/2026",="ENG101 -A",
="800002053",="Present",="3/18/2026",="ENG101 -A",
="800002053",="Present",="3/25/2026",="ENG101 -A",
="800002053",="Present",="4/1/2026",="ENG101 -A",
="800002053",="Present",="4/8/2026",="ENG101 -A",
="800002053",="Present",="1/6/2026",="AP100-A",
="800002053",="Present",="1/13/2026",="AP100-A",
="800002053",="Present",="1/20/2026",="AP100-A",
="800002053",="Present",="1/27/2026",="AP100-A",
="800002053",="Present",="2/3/2026",="AP100-A",
="800002053",="Present",="2/10/2026",="AP100-A",
="800002053",="Present",="2/17/2026",="AP100-A",
="800002053",="Present",="2/24/2026",="AP100-A",
="800002053",="Present",="3/3/2026",="AP100-A",
="800002053",="Present",="3/10/2026",="AP100-A",
="800002053",="Present",="3/17/2026",="AP100-A",
="800002053",="Present",="3/24/2026",="AP100-A",
="800002053",="Present",="3/31/2026",="AP100-A",
="800002053",="Present",="4/7/2026",="AP100-A",
="800002053",="Present",="4/14/2026",="AP100-A",
="800002053",="Present",="1/6/2026",="NUR100-L-A1",
="800002053",="Present",="1/13/2026",="NUR100-L-A1",
="800002053",="Present",="1/20/2026",="NUR100-L-A1",
="800002053",="No class",="1/27/2026",="NUR100-L-A1",
="800002053",="Present",="2/3/2026",="NUR100-L-A1",
="800002053",="Present",="2/10/2026",="NUR100-L-A1",
="800002053",="Present",="2/17/2026",="NUR100-L-A1",
="800002053",="Present",="2/24/2026",="NUR100-L-A1",
="800002053",="Present",="3/3/2026",="NUR100-L-A1",
="800002053",="Present",="3/10/2026",="NUR100-L-A1",
="800002053",="Present",="3/17/2026",="NUR100-L-A1",
="800002053",="Present",="3/24/2026",="NUR100-L-A1",
="800002053",="Present",="3/31/2026",="NUR100-L-A1",
="800002053",="Present",="4/7/2026",="NUR100-L-A1",
="800002053",="Present",="4/14/2026",="NUR100-L-A1",
="800002053",="Present",="1/5/2026",="NUR100 -A",
="800002053",="Present",="1/12/2026",="NUR100 -A",
="800002053",="Present",="1/26/2026",="NUR100 -A",
="800002053",="Present",="2/2/2026",="NUR100 -A",
="800002053",="No class",="2/9/2026",="NUR100 -A",
="800002053",="No class",="2/16/2026",="NUR100 -A",
="800002053",="Present",="2/23/2026",="NUR100 -A",
="800002053",="Present",="3/2/2026",="NUR100 -A",
="800002053",="Present",="3/9/2026",="NUR100 -A",
="800002053",="Present",="3/16/2026",="NUR100 -A",
="800002053",="Present",="3/23/2026",="NUR100 -A",
="800002053",="Present",="4/13/2026",="NUR100 -A",
="800001986",="Present",="1/5/2026",="NUR100-P",
="800001986",="Present",="1/12/2026",="NUR100-P",
="800001986",="Present",="1/26/2026",="NUR100-P",
="800001986",="Present",="2/2/2026",="NUR100-P",
="800001986",="Present",="2/23/2026",="NUR100-P",
="800001986",="Present",="3/2/2026",="NUR100-P",
="800001986",="Present",="3/9/2026",="NUR100-P",
="800001986",="Present",="3/16/2026",="NUR100-P",
="800001986",="Present",="3/23/2026",="NUR100-P",
="800001986",="Present",="4/13/2026",="NUR100-P",
="800001986",="Present",="4/20/2026",="NUR100-P",
="800001986",="Present",="1/10/2026",="COL010 - OL I",
="800001986",="Present",="1/17/2026",="COL010 - OL I",
="800001986",="Present",="1/24/2026",="COL010 - OL I",
="800001986",="Present",="1/31/2026",="COL010 - OL I",
="800001986",="Present",="1/8/2026",="AP100-P",
="800001986",="Present",="1/15/2026",="AP100-P",
="800001986",="Present",="1/22/2026",="AP100-P",
="800001986",="Present",="1/29/2026",="AP100-P",
="800001986",="Present",="2/5/2026",="AP100-P",
="800001986",="Present",="2/12/2026",="AP100-P",
="800001986",="Present",="2/19/2026",="AP100-P",
="800001986",="Present",="2/26/2026",="AP100-P",
="800001986",="Present",="3/5/2026",="AP100-P",
="800001986",="Present",="3/12/2026",="AP100-P",
="800001986",="Present",="3/19/2026",="AP100-P",
="800001986",="Present",="3/26/2026",="AP100-P",
="800001986",="Present",="4/2/2026",="AP100-P",
="800001986",="Absent",="4/9/2026",="AP100-P",
="800001986",="Present",="4/16/2026",="AP100-P",
="800001986",="Present",="2/3/2026",="NUR102 - P",
="800001986",="Present",="2/10/2026",="NUR102 - P",
="800001986",="Present",="2/11/2026",="NUR102 - P",
="800001986",="Present",="2/17/2026",="NUR102 - P",
="800001986",="Present",="2/18/2026",="NUR102 - P",
="800001986",="Present",="2/24/2026",="NUR102 - P",
="800001986",="Present",="3/3/2026",="NUR102 - P",
="800001986",="Present",="3/10/2026",="NUR102 - P",
="800001986",="Present",="3/11/2026",="NUR102 - P",
="800001986",="Present",="3/17/2026",="NUR102 - P",
="800001986",="Present",="3/18/2026",="NUR102 - P",
="800001986",="Present",="3/24/2026",="NUR102 - P",
="800001986",="Present",="3/25/2026",="NUR102 - P",
="800001986",="Present",="3/31/2026",="NUR102 - P",
="800001986",="Present",="4/1/2026",="NUR102 - P",
="800001986",="Present",="4/14/2026",="NUR102 - P",
="800001986",="Present",="4/15/2026",="NUR102 - P",
="800001986",="Present",="2/6/2026",="NUR102-L-P1",
="800001986",="Absent",="2/13/2026",="NUR102-L-P1",
="800001986",="Present",="2/20/2026",="NUR102-L-P1",
="800001986",="Present",="2/27/2026",="NUR102-L-P1",
="800001986",="Present",="3/6/2026",="NUR102-L-P1",
="800001986",="Present",="3/13/2026",="NUR102-L-P1",
="800001986",="Present",="3/20/2026",="NUR102-L-P1",
="800001986",="Tardy/Late",="3/27/2026",="NUR102-L-P1",
="800001986",="Present",="4/3/2026",="NUR102-L-P1",
="800001986",="Present",="4/10/2026",="NUR102-L-P1",
="800002008",="Present",="2/3/2026",="NUR102 - P",
="800002008",="Present",="2/10/2026",="NUR102 - P",
="800002008",="Present",="2/11/2026",="NUR102 - P",
="800002008",="Present",="2/17/2026",="NUR102 - P",
="800002008",="Present",="2/18/2026",="NUR102 - P",
="800002008",="Present",="2/24/2026",="NUR102 - P",
="800002008",="Present",="3/3/2026",="NUR102 - P",
="800002008",="Present",="3/10/2026",="NUR102 - P",
="800002008",="Present",="3/11/2026",="NUR102 - P",
="800002008",="Present",="3/17/2026",="NUR102 - P",
="800002008",="Present",="3/18/2026",="NUR102 - P",
="800002008",="Present",="3/24/2026",="NUR102 - P",
="800002008",="Present",="3/25/2026",="NUR102 - P",
="800002008",="Present",="3/31/2026",="NUR102 - P",
="800002008",="Present",="4/1/2026",="NUR102 - P",
="800002008",="Present",="4/14/2026",="NUR102 - P",
="800002008",="Present",="4/15/2026",="NUR102 - P",
="800002008",="Present",="2/6/2026",="NUR102-L-P1",
="800002008",="Present",="2/13/2026",="NUR102-L-P1",
="800002008",="Absent",="2/20/2026",="NUR102-L-P1",
="800002008",="Present",="2/27/2026",="NUR102-L-P1",
="800002008",="Present",="3/6/2026",="NUR102-L-P1",
="800002008",="Present",="3/13/2026",="NUR102-L-P1",
="800002008",="Present",="3/20/2026",="NUR102-L-P1",
="800002008",="Present",="3/27/2026",="NUR102-L-P1",
="800002008",="Present",="4/3/2026",="NUR102-L-P1",
="800002008",="Present",="4/10/2026",="NUR102-L-P1",
="770000323",="Present",="1/7/2026",="NUR270-A",
="770000323",="Present",="1/9/2026",="NUR270-A",
="770000323",="Present",="1/16/2026",="NUR270-A",
="770000323",="Present",="1/23/2026",="NUR270-A",
="770000323",="Present",="1/30/2026",="NUR270-A",
="770000323",="Present",="2/6/2026",="NUR270-A",
="770000323",="Present",="2/13/2026",="NUR270-A",
="770000323",="Present",="2/20/2026",="NUR270-A",
="770000323",="Present",="2/27/2026",="NUR270-A",
="770000323",="Present",="3/2/2026",="NUR270-A",
="770000323",="Present",="3/3/2026",="NUR270-A",
="770000323",="Present",="3/4/2026",="NUR270-A",
="770000323",="Present",="3/6/2026",="NUR270-A",
="770000323",="Present",="3/13/2026",="NUR270-A",
="770000323",="Present",="3/20/2026",="NUR270-A",
="770000323",="Present",="3/27/2026",="NUR270-A",
="770000323",="No class",="4/3/2026",="NUR270-A",
="770000323",="No class",="4/10/2026",="NUR270-A",
="770000323",="No class",="4/17/2026",="NUR270-A",
="770000323",="Present",="1/8/2026",="NUR255 -P",
="770000323",="Present",="1/15/2026",="NUR255 -P",
="770000323",="Present",="1/22/2026",="NUR255 -P",
="770000323",="Present",="1/29/2026",="NUR255 -P",
="770000323",="Present",="2/5/2026",="NUR255 -P",
="770000323",="Present",="2/12/2026",="NUR255 -P",
="770000323",="Present",="2/19/2026",="NUR255 -P",
="770000323",="Present",="2/26/2026",="NUR255 -P",
="800002026",="Present",="1/5/2026",="NUR100-P",
="800002026",="Present",="1/12/2026",="NUR100-P",
="800002026",="Present",="1/26/2026",="NUR100-P",
="800002026",="Present",="2/2/2026",="NUR100-P",
="800002026",="Present",="2/23/2026",="NUR100-P",
="800002026",="Present",="3/2/2026",="NUR100-P",
="800002026",="Present",="3/9/2026",="NUR100-P",
="800002026",="Present",="3/16/2026",="NUR100-P",
="800002026",="Present",="3/23/2026",="NUR100-P",
="800002026",="Present",="4/13/2026",="NUR100-P",
="800002026",="Present",="4/20/2026",="NUR100-P",
="800002026",="Present",="1/8/2026",="AP100-P",
="800002026",="Present",="1/15/2026",="AP100-P",
="800002026",="Present",="1/22/2026",="AP100-P",
="800002026",="Present",="1/29/2026",="AP100-P",
="800002026",="Present",="2/5/2026",="AP100-P",
="800002026",="Present",="2/12/2026",="AP100-P",
="800002026",="Present",="2/19/2026",="AP100-P",
="800002026",="Present",="2/26/2026",="AP100-P",
="800002026",="Present",="3/5/2026",="AP100-P",
="800002026",="Present",="3/12/2026",="AP100-P",
="800002026",="Present",="3/19/2026",="AP100-P",
="800002026",="Present",="3/26/2026",="AP100-P",
="800002026",="Present",="4/2/2026",="AP100-P",
="800002026",="Present",="4/9/2026",="AP100-P",
="800002026",="Present",="4/16/2026",="AP100-P",
="800002026",="Present",="2/6/2026",="NUR102-L-P1",
="800002026",="Present",="2/13/2026",="NUR102-L-P1",
="800002026",="Absent",="2/20/2026",="NUR102-L-P1",
="800002026",="Present",="2/27/2026",="NUR102-L-P1",
="800002026",="Present",="3/6/2026",="NUR102-L-P1",
="800002026",="Present",="3/13/2026",="NUR102-L-P1",
="800002026",="Present",="3/20/2026",="NUR102-L-P1",
="800002026",="Present",="3/27/2026",="NUR102-L-P1",
="800002026",="Present",="4/3/2026",="NUR102-L-P1",
="800002026",="Present",="4/10/2026",="NUR102-L-P1",
="800002026",="Present",="2/3/2026",="NUR102 - P",
="800002026",="Present",="2/10/2026",="NUR102 - P",
="800002026",="Present",="2/11/2026",="NUR102 - P",
="800002026",="Present",="2/17/2026",="NUR102 - P",
="800002026",="Present",="2/18/2026",="NUR102 - P",
="800002026",="Present",="2/24/2026",="NUR102 - P",
="800002026",="Present",="3/3/2026",="NUR102 - P",
="800002026",="Present",="3/10/2026",="NUR102 - P",
="800002026",="Present",="3/11/2026",="NUR102 - P",
="800002026",="Present",="3/17/2026",="NUR102 - P",
="800002026",="Present",="3/18/2026",="NUR102 - P",
="800002026",="Present",="3/24/2026",="NUR102 - P",
="800002026",="Present",="3/25/2026",="NUR102 - P",
="800002026",="Present",="3/31/2026",="NUR102 - P",
="800002026",="Present",="4/1/2026",="NUR102 - P",
="800002026",="Present",="4/14/2026",="NUR102 - P",
="800002026",="Present",="4/15/2026",="NUR102 - P",
="800001197",="Present",="1/10/2026",="NUT100 -OL",
="800001197",="Present",="1/18/2026",="NUT100 -OL",
="800001197",="Present",="1/25/2026",="NUT100 -OL",
="800001197",="Present",="2/1/2026",="NUT100 -OL",
="800001197",="Present",="2/8/2026",="NUT100 -OL",
="800001197",="Present",="2/15/2026",="NUT100 -OL",
="800001197",="Present",="2/22/2026",="NUT100 -OL",
="800001197",="Present",="3/1/2026",="NUT100 -OL",
="800001197",="Present",="3/8/2026",="NUT100 -OL",
="800001197",="Present",="3/15/2026",="NUT100 -OL",
="800001197",="Absent",="3/22/2026",="NUT100 -OL",
="800001197",="Present",="3/29/2026",="NUT100 -OL",
="800001197",="Present",="4/5/2026",="NUT100 -OL",
="800001197",="Present",="4/11/2026",="NUT100 -OL",
="800001197",="Present",="1/8/2026",="NUR125-P",
="800001197",="Present",="1/15/2026",="NUR125-P",
="800001197",="Present",="1/22/2026",="NUR125-P",
="800001197",="Present",="1/29/2026",="NUR125-P",
="800001197",="Present",="2/5/2026",="NUR125-P",
="800001197",="Present",="2/26/2026",="NUR125-P",
="800001197",="Present",="3/5/2026",="NUR125-P",
="800001197",="Present",="3/12/2026",="NUR125-P",
="800001197",="Present",="3/19/2026",="NUR125-P",
="800001197",="Present",="3/26/2026",="NUR125-P",
="800001197",="Present",="4/16/2026",="NUR125-P",
="800001197",="Present",="1/14/2026",="PHARM130-P",
="800001197",="Present",="1/21/2026",="PHARM130-P",
="800001197",="Present",="1/28/2026",="PHARM130-P",
="800001197",="Present",="2/4/2026",="PHARM130-P",
="800001197",="Present",="2/11/2026",="PHARM130-P",
="800001197",="Present",="2/18/2026",="PHARM130-P",
="800001197",="Present",="2/25/2026",="PHARM130-P",
="800001197",="Present",="3/4/2026",="PHARM130-P",
="800001197",="Present",="3/11/2026",="PHARM130-P",
="800001197",="Present",="3/18/2026",="PHARM130-P",
="800001197",="Present",="3/25/2026",="PHARM130-P",
="800001197",="Present",="4/1/2026",="PHARM130-P",
="800001197",="Present",="4/8/2026",="PHARM130-P",
="800001197",="Absent",="4/15/2026",="PHARM130-P",
="800001197",="Present",="1/15/2026",="NUR125-L-P1",
="800001197",="Present",="1/22/2026",="NUR125-L-P1",
="800001197",="Present",="1/29/2026",="NUR125-L-P1",
="800001197",="Present",="2/5/2026",="NUR125-L-P1",
="800001197",="Present",="2/19/2026",="NUR125-L-P1",
="800001197",="Present",="3/12/2026",="NUR125-L-P1",
="800001197",="Present",="3/19/2026",="NUR125-L-P1",
="800001197",="Present",="3/26/2026",="NUR125-L-P1",
="800001197",="Present",="4/9/2026",="NUR125-L-P1",
="800001197",="Present",="4/16/2026",="NUR125-L-P1",
="800001197",="Present",="1/5/2026",="NUR120-P",
="800001197",="Present",="1/6/2026",="NUR120-P",
="800001197",="Present",="1/12/2026",="NUR120-P",
="800001197",="Present",="1/13/2026",="NUR120-P",
="800001197",="Present",="1/20/2026",="NUR120-P",
="800001197",="Present",="1/26/2026",="NUR120-P",
="800001197",="Present",="1/27/2026",="NUR120-P",
="800001197",="Present",="2/2/2026",="NUR120-P",
="800001197",="Absent",="2/3/2026",="NUR120-P",
="800001197",="Present",="2/9/2026",="NUR120-P",
="800001197",="No class",="2/10/2026",="NUR120-P",
="800001197",="Present",="2/16/2026",="NUR120-P",
="800001197",="Present",="2/17/2026",="NUR120-P",
="800001197",="Present",="2/23/2026",="NUR120-P",
="800001197",="Present",="2/24/2026",="NUR120-P",
="800001533",="Present",="1/5/2026",="NUR135-P",
="800001533",="Present",="1/12/2026",="NUR135-P",
="800001533",="Present",="1/19/2026",="NUR135-P",
="800001533",="Present",="1/26/2026",="NUR135-P",
="800001533",="Present",="2/2/2026",="NUR135-P",
="800001533",="Present",="2/9/2026",="NUR135-P",
="800001533",="Present",="2/16/2026",="NUR135-P",
="800001533",="Present",="2/23/2026",="NUR135-P",
="800001533",="Present",="2/23/2026",="NUR135-L-P1",
="800001533",="Present",="1/7/2026",="NUR155-A",
="800001533",="Present",="1/9/2026",="NUR155-A",
="800001533",="Present",="1/16/2026",="NUR155-A",
="800001533",="Present",="1/23/2026",="NUR155-A",
="800001533",="Present",="1/30/2026",="NUR155-A",
="800001533",="Present",="2/6/2026",="NUR155-A",
="800001533",="Absent",="2/13/2026",="NUR155-A",
="800001533",="Present",="2/20/2026",="NUR155-A",
="800001533",="Present",="2/27/2026",="NUR155-A",
="800001533",="Present",="3/2/2026",="NUR155-A",
="800001533",="Present",="3/3/2026",="NUR155-A",
="800001533",="Present",="3/4/2026",="NUR155-A",
="800001533",="Present",="3/6/2026",="NUR155-A",
="800001533",="Present",="3/13/2026",="NUR155-A",
="800001533",="Present",="3/20/2026",="NUR155-A",
="800001533",="Present",="3/27/2026",="NUR155-A",
="800001533",="No class",="4/3/2026",="NUR155-A",
="800001533",="No class",="4/10/2026",="NUR155-A",
="800001840",="Present",="1/15/2026",="NUR125-L-P1",
="800001840",="Present",="1/22/2026",="NUR125-L-P1",
="800001840",="Present",="1/29/2026",="NUR125-L-P1",
="800001840",="Present",="2/5/2026",="NUR125-L-P1",
="800001840",="Present",="2/19/2026",="NUR125-L-P1",
="800001840",="Present",="3/12/2026",="NUR125-L-P1",
="800001840",="Present",="3/19/2026",="NUR125-L-P1",
="800001840",="Present",="3/26/2026",="NUR125-L-P1",
="800001840",="Present",="4/9/2026",="NUR125-L-P1",
="800001840",="Present",="4/16/2026",="NUR125-L-P1",
="800001840",="Present",="1/8/2026",="NUR125-P",
="800001840",="Present",="1/15/2026",="NUR125-P",
="800001840",="Present",="1/22/2026",="NUR125-P",
="800001840",="Present",="1/29/2026",="NUR125-P",
="800001840",="Present",="2/5/2026",="NUR125-P",
="800001840",="Present",="2/26/2026",="NUR125-P",
="800001840",="Present",="3/5/2026",="NUR125-P",
="800001840",="Present",="3/12/2026",="NUR125-P",
="800001840",="Present",="3/19/2026",="NUR125-P",
="800001840",="Present",="3/26/2026",="NUR125-P",
="800001840",="Present",="4/16/2026",="NUR125-P",
="800001308",="No class",="1/8/2026",="NUR120-L-P1",
="800001308",="Absent",="1/15/2026",="NUR120-L-P1",
="800001308",="No class",="1/22/2026",="NUR120-L-P1",
="800001308",="Present",="1/29/2026",="NUR120-L-P1",
="800001308",="Absent",="2/5/2026",="NUR120-L-P1",
="800001308",="Present",="1/5/2026",="NUR120-P",
="800001308",="Present",="1/6/2026",="NUR120-P",
="800001308",="Present",="1/12/2026",="NUR120-P",
="800001308",="Present",="1/13/2026",="NUR120-P",
="800001308",="Present",="1/20/2026",="NUR120-P",
="800001308",="Present",="1/26/2026",="NUR120-P",
="800001308",="Present",="1/27/2026",="NUR120-P",
="800001308",="Present",="2/2/2026",="NUR120-P",
="800001308",="Present",="2/3/2026",="NUR120-P",
="800001708",="Present",="3/3/2026",="NUR150-P",
="800001708",="Present",="3/9/2026",="NUR150-P",
="800001708",="Present",="3/10/2026",="NUR150-P",
="800001708",="Present",="3/16/2026",="NUR150-P",
="800001708",="Present",="3/17/2026",="NUR150-P",
="800001708",="Present",="3/23/2026",="NUR150-P",
="800001708",="Present",="3/24/2026",="NUR150-P",
="800001708",="Present",="3/30/2026",="NUR150-P",
="800001708",="Present",="3/31/2026",="NUR150-P",
="800001708",="No class",="4/6/2026",="NUR150-P",
="800001708",="No class",="4/7/2026",="NUR150-P",
="800001708",="Present",="4/13/2026",="NUR150-P",
="800001708",="Present",="4/14/2026",="NUR150-P",
="800001708",="Present",="4/20/2026",="NUR150-P",
="800001708",="Present",="4/21/2026",="NUR150-P",
="800001708",="No class",="3/11/2026",="NUR150-L-P1",
="800001708",="Present",="3/18/2026",="NUR150-L-P1",
="800001708",="Present",="3/25/2026",="NUR150-L-P1",
="800001708",="Present",="4/1/2026",="NUR150-L-P1",
="800001708",="Present",="4/8/2026",="NUR150-L-P1",
="800001708",="Present",="3/5/2026",="NUR140-P",
="800001708",="Absent",="3/12/2026",="NUR140-P",
="800001708",="Present",="3/19/2026",="NUR140-P",
="800001708",="Present",="3/26/2026",="NUR140-P",
="800001708",="Present",="4/2/2026",="NUR140-P",
="800001708",="Present",="4/9/2026",="NUR140-P",
="800001708",="Present",="4/16/2026",="NUR140-P",
="800001708",="Present",="4/23/2026",="NUR140-P",
="800001708",="Present",="1/5/2026",="NUR135-P",
="800001708",="Present",="1/12/2026",="NUR135-P",
="800001708",="Present",="1/19/2026",="NUR135-P",
="800001708",="Present",="1/26/2026",="NUR135-P",
="800001708",="Present",="2/2/2026",="NUR135-P",
="800001708",="Present",="2/9/2026",="NUR135-P",
="800001708",="Present",="2/16/2026",="NUR135-P",
="800001708",="Present",="2/23/2026",="NUR135-P",
="800001708",="Present",="1/10/2026",="PSY101 -OL",
="800001708",="Present",="1/11/2026",="PSY101 -OL",
="800001708",="Present",="1/18/2026",="PSY101 -OL",
="800001708",="Present",="1/25/2026",="PSY101 -OL",
="800001708",="Present",="2/1/2026",="PSY101 -OL",
="800001708",="Present",="2/8/2026",="PSY101 -OL",
="800001708",="Present",="2/15/2026",="PSY101 -OL",
="800001708",="Present",="2/22/2026",="PSY101 -OL",
="800001708",="Present",="3/1/2026",="PSY101 -OL",
="800001708",="Present",="3/8/2026",="PSY101 -OL",
="800001708",="Present",="3/15/2026",="PSY101 -OL",
="800001708",="Present",="3/22/2026",="PSY101 -OL",
="800001708",="Present",="3/29/2026",="PSY101 -OL",
="800001708",="Present",="4/5/2026",="PSY101 -OL",
="800001708",="Present",="2/23/2026",="NUR135-L-P1",
="800001695",="Present",="1/30/2026",="NUR145-L-P",
="800001695",="Present",="1/5/2026",="NUR145 - P",
="800001695",="Present",="1/12/2026",="NUR145 - P",
="800001695",="Absent",="1/19/2026",="NUR145 - P",
="800001695",="Present",="1/26/2026",="NUR145 - P",
="800001695",="Present",="2/2/2026",="NUR145 - P",
="800001695",="Present",="2/9/2026",="NUR145 - P",
="800001695",="Present",="2/16/2026",="NUR145 - P",
="800001695",="Present",="2/23/2026",="NUR145 - P",
="800001318",="Present",="1/8/2026",="NUR255 -P",
="800001318",="Present",="1/15/2026",="NUR255 -P",
="800001318",="Present",="1/22/2026",="NUR255 -P",
="800001318",="Present",="1/29/2026",="NUR255 -P",
="800001318",="Present",="2/5/2026",="NUR255 -P",
="800001318",="Present",="2/12/2026",="NUR255 -P",
="800001318",="Present",="2/19/2026",="NUR255 -P",
="800001318",="Present",="2/26/2026",="NUR255 -P",
="800001318",="Present",="1/7/2026",="NUR270-A",
="800001318",="Present",="1/9/2026",="NUR270-A",
="800001318",="Present",="1/16/2026",="NUR270-A",
="800001318",="Present",="1/23/2026",="NUR270-A",
="800001318",="Present",="1/30/2026",="NUR270-A",
="800001318",="Present",="2/6/2026",="NUR270-A",
="800001318",="Present",="2/13/2026",="NUR270-A",
="800001318",="No class",="2/20/2026",="NUR270-A",
="800001318",="Present",="2/27/2026",="NUR270-A",
="800001318",="Present",="3/2/2026",="NUR270-A",
="800001318",="Present",="3/3/2026",="NUR270-A",
="800001318",="Present",="3/4/2026",="NUR270-A",
="800001318",="Present",="3/6/2026",="NUR270-A",
="800001318",="Present",="3/13/2026",="NUR270-A",
="800001318",="Absent",="3/20/2026",="NUR270-A",
="800001318",="Present",="3/27/2026",="NUR270-A",
="800001318",="No class",="4/3/2026",="NUR270-A",
="800001318",="No class",="4/10/2026",="NUR270-A",
="800001318",="No class",="4/17/2026",="NUR270-A",
="800001318",="Present",="1/5/2026",="NUR265 -P",
="800001318",="Present",="1/12/2026",="NUR265 -P",
="800001318",="Present",="1/26/2026",="NUR265 -P",
="800001318",="Present",="2/2/2026",="NUR265 -P",
="800001318",="Present",="2/9/2026",="NUR265 -P",
="800001318",="Present",="2/16/2026",="NUR265 -P",
="800001318",="Present",="2/23/2026",="NUR265 -P",
="800001441",="Present",="1/10/2026",="COL010 - OL I",
="800001441",="Present",="1/17/2026",="COL010 - OL I",
="800001441",="Present",="1/24/2026",="COL010 - OL I",
="800001441",="Present",="1/31/2026",="COL010 - OL I",
="800001441",="Present",="1/6/2026",="NUR100-L-A2",
="800001441",="Present",="1/13/2026",="NUR100-L-A2",
="800001441",="Present",="1/20/2026",="NUR100-L-A2",
="800001441",="Present",="2/3/2026",="NUR100-L-A2",
="800001441",="Present",="2/10/2026",="NUR100-L-A2",
="800001441",="Present",="2/17/2026",="NUR100-L-A2",
="800001441",="Present",="2/24/2026",="NUR100-L-A2",
="800001441",="Present",="3/3/2026",="NUR100-L-A2",
="800001441",="Absent",="3/10/2026",="NUR100-L-A2",
="800001441",="Absent",="3/17/2026",="NUR100-L-A2",
="800001441",="Absent",="3/24/2026",="NUR100-L-A2",
="800000934",="Present",="1/7/2026",="NUR270-A",
="800000934",="Absent",="1/9/2026",="NUR270-A",
="800000934",="Present",="1/16/2026",="NUR270-A",
="800000934",="Present",="1/23/2026",="NUR270-A",
="800000934",="Present",="1/30/2026",="NUR270-A",
="800000934",="Absent",="2/6/2026",="NUR270-A",
="800000934",="Present",="2/13/2026",="NUR270-A",
="800000934",="Present",="2/20/2026",="NUR270-A",
="800000934",="Present",="2/27/2026",="NUR270-A",
="800000934",="Present",="3/2/2026",="NUR270-A",
="800000934",="Present",="3/3/2026",="NUR270-A",
="800000934",="Present",="3/4/2026",="NUR270-A",
="800000934",="Present",="3/6/2026",="NUR270-A",
="800000934",="Present",="3/13/2026",="NUR270-A",
="800000934",="Present",="3/20/2026",="NUR270-A",
="800000934",="Present",="3/27/2026",="NUR270-A",
="800000934",="No class",="4/3/2026",="NUR270-A",
="800000934",="No class",="4/10/2026",="NUR270-A",
="800000934",="No class",="4/17/2026",="NUR270-A",
="800000934",="Absent",="1/5/2026",="NUR265 -P",
="800000934",="Present",="1/12/2026",="NUR265 -P",
="800000934",="Present",="1/26/2026",="NUR265 -P",
="800000934",="Present",="2/2/2026",="NUR265 -P",
="800000934",="Present",="2/9/2026",="NUR265 -P",
="800000934",="Present",="2/16/2026",="NUR265 -P",
="800000934",="Present",="2/23/2026",="NUR265 -P",
="800000934",="Present",="1/8/2026",="NUR255 -P",
="800000934",="Present",="1/15/2026",="NUR255 -P",
="800000934",="Present",="1/22/2026",="NUR255 -P",
="800000934",="Present",="1/29/2026",="NUR255 -P",
="800000934",="Present",="2/5/2026",="NUR255 -P",
="800000934",="Present",="2/12/2026",="NUR255 -P",
="800000934",="Present",="2/19/2026",="NUR255 -P",
="800000934",="Present",="2/26/2026",="NUR255 -P",
="800001695",="Present",="3/3/2026",="NUR150 -A",
="800001695",="Present",="3/4/2026",="NUR150 -A",
="800001695",="Present",="3/10/2026",="NUR150 -A",
="800001695",="Present",="3/11/2026",="NUR150 -A",
="800001695",="Present",="3/17/2026",="NUR150 -A",
="800001695",="Present",="3/18/2026",="NUR150 -A",
="800001695",="Present",="3/24/2026",="NUR150 -A",
="800001695",="Present",="3/25/2026",="NUR150 -A",
="800001695",="Present",="3/31/2026",="NUR150 -A",
="800001695",="Present",="4/1/2026",="NUR150 -A",
="800001695",="No class",="4/7/2026",="NUR150 -A",
="800001695",="No class",="4/8/2026",="NUR150 -A",
="800001695",="Present",="4/14/2026",="NUR150 -A",
="800001695",="Present",="4/15/2026",="NUR150 -A",
="800001695",="Present",="4/21/2026",="NUR150 -A",
="800001695",="Present",="3/9/2026",="NUR150 -L-A1",
="800001695",="Present",="3/16/2026",="NUR150 -L-A1",
="800001695",="Present",="3/23/2026",="NUR150 -L-A1",
="800001695",="Present",="3/30/2026",="NUR150 -L-A1",
="800001695",="Present",="4/6/2026",="NUR150 -L-A1",
="800001695",="Present",="1/8/2026",="NUR140-A",
="800001695",="Present",="1/15/2026",="NUR140-A",
="800001695",="Present",="1/22/2026",="NUR140-A",
="800001695",="Present",="1/29/2026",="NUR140-A",
="800001695",="Present",="2/5/2026",="NUR140-A",
="800001695",="Present",="2/12/2026",="NUR140-A",
="800001695",="Present",="2/19/2026",="NUR140-A",
="800001695",="Present",="2/26/2026",="NUR140-A",
="800001410",="Present",="1/8/2026",="NUR255 -P",
="800001410",="Present",="1/15/2026",="NUR255 -P",
="800001410",="Present",="1/22/2026",="NUR255 -P",
="800001410",="Present",="1/29/2026",="NUR255 -P",
="800001410",="Present",="2/5/2026",="NUR255 -P",
="800001410",="Present",="2/12/2026",="NUR255 -P",
="800001410",="Present",="2/19/2026",="NUR255 -P",
="800001410",="Present",="2/26/2026",="NUR255 -P",
="800001410",="Present",="1/10/2026",="HUM200 -OL",
="800001410",="Present",="1/11/2026",="HUM200 -OL",
="800001410",="Present",="1/18/2026",="HUM200 -OL",
="800001410",="Present",="1/25/2026",="HUM200 -OL",
="800001410",="Present",="2/1/2026",="HUM200 -OL",
="800001410",="Present",="2/8/2026",="HUM200 -OL",
="800001410",="Present",="2/15/2026",="HUM200 -OL",
="800001410",="Present",="2/22/2026",="HUM200 -OL",
="800001410",="Present",="3/1/2026",="HUM200 -OL",
="800001410",="Present",="3/8/2026",="HUM200 -OL",
="800001410",="Present",="3/15/2026",="HUM200 -OL",
="800001410",="Present",="3/22/2026",="HUM200 -OL",
="800001410",="Present",="3/29/2026",="HUM200 -OL",
="800001410",="Present",="4/5/2026",="HUM200 -OL",
="800001410",="Absent",="1/5/2026",="NUR265 -P",
="800001410",="Present",="1/12/2026",="NUR265 -P",
="800001410",="Present",="1/26/2026",="NUR265 -P",
="800001410",="Present",="2/2/2026",="NUR265 -P",
="800001410",="Present",="2/9/2026",="NUR265 -P",
="800001410",="Present",="2/16/2026",="NUR265 -P",
="800001410",="Present",="2/23/2026",="NUR265 -P",
="800001410",="Present",="1/7/2026",="NUR270-A",
="800001410",="Present",="1/9/2026",="NUR270-A",
="800001410",="Present",="1/16/2026",="NUR270-A",
="800001410",="Present",="1/23/2026",="NUR270-A",
="800001410",="Present",="1/30/2026",="NUR270-A",
="800001410",="Absent",="2/6/2026",="NUR270-A",
="800001410",="Present",="2/13/2026",="NUR270-A",
="800001410",="No class",="2/20/2026",="NUR270-A",
="800001410",="Present",="2/27/2026",="NUR270-A",
="800001410",="Present",="3/2/2026",="NUR270-A",
="800001410",="Present",="3/3/2026",="NUR270-A",
="800001410",="Present",="3/4/2026",="NUR270-A",
="800001410",="Present",="3/6/2026",="NUR270-A",
="800001410",="Present",="3/13/2026",="NUR270-A",
="800001410",="Absent",="3/20/2026",="NUR270-A",
="800001410",="Present",="3/27/2026",="NUR270-A",
="800001410",="No class",="4/3/2026",="NUR270-A",
="800001410",="No class",="4/10/2026",="NUR270-A",
="800001410",="No class",="4/17/2026",="NUR270-A",
="800001532",="Present",="1/7/2026",="NUR155-A",
="800001532",="Present",="1/9/2026",="NUR155-A",
="800001532",="Present",="1/16/2026",="NUR155-A",
="800001532",="Present",="1/23/2026",="NUR155-A",
="800001532",="Present",="1/30/2026",="NUR155-A",
="800001532",="Present",="2/6/2026",="NUR155-A",
="800001532",="Present",="2/13/2026",="NUR155-A",
="800001532",="Present",="2/20/2026",="NUR155-A",
="800001532",="Present",="2/27/2026",="NUR155-A",
="800001532",="Present",="3/2/2026",="NUR155-A",
="800001532",="Present",="3/3/2026",="NUR155-A",
="800001532",="Present",="3/4/2026",="NUR155-A",
="800001532",="Present",="3/6/2026",="NUR155-A",
="800001532",="Present",="3/13/2026",="NUR155-A",
="800001532",="Absent",="3/20/2026",="NUR155-A",
="800001532",="Absent",="3/27/2026",="NUR155-A",
="800001532",="No class",="4/3/2026",="NUR155-A",
="800001532",="No class",="4/10/2026",="NUR155-A",
="800002053",="Present",="2/2/2026",="NUR102 - A",
="800002053",="Present",="2/9/2026",="NUR102 - A",
="800002053",="Present",="2/11/2026",="NUR102 - A",
="800002053",="Present",="2/16/2026",="NUR102 - A",
="800002053",="Present",="2/18/2026",="NUR102 - A",
="800002053",="Present",="2/23/2026",="NUR102 - A",
="800002053",="Present",="2/25/2026",="NUR102 - A",
="800002053",="Present",="3/2/2026",="NUR102 - A",
="800002053",="Present",="3/4/2026",="NUR102 - A",
="800002053",="Present",="3/9/2026",="NUR102 - A",
="800002053",="Present",="3/11/2026",="NUR102 - A",
="800002053",="Present",="3/16/2026",="NUR102 - A",
="800002053",="Present",="3/18/2026",="NUR102 - A",
="800002053",="Present",="3/23/2026",="NUR102 - A",
="800002053",="Present",="3/25/2026",="NUR102 - A",
="800002053",="Present",="3/30/2026",="NUR102 - A",
="800002053",="Present",="4/1/2026",="NUR102 - A",
="800002053",="Present",="4/13/2026",="NUR102 - A",
="800002053",="Present",="4/15/2026",="NUR102 - A",
="800002053",="Present",="2/5/2026",="NUR102-L-A1",
="800002053",="Present",="2/12/2026",="NUR102-L-A1",
="800002053",="Present",="2/19/2026",="NUR102-L-A1",
="800002053",="Present",="2/26/2026",="NUR102-L-A1",
="800002053",="Present",="3/5/2026",="NUR102-L-A1",
="800002053",="Present",="3/12/2026",="NUR102-L-A1",
="800002053",="Present",="3/19/2026",="NUR102-L-A1",
="800002053",="Present",="3/26/2026",="NUR102-L-A1",
="800002053",="Present",="4/2/2026",="NUR102-L-A1",
="800002053",="Present",="4/9/2026",="NUR102-L-A1",
="800001649",="Present",="1/10/2026",="PSY101 -OL",
="800001649",="Present",="1/11/2026",="PSY101 -OL",
="800001649",="Present",="1/18/2026",="PSY101 -OL",
="800001649",="Present",="1/25/2026",="PSY101 -OL",
="800001649",="Present",="2/1/2026",="PSY101 -OL",
="800001649",="Present",="2/8/2026",="PSY101 -OL",
="800001649",="Present",="2/15/2026",="PSY101 -OL",
="800001649",="Present",="2/22/2026",="PSY101 -OL",
="800001649",="Present",="3/1/2026",="PSY101 -OL",
="800001649",="Present",="3/8/2026",="PSY101 -OL",
="800001649",="Present",="3/15/2026",="PSY101 -OL",
="800001649",="Present",="3/22/2026",="PSY101 -OL",
="800001649",="Present",="3/29/2026",="PSY101 -OL",
="800001649",="Present",="4/5/2026",="PSY101 -OL",
="800001517",="Present",="3/3/2026",="NUR150-P",
="800001517",="Present",="3/9/2026",="NUR150-P",
="800001517",="Present",="3/10/2026",="NUR150-P",
="800001517",="Present",="3/16/2026",="NUR150-P",
="800001517",="Present",="3/17/2026",="NUR150-P",
="800001517",="Present",="3/23/2026",="NUR150-P",
="800001517",="Present",="3/24/2026",="NUR150-P",
="800001517",="Present",="3/30/2026",="NUR150-P",
="800001517",="Present",="3/31/2026",="NUR150-P",
="800001517",="No class",="4/6/2026",="NUR150-P",
="800001517",="No class",="4/7/2026",="NUR150-P",
="800001517",="Present",="4/13/2026",="NUR150-P",
="800001517",="Present",="4/14/2026",="NUR150-P",
="800001517",="Present",="4/20/2026",="NUR150-P",
="800001517",="Present",="4/21/2026",="NUR150-P",
="800001517",="Present",="1/7/2026",="NUR135-A",
="800001517",="Present",="1/14/2026",="NUR135-A",
="800001517",="Absent",="1/21/2026",="NUR135-A",
="800001517",="Present",="1/28/2026",="NUR135-A",
="800001517",="Present",="2/4/2026",="NUR135-A",
="800001517",="Absent",="2/18/2026",="NUR135-A",
="800001517",="Absent",="2/25/2026",="NUR135-A",
="800002026",="Present",="1/7/2026",="ENG101 -A",
="800002026",="Present",="1/14/2026",="ENG101 -A",
="800002026",="Present",="1/21/2026",="ENG101 -A",
="800002026",="Present",="1/28/2026",="ENG101 -A",
="800002026",="Present",="2/4/2026",="ENG101 -A",
="800002026",="Present",="2/11/2026",="ENG101 -A",
="800002026",="Present",="2/18/2026",="ENG101 -A",
="800002026",="Absent",="2/25/2026",="ENG101 -A",
="800002026",="Absent",="3/4/2026",="ENG101 -A",
="800002026",="Present",="3/11/2026",="ENG101 -A",
="800002026",="Present",="3/18/2026",="ENG101 -A",
="800002026",="Present",="3/25/2026",="ENG101 -A",
="800002026",="Present",="4/1/2026",="ENG101 -A",
="800002026",="Present",="4/8/2026",="ENG101 -A",
="800001903",="Absent",="2/4/2026",="PHARM100-P-1",
="800001903",="Present",="2/11/2026",="PHARM100-P-1",
="800001903",="Present",="2/18/2026",="PHARM100-P-1",
="800001903",="Present",="2/25/2026",="PHARM100-P-1",
="800001903",="Present",="3/4/2026",="PHARM100-P-1",
="800001903",="Present",="3/11/2026",="PHARM100-P-1",
="800001903",="Present",="3/18/2026",="PHARM100-P-1",
="800001903",="Present",="3/25/2026",="PHARM100-P-1",
="800001903",="Present",="4/1/2026",="PHARM100-P-1",
="800001903",="Present",="4/8/2026",="PHARM100-P-1",
="800001903",="Present",="1/5/2026",="NUR100-P",
="800001903",="Present",="1/12/2026",="NUR100-P",
="800001903",="Present",="1/26/2026",="NUR100-P",
="800001903",="Present",="2/2/2026",="NUR100-P",
="800001903",="Present",="2/23/2026",="NUR100-P",
="800001903",="Present",="3/2/2026",="NUR100-P",
="800001903",="Absent",="3/9/2026",="NUR100-P",
="800001903",="Present",="3/16/2026",="NUR100-P",
="800001903",="Present",="3/23/2026",="NUR100-P",
="800001903",="Present",="4/13/2026",="NUR100-P",
="800001903",="Present",="4/20/2026",="NUR100-P",
="800001903",="Present",="1/15/2026",="NUR125-L-P1",
="800001903",="Present",="1/22/2026",="NUR125-L-P1",
="800001903",="Present",="1/29/2026",="NUR125-L-P1",
="800001903",="Present",="2/5/2026",="NUR125-L-P1",
="800001903",="Present",="2/19/2026",="NUR125-L-P1",
="800001903",="Present",="3/12/2026",="NUR125-L-P1",
="800001903",="Present",="3/19/2026",="NUR125-L-P1",
="800001903",="Present",="3/26/2026",="NUR125-L-P1",
="800001903",="Present",="4/9/2026",="NUR125-L-P1",
="800001903",="Present",="4/16/2026",="NUR125-L-P1",
="800001903",="Present",="1/8/2026",="NUR125-P",
="800001903",="Present",="1/15/2026",="NUR125-P",
="800001903",="Present",="1/22/2026",="NUR125-P",
="800001903",="Present",="1/29/2026",="NUR125-P",
="800001903",="Present",="2/5/2026",="NUR125-P",
="800001903",="Present",="2/26/2026",="NUR125-P",
="800001903",="Present",="3/5/2026",="NUR125-P",
="800001903",="Present",="3/12/2026",="NUR125-P",
="800001903",="Present",="3/19/2026",="NUR125-P",
="800001903",="Present",="3/26/2026",="NUR125-P",
="800001903",="Present",="4/16/2026",="NUR125-P",
="800001823",="Absent",="1/10/2026",="NUT100 -OL II",
="800001823",="Present",="1/17/2026",="NUT100 -OL II",
="800001823",="Present",="1/24/2026",="NUT100 -OL II",
="800001823",="Absent",="1/31/2026",="NUT100 -OL II",
="800001823",="Present",="2/7/2026",="NUT100 -OL II",
="800001823",="Absent",="2/14/2026",="NUT100 -OL II",
="800001823",="Absent",="2/21/2026",="NUT100 -OL II",
="800001823",="Absent",="1/10/2026",="PSY101 -OL",
="800001823",="Absent",="1/18/2026",="PSY101 -OL",
="800001823",="Present",="1/25/2026",="PSY101 -OL",
="800001823",="Present",="2/1/2026",="PSY101 -OL",
="800001823",="Absent",="2/8/2026",="PSY101 -OL",
="800001823",="Absent",="2/15/2026",="PSY101 -OL",
="800001823",="Absent",="2/22/2026",="PSY101 -OL",
="800001823",="Absent",="1/10/2026",="COL010 - OL I",
="800001823",="Present",="1/17/2026",="COL010 - OL I",
="800001823",="Absent",="1/24/2026",="COL010 - OL I",
="800001823",="Present",="1/31/2026",="COL010 - OL I",
="800001204",="Present",="1/7/2026",="NUR155-A",
="800001204",="Present",="1/9/2026",="NUR155-A",
="800001204",="Present",="1/16/2026",="NUR155-A",
="800001204",="Present",="1/23/2026",="NUR155-A",
="800001204",="Present",="1/30/2026",="NUR155-A",
="800001204",="Present",="2/6/2026",="NUR155-A",
="800001204",="Present",="2/13/2026",="NUR155-A",
="800001204",="Present",="2/20/2026",="NUR155-A",
="800001204",="Present",="2/27/2026",="NUR155-A",
="800001204",="Present",="3/2/2026",="NUR155-A",
="800001204",="Present",="3/3/2026",="NUR155-A",
="800001204",="Present",="3/4/2026",="NUR155-A",
="800001204",="Present",="3/6/2026",="NUR155-A",
="800001204",="Present",="3/13/2026",="NUR155-A",
="800001204",="Absent",="3/20/2026",="NUR155-A",
="800001204",="Present",="3/27/2026",="NUR155-A",
="800001204",="No class",="4/3/2026",="NUR155-A",
="800001204",="No class",="4/10/2026",="NUR155-A",
="800001657",="Present",="1/10/2026",="ENG102 - OL",
="800001657",="Present",="1/18/2026",="ENG102 - OL",
="800001657",="Present",="1/25/2026",="ENG102 - OL",
="800001657",="Present",="2/1/2026",="ENG102 - OL",
="800001657",="Present",="2/8/2026",="ENG102 - OL",
="800001657",="Present",="2/15/2026",="ENG102 - OL",
="800001657",="Present",="2/22/2026",="ENG102 - OL",
="800001657",="Present",="3/1/2026",="ENG102 - OL",
="800001657",="Present",="3/8/2026",="ENG102 - OL",
="800001657",="Present",="3/15/2026",="ENG102 - OL",
="800001657",="Present",="3/22/2026",="ENG102 - OL",
="800001657",="Present",="3/29/2026",="ENG102 - OL",
="800001657",="Present",="4/5/2026",="ENG102 - OL",
="800001657",="Present",="1/7/2026",="AP209 -A",
="800001657",="Present",="1/14/2026",="AP209 -A",
="800001657",="Present",="1/21/2026",="AP209 -A",
="800001657",="Present",="1/28/2026",="AP209 -A",
="800001657",="Present",="2/4/2026",="AP209 -A",
="800001657",="Present",="2/11/2026",="AP209 -A",
="800001657",="Present",="2/18/2026",="AP209 -A",
="800001657",="Present",="2/25/2026",="AP209 -A",
="800001657",="Present",="3/4/2026",="AP209 -A",
="800001657",="Present",="3/11/2026",="AP209 -A",
="800001657",="Present",="3/18/2026",="AP209 -A",
="800001657",="Present",="3/25/2026",="AP209 -A",
="800001657",="Present",="4/1/2026",="AP209 -A",
="800001657",="Present",="4/8/2026",="AP209 -A",
="800001657",="Present",="4/15/2026",="AP209 -A",
="800001657",="Present",="1/5/2026",="PHARM225-A_P",
="800001657",="Present",="1/12/2026",="PHARM225-A_P",
="800001657",="No class",="1/19/2026",="PHARM225-A_P",
="800001657",="Present",="1/26/2026",="PHARM225-A_P",
="800001657",="Present",="2/2/2026",="PHARM225-A_P",
="800001657",="Present",="2/9/2026",="PHARM225-A_P",
="800001657",="Present",="2/16/2026",="PHARM225-A_P",
="800001657",="Present",="2/23/2026",="PHARM225-A_P",
="800001657",="Present",="3/2/2026",="PHARM225-A_P",
="800001657",="Tardy/Late",="3/9/2026",="PHARM225-A_P",
="800001657",="Present",="3/16/2026",="PHARM225-A_P",
="800001657",="Present",="3/23/2026",="PHARM225-A_P",
="800001657",="Present",="3/30/2026",="PHARM225-A_P",
="800001657",="Present",="4/6/2026",="PHARM225-A_P",
="800001657",="Present",="4/13/2026",="PHARM225-A_P",
="800001657",="Present",="2/5/2026",="NUR205-L-P1",
="800001657",="Present",="2/12/2026",="NUR205-L-P1",
="800001657",="Present",="2/19/2026",="NUR205-L-P1",
="800001657",="Present",="4/2/2026",="NUR205-L-P1",
="800001657",="Present",="4/9/2026",="NUR205-L-P1",
="800001657",="Present",="1/8/2026",="NUR205 -P",
="800001657",="Present",="1/15/2026",="NUR205 -P",
="800001657",="Present",="1/22/2026",="NUR205 -P",
="800001657",="Present",="1/29/2026",="NUR205 -P",
="800001657",="Present",="2/26/2026",="NUR205 -P",
="800001657",="Present",="3/5/2026",="NUR205 -P",
="800001657",="Present",="3/12/2026",="NUR205 -P",
="800001657",="Present",="3/19/2026",="NUR205 -P",
="800001657",="Present",="3/26/2026",="NUR205 -P",
="800001657",="Present",="4/16/2026",="NUR205 -P",
="800001657",="Present",="4/23/2026",="NUR205 -P",
="800001829",="Present",="1/5/2026",="NUR120-P",
="800001829",="Present",="1/6/2026",="NUR120-P",
="800001829",="Present",="1/12/2026",="NUR120-P",
="800001829",="Present",="1/13/2026",="NUR120-P",
="800001829",="Present",="1/20/2026",="NUR120-P",
="800001829",="Present",="1/26/2026",="NUR120-P",
="800001829",="Present",="1/27/2026",="NUR120-P",
="800001829",="Present",="2/2/2026",="NUR120-P",
="800001829",="Present",="2/3/2026",="NUR120-P",
="800001829",="Present",="1/10/2026",="NUT100 -OL II",
="800001829",="Present",="1/17/2026",="NUT100 -OL II",
="800001829",="Present",="1/24/2026",="NUT100 -OL II",
="800001829",="Present",="1/31/2026",="NUT100 -OL II",
="800001829",="Present",="2/7/2026",="NUT100 -OL II",
="800001829",="Present",="2/14/2026",="NUT100 -OL II",
="800001829",="Present",="2/21/2026",="NUT100 -OL II",
="800001829",="Present",="2/28/2026",="NUT100 -OL II",
="800001829",="Present",="3/7/2026",="NUT100 -OL II",
="800001829",="Present",="3/14/2026",="NUT100 -OL II",
="800001829",="Absent",="3/21/2026",="NUT100 -OL II",
="800001829",="Present",="3/28/2026",="NUT100 -OL II",
="800001829",="Present",="4/4/2026",="NUT100 -OL II",
="800001829",="Present",="4/11/2026",="NUT100 -OL II",
="800001829",="Present",="1/8/2026",="NUR125-P",
="800001829",="Present",="1/15/2026",="NUR125-P",
="800001829",="Present",="1/22/2026",="NUR125-P",
="800001829",="Present",="1/29/2026",="NUR125-P",
="800001829",="Present",="2/5/2026",="NUR125-P",
="800001829",="Present",="2/26/2026",="NUR125-P",
="800001829",="Present",="3/5/2026",="NUR125-P",
="800001829",="Present",="3/12/2026",="NUR125-P",
="800001829",="Present",="3/19/2026",="NUR125-P",
="800001829",="Present",="3/26/2026",="NUR125-P",
="800001829",="Present",="4/16/2026",="NUR125-P",
="800001829",="Present",="1/15/2026",="NUR125-L-P1",
="800001829",="Present",="1/22/2026",="NUR125-L-P1",
="800001829",="Present",="1/29/2026",="NUR125-L-P1",
="800001829",="Present",="2/5/2026",="NUR125-L-P1",
="800001829",="Present",="2/19/2026",="NUR125-L-P1",
="800001829",="Present",="3/12/2026",="NUR125-L-P1",
="800001829",="Present",="3/19/2026",="NUR125-L-P1",
="800001829",="Present",="3/26/2026",="NUR125-L-P1",
="800001829",="Present",="4/9/2026",="NUR125-L-P1",
="800001829",="Present",="4/16/2026",="NUR125-L-P1",
="800001829",="Present",="1/14/2026",="PHARM130-P",
="800001829",="Present",="1/21/2026",="PHARM130-P",
="800001829",="Present",="1/28/2026",="PHARM130-P",
="800001829",="Present",="2/4/2026",="PHARM130-P",
="800001829",="Present",="2/11/2026",="PHARM130-P",
="800001829",="Present",="2/18/2026",="PHARM130-P",
="800001829",="Present",="2/25/2026",="PHARM130-P",
="800001829",="Present",="3/4/2026",="PHARM130-P",
="800001829",="Present",="3/11/2026",="PHARM130-P",
="800001829",="Present",="3/18/2026",="PHARM130-P",
="800001829",="Present",="3/25/2026",="PHARM130-P",
="800001829",="Present",="4/1/2026",="PHARM130-P",
="800001829",="Present",="4/8/2026",="PHARM130-P",
="800001829",="Present",="4/15/2026",="PHARM130-P",
="800001714",="Present",="3/3/2026",="NUR150-P",
="800001714",="Present",="3/9/2026",="NUR150-P",
="800001714",="Present",="3/10/2026",="NUR150-P",
="800001714",="Present",="3/16/2026",="NUR150-P",
="800001714",="Present",="3/17/2026",="NUR150-P",
="800001714",="Present",="3/23/2026",="NUR150-P",
="800001714",="Present",="3/24/2026",="NUR150-P",
="800001714",="Present",="3/30/2026",="NUR150-P",
="800001714",="Present",="3/31/2026",="NUR150-P",
="800001714",="No class",="4/6/2026",="NUR150-P",
="800001714",="No class",="4/7/2026",="NUR150-P",
="800001714",="Present",="4/13/2026",="NUR150-P",
="800001714",="Present",="4/14/2026",="NUR150-P",
="800001714",="Present",="4/20/2026",="NUR150-P",
="800001714",="Present",="4/21/2026",="NUR150-P",
="800001714",="No class",="3/11/2026",="NUR150-L-P1",
="800001714",="Present",="3/18/2026",="NUR150-L-P1",
="800001714",="Present",="3/25/2026",="NUR150-L-P1",
="800001714",="Present",="4/1/2026",="NUR150-L-P1",
="800001714",="Present",="4/8/2026",="NUR150-L-P1",
="800001852",="Present",="1/5/2026",="NUR120-P",
="800001852",="Present",="1/6/2026",="NUR120-P",
="800001852",="Present",="1/12/2026",="NUR120-P",
="800001852",="Present",="1/13/2026",="NUR120-P",
="800001852",="Present",="1/20/2026",="NUR120-P",
="800001852",="Present",="1/26/2026",="NUR120-P",
="800001852",="Present",="1/27/2026",="NUR120-P",
="800001852",="Present",="2/2/2026",="NUR120-P",
="800001852",="Present",="2/3/2026",="NUR120-P",
="800001593",="Present",="3/5/2026",="NUR140-P",
="800001593",="Present",="3/12/2026",="NUR140-P",
="800001593",="Present",="3/19/2026",="NUR140-P",
="800001593",="Present",="3/26/2026",="NUR140-P",
="800001593",="Present",="4/2/2026",="NUR140-P",
="800001593",="Present",="4/9/2026",="NUR140-P",
="800001593",="Present",="4/16/2026",="NUR140-P",
="800001593",="Present",="4/23/2026",="NUR140-P",
="800001593",="Present",="1/7/2026",="NUR155-A",
="800001593",="Present",="1/9/2026",="NUR155-A",
="800001593",="Present",="1/16/2026",="NUR155-A",
="800001593",="Absent",="1/23/2026",="NUR155-A",
="800001593",="Present",="1/30/2026",="NUR155-A",
="800001593",="Present",="2/6/2026",="NUR155-A",
="800001593",="Present",="2/13/2026",="NUR155-A",
="800001593",="Present",="2/20/2026",="NUR155-A",
="800001593",="Present",="2/27/2026",="NUR155-A",
="800001593",="Present",="3/2/2026",="NUR155-A",
="800001593",="Present",="3/3/2026",="NUR155-A",
="800001593",="Present",="3/4/2026",="NUR155-A",
="800001593",="Present",="3/6/2026",="NUR155-A",
="800001593",="Present",="3/13/2026",="NUR155-A",
="800001593",="Present",="3/20/2026",="NUR155-A",
="800001593",="Present",="3/27/2026",="NUR155-A",
="800001593",="No class",="4/3/2026",="NUR155-A",
="800001593",="No class",="4/10/2026",="NUR155-A",
="800001593",="Present",="1/30/2026",="NUR145-L-P",
="800001593",="Present",="1/5/2026",="NUR145 - P",
="800001593",="Present",="1/12/2026",="NUR145 - P",
="800001593",="Absent",="1/19/2026",="NUR145 - P",
="800001593",="Present",="1/26/2026",="NUR145 - P",
="800001593",="Present",="2/2/2026",="NUR145 - P",
="800001593",="Present",="2/9/2026",="NUR145 - P",
="800001593",="Present",="2/16/2026",="NUR145 - P",
="800001593",="Present",="2/23/2026",="NUR145 - P",
="800001761",="Present",="1/5/2026",="NUR145 - P",
="800001761",="Present",="1/12/2026",="NUR145 - P",
="800001761",="Absent",="1/19/2026",="NUR145 - P",
="800001761",="Present",="1/26/2026",="NUR145 - P",
="800001761",="Present",="2/2/2026",="NUR145 - P",
="800001761",="Present",="2/9/2026",="NUR145 - P",
="800001761",="Present",="2/16/2026",="NUR145 - P",
="800001761",="Present",="2/23/2026",="NUR145 - P",
="800001761",="Present",="3/3/2026",="NUR150-P",
="800001761",="Present",="3/9/2026",="NUR150-P",
="800001761",="Present",="3/10/2026",="NUR150-P",
="800001761",="Present",="3/16/2026",="NUR150-P",
="800001761",="Present",="3/17/2026",="NUR150-P",
="800001761",="Present",="3/23/2026",="NUR150-P",
="800001761",="Present",="3/24/2026",="NUR150-P",
="800001761",="Present",="3/30/2026",="NUR150-P",
="800001761",="Present",="3/31/2026",="NUR150-P",
="800001761",="No class",="4/6/2026",="NUR150-P",
="800001761",="No class",="4/7/2026",="NUR150-P",
="800001761",="Present",="4/13/2026",="NUR150-P",
="800001761",="Present",="4/14/2026",="NUR150-P",
="800001761",="Present",="4/20/2026",="NUR150-P",
="800001761",="Present",="4/21/2026",="NUR150-P",
="800001761",="Present",="3/5/2026",="NUR140-P",
="800001761",="Absent",="3/12/2026",="NUR140-P",
="800001761",="Present",="3/19/2026",="NUR140-P",
="800001761",="Present",="3/26/2026",="NUR140-P",
="800001761",="Present",="4/2/2026",="NUR140-P",
="800001761",="Present",="4/9/2026",="NUR140-P",
="800001761",="Present",="4/16/2026",="NUR140-P",
="800001761",="Present",="4/23/2026",="NUR140-P",
="800001761",="Present",="3/9/2026",="NUR150 -L-A1",
="800001761",="Present",="3/16/2026",="NUR150 -L-A1",
="800001761",="Present",="3/23/2026",="NUR150 -L-A1",
="800001761",="Present",="3/30/2026",="NUR150 -L-A1",
="800001761",="Present",="4/6/2026",="NUR150 -L-A1",
="800001761",="Present",="1/30/2026",="NUR145-L-P",
="800001761",="Present",="1/7/2026",="NUR155-A",
="800001761",="Present",="1/9/2026",="NUR155-A",
="800001761",="Present",="1/16/2026",="NUR155-A",
="800001761",="Absent",="1/23/2026",="NUR155-A",
="800001761",="Present",="1/30/2026",="NUR155-A",
="800001761",="Present",="2/6/2026",="NUR155-A",
="800001761",="Present",="2/13/2026",="NUR155-A",
="800001761",="Present",="2/20/2026",="NUR155-A",
="800001761",="Absent",="2/27/2026",="NUR155-A",
="800001761",="Absent",="3/2/2026",="NUR155-A",
="800001761",="Absent",="3/3/2026",="NUR155-A",
="800001761",="Absent",="3/4/2026",="NUR155-A",
="800001761",="Absent",="3/6/2026",="NUR155-A",
="800001667",="Present",="1/7/2026",="NUR135-A",
="800001667",="Present",="1/14/2026",="NUR135-A",
="800001667",="No class",="1/21/2026",="NUR135-A",
="800001667",="Present",="2/4/2026",="NUR135-A",
="800001667",="Present",="1/8/2026",="NUR125-P",
="800001667",="Present",="1/15/2026",="NUR125-P",
="800001667",="Absent",="1/22/2026",="NUR125-P",
="800001667",="Present",="1/29/2026",="NUR125-P",
="800001667",="Present",="2/5/2026",="NUR125-P",
="800001667",="Absent",="2/26/2026",="NUR125-P",
="800001667",="Present",="3/5/2026",="NUR125-P",
="800001667",="Present",="3/12/2026",="NUR125-P",
="800001667",="Present",="3/19/2026",="NUR125-P",
="800001667",="Present",="3/26/2026",="NUR125-P",
="800001667",="Present",="4/16/2026",="NUR125-P",
="800001667",="No class",="2/13/2026",="NUR135-L-A1",
="800001667",="Present",="2/27/2026",="NUR135-L-A1",
="800001667",="Present",="1/29/2026",="NUR125-L-P1",
="800001667",="Present",="2/5/2026",="NUR125-L-P1",
="800001667",="Absent",="2/19/2026",="NUR125-L-P1",
="800001667",="Absent",="3/12/2026",="NUR125-L-P1",
="800001667",="Present",="3/19/2026",="NUR125-L-P1",
="800001667",="Present",="3/26/2026",="NUR125-L-P1",
="800001667",="Present",="4/9/2026",="NUR125-L-P1",
="800001667",="Present",="4/16/2026",="NUR125-L-P1",
="800001667",="Absent",="1/12/2026",="NUR120-L-A1",
="800001667",="No class",="1/19/2026",="NUR120-L-A1",
="800001667",="No class",="1/26/2026",="NUR120-L-A1",
="800001667",="Present",="2/2/2026",="NUR120-L-A1",
="800001667",="Present",="2/16/2026",="NUR120-L-A1",
="800001667",="Present",="2/23/2026",="NUR120-L-A1",
="800001667",="Absent",="1/5/2026",="NUR120-A",
="800001667",="Present",="1/6/2026",="NUR120-A",
="800001667",="Present",="1/12/2026",="NUR120-A",
="800001667",="Present",="1/13/2026",="NUR120-A",
="800001667",="Absent",="1/20/2026",="NUR120-A",
="800001667",="Present",="1/26/2026",="NUR120-A",
="800001667",="Present",="1/27/2026",="NUR120-A",
="800001667",="Present",="2/2/2026",="NUR120-A",
="800001667",="Present",="2/3/2026",="NUR120-A",
="800001667",="No class",="2/16/2026",="NUR120-A",
="800001667",="No class",="2/17/2026",="NUR120-A",
="800001598",="Present",="1/7/2026",="NUR155-A",
="800001598",="Present",="1/9/2026",="NUR155-A",
="800001598",="Present",="1/16/2026",="NUR155-A",
="800001598",="Present",="1/23/2026",="NUR155-A",
="800001598",="Present",="1/30/2026",="NUR155-A",
="800001598",="Present",="2/6/2026",="NUR155-A",
="800001598",="Absent",="2/13/2026",="NUR155-A",
="800001598",="Present",="2/20/2026",="NUR155-A",
="800001598",="Present",="2/27/2026",="NUR155-A",
="800001598",="Present",="3/2/2026",="NUR155-A",
="800001598",="Present",="3/3/2026",="NUR155-A",
="800001598",="Present",="3/4/2026",="NUR155-A",
="800001598",="Present",="3/6/2026",="NUR155-A",
="800001598",="Present",="3/13/2026",="NUR155-A",
="800001598",="Present",="3/20/2026",="NUR155-A",
="800001598",="Present",="3/27/2026",="NUR155-A",
="800001598",="No class",="4/3/2026",="NUR155-A",
="800001598",="No class",="4/10/2026",="NUR155-A",
="800001876",="Present",="1/10/2026",="NUT100 -OL II",
="800001876",="Present",="1/17/2026",="NUT100 -OL II",
="800001876",="Present",="1/24/2026",="NUT100 -OL II",
="800001876",="Present",="1/31/2026",="NUT100 -OL II",
="800001876",="Present",="2/7/2026",="NUT100 -OL II",
="800001876",="Present",="2/14/2026",="NUT100 -OL II",
="800001876",="Absent",="2/21/2026",="NUT100 -OL II",
="800001876",="Present",="2/28/2026",="NUT100 -OL II",
="800001876",="Present",="3/7/2026",="NUT100 -OL II",
="800001876",="Present",="3/14/2026",="NUT100 -OL II",
="800001876",="Present",="3/21/2026",="NUT100 -OL II",
="800001876",="Absent",="3/28/2026",="NUT100 -OL II",
="800001876",="Present",="4/4/2026",="NUT100 -OL II",
="800001876",="Present",="4/11/2026",="NUT100 -OL II",
="800001876",="Present",="1/14/2026",="PHARM130-P",
="800001876",="Present",="1/21/2026",="PHARM130-P",
="800001876",="Present",="1/28/2026",="PHARM130-P",
="800001876",="Present",="2/4/2026",="PHARM130-P",
="800001876",="Present",="2/11/2026",="PHARM130-P",
="800001876",="Present",="2/18/2026",="PHARM130-P",
="800001876",="Present",="2/25/2026",="PHARM130-P",
="800001876",="Present",="3/4/2026",="PHARM130-P",
="800001876",="Present",="3/11/2026",="PHARM130-P",
="800001876",="Present",="3/18/2026",="PHARM130-P",
="800001876",="Present",="3/25/2026",="PHARM130-P",
="800001876",="Present",="4/1/2026",="PHARM130-P",
="800001876",="Present",="4/8/2026",="PHARM130-P",
="800001876",="Present",="4/15/2026",="PHARM130-P",
="800001876",="Present",="1/8/2026",="NUR125-P",
="800001876",="Absent",="1/15/2026",="NUR125-P",
="800001876",="Absent",="1/22/2026",="NUR125-P",
="800001876",="Present",="1/29/2026",="NUR125-P",
="800001876",="Present",="2/5/2026",="NUR125-P",
="800001876",="Present",="2/26/2026",="NUR125-P",
="800001876",="Present",="3/5/2026",="NUR125-P",
="800001876",="Present",="3/12/2026",="NUR125-P",
="800001876",="Present",="3/19/2026",="NUR125-P",
="800001876",="Present",="3/26/2026",="NUR125-P",
="800001876",="Present",="4/16/2026",="NUR125-P",
="800001876",="Absent",="1/5/2026",="NUR120-P",
="800001876",="Present",="1/6/2026",="NUR120-P",
="800001876",="Present",="1/12/2026",="NUR120-P",
="800001876",="Present",="1/13/2026",="NUR120-P",
="800001876",="Present",="1/20/2026",="NUR120-P",
="800001876",="Present",="1/26/2026",="NUR120-P",
="800001876",="Present",="1/27/2026",="NUR120-P",
="800001876",="Present",="2/2/2026",="NUR120-P",
="800001876",="Present",="2/3/2026",="NUR120-P",
="800001876",="Present",="1/29/2026",="NUR125-L-P1",
="800001876",="Present",="2/5/2026",="NUR125-L-P1",
="800001876",="Present",="2/19/2026",="NUR125-L-P1",
="800001876",="Present",="3/12/2026",="NUR125-L-P1",
="800001876",="Present",="3/19/2026",="NUR125-L-P1",
="800001876",="Present",="3/26/2026",="NUR125-L-P1",
="800001876",="Present",="4/9/2026",="NUR125-L-P1",
="800001876",="Present",="4/16/2026",="NUR125-L-P1",
="800001468",="Present",="1/11/2026",="SOC101 -OL",
="800001468",="Present",="1/18/2026",="SOC101 -OL",
="800001468",="Present",="1/25/2026",="SOC101 -OL",
="800001468",="Present",="2/1/2026",="SOC101 -OL",
="800001468",="Present",="2/8/2026",="SOC101 -OL",
="800001468",="Present",="2/15/2026",="SOC101 -OL",
="800001468",="Absent",="2/22/2026",="SOC101 -OL",
="800001468",="Present",="3/1/2026",="SOC101 -OL",
="800001468",="Present",="3/8/2026",="SOC101 -OL",
="800001468",="Present",="3/15/2026",="SOC101 -OL",
="800001468",="Present",="3/22/2026",="SOC101 -OL",
="800001468",="Present",="3/29/2026",="SOC101 -OL",
="800001468",="Absent",="4/5/2026",="SOC101 -OL",
="800001468",="Present",="4/12/2026",="SOC101 -OL",
="800001468",="Present",="1/10/2026",="HUM200 -OL",
="800001468",="Present",="1/11/2026",="HUM200 -OL",
="800001468",="Present",="1/18/2026",="HUM200 -OL",
="800001468",="Present",="1/25/2026",="HUM200 -OL",
="800001468",="Present",="2/1/2026",="HUM200 -OL",
="800001468",="Present",="2/8/2026",="HUM200 -OL",
="800001468",="Present",="2/15/2026",="HUM200 -OL",
="800001468",="Present",="2/22/2026",="HUM200 -OL",
="800001468",="Present",="3/1/2026",="HUM200 -OL",
="800001468",="Present",="3/8/2026",="HUM200 -OL",
="800001468",="Present",="3/15/2026",="HUM200 -OL",
="800001468",="Present",="3/22/2026",="HUM200 -OL",
="800001468",="Present",="3/29/2026",="HUM200 -OL",
="800001468",="Absent",="4/5/2026",="HUM200 -OL",
="800001468",="Present",="1/10/2026",="ENG102 - OL",
="800001468",="Present",="1/18/2026",="ENG102 - OL",
="800001468",="Present",="1/25/2026",="ENG102 - OL",
="800001468",="Present",="2/1/2026",="ENG102 - OL",
="800001468",="Present",="2/8/2026",="ENG102 - OL",
="800001468",="Present",="2/15/2026",="ENG102 - OL",
="800001468",="Present",="2/22/2026",="ENG102 - OL",
="800001468",="Present",="3/1/2026",="ENG102 - OL",
="800001468",="Present",="3/8/2026",="ENG102 - OL",
="800001468",="Present",="3/15/2026",="ENG102 - OL",
="800001468",="Present",="3/22/2026",="ENG102 - OL",
="800001468",="Present",="3/29/2026",="ENG102 - OL",
="800001468",="Present",="4/5/2026",="ENG102 - OL",
="800002021",="Present",="1/5/2026",="NUR100 -A",
="800002021",="Present",="1/12/2026",="NUR100 -A",
="800002021",="Present",="1/26/2026",="NUR100 -A",
="800002021",="Present",="2/2/2026",="NUR100 -A",
="800002021",="No class",="2/9/2026",="NUR100 -A",
="800002021",="No class",="2/16/2026",="NUR100 -A",
="800002021",="Present",="2/23/2026",="NUR100 -A",
="800002021",="Present",="3/2/2026",="NUR100 -A",
="800002021",="Present",="3/9/2026",="NUR100 -A",
="800002021",="Present",="3/16/2026",="NUR100 -A",
="800002021",="Present",="3/23/2026",="NUR100 -A",
="800002021",="Present",="4/13/2026",="NUR100 -A",
="800002021",="Present",="1/6/2026",="AP100-A",
="800002021",="Present",="1/13/2026",="AP100-A",
="800002021",="Present",="1/20/2026",="AP100-A",
="800002021",="Present",="1/27/2026",="AP100-A",
="800002021",="Present",="2/3/2026",="AP100-A",
="800002021",="Present",="2/10/2026",="AP100-A",
="800002021",="Present",="2/17/2026",="AP100-A",
="800002021",="Present",="2/24/2026",="AP100-A",
="800002021",="Present",="3/3/2026",="AP100-A",
="800002021",="Present",="3/10/2026",="AP100-A",
="800002021",="Present",="3/17/2026",="AP100-A",
="800002021",="Present",="3/24/2026",="AP100-A",
="800002021",="Present",="3/31/2026",="AP100-A",
="800002021",="Present",="4/7/2026",="AP100-A",
="800002021",="Present",="4/14/2026",="AP100-A",
="800002021",="Present",="1/7/2026",="ENG101 -A",
="800002021",="Present",="1/14/2026",="ENG101 -A",
="800002021",="Present",="1/21/2026",="ENG101 -A",
="800002021",="Present",="1/28/2026",="ENG101 -A",
="800002021",="Present",="2/4/2026",="ENG101 -A",
="800002021",="Present",="2/11/2026",="ENG101 -A",
="800002021",="Present",="2/18/2026",="ENG101 -A",
="800002021",="Present",="2/25/2026",="ENG101 -A",
="800002021",="Present",="3/4/2026",="ENG101 -A",
="800002021",="Present",="3/11/2026",="ENG101 -A",
="800002021",="Present",="3/18/2026",="ENG101 -A",
="800002021",="Present",="3/25/2026",="ENG101 -A",
="800002021",="Present",="4/1/2026",="ENG101 -A",
="800002021",="Present",="4/8/2026",="ENG101 -A",
="800002021",="Present",="1/6/2026",="NUR100-L-A1",
="800002021",="Present",="1/13/2026",="NUR100-L-A1",
="800002021",="Present",="1/20/2026",="NUR100-L-A1",
="800002021",="No class",="1/27/2026",="NUR100-L-A1",
="800002021",="Present",="2/3/2026",="NUR100-L-A1",
="800002021",="Present",="2/10/2026",="NUR100-L-A1",
="800002021",="Present",="2/17/2026",="NUR100-L-A1",
="800002021",="Present",="2/24/2026",="NUR100-L-A1",
="800002021",="Present",="3/3/2026",="NUR100-L-A1",
="800002021",="Present",="3/10/2026",="NUR100-L-A1",
="800002021",="Present",="3/17/2026",="NUR100-L-A1",
="800002021",="Present",="3/24/2026",="NUR100-L-A1",
="800002021",="Present",="3/31/2026",="NUR100-L-A1",
="800002021",="Present",="4/7/2026",="NUR100-L-A1",
="800002021",="Present",="4/14/2026",="NUR100-L-A1",
="800002021",="Tardy/Late",="1/9/2026",="COL010 -A",
="800002021",="Tardy/Late",="1/16/2026",="COL010 -A",
="800002021",="Tardy/Late",="1/23/2026",="COL010 -A",
="800002021",="Tardy/Late",="1/30/2026",="COL010 -A",
="800002021",="Present",="2/2/2026",="NUR102 - A",
="800002021",="Present",="2/9/2026",="NUR102 - A",
="800002021",="Present",="2/11/2026",="NUR102 - A",
="800002021",="Present",="2/16/2026",="NUR102 - A",
="800002021",="Present",="2/18/2026",="NUR102 - A",
="800002021",="Present",="2/23/2026",="NUR102 - A",
="800002021",="Present",="2/25/2026",="NUR102 - A",
="800002021",="Present",="3/2/2026",="NUR102 - A",
="800002021",="Present",="3/4/2026",="NUR102 - A",
="800002021",="Present",="3/9/2026",="NUR102 - A",
="800002021",="Present",="3/11/2026",="NUR102 - A",
="800002021",="Present",="3/16/2026",="NUR102 - A",
="800002021",="Present",="3/18/2026",="NUR102 - A",
="800002021",="Present",="3/23/2026",="NUR102 - A",
="800002021",="Present",="3/25/2026",="NUR102 - A",
="800002021",="Present",="3/30/2026",="NUR102 - A",
="800002021",="Present",="4/1/2026",="NUR102 - A",
="800002021",="Present",="4/13/2026",="NUR102 - A",
="800002021",="Present",="4/15/2026",="NUR102 - A",
="800002021",="Present",="2/5/2026",="NUR102-L-A1",
="800002021",="Present",="2/12/2026",="NUR102-L-A1",
="800002021",="Present",="2/19/2026",="NUR102-L-A1",
="800002021",="Present",="2/26/2026",="NUR102-L-A1",
="800002021",="Present",="3/5/2026",="NUR102-L-A1",
="800002021",="Present",="3/12/2026",="NUR102-L-A1",
="800002021",="Present",="3/19/2026",="NUR102-L-A1",
="800002021",="Present",="3/26/2026",="NUR102-L-A1",
="800002021",="Present",="4/2/2026",="NUR102-L-A1",
="800002021",="Present",="4/9/2026",="NUR102-L-A1",
="800002001",="Tardy/Late",="1/9/2026",="COL010 -A",
="800002001",="Tardy/Late",="1/16/2026",="COL010 -A",
="800002001",="Tardy/Late",="1/23/2026",="COL010 -A",
="800002001",="Tardy/Late",="1/30/2026",="COL010 -A",
="800002001",="Present",="1/6/2026",="NUR100-L-A1",
="800002001",="Present",="1/13/2026",="NUR100-L-A1",
="800002001",="Present",="1/20/2026",="NUR100-L-A1",
="800002001",="No class",="1/27/2026",="NUR100-L-A1",
="800002001",="Present",="2/3/2026",="NUR100-L-A1",
="800002001",="Present",="2/10/2026",="NUR100-L-A1",
="800002001",="Present",="2/17/2026",="NUR100-L-A1",
="800002001",="Present",="2/24/2026",="NUR100-L-A1",
="800002001",="Present",="3/3/2026",="NUR100-L-A1",
="800002001",="Present",="3/10/2026",="NUR100-L-A1",
="800002001",="Present",="3/17/2026",="NUR100-L-A1",
="800002001",="Absent",="3/24/2026",="NUR100-L-A1",
="800002001",="Present",="3/31/2026",="NUR100-L-A1",
="800002001",="Present",="4/7/2026",="NUR100-L-A1",
="800002001",="Present",="4/14/2026",="NUR100-L-A1",
="800002001",="Present",="1/5/2026",="NUR100 -A",
="800002001",="Present",="1/12/2026",="NUR100 -A",
="800002001",="Present",="1/26/2026",="NUR100 -A",
="800002001",="Present",="2/2/2026",="NUR100 -A",
="800002001",="No class",="2/9/2026",="NUR100 -A",
="800002001",="No class",="2/16/2026",="NUR100 -A",
="800002001",="Present",="2/23/2026",="NUR100 -A",
="800002001",="Present",="3/2/2026",="NUR100 -A",
="800002001",="Present",="3/9/2026",="NUR100 -A",
="800002001",="Present",="3/16/2026",="NUR100 -A",
="800002001",="Absent",="3/23/2026",="NUR100 -A",
="800002001",="Absent",="4/13/2026",="NUR100 -A",
="800002001",="Present",="1/6/2026",="AP100-A",
="800002001",="Present",="1/13/2026",="AP100-A",
="800002001",="Present",="1/20/2026",="AP100-A",
="800002001",="Present",="1/27/2026",="AP100-A",
="800002001",="Present",="2/3/2026",="AP100-A",
="800002001",="Present",="2/10/2026",="AP100-A",
="800002001",="Present",="2/17/2026",="AP100-A",
="800002001",="Present",="2/24/2026",="AP100-A",
="800002001",="Present",="3/3/2026",="AP100-A",
="800002001",="Present",="3/10/2026",="AP100-A",
="800002001",="Present",="3/17/2026",="AP100-A",
="800002001",="Absent",="3/24/2026",="AP100-A",
="800002001",="Absent",="3/31/2026",="AP100-A",
="800002001",="Absent",="4/7/2026",="AP100-A",
="800002001",="Absent",="4/14/2026",="AP100-A",
="800002001",="Present",="2/5/2026",="NUR102-L-A1",
="800002001",="Present",="2/12/2026",="NUR102-L-A1",
="800002001",="Present",="2/19/2026",="NUR102-L-A1",
="800002001",="Present",="2/26/2026",="NUR102-L-A1",
="800002001",="Present",="3/5/2026",="NUR102-L-A1",
="800002001",="Present",="3/12/2026",="NUR102-L-A1",
="800002001",="Absent",="3/19/2026",="NUR102-L-A1",
="800002001",="Absent",="3/26/2026",="NUR102-L-A1",
="800002001",="Absent",="4/2/2026",="NUR102-L-A1",
="800002001",="Absent",="4/9/2026",="NUR102-L-A1",
="800002001",="Present",="2/2/2026",="NUR102 - A",
="800002001",="Present",="2/9/2026",="NUR102 - A",
="800002001",="Present",="2/11/2026",="NUR102 - A",
="800002001",="Present",="2/16/2026",="NUR102 - A",
="800002001",="Present",="2/18/2026",="NUR102 - A",
="800002001",="Present",="2/23/2026",="NUR102 - A",
="800002001",="Present",="2/25/2026",="NUR102 - A",
="800002001",="Present",="3/2/2026",="NUR102 - A",
="800002001",="Present",="3/4/2026",="NUR102 - A",
="800002001",="Present",="3/9/2026",="NUR102 - A",
="800002001",="Present",="3/11/2026",="NUR102 - A",
="800002001",="Present",="3/16/2026",="NUR102 - A",
="800002001",="Absent",="3/18/2026",="NUR102 - A",
="800002001",="Absent",="3/23/2026",="NUR102 - A",
="800002001",="Absent",="3/25/2026",="NUR102 - A",
="800002001",="Absent",="3/30/2026",="NUR102 - A",
="800002001",="Absent",="4/1/2026",="NUR102 - A",
="800002001",="Present",="4/13/2026",="NUR102 - A",
="800002001",="Present",="4/15/2026",="NUR102 - A",
="770062103",="Present",="1/8/2026",="NUR205 -P",
="770062103",="Present",="1/15/2026",="NUR205 -P",
="770062103",="Present",="1/22/2026",="NUR205 -P",
="770062103",="Present",="1/29/2026",="NUR205 -P",
="770062103",="Present",="2/26/2026",="NUR205 -P",
="770062103",="Present",="3/5/2026",="NUR205 -P",
="770062103",="Present",="3/12/2026",="NUR205 -P",
="770062103",="Present",="3/19/2026",="NUR205 -P",
="770062103",="Present",="3/26/2026",="NUR205 -P",
="770062103",="Present",="4/16/2026",="NUR205 -P",
="770062103",="Present",="4/23/2026",="NUR205 -P",
="770062103",="No class",="1/7/2026",="NUR216-L-A",
="770062103",="No class",="1/14/2026",="NUR216-L-A",
="770062103",="No class",="1/21/2026",="NUR216-L-A",
="770062103",="No class",="1/28/2026",="NUR216-L-A",
="770062103",="Present",="2/4/2026",="NUR216-L-A",
="770062103",="No class",="2/11/2026",="NUR216-L-A",
="770062103",="No class",="2/18/2026",="NUR216-L-A",
="770062103",="Absent",="2/25/2026",="NUR216-L-A",
="770062103",="Present",="3/4/2026",="NUR216-L-A",
="770062103",="No class",="3/11/2026",="NUR216-L-A",
="770062103",="No class",="3/18/2026",="NUR216-L-A",
="770062103",="Absent",="3/25/2026",="NUR216-L-A",
="770062103",="Present",="4/1/2026",="NUR216-L-A",
="770062103",="No class",="4/8/2026",="NUR216-L-A",
="770062103",="No class",="4/15/2026",="NUR216-L-A",
="770062103",="Present",="1/8/2026",="NUR201-A",
="770062103",="Present",="1/15/2026",="NUR201-A",
="770062103",="Present",="1/22/2026",="NUR201-A",
="770062103",="Present",="1/29/2026",="NUR201-A",
="770062103",="Present",="2/5/2026",="NUR201-A",
="770062103",="No class",="2/12/2026",="NUR201-A",
="770062103",="Present",="2/26/2026",="NUR201-A",
="770062103",="Present",="3/5/2026",="NUR201-A",
="770062103",="Present",="3/12/2026",="NUR201-A",
="770062103",="Present",="3/19/2026",="NUR201-A",
="770062103",="Present",="1/8/2026",="NUR201-L-A",
="770062103",="Present",="1/15/2026",="NUR201-L-A",
="770062103",="Present",="1/22/2026",="NUR201-L-A",
="770062103",="Present",="1/29/2026",="NUR201-L-A",
="770062103",="Present",="2/5/2026",="NUR201-L-A",
="770062103",="Absent",="2/12/2026",="NUR201-L-A",
="770062103",="Present",="2/26/2026",="NUR201-L-A",
="770062103",="Present",="3/12/2026",="NUR201-L-A",
="770062103",="Present",="1/7/2026",="AP209 -A",
="770062103",="Present",="1/14/2026",="AP209 -A",
="770062103",="Present",="1/21/2026",="AP209 -A",
="770062103",="Present",="1/28/2026",="AP209 -A",
="770062103",="Present",="2/4/2026",="AP209 -A",
="770062103",="Present",="2/11/2026",="AP209 -A",
="770062103",="Present",="2/18/2026",="AP209 -A",
="770062103",="Present",="2/25/2026",="AP209 -A",
="770062103",="Present",="3/4/2026",="AP209 -A",
="770062103",="Present",="3/11/2026",="AP209 -A",
="770062103",="Present",="3/18/2026",="AP209 -A",
="770062103",="Present",="3/25/2026",="AP209 -A",
="770062103",="Present",="4/1/2026",="AP209 -A",
="770062103",="Present",="4/8/2026",="AP209 -A",
="770062103",="Present",="4/15/2026",="AP209 -A",
="770062103",="Present",="1/7/2026",="NUR216 -A",
="770062103",="Present",="1/14/2026",="NUR216 -A",
="770062103",="Present",="1/21/2026",="NUR216 -A",
="770062103",="Present",="1/28/2026",="NUR216 -A",
="770062103",="Present",="2/4/2026",="NUR216 -A",
="770062103",="No class",="2/11/2026",="NUR216 -A",
="770062103",="No class",="2/18/2026",="NUR216 -A",
="770062103",="Present",="2/25/2026",="NUR216 -A",
="770062103",="Present",="3/4/2026",="NUR216 -A",
="770062103",="Present",="3/11/2026",="NUR216 -A",
="770062103",="Present",="3/18/2026",="NUR216 -A",
="770062103",="Present",="3/25/2026",="NUR216 -A",
="770062103",="Present",="4/1/2026",="NUR216 -A",
="770062103",="Present",="4/8/2026",="NUR216 -A",
="770062103",="Absent",="4/15/2026",="NUR216 -A",
="770062103",="Present",="1/5/2026",="PHARM225-A_P",
="770062103",="Present",="1/12/2026",="PHARM225-A_P",
="770062103",="No class",="1/19/2026",="PHARM225-A_P",
="770062103",="Present",="1/26/2026",="PHARM225-A_P",
="770062103",="Present",="2/2/2026",="PHARM225-A_P",
="770062103",="Present",="2/9/2026",="PHARM225-A_P",
="770062103",="Present",="2/16/2026",="PHARM225-A_P",
="770062103",="Present",="2/23/2026",="PHARM225-A_P",
="770062103",="Tardy/Late",="3/2/2026",="PHARM225-A_P",
="770062103",="Present",="3/9/2026",="PHARM225-A_P",
="770062103",="Present",="3/16/2026",="PHARM225-A_P",
="770062103",="Present",="3/23/2026",="PHARM225-A_P",
="770062103",="Present",="3/30/2026",="PHARM225-A_P",
="770062103",="Present",="4/6/2026",="PHARM225-A_P",
="770062103",="Present",="4/13/2026",="PHARM225-A_P",
="800002042",="Present",="1/5/2026",="NUR100-P",
="800002042",="Present",="1/12/2026",="NUR100-P",
="800002042",="Present",="1/26/2026",="NUR100-P",
="800002042",="Present",="2/2/2026",="NUR100-P",
="800002042",="Present",="2/23/2026",="NUR100-P",
="800002042",="Present",="3/2/2026",="NUR100-P",
="800002042",="Present",="3/9/2026",="NUR100-P",
="800002042",="Present",="3/16/2026",="NUR100-P",
="800002042",="Present",="3/23/2026",="NUR100-P",
="800002042",="Present",="4/13/2026",="NUR100-P",
="800002042",="Present",="4/20/2026",="NUR100-P",
="800002042",="Present",="1/8/2026",="AP100-P",
="800002042",="Present",="1/15/2026",="AP100-P",
="800002042",="Present",="1/22/2026",="AP100-P",
="800002042",="Present",="1/29/2026",="AP100-P",
="800002042",="Present",="2/5/2026",="AP100-P",
="800002042",="Present",="2/12/2026",="AP100-P",
="800002042",="Present",="2/19/2026",="AP100-P",
="800002042",="Present",="2/26/2026",="AP100-P",
="800002042",="Present",="3/5/2026",="AP100-P",
="800002042",="Present",="3/12/2026",="AP100-P",
="800002042",="Present",="3/19/2026",="AP100-P",
="800002042",="Present",="3/26/2026",="AP100-P",
="800002042",="Present",="4/2/2026",="AP100-P",
="800002042",="Present",="4/9/2026",="AP100-P",
="800002042",="Present",="4/16/2026",="AP100-P",
="800002042",="Present",="1/10/2026",="COL010 - OL I",
="800002042",="Present",="1/17/2026",="COL010 - OL I",
="800002042",="Present",="1/24/2026",="COL010 - OL I",
="800002042",="Present",="1/31/2026",="COL010 - OL I",
="800002042",="Present",="2/3/2026",="NUR102 - P",
="800002042",="Present",="2/10/2026",="NUR102 - P",
="800002042",="Present",="2/11/2026",="NUR102 - P",
="800002042",="Present",="2/17/2026",="NUR102 - P",
="800002042",="Absent",="2/18/2026",="NUR102 - P",
="800002042",="Present",="2/24/2026",="NUR102 - P",
="800002042",="Present",="3/3/2026",="NUR102 - P",
="800002042",="Present",="3/10/2026",="NUR102 - P",
="800002042",="Present",="3/11/2026",="NUR102 - P",
="800002042",="Present",="3/17/2026",="NUR102 - P",
="800002042",="Present",="3/18/2026",="NUR102 - P",
="800002042",="Present",="3/24/2026",="NUR102 - P",
="800002042",="Present",="3/25/2026",="NUR102 - P",
="800002042",="Present",="3/31/2026",="NUR102 - P",
="800002042",="Present",="4/1/2026",="NUR102 - P",
="800002042",="Present",="4/14/2026",="NUR102 - P",
="800002042",="Present",="4/15/2026",="NUR102 - P",
="800002029",="Present",="1/5/2026",="NUR100-P",
="800002029",="Present",="1/12/2026",="NUR100-P",
="800002029",="Present",="1/26/2026",="NUR100-P",
="800002029",="Present",="2/2/2026",="NUR100-P",
="800002029",="Present",="2/23/2026",="NUR100-P",
="800002029",="Present",="3/2/2026",="NUR100-P",
="800002029",="Present",="3/9/2026",="NUR100-P",
="800002029",="Present",="3/16/2026",="NUR100-P",
="800002029",="Present",="3/23/2026",="NUR100-P",
="800002029",="Present",="4/13/2026",="NUR100-P",
="800002029",="Present",="4/20/2026",="NUR100-P",
="800002029",="Absent",="1/10/2026",="COL010 - OL I",
="800002029",="Present",="1/17/2026",="COL010 - OL I",
="800002029",="Present",="1/24/2026",="COL010 - OL I",
="800002029",="Absent",="1/9/2026",="ENG101 -P",
="800002029",="Present",="1/16/2026",="ENG101 -P",
="800002029",="Present",="1/23/2026",="ENG101 -P",
="800002029",="Present",="1/30/2026",="ENG101 -P",
="800002029",="Present",="2/6/2026",="ENG101 -P",
="800002029",="Present",="2/13/2026",="ENG101 -P",
="800002029",="Present",="2/20/2026",="ENG101 -P",
="800002029",="Present",="2/27/2026",="ENG101 -P",
="800002029",="Present",="3/6/2026",="ENG101 -P",
="800002029",="Present",="3/13/2026",="ENG101 -P",
="800002029",="Present",="3/20/2026",="ENG101 -P",
="800002029",="Present",="3/27/2026",="ENG101 -P",
="800002029",="Present",="4/3/2026",="ENG101 -P",
="800002029",="Present",="4/10/2026",="ENG101 -P",
="800002029",="Absent",="1/8/2026",="AP100-P",
="800002029",="Present",="1/15/2026",="AP100-P",
="800002029",="Present",="1/22/2026",="AP100-P",
="800002029",="Present",="1/29/2026",="AP100-P",
="800002029",="Present",="2/5/2026",="AP100-P",
="800002029",="Present",="2/12/2026",="AP100-P",
="800002029",="Present",="2/19/2026",="AP100-P",
="800002029",="Present",="2/26/2026",="AP100-P",
="800002029",="Absent",="3/5/2026",="AP100-P",
="800002029",="Present",="3/12/2026",="AP100-P",
="800002029",="Present",="3/19/2026",="AP100-P",
="800002029",="Present",="3/26/2026",="AP100-P",
="800002029",="Present",="4/2/2026",="AP100-P",
="800002029",="Present",="4/9/2026",="AP100-P",
="800002029",="Present",="4/16/2026",="AP100-P",
="800002029",="Present",="2/6/2026",="NUR102-L-P1",
="800002029",="Present",="2/13/2026",="NUR102-L-P1",
="800002029",="Present",="2/20/2026",="NUR102-L-P1",
="800002029",="Present",="2/27/2026",="NUR102-L-P1",
="800002029",="Present",="3/6/2026",="NUR102-L-P1",
="800002029",="Present",="3/13/2026",="NUR102-L-P1",
="800002029",="Present",="3/20/2026",="NUR102-L-P1",
="800002029",="Present",="3/27/2026",="NUR102-L-P1",
="800002029",="Present",="4/3/2026",="NUR102-L-P1",
="800002029",="Present",="4/10/2026",="NUR102-L-P1",
="800002029",="Present",="2/3/2026",="NUR102 - P",
="800002029",="Present",="2/10/2026",="NUR102 - P",
="800002029",="Present",="2/11/2026",="NUR102 - P",
="800002029",="Present",="2/17/2026",="NUR102 - P",
="800002029",="Present",="2/18/2026",="NUR102 - P",
="800002029",="Present",="2/24/2026",="NUR102 - P",
="800002029",="Present",="3/3/2026",="NUR102 - P",
="800002029",="Present",="3/10/2026",="NUR102 - P",
="800002029",="Present",="3/11/2026",="NUR102 - P",
="800002029",="Present",="3/17/2026",="NUR102 - P",
="800002029",="Present",="3/18/2026",="NUR102 - P",
="800002029",="Present",="3/24/2026",="NUR102 - P",
="800002029",="Present",="3/25/2026",="NUR102 - P",
="800002029",="Present",="3/31/2026",="NUR102 - P",
="800002029",="Present",="4/1/2026",="NUR102 - P",
="800002029",="Present",="4/14/2026",="NUR102 - P",
="800002029",="Present",="4/15/2026",="NUR102 - P",
="800001445",="Present",="1/11/2026",="SOC101 -OL",
="800001445",="Present",="1/18/2026",="SOC101 -OL",
="800001445",="Present",="1/25/2026",="SOC101 -OL",
="800001445",="Present",="2/1/2026",="SOC101 -OL",
="800001445",="Present",="2/8/2026",="SOC101 -OL",
="800001445",="Present",="2/15/2026",="SOC101 -OL",
="800001445",="Absent",="2/22/2026",="SOC101 -OL",
="800001445",="Present",="3/1/2026",="SOC101 -OL",
="800001445",="Present",="3/8/2026",="SOC101 -OL",
="800001445",="Present",="3/15/2026",="SOC101 -OL",
="800001445",="Present",="3/22/2026",="SOC101 -OL",
="800001445",="Present",="3/29/2026",="SOC101 -OL",
="800001445",="Absent",="4/5/2026",="SOC101 -OL",
="800001445",="Present",="4/12/2026",="SOC101 -OL",
="800001445",="Present",="1/10/2026",="ENG102 - OL",
="800001445",="Present",="1/18/2026",="ENG102 - OL",
="800001445",="Present",="1/25/2026",="ENG102 - OL",
="800001445",="Present",="2/1/2026",="ENG102 - OL",
="800001445",="Present",="2/8/2026",="ENG102 - OL",
="800001445",="Present",="2/15/2026",="ENG102 - OL",
="800001445",="Present",="2/22/2026",="ENG102 - OL",
="800001445",="Present",="3/1/2026",="ENG102 - OL",
="800001445",="Present",="3/8/2026",="ENG102 - OL",
="800001445",="Present",="3/15/2026",="ENG102 - OL",
="800001445",="Present",="3/22/2026",="ENG102 - OL",
="800001445",="Present",="3/29/2026",="ENG102 - OL",
="800001445",="Present",="4/5/2026",="ENG102 - OL",
="800001445",="Present",="1/6/2026",="MCB100 -A",
="800001445",="Present",="1/13/2026",="MCB100 -A",
="800001445",="Present",="1/20/2026",="MCB100 -A",
="800001445",="Present",="1/27/2026",="MCB100 -A",
="800001445",="Present",="2/3/2026",="MCB100 -A",
="800001445",="Present",="2/10/2026",="MCB100 -A",
="800001445",="Present",="2/17/2026",="MCB100 -A",
="800001445",="Present",="2/24/2026",="MCB100 -A",
="800001445",="Present",="3/3/2026",="MCB100 -A",
="800001445",="Present",="3/10/2026",="MCB100 -A",
="800001445",="Present",="3/17/2026",="MCB100 -A",
="800001445",="Present",="3/24/2026",="MCB100 -A",
="800001445",="Present",="3/31/2026",="MCB100 -A",
="800001445",="Present",="4/7/2026",="MCB100 -A",
="800001445",="Present",="4/14/2026",="MCB100 -A",
="800001445",="Present",="1/9/2026",="STAT101-A",
="800001445",="Present",="1/16/2026",="STAT101-A",
="800001445",="Present",="1/23/2026",="STAT101-A",
="800001445",="Present",="1/30/2026",="STAT101-A",
="800001445",="Present",="2/6/2026",="STAT101-A",
="800001445",="Present",="2/13/2026",="STAT101-A",
="800001445",="Present",="2/20/2026",="STAT101-A",
="800001445",="Present",="2/27/2026",="STAT101-A",
="800001445",="Present",="3/6/2026",="STAT101-A",
="800001445",="Present",="3/13/2026",="STAT101-A",
="800001445",="Present",="3/20/2026",="STAT101-A",
="800001445",="Present",="3/27/2026",="STAT101-A",
="800001445",="Present",="4/3/2026",="STAT101-A",
="800001445",="Present",="4/10/2026",="STAT101-A",
="800001856",="Present",="1/15/2026",="NUR125-L-P1",
="800001856",="Present",="1/22/2026",="NUR125-L-P1",
="800001856",="Present",="1/29/2026",="NUR125-L-P1",
="800001856",="Present",="2/5/2026",="NUR125-L-P1",
="800001856",="Present",="2/19/2026",="NUR125-L-P1",
="800001856",="Present",="3/12/2026",="NUR125-L-P1",
="800001856",="Present",="3/19/2026",="NUR125-L-P1",
="800001856",="Present",="3/26/2026",="NUR125-L-P1",
="800001856",="Present",="4/9/2026",="NUR125-L-P1",
="800001856",="Present",="4/16/2026",="NUR125-L-P1",
="800001856",="Present",="1/8/2026",="NUR125-P",
="800001856",="Present",="1/15/2026",="NUR125-P",
="800001856",="Present",="1/22/2026",="NUR125-P",
="800001856",="Present",="1/29/2026",="NUR125-P",
="800001856",="Present",="2/5/2026",="NUR125-P",
="800001856",="Present",="2/26/2026",="NUR125-P",
="800001856",="Present",="3/5/2026",="NUR125-P",
="800001856",="Present",="3/12/2026",="NUR125-P",
="800001856",="Present",="3/19/2026",="NUR125-P",
="800001856",="Present",="3/26/2026",="NUR125-P",
="800001856",="Present",="4/16/2026",="NUR125-P",
="800001439",="Present",="1/15/2026",="NUR125-L-P1",
="800001439",="Present",="1/22/2026",="NUR125-L-P1",
="800001439",="Present",="1/29/2026",="NUR125-L-P1",
="800001439",="Present",="2/5/2026",="NUR125-L-P1",
="800001439",="Present",="2/19/2026",="NUR125-L-P1",
="800001439",="Present",="3/12/2026",="NUR125-L-P1",
="800001439",="Present",="3/19/2026",="NUR125-L-P1",
="800001439",="Present",="3/26/2026",="NUR125-L-P1",
="800001439",="Present",="4/9/2026",="NUR125-L-P1",
="800001439",="Present",="4/16/2026",="NUR125-L-P1",
="800001439",="Present",="1/8/2026",="NUR125-P",
="800001439",="Present",="1/15/2026",="NUR125-P",
="800001439",="Present",="1/22/2026",="NUR125-P",
="800001439",="Present",="1/29/2026",="NUR125-P",
="800001439",="Present",="2/5/2026",="NUR125-P",
="800001439",="Present",="2/26/2026",="NUR125-P",
="800001439",="Present",="3/5/2026",="NUR125-P",
="800001439",="Present",="3/12/2026",="NUR125-P",
="800001439",="Present",="3/19/2026",="NUR125-P",
="800001439",="Present",="3/26/2026",="NUR125-P",
="800001439",="Present",="4/16/2026",="NUR125-P",
="800001884",="Present",="1/6/2026",="AP100-A",
="800001884",="Present",="1/13/2026",="AP100-A",
="800001884",="Present",="1/20/2026",="AP100-A",
="800001884",="Present",="1/27/2026",="AP100-A",
="800001884",="Present",="2/3/2026",="AP100-A",
="800001884",="Present",="2/10/2026",="AP100-A",
="800001884",="Present",="2/17/2026",="AP100-A",
="800001884",="Present",="2/24/2026",="AP100-A",
="800001884",="Present",="3/3/2026",="AP100-A",
="800001884",="Present",="3/10/2026",="AP100-A",
="800001884",="Present",="3/17/2026",="AP100-A",
="800001884",="Present",="3/24/2026",="AP100-A",
="800001884",="Present",="3/31/2026",="AP100-A",
="800001884",="Present",="4/7/2026",="AP100-A",
="800001884",="Present",="4/14/2026",="AP100-A",
="800001884",="Present",="1/5/2026",="NUR100 -A",
="800001884",="Present",="1/12/2026",="NUR100 -A",
="800001884",="Present",="1/26/2026",="NUR100 -A",
="800001884",="Present",="2/2/2026",="NUR100 -A",
="800001884",="No class",="2/9/2026",="NUR100 -A",
="800001884",="No class",="2/16/2026",="NUR100 -A",
="800001884",="Present",="2/23/2026",="NUR100 -A",
="800001884",="Present",="3/2/2026",="NUR100 -A",
="800001884",="Present",="3/9/2026",="NUR100 -A",
="800001884",="Present",="3/16/2026",="NUR100 -A",
="800001884",="Present",="3/23/2026",="NUR100 -A",
="800001884",="Present",="4/13/2026",="NUR100 -A",
="800001884",="Present",="1/8/2026",="PHARM130-A",
="800001884",="Present",="1/15/2026",="PHARM130-A",
="800001884",="Present",="1/22/2026",="PHARM130-A",
="800001884",="Present",="1/29/2026",="PHARM130-A",
="800001884",="Present",="2/5/2026",="PHARM130-A",
="800001884",="Present",="2/12/2026",="PHARM130-A",
="800001884",="Present",="2/19/2026",="PHARM130-A",
="800001884",="Present",="2/26/2026",="PHARM130-A",
="800001884",="Present",="3/5/2026",="PHARM130-A",
="800001884",="Present",="3/12/2026",="PHARM130-A",
="800001884",="Present",="3/19/2026",="PHARM130-A",
="800001884",="Present",="3/26/2026",="PHARM130-A",
="800001884",="Present",="4/2/2026",="PHARM130-A",
="800001884",="Present",="4/9/2026",="PHARM130-A",
="800001884",="Present",="4/16/2026",="PHARM130-A",
="770017870",="No class",="2/4/2026",="NUR236-L-P1",
="770017870",="No class",="2/11/2026",="NUR236-L-P1",
="770017870",="No class",="2/18/2026",="NUR236-L-P1",
="770017870",="No class",="2/25/2026",="NUR236-L-P1",
="770017870",="No class",="3/4/2026",="NUR236-L-P1",
="770017870",="No class",="3/11/2026",="NUR236-L-P1",
="770017870",="Present",="3/18/2026",="NUR236-L-P1",
="770017870",="Present",="3/25/2026",="NUR236-L-P1",
="770017870",="Present",="4/1/2026",="NUR236-L-P1",
="770017870",="Present",="4/8/2026",="NUR236-L-P1",
="770017870",="No class",="4/15/2026",="NUR236-L-P1",
="770017870",="Present",="1/8/2026",="NUR236-P",
="770017870",="Present",="1/15/2026",="NUR236-P",
="770017870",="Present",="1/22/2026",="NUR236-P",
="770017870",="Present",="1/29/2026",="NUR236-P",
="770017870",="Absent",="2/26/2026",="NUR236-P",
="770017870",="Present",="3/5/2026",="NUR236-P",
="770017870",="No class",="3/12/2026",="NUR236-P",
="770017870",="Present",="3/19/2026",="NUR236-P",
="770017870",="No class",="3/26/2026",="NUR236-P",
="770017870",="Present",="4/16/2026",="NUR236-P",
="770017870",="No class",="4/23/2026",="NUR236-P",
="800001292",="Present",="1/5/2026",="NUR265 -P",
="800001292",="Present",="1/12/2026",="NUR265 -P",
="800001292",="Present",="1/26/2026",="NUR265 -P",
="800001292",="Present",="2/2/2026",="NUR265 -P",
="800001292",="Present",="2/9/2026",="NUR265 -P",
="800001292",="Present",="2/16/2026",="NUR265 -P",
="800001292",="Present",="2/23/2026",="NUR265 -P",
="800001292",="Present",="1/7/2026",="NUR270-A",
="800001292",="Present",="1/9/2026",="NUR270-A",
="800001292",="Present",="1/16/2026",="NUR270-A",
="800001292",="Present",="1/23/2026",="NUR270-A",
="800001292",="Present",="1/30/2026",="NUR270-A",
="800001292",="Present",="2/6/2026",="NUR270-A",
="800001292",="Present",="2/13/2026",="NUR270-A",
="800001292",="Present",="2/20/2026",="NUR270-A",
="800001292",="Present",="2/27/2026",="NUR270-A",
="800001292",="Present",="3/2/2026",="NUR270-A",
="800001292",="Present",="3/3/2026",="NUR270-A",
="800001292",="Present",="3/4/2026",="NUR270-A",
="800001292",="Present",="3/6/2026",="NUR270-A",
="800001292",="Present",="3/13/2026",="NUR270-A",
="800001292",="Absent",="3/20/2026",="NUR270-A",
="800001292",="Present",="3/27/2026",="NUR270-A",
="800001292",="No class",="4/3/2026",="NUR270-A",
="800001292",="No class",="4/10/2026",="NUR270-A",
="800001292",="No class",="4/17/2026",="NUR270-A",
="800001292",="Present",="1/8/2026",="NUR255 -P",
="800001292",="Present",="1/15/2026",="NUR255 -P",
="800001292",="Present",="1/22/2026",="NUR255 -P",
="800001292",="Present",="1/29/2026",="NUR255 -P",
="800001292",="Present",="2/5/2026",="NUR255 -P",
="800001292",="Present",="2/12/2026",="NUR255 -P",
="800001292",="Present",="2/19/2026",="NUR255 -P",
="800001292",="Present",="2/26/2026",="NUR255 -P",
="800001657",="Present",="1/7/2026",="NUR216 -A",
="800001657",="Present",="1/14/2026",="NUR216 -A",
="800001657",="Present",="1/21/2026",="NUR216 -A",
="800001657",="Present",="1/28/2026",="NUR216 -A",
="800001657",="Present",="2/4/2026",="NUR216 -A",
="800001657",="No class",="2/11/2026",="NUR216 -A",
="800001657",="No class",="2/18/2026",="NUR216 -A",
="800001657",="Present",="2/25/2026",="NUR216 -A",
="800001657",="Absent",="3/4/2026",="NUR216 -A",
="800001657",="Present",="3/11/2026",="NUR216 -A",
="800001657",="Present",="3/18/2026",="NUR216 -A",
="800001657",="Present",="3/25/2026",="NUR216 -A",
="800001657",="Present",="4/1/2026",="NUR216 -A",
="800001657",="Present",="4/8/2026",="NUR216 -A",
="800001657",="Present",="4/15/2026",="NUR216 -A",
="800000722",="Absent",="1/7/2026",="NUR401",
="800000722",="Present",="1/9/2026",="NUR401",
="800000722",="Present",="1/14/2026",="NUR401",
="800000722",="Present",="1/16/2026",="NUR401",
="800000722",="Present",="1/21/2026",="NUR401",
="800000722",="Present",="1/23/2026",="NUR401",
="800000722",="Present",="1/28/2026",="NUR401",
="800000722",="Present",="1/30/2026",="NUR401",
="800000722",="Present",="2/4/2026",="NUR401",
="800000722",="Present",="2/6/2026",="NUR401",
="800000722",="Present",="2/11/2026",="NUR401",
="800000722",="Present",="2/13/2026",="NUR401",
="800000722",="No class",="2/18/2026",="NUR401",
="800000722",="Absent",="2/20/2026",="NUR401",
="800000722",="Absent",="3/13/2026",="NUR402",
="800000722",="Present",="3/18/2026",="NUR402",
="800000722",="Present",="3/20/2026",="NUR402",
="800000722",="Present",="3/25/2026",="NUR402",
="800000722",="No class",="3/27/2026",="NUR402",
="800000722",="Present",="4/1/2026",="NUR402",
="800000722",="Present",="4/3/2026",="NUR402",
="800000722",="Present",="4/8/2026",="NUR402",
="800000722",="Present",="4/10/2026",="NUR402",
="800000722",="Present",="4/15/2026",="NUR402",
="800000722",="Present",="4/17/2026",="NUR402",
="800000722",="Present",="1/7/2026",="NUR403",
="800000722",="Present",="1/9/2026",="NUR403",
="800000722",="Present",="1/14/2026",="NUR403",
="800000722",="Present",="1/16/2026",="NUR403",
="800000722",="Absent",="1/21/2026",="NUR403",
="800000722",="Present",="1/23/2026",="NUR403",
="800000722",="Present",="1/28/2026",="NUR403",
="800000722",="Present",="1/30/2026",="NUR403",
="800000722",="Present",="2/4/2026",="NUR403",
="800000722",="Present",="2/6/2026",="NUR403",
="800000722",="No class",="2/11/2026",="NUR403",
="800000722",="Present",="2/13/2026",="NUR403",
="800000722",="Present",="2/18/2026",="NUR403",
="800000722",="Present",="2/20/2026",="NUR403",
="800000722",="Present",="2/25/2026",="NUR403",
="800000722",="Present",="1/10/2026",="ENG222-OL",
="800000722",="Present",="1/17/2026",="ENG222-OL",
="800000722",="Present",="1/24/2026",="ENG222-OL",
="800000722",="Present",="1/31/2026",="ENG222-OL",
="800000722",="Present",="2/7/2026",="ENG222-OL",
="800000722",="Present",="2/14/2026",="ENG222-OL",
="800000722",="Present",="2/21/2026",="ENG222-OL",
="800000722",="Present",="2/28/2026",="ENG222-OL",
="800000722",="Present",="3/7/2026",="ENG222-OL",
="800000722",="Present",="3/14/2026",="ENG222-OL",
="800000722",="Present",="3/21/2026",="ENG222-OL",
="800000722",="Present",="3/28/2026",="ENG222-OL",
="800000722",="Present",="4/4/2026",="ENG222-OL",
="800000722",="Present",="4/11/2026",="ENG222-OL",
="800000722",="Present",="4/18/2026",="ENG222-OL",
="800000722",="Present",="3/4/2026",="NUR303",
="800000722",="Present",="3/6/2026",="NUR303",
="800000722",="Present",="3/11/2026",="NUR303",
="800000722",="Present",="3/13/2026",="NUR303",
="800000722",="Present",="3/18/2026",="NUR303",
="800000722",="Present",="3/20/2026",="NUR303",
="800000722",="Present",="3/25/2026",="NUR303",
="800000722",="Present",="3/27/2026",="NUR303",
="800000722",="Present",="4/1/2026",="NUR303",
="800000722",="Present",="4/3/2026",="NUR303",
="800000722",="Present",="4/8/2026",="NUR303",
="800000722",="Present",="4/10/2026",="NUR303",
="800000722",="Present",="4/15/2026",="NUR303",
="800000722",="Present",="4/17/2026",="NUR303",
="800000722",="Present",="4/22/2026",="NUR303",
="800000722",="Present",="4/24/2026",="NUR303",
="800000774",="Present",="1/7/2026",="NUR404",
="800000774",="Absent",="1/14/2026",="NUR404",
="800000774",="Present",="1/21/2026",="NUR404",
="800000774",="Present",="1/28/2026",="NUR404",
="800000774",="Present",="2/4/2026",="NUR404",
="800000774",="Present",="2/11/2026",="NUR404",
="800000774",="Present",="2/18/2026",="NUR404",
="800000774",="Present",="2/25/2026",="NUR404",
="800000774",="Present",="3/4/2026",="NUR404",
="800000774",="Present",="3/11/2026",="NUR404",
="800000774",="Present",="3/18/2026",="NUR404",
="800000774",="Present",="3/25/2026",="NUR404",
="800000774",="Present",="4/1/2026",="NUR404",
="800000774",="Present",="4/8/2026",="NUR404",
="800000774",="Present",="4/15/2026",="NUR404",
="800000774",="Present",="1/7/2026",="NUR470",
="800000774",="Present",="1/9/2026",="NUR470",
="800000774",="Present",="1/16/2026",="NUR470",
="800000774",="Present",="1/23/2026",="NUR470",
="800000774",="Present",="1/30/2026",="NUR470",
="800000774",="Present",="2/6/2026",="NUR470",
="800000774",="Present",="2/13/2026",="NUR470",
="800000774",="Present",="2/20/2026",="NUR470",
="800000774",="No class",="3/2/2026",="NUR470",
="800000774",="No class",="3/3/2026",="NUR470",
="800000774",="No class",="3/4/2026",="NUR470",
="800000774",="No class",="3/6/2026",="NUR470",
="800000774",="No class",="3/13/2026",="NUR470",
="800000774",="Present",="3/20/2026",="NUR470",
="800000774",="No class",="3/27/2026",="NUR470",
="800000774",="No class",="4/3/2026",="NUR470",
="800000774",="No class",="4/10/2026",="NUR470",
="800000774",="No class",="4/17/2026",="NUR470",
="800000774",="Present",="3/11/2026",="NUR490",
="800000774",="Present",="3/18/2026",="NUR490",
="800000774",="Present",="3/25/2026",="NUR490",
="800000774",="Present",="3/27/2026",="NUR490",
="800000774",="Present",="4/1/2026",="NUR490",
="800001591",="Present",="1/9/2026",="MATH 300",
="800001591",="Present",="1/16/2026",="MATH 300",
="800001591",="Present",="1/23/2026",="MATH 300",
="800001591",="Present",="1/30/2026",="MATH 300",
="800001591",="Absent",="2/6/2026",="MATH 300",
="800001591",="Present",="2/13/2026",="MATH 300",
="800001591",="Present",="2/20/2026",="MATH 300",
="800001591",="Present",="2/27/2026",="MATH 300",
="800001591",="Present",="3/6/2026",="MATH 300",
="800001591",="Present",="3/13/2026",="MATH 300",
="800001591",="Present",="3/20/2026",="MATH 300",
="800001591",="Present",="3/27/2026",="MATH 300",
="800001591",="Present",="4/3/2026",="MATH 300",
="800001591",="Present",="1/8/2026",="SCI310",
="800001591",="Present",="1/15/2026",="SCI310",
="800001591",="Present",="1/22/2026",="SCI310",
="800001591",="Present",="1/29/2026",="SCI310",
="800001591",="Present",="2/5/2026",="SCI310",
="800001591",="Present",="2/12/2026",="SCI310",
="800001591",="Present",="2/19/2026",="SCI310",
="800001591",="Present",="2/26/2026",="SCI310",
="800001591",="Present",="3/2/2026",="SCI310",
="800001591",="Present",="3/5/2026",="SCI310",
="800001591",="Present",="3/12/2026",="SCI310",
="800001591",="Present",="3/19/2026",="SCI310",
="800001591",="Present",="3/26/2026",="SCI310",
="800001591",="Present",="4/2/2026",="SCI310",
="800001591",="Present",="4/9/2026",="SCI310",
="800000927",="Present",="1/6/2026",="NUR245 - P",
="800000927",="Present",="1/13/2026",="NUR245 - P",
="800000927",="Present",="1/20/2026",="NUR245 - P",
="800000927",="Present",="1/27/2026",="NUR245 - P",
="800000927",="Present",="2/3/2026",="NUR245 - P",
="800000927",="Present",="2/24/2026",="NUR245 - P",
="800000927",="Present",="3/3/2026",="NUR245 - P",
="800000927",="Present",="3/10/2026",="NUR245 - P",
="800000927",="Present",="3/17/2026",="NUR245 - P",
="800000927",="Present",="3/24/2026",="NUR245 - P",
="800000927",="Present",="4/14/2026",="NUR245 - P",
="800000927",="Present",="4/21/2026",="NUR245 - P",
="800000927",="Present",="1/8/2026",="NUR255 -P",
="800000927",="Present",="1/15/2026",="NUR255 -P",
="800000927",="Present",="1/22/2026",="NUR255 -P",
="800000927",="Present",="1/29/2026",="NUR255 -P",
="800000927",="Present",="2/5/2026",="NUR255 -P",
="800000927",="Present",="2/12/2026",="NUR255 -P",
="800000927",="Present",="2/19/2026",="NUR255 -P",
="800000927",="Present",="2/26/2026",="NUR255 -P",
="800000927",="Present",="1/9/2026",="STAT101-A",
="800000927",="Present",="1/16/2026",="STAT101-A",
="800000927",="Absent",="1/23/2026",="STAT101-A",
="800000927",="Absent",="1/30/2026",="STAT101-A",
="800000927",="Present",="2/6/2026",="STAT101-A",
="800000927",="Present",="2/13/2026",="STAT101-A",
="800000927",="Present",="2/20/2026",="STAT101-A",
="800000927",="Present",="2/27/2026",="STAT101-A",
="800000927",="Present",="3/6/2026",="STAT101-A",
="800000927",="Present",="3/13/2026",="STAT101-A",
="800000927",="Present",="3/20/2026",="STAT101-A",
="800000927",="Present",="3/27/2026",="STAT101-A",
="800000927",="Present",="4/3/2026",="STAT101-A",
="800000927",="Present",="4/10/2026",="STAT101-A",
="800001679",="Present",="1/9/2026",="ENG101 -P",
="800001679",="Present",="1/16/2026",="ENG101 -P",
="800001679",="Present",="1/23/2026",="ENG101 -P",
="800001679",="Present",="1/30/2026",="ENG101 -P",
="800001679",="Absent",="2/6/2026",="ENG101 -P",
="800001679",="Present",="2/13/2026",="ENG101 -P",
="800001679",="Present",="2/20/2026",="ENG101 -P",
="800001679",="Present",="2/27/2026",="ENG101 -P",
="800001679",="Present",="3/6/2026",="ENG101 -P",
="800001679",="Present",="3/13/2026",="ENG101 -P",
="800001679",="Present",="3/20/2026",="ENG101 -P",
="800001679",="Absent",="3/27/2026",="ENG101 -P",
="800001679",="Present",="4/3/2026",="ENG101 -P",
="800001679",="Present",="4/10/2026",="ENG101 -P",
="800001590",="Present",="1/8/2026",="PHARM130-A",
="800001590",="Present",="1/15/2026",="PHARM130-A",
="800001590",="Present",="1/22/2026",="PHARM130-A",
="800001590",="Present",="1/29/2026",="PHARM130-A",
="800001590",="Present",="2/5/2026",="PHARM130-A",
="800001590",="Present",="2/12/2026",="PHARM130-A",
="800001590",="Present",="2/19/2026",="PHARM130-A",
="800001590",="Present",="2/26/2026",="PHARM130-A",
="800001590",="Present",="3/5/2026",="PHARM130-A",
="800001590",="Present",="3/12/2026",="PHARM130-A",
="800001590",="Present",="3/19/2026",="PHARM130-A",
="800001590",="Present",="3/26/2026",="PHARM130-A",
="800001590",="Present",="4/2/2026",="PHARM130-A",
="800001590",="Present",="4/9/2026",="PHARM130-A",
="800001590",="Present",="4/16/2026",="PHARM130-A",
="800001607",="Present",="1/11/2026",="SOC101 -OL",
="800001607",="Present",="1/18/2026",="SOC101 -OL",
="800001607",="Present",="1/25/2026",="SOC101 -OL",
="800001607",="Present",="2/1/2026",="SOC101 -OL",
="800001607",="Present",="2/8/2026",="SOC101 -OL",
="800001607",="Present",="2/15/2026",="SOC101 -OL",
="800001607",="Present",="2/22/2026",="SOC101 -OL",
="800001607",="Present",="3/1/2026",="SOC101 -OL",
="800001607",="Present",="3/8/2026",="SOC101 -OL",
="800001607",="Present",="3/15/2026",="SOC101 -OL",
="800001607",="Present",="3/22/2026",="SOC101 -OL",
="800001607",="Present",="3/29/2026",="SOC101 -OL",
="800001607",="Present",="4/5/2026",="SOC101 -OL",
="800001607",="Present",="4/12/2026",="SOC101 -OL",
="800001845",="Present",="1/8/2026",="AP100-P",
="800001845",="Present",="1/15/2026",="AP100-P",
="800001845",="Present",="1/22/2026",="AP100-P",
="800001845",="Present",="1/29/2026",="AP100-P",
="800001845",="Present",="2/5/2026",="AP100-P",
="800001845",="Present",="2/12/2026",="AP100-P",
="800001845",="Present",="2/19/2026",="AP100-P",
="800001845",="Present",="2/26/2026",="AP100-P",
="800001845",="Present",="3/5/2026",="AP100-P",
="800001845",="Absent",="3/12/2026",="AP100-P",
="800001845",="Absent",="3/19/2026",="AP100-P",
="800001845",="Present",="3/26/2026",="AP100-P",
="800001845",="Present",="4/2/2026",="AP100-P",
="800001845",="Present",="4/9/2026",="AP100-P",
="800001845",="Present",="4/16/2026",="AP100-P",
="800001845",="Absent",="1/5/2026",="NUR100-P",
="800001845",="Present",="1/12/2026",="NUR100-P",
="800001845",="Present",="1/26/2026",="NUR100-P",
="800001845",="Present",="2/2/2026",="NUR100-P",
="800001845",="Present",="2/23/2026",="NUR100-P",
="800001845",="Present",="3/2/2026",="NUR100-P",
="800001845",="Present",="3/9/2026",="NUR100-P",
="800001845",="Absent",="3/16/2026",="NUR100-P",
="800001845",="Present",="3/23/2026",="NUR100-P",
="800001845",="Present",="4/13/2026",="NUR100-P",
="800001845",="Present",="4/20/2026",="NUR100-P",
="800001845",="Present",="1/9/2026",="NUR100-L-P1",
="800001845",="Present",="1/16/2026",="NUR100-L-P1",
="800001845",="Present",="1/23/2026",="NUR100-L-P1",
="800001845",="Present",="1/30/2026",="NUR100-L-P1",
="800001845",="Present",="2/6/2026",="NUR100-L-P1",
="800001845",="Present",="2/13/2026",="NUR100-L-P1",
="800001845",="Present",="2/20/2026",="NUR100-L-P1",
="800001845",="Present",="2/27/2026",="NUR100-L-P1",
="800001845",="Present",="3/6/2026",="NUR100-L-P1",
="800001845",="Absent",="3/13/2026",="NUR100-L-P1",
="800001845",="Present",="3/20/2026",="NUR100-L-P1",
="800001845",="No class",="3/27/2026",="NUR100-L-P1",
="770000409",="Present",="1/5/2026",="NUR265 -P",
="770000409",="Present",="1/12/2026",="NUR265 -P",
="770000409",="Present",="1/26/2026",="NUR265 -P",
="770000409",="Present",="2/2/2026",="NUR265 -P",
="770000409",="Present",="2/9/2026",="NUR265 -P",
="770000409",="Present",="2/16/2026",="NUR265 -P",
="770000409",="Present",="2/23/2026",="NUR265 -P",
="770000409",="Present",="1/8/2026",="NUR255 -P",
="770000409",="Present",="1/15/2026",="NUR255 -P",
="770000409",="Present",="1/22/2026",="NUR255 -P",
="770000409",="Present",="1/29/2026",="NUR255 -P",
="770000409",="Present",="2/5/2026",="NUR255 -P",
="770000409",="Present",="2/12/2026",="NUR255 -P",
="770000409",="Present",="2/19/2026",="NUR255 -P",
="770000409",="Present",="2/26/2026",="NUR255 -P",
="770000409",="Present",="1/11/2026",="SOC101 -OL",
="770000409",="Present",="1/18/2026",="SOC101 -OL",
="770000409",="Present",="1/25/2026",="SOC101 -OL",
="770000409",="Present",="2/1/2026",="SOC101 -OL",
="770000409",="Present",="2/8/2026",="SOC101 -OL",
="770000409",="Present",="2/15/2026",="SOC101 -OL",
="770000409",="Present",="2/22/2026",="SOC101 -OL",
="770000409",="Present",="3/1/2026",="SOC101 -OL",
="770000409",="Present",="3/8/2026",="SOC101 -OL",
="770000409",="Present",="3/15/2026",="SOC101 -OL",
="770000409",="Present",="3/22/2026",="SOC101 -OL",
="770000409",="Present",="3/29/2026",="SOC101 -OL",
="770000409",="Present",="4/5/2026",="SOC101 -OL",
="770000409",="Present",="4/12/2026",="SOC101 -OL",
="770000409",="Present",="1/7/2026",="NUR270-A",
="770000409",="Present",="1/9/2026",="NUR270-A",
="770000409",="Present",="1/16/2026",="NUR270-A",
="770000409",="Present",="1/23/2026",="NUR270-A",
="770000409",="Present",="1/30/2026",="NUR270-A",
="770000409",="Present",="2/6/2026",="NUR270-A",
="770000409",="Present",="2/13/2026",="NUR270-A",
="770000409",="Present",="2/20/2026",="NUR270-A",
="770000409",="Present",="2/27/2026",="NUR270-A",
="770000409",="Present",="3/2/2026",="NUR270-A",
="770000409",="Present",="3/3/2026",="NUR270-A",
="770000409",="Present",="3/4/2026",="NUR270-A",
="770000409",="Present",="3/6/2026",="NUR270-A",
="770000409",="Present",="3/13/2026",="NUR270-A",
="770000409",="Present",="3/20/2026",="NUR270-A",
="770000409",="Present",="3/27/2026",="NUR270-A",
="770000409",="No class",="4/3/2026",="NUR270-A",
="770000409",="No class",="4/10/2026",="NUR270-A",
="770000409",="No class",="4/17/2026",="NUR270-A",
="770000409",="Absent",="1/9/2026",="STAT101-A",
="770000409",="Present",="1/16/2026",="STAT101-A",
="770000409",="Present",="1/23/2026",="STAT101-A",
="770000409",="Absent",="1/30/2026",="STAT101-A",
="770000409",="Present",="2/6/2026",="STAT101-A",
="770000409",="Present",="2/13/2026",="STAT101-A",
="770000409",="Present",="2/20/2026",="STAT101-A",
="770000409",="Present",="2/27/2026",="STAT101-A",
="770000409",="Present",="3/6/2026",="STAT101-A",
="770000409",="Present",="3/13/2026",="STAT101-A",
="770000409",="Present",="3/20/2026",="STAT101-A",
="770000409",="Present",="3/27/2026",="STAT101-A",
="770000409",="Present",="4/3/2026",="STAT101-A",
="770000409",="Present",="4/10/2026",="STAT101-A",
="770000409",="Absent",="1/10/2026",="ENG102 - OL",
="770000409",="Present",="1/18/2026",="ENG102 - OL",
="770000409",="Present",="1/25/2026",="ENG102 - OL",
="770000409",="Present",="2/1/2026",="ENG102 - OL",
="770000409",="Present",="2/8/2026",="ENG102 - OL",
="770000409",="Present",="2/15/2026",="ENG102 - OL",
="770000409",="Present",="2/22/2026",="ENG102 - OL",
="770000409",="Present",="3/1/2026",="ENG102 - OL",
="770000409",="Present",="3/8/2026",="ENG102 - OL",
="770000409",="Present",="3/15/2026",="ENG102 - OL",
="770000409",="Present",="3/22/2026",="ENG102 - OL",
="770000409",="Present",="3/29/2026",="ENG102 - OL",
="770000409",="Present",="4/5/2026",="ENG102 - OL",
="800001909",="Present",="1/10/2026",="NUT100 -OL II",
="800001909",="Present",="1/17/2026",="NUT100 -OL II",
="800001909",="Present",="1/24/2026",="NUT100 -OL II",
="800001909",="Absent",="1/31/2026",="NUT100 -OL II",
="800001909",="Present",="2/7/2026",="NUT100 -OL II",
="800001909",="Present",="2/14/2026",="NUT100 -OL II",
="800001909",="Present",="2/21/2026",="NUT100 -OL II",
="800001909",="Present",="2/28/2026",="NUT100 -OL II",
="800001909",="Present",="3/7/2026",="NUT100 -OL II",
="800001909",="Present",="3/14/2026",="NUT100 -OL II",
="800001909",="Present",="3/21/2026",="NUT100 -OL II",
="800001909",="Present",="3/28/2026",="NUT100 -OL II",
="800001909",="Present",="4/4/2026",="NUT100 -OL II",
="800001909",="Present",="4/11/2026",="NUT100 -OL II",
="800001909",="Absent",="1/9/2026",="NUR100-L-P1",
="800001909",="Absent",="1/16/2026",="NUR100-L-P1",
="800001909",="Present",="1/23/2026",="NUR100-L-P1",
="800001909",="Present",="1/30/2026",="NUR100-L-P1",
="800001909",="Present",="2/6/2026",="NUR100-L-P1",
="800001909",="Present",="2/13/2026",="NUR100-L-P1",
="800001909",="Present",="2/20/2026",="NUR100-L-P1",
="800001909",="Present",="2/27/2026",="NUR100-L-P1",
="800001909",="Present",="3/6/2026",="NUR100-L-P1",
="800001909",="Present",="3/13/2026",="NUR100-L-P1",
="800001909",="Present",="3/20/2026",="NUR100-L-P1",
="800001909",="No class",="3/27/2026",="NUR100-L-P1",
="800001909",="Present",="1/5/2026",="NUR100-P",
="800001909",="Present",="1/12/2026",="NUR100-P",
="800001909",="Present",="1/26/2026",="NUR100-P",
="800001909",="Present",="2/2/2026",="NUR100-P",
="800001909",="Present",="2/23/2026",="NUR100-P",
="800001909",="Present",="3/2/2026",="NUR100-P",
="800001909",="Present",="3/9/2026",="NUR100-P",
="800001909",="Present",="3/16/2026",="NUR100-P",
="800001909",="Present",="3/23/2026",="NUR100-P",
="800001909",="Present",="4/13/2026",="NUR100-P",
="800001909",="Present",="4/20/2026",="NUR100-P",
="800001909",="Present",="2/4/2026",="PHARM100-P-1",
="800001909",="Present",="2/11/2026",="PHARM100-P-1",
="800001909",="Present",="2/18/2026",="PHARM100-P-1",
="800001909",="Present",="2/25/2026",="PHARM100-P-1",
="800001909",="Present",="3/4/2026",="PHARM100-P-1",
="800001909",="Present",="3/11/2026",="PHARM100-P-1",
="800001909",="Present",="3/18/2026",="PHARM100-P-1",
="800001909",="Present",="3/25/2026",="PHARM100-P-1",
="800001909",="Present",="4/1/2026",="PHARM100-P-1",
="800001909",="Present",="4/8/2026",="PHARM100-P-1",
="800001322",="Present",="1/6/2026",="MCB100 -A",
="800001322",="Present",="1/13/2026",="MCB100 -A",
="800001322",="Present",="1/20/2026",="MCB100 -A",
="800001322",="Present",="1/27/2026",="MCB100 -A",
="800001322",="Present",="2/3/2026",="MCB100 -A",
="800001322",="Present",="2/10/2026",="MCB100 -A",
="800001322",="Present",="2/17/2026",="MCB100 -A",
="800001322",="Present",="2/24/2026",="MCB100 -A",
="800001322",="Present",="3/3/2026",="MCB100 -A",
="800001322",="Present",="3/10/2026",="MCB100 -A",
="800001322",="Present",="3/17/2026",="MCB100 -A",
="800001322",="Present",="3/24/2026",="MCB100 -A",
="800001322",="Present",="3/31/2026",="MCB100 -A",
="800001322",="Present",="4/7/2026",="MCB100 -A",
="800001322",="Present",="4/14/2026",="MCB100 -A",
="800001633",="Absent",="3/5/2026",="NUR140-P",
="800001633",="Present",="3/12/2026",="NUR140-P",
="800001633",="Present",="3/19/2026",="NUR140-P",
="800001633",="Present",="3/26/2026",="NUR140-P",
="800001633",="Present",="4/2/2026",="NUR140-P",
="800001633",="Present",="4/9/2026",="NUR140-P",
="800001633",="Present",="4/16/2026",="NUR140-P",
="800001633",="Present",="4/23/2026",="NUR140-P",
="800001633",="Present",="2/7/2026",="NUR120-C-P2",
="800001633",="Present",="2/10/2026",="NUR120-C-P2",
="800001633",="Present",="2/17/2026",="NUR120-C-P2",
="800001633",="Present",="2/21/2026",="NUR120-C-P2",
="800001633",="Present",="2/24/2026",="NUR120-C-P2",
="800001633",="Present",="2/28/2026",="NUR120-C-P2",
="800001633",="No class",="1/8/2026",="NUR120-L-P1",
="800001633",="Present",="1/15/2026",="NUR120-L-P1",
="800001633",="No class",="1/22/2026",="NUR120-L-P1",
="800001633",="Present",="1/29/2026",="NUR120-L-P1",
="800001633",="Present",="2/5/2026",="NUR120-L-P1",
="800001633",="Absent",="1/5/2026",="NUR120-P",
="800001633",="Absent",="1/6/2026",="NUR120-P",
="800001633",="Present",="1/12/2026",="NUR120-P",
="800001633",="Present",="1/13/2026",="NUR120-P",
="800001633",="Present",="1/20/2026",="NUR120-P",
="800001633",="Present",="1/26/2026",="NUR120-P",
="800001633",="Present",="1/27/2026",="NUR120-P",
="800001633",="Present",="2/2/2026",="NUR120-P",
="800001633",="Present",="2/3/2026",="NUR120-P",
="800001633",="Present",="2/9/2026",="NUR120-P",
="800001633",="No class",="2/10/2026",="NUR120-P",
="800001633",="Present",="2/16/2026",="NUR120-P",
="800001633",="Present",="2/17/2026",="NUR120-P",
="800001633",="Present",="2/23/2026",="NUR120-P",
="800001633",="Present",="2/24/2026",="NUR120-P",
="800001322",="Present",="1/7/2026",="AP209 -A",
="800001322",="Present",="1/14/2026",="AP209 -A",
="800001322",="Present",="1/21/2026",="AP209 -A",
="800001322",="Present",="1/28/2026",="AP209 -A",
="800001322",="Present",="2/4/2026",="AP209 -A",
="800001322",="Present",="2/11/2026",="AP209 -A",
="800001322",="Present",="2/18/2026",="AP209 -A",
="800001322",="Present",="2/25/2026",="AP209 -A",
="800001322",="Present",="3/4/2026",="AP209 -A",
="800001322",="Present",="3/11/2026",="AP209 -A",
="800001322",="Present",="3/18/2026",="AP209 -A",
="800001322",="Present",="3/25/2026",="AP209 -A",
="800001322",="Present",="4/1/2026",="AP209 -A",
="800001322",="Present",="4/8/2026",="AP209 -A",
="800001322",="Present",="4/15/2026",="AP209 -A",
="800001498",="Present",="1/5/2026",="NUR145 - P",
="800001498",="Present",="1/12/2026",="NUR145 - P",
="800001498",="Present",="1/19/2026",="NUR145 - P",
="800001498",="Present",="1/26/2026",="NUR145 - P",
="800001498",="Present",="2/2/2026",="NUR145 - P",
="800001498",="Present",="2/9/2026",="NUR145 - P",
="800001498",="Present",="2/16/2026",="NUR145 - P",
="800001498",="Present",="2/23/2026",="NUR145 - P",
="800001498",="Present",="1/30/2026",="NUR145-L-P",
="800001498",="Present",="1/7/2026",="NUR155-A",
="800001498",="Present",="1/9/2026",="NUR155-A",
="800001498",="Present",="1/16/2026",="NUR155-A",
="800001498",="Absent",="1/23/2026",="NUR155-A",
="800001498",="Present",="1/30/2026",="NUR155-A",
="800001498",="Present",="2/6/2026",="NUR155-A",
="800001498",="Present",="2/13/2026",="NUR155-A",
="800001498",="No class",="2/20/2026",="NUR155-A",
="800001498",="Present",="2/27/2026",="NUR155-A",
="800001498",="Present",="3/2/2026",="NUR155-A",
="800001498",="Present",="3/3/2026",="NUR155-A",
="800001498",="Present",="3/4/2026",="NUR155-A",
="800001498",="Present",="3/6/2026",="NUR155-A",
="800001498",="Present",="3/13/2026",="NUR155-A",
="800001498",="Present",="3/20/2026",="NUR155-A",
="800001498",="Present",="3/27/2026",="NUR155-A",
="800001498",="No class",="4/3/2026",="NUR155-A",
="800001498",="No class",="4/10/2026",="NUR155-A",
="800001955",="Present",="1/8/2026",="AP100-P",
="800001955",="Absent",="1/15/2026",="AP100-P",
="800001955",="Present",="1/22/2026",="AP100-P",
="800001955",="Present",="1/29/2026",="AP100-P",
="800001955",="Present",="2/5/2026",="AP100-P",
="800001955",="Present",="2/12/2026",="AP100-P",
="800001955",="Present",="2/19/2026",="AP100-P",
="800001955",="Present",="2/26/2026",="AP100-P",
="800001955",="Present",="3/5/2026",="AP100-P",
="800001955",="Present",="3/12/2026",="AP100-P",
="800001955",="Present",="3/19/2026",="AP100-P",
="800001955",="Present",="3/26/2026",="AP100-P",
="800001955",="Present",="4/2/2026",="AP100-P",
="800001955",="Present",="4/9/2026",="AP100-P",
="800001955",="Present",="4/16/2026",="AP100-P",
="800001955",="Present",="1/5/2026",="NUR100-P",
="800001955",="Present",="1/12/2026",="NUR100-P",
="800001955",="Present",="1/26/2026",="NUR100-P",
="800001955",="Present",="2/2/2026",="NUR100-P",
="800001955",="Present",="2/23/2026",="NUR100-P",
="800001955",="Present",="3/2/2026",="NUR100-P",
="800001955",="Present",="3/9/2026",="NUR100-P",
="800001955",="Present",="3/16/2026",="NUR100-P",
="800001955",="Present",="3/23/2026",="NUR100-P",
="800001955",="Present",="4/13/2026",="NUR100-P",
="800001955",="Present",="4/20/2026",="NUR100-P",
="800001955",="Present",="2/3/2026",="NUR102 - P",
="800001955",="Present",="2/10/2026",="NUR102 - P",
="800001955",="Present",="2/11/2026",="NUR102 - P",
="800001955",="Present",="2/17/2026",="NUR102 - P",
="800001955",="Present",="2/18/2026",="NUR102 - P",
="800001955",="Present",="2/24/2026",="NUR102 - P",
="800001955",="Present",="3/3/2026",="NUR102 - P",
="800001955",="Present",="3/10/2026",="NUR102 - P",
="800001955",="Present",="3/11/2026",="NUR102 - P",
="800001955",="Present",="3/17/2026",="NUR102 - P",
="800001955",="Present",="3/18/2026",="NUR102 - P",
="800001955",="Present",="3/24/2026",="NUR102 - P",
="800001955",="Present",="3/25/2026",="NUR102 - P",
="800001955",="Present",="3/31/2026",="NUR102 - P",
="800001955",="Present",="4/1/2026",="NUR102 - P",
="800001955",="Present",="4/14/2026",="NUR102 - P",
="800001955",="Present",="4/15/2026",="NUR102 - P",
="800001955",="Absent",="2/6/2026",="NUR102-L-P1",
="800001955",="Absent",="2/13/2026",="NUR102-L-P1",
="800001955",="Absent",="2/20/2026",="NUR102-L-P1",
="800001955",="Present",="2/27/2026",="NUR102-L-P1",
="800001955",="Present",="3/6/2026",="NUR102-L-P1",
="800001955",="Present",="3/13/2026",="NUR102-L-P1",
="800001955",="Present",="3/20/2026",="NUR102-L-P1",
="800001955",="Present",="3/27/2026",="NUR102-L-P1",
="800001955",="Present",="4/3/2026",="NUR102-L-P1",
="800001955",="Present",="4/10/2026",="NUR102-L-P1",
="800001878",="Present",="1/12/2026",="NUR120-L-A1",
="800001878",="No class",="1/19/2026",="NUR120-L-A1",
="800001878",="No class",="1/26/2026",="NUR120-L-A1",
="800001878",="Present",="2/2/2026",="NUR120-L-A1",
="800001878",="Present",="2/16/2026",="NUR120-L-A1",
="800001878",="Present",="2/23/2026",="NUR120-L-A1",
="800001878",="Absent",="1/5/2026",="NUR120-A",
="800001878",="Present",="1/6/2026",="NUR120-A",
="800001878",="Present",="1/12/2026",="NUR120-A",
="800001878",="Present",="1/13/2026",="NUR120-A",
="800001878",="Present",="1/20/2026",="NUR120-A",
="800001878",="Present",="1/26/2026",="NUR120-A",
="800001878",="Present",="1/27/2026",="NUR120-A",
="800001878",="Present",="2/2/2026",="NUR120-A",
="800001878",="Present",="2/3/2026",="NUR120-A",
="800001878",="No class",="2/9/2026",="NUR120-A",
="800001878",="Present",="2/10/2026",="NUR120-A",
="800001878",="Present",="2/16/2026",="NUR120-A",
="800001878",="Present",="2/17/2026",="NUR120-A",
="800001878",="Present",="2/23/2026",="NUR120-A",
="800001878",="Present",="2/24/2026",="NUR120-A",
="800001878",="Present",="1/8/2026",="NUR125-P",
="800001878",="Present",="1/15/2026",="NUR125-P",
="800001878",="Present",="1/22/2026",="NUR125-P",
="800001878",="Present",="1/29/2026",="NUR125-P",
="800001878",="Present",="2/5/2026",="NUR125-P",
="800001878",="Absent",="2/26/2026",="NUR125-P",
="800001878",="Present",="3/5/2026",="NUR125-P",
="800001878",="Present",="3/12/2026",="NUR125-P",
="800001878",="Present",="3/19/2026",="NUR125-P",
="800001878",="Present",="3/26/2026",="NUR125-P",
="800001878",="Present",="4/16/2026",="NUR125-P",
="800001878",="Present",="1/8/2026",="PHARM130-A",
="800001878",="Present",="1/15/2026",="PHARM130-A",
="800001878",="Present",="1/22/2026",="PHARM130-A",
="800001878",="Present",="1/29/2026",="PHARM130-A",
="800001878",="Present",="2/5/2026",="PHARM130-A",
="800001878",="Present",="2/12/2026",="PHARM130-A",
="800001878",="Present",="2/19/2026",="PHARM130-A",
="800001878",="Absent",="2/26/2026",="PHARM130-A",
="800001878",="Present",="3/5/2026",="PHARM130-A",
="800001878",="Present",="3/12/2026",="PHARM130-A",
="800001878",="Present",="3/19/2026",="PHARM130-A",
="800001878",="Present",="3/26/2026",="PHARM130-A",
="800001878",="Present",="4/2/2026",="PHARM130-A",
="800001878",="Present",="4/9/2026",="PHARM130-A",
="800001878",="Present",="4/16/2026",="PHARM130-A",
="800001878",="Present",="1/15/2026",="NUR125-L-P1",
="800001878",="Present",="1/22/2026",="NUR125-L-P1",
="800001878",="Present",="1/29/2026",="NUR125-L-P1",
="800001878",="Present",="2/5/2026",="NUR125-L-P1",
="800001878",="Absent",="2/19/2026",="NUR125-L-P1",
="800001878",="Present",="3/12/2026",="NUR125-L-P1",
="800001878",="Present",="3/19/2026",="NUR125-L-P1",
="800001878",="Present",="3/26/2026",="NUR125-L-P1",
="800001878",="Present",="4/9/2026",="NUR125-L-P1",
="800001878",="Present",="4/16/2026",="NUR125-L-P1",
="800001878",="Present",="1/10/2026",="NUT100 -OL II",
="800001878",="Present",="1/17/2026",="NUT100 -OL II",
="800001878",="Present",="1/24/2026",="NUT100 -OL II",
="800001878",="Present",="1/31/2026",="NUT100 -OL II",
="800001878",="Present",="2/7/2026",="NUT100 -OL II",
="800001878",="Present",="2/14/2026",="NUT100 -OL II",
="800001878",="Present",="2/21/2026",="NUT100 -OL II",
="800001878",="Absent",="2/28/2026",="NUT100 -OL II",
="800001878",="Present",="3/7/2026",="NUT100 -OL II",
="800001878",="Present",="3/14/2026",="NUT100 -OL II",
="800001878",="Present",="3/21/2026",="NUT100 -OL II",
="800001878",="Present",="3/28/2026",="NUT100 -OL II",
="800001878",="Present",="4/4/2026",="NUT100 -OL II",
="800001878",="Present",="4/11/2026",="NUT100 -OL II",
="800001878",="Present",="1/10/2026",="PSY101 -OL",
="800001878",="Present",="1/11/2026",="PSY101 -OL",
="800001878",="Present",="1/18/2026",="PSY101 -OL",
="800001878",="Present",="1/25/2026",="PSY101 -OL",
="800001878",="Present",="2/1/2026",="PSY101 -OL",
="800001878",="Present",="2/8/2026",="PSY101 -OL",
="800001878",="Present",="2/15/2026",="PSY101 -OL",
="800001878",="Present",="2/22/2026",="PSY101 -OL",
="800001878",="Present",="3/1/2026",="PSY101 -OL",
="800001878",="Present",="3/8/2026",="PSY101 -OL",
="800001878",="Present",="3/15/2026",="PSY101 -OL",
="800001878",="Present",="3/22/2026",="PSY101 -OL",
="800001878",="Present",="3/29/2026",="PSY101 -OL",
="800001878",="Present",="4/5/2026",="PSY101 -OL",
="800001714",="No class",="1/8/2026",="NUR120-L-P1",
="800001714",="Present",="1/15/2026",="NUR120-L-P1",
="800001714",="No class",="1/22/2026",="NUR120-L-P1",
="800001714",="Present",="1/29/2026",="NUR120-L-P1",
="800001714",="Present",="2/5/2026",="NUR120-L-P1",
="800001714",="Present",="1/5/2026",="NUR120-P",
="800001714",="Present",="1/6/2026",="NUR120-P",
="800001714",="Present",="1/12/2026",="NUR120-P",
="800001714",="Present",="1/13/2026",="NUR120-P",
="800001714",="Present",="1/20/2026",="NUR120-P",
="800001714",="Present",="1/26/2026",="NUR120-P",
="800001714",="Present",="1/27/2026",="NUR120-P",
="800001714",="Present",="2/2/2026",="NUR120-P",
="800001714",="Present",="2/3/2026",="NUR120-P",
="800001714",="Present",="2/9/2026",="NUR120-P",
="800001714",="No class",="2/10/2026",="NUR120-P",
="800001714",="Present",="2/16/2026",="NUR120-P",
="800001714",="Present",="2/17/2026",="NUR120-P",
="800001714",="Present",="2/23/2026",="NUR120-P",
="800001714",="Present",="2/24/2026",="NUR120-P",
="800002042",="Present",="1/7/2026",="ENG101 -A",
="800002042",="Present",="1/14/2026",="ENG101 -A",
="800002042",="Present",="1/21/2026",="ENG101 -A",
="800002042",="Present",="1/28/2026",="ENG101 -A",
="800002042",="Present",="2/4/2026",="ENG101 -A",
="800002042",="Present",="2/11/2026",="ENG101 -A",
="800002042",="Present",="2/18/2026",="ENG101 -A",
="800002042",="Present",="2/25/2026",="ENG101 -A",
="800002042",="Present",="3/4/2026",="ENG101 -A",
="800002042",="Present",="3/11/2026",="ENG101 -A",
="800002042",="Present",="3/18/2026",="ENG101 -A",
="800002042",="Present",="3/25/2026",="ENG101 -A",
="800002042",="Present",="4/1/2026",="ENG101 -A",
="800002042",="Present",="4/8/2026",="ENG101 -A",
="800002042",="Present",="1/6/2026",="NUR100-L-A2",
="800002042",="Present",="1/13/2026",="NUR100-L-A2",
="800002042",="Present",="1/20/2026",="NUR100-L-A2",
="800002042",="No class",="1/27/2026",="NUR100-L-A2",
="800002042",="Present",="2/3/2026",="NUR100-L-A2",
="800002042",="Present",="2/10/2026",="NUR100-L-A2",
="800002042",="Present",="2/17/2026",="NUR100-L-A2",
="800002042",="Present",="2/24/2026",="NUR100-L-A2",
="800002042",="Present",="3/3/2026",="NUR100-L-A2",
="800002042",="Present",="3/10/2026",="NUR100-L-A2",
="800002042",="Present",="3/17/2026",="NUR100-L-A2",
="800002042",="Present",="3/24/2026",="NUR100-L-A2",
="800002042",="Present",="3/31/2026",="NUR100-L-A2",
="800002042",="Present",="4/7/2026",="NUR100-L-A2",
="800001434",="Absent",="1/15/2026",="NUR125-L-P1",
="800001434",="Present",="1/22/2026",="NUR125-L-P1",
="800001434",="Present",="1/29/2026",="NUR125-L-P1",
="800001434",="Present",="2/5/2026",="NUR125-L-P1",
="800001434",="Absent",="2/19/2026",="NUR125-L-P1",
="800001434",="Present",="3/12/2026",="NUR125-L-P1",
="800001434",="Present",="3/19/2026",="NUR125-L-P1",
="800001434",="Present",="3/26/2026",="NUR125-L-P1",
="800001434",="Present",="4/9/2026",="NUR125-L-P1",
="800001434",="Present",="4/16/2026",="NUR125-L-P1",
="800001434",="Present",="1/8/2026",="NUR125-P",
="800001434",="Present",="1/15/2026",="NUR125-P",
="800001434",="Present",="1/22/2026",="NUR125-P",
="800001434",="Present",="1/29/2026",="NUR125-P",
="800001434",="Present",="2/5/2026",="NUR125-P",
="800001434",="Present",="2/26/2026",="NUR125-P",
="800001434",="Present",="3/5/2026",="NUR125-P",
="800001434",="Present",="3/12/2026",="NUR125-P",
="800001434",="Present",="3/19/2026",="NUR125-P",
="800001434",="Present",="3/26/2026",="NUR125-P",
="800001434",="Present",="4/16/2026",="NUR125-P",
="800001434",="No class",="3/11/2026",="NUR150-L-P1",
="800001434",="Present",="3/18/2026",="NUR150-L-P1",
="800001434",="Present",="3/25/2026",="NUR150-L-P1",
="800001434",="Present",="4/1/2026",="NUR150-L-P1",
="800001434",="Present",="4/8/2026",="NUR150-L-P1",
="800001434",="Present",="3/3/2026",="NUR150 -A",
="800001434",="Present",="3/4/2026",="NUR150 -A",
="800001434",="Present",="3/10/2026",="NUR150 -A",
="800001434",="Present",="3/11/2026",="NUR150 -A",
="800001434",="Present",="3/17/2026",="NUR150 -A",
="800001434",="Present",="3/18/2026",="NUR150 -A",
="800001434",="Present",="3/24/2026",="NUR150 -A",
="800001434",="Present",="3/25/2026",="NUR150 -A",
="800001434",="Present",="3/31/2026",="NUR150 -A",
="800001434",="Present",="4/1/2026",="NUR150 -A",
="800001434",="No class",="4/7/2026",="NUR150 -A",
="800001434",="No class",="4/8/2026",="NUR150 -A",
="800001434",="Present",="4/14/2026",="NUR150 -A",
="800001434",="Present",="4/15/2026",="NUR150 -A",
="800001434",="Present",="4/21/2026",="NUR150 -A",
="800001434",="Present",="1/10/2026",="PSY101 -OL",
="800001434",="Present",="1/11/2026",="PSY101 -OL",
="800001434",="Present",="1/18/2026",="PSY101 -OL",
="800001434",="Present",="1/25/2026",="PSY101 -OL",
="800001434",="Present",="2/1/2026",="PSY101 -OL",
="800001434",="Present",="2/8/2026",="PSY101 -OL",
="800001434",="Present",="2/15/2026",="PSY101 -OL",
="800001434",="Present",="2/22/2026",="PSY101 -OL",
="800001434",="Present",="3/1/2026",="PSY101 -OL",
="800001434",="Present",="3/8/2026",="PSY101 -OL",
="800001434",="Present",="3/15/2026",="PSY101 -OL",
="800001434",="Present",="3/22/2026",="PSY101 -OL",
="800001434",="Present",="3/29/2026",="PSY101 -OL",
="800001434",="Present",="4/5/2026",="PSY101 -OL",
="800001688",="Present",="1/7/2026",="NUR155-A",
="800001688",="Present",="1/9/2026",="NUR155-A",
="800001688",="Present",="1/16/2026",="NUR155-A",
="800001688",="Present",="1/23/2026",="NUR155-A",
="800001688",="Present",="1/30/2026",="NUR155-A",
="800001688",="Present",="2/6/2026",="NUR155-A",
="800001688",="Present",="2/13/2026",="NUR155-A",
="800001688",="Present",="2/20/2026",="NUR155-A",
="800001688",="Present",="2/27/2026",="NUR155-A",
="800001688",="Present",="3/2/2026",="NUR155-A",
="800001688",="Present",="3/3/2026",="NUR155-A",
="800001688",="Present",="3/4/2026",="NUR155-A",
="800001688",="Present",="3/6/2026",="NUR155-A",
="800001688",="Present",="3/13/2026",="NUR155-A",
="800001688",="Absent",="3/20/2026",="NUR155-A",
="800001688",="Present",="3/27/2026",="NUR155-A",
="800001688",="No class",="4/3/2026",="NUR155-A",
="800001688",="No class",="4/10/2026",="NUR155-A",
="800001689",="No class",="1/8/2026",="NUR120-L-P1",
="800001689",="Present",="1/15/2026",="NUR120-L-P1",
="800001689",="No class",="1/22/2026",="NUR120-L-P1",
="800001689",="Present",="1/29/2026",="NUR120-L-P1",
="800001689",="Present",="2/5/2026",="NUR120-L-P1",
="800001689",="Present",="1/14/2026",="PHARM130-P",
="800001689",="Present",="1/21/2026",="PHARM130-P",
="800001689",="Present",="1/28/2026",="PHARM130-P",
="800001689",="Present",="2/4/2026",="PHARM130-P",
="800001689",="Present",="2/11/2026",="PHARM130-P",
="800001689",="Present",="2/18/2026",="PHARM130-P",
="800001689",="Absent",="2/25/2026",="PHARM130-P",
="800001689",="Present",="3/4/2026",="PHARM130-P",
="800001689",="Present",="3/11/2026",="PHARM130-P",
="800001689",="Present",="3/18/2026",="PHARM130-P",
="800001689",="Present",="3/25/2026",="PHARM130-P",
="800001689",="Present",="4/1/2026",="PHARM130-P",
="800001689",="Present",="4/8/2026",="PHARM130-P",
="800001689",="Absent",="4/15/2026",="PHARM130-P",
="800001689",="Present",="3/9/2026",="NUR150 -L-A1",
="800001689",="Present",="3/16/2026",="NUR150 -L-A1",
="800001689",="Present",="3/23/2026",="NUR150 -L-A1",
="800001689",="Present",="3/30/2026",="NUR150 -L-A1",
="800001689",="Present",="4/6/2026",="NUR150 -L-A1",
="800001689",="Present",="1/5/2026",="NUR120-P",
="800001689",="Present",="1/6/2026",="NUR120-P",
="800001689",="Present",="1/12/2026",="NUR120-P",
="800001689",="Present",="1/13/2026",="NUR120-P",
="800001689",="Present",="1/20/2026",="NUR120-P",
="800001689",="Present",="1/26/2026",="NUR120-P",
="800001689",="Present",="1/27/2026",="NUR120-P",
="800001689",="Present",="2/2/2026",="NUR120-P",
="800001689",="Present",="2/3/2026",="NUR120-P",
="800001689",="Present",="2/9/2026",="NUR120-P",
="800001689",="No class",="2/10/2026",="NUR120-P",
="800001689",="Present",="2/16/2026",="NUR120-P",
="800001689",="Present",="2/17/2026",="NUR120-P",
="800001689",="Present",="2/23/2026",="NUR120-P",
="800001689",="Present",="2/24/2026",="NUR120-P",
="800001689",="Present",="3/3/2026",="NUR150-P",
="800001689",="Present",="3/9/2026",="NUR150-P",
="800001689",="Present",="3/10/2026",="NUR150-P",
="800001689",="Present",="3/16/2026",="NUR150-P",
="800001689",="Present",="3/17/2026",="NUR150-P",
="800001689",="Present",="3/23/2026",="NUR150-P",
="800001689",="Present",="3/24/2026",="NUR150-P",
="800001689",="Present",="3/30/2026",="NUR150-P",
="800001689",="Present",="3/31/2026",="NUR150-P",
="800001689",="No class",="4/6/2026",="NUR150-P",
="800001689",="No class",="4/7/2026",="NUR150-P",
="800001689",="Present",="4/13/2026",="NUR150-P",
="800001689",="Present",="4/14/2026",="NUR150-P",
="800001689",="Present",="4/20/2026",="NUR150-P",
="800001689",="Present",="4/21/2026",="NUR150-P",
="800001502",="Present",="2/5/2026",="NUR205-L-P1",
="800001502",="Present",="2/12/2026",="NUR205-L-P1",
="800001502",="Present",="2/19/2026",="NUR205-L-P1",
="800001502",="Present",="4/2/2026",="NUR205-L-P1",
="800001502",="Present",="4/9/2026",="NUR205-L-P1",
="800001502",="Present",="1/7/2026",="NUR216 -A",
="800001502",="Present",="1/14/2026",="NUR216 -A",
="800001502",="Present",="1/21/2026",="NUR216 -A",
="800001502",="Present",="1/28/2026",="NUR216 -A",
="800001502",="Present",="2/4/2026",="NUR216 -A",
="800001502",="No class",="2/11/2026",="NUR216 -A",
="800001502",="No class",="2/18/2026",="NUR216 -A",
="800001502",="Absent",="2/25/2026",="NUR216 -A",
="800001502",="Present",="3/4/2026",="NUR216 -A",
="800001502",="Present",="3/11/2026",="NUR216 -A",
="800001502",="Absent",="3/18/2026",="NUR216 -A",
="800001502",="Absent",="3/25/2026",="NUR216 -A",
="800001502",="Present",="4/1/2026",="NUR216 -A",
="800001502",="Present",="4/8/2026",="NUR216 -A",
="800001502",="Present",="4/15/2026",="NUR216 -A",
="800001502",="No class",="1/7/2026",="NUR216-L-A",
="800001502",="No class",="1/14/2026",="NUR216-L-A",
="800001502",="No class",="1/21/2026",="NUR216-L-A",
="800001502",="No class",="1/28/2026",="NUR216-L-A",
="800001502",="Present",="2/4/2026",="NUR216-L-A",
="800001502",="No class",="2/11/2026",="NUR216-L-A",
="800001502",="No class",="2/18/2026",="NUR216-L-A",
="800001502",="Absent",="2/25/2026",="NUR216-L-A",
="800001502",="Present",="3/4/2026",="NUR216-L-A",
="800001502",="No class",="3/11/2026",="NUR216-L-A",
="800001502",="No class",="3/18/2026",="NUR216-L-A",
="800001502",="Absent",="3/25/2026",="NUR216-L-A",
="800001502",="Present",="4/1/2026",="NUR216-L-A",
="800001502",="No class",="4/8/2026",="NUR216-L-A",
="800001502",="No class",="4/15/2026",="NUR216-L-A",
="800001502",="Present",="1/8/2026",="NUR205 -P",
="800001502",="Present",="1/15/2026",="NUR205 -P",
="800001502",="Present",="1/22/2026",="NUR205 -P",
="800001502",="Present",="1/29/2026",="NUR205 -P",
="800001502",="Present",="2/26/2026",="NUR205 -P",
="800001502",="Present",="3/5/2026",="NUR205 -P",
="800001502",="Present",="3/12/2026",="NUR205 -P",
="800001502",="Present",="3/19/2026",="NUR205 -P",
="800001502",="Present",="3/26/2026",="NUR205 -P",
="800001502",="Present",="4/16/2026",="NUR205 -P",
="800001502",="Present",="4/23/2026",="NUR205 -P",
="800001502",="Present",="1/5/2026",="PHARM225-A_P",
="800001502",="Present",="1/12/2026",="PHARM225-A_P",
="800001502",="No class",="1/19/2026",="PHARM225-A_P",
="800001502",="Present",="1/26/2026",="PHARM225-A_P",
="800001502",="Present",="2/2/2026",="PHARM225-A_P",
="800001502",="Present",="2/9/2026",="PHARM225-A_P",
="800001502",="Present",="2/16/2026",="PHARM225-A_P",
="800001502",="Present",="2/23/2026",="PHARM225-A_P",
="800001502",="Tardy/Late",="3/2/2026",="PHARM225-A_P",
="800001502",="Present",="3/9/2026",="PHARM225-A_P",
="800001502",="Present",="3/16/2026",="PHARM225-A_P",
="800001502",="Present",="3/23/2026",="PHARM225-A_P",
="800001502",="Present",="3/30/2026",="PHARM225-A_P",
="800001502",="Present",="4/6/2026",="PHARM225-A_P",
="800001502",="Present",="4/13/2026",="PHARM225-A_P",
="770000737",="Present",="2/4/2026",="PHARM100-P-1",
="770000737",="Present",="2/11/2026",="PHARM100-P-1",
="770000737",="Present",="2/18/2026",="PHARM100-P-1",
="770000737",="Present",="2/25/2026",="PHARM100-P-1",
="770000737",="Present",="3/4/2026",="PHARM100-P-1",
="770000737",="Present",="3/11/2026",="PHARM100-P-1",
="770000737",="Present",="3/18/2026",="PHARM100-P-1",
="770000737",="Present",="3/25/2026",="PHARM100-P-1",
="770000737",="Present",="4/1/2026",="PHARM100-P-1",
="770000737",="Present",="4/8/2026",="PHARM100-P-1",
="770000737",="Present",="1/10/2026",="NUT100 -OL II",
="770000737",="Present",="1/17/2026",="NUT100 -OL II",
="770000737",="Absent",="1/24/2026",="NUT100 -OL II",
="770000737",="Absent",="1/31/2026",="NUT100 -OL II",
="770000737",="Present",="2/7/2026",="NUT100 -OL II",
="770000737",="Present",="2/14/2026",="NUT100 -OL II",
="770000737",="Present",="2/21/2026",="NUT100 -OL II",
="770000737",="Present",="2/28/2026",="NUT100 -OL II",
="770000737",="Present",="3/7/2026",="NUT100 -OL II",
="770000737",="Present",="3/14/2026",="NUT100 -OL II",
="770000737",="Present",="3/21/2026",="NUT100 -OL II",
="770000737",="Present",="3/28/2026",="NUT100 -OL II",
="770000737",="Present",="4/4/2026",="NUT100 -OL II",
="770000737",="Present",="4/11/2026",="NUT100 -OL II",
="770000737",="Present",="1/5/2026",="NUR100-P",
="770000737",="Present",="1/12/2026",="NUR100-P",
="770000737",="Present",="1/26/2026",="NUR100-P",
="770000737",="Present",="2/2/2026",="NUR100-P",
="770000737",="Present",="2/23/2026",="NUR100-P",
="770000737",="Present",="3/2/2026",="NUR100-P",
="770000737",="Present",="3/9/2026",="NUR100-P",
="770000737",="Present",="3/16/2026",="NUR100-P",
="770000737",="Present",="3/23/2026",="NUR100-P",
="770000737",="Present",="4/13/2026",="NUR100-P",
="770000737",="Present",="4/20/2026",="NUR100-P",
="770000737",="Present",="1/9/2026",="NUR100-L-P1",
="770000737",="Present",="1/16/2026",="NUR100-L-P1",
="770000737",="Present",="1/23/2026",="NUR100-L-P1",
="770000737",="Present",="1/30/2026",="NUR100-L-P1",
="770000737",="Present",="2/6/2026",="NUR100-L-P1",
="770000737",="Present",="2/13/2026",="NUR100-L-P1",
="770000737",="Present",="2/20/2026",="NUR100-L-P1",
="770000737",="Present",="2/27/2026",="NUR100-L-P1",
="770000737",="Present",="3/6/2026",="NUR100-L-P1",
="770000737",="Present",="3/13/2026",="NUR100-L-P1",
="770000737",="Present",="3/20/2026",="NUR100-L-P1",
="770000737",="No class",="3/27/2026",="NUR100-L-P1",
="800001502",="Present",="1/10/2026",="HUM200 -OL",
="800001502",="Present",="1/11/2026",="HUM200 -OL",
="800001502",="Present",="1/18/2026",="HUM200 -OL",
="800001502",="Present",="1/25/2026",="HUM200 -OL",
="800001502",="Present",="2/1/2026",="HUM200 -OL",
="800001502",="Present",="2/8/2026",="HUM200 -OL",
="800001502",="Absent",="2/15/2026",="HUM200 -OL",
="800001502",="Present",="2/22/2026",="HUM200 -OL",
="800001502",="Present",="3/1/2026",="HUM200 -OL",
="800001502",="Present",="3/8/2026",="HUM200 -OL",
="800001502",="Present",="3/15/2026",="HUM200 -OL",
="800001502",="Present",="3/22/2026",="HUM200 -OL",
="800001502",="Present",="3/29/2026",="HUM200 -OL",
="800001502",="Present",="4/5/2026",="HUM200 -OL",
="800001196",="Present",="1/5/2026",="NUR265 -P",
="800001196",="Present",="1/12/2026",="NUR265 -P",
="800001196",="Present",="1/26/2026",="NUR265 -P",
="800001196",="Present",="2/2/2026",="NUR265 -P",
="800001196",="Present",="2/9/2026",="NUR265 -P",
="800001196",="Present",="2/16/2026",="NUR265 -P",
="800001196",="Present",="2/23/2026",="NUR265 -P",
="800001196",="Present",="1/7/2026",="NUR270-A",
="800001196",="Present",="1/9/2026",="NUR270-A",
="800001196",="Present",="1/16/2026",="NUR270-A",
="800001196",="Absent",="1/23/2026",="NUR270-A",
="800001196",="Present",="1/30/2026",="NUR270-A",
="800001196",="Absent",="2/6/2026",="NUR270-A",
="800001196",="Present",="2/13/2026",="NUR270-A",
="800001196",="Present",="2/20/2026",="NUR270-A",
="800001196",="Present",="2/27/2026",="NUR270-A",
="800001196",="Present",="3/2/2026",="NUR270-A",
="800001196",="Present",="3/3/2026",="NUR270-A",
="800001196",="Present",="3/4/2026",="NUR270-A",
="800001196",="Present",="3/6/2026",="NUR270-A",
="800001196",="Present",="3/13/2026",="NUR270-A",
="800001196",="Present",="3/20/2026",="NUR270-A",
="800001196",="Present",="3/27/2026",="NUR270-A",
="800001196",="No class",="4/3/2026",="NUR270-A",
="800001196",="No class",="4/10/2026",="NUR270-A",
="800001196",="No class",="4/17/2026",="NUR270-A",
="800001508",="Present",="1/7/2026",="AP209 -A",
="800001508",="Present",="1/14/2026",="AP209 -A",
="800001508",="Present",="1/21/2026",="AP209 -A",
="800001508",="Present",="1/28/2026",="AP209 -A",
="800001508",="Present",="2/4/2026",="AP209 -A",
="800001508",="Present",="2/11/2026",="AP209 -A",
="800001508",="Present",="2/18/2026",="AP209 -A",
="800001508",="Present",="2/25/2026",="AP209 -A",
="800001508",="Present",="3/4/2026",="AP209 -A",
="800001508",="Present",="3/11/2026",="AP209 -A",
="800001508",="Present",="3/18/2026",="AP209 -A",
="800001508",="Present",="3/25/2026",="AP209 -A",
="800001508",="Absent",="4/1/2026",="AP209 -A",
="800001508",="Present",="4/1/2026",="AP209 -A",
="800001508",="Absent",="4/8/2026",="AP209 -A",
="800001508",="Present",="4/8/2026",="AP209 -A",
="800001508",="Present",="4/15/2026",="AP209 -A",
="800001508",="No class",="1/7/2026",="NUR216-L-A",
="800001508",="No class",="1/14/2026",="NUR216-L-A",
="800001508",="No class",="1/21/2026",="NUR216-L-A",
="800001508",="No class",="1/28/2026",="NUR216-L-A",
="800001508",="Present",="2/4/2026",="NUR216-L-A",
="800001508",="No class",="2/11/2026",="NUR216-L-A",
="800001508",="No class",="2/18/2026",="NUR216-L-A",
="800001508",="Present",="2/25/2026",="NUR216-L-A",
="800001508",="Present",="3/4/2026",="NUR216-L-A",
="800001508",="No class",="3/11/2026",="NUR216-L-A",
="800001508",="No class",="3/18/2026",="NUR216-L-A",
="800001508",="Present",="3/25/2026",="NUR216-L-A",
="800001508",="No class",="4/1/2026",="NUR216-L-A",
="800001508",="No class",="4/8/2026",="NUR216-L-A",
="800001508",="No class",="4/15/2026",="NUR216-L-A",
="800001508",="Present",="1/7/2026",="NUR216 -A",
="800001508",="Present",="1/14/2026",="NUR216 -A",
="800001508",="Present",="1/21/2026",="NUR216 -A",
="800001508",="Present",="1/28/2026",="NUR216 -A",
="800001508",="Present",="2/4/2026",="NUR216 -A",
="800001508",="No class",="2/11/2026",="NUR216 -A",
="800001508",="No class",="2/18/2026",="NUR216 -A",
="800001508",="Present",="2/25/2026",="NUR216 -A",
="800001508",="Absent",="3/4/2026",="NUR216 -A",
="800001508",="Present",="3/11/2026",="NUR216 -A",
="800001508",="Absent",="3/18/2026",="NUR216 -A",
="800001508",="Present",="3/25/2026",="NUR216 -A",
="800001508",="Absent",="4/1/2026",="NUR216 -A",
="800001508",="Present",="4/8/2026",="NUR216 -A",
="800001508",="Absent",="4/15/2026",="NUR216 -A",
="800002044",="Present",="1/5/2026",="NUR100-P",
="800002044",="Present",="1/12/2026",="NUR100-P",
="800002044",="Present",="1/26/2026",="NUR100-P",
="800002044",="Present",="2/2/2026",="NUR100-P",
="800002044",="Present",="2/23/2026",="NUR100-P",
="800002044",="Present",="3/2/2026",="NUR100-P",
="800002044",="Present",="3/9/2026",="NUR100-P",
="800002044",="Present",="3/16/2026",="NUR100-P",
="800002044",="Absent",="3/23/2026",="NUR100-P",
="800002044",="Present",="4/13/2026",="NUR100-P",
="800002044",="Present",="4/20/2026",="NUR100-P",
="800002044",="Absent",="2/6/2026",="NUR102-L-P1",
="800002044",="Present",="2/13/2026",="NUR102-L-P1",
="800002044",="Absent",="2/20/2026",="NUR102-L-P1",
="800002044",="Present",="2/27/2026",="NUR102-L-P1",
="800002044",="No class",="3/6/2026",="NUR102-L-P1",
="800002044",="Present",="3/13/2026",="NUR102-L-P1",
="800002044",="No class",="3/20/2026",="NUR102-L-P1",
="800002044",="Present",="3/27/2026",="NUR102-L-P1",
="800002044",="Present",="4/3/2026",="NUR102-L-P1",
="800002044",="No class",="4/10/2026",="NUR102-L-P1",
="800002044",="Present",="2/3/2026",="NUR102 - P",
="800002044",="Present",="2/10/2026",="NUR102 - P",
="800002044",="Present",="2/11/2026",="NUR102 - P",
="800002044",="Present",="2/17/2026",="NUR102 - P",
="800002044",="Present",="2/18/2026",="NUR102 - P",
="800002044",="Present",="2/24/2026",="NUR102 - P",
="800002044",="Present",="3/3/2026",="NUR102 - P",
="800002044",="Present",="3/10/2026",="NUR102 - P",
="800002044",="Present",="3/11/2026",="NUR102 - P",
="800002044",="Present",="3/17/2026",="NUR102 - P",
="800002044",="Present",="3/24/2026",="NUR102 - P",
="800002044",="Present",="3/25/2026",="NUR102 - P",
="800002044",="Present",="3/31/2026",="NUR102 - P",
="800002044",="Present",="4/1/2026",="NUR102 - P",
="800002044",="Present",="4/14/2026",="NUR102 - P",
="800002044",="Present",="4/15/2026",="NUR102 - P",
="800001998",="Present",="1/9/2026",="ENG101 -P",
="800001998",="Present",="1/16/2026",="ENG101 -P",
="800001998",="Present",="1/23/2026",="ENG101 -P",
="800001998",="Present",="1/30/2026",="ENG101 -P",
="800001998",="Present",="2/6/2026",="ENG101 -P",
="800001998",="Present",="2/13/2026",="ENG101 -P",
="800001998",="Present",="2/20/2026",="ENG101 -P",
="800001998",="Present",="2/27/2026",="ENG101 -P",
="800001998",="Present",="3/6/2026",="ENG101 -P",
="800001998",="Present",="3/13/2026",="ENG101 -P",
="800001998",="Present",="3/20/2026",="ENG101 -P",
="800001998",="Present",="3/27/2026",="ENG101 -P",
="800001998",="Present",="4/3/2026",="ENG101 -P",
="800001998",="Present",="4/10/2026",="ENG101 -P",
="800001998",="Present",="1/10/2026",="PSY101 -OL",
="800001998",="Present",="1/11/2026",="PSY101 -OL",
="800001998",="Present",="1/18/2026",="PSY101 -OL",
="800001998",="Present",="1/25/2026",="PSY101 -OL",
="800001998",="Present",="2/1/2026",="PSY101 -OL",
="800001998",="Present",="2/8/2026",="PSY101 -OL",
="800001998",="Present",="2/15/2026",="PSY101 -OL",
="800001998",="Present",="2/22/2026",="PSY101 -OL",
="800001998",="Present",="3/1/2026",="PSY101 -OL",
="800001998",="Present",="3/8/2026",="PSY101 -OL",
="800001998",="Present",="3/15/2026",="PSY101 -OL",
="800001998",="Present",="3/22/2026",="PSY101 -OL",
="800001998",="Present",="3/29/2026",="PSY101 -OL",
="800001998",="Present",="4/5/2026",="PSY101 -OL",
="800001998",="Present",="1/8/2026",="AP100-P",
="800001998",="Present",="1/15/2026",="AP100-P",
="800001998",="Present",="1/22/2026",="AP100-P",
="800001998",="Present",="1/29/2026",="AP100-P",
="800001998",="Present",="2/5/2026",="AP100-P",
="800001998",="Present",="2/12/2026",="AP100-P",
="800001998",="Present",="2/19/2026",="AP100-P",
="800001998",="Present",="2/26/2026",="AP100-P",
="800001998",="Present",="3/5/2026",="AP100-P",
="800001998",="Present",="3/12/2026",="AP100-P",
="800001998",="Absent",="3/19/2026",="AP100-P",
="800001998",="Present",="3/26/2026",="AP100-P",
="800001998",="Present",="4/2/2026",="AP100-P",
="800001998",="Present",="4/9/2026",="AP100-P",
="800001998",="Present",="4/16/2026",="AP100-P",
="800001268",="No class",="2/4/2026",="NUR236-L-P1",
="800001268",="No class",="2/11/2026",="NUR236-L-P1",
="800001268",="No class",="2/18/2026",="NUR236-L-P1",
="800001268",="No class",="2/25/2026",="NUR236-L-P1",
="800001268",="No class",="3/4/2026",="NUR236-L-P1",
="800001268",="No class",="3/11/2026",="NUR236-L-P1",
="800001268",="Present",="3/18/2026",="NUR236-L-P1",
="800001268",="Present",="3/25/2026",="NUR236-L-P1",
="800001268",="Present",="4/1/2026",="NUR236-L-P1",
="800001268",="Present",="4/8/2026",="NUR236-L-P1",
="800001268",="No class",="4/15/2026",="NUR236-L-P1",
="800001268",="Absent",="1/5/2026",="NUR265 -P",
="800001268",="Present",="1/12/2026",="NUR265 -P",
="800001268",="Present",="1/26/2026",="NUR265 -P",
="800001268",="Present",="2/2/2026",="NUR265 -P",
="800001268",="Present",="2/9/2026",="NUR265 -P",
="800001268",="Present",="2/16/2026",="NUR265 -P",
="800001268",="Present",="2/23/2026",="NUR265 -P",
="800001268",="Present",="1/8/2026",="NUR236-P",
="800001268",="Present",="1/15/2026",="NUR236-P",
="800001268",="Present",="1/22/2026",="NUR236-P",
="800001268",="Present",="1/29/2026",="NUR236-P",
="800001268",="Absent",="2/26/2026",="NUR236-P",
="800001268",="Present",="3/5/2026",="NUR236-P",
="800001268",="No class",="3/12/2026",="NUR236-P",
="800001268",="Present",="3/19/2026",="NUR236-P",
="800001268",="No class",="3/26/2026",="NUR236-P",
="800001268",="Present",="4/16/2026",="NUR236-P",
="800001268",="No class",="4/23/2026",="NUR236-P",
="800002062",="Present",="1/8/2026",="AP100-P",
="800002062",="Present",="1/15/2026",="AP100-P",
="800002062",="Present",="1/22/2026",="AP100-P",
="800002062",="Present",="1/29/2026",="AP100-P",
="800002062",="Present",="2/5/2026",="AP100-P",
="800002062",="Present",="2/12/2026",="AP100-P",
="800002062",="Present",="2/19/2026",="AP100-P",
="800002062",="Present",="2/26/2026",="AP100-P",
="800002062",="Absent",="3/5/2026",="AP100-P",
="800002062",="Present",="3/12/2026",="AP100-P",
="800002062",="Present",="3/19/2026",="AP100-P",
="800002062",="Present",="3/26/2026",="AP100-P",
="800002062",="Present",="4/2/2026",="AP100-P",
="800002062",="Present",="4/9/2026",="AP100-P",
="800002062",="Present",="4/16/2026",="AP100-P",
="800002062",="Present",="1/10/2026",="COL010 - OL I",
="800002062",="Present",="1/17/2026",="COL010 - OL I",
="800002062",="Present",="1/24/2026",="COL010 - OL I",
="800002062",="Present",="1/31/2026",="COL010 - OL I",
="800002062",="Present",="1/5/2026",="NUR100-P",
="800002062",="Present",="1/12/2026",="NUR100-P",
="800002062",="Present",="1/26/2026",="NUR100-P",
="800002062",="Present",="2/2/2026",="NUR100-P",
="800002062",="Present",="2/23/2026",="NUR100-P",
="800002062",="Present",="3/2/2026",="NUR100-P",
="800002062",="Present",="3/9/2026",="NUR100-P",
="800002062",="Present",="3/16/2026",="NUR100-P",
="800002062",="Present",="3/23/2026",="NUR100-P",
="800002062",="Present",="4/13/2026",="NUR100-P",
="800002062",="Present",="4/20/2026",="NUR100-P",
="800001308",="Present",="1/8/2026",="PHARM130-A",
="800001308",="Present",="1/15/2026",="PHARM130-A",
="800001308",="Present",="1/22/2026",="PHARM130-A",
="800001308",="Present",="1/29/2026",="PHARM130-A",
="800001308",="Present",="2/5/2026",="PHARM130-A",
="800001308",="Present",="2/12/2026",="PHARM130-A",
="800001308",="Present",="2/19/2026",="PHARM130-A",
="800001308",="Absent",="2/26/2026",="PHARM130-A",
="800001308",="Present",="3/5/2026",="PHARM130-A",
="800001308",="Present",="3/12/2026",="PHARM130-A",
="800001308",="Present",="3/19/2026",="PHARM130-A",
="800001308",="Present",="3/26/2026",="PHARM130-A",
="800001308",="Present",="4/2/2026",="PHARM130-A",
="800001308",="Present",="4/9/2026",="PHARM130-A",
="800001308",="Present",="4/16/2026",="PHARM130-A",
="800001934",="Present",="1/8/2026",="PHARM130-A",
="800001934",="Absent",="1/15/2026",="PHARM130-A",
="800001934",="Present",="1/22/2026",="PHARM130-A",
="800001934",="Present",="1/29/2026",="PHARM130-A",
="800001934",="Present",="2/5/2026",="PHARM130-A",
="800001934",="Present",="2/12/2026",="PHARM130-A",
="800001934",="Absent",="2/19/2026",="PHARM130-A",
="800001934",="Present",="2/26/2026",="PHARM130-A",
="800001934",="Present",="3/5/2026",="PHARM130-A",
="800001934",="Present",="3/12/2026",="PHARM130-A",
="800001934",="Present",="3/19/2026",="PHARM130-A",
="800001934",="Present",="3/26/2026",="PHARM130-A",
="800001934",="Present",="4/2/2026",="PHARM130-A",
="800001934",="Present",="4/9/2026",="PHARM130-A",
="800001934",="Present",="4/16/2026",="PHARM130-A",
="800001934",="Present",="1/10/2026",="NUT100 -OL II",
="800001934",="Present",="1/17/2026",="NUT100 -OL II",
="800001934",="Present",="1/24/2026",="NUT100 -OL II",
="800001934",="Absent",="1/31/2026",="NUT100 -OL II",
="800001934",="Present",="2/7/2026",="NUT100 -OL II",
="800001934",="Absent",="2/14/2026",="NUT100 -OL II",
="800001934",="Absent",="2/21/2026",="NUT100 -OL II",
="800001934",="Present",="2/28/2026",="NUT100 -OL II",
="800001934",="Present",="3/7/2026",="NUT100 -OL II",
="800001934",="Present",="3/14/2026",="NUT100 -OL II",
="800001934",="Present",="3/21/2026",="NUT100 -OL II",
="800001934",="Present",="3/28/2026",="NUT100 -OL II",
="800001934",="Present",="4/4/2026",="NUT100 -OL II",
="800001934",="Present",="4/11/2026",="NUT100 -OL II",
="800001934",="Present",="1/12/2026",="NUR120-L-A1",
="800001934",="No class",="1/19/2026",="NUR120-L-A1",
="800001934",="No class",="1/26/2026",="NUR120-L-A1",
="800001934",="Present",="2/2/2026",="NUR120-L-A1",
="800001934",="Present",="2/16/2026",="NUR120-L-A1",
="800001934",="Present",="2/23/2026",="NUR120-L-A1",
="800001934",="Present",="1/5/2026",="NUR120-A",
="800001934",="Present",="1/6/2026",="NUR120-A",
="800001934",="Present",="1/12/2026",="NUR120-A",
="800001934",="Present",="1/13/2026",="NUR120-A",
="800001934",="Absent",="1/20/2026",="NUR120-A",
="800001934",="Present",="1/26/2026",="NUR120-A",
="800001934",="Absent",="1/27/2026",="NUR120-A",
="800001934",="Present",="2/2/2026",="NUR120-A",
="800001934",="Absent",="2/3/2026",="NUR120-A",
="800001850",="Present",="1/14/2026",="PHARM130-P",
="800001850",="Present",="1/21/2026",="PHARM130-P",
="800001850",="Present",="1/28/2026",="PHARM130-P",
="800001850",="Present",="2/4/2026",="PHARM130-P",
="800001850",="Present",="2/11/2026",="PHARM130-P",
="800001850",="Present",="2/18/2026",="PHARM130-P",
="800001850",="Present",="2/25/2026",="PHARM130-P",
="800001850",="Present",="3/4/2026",="PHARM130-P",
="800001850",="Present",="3/11/2026",="PHARM130-P",
="800001850",="Present",="3/18/2026",="PHARM130-P",
="800001850",="Present",="3/25/2026",="PHARM130-P",
="800001850",="Present",="4/1/2026",="PHARM130-P",
="800001850",="Present",="4/8/2026",="PHARM130-P",
="800001850",="Present",="4/15/2026",="PHARM130-P",
="800001778",="Present",="1/30/2026",="NUR145-L-P",
="800001778",="Present",="3/3/2026",="NUR150 -A",
="800001778",="Present",="3/4/2026",="NUR150 -A",
="800001778",="Present",="3/10/2026",="NUR150 -A",
="800001778",="Present",="3/11/2026",="NUR150 -A",
="800001778",="Present",="3/17/2026",="NUR150 -A",
="800001778",="Present",="3/18/2026",="NUR150 -A",
="800001778",="Present",="3/24/2026",="NUR150 -A",
="800001778",="Present",="3/25/2026",="NUR150 -A",
="800001778",="Present",="3/31/2026",="NUR150 -A",
="800001778",="Present",="4/1/2026",="NUR150 -A",
="800001778",="No class",="4/7/2026",="NUR150 -A",
="800001778",="No class",="4/8/2026",="NUR150 -A",
="800001778",="Present",="4/14/2026",="NUR150 -A",
="800001778",="Present",="4/15/2026",="NUR150 -A",
="800001778",="Present",="4/21/2026",="NUR150 -A",
="800001778",="Present",="3/9/2026",="NUR150 -L-A1",
="800001778",="Present",="3/16/2026",="NUR150 -L-A1",
="800001778",="Present",="3/23/2026",="NUR150 -L-A1",
="800001778",="Present",="3/30/2026",="NUR150 -L-A1",
="800001778",="Present",="4/6/2026",="NUR150 -L-A1",
="800001778",="Present",="1/5/2026",="NUR145 - P",
="800001778",="Present",="1/12/2026",="NUR145 - P",
="800001778",="Absent",="1/19/2026",="NUR145 - P",
="800001778",="Present",="1/26/2026",="NUR145 - P",
="800001778",="Present",="2/2/2026",="NUR145 - P",
="800001778",="Present",="2/9/2026",="NUR145 - P",
="800001778",="Present",="2/16/2026",="NUR145 - P",
="800001778",="Present",="2/23/2026",="NUR145 - P",
="800001733",="Present",="1/5/2026",="NUR120-A",
="800001733",="Present",="1/6/2026",="NUR120-A",
="800001733",="Present",="1/12/2026",="NUR120-A",
="800001733",="Present",="1/13/2026",="NUR120-A",
="800001733",="Present",="1/20/2026",="NUR120-A",
="800001733",="Present",="1/26/2026",="NUR120-A",
="800001733",="Present",="1/27/2026",="NUR120-A",
="800001733",="Present",="2/2/2026",="NUR120-A",
="800001733",="Present",="2/3/2026",="NUR120-A",
="800001733",="No class",="2/9/2026",="NUR120-A",
="800001733",="Present",="2/10/2026",="NUR120-A",
="800001733",="Present",="2/16/2026",="NUR120-A",
="800001733",="Present",="2/17/2026",="NUR120-A",
="800001733",="Present",="2/23/2026",="NUR120-A",
="800001733",="Present",="2/24/2026",="NUR120-A",
="800001733",="Present",="1/12/2026",="NUR120-L-A1",
="800001733",="No class",="1/19/2026",="NUR120-L-A1",
="800001733",="No class",="1/26/2026",="NUR120-L-A1",
="800001733",="Present",="2/2/2026",="NUR120-L-A1",
="800001733",="Present",="2/16/2026",="NUR120-L-A1",
="800001733",="Present",="2/23/2026",="NUR120-L-A1",
="800001958",="Present",="1/7/2026",="SCI102-A",
="800001958",="Present",="1/14/2026",="SCI102-A",
="800001958",="Present",="1/21/2026",="SCI102-A",
="800001958",="Absent",="1/28/2026",="SCI102-A",
="800001958",="Present",="1/28/2026",="SCI102-A",
="800001958",="Present",="2/4/2026",="SCI102-A",
="800001958",="Present",="2/11/2026",="SCI102-A",
="800001958",="Present",="2/18/2026",="SCI102-A",
="800001958",="Present",="2/25/2026",="SCI102-A",
="800001958",="Present",="3/4/2026",="SCI102-A",
="800001958",="Present",="3/11/2026",="SCI102-A",
="800001958",="Present",="3/18/2026",="SCI102-A",
="800001958",="Present",="3/25/2026",="SCI102-A",
="800001958",="Present",="4/1/2026",="SCI102-A",
="800001958",="Present",="4/8/2026",="SCI102-A",
="800001958",="Present",="4/15/2026",="SCI102-A",
="800002010",="Present",="1/6/2026",="NUR100-L-A1",
="800002010",="Present",="1/13/2026",="NUR100-L-A1",
="800002010",="Present",="1/20/2026",="NUR100-L-A1",
="800002010",="No class",="1/27/2026",="NUR100-L-A1",
="800002010",="Present",="2/3/2026",="NUR100-L-A1",
="800002010",="Present",="2/10/2026",="NUR100-L-A1",
="800002010",="Present",="2/17/2026",="NUR100-L-A1",
="800002010",="Present",="2/24/2026",="NUR100-L-A1",
="800002010",="Present",="3/3/2026",="NUR100-L-A1",
="800002010",="Present",="3/10/2026",="NUR100-L-A1",
="800002010",="Absent",="3/17/2026",="NUR100-L-A1",
="800002010",="Present",="3/24/2026",="NUR100-L-A1",
="800002010",="Present",="3/31/2026",="NUR100-L-A1",
="800002010",="Present",="4/7/2026",="NUR100-L-A1",
="800002010",="Absent",="4/14/2026",="NUR100-L-A1",
="800002010",="Present",="1/5/2026",="NUR100 -A",
="800002010",="Present",="1/12/2026",="NUR100 -A",
="800002010",="Present",="1/26/2026",="NUR100 -A",
="800002010",="Present",="2/2/2026",="NUR100 -A",
="800002010",="No class",="2/9/2026",="NUR100 -A",
="800002010",="No class",="2/16/2026",="NUR100 -A",
="800002010",="Absent",="2/23/2026",="NUR100 -A",
="800002010",="Absent",="3/2/2026",="NUR100 -A",
="800002010",="Present",="3/9/2026",="NUR100 -A",
="800002010",="Present",="3/16/2026",="NUR100 -A",
="800002010",="Present",="3/23/2026",="NUR100 -A",
="800002010",="Absent",="4/13/2026",="NUR100 -A",
="800002010",="Present",="2/5/2026",="NUR102-L-A1",
="800002010",="Present",="2/12/2026",="NUR102-L-A1",
="800002010",="Present",="2/19/2026",="NUR102-L-A1",
="800002010",="Present",="2/26/2026",="NUR102-L-A1",
="800002010",="Present",="3/5/2026",="NUR102-L-A1",
="800002010",="Present",="3/12/2026",="NUR102-L-A1",
="800002010",="Present",="3/19/2026",="NUR102-L-A1",
="800002010",="Present",="3/26/2026",="NUR102-L-A1",
="800002010",="Present",="4/2/2026",="NUR102-L-A1",
="800002010",="Present",="4/9/2026",="NUR102-L-A1",
="800002010",="Present",="2/2/2026",="NUR102 - A",
="800002010",="Present",="2/9/2026",="NUR102 - A",
="800002010",="Present",="2/11/2026",="NUR102 - A",
="800002010",="Present",="2/16/2026",="NUR102 - A",
="800002010",="Present",="2/18/2026",="NUR102 - A",
="800002010",="Absent",="2/23/2026",="NUR102 - A",
="800002010",="Present",="2/25/2026",="NUR102 - A",
="800002010",="Absent",="3/2/2026",="NUR102 - A",
="800002010",="Present",="3/4/2026",="NUR102 - A",
="800002010",="Present",="3/9/2026",="NUR102 - A",
="800002010",="Present",="3/11/2026",="NUR102 - A",
="800002010",="Present",="3/16/2026",="NUR102 - A",
="800002010",="Absent",="3/18/2026",="NUR102 - A",
="800002010",="Present",="3/23/2026",="NUR102 - A",
="800002010",="Present",="3/25/2026",="NUR102 - A",
="800002010",="Present",="3/30/2026",="NUR102 - A",
="800002010",="Present",="4/1/2026",="NUR102 - A",
="800002010",="Present",="4/13/2026",="NUR102 - A",
="800002010",="Present",="4/15/2026",="NUR102 - A",
="800001505",="Present",="1/7/2026",="NUR155-A",
="800001505",="Present",="1/9/2026",="NUR155-A",
="800001505",="Present",="1/16/2026",="NUR155-A",
="800001505",="Present",="1/23/2026",="NUR155-A",
="800001505",="Present",="1/30/2026",="NUR155-A",
="800001505",="Absent",="2/6/2026",="NUR155-A",
="800001505",="Present",="2/13/2026",="NUR155-A",
="800001505",="Present",="2/20/2026",="NUR155-A",
="800001505",="Present",="2/27/2026",="NUR155-A",
="800001505",="Present",="3/2/2026",="NUR155-A",
="800001505",="Present",="3/3/2026",="NUR155-A",
="800001505",="Present",="3/4/2026",="NUR155-A",
="800001505",="Present",="3/6/2026",="NUR155-A",
="800001505",="Present",="3/13/2026",="NUR155-A",
="800001505",="Present",="3/20/2026",="NUR155-A",
="800001505",="Present",="3/27/2026",="NUR155-A",
="800001505",="No class",="4/3/2026",="NUR155-A",
="800001505",="No class",="4/10/2026",="NUR155-A",
="800001505",="Present",="1/8/2026",="NUR140-A",
="800001505",="Present",="1/15/2026",="NUR140-A",
="800001505",="Present",="1/22/2026",="NUR140-A",
="800001505",="Present",="1/29/2026",="NUR140-A",
="800001505",="Present",="2/5/2026",="NUR140-A",
="800001505",="Present",="2/12/2026",="NUR140-A",
="800001505",="Present",="2/19/2026",="NUR140-A",
="800001505",="Present",="2/26/2026",="NUR140-A",
="800001724",="No class",="1/8/2026",="NUR120-L-P1",
="800001724",="Present",="1/15/2026",="NUR120-L-P1",
="800001724",="No class",="1/22/2026",="NUR120-L-P1",
="800001724",="Present",="1/29/2026",="NUR120-L-P1",
="800001724",="Present",="2/5/2026",="NUR120-L-P1",
="800001724",="Present",="1/5/2026",="NUR120-P",
="800001724",="Present",="1/6/2026",="NUR120-P",
="800001724",="Present",="1/12/2026",="NUR120-P",
="800001724",="Present",="1/13/2026",="NUR120-P",
="800001724",="Present",="1/20/2026",="NUR120-P",
="800001724",="Present",="1/26/2026",="NUR120-P",
="800001724",="Present",="1/27/2026",="NUR120-P",
="800001724",="Present",="2/2/2026",="NUR120-P",
="800001724",="Present",="2/3/2026",="NUR120-P",
="800001724",="Present",="2/9/2026",="NUR120-P",
="800001724",="No class",="2/10/2026",="NUR120-P",
="800001724",="Present",="2/16/2026",="NUR120-P",
="800001724",="Present",="2/17/2026",="NUR120-P",
="800001724",="Present",="2/23/2026",="NUR120-P",
="800001724",="Present",="2/24/2026",="NUR120-P",
="800001633",="Present",="3/3/2026",="NUR150-P",
="800001633",="Present",="3/9/2026",="NUR150-P",
="800001633",="Present",="3/10/2026",="NUR150-P",
="800001633",="Present",="3/16/2026",="NUR150-P",
="800001633",="Present",="3/17/2026",="NUR150-P",
="800001633",="Present",="3/23/2026",="NUR150-P",
="800001633",="Present",="3/24/2026",="NUR150-P",
="800001633",="Present",="3/30/2026",="NUR150-P",
="800001633",="Present",="3/31/2026",="NUR150-P",
="800001633",="No class",="4/6/2026",="NUR150-P",
="800001633",="No class",="4/7/2026",="NUR150-P",
="800001633",="Present",="4/13/2026",="NUR150-P",
="800001633",="Present",="4/14/2026",="NUR150-P",
="800001633",="Present",="4/20/2026",="NUR150-P",
="800001633",="Present",="4/21/2026",="NUR150-P",
="800001633",="No class",="3/11/2026",="NUR150-L-P1",
="800001633",="Present",="3/18/2026",="NUR150-L-P1",
="800001633",="Present",="3/25/2026",="NUR150-L-P1",
="800001633",="Present",="4/1/2026",="NUR150-L-P1",
="800001633",="Present",="4/8/2026",="NUR150-L-P1",
="800001830",="Present",="1/9/2026",="ENG101 -P",
="800001830",="Absent",="1/16/2026",="ENG101 -P",
="800001830",="Absent",="1/23/2026",="ENG101 -P",
="800001830",="Present",="1/30/2026",="ENG101 -P",
="800001830",="Absent",="2/6/2026",="ENG101 -P",
="800001830",="Absent",="2/13/2026",="ENG101 -P",
="800001830",="Present",="2/20/2026",="ENG101 -P",
="800001830",="Present",="2/27/2026",="ENG101 -P",
="800001830",="Present",="3/6/2026",="ENG101 -P",
="800001830",="Absent",="3/13/2026",="ENG101 -P",
="800001830",="Absent",="3/20/2026",="ENG101 -P",
="800001830",="Present",="3/27/2026",="ENG101 -P",
="800001830",="Present",="4/3/2026",="ENG101 -P",
="800001830",="Present",="4/10/2026",="ENG101 -P",
="800001830",="Present",="1/10/2026",="PSY101 -OL",
="800001830",="Present",="1/11/2026",="PSY101 -OL",
="800001830",="Present",="1/18/2026",="PSY101 -OL",
="800001830",="Absent",="1/25/2026",="PSY101 -OL",
="800001830",="Present",="2/1/2026",="PSY101 -OL",
="800001830",="Present",="2/8/2026",="PSY101 -OL",
="800001830",="Present",="2/15/2026",="PSY101 -OL",
="800001830",="Present",="2/22/2026",="PSY101 -OL",
="800001830",="Present",="3/1/2026",="PSY101 -OL",
="800001830",="Present",="3/8/2026",="PSY101 -OL",
="800001830",="Present",="3/15/2026",="PSY101 -OL",
="800001830",="Present",="3/22/2026",="PSY101 -OL",
="800001830",="Present",="3/29/2026",="PSY101 -OL",
="800001830",="Present",="4/5/2026",="PSY101 -OL",
="800002038",="Present",="1/8/2026",="NUR201-L-A",
="800002038",="Present",="1/15/2026",="NUR201-L-A",
="800002038",="Present",="1/22/2026",="NUR201-L-A",
="800002038",="Absent",="1/29/2026",="NUR201-L-A",
="800002038",="Absent",="2/5/2026",="NUR201-L-A",
="800002038",="Present",="2/12/2026",="NUR201-L-A",
="800002038",="Absent",="2/26/2026",="NUR201-L-A",
="800002038",="Absent",="3/12/2026",="NUR201-L-A",
="800002038",="Tardy/Late",="1/9/2026",="COL010 -A",
="800002038",="Tardy/Late",="1/23/2026",="COL010 -A",
="800002038",="Present",="1/7/2026",="AP209 -A",
="800002038",="Present",="1/14/2026",="AP209 -A",
="800002038",="Present",="1/21/2026",="AP209 -A",
="800002038",="Absent",="1/28/2026",="AP209 -A",
="800002038",="Absent",="2/4/2026",="AP209 -A",
="800002038",="Present",="1/8/2026",="NUR201-A",
="800002038",="Present",="1/15/2026",="NUR201-A",
="800002038",="Present",="1/22/2026",="NUR201-A",
="800002038",="Absent",="1/29/2026",="NUR201-A",
="800002038",="Absent",="2/5/2026",="NUR201-A",
="800001665",="Present",="1/5/2026",="NUR120-A",
="800001665",="Present",="1/6/2026",="NUR120-A",
="800001665",="Present",="1/12/2026",="NUR120-A",
="800001665",="Present",="1/13/2026",="NUR120-A",
="800001665",="Present",="1/20/2026",="NUR120-A",
="800001665",="Present",="1/26/2026",="NUR120-A",
="800001665",="Present",="1/27/2026",="NUR120-A",
="800001665",="Absent",="2/2/2026",="NUR120-A",
="800001665",="Absent",="2/3/2026",="NUR120-A",
="800001665",="No class",="2/9/2026",="NUR120-A",
="800001665",="Present",="2/10/2026",="NUR120-A",
="800001665",="Present",="2/16/2026",="NUR120-A",
="800001665",="Present",="2/17/2026",="NUR120-A",
="800001665",="Present",="2/23/2026",="NUR120-A",
="800001665",="Present",="2/24/2026",="NUR120-A",
="800001665",="Present",="1/7/2026",="NUR135-A",
="800001665",="Present",="1/14/2026",="NUR135-A",
="800001665",="Present",="1/21/2026",="NUR135-A",
="800001665",="Present",="1/28/2026",="NUR135-A",
="800001665",="Present",="2/4/2026",="NUR135-A",
="800001665",="Present",="2/18/2026",="NUR135-A",
="800001665",="Present",="2/25/2026",="NUR135-A",
="800001665",="No class",="2/13/2026",="NUR135-L-A1",
="800001665",="Present",="2/27/2026",="NUR135-L-A1",
="800001665",="Present",="1/12/2026",="NUR120-L-A1",
="800001665",="No class",="1/19/2026",="NUR120-L-A1",
="800001665",="No class",="1/26/2026",="NUR120-L-A1",
="800001665",="Absent",="2/2/2026",="NUR120-L-A1",
="800001665",="Present",="2/16/2026",="NUR120-L-A1",
="800001665",="Present",="2/23/2026",="NUR120-L-A1",
="800000348",="Present",="1/5/2026",="NUR120-A",
="800000348",="Present",="1/6/2026",="NUR120-A",
="800000348",="Present",="1/12/2026",="NUR120-A",
="800000348",="Present",="1/13/2026",="NUR120-A",
="800000348",="Present",="1/20/2026",="NUR120-A",
="800000348",="Present",="1/26/2026",="NUR120-A",
="800000348",="Present",="1/27/2026",="NUR120-A",
="800000348",="Present",="2/2/2026",="NUR120-A",
="800000348",="Present",="2/3/2026",="NUR120-A",
="800000348",="No class",="2/9/2026",="NUR120-A",
="800000348",="Present",="2/10/2026",="NUR120-A",
="800000348",="Present",="2/16/2026",="NUR120-A",
="800000348",="Present",="2/17/2026",="NUR120-A",
="800000348",="Present",="2/23/2026",="NUR120-A",
="800000348",="Present",="2/24/2026",="NUR120-A",
="800001650",="Present",="1/5/2026",="NUR120-A",
="800001650",="Present",="1/6/2026",="NUR120-A",
="800001650",="Present",="1/12/2026",="NUR120-A",
="800001650",="Present",="1/13/2026",="NUR120-A",
="800001650",="Present",="1/20/2026",="NUR120-A",
="800001650",="Present",="1/26/2026",="NUR120-A",
="800001650",="Present",="1/27/2026",="NUR120-A",
="800001650",="Present",="2/2/2026",="NUR120-A",
="800001650",="Present",="2/3/2026",="NUR120-A",
="800001650",="No class",="2/9/2026",="NUR120-A",
="800001650",="Present",="2/10/2026",="NUR120-A",
="800001650",="Present",="2/16/2026",="NUR120-A",
="800001650",="Present",="2/17/2026",="NUR120-A",
="800001650",="Present",="2/23/2026",="NUR120-A",
="800001650",="Present",="2/24/2026",="NUR120-A",
="800001650",="Present",="1/12/2026",="NUR120-L-A1",
="800001650",="No class",="1/19/2026",="NUR120-L-A1",
="800001650",="No class",="1/26/2026",="NUR120-L-A1",
="800001650",="Present",="2/2/2026",="NUR120-L-A1",
="800001650",="Present",="2/16/2026",="NUR120-L-A1",
="800001650",="Present",="2/23/2026",="NUR120-L-A1",
="800001324",="Present",="1/7/2026",="AP209 -A",
="800001324",="Present",="1/14/2026",="AP209 -A",
="800001324",="Present",="1/21/2026",="AP209 -A",
="800001324",="Present",="1/28/2026",="AP209 -A",
="800001324",="Present",="2/4/2026",="AP209 -A",
="800001324",="Present",="2/11/2026",="AP209 -A",
="800001324",="Present",="2/18/2026",="AP209 -A",
="800001324",="Present",="2/25/2026",="AP209 -A",
="800001324",="Present",="3/4/2026",="AP209 -A",
="800001324",="Present",="3/11/2026",="AP209 -A",
="800001324",="Present",="3/18/2026",="AP209 -A",
="800001324",="Present",="3/25/2026",="AP209 -A",
="800001324",="Present",="4/1/2026",="AP209 -A",
="800001324",="Present",="4/8/2026",="AP209 -A",
="800001324",="Present",="4/15/2026",="AP209 -A",
="800001324",="Present",="1/6/2026",="MCB100 -A",
="800001324",="Present",="1/13/2026",="MCB100 -A",
="800001324",="Present",="1/20/2026",="MCB100 -A",
="800001324",="Present",="1/27/2026",="MCB100 -A",
="800001324",="Present",="2/3/2026",="MCB100 -A",
="800001324",="Present",="2/10/2026",="MCB100 -A",
="800001324",="Present",="2/17/2026",="MCB100 -A",
="800001324",="Present",="2/24/2026",="MCB100 -A",
="800001324",="Present",="3/3/2026",="MCB100 -A",
="800001324",="Present",="3/10/2026",="MCB100 -A",
="800001324",="Present",="3/17/2026",="MCB100 -A",
="800001324",="Present",="3/24/2026",="MCB100 -A",
="800001324",="Present",="3/31/2026",="MCB100 -A",
="800001324",="Present",="4/7/2026",="MCB100 -A",
="800001324",="Present",="4/14/2026",="MCB100 -A",
="800001771",="Present",="3/3/2026",="NUR150 -A",
="800001771",="Present",="3/10/2026",="NUR150 -A",
="800001771",="Present",="3/11/2026",="NUR150 -A",
="800001771",="Present",="3/17/2026",="NUR150 -A",
="800001771",="Present",="3/18/2026",="NUR150 -A",
="800001771",="Present",="3/9/2026",="NUR150 -L-A1",
="800001771",="Present",="3/16/2026",="NUR150 -L-A1",
="800001775",="Present",="1/8/2026",="PHARM130-A",
="800001775",="Absent",="1/15/2026",="PHARM130-A",
="800001775",="Present",="1/22/2026",="PHARM130-A",
="800001775",="Present",="1/29/2026",="PHARM130-A",
="800001775",="Present",="2/5/2026",="PHARM130-A",
="800001775",="Present",="2/12/2026",="PHARM130-A",
="800001775",="Present",="2/19/2026",="PHARM130-A",
="800001775",="Present",="2/26/2026",="PHARM130-A",
="800001775",="Present",="3/5/2026",="PHARM130-A",
="800001775",="Present",="3/12/2026",="PHARM130-A",
="800001775",="Present",="3/19/2026",="PHARM130-A",
="800001775",="Present",="3/26/2026",="PHARM130-A",
="800001775",="Present",="4/2/2026",="PHARM130-A",
="800001775",="Present",="4/9/2026",="PHARM130-A",
="800001775",="Present",="4/16/2026",="PHARM130-A",
="800001775",="Present",="3/3/2026",="NUR150 -A",
="800001775",="Present",="3/4/2026",="NUR150 -A",
="800001775",="Present",="3/10/2026",="NUR150 -A",
="800001775",="Present",="3/11/2026",="NUR150 -A",
="800001775",="Present",="3/17/2026",="NUR150 -A",
="800001775",="Present",="3/18/2026",="NUR150 -A",
="800001775",="Present",="3/24/2026",="NUR150 -A",
="800001775",="Present",="3/25/2026",="NUR150 -A",
="800001775",="Present",="3/31/2026",="NUR150 -A",
="800001775",="Present",="4/1/2026",="NUR150 -A",
="800001775",="No class",="4/7/2026",="NUR150 -A",
="800001775",="No class",="4/8/2026",="NUR150 -A",
="800001775",="Present",="4/14/2026",="NUR150 -A",
="800001775",="Present",="4/15/2026",="NUR150 -A",
="800001775",="Present",="4/21/2026",="NUR150 -A",
="800001775",="Present",="3/9/2026",="NUR150 -L-A1",
="800001775",="Present",="3/16/2026",="NUR150 -L-A1",
="800001775",="Present",="3/23/2026",="NUR150 -L-A1",
="800001775",="Present",="3/30/2026",="NUR150 -L-A1",
="800001775",="Present",="4/6/2026",="NUR150 -L-A1",
="800001643",="No class",="1/8/2026",="NUR120-L-P1",
="800001643",="Present",="1/15/2026",="NUR120-L-P1",
="800001643",="No class",="1/22/2026",="NUR120-L-P1",
="800001643",="Present",="1/29/2026",="NUR120-L-P1",
="800001643",="Present",="2/5/2026",="NUR120-L-P1",
="800001775",="Present",="2/23/2026",="NUR135-L-P1",
="800001775",="Present",="1/5/2026",="NUR135-P",
="800001775",="Present",="1/12/2026",="NUR135-P",
="800001775",="Present",="1/19/2026",="NUR135-P",
="800001775",="Present",="1/26/2026",="NUR135-P",
="800001775",="Present",="2/2/2026",="NUR135-P",
="800001775",="Present",="2/9/2026",="NUR135-P",
="800001775",="Present",="2/16/2026",="NUR135-P",
="800001775",="Present",="2/23/2026",="NUR135-P",
="800001643",="Present",="3/5/2026",="NUR140-P",
="800001643",="Present",="3/12/2026",="NUR140-P",
="800001643",="Present",="3/19/2026",="NUR140-P",
="800001643",="Present",="3/26/2026",="NUR140-P",
="800001643",="Present",="4/2/2026",="NUR140-P",
="800001643",="Present",="4/9/2026",="NUR140-P",
="800001643",="Present",="4/16/2026",="NUR140-P",
="800001643",="Present",="4/23/2026",="NUR140-P",
="800001548",="No class",="2/12/2026",="NUR225-L-P",
="800001548",="Absent",="2/19/2026",="NUR225-L-P",
="800001548",="No class",="4/2/2026",="NUR225-L-P",
="800001548",="No class",="4/9/2026",="NUR225-L-P",
="800001548",="Present",="1/5/2026",="PHARM225-B_P",
="800001548",="Absent",="1/12/2026",="PHARM225-B_P",
="800001548",="No class",="1/19/2026",="PHARM225-B_P",
="800001548",="Present",="1/26/2026",="PHARM225-B_P",
="800001548",="Present",="2/2/2026",="PHARM225-B_P",
="800001548",="Present",="2/9/2026",="PHARM225-B_P",
="800001548",="Present",="2/16/2026",="PHARM225-B_P",
="800001548",="Present",="2/23/2026",="PHARM225-B_P",
="800001548",="Present",="3/2/2026",="PHARM225-B_P",
="800001548",="Absent",="3/9/2026",="PHARM225-B_P",
="800001548",="Present",="3/16/2026",="PHARM225-B_P",
="800001548",="Present",="3/23/2026",="PHARM225-B_P",
="800001548",="Present",="3/30/2026",="PHARM225-B_P",
="800001548",="Present",="4/6/2026",="PHARM225-B_P",
="800001548",="Present",="4/13/2026",="PHARM225-B_P",
="800001548",="Present",="1/6/2026",="NUR245 - P",
="800001548",="Present",="1/13/2026",="NUR245 - P",
="800001548",="Present",="1/20/2026",="NUR245 - P",
="800001548",="Present",="1/27/2026",="NUR245 - P",
="800001548",="Present",="2/3/2026",="NUR245 - P",
="800001548",="Present",="2/24/2026",="NUR245 - P",
="800001548",="Present",="3/3/2026",="NUR245 - P",
="800001548",="Present",="3/10/2026",="NUR245 - P",
="800001548",="Present",="3/17/2026",="NUR245 - P",
="800001548",="Present",="3/24/2026",="NUR245 - P",
="800001548",="Present",="4/14/2026",="NUR245 - P",
="800001548",="Present",="4/21/2026",="NUR245 - P",
="800001548",="Present",="1/8/2026",="NUR236-P",
="800001548",="Present",="1/15/2026",="NUR236-P",
="800001548",="Present",="1/22/2026",="NUR236-P",
="800001548",="Present",="1/29/2026",="NUR236-P",
="800001548",="Present",="2/26/2026",="NUR236-P",
="800001548",="Present",="3/5/2026",="NUR236-P",
="800001548",="No class",="3/12/2026",="NUR236-P",
="800001548",="Present",="3/19/2026",="NUR236-P",
="800001548",="No class",="3/26/2026",="NUR236-P",
="800001548",="Present",="4/16/2026",="NUR236-P",
="800001548",="No class",="4/23/2026",="NUR236-P",
="770017870",="Present",="1/5/2026",="NUR265 -P",
="770017870",="Present",="1/12/2026",="NUR265 -P",
="770017870",="Present",="1/26/2026",="NUR265 -P",
="770017870",="Present",="2/2/2026",="NUR265 -P",
="770017870",="Present",="2/9/2026",="NUR265 -P",
="770017870",="Present",="2/16/2026",="NUR265 -P",
="770017870",="Present",="2/23/2026",="NUR265 -P",
="800001860",="Present",="1/14/2026",="PHARM130-P",
="800001860",="Present",="1/21/2026",="PHARM130-P",
="800001860",="Present",="1/28/2026",="PHARM130-P",
="800001860",="Present",="2/4/2026",="PHARM130-P",
="800001860",="Present",="2/11/2026",="PHARM130-P",
="800001860",="Present",="2/18/2026",="PHARM130-P",
="800001860",="Present",="2/25/2026",="PHARM130-P",
="800001860",="Present",="3/4/2026",="PHARM130-P",
="800001860",="Present",="3/11/2026",="PHARM130-P",
="800001860",="Present",="3/18/2026",="PHARM130-P",
="800001860",="Present",="3/25/2026",="PHARM130-P",
="800001860",="Present",="4/1/2026",="PHARM130-P",
="800001860",="Present",="4/8/2026",="PHARM130-P",
="800001860",="Present",="4/15/2026",="PHARM130-P",
="800001905",="Present",="1/8/2026",="NUR125-P",
="800001905",="Absent",="1/15/2026",="NUR125-P",
="800001905",="Absent",="1/22/2026",="NUR125-P",
="800001905",="Absent",="1/29/2026",="NUR125-P",
="800001905",="Present",="2/5/2026",="NUR125-P",
="800001905",="Present",="2/26/2026",="NUR125-P",
="800001905",="Present",="3/5/2026",="NUR125-P",
="800001905",="Present",="3/12/2026",="NUR125-P",
="800001905",="Present",="3/19/2026",="NUR125-P",
="800001905",="Present",="3/26/2026",="NUR125-P",
="800001905",="Present",="4/16/2026",="NUR125-P",
="800001905",="Present",="1/5/2026",="NUR120-A",
="800001905",="Present",="1/6/2026",="NUR120-A",
="800001905",="Present",="1/12/2026",="NUR120-A",
="800001905",="Present",="1/13/2026",="NUR120-A",
="800001905",="Present",="1/20/2026",="NUR120-A",
="800001905",="Present",="1/26/2026",="NUR120-A",
="800001905",="Absent",="1/27/2026",="NUR120-A",
="800001905",="Present",="2/2/2026",="NUR120-A",
="800001905",="Present",="2/3/2026",="NUR120-A",
="800001905",="Absent",="1/10/2026",="NUT100 -OL II",
="800001905",="Present",="1/17/2026",="NUT100 -OL II",
="800001905",="Present",="1/24/2026",="NUT100 -OL II",
="800001905",="Present",="1/31/2026",="NUT100 -OL II",
="800001905",="Present",="2/7/2026",="NUT100 -OL II",
="800001905",="Present",="2/14/2026",="NUT100 -OL II",
="800001905",="Present",="2/21/2026",="NUT100 -OL II",
="800001905",="Absent",="2/28/2026",="NUT100 -OL II",
="800001905",="Present",="3/7/2026",="NUT100 -OL II",
="800001905",="Present",="3/14/2026",="NUT100 -OL II",
="800001905",="Present",="3/21/2026",="NUT100 -OL II",
="800001905",="Present",="3/28/2026",="NUT100 -OL II",
="800001905",="Present",="4/4/2026",="NUT100 -OL II",
="800001905",="Present",="4/11/2026",="NUT100 -OL II",
="800001905",="Present",="1/12/2026",="NUR120-L-A1",
="800001905",="No class",="1/19/2026",="NUR120-L-A1",
="800001905",="No class",="1/26/2026",="NUR120-L-A1",
="800001905",="Absent",="2/2/2026",="NUR120-L-A1",
="800001905",="Present",="2/16/2026",="NUR120-L-A1",
="800001905",="Present",="2/23/2026",="NUR120-L-A1",
="800001905",="Present",="2/5/2026",="NUR125-L-P1",
="800001905",="Present",="2/19/2026",="NUR125-L-P1",
="800001905",="Present",="3/12/2026",="NUR125-L-P1",
="800001905",="Present",="3/19/2026",="NUR125-L-P1",
="800001905",="Present",="3/26/2026",="NUR125-L-P1",
="800001905",="Present",="4/9/2026",="NUR125-L-P1",
="800001905",="Present",="4/16/2026",="NUR125-L-P1",
="800001905",="Present",="1/8/2026",="PHARM130-A",
="800001905",="Present",="1/15/2026",="PHARM130-A",
="800001905",="Present",="1/22/2026",="PHARM130-A",
="800001905",="Present",="1/29/2026",="PHARM130-A",
="800001905",="Present",="2/5/2026",="PHARM130-A",
="800001905",="Present",="2/12/2026",="PHARM130-A",
="800001905",="Present",="2/19/2026",="PHARM130-A",
="800001905",="Present",="2/26/2026",="PHARM130-A",
="800001905",="Present",="3/5/2026",="PHARM130-A",
="800001905",="Present",="3/12/2026",="PHARM130-A",
="800001905",="Present",="3/19/2026",="PHARM130-A",
="800001905",="Present",="3/26/2026",="PHARM130-A",
="800001905",="Present",="4/2/2026",="PHARM130-A",
="800001905",="Present",="4/9/2026",="PHARM130-A",
="800001905",="Present",="4/16/2026",="PHARM130-A",
="800001963",="Present",="1/10/2026",="ENG222-OL",
="800001963",="Present",="1/17/2026",="ENG222-OL",
="800001963",="Present",="1/24/2026",="ENG222-OL",
="800001963",="Present",="1/31/2026",="ENG222-OL",
="800001963",="Present",="2/7/2026",="ENG222-OL",
="800001963",="Present",="2/14/2026",="ENG222-OL",
="800001963",="Present",="2/21/2026",="ENG222-OL",
="800001963",="Present",="2/28/2026",="ENG222-OL",
="800001963",="Present",="3/7/2026",="ENG222-OL",
="800001963",="Present",="3/14/2026",="ENG222-OL",
="800001963",="Present",="3/21/2026",="ENG222-OL",
="800001963",="Present",="3/28/2026",="ENG222-OL",
="800001963",="Present",="4/4/2026",="ENG222-OL",
="800001963",="Present",="4/11/2026",="ENG222-OL",
="800001963",="Present",="4/18/2026",="ENG222-OL",
="800001963",="Present",="1/7/2026",="SCI102-A",
="800001963",="Present",="1/14/2026",="SCI102-A",
="800001963",="Present",="1/21/2026",="SCI102-A",
="800001963",="Present",="1/28/2026",="SCI102-A",
="800001963",="Present",="2/4/2026",="SCI102-A",
="800001963",="Present",="2/11/2026",="SCI102-A",
="800001963",="Present",="2/18/2026",="SCI102-A",
="800001963",="Present",="2/25/2026",="SCI102-A",
="800001963",="Present",="3/4/2026",="SCI102-A",
="800001963",="Present",="3/11/2026",="SCI102-A",
="800001963",="Present",="3/18/2026",="SCI102-A",
="800001963",="Present",="3/25/2026",="SCI102-A",
="800001963",="Present",="4/1/2026",="SCI102-A",
="800001963",="Present",="4/8/2026",="SCI102-A",
="800001963",="Present",="4/15/2026",="SCI102-A",
="800001963",="Present",="1/9/2026",="MATH 300",
="800001963",="Present",="1/16/2026",="MATH 300",
="800001963",="Present",="1/23/2026",="MATH 300",
="800001963",="Present",="1/30/2026",="MATH 300",
="800001963",="Present",="2/6/2026",="MATH 300",
="800001963",="Present",="2/13/2026",="MATH 300",
="800001963",="Present",="2/20/2026",="MATH 300",
="800001963",="Present",="2/27/2026",="MATH 300",
="800001963",="Present",="3/6/2026",="MATH 300",
="800001963",="Present",="3/13/2026",="MATH 300",
="800001963",="Present",="3/20/2026",="MATH 300",
="800001963",="Present",="3/27/2026",="MATH 300",
="800001963",="Present",="4/3/2026",="MATH 300",
="800001963",="Present",="1/8/2026",="NUR217-P",
="800001963",="Present",="1/15/2026",="NUR217-P",
="800001963",="Present",="1/22/2026",="NUR217-P",
="800001963",="Present",="1/29/2026",="NUR217-P",
="800001963",="Present",="2/26/2026",="NUR217-P",
="800001963",="Present",="3/5/2026",="NUR217-P",
="800001963",="Present",="3/12/2026",="NUR217-P",
="800001963",="Present",="3/19/2026",="NUR217-P",
="800001963",="Present",="3/26/2026",="NUR217-P",
="800001963",="Present",="4/16/2026",="NUR217-P",
="800001963",="Present",="4/23/2026",="NUR217-P",
="800001963",="Present",="2/6/2026",="NUR102-L-A1",
="800001963",="Present",="2/13/2026",="NUR102-L-A1",
="800001963",="Present",="2/20/2026",="NUR102-L-A1",
="800001963",="Present",="2/26/2026",="NUR102-L-A1",
="800001963",="No class",="2/27/2026",="NUR102-L-A1",
="800001963",="Present",="3/5/2026",="NUR102-L-A1",
="800001963",="No class",="3/6/2026",="NUR102-L-A1",
="800001963",="Present",="3/12/2026",="NUR102-L-A1",
="800001963",="No class",="3/13/2026",="NUR102-L-A1",
="800001963",="Present",="3/19/2026",="NUR102-L-A1",
="800001963",="Present",="3/26/2026",="NUR102-L-A1",
="800001963",="Present",="4/2/2026",="NUR102-L-A1",
="800001963",="Present",="4/9/2026",="NUR102-L-A1",
="800001963",="Present",="2/3/2026",="NUR102 - P",
="800001963",="Present",="2/10/2026",="NUR102 - P",
="800001963",="Present",="2/11/2026",="NUR102 - P",
="800001963",="Present",="2/17/2026",="NUR102 - P",
="800001963",="Present",="2/18/2026",="NUR102 - P",
="800001963",="Present",="2/24/2026",="NUR102 - P",
="800001963",="Present",="3/3/2026",="NUR102 - P",
="800001963",="Present",="3/10/2026",="NUR102 - P",
="800001963",="Present",="3/11/2026",="NUR102 - P",
="800001963",="Present",="3/17/2026",="NUR102 - P",
="800001963",="Present",="3/18/2026",="NUR102 - P",
="800001963",="Present",="3/24/2026",="NUR102 - P",
="800001963",="Present",="3/25/2026",="NUR102 - P",
="800001963",="Present",="3/31/2026",="NUR102 - P",
="800001963",="Present",="4/1/2026",="NUR102 - P",
="800001963",="Present",="4/14/2026",="NUR102 - P",
="800001963",="Present",="4/15/2026",="NUR102 - P",
="800001959",="Present",="1/7/2026",="SCI102-A",
="800001959",="Present",="1/14/2026",="SCI102-A",
="800001959",="Present",="1/21/2026",="SCI102-A",
="800001959",="Present",="1/28/2026",="SCI102-A",
="800001959",="Present",="2/4/2026",="SCI102-A",
="800001959",="Present",="2/11/2026",="SCI102-A",
="800001959",="Present",="2/18/2026",="SCI102-A",
="800001959",="Present",="2/25/2026",="SCI102-A",
="800001959",="Present",="3/4/2026",="SCI102-A",
="800001959",="Present",="3/11/2026",="SCI102-A",
="800001959",="Present",="3/18/2026",="SCI102-A",
="800001959",="Present",="3/25/2026",="SCI102-A",
="800001959",="Present",="4/1/2026",="SCI102-A",
="800001959",="Present",="4/8/2026",="SCI102-A",
="800001959",="Present",="4/15/2026",="SCI102-A",
="800001959",="Present",="1/8/2026",="NUR217-P",
="800001959",="Present",="1/15/2026",="NUR217-P",
="800001959",="Present",="1/22/2026",="NUR217-P",
="800001959",="Present",="1/29/2026",="NUR217-P",
="800001959",="Present",="2/26/2026",="NUR217-P",
="800001959",="Present",="3/5/2026",="NUR217-P",
="800001959",="Present",="3/12/2026",="NUR217-P",
="800001959",="Present",="3/19/2026",="NUR217-P",
="800001959",="Present",="3/26/2026",="NUR217-P",
="800001959",="Present",="4/16/2026",="NUR217-P",
="800001959",="Present",="4/23/2026",="NUR217-P",
="800001958",="Present",="1/8/2026",="NUR217-P",
="800001958",="Present",="1/15/2026",="NUR217-P",
="800001958",="Present",="1/22/2026",="NUR217-P",
="800001958",="Present",="1/29/2026",="NUR217-P",
="800001958",="Present",="2/26/2026",="NUR217-P",
="800001958",="Present",="3/5/2026",="NUR217-P",
="800001958",="Present",="3/12/2026",="NUR217-P",
="800001958",="Present",="3/19/2026",="NUR217-P",
="800001958",="Present",="3/26/2026",="NUR217-P",
="800001958",="Present",="4/16/2026",="NUR217-P",
="800001958",="Present",="4/23/2026",="NUR217-P",
="800001987",="Present",="1/5/2026",="NUR100-P",
="800001987",="Present",="1/12/2026",="NUR100-P",
="800001987",="Present",="1/26/2026",="NUR100-P",
="800001987",="Present",="2/2/2026",="NUR100-P",
="800001987",="Present",="2/23/2026",="NUR100-P",
="800001987",="Present",="3/2/2026",="NUR100-P",
="800001987",="Present",="3/9/2026",="NUR100-P",
="800001987",="Present",="3/16/2026",="NUR100-P",
="800001987",="Present",="3/23/2026",="NUR100-P",
="800001987",="Present",="4/13/2026",="NUR100-P",
="800001987",="Present",="4/20/2026",="NUR100-P",
="800001987",="Present",="2/3/2026",="NUR102 - P",
="800001987",="Present",="2/10/2026",="NUR102 - P",
="800001987",="Present",="2/11/2026",="NUR102 - P",
="800001987",="Present",="2/17/2026",="NUR102 - P",
="800001987",="Present",="2/18/2026",="NUR102 - P",
="800001987",="Present",="2/24/2026",="NUR102 - P",
="800001987",="Present",="3/3/2026",="NUR102 - P",
="800001987",="Present",="3/10/2026",="NUR102 - P",
="800001987",="Present",="3/11/2026",="NUR102 - P",
="800001987",="Present",="3/17/2026",="NUR102 - P",
="800001987",="Present",="3/18/2026",="NUR102 - P",
="800001987",="Present",="3/24/2026",="NUR102 - P",
="800001987",="Present",="3/25/2026",="NUR102 - P",
="800001987",="Present",="3/31/2026",="NUR102 - P",
="800001987",="Present",="4/1/2026",="NUR102 - P",
="800001987",="Present",="4/14/2026",="NUR102 - P",
="800001987",="Present",="4/15/2026",="NUR102 - P",
="800001908",="Present",="1/10/2026",="NUT100 -OL II",
="800001908",="Present",="1/17/2026",="NUT100 -OL II",
="800001908",="Present",="1/24/2026",="NUT100 -OL II",
="800001908",="Present",="1/31/2026",="NUT100 -OL II",
="800001908",="Present",="2/7/2026",="NUT100 -OL II",
="800001908",="Absent",="2/14/2026",="NUT100 -OL II",
="800001908",="Present",="2/21/2026",="NUT100 -OL II",
="800001908",="Present",="2/28/2026",="NUT100 -OL II",
="800001908",="Present",="3/7/2026",="NUT100 -OL II",
="800001908",="Present",="3/14/2026",="NUT100 -OL II",
="800001908",="Present",="3/21/2026",="NUT100 -OL II",
="800001908",="Present",="3/28/2026",="NUT100 -OL II",
="800001908",="Absent",="4/4/2026",="NUT100 -OL II",
="800001908",="Present",="4/11/2026",="NUT100 -OL II",
="800001908",="Present",="1/8/2026",="PHARM130-A",
="800001908",="Present",="1/15/2026",="PHARM130-A",
="800001908",="Present",="1/22/2026",="PHARM130-A",
="800001908",="Present",="1/29/2026",="PHARM130-A",
="800001908",="Present",="2/5/2026",="PHARM130-A",
="800001908",="Present",="2/12/2026",="PHARM130-A",
="800001908",="Absent",="2/19/2026",="PHARM130-A",
="800001908",="Present",="2/26/2026",="PHARM130-A",
="800001908",="Present",="3/5/2026",="PHARM130-A",
="800001908",="Present",="3/12/2026",="PHARM130-A",
="800001908",="Present",="3/19/2026",="PHARM130-A",
="800001908",="Present",="3/26/2026",="PHARM130-A",
="800001908",="Present",="4/2/2026",="PHARM130-A",
="800001908",="Present",="4/9/2026",="PHARM130-A",
="800001908",="Present",="4/16/2026",="PHARM130-A",
="800001094",="Present",="1/6/2026",="MCB100 -A",
="800001094",="Present",="1/13/2026",="MCB100 -A",
="800001094",="Present",="1/20/2026",="MCB100 -A",
="800001094",="Present",="1/27/2026",="MCB100 -A",
="800001094",="Present",="2/3/2026",="MCB100 -A",
="800001094",="Present",="2/10/2026",="MCB100 -A",
="800001094",="Present",="2/17/2026",="MCB100 -A",
="800001094",="Present",="2/24/2026",="MCB100 -A",
="800001094",="Present",="3/3/2026",="MCB100 -A",
="800001094",="Present",="3/10/2026",="MCB100 -A",
="800001094",="Present",="3/17/2026",="MCB100 -A",
="800001094",="Present",="3/24/2026",="MCB100 -A",
="800001094",="Present",="3/31/2026",="MCB100 -A",
="800001094",="Present",="4/7/2026",="MCB100 -A",
="800001094",="Present",="4/14/2026",="MCB100 -A",
="800001094",="Present",="1/8/2026",="NUR236-P",
="800001094",="Present",="1/15/2026",="NUR236-P",
="800001094",="Present",="1/22/2026",="NUR236-P",
="800001094",="Present",="1/29/2026",="NUR236-P",
="800001094",="Present",="2/26/2026",="NUR236-P",
="800001094",="Present",="3/5/2026",="NUR236-P",
="800001094",="No class",="3/12/2026",="NUR236-P",
="800001094",="Present",="3/19/2026",="NUR236-P",
="800001094",="No class",="3/26/2026",="NUR236-P",
="800001094",="Present",="4/16/2026",="NUR236-P",
="800001094",="No class",="4/23/2026",="NUR236-P",
="800001094",="No class",="2/4/2026",="NUR236-L-P1",
="800001094",="No class",="2/11/2026",="NUR236-L-P1",
="800001094",="No class",="2/18/2026",="NUR236-L-P1",
="800001094",="No class",="2/25/2026",="NUR236-L-P1",
="800001094",="No class",="3/4/2026",="NUR236-L-P1",
="800001094",="No class",="3/11/2026",="NUR236-L-P1",
="800001094",="Present",="3/18/2026",="NUR236-L-P1",
="800001094",="Present",="3/25/2026",="NUR236-L-P1",
="800001094",="Present",="4/1/2026",="NUR236-L-P1",
="800001094",="Present",="4/8/2026",="NUR236-L-P1",
="800001094",="No class",="4/15/2026",="NUR236-L-P1",
="800001094",="Present",="1/6/2026",="NUR245 - P",
="800001094",="Present",="1/13/2026",="NUR245 - P",
="800001094",="Present",="1/20/2026",="NUR245 - P",
="800001094",="Present",="1/27/2026",="NUR245 - P",
="800001094",="Present",="2/3/2026",="NUR245 - P",
="800001094",="Present",="2/24/2026",="NUR245 - P",
="800001094",="Present",="3/3/2026",="NUR245 - P",
="800001094",="Present",="3/10/2026",="NUR245 - P",
="800001094",="Present",="3/17/2026",="NUR245 - P",
="800001094",="Present",="3/24/2026",="NUR245 - P",
="800001094",="Present",="4/14/2026",="NUR245 - P",
="800001094",="Present",="4/21/2026",="NUR245 - P",
="800001094",="Present",="1/9/2026",="STAT101-A",
="800001094",="Present",="1/16/2026",="STAT101-A",
="800001094",="Present",="1/23/2026",="STAT101-A",
="800001094",="Present",="1/30/2026",="STAT101-A",
="800001094",="Present",="2/6/2026",="STAT101-A",
="800001094",="Present",="2/13/2026",="STAT101-A",
="800001094",="Present",="2/20/2026",="STAT101-A",
="800001094",="Present",="2/27/2026",="STAT101-A",
="800001094",="Present",="3/6/2026",="STAT101-A",
="800001094",="Present",="3/13/2026",="STAT101-A",
="800001094",="Present",="3/20/2026",="STAT101-A",
="800001094",="Present",="3/27/2026",="STAT101-A",
="800001094",="Present",="4/3/2026",="STAT101-A",
="800001094",="Present",="4/10/2026",="STAT101-A",
="800001910",="Present",="1/12/2026",="NUR120-L-A1",
="800001910",="No class",="1/19/2026",="NUR120-L-A1",
="800001910",="No class",="1/26/2026",="NUR120-L-A1",
="800001910",="Absent",="2/2/2026",="NUR120-L-A1",
="800001910",="Present",="2/16/2026",="NUR120-L-A1",
="800001910",="Present",="2/23/2026",="NUR120-L-A1",
="800001910",="Present",="1/8/2026",="PHARM130-A",
="800001910",="Present",="1/15/2026",="PHARM130-A",
="800001910",="Present",="1/22/2026",="PHARM130-A",
="800001910",="Present",="1/29/2026",="PHARM130-A",
="800001910",="Present",="2/5/2026",="PHARM130-A",
="800001910",="Present",="2/12/2026",="PHARM130-A",
="800001910",="Present",="2/19/2026",="PHARM130-A",
="800001910",="Present",="2/26/2026",="PHARM130-A",
="800001910",="Present",="3/5/2026",="PHARM130-A",
="800001910",="Present",="3/12/2026",="PHARM130-A",
="800001910",="Present",="3/19/2026",="PHARM130-A",
="800001910",="Present",="3/26/2026",="PHARM130-A",
="800001910",="Present",="4/2/2026",="PHARM130-A",
="800001910",="Present",="4/9/2026",="PHARM130-A",
="800001910",="Present",="4/16/2026",="PHARM130-A",
="800001910",="Present",="1/5/2026",="NUR120-A",
="800001910",="Present",="1/6/2026",="NUR120-A",
="800001910",="Present",="1/12/2026",="NUR120-A",
="800001910",="Present",="1/13/2026",="NUR120-A",
="800001910",="Present",="1/20/2026",="NUR120-A",
="800001910",="Present",="1/26/2026",="NUR120-A",
="800001910",="Present",="1/27/2026",="NUR120-A",
="800001910",="Present",="2/2/2026",="NUR120-A",
="800001910",="Present",="2/3/2026",="NUR120-A",
="800001910",="Present",="1/8/2026",="NUR125-P",
="800001910",="Absent",="1/15/2026",="NUR125-P",
="800001910",="Absent",="1/22/2026",="NUR125-P",
="800001910",="Present",="1/29/2026",="NUR125-P",
="800001910",="Present",="2/5/2026",="NUR125-P",
="800001910",="Present",="2/26/2026",="NUR125-P",
="800001910",="Present",="3/5/2026",="NUR125-P",
="800001910",="Present",="3/12/2026",="NUR125-P",
="800001910",="Absent",="3/19/2026",="NUR125-P",
="800001910",="Present",="3/26/2026",="NUR125-P",
="800001910",="Present",="4/16/2026",="NUR125-P",
="800001910",="Present",="1/29/2026",="NUR125-L-P1",
="800001910",="Present",="2/5/2026",="NUR125-L-P1",
="800001910",="Present",="2/19/2026",="NUR125-L-P1",
="800001910",="Present",="3/12/2026",="NUR125-L-P1",
="800001910",="Absent",="3/19/2026",="NUR125-L-P1",
="800001910",="Present",="3/26/2026",="NUR125-L-P1",
="800001910",="Present",="4/9/2026",="NUR125-L-P1",
="800001910",="Present",="4/16/2026",="NUR125-L-P1",
="800001910",="Absent",="1/10/2026",="NUT100 -OL II",
="800001910",="Present",="1/17/2026",="NUT100 -OL II",
="800001910",="Absent",="1/24/2026",="NUT100 -OL II",
="800001910",="Absent",="1/31/2026",="NUT100 -OL II",
="800001910",="Present",="2/7/2026",="NUT100 -OL II",
="800001910",="Present",="2/14/2026",="NUT100 -OL II",
="800001910",="Present",="2/21/2026",="NUT100 -OL II",
="800001910",="Present",="2/28/2026",="NUT100 -OL II",
="800001910",="Present",="3/7/2026",="NUT100 -OL II",
="800001910",="Present",="3/14/2026",="NUT100 -OL II",
="800001910",="Present",="3/21/2026",="NUT100 -OL II",
="800001910",="Present",="3/28/2026",="NUT100 -OL II",
="800001910",="Present",="4/4/2026",="NUT100 -OL II",
="800001910",="Present",="4/11/2026",="NUT100 -OL II",
="800001368",="Present",="1/6/2026",="MCB100 -A",
="800001368",="Present",="1/13/2026",="MCB100 -A",
="800001368",="Present",="1/20/2026",="MCB100 -A",
="800001368",="Present",="1/27/2026",="MCB100 -A",
="800001368",="Present",="2/3/2026",="MCB100 -A",
="800001368",="Present",="2/10/2026",="MCB100 -A",
="800001368",="Present",="2/17/2026",="MCB100 -A",
="800001368",="Present",="2/24/2026",="MCB100 -A",
="800001368",="Present",="3/3/2026",="MCB100 -A",
="800001368",="Present",="3/10/2026",="MCB100 -A",
="800001368",="Present",="3/17/2026",="MCB100 -A",
="800001368",="Present",="3/24/2026",="MCB100 -A",
="800001368",="Present",="3/31/2026",="MCB100 -A",
="800001368",="Present",="4/7/2026",="MCB100 -A",
="800001368",="Present",="4/14/2026",="MCB100 -A",
="800001368",="Present",="1/10/2026",="HUM200 -OL",
="800001368",="Present",="1/11/2026",="HUM200 -OL",
="800001368",="Present",="1/18/2026",="HUM200 -OL",
="800001368",="Present",="1/25/2026",="HUM200 -OL",
="800001368",="Present",="2/1/2026",="HUM200 -OL",
="800001368",="Present",="2/8/2026",="HUM200 -OL",
="800001368",="Present",="2/15/2026",="HUM200 -OL",
="800001368",="Present",="2/22/2026",="HUM200 -OL",
="800001368",="Present",="3/1/2026",="HUM200 -OL",
="800001368",="Present",="3/8/2026",="HUM200 -OL",
="800001368",="Present",="3/15/2026",="HUM200 -OL",
="800001368",="Present",="3/22/2026",="HUM200 -OL",
="800001368",="Present",="3/29/2026",="HUM200 -OL",
="800001368",="Present",="4/5/2026",="HUM200 -OL",
="800001368",="No class",="1/7/2026",="NUR216-L-A",
="800001368",="No class",="1/14/2026",="NUR216-L-A",
="800001368",="No class",="1/21/2026",="NUR216-L-A",
="800001368",="No class",="1/28/2026",="NUR216-L-A",
="800001368",="Present",="2/4/2026",="NUR216-L-A",
="800001368",="No class",="2/11/2026",="NUR216-L-A",
="800001368",="No class",="2/18/2026",="NUR216-L-A",
="800001368",="Present",="2/25/2026",="NUR216-L-A",
="800001368",="Absent",="3/4/2026",="NUR216-L-A",
="800001368",="No class",="3/11/2026",="NUR216-L-A",
="800001368",="No class",="3/18/2026",="NUR216-L-A",
="800001368",="Present",="3/25/2026",="NUR216-L-A",
="800001368",="Present",="4/1/2026",="NUR216-L-A",
="800001368",="No class",="4/8/2026",="NUR216-L-A",
="800001368",="No class",="4/15/2026",="NUR216-L-A",
="800001368",="Present",="1/9/2026",="STAT101-A",
="800001368",="Present",="1/16/2026",="STAT101-A",
="800001368",="Present",="1/23/2026",="STAT101-A",
="800001368",="Present",="1/30/2026",="STAT101-A",
="800001368",="Present",="2/6/2026",="STAT101-A",
="800001368",="Present",="2/13/2026",="STAT101-A",
="800001368",="Present",="2/20/2026",="STAT101-A",
="800001368",="Present",="2/27/2026",="STAT101-A",
="800001368",="Present",="3/6/2026",="STAT101-A",
="800001368",="Present",="3/13/2026",="STAT101-A",
="800001368",="Present",="3/20/2026",="STAT101-A",
="800001368",="Present",="3/27/2026",="STAT101-A",
="800001368",="Present",="4/3/2026",="STAT101-A",
="800001368",="Present",="4/10/2026",="STAT101-A",
="800001368",="Present",="1/7/2026",="NUR216 -A",
="800001368",="Present",="1/14/2026",="NUR216 -A",
="800001368",="Present",="1/21/2026",="NUR216 -A",
="800001368",="Present",="1/28/2026",="NUR216 -A",
="800001368",="Present",="2/4/2026",="NUR216 -A",
="800001368",="No class",="2/11/2026",="NUR216 -A",
="800001368",="No class",="2/18/2026",="NUR216 -A",
="800001368",="Present",="2/25/2026",="NUR216 -A",
="800001368",="Present",="3/4/2026",="NUR216 -A",
="800001368",="Present",="3/11/2026",="NUR216 -A",
="800001368",="Present",="3/18/2026",="NUR216 -A",
="800001368",="Present",="3/25/2026",="NUR216 -A",
="800001368",="Present",="4/1/2026",="NUR216 -A",
="800001368",="Present",="4/8/2026",="NUR216 -A",
="800001368",="Present",="4/15/2026",="NUR216 -A",
="800001094",="Absent",="1/5/2026",="PHARM225-B_P",
="800001094",="Absent",="1/12/2026",="PHARM225-B_P",
="800001094",="No class",="1/19/2026",="PHARM225-B_P",
="800001094",="Present",="1/26/2026",="PHARM225-B_P",
="800001094",="Present",="2/2/2026",="PHARM225-B_P",
="800001094",="Present",="2/9/2026",="PHARM225-B_P",
="800001094",="Present",="2/16/2026",="PHARM225-B_P",
="800001094",="Present",="2/23/2026",="PHARM225-B_P",
="800001094",="Present",="3/2/2026",="PHARM225-B_P",
="800001094",="Present",="3/9/2026",="PHARM225-B_P",
="800001094",="Present",="3/16/2026",="PHARM225-B_P",
="800001094",="Present",="3/23/2026",="PHARM225-B_P",
="800001094",="Present",="3/30/2026",="PHARM225-B_P",
="800001094",="Present",="4/6/2026",="PHARM225-B_P",
="800001094",="Present",="4/13/2026",="PHARM225-B_P",
="800001798",="Present",="1/5/2026",="NUR145 - P",
="800001798",="Present",="1/12/2026",="NUR145 - P",
="800001798",="Absent",="1/19/2026",="NUR145 - P",
="800001798",="Present",="1/26/2026",="NUR145 - P",
="800001798",="Present",="2/2/2026",="NUR145 - P",
="800001798",="Present",="2/9/2026",="NUR145 - P",
="800001798",="Present",="2/16/2026",="NUR145 - P",
="800001798",="Present",="1/30/2026",="NUR145-L-P",
="800001735",="Present",="2/23/2026",="NUR135-L-P1",
="800001735",="Present",="1/5/2026",="NUR135-P",
="800001735",="Present",="1/12/2026",="NUR135-P",
="800001735",="Present",="1/19/2026",="NUR135-P",
="800001735",="Present",="1/26/2026",="NUR135-P",
="800001735",="Present",="2/2/2026",="NUR135-P",
="800001735",="Present",="2/9/2026",="NUR135-P",
="800001735",="Present",="2/16/2026",="NUR135-P",
="800001735",="Present",="2/23/2026",="NUR135-P",
="800001735",="Present",="3/3/2026",="NUR150-P",
="800001735",="Present",="3/9/2026",="NUR150-P",
="800001735",="Present",="3/10/2026",="NUR150-P",
="800001735",="Present",="3/16/2026",="NUR150-P",
="800001735",="Present",="3/17/2026",="NUR150-P",
="800001735",="Present",="3/23/2026",="NUR150-P",
="800001735",="Present",="3/24/2026",="NUR150-P",
="800001735",="Present",="3/30/2026",="NUR150-P",
="800001735",="Present",="3/31/2026",="NUR150-P",
="800001735",="No class",="4/6/2026",="NUR150-P",
="800001735",="No class",="4/7/2026",="NUR150-P",
="800001735",="Present",="4/13/2026",="NUR150-P",
="800001735",="Present",="4/14/2026",="NUR150-P",
="800001735",="Present",="4/20/2026",="NUR150-P",
="800001735",="Present",="4/21/2026",="NUR150-P",
="800001950",="Present",="1/6/2026",="NUR100-L-A1",
="800001950",="Present",="1/13/2026",="NUR100-L-A1",
="800001950",="Present",="1/20/2026",="NUR100-L-A1",
="800001950",="No class",="1/27/2026",="NUR100-L-A1",
="800001950",="Present",="2/3/2026",="NUR100-L-A1",
="800001950",="Present",="2/10/2026",="NUR100-L-A1",
="800001950",="Present",="2/17/2026",="NUR100-L-A1",
="800001950",="Present",="2/24/2026",="NUR100-L-A1",
="800001950",="Present",="3/3/2026",="NUR100-L-A1",
="800001950",="Present",="3/10/2026",="NUR100-L-A1",
="800001950",="Present",="3/17/2026",="NUR100-L-A1",
="800001950",="Present",="3/24/2026",="NUR100-L-A1",
="800001950",="Present",="3/31/2026",="NUR100-L-A1",
="800001950",="Present",="4/7/2026",="NUR100-L-A1",
="800001950",="Absent",="4/14/2026",="NUR100-L-A1",
="800001950",="Present",="1/5/2026",="NUR100 -A",
="800001950",="Present",="1/12/2026",="NUR100 -A",
="800001950",="Present",="1/26/2026",="NUR100 -A",
="800001950",="Present",="2/2/2026",="NUR100 -A",
="800001950",="No class",="2/9/2026",="NUR100 -A",
="800001950",="No class",="2/16/2026",="NUR100 -A",
="800001950",="Present",="2/23/2026",="NUR100 -A",
="800001950",="Present",="3/2/2026",="NUR100 -A",
="800001950",="Present",="3/9/2026",="NUR100 -A",
="800001950",="Present",="3/16/2026",="NUR100 -A",
="800001950",="Present",="3/23/2026",="NUR100 -A",
="800001950",="Present",="4/13/2026",="NUR100 -A",
="800001410",="Present",="1/6/2026",="NUR245 - P",
="800001410",="Present",="1/13/2026",="NUR245 - P",
="800001410",="Present",="1/20/2026",="NUR245 - P",
="800001410",="Present",="1/27/2026",="NUR245 - P",
="800001410",="Present",="2/3/2026",="NUR245 - P",
="800001410",="Present",="2/24/2026",="NUR245 - P",
="800001410",="Present",="3/3/2026",="NUR245 - P",
="800001410",="Present",="3/10/2026",="NUR245 - P",
="800001410",="Present",="3/17/2026",="NUR245 - P",
="800001410",="Present",="3/24/2026",="NUR245 - P",
="800001410",="Present",="4/14/2026",="NUR245 - P",
="800001410",="Present",="4/21/2026",="NUR245 - P",
="800001590",="Present",="1/10/2026",="PSY101 -OL",
="800001590",="Present",="1/11/2026",="PSY101 -OL",
="800001590",="Present",="1/18/2026",="PSY101 -OL",
="800001590",="Present",="1/25/2026",="PSY101 -OL",
="800001590",="Present",="2/1/2026",="PSY101 -OL",
="800001590",="Present",="2/8/2026",="PSY101 -OL",
="800001590",="Present",="2/15/2026",="PSY101 -OL",
="800001590",="Present",="2/22/2026",="PSY101 -OL",
="800001590",="Present",="3/1/2026",="PSY101 -OL",
="800001590",="Present",="3/8/2026",="PSY101 -OL",
="800001590",="Present",="3/15/2026",="PSY101 -OL",
="800001590",="Present",="3/22/2026",="PSY101 -OL",
="800001590",="Present",="3/29/2026",="PSY101 -OL",
="800001590",="Present",="4/5/2026",="PSY101 -OL",
="800001769",="Present",="1/5/2026",="NUR135-P",
="800001769",="Present",="1/12/2026",="NUR135-P",
="800001769",="Present",="1/19/2026",="NUR135-P",
="800001769",="Present",="1/26/2026",="NUR135-P",
="800001769",="Present",="2/2/2026",="NUR135-P",
="800001769",="Present",="2/9/2026",="NUR135-P",
="800001769",="Present",="2/16/2026",="NUR135-P",
="800001769",="Present",="2/23/2026",="NUR135-P",
="800001769",="Present",="2/23/2026",="NUR135-L-P1",
="800001114",="Present",="3/5/2026",="NUR140-P",
="800001114",="Present",="3/12/2026",="NUR140-P",
="800001114",="Present",="3/19/2026",="NUR140-P",
="800001114",="No class",="3/26/2026",="NUR140-P",
="800001114",="Present",="4/2/2026",="NUR140-P",
="800001114",="Present",="4/9/2026",="NUR140-P",
="800001114",="Present",="4/16/2026",="NUR140-P",
="800001114",="Present",="4/23/2026",="NUR140-P",
="800001849",="Present",="1/6/2026",="NUR100-L-A1",
="800001849",="Present",="1/13/2026",="NUR100-L-A1",
="800001849",="Present",="1/20/2026",="NUR100-L-A1",
="800001849",="No class",="1/27/2026",="NUR100-L-A1",
="800001849",="Present",="2/3/2026",="NUR100-L-A1",
="800001849",="Present",="2/10/2026",="NUR100-L-A1",
="800001849",="Present",="2/17/2026",="NUR100-L-A1",
="800001849",="Present",="2/24/2026",="NUR100-L-A1",
="800001849",="Present",="3/3/2026",="NUR100-L-A1",
="800001849",="Present",="3/10/2026",="NUR100-L-A1",
="800001849",="Absent",="3/17/2026",="NUR100-L-A1",
="800001849",="Absent",="3/24/2026",="NUR100-L-A1",
="800001849",="Present",="3/31/2026",="NUR100-L-A1",
="800001849",="Present",="4/7/2026",="NUR100-L-A1",
="800001849",="Present",="4/14/2026",="NUR100-L-A1",
="800001849",="Present",="1/5/2026",="NUR100 -A",
="800001849",="Present",="1/12/2026",="NUR100 -A",
="800001849",="Present",="1/26/2026",="NUR100 -A",
="800001849",="Present",="2/2/2026",="NUR100 -A",
="800001849",="No class",="2/9/2026",="NUR100 -A",
="800001849",="Present",="2/23/2026",="NUR100 -A",
="800001849",="Present",="3/2/2026",="NUR100 -A",
="800001849",="Present",="3/9/2026",="NUR100 -A",
="800001849",="Present",="3/16/2026",="NUR100 -A",
="800001849",="Present",="3/23/2026",="NUR100 -A",
="800001849",="Present",="1/6/2026",="AP100-A",
="800001849",="Present",="1/13/2026",="AP100-A",
="800001849",="Present",="1/20/2026",="AP100-A",
="800001849",="Present",="1/27/2026",="AP100-A",
="800001849",="Present",="2/3/2026",="AP100-A",
="800001849",="Present",="2/10/2026",="AP100-A",
="800001849",="Present",="2/17/2026",="AP100-A",
="800001849",="Present",="2/24/2026",="AP100-A",
="800001849",="Present",="3/3/2026",="AP100-A",
="800001849",="Present",="3/10/2026",="AP100-A",
="800001849",="Present",="3/17/2026",="AP100-A",
="800001849",="Present",="3/24/2026",="AP100-A",
="800001849",="Absent",="3/31/2026",="AP100-A",
="800001849",="Absent",="4/7/2026",="AP100-A",
="800001849",="Absent",="4/14/2026",="AP100-A",
="800001849",="Present",="1/7/2026",="ENG101 -A",
="800001849",="Present",="1/14/2026",="ENG101 -A",
="800001849",="Present",="1/21/2026",="ENG101 -A",
="800001849",="Present",="1/28/2026",="ENG101 -A",
="800001849",="Present",="2/4/2026",="ENG101 -A",
="800001849",="Present",="2/11/2026",="ENG101 -A",
="800001849",="Present",="2/18/2026",="ENG101 -A",
="800001849",="Present",="2/25/2026",="ENG101 -A",
="800001849",="Present",="3/4/2026",="ENG101 -A",
="800001849",="Present",="3/11/2026",="ENG101 -A",
="800001849",="Present",="3/18/2026",="ENG101 -A",
="800001849",="Absent",="3/25/2026",="ENG101 -A",
="800001849",="Absent",="4/1/2026",="ENG101 -A",
="800001849",="Absent",="4/8/2026",="ENG101 -A",
="800000941",="Absent",="1/5/2026",="PHARM225-B_P",
="800000941",="Absent",="1/12/2026",="PHARM225-B_P",
="800000941",="No class",="1/19/2026",="PHARM225-B_P",
="800000941",="Present",="1/26/2026",="PHARM225-B_P",
="800000941",="Present",="2/2/2026",="PHARM225-B_P",
="800000941",="Present",="2/9/2026",="PHARM225-B_P",
="800000941",="Present",="2/16/2026",="PHARM225-B_P",
="800000941",="Present",="2/23/2026",="PHARM225-B_P",
="800000941",="Present",="3/2/2026",="PHARM225-B_P",
="800000941",="Present",="3/9/2026",="PHARM225-B_P",
="800000941",="Present",="3/16/2026",="PHARM225-B_P",
="800000941",="Present",="3/23/2026",="PHARM225-B_P",
="800000941",="Present",="3/30/2026",="PHARM225-B_P",
="800000941",="Present",="4/6/2026",="PHARM225-B_P",
="800000941",="Present",="4/13/2026",="PHARM225-B_P",
="800000941",="Present",="1/7/2026",="NUR216 -A",
="800000941",="Present",="1/14/2026",="NUR216 -A",
="800000941",="Present",="1/21/2026",="NUR216 -A",
="800000941",="Present",="1/28/2026",="NUR216 -A",
="800000941",="Present",="2/4/2026",="NUR216 -A",
="800000941",="No class",="2/11/2026",="NUR216 -A",
="800000941",="No class",="2/18/2026",="NUR216 -A",
="800000941",="Absent",="2/25/2026",="NUR216 -A",
="800000941",="Present",="3/4/2026",="NUR216 -A",
="800000941",="Present",="3/11/2026",="NUR216 -A",
="800000941",="Present",="3/18/2026",="NUR216 -A",
="800000941",="Present",="3/25/2026",="NUR216 -A",
="800000941",="Present",="4/1/2026",="NUR216 -A",
="800000941",="Present",="4/8/2026",="NUR216 -A",
="800000941",="Present",="4/15/2026",="NUR216 -A",
="800000941",="No class",="1/7/2026",="NUR216-L-A",
="800000941",="No class",="1/14/2026",="NUR216-L-A",
="800000941",="No class",="1/21/2026",="NUR216-L-A",
="800000941",="No class",="1/28/2026",="NUR216-L-A",
="800000941",="Present",="2/4/2026",="NUR216-L-A",
="800000941",="No class",="2/11/2026",="NUR216-L-A",
="800000941",="No class",="2/18/2026",="NUR216-L-A",
="800000941",="Absent",="2/25/2026",="NUR216-L-A",
="800000941",="Present",="3/4/2026",="NUR216-L-A",
="800000941",="No class",="3/11/2026",="NUR216-L-A",
="800000941",="No class",="3/18/2026",="NUR216-L-A",
="800000941",="Absent",="3/25/2026",="NUR216-L-A",
="800000941",="Present",="4/1/2026",="NUR216-L-A",
="800000941",="No class",="4/8/2026",="NUR216-L-A",
="800000941",="No class",="4/15/2026",="NUR216-L-A",
="800000941",="Present",="1/10/2026",="HUM200 -OL",
="800000941",="Present",="1/11/2026",="HUM200 -OL",
="800000941",="Present",="1/18/2026",="HUM200 -OL",
="800000941",="Present",="1/25/2026",="HUM200 -OL",
="800000941",="Present",="2/1/2026",="HUM200 -OL",
="800000941",="Present",="2/8/2026",="HUM200 -OL",
="800000941",="Present",="2/15/2026",="HUM200 -OL",
="800000941",="Present",="2/22/2026",="HUM200 -OL",
="800000941",="Present",="3/1/2026",="HUM200 -OL",
="800000941",="Present",="3/8/2026",="HUM200 -OL",
="800000941",="Present",="3/15/2026",="HUM200 -OL",
="800000941",="Present",="3/22/2026",="HUM200 -OL",
="800000941",="Absent",="3/29/2026",="HUM200 -OL",
="800000941",="Present",="4/5/2026",="HUM200 -OL",
="800000941",="Present",="1/6/2026",="MCB100 -A",
="800000941",="Present",="1/13/2026",="MCB100 -A",
="800000941",="Present",="1/20/2026",="MCB100 -A",
="800000941",="Present",="1/27/2026",="MCB100 -A",
="800000941",="Present",="2/3/2026",="MCB100 -A",
="800000941",="Present",="2/10/2026",="MCB100 -A",
="800000941",="Present",="2/17/2026",="MCB100 -A",
="800000941",="Present",="2/24/2026",="MCB100 -A",
="800000941",="Present",="3/3/2026",="MCB100 -A",
="800000941",="Present",="3/10/2026",="MCB100 -A",
="800000941",="Present",="3/17/2026",="MCB100 -A",
="800000941",="Present",="3/24/2026",="MCB100 -A",
="800000941",="Present",="3/31/2026",="MCB100 -A",
="800000941",="Present",="4/7/2026",="MCB100 -A",
="800000941",="Present",="4/14/2026",="MCB100 -A",
="800001529",="Present",="1/6/2026",="MCB100 -A",
="800001529",="Present",="1/13/2026",="MCB100 -A",
="800001529",="Present",="1/20/2026",="MCB100 -A",
="800001529",="Present",="1/27/2026",="MCB100 -A",
="800001529",="Present",="2/3/2026",="MCB100 -A",
="800001529",="Present",="2/10/2026",="MCB100 -A",
="800001529",="Present",="2/17/2026",="MCB100 -A",
="800001529",="Present",="2/24/2026",="MCB100 -A",
="800001529",="Present",="3/3/2026",="MCB100 -A",
="800001529",="Present",="3/10/2026",="MCB100 -A",
="800001529",="Present",="3/17/2026",="MCB100 -A",
="800001529",="Present",="3/24/2026",="MCB100 -A",
="800001529",="Present",="3/31/2026",="MCB100 -A",
="800001529",="Present",="4/7/2026",="MCB100 -A",
="800001529",="Present",="4/14/2026",="MCB100 -A",
="800001529",="Present",="1/9/2026",="STAT101-A",
="800001529",="Present",="1/16/2026",="STAT101-A",
="800001529",="Present",="1/23/2026",="STAT101-A",
="800001529",="Present",="1/30/2026",="STAT101-A",
="800001529",="Present",="2/6/2026",="STAT101-A",
="800001529",="Present",="2/13/2026",="STAT101-A",
="800001529",="Present",="2/20/2026",="STAT101-A",
="800001529",="Present",="2/27/2026",="STAT101-A",
="800001529",="Present",="3/6/2026",="STAT101-A",
="800001529",="Present",="3/13/2026",="STAT101-A",
="800001529",="Present",="3/20/2026",="STAT101-A",
="800001529",="Present",="3/27/2026",="STAT101-A",
="800001529",="Present",="4/3/2026",="STAT101-A",
="800001529",="Present",="4/10/2026",="STAT101-A",
="800001529",="Present",="1/5/2026",="PHARM225-B_P",
="800001529",="Present",="1/12/2026",="PHARM225-B_P",
="800001529",="No class",="1/19/2026",="PHARM225-B_P",
="800001529",="Present",="1/26/2026",="PHARM225-B_P",
="800001529",="Present",="2/2/2026",="PHARM225-B_P",
="800001529",="Present",="2/9/2026",="PHARM225-B_P",
="800001529",="Present",="2/16/2026",="PHARM225-B_P",
="800001529",="Present",="2/23/2026",="PHARM225-B_P",
="800001529",="Present",="3/2/2026",="PHARM225-B_P",
="800001529",="Present",="3/9/2026",="PHARM225-B_P",
="800001529",="Present",="3/16/2026",="PHARM225-B_P",
="800001529",="Present",="3/23/2026",="PHARM225-B_P",
="800001529",="Present",="3/30/2026",="PHARM225-B_P",
="800001529",="Present",="4/6/2026",="PHARM225-B_P",
="800001529",="Present",="4/13/2026",="PHARM225-B_P",
="800001529",="Present",="1/11/2026",="SOC101 -OL",
="800001529",="Present",="1/18/2026",="SOC101 -OL",
="800001529",="Present",="1/25/2026",="SOC101 -OL",
="800001529",="Present",="2/1/2026",="SOC101 -OL",
="800001529",="Present",="2/8/2026",="SOC101 -OL",
="800001529",="Present",="2/15/2026",="SOC101 -OL",
="800001529",="Absent",="2/22/2026",="SOC101 -OL",
="800001529",="Present",="3/1/2026",="SOC101 -OL",
="800001529",="Present",="3/8/2026",="SOC101 -OL",
="800001529",="Present",="3/15/2026",="SOC101 -OL",
="800001529",="Present",="3/22/2026",="SOC101 -OL",
="800001529",="Present",="3/29/2026",="SOC101 -OL",
="800001529",="Present",="4/5/2026",="SOC101 -OL",
="800001529",="Present",="4/12/2026",="SOC101 -OL",
="800001529",="Present",="1/8/2026",="NUR236-P",
="800001529",="Present",="1/15/2026",="NUR236-P",
="800001529",="Present",="1/22/2026",="NUR236-P",
="800001529",="Present",="1/29/2026",="NUR236-P",
="800001529",="Present",="2/26/2026",="NUR236-P",
="800001529",="Present",="3/5/2026",="NUR236-P",
="800001529",="No class",="3/12/2026",="NUR236-P",
="800001529",="Present",="3/19/2026",="NUR236-P",
="800001529",="No class",="3/26/2026",="NUR236-P",
="800001529",="Present",="4/16/2026",="NUR236-P",
="800001529",="No class",="4/23/2026",="NUR236-P",
="800001529",="Present",="1/6/2026",="NUR245 - P",
="800001529",="Present",="1/13/2026",="NUR245 - P",
="800001529",="Present",="1/20/2026",="NUR245 - P",
="800001529",="Present",="1/27/2026",="NUR245 - P",
="800001529",="Present",="2/3/2026",="NUR245 - P",
="800001529",="Present",="2/24/2026",="NUR245 - P",
="800001529",="Present",="3/3/2026",="NUR245 - P",
="800001529",="Present",="3/10/2026",="NUR245 - P",
="800001529",="Present",="3/17/2026",="NUR245 - P",
="800001529",="Present",="3/24/2026",="NUR245 - P",
="800001529",="Present",="4/14/2026",="NUR245 - P",
="800001529",="Present",="4/21/2026",="NUR245 - P",
="800001529",="No class",="2/4/2026",="NUR236-L-P1",
="800001529",="No class",="2/11/2026",="NUR236-L-P1",
="800001529",="No class",="2/18/2026",="NUR236-L-P1",
="800001529",="No class",="2/25/2026",="NUR236-L-P1",
="800001529",="No class",="3/4/2026",="NUR236-L-P1",
="800001529",="No class",="3/11/2026",="NUR236-L-P1",
="800001529",="Present",="3/18/2026",="NUR236-L-P1",
="800001529",="Present",="3/25/2026",="NUR236-L-P1",
="800001529",="Present",="4/1/2026",="NUR236-L-P1",
="800001529",="Present",="4/8/2026",="NUR236-L-P1",
="800001529",="No class",="4/15/2026",="NUR236-L-P1",
="800001954",="Present",="1/6/2026",="NUR100-L-A2",
="800001954",="Present",="1/13/2026",="NUR100-L-A2",
="800001954",="Present",="1/20/2026",="NUR100-L-A2",
="800001954",="No class",="1/27/2026",="NUR100-L-A2",
="800001954",="Present",="2/3/2026",="NUR100-L-A2",
="800001954",="Present",="2/10/2026",="NUR100-L-A2",
="800001954",="Present",="2/17/2026",="NUR100-L-A2",
="800001954",="Present",="2/24/2026",="NUR100-L-A2",
="800001954",="Present",="3/3/2026",="NUR100-L-A2",
="800001954",="Present",="3/10/2026",="NUR100-L-A2",
="800001954",="Present",="3/17/2026",="NUR100-L-A2",
="800001954",="Present",="3/24/2026",="NUR100-L-A2",
="800001954",="Present",="3/31/2026",="NUR100-L-A2",
="800001954",="Present",="4/7/2026",="NUR100-L-A2",
="800001884",="Present",="1/6/2026",="NUR100-L-A2",
="800001884",="Present",="1/13/2026",="NUR100-L-A2",
="800001884",="Present",="1/20/2026",="NUR100-L-A2",
="800001884",="No class",="1/27/2026",="NUR100-L-A2",
="800001884",="Present",="2/3/2026",="NUR100-L-A2",
="800001884",="Present",="2/10/2026",="NUR100-L-A2",
="800001884",="Present",="2/17/2026",="NUR100-L-A2",
="800001884",="Present",="2/24/2026",="NUR100-L-A2",
="800001884",="Present",="3/3/2026",="NUR100-L-A2",
="800001884",="Present",="3/10/2026",="NUR100-L-A2",
="800001884",="Present",="3/17/2026",="NUR100-L-A2",
="800001884",="Present",="3/24/2026",="NUR100-L-A2",
="800001884",="Present",="3/31/2026",="NUR100-L-A2",
="800001884",="Present",="4/7/2026",="NUR100-L-A2",
="800002053",="Tardy/Late",="1/9/2026",="COL010 -A",
="800002053",="Tardy/Late",="1/16/2026",="COL010 -A",
="800002053",="Tardy/Late",="1/23/2026",="COL010 -A",
="800002053",="Tardy/Late",="1/30/2026",="COL010 -A",
="800002001",="Present",="1/7/2026",="ENG101 -A",
="800002001",="Present",="1/14/2026",="ENG101 -A",
="800002001",="Present",="1/21/2026",="ENG101 -A",
="800002001",="Present",="1/28/2026",="ENG101 -A",
="800002001",="Present",="2/4/2026",="ENG101 -A",
="800002001",="Present",="2/11/2026",="ENG101 -A",
="800002001",="Present",="2/18/2026",="ENG101 -A",
="800002001",="Present",="2/25/2026",="ENG101 -A",
="800002001",="Present",="3/4/2026",="ENG101 -A",
="800002001",="Present",="3/11/2026",="ENG101 -A",
="800002001",="Present",="3/18/2026",="ENG101 -A",
="800002001",="Absent",="3/25/2026",="ENG101 -A",
="800002001",="Absent",="4/1/2026",="ENG101 -A",
="800002001",="Absent",="4/8/2026",="ENG101 -A",
="800001884",="Present",="1/8/2026",="NUR125-P",
="800001884",="Present",="1/15/2026",="NUR125-P",
="800001884",="Present",="1/22/2026",="NUR125-P",
="800001884",="Present",="1/29/2026",="NUR125-P",
="800001884",="Present",="2/5/2026",="NUR125-P",
="800001884",="Present",="2/26/2026",="NUR125-P",
="800001884",="Present",="3/5/2026",="NUR125-P",
="800001884",="Present",="3/12/2026",="NUR125-P",
="800001884",="Present",="3/19/2026",="NUR125-P",
="800001884",="Present",="3/26/2026",="NUR125-P",
="800001884",="Present",="4/16/2026",="NUR125-P",
="800000785",="Present",="1/8/2026",="NUR140-A",
="800000785",="Present",="1/15/2026",="NUR140-A",
="800000785",="Present",="1/22/2026",="NUR140-A",
="800000785",="Present",="1/29/2026",="NUR140-A",
="800000785",="Present",="2/5/2026",="NUR140-A",
="800000785",="Present",="2/12/2026",="NUR140-A",
="800000785",="Present",="2/19/2026",="NUR140-A",
="800000785",="Present",="2/26/2026",="NUR140-A",
="800001368",="Present",="1/5/2026",="PHARM225-B_P",
="800001368",="Present",="1/12/2026",="PHARM225-B_P",
="800001368",="No class",="1/19/2026",="PHARM225-B_P",
="800001368",="Present",="1/26/2026",="PHARM225-B_P",
="800001368",="Present",="2/2/2026",="PHARM225-B_P",
="800001368",="Present",="2/9/2026",="PHARM225-B_P",
="800001368",="Present",="2/16/2026",="PHARM225-B_P",
="800001368",="Present",="2/23/2026",="PHARM225-B_P",
="800001368",="Present",="3/2/2026",="PHARM225-B_P",
="800001368",="Present",="3/9/2026",="PHARM225-B_P",
="800001368",="Present",="3/16/2026",="PHARM225-B_P",
="800001368",="Present",="3/23/2026",="PHARM225-B_P",
="800001368",="Present",="3/30/2026",="PHARM225-B_P",
="800001368",="Present",="4/6/2026",="PHARM225-B_P",
="800001368",="Absent",="4/13/2026",="PHARM225-B_P",
="800001958",="Present",="1/6/2026",="SCI201-A",
="800001958",="Present",="1/13/2026",="SCI201-A",
="800001958",="Present",="1/20/2026",="SCI201-A",
="800001958",="Present",="1/27/2026",="SCI201-A",
="800001958",="Present",="2/3/2026",="SCI201-A",
="800001958",="Present",="2/10/2026",="SCI201-A",
="800001958",="Present",="2/17/2026",="SCI201-A",
="800001958",="Present",="2/24/2026",="SCI201-A",
="800001958",="Present",="3/3/2026",="SCI201-A",
="800001958",="Present",="3/10/2026",="SCI201-A",
="800001958",="Present",="3/17/2026",="SCI201-A",
="800001958",="Present",="3/24/2026",="SCI201-A",
="800001958",="Present",="3/31/2026",="SCI201-A",
="800001958",="Present",="4/7/2026",="SCI201-A",
="800001958",="Present",="4/14/2026",="SCI201-A",
="800001959",="Present",="1/6/2026",="SCI201-A",
="800001959",="Present",="1/13/2026",="SCI201-A",
="800001959",="Present",="1/20/2026",="SCI201-A",
="800001959",="Present",="1/27/2026",="SCI201-A",
="800001959",="Present",="2/3/2026",="SCI201-A",
="800001959",="Present",="2/10/2026",="SCI201-A",
="800001959",="Present",="2/17/2026",="SCI201-A",
="800001959",="Present",="2/24/2026",="SCI201-A",
="800001959",="Present",="3/3/2026",="SCI201-A",
="800001959",="Present",="3/10/2026",="SCI201-A",
="800001959",="Present",="3/17/2026",="SCI201-A",
="800001959",="Present",="3/24/2026",="SCI201-A",
="800001959",="Present",="3/31/2026",="SCI201-A",
="800001959",="Present",="4/7/2026",="SCI201-A",
="800001959",="Present",="4/14/2026",="SCI201-A",
="800001513",="Absent",="1/27/2026",="NUR400-L",
="800001513",="No class",="2/24/2026",="NUR400-L",
="800001513",="Present",="4/7/2026",="NUR400-L",
="800001513",="Present",="4/14/2026",="NUR400-L",
="800001513",="Absent",="1/7/2026",="NUR401",
="800001513",="Present",="1/9/2026",="NUR401",
="800001513",="Present",="1/14/2026",="NUR401",
="800001513",="Present",="1/16/2026",="NUR401",
="800001513",="Present",="1/21/2026",="NUR401",
="800001513",="Present",="1/23/2026",="NUR401",
="800001513",="Present",="1/28/2026",="NUR401",
="800001513",="Present",="1/30/2026",="NUR401",
="800001513",="Present",="2/4/2026",="NUR401",
="800001513",="Present",="2/6/2026",="NUR401",
="800001513",="Present",="2/11/2026",="NUR401",
="800001513",="Present",="2/13/2026",="NUR401",
="800001513",="No class",="2/18/2026",="NUR401",
="800001513",="Absent",="2/20/2026",="NUR401",
="800001513",="Present",="1/8/2026",="NUR400",
="800001513",="Present",="1/13/2026",="NUR400",
="800001513",="Absent",="1/15/2026",="NUR400",
="800001513",="Present",="1/20/2026",="NUR400",
="800001513",="Present",="1/27/2026",="NUR400",
="800001513",="Present",="2/3/2026",="NUR400",
="800001513",="Present",="2/10/2026",="NUR400",
="800001513",="Present",="2/17/2026",="NUR400",
="800001513",="Present",="2/24/2026",="NUR400",
="800001513",="Present",="3/3/2026",="NUR400",
="800001513",="Present",="3/10/2026",="NUR400",
="800001513",="Present",="3/17/2026",="NUR400",
="800001513",="Absent",="3/24/2026",="NUR400",
="800001513",="Present",="1/7/2026",="NUR403",
="800001513",="Present",="1/9/2026",="NUR403",
="800001513",="Present",="1/14/2026",="NUR403",
="800001513",="Present",="1/16/2026",="NUR403",
="800001513",="Present",="1/21/2026",="NUR403",
="800001513",="Present",="1/23/2026",="NUR403",
="800001513",="Absent",="1/28/2026",="NUR403",
="800001513",="Present",="1/30/2026",="NUR403",
="800001513",="Present",="2/4/2026",="NUR403",
="800001513",="Present",="2/6/2026",="NUR403",
="800001513",="No class",="2/11/2026",="NUR403",
="800001513",="Present",="2/13/2026",="NUR403",
="800001513",="Present",="2/18/2026",="NUR403",
="800001513",="Present",="2/20/2026",="NUR403",
="800001513",="Absent",="2/25/2026",="NUR403",
="800001513",="Absent",="3/13/2026",="NUR402",
="800001513",="Present",="3/18/2026",="NUR402",
="800001513",="Present",="3/20/2026",="NUR402",
="800001513",="Present",="3/25/2026",="NUR402",
="800001513",="No class",="3/27/2026",="NUR402",
="800001513",="Absent",="4/1/2026",="NUR402",
="800001513",="Absent",="4/3/2026",="NUR402",
="800001513",="Absent",="4/8/2026",="NUR402",
="800001513",="Absent",="4/10/2026",="NUR402",
="800001513",="Absent",="4/15/2026",="NUR402",
="800001513",="Absent",="4/17/2026",="NUR402",
="800001513",="Present",="3/4/2026",="NUR303",
="800001513",="Present",="3/6/2026",="NUR303",
="800001513",="Present",="3/11/2026",="NUR303",
="800001513",="Present",="3/13/2026",="NUR303",
="800001513",="Present",="3/18/2026",="NUR303",
="800001513",="Present",="3/20/2026",="NUR303",
="800001513",="Present",="3/25/2026",="NUR303",
="800001513",="Present",="3/27/2026",="NUR303",
="800001513",="Present",="4/1/2026",="NUR303",
="800001513",="Present",="4/3/2026",="NUR303",
="800001513",="Present",="4/8/2026",="NUR303",
="800001513",="Present",="4/10/2026",="NUR303",
="800001513",="Present",="4/15/2026",="NUR303",
="800001513",="Present",="4/17/2026",="NUR303",
="800001513",="Present",="4/22/2026",="NUR303",
="800001513",="Present",="4/24/2026",="NUR303",
="800001513",="Present",="1/8/2026",="SCI310",
="800001513",="Absent",="1/15/2026",="SCI310",
="800001513",="Present",="1/22/2026",="SCI310",
="800001513",="Present",="1/29/2026",="SCI310",
="800001513",="Present",="2/5/2026",="SCI310",
="800001513",="Present",="2/12/2026",="SCI310",
="800001513",="Absent",="2/19/2026",="SCI310",
="800001513",="Present",="2/26/2026",="SCI310",
="800001513",="Present",="3/2/2026",="SCI310",
="800001513",="Present",="3/5/2026",="SCI310",
="800001513",="Present",="3/12/2026",="SCI310",
="800001513",="Present",="3/19/2026",="SCI310",
="800001513",="Present",="3/26/2026",="SCI310",
="800001513",="Present",="4/2/2026",="SCI310",
="800001513",="Present",="4/9/2026",="SCI310",
="800001864",="Present",="1/8/2026",="PHARM130-A",
="800001864",="Present",="1/15/2026",="PHARM130-A",
="800001864",="Present",="1/22/2026",="PHARM130-A",
="800001864",="Present",="1/29/2026",="PHARM130-A",
="800001864",="Present",="2/5/2026",="PHARM130-A",
="800001864",="Present",="2/12/2026",="PHARM130-A",
="800001864",="Absent",="2/19/2026",="PHARM130-A",
="800001864",="Present",="2/26/2026",="PHARM130-A",
="800001864",="Present",="3/5/2026",="PHARM130-A",
="800001864",="Present",="3/12/2026",="PHARM130-A",
="800001864",="Present",="3/19/2026",="PHARM130-A",
="800001864",="Present",="3/26/2026",="PHARM130-A",
="800001864",="Present",="4/2/2026",="PHARM130-A",
="800001864",="Present",="4/9/2026",="PHARM130-A",
="800001864",="Present",="4/16/2026",="PHARM130-A",
="800001864",="Present",="1/10/2026",="NUT100 -OL II",
="800001864",="Present",="1/17/2026",="NUT100 -OL II",
="800001864",="Present",="1/24/2026",="NUT100 -OL II",
="800001864",="Present",="1/31/2026",="NUT100 -OL II",
="800001864",="Present",="2/7/2026",="NUT100 -OL II",
="800001864",="Absent",="2/14/2026",="NUT100 -OL II",
="800001864",="Present",="2/21/2026",="NUT100 -OL II",
="800001864",="Present",="2/28/2026",="NUT100 -OL II",
="800001864",="Present",="3/7/2026",="NUT100 -OL II",
="800001864",="Present",="3/14/2026",="NUT100 -OL II",
="800001864",="Present",="3/21/2026",="NUT100 -OL II",
="800001864",="Present",="3/28/2026",="NUT100 -OL II",
="800001864",="Absent",="4/4/2026",="NUT100 -OL II",
="800001864",="Present",="4/11/2026",="NUT100 -OL II",
="800001655",="No class",="3/11/2026",="NUR150-L-P1",
="800001655",="Present",="3/18/2026",="NUR150-L-P1",
="800001655",="Present",="3/25/2026",="NUR150-L-P1",
="800001655",="Present",="4/1/2026",="NUR150-L-P1",
="800001655",="Present",="4/8/2026",="NUR150-L-P1",
="800000428",="Present",="1/7/2026",="NUR404",
="800000428",="Present",="1/14/2026",="NUR404",
="800000428",="Present",="1/21/2026",="NUR404",
="800000428",="Present",="1/28/2026",="NUR404",
="800000428",="Present",="2/4/2026",="NUR404",
="800000428",="Present",="2/11/2026",="NUR404",
="800000428",="Present",="2/18/2026",="NUR404",
="800000428",="Present",="2/25/2026",="NUR404",
="800000428",="Present",="3/4/2026",="NUR404",
="800000428",="Present",="3/11/2026",="NUR404",
="800000428",="Present",="3/18/2026",="NUR404",
="800000428",="Present",="3/25/2026",="NUR404",
="800000428",="Present",="4/1/2026",="NUR404",
="800000428",="Present",="4/8/2026",="NUR404",
="800000428",="Present",="4/15/2026",="NUR404",
="800000625",="Present",="1/7/2026",="NUR404",
="800000625",="Present",="1/14/2026",="NUR404",
="800000625",="Present",="1/21/2026",="NUR404",
="800000625",="Present",="1/28/2026",="NUR404",
="800000625",="Present",="2/4/2026",="NUR404",
="800000625",="Present",="2/11/2026",="NUR404",
="800000625",="Present",="2/18/2026",="NUR404",
="800000625",="Present",="2/25/2026",="NUR404",
="800000625",="Present",="3/4/2026",="NUR404",
="800000625",="Present",="3/11/2026",="NUR404",
="800000625",="Present",="3/18/2026",="NUR404",
="800000625",="Present",="3/25/2026",="NUR404",
="800000625",="Present",="4/1/2026",="NUR404",
="800000625",="Present",="4/8/2026",="NUR404",
="800000625",="Present",="4/15/2026",="NUR404",
="800000461",="Present",="1/7/2026",="NUR404",
="800000461",="Present",="1/14/2026",="NUR404",
="800000461",="Present",="1/21/2026",="NUR404",
="800000461",="Present",="1/28/2026",="NUR404",
="800000461",="Present",="2/4/2026",="NUR404",
="800000461",="Present",="2/11/2026",="NUR404",
="800000461",="Present",="2/18/2026",="NUR404",
="800000461",="Present",="2/25/2026",="NUR404",
="800000461",="Present",="3/4/2026",="NUR404",
="800000461",="Present",="3/11/2026",="NUR404",
="800000461",="Present",="3/18/2026",="NUR404",
="800000461",="Present",="3/25/2026",="NUR404",
="800000461",="Present",="4/1/2026",="NUR404",
="800000461",="Present",="4/8/2026",="NUR404",
="800000461",="Present",="4/15/2026",="NUR404",
="800001864",="Absent",="1/6/2026",="AP100-P",
="800001864",="Absent",="1/8/2026",="AP100-P",
="800001864",="Present",="1/15/2026",="AP100-P",
="800001864",="Present",="1/22/2026",="AP100-P",
="800001864",="Present",="1/29/2026",="AP100-P",
="800001864",="Present",="2/5/2026",="AP100-P",
="800001864",="Absent",="2/12/2026",="AP100-P",
="800001864",="Present",="2/19/2026",="AP100-P",
="800001864",="Present",="2/26/2026",="AP100-P",
="800001864",="Present",="3/5/2026",="AP100-P",
="800001864",="Present",="3/12/2026",="AP100-P",
="800001864",="Present",="3/19/2026",="AP100-P",
="800001864",="Present",="3/26/2026",="AP100-P",
="800001864",="Present",="4/2/2026",="AP100-P",
="800001864",="Present",="4/9/2026",="AP100-P",
="800001864",="Present",="4/16/2026",="AP100-P",
="800001928",="Absent",="1/15/2026",="NUR125-L-P1",
="800001928",="Absent",="1/22/2026",="NUR125-L-P1",
="800001928",="Present",="1/29/2026",="NUR125-L-P1",
="800001928",="Present",="2/5/2026",="NUR125-L-P1",
="800001928",="Present",="2/19/2026",="NUR125-L-P1",
="800001928",="Present",="3/12/2026",="NUR125-L-P1",
="800001928",="Absent",="3/19/2026",="NUR125-L-P1",
="800001928",="Present",="3/26/2026",="NUR125-L-P1",
="800001928",="Present",="4/9/2026",="NUR125-L-P1",
="800001928",="Present",="4/16/2026",="NUR125-L-P1",
="800001928",="Present",="1/8/2026",="NUR125-P",
="800001928",="Present",="1/15/2026",="NUR125-P",
="800001928",="Present",="1/22/2026",="NUR125-P",
="800001928",="Present",="1/29/2026",="NUR125-P",
="800001928",="Present",="2/5/2026",="NUR125-P",
="800001928",="Present",="2/26/2026",="NUR125-P",
="800001928",="Present",="3/5/2026",="NUR125-P",
="800001928",="Present",="3/12/2026",="NUR125-P",
="800001928",="Absent",="3/19/2026",="NUR125-P",
="800001928",="Present",="3/26/2026",="NUR125-P",
="800001928",="Present",="4/16/2026",="NUR125-P",
="800001580",="Present",="1/5/2026",="NUR145 - P",
="800001580",="Present",="1/12/2026",="NUR145 - P",
="800001580",="Absent",="1/19/2026",="NUR145 - P",
="800001580",="Present",="1/26/2026",="NUR145 - P",
="800001580",="Present",="2/2/2026",="NUR145 - P",
="800001580",="Present",="2/9/2026",="NUR145 - P",
="800001580",="Absent",="2/16/2026",="NUR145 - P",
="800001580",="Present",="2/23/2026",="NUR145 - P",
="800001580",="Present",="1/30/2026",="NUR145-L-P",
="800001580",="No class",="3/11/2026",="NUR150-L-P1",
="800001580",="Present",="3/18/2026",="NUR150-L-P1",
="800001580",="Present",="3/25/2026",="NUR150-L-P1",
="800001580",="Present",="4/1/2026",="NUR150-L-P1",
="800001580",="Present",="4/8/2026",="NUR150-L-P1",
="800001580",="Present",="3/3/2026",="NUR150-P",
="800001580",="Present",="3/9/2026",="NUR150-P",
="800001580",="Present",="3/10/2026",="NUR150-P",
="800001580",="Present",="3/16/2026",="NUR150-P",
="800001580",="Present",="3/17/2026",="NUR150-P",
="800001580",="Present",="3/23/2026",="NUR150-P",
="800001580",="Present",="3/24/2026",="NUR150-P",
="800001580",="Present",="3/30/2026",="NUR150-P",
="800001580",="Present",="3/31/2026",="NUR150-P",
="800001580",="No class",="4/6/2026",="NUR150-P",
="800001580",="No class",="4/7/2026",="NUR150-P",
="800001580",="Present",="4/13/2026",="NUR150-P",
="800001580",="Present",="4/14/2026",="NUR150-P",
="800001580",="Present",="4/20/2026",="NUR150-P",
="800001580",="Present",="4/21/2026",="NUR150-P",
="800001580",="Present",="1/10/2026",="PSY101 -OL",
="800001580",="Present",="1/11/2026",="PSY101 -OL",
="800001580",="Present",="1/18/2026",="PSY101 -OL",
="800001580",="Present",="1/25/2026",="PSY101 -OL",
="800001580",="Present",="2/1/2026",="PSY101 -OL",
="800001580",="Present",="2/8/2026",="PSY101 -OL",
="800001580",="Present",="2/15/2026",="PSY101 -OL",
="800001580",="Present",="2/22/2026",="PSY101 -OL",
="800001580",="Present",="3/1/2026",="PSY101 -OL",
="800001580",="Present",="3/8/2026",="PSY101 -OL",
="800001580",="Absent",="3/15/2026",="PSY101 -OL",
="800001580",="Absent",="3/22/2026",="PSY101 -OL",
="800001580",="Absent",="3/29/2026",="PSY101 -OL",
="800001580",="Absent",="4/5/2026",="PSY101 -OL",
="800001580",="Present",="1/7/2026",="NUR155-A",
="800001580",="Present",="1/9/2026",="NUR155-A",
="800001580",="Present",="1/16/2026",="NUR155-A",
="800001580",="Absent",="1/23/2026",="NUR155-A",
="800001580",="Present",="1/30/2026",="NUR155-A",
="800001580",="Present",="2/6/2026",="NUR155-A",
="800001580",="Present",="2/13/2026",="NUR155-A",
="800001580",="Present",="2/20/2026",="NUR155-A",
="800001580",="Present",="2/27/2026",="NUR155-A",
="800001580",="Present",="3/2/2026",="NUR155-A",
="800001580",="Present",="3/3/2026",="NUR155-A",
="800001580",="Present",="3/4/2026",="NUR155-A",
="800001580",="Absent",="3/6/2026",="NUR155-A",
="800001580",="Present",="3/13/2026",="NUR155-A",
="800001580",="Present",="3/20/2026",="NUR155-A",
="800001580",="Absent",="3/27/2026",="NUR155-A",
="800001580",="Absent",="4/3/2026",="NUR155-A",
="800001580",="No class",="4/10/2026",="NUR155-A",
="800001580",="Present",="4/2/2026",="NUR140-P",
="800001580",="Present",="4/9/2026",="NUR140-P",
="800001580",="Absent",="4/16/2026",="NUR140-P",
="800001580",="Present",="4/23/2026",="NUR140-P",
="800001265",="Absent",="1/7/2026",="NUR155-P",
="800001265",="Present",="1/13/2026",="NUR155-P",
="800001265",="Present",="1/20/2026",="NUR155-P",
="800001265",="Present",="1/27/2026",="NUR155-P",
="800001265",="Present",="2/3/2026",="NUR155-P",
="800001265",="Present",="2/10/2026",="NUR155-P",
="800001265",="Present",="2/17/2026",="NUR155-P",
="800001265",="Present",="2/24/2026",="NUR155-P",
="800001265",="Present",="3/2/2026",="NUR155-P",
="800001265",="Present",="3/3/2026",="NUR155-P",
="800001265",="Present",="3/4/2026",="NUR155-P",
="800001265",="Present",="3/10/2026",="NUR155-P",
="800001265",="Present",="3/17/2026",="NUR155-P",
="800001265",="Present",="3/24/2026",="NUR155-P",
="800001265",="Present",="3/31/2026",="NUR155-P",
="800001265",="Present",="4/7/2026",="NUR155-P",
="800001265",="Present",="4/14/2026",="NUR155-P",
="800001417",="Absent",="1/7/2026",="NUR155-P",
="800001417",="Present",="1/13/2026",="NUR155-P",
="800001417",="Present",="1/20/2026",="NUR155-P",
="800001417",="Present",="1/27/2026",="NUR155-P",
="800001417",="Present",="2/3/2026",="NUR155-P",
="800001417",="Present",="2/10/2026",="NUR155-P",
="800001417",="Present",="2/17/2026",="NUR155-P",
="800001417",="Present",="2/24/2026",="NUR155-P",
="800001417",="Present",="3/2/2026",="NUR155-P",
="800001417",="Present",="3/3/2026",="NUR155-P",
="800001417",="Present",="3/4/2026",="NUR155-P",
="800001417",="Present",="3/10/2026",="NUR155-P",
="800001417",="Present",="3/17/2026",="NUR155-P",
="800001417",="Present",="3/24/2026",="NUR155-P",
="800001417",="Present",="3/31/2026",="NUR155-P",
="800001417",="Present",="4/7/2026",="NUR155-P",
="800001417",="Present",="4/14/2026",="NUR155-P",
="800001459",="Present",="1/7/2026",="NUR155-P",
="800001459",="Present",="1/13/2026",="NUR155-P",
="800001459",="Present",="1/20/2026",="NUR155-P",
="800001459",="Present",="1/27/2026",="NUR155-P",
="800001459",="Present",="2/3/2026",="NUR155-P",
="800001459",="Present",="2/10/2026",="NUR155-P",
="800001459",="Present",="2/17/2026",="NUR155-P",
="800001459",="Present",="2/24/2026",="NUR155-P",
="800001459",="Present",="3/2/2026",="NUR155-P",
="800001459",="Present",="3/3/2026",="NUR155-P",
="800001459",="Present",="3/4/2026",="NUR155-P",
="800001459",="Present",="3/10/2026",="NUR155-P",
="800001459",="Present",="3/17/2026",="NUR155-P",
="800001459",="Present",="3/24/2026",="NUR155-P",
="800001459",="Present",="3/31/2026",="NUR155-P",
="800001459",="Present",="4/7/2026",="NUR155-P",
="800001459",="Present",="4/14/2026",="NUR155-P",
="800001528",="Present",="1/7/2026",="NUR155-P",
="800001528",="Present",="1/13/2026",="NUR155-P",
="800001528",="Present",="1/20/2026",="NUR155-P",
="800001528",="Present",="1/27/2026",="NUR155-P",
="800001528",="Present",="2/3/2026",="NUR155-P",
="800001528",="Present",="2/10/2026",="NUR155-P",
="800001528",="Present",="2/17/2026",="NUR155-P",
="800001528",="Present",="2/24/2026",="NUR155-P",
="800001528",="Present",="3/2/2026",="NUR155-P",
="800001528",="Present",="3/3/2026",="NUR155-P",
="800001528",="Present",="3/4/2026",="NUR155-P",
="800001528",="Present",="3/10/2026",="NUR155-P",
="800001528",="Absent",="3/17/2026",="NUR155-P",
="800001528",="Present",="3/24/2026",="NUR155-P",
="800001528",="Present",="3/31/2026",="NUR155-P",
="800001528",="Present",="4/7/2026",="NUR155-P",
="800001528",="Present",="4/14/2026",="NUR155-P",
="800001530",="Absent",="1/7/2026",="NUR155-P",
="800001530",="Present",="1/13/2026",="NUR155-P",
="800001530",="Present",="1/20/2026",="NUR155-P",
="800001530",="Present",="1/27/2026",="NUR155-P",
="800001530",="Present",="2/3/2026",="NUR155-P",
="800001530",="Present",="2/10/2026",="NUR155-P",
="800001530",="Present",="2/17/2026",="NUR155-P",
="800001530",="Present",="2/24/2026",="NUR155-P",
="800001530",="Present",="3/2/2026",="NUR155-P",
="800001530",="Present",="3/3/2026",="NUR155-P",
="800001530",="Present",="3/4/2026",="NUR155-P",
="800001530",="Present",="3/10/2026",="NUR155-P",
="800001530",="Present",="3/17/2026",="NUR155-P",
="800001530",="Present",="3/24/2026",="NUR155-P",
="800001530",="Present",="3/31/2026",="NUR155-P",
="800001530",="Present",="4/7/2026",="NUR155-P",
="800001530",="Present",="4/14/2026",="NUR155-P",
="800001534",="Absent",="1/7/2026",="NUR155-P",
="800001534",="Present",="1/13/2026",="NUR155-P",
="800001534",="Present",="1/20/2026",="NUR155-P",
="800001534",="Present",="1/27/2026",="NUR155-P",
="800001534",="Present",="2/3/2026",="NUR155-P",
="800001534",="Present",="2/10/2026",="NUR155-P",
="800001534",="Present",="2/17/2026",="NUR155-P",
="800001534",="Present",="2/24/2026",="NUR155-P",
="800001534",="Present",="3/2/2026",="NUR155-P",
="800001534",="Present",="3/3/2026",="NUR155-P",
="800001534",="Present",="3/4/2026",="NUR155-P",
="800001534",="Present",="3/10/2026",="NUR155-P",
="800001534",="Present",="3/17/2026",="NUR155-P",
="800001534",="Present",="3/24/2026",="NUR155-P",
="800001534",="Present",="3/31/2026",="NUR155-P",
="800001534",="Present",="4/7/2026",="NUR155-P",
="800001534",="Present",="4/14/2026",="NUR155-P",
="800000762",="Present",="1/7/2026",="NUR470-P",
="800000762",="Present",="1/13/2026",="NUR470-P",
="800000762",="Present",="1/20/2026",="NUR470-P",
="800000762",="Present",="1/27/2026",="NUR470-P",
="800000762",="Present",="2/3/2026",="NUR470-P",
="800000762",="Present",="2/10/2026",="NUR470-P",
="800000762",="Present",="2/24/2026",="NUR470-P",
="800000762",="Present",="3/2/2026",="NUR470-P",
="800000762",="Present",="3/3/2026",="NUR470-P",
="800000762",="Present",="3/4/2026",="NUR470-P",
="800000762",="Present",="3/10/2026",="NUR470-P",
="800000762",="Present",="3/17/2026",="NUR470-P",
="800000762",="Present",="3/24/2026",="NUR470-P",
="800001831",="Present",="1/7/2026",="ENG101 -A",
="800001831",="Present",="1/14/2026",="ENG101 -A",
="800001831",="Absent",="1/21/2026",="ENG101 -A",
="800001831",="Present",="1/28/2026",="ENG101 -A",
="800001831",="Present",="2/4/2026",="ENG101 -A",
="800001831",="Absent",="2/11/2026",="ENG101 -A",
="800001831",="Absent",="2/18/2026",="ENG101 -A",
="800001831",="Tardy/Late",="2/25/2026",="ENG101 -A",
="800001831",="Absent",="3/4/2026",="ENG101 -A",
="800001831",="Absent",="3/11/2026",="ENG101 -A",
="800001831",="Absent",="3/18/2026",="ENG101 -A",
="800001831",="Absent",="3/25/2026",="ENG101 -A",
="800001831",="Absent",="4/1/2026",="ENG101 -A",
="800001831",="Absent",="4/8/2026",="ENG101 -A",
="800001831",="Present",="1/6/2026",="AP100-A",
="800001831",="Present",="1/13/2026",="AP100-A",
="800001831",="Present",="1/20/2026",="AP100-A",
="800001831",="Present",="1/27/2026",="AP100-A",
="800001831",="Present",="2/3/2026",="AP100-A",
="800001831",="Present",="2/10/2026",="AP100-A",
="800001831",="Present",="2/17/2026",="AP100-A",
="800001831",="Present",="2/24/2026",="AP100-A",
="800001831",="Present",="3/3/2026",="AP100-A",
="800001831",="Present",="3/10/2026",="AP100-A",
="800001831",="Absent",="3/17/2026",="AP100-A",
="800001831",="Present",="3/24/2026",="AP100-A",
="800001831",="Present",="3/31/2026",="AP100-A",
="800001831",="Absent",="4/7/2026",="AP100-A",
="800001831",="Absent",="4/14/2026",="AP100-A",
="800001831",="Present",="1/10/2026",="PSY101 -OL",
="800001831",="Present",="1/11/2026",="PSY101 -OL",
="800001831",="Present",="1/18/2026",="PSY101 -OL",
="800001831",="Present",="1/25/2026",="PSY101 -OL",
="800001831",="Present",="2/1/2026",="PSY101 -OL",
="800001831",="Present",="2/8/2026",="PSY101 -OL",
="800001831",="Present",="2/15/2026",="PSY101 -OL",
="800001831",="Present",="2/22/2026",="PSY101 -OL",
="800001831",="Present",="3/1/2026",="PSY101 -OL",
="800001831",="Present",="3/8/2026",="PSY101 -OL",
="800001831",="Absent",="3/15/2026",="PSY101 -OL",
="800001831",="Absent",="3/22/2026",="PSY101 -OL",
="800001831",="Absent",="3/29/2026",="PSY101 -OL",
="800001831",="Absent",="4/5/2026",="PSY101 -OL",
="800001468",="Present",="1/6/2026",="MCB100 -A",
="800001468",="Present",="1/13/2026",="MCB100 -A",
="800001468",="Present",="1/20/2026",="MCB100 -A",
="800001468",="Present",="1/27/2026",="MCB100 -A",
="800001468",="Present",="2/3/2026",="MCB100 -A",
="800001468",="Present",="2/10/2026",="MCB100 -A",
="800001468",="Present",="2/17/2026",="MCB100 -A",
="800001468",="Present",="2/24/2026",="MCB100 -A",
="800001468",="Present",="3/3/2026",="MCB100 -A",
="800001468",="Present",="3/10/2026",="MCB100 -A",
="800001468",="Present",="3/17/2026",="MCB100 -A",
="800001468",="Present",="3/24/2026",="MCB100 -A",
="800001468",="Present",="3/31/2026",="MCB100 -A",
="800001468",="Present",="4/7/2026",="MCB100 -A",
="800001468",="Present",="4/14/2026",="MCB100 -A",
="800001415",="Present",="1/10/2026",="ENG102 - OL",
="800001415",="Present",="1/18/2026",="ENG102 - OL",
="800001415",="Present",="1/25/2026",="ENG102 - OL",
="800001415",="Present",="2/1/2026",="ENG102 - OL",
="800001415",="Present",="2/8/2026",="ENG102 - OL",
="800001415",="Present",="2/15/2026",="ENG102 - OL",
="800001415",="Present",="2/22/2026",="ENG102 - OL",
="800001415",="Present",="3/1/2026",="ENG102 - OL",
="800001415",="Absent",="3/8/2026",="ENG102 - OL",
="800001415",="Absent",="3/15/2026",="ENG102 - OL",
="800001415",="Absent",="3/22/2026",="ENG102 - OL",
="800001415",="Present",="3/29/2026",="ENG102 - OL",
="800001415",="Present",="4/5/2026",="ENG102 - OL",
="800001798",="Present",="3/5/2026",="NUR140-P",
="800001798",="Present",="3/12/2026",="NUR140-P",
="800001798",="Present",="3/19/2026",="NUR140-P",
="800001798",="Present",="3/26/2026",="NUR140-P",
="800001798",="Present",="4/2/2026",="NUR140-P",
="800001798",="Present",="4/9/2026",="NUR140-P",
="800001798",="Present",="4/16/2026",="NUR140-P",
="800001798",="Present",="4/23/2026",="NUR140-P",
="800001798",="Present",="3/3/2026",="NUR150 -A",
="800001798",="Present",="3/4/2026",="NUR150 -A",
="800001798",="Present",="3/10/2026",="NUR150 -A",
="800001798",="Present",="3/11/2026",="NUR150 -A",
="800001798",="Present",="3/17/2026",="NUR150 -A",
="800001798",="Present",="3/18/2026",="NUR150 -A",
="800001798",="Present",="3/24/2026",="NUR150 -A",
="800001798",="Present",="3/25/2026",="NUR150 -A",
="800001798",="Present",="3/31/2026",="NUR150 -A",
="800001798",="Present",="4/1/2026",="NUR150 -A",
="800001798",="No class",="4/7/2026",="NUR150 -A",
="800001798",="No class",="4/8/2026",="NUR150 -A",
="800001798",="Present",="4/14/2026",="NUR150 -A",
="800001798",="Present",="4/15/2026",="NUR150 -A",
="800001798",="Present",="4/21/2026",="NUR150 -A",
="800001798",="Present",="3/9/2026",="NUR150 -L-A1",
="800001798",="Present",="3/16/2026",="NUR150 -L-A1",
="800001798",="Present",="3/23/2026",="NUR150 -L-A1",
="800001798",="Present",="3/30/2026",="NUR150 -L-A1",
="800001798",="Present",="4/6/2026",="NUR150 -L-A1",
="800002049",="Present",="1/8/2026",="AP100-P",
="800002049",="Present",="1/15/2026",="AP100-P",
="800002049",="Present",="1/22/2026",="AP100-P",
="800002049",="Present",="1/29/2026",="AP100-P",
="800002049",="Present",="2/5/2026",="AP100-P",
="800002049",="Present",="2/12/2026",="AP100-P",
="800002049",="Present",="2/19/2026",="AP100-P",
="800002049",="Present",="2/26/2026",="AP100-P",
="800002049",="Present",="3/5/2026",="AP100-P",
="800002049",="Present",="3/12/2026",="AP100-P",
="800002049",="Present",="3/19/2026",="AP100-P",
="800002049",="Absent",="3/26/2026",="AP100-P",
="800002049",="Present",="4/2/2026",="AP100-P",
="800002049",="Present",="4/9/2026",="AP100-P",
="800002049",="Present",="4/16/2026",="AP100-P",
="800002049",="Present",="1/5/2026",="NUR100-P",
="800002049",="Present",="1/12/2026",="NUR100-P",
="800002049",="Present",="1/26/2026",="NUR100-P",
="800002049",="Present",="2/2/2026",="NUR100-P",
="800002049",="Present",="2/23/2026",="NUR100-P",
="800002049",="Present",="3/2/2026",="NUR100-P",
="800002049",="Present",="3/9/2026",="NUR100-P",
="800002049",="Present",="3/16/2026",="NUR100-P",
="800002049",="Present",="3/23/2026",="NUR100-P",
="800002049",="Present",="4/13/2026",="NUR100-P",
="800002049",="Present",="4/20/2026",="NUR100-P",
="800002049",="Present",="1/10/2026",="COL010 - OL I",
="800002049",="Present",="1/17/2026",="COL010 - OL I",
="800002049",="Present",="1/24/2026",="COL010 - OL I",
="800002049",="Present",="1/31/2026",="COL010 - OL I",
="800002049",="Present",="2/3/2026",="NUR102 - P",
="800002049",="Present",="2/10/2026",="NUR102 - P",
="800002049",="Present",="2/11/2026",="NUR102 - P",
="800002049",="Present",="2/17/2026",="NUR102 - P",
="800002049",="Present",="2/18/2026",="NUR102 - P",
="800002049",="Present",="2/24/2026",="NUR102 - P",
="800002049",="Present",="3/3/2026",="NUR102 - P",
="800002049",="Present",="3/10/2026",="NUR102 - P",
="800002049",="Present",="3/11/2026",="NUR102 - P",
="800002049",="Present",="3/17/2026",="NUR102 - P",
="800002049",="Present",="3/18/2026",="NUR102 - P",
="800002049",="Present",="3/24/2026",="NUR102 - P",
="800002049",="Present",="3/25/2026",="NUR102 - P",
="800002049",="Present",="3/31/2026",="NUR102 - P",
="800002049",="Present",="4/1/2026",="NUR102 - P",
="800002049",="Present",="4/14/2026",="NUR102 - P",
="800002049",="Present",="4/15/2026",="NUR102 - P",
="800002049",="Present",="2/6/2026",="NUR102-L-P1",
="800002049",="Absent",="2/13/2026",="NUR102-L-P1",
="800002049",="Present",="2/20/2026",="NUR102-L-P1",
="800002049",="Present",="2/27/2026",="NUR102-L-P1",
="800002049",="Present",="3/6/2026",="NUR102-L-P1",
="800002049",="Present",="3/13/2026",="NUR102-L-P1",
="800002049",="Present",="3/20/2026",="NUR102-L-P1",
="800002049",="Present",="3/27/2026",="NUR102-L-P1",
="800002049",="Present",="4/3/2026",="NUR102-L-P1",
="800002049",="Present",="4/10/2026",="NUR102-L-P1",
="800002044",="Present",="1/6/2026",="AP100-A",
="800002044",="Present",="1/13/2026",="AP100-A",
="800002044",="Present",="1/20/2026",="AP100-A",
="800002044",="Present",="1/27/2026",="AP100-A",
="800002044",="Present",="2/3/2026",="AP100-A",
="800002044",="Present",="2/10/2026",="AP100-A",
="800002044",="Present",="2/17/2026",="AP100-A",
="800002044",="Present",="2/24/2026",="AP100-A",
="800002044",="Present",="3/3/2026",="AP100-A",
="800002044",="Present",="3/10/2026",="AP100-A",
="800002044",="Present",="3/24/2026",="AP100-A",
="800002044",="Present",="3/31/2026",="AP100-A",
="800002044",="Present",="4/7/2026",="AP100-A",
="800002044",="Present",="4/14/2026",="AP100-A",
="800002059",="Present",="1/6/2026",="NUR100-L-A2",
="800002059",="Present",="1/13/2026",="NUR100-L-A2",
="800002059",="Present",="1/20/2026",="NUR100-L-A2",
="800002059",="No class",="1/27/2026",="NUR100-L-A2",
="800002059",="Present",="2/3/2026",="NUR100-L-A2",
="800002059",="Present",="2/10/2026",="NUR100-L-A2",
="800002059",="Present",="2/17/2026",="NUR100-L-A2",
="800002059",="Present",="2/24/2026",="NUR100-L-A2",
="800002059",="Present",="3/3/2026",="NUR100-L-A2",
="800002059",="Present",="3/10/2026",="NUR100-L-A2",
="800002059",="Present",="3/17/2026",="NUR100-L-A2",
="800002059",="Present",="3/24/2026",="NUR100-L-A2",
="800002059",="Present",="3/31/2026",="NUR100-L-A2",
="800002059",="Present",="4/7/2026",="NUR100-L-A2",
="800002059",="Tardy/Late",="1/9/2026",="COL010 -A",
="800002059",="Tardy/Late",="1/16/2026",="COL010 -A",
="800002059",="Tardy/Late",="1/23/2026",="COL010 -A",
="800002059",="Tardy/Late",="1/30/2026",="COL010 -A",
="800002059",="Present",="1/5/2026",="NUR100 -A",
="800002059",="Present",="1/12/2026",="NUR100 -A",
="800002059",="Present",="1/26/2026",="NUR100 -A",
="800002059",="Present",="2/2/2026",="NUR100 -A",
="800002059",="No class",="2/9/2026",="NUR100 -A",
="800002059",="No class",="2/16/2026",="NUR100 -A",
="800002059",="Present",="2/23/2026",="NUR100 -A",
="800002059",="Present",="3/2/2026",="NUR100 -A",
="800002059",="Present",="3/9/2026",="NUR100 -A",
="800002059",="Present",="3/16/2026",="NUR100 -A",
="800002059",="Present",="3/23/2026",="NUR100 -A",
="800002059",="Present",="4/13/2026",="NUR100 -A",
="800002059",="Present",="1/6/2026",="AP100-A",
="800002059",="Present",="1/13/2026",="AP100-A",
="800002059",="Present",="1/20/2026",="AP100-A",
="800002059",="Present",="1/27/2026",="AP100-A",
="800002059",="Present",="2/3/2026",="AP100-A",
="800002059",="Present",="2/10/2026",="AP100-A",
="800002059",="Present",="2/17/2026",="AP100-A",
="800002059",="Present",="2/24/2026",="AP100-A",
="800002059",="Present",="3/3/2026",="AP100-A",
="800002059",="Present",="3/10/2026",="AP100-A",
="800002059",="Present",="3/17/2026",="AP100-A",
="800002059",="Present",="3/24/2026",="AP100-A",
="800002059",="Present",="3/31/2026",="AP100-A",
="800002059",="Present",="4/7/2026",="AP100-A",
="800002059",="Present",="4/14/2026",="AP100-A",
="800002059",="Present",="2/5/2026",="NUR102-L-A1",
="800002059",="Present",="2/12/2026",="NUR102-L-A1",
="800002059",="Present",="2/19/2026",="NUR102-L-A1",
="800002059",="Present",="2/26/2026",="NUR102-L-A1",
="800002059",="Present",="3/5/2026",="NUR102-L-A1",
="800002059",="Present",="3/12/2026",="NUR102-L-A1",
="800002059",="Present",="3/19/2026",="NUR102-L-A1",
="800002059",="Present",="3/26/2026",="NUR102-L-A1",
="800002059",="Present",="4/2/2026",="NUR102-L-A1",
="800002059",="Absent",="4/9/2026",="NUR102-L-A1",
="800002059",="Present",="2/2/2026",="NUR102 - A",
="800002059",="Present",="2/9/2026",="NUR102 - A",
="800002059",="Present",="2/11/2026",="NUR102 - A",
="800002059",="Present",="2/16/2026",="NUR102 - A",
="800002059",="Present",="2/18/2026",="NUR102 - A",
="800002059",="Present",="2/23/2026",="NUR102 - A",
="800002059",="Present",="2/25/2026",="NUR102 - A",
="800002059",="Present",="3/2/2026",="NUR102 - A",
="800002059",="Present",="3/4/2026",="NUR102 - A",
="800002059",="Present",="3/9/2026",="NUR102 - A",
="800002059",="Present",="3/11/2026",="NUR102 - A",
="800002059",="Present",="3/16/2026",="NUR102 - A",
="800002059",="Present",="3/18/2026",="NUR102 - A",
="800002059",="Present",="3/23/2026",="NUR102 - A",
="800002059",="Present",="3/25/2026",="NUR102 - A",
="800002059",="Present",="3/30/2026",="NUR102 - A",
="800002059",="Present",="4/1/2026",="NUR102 - A",
="800002059",="Present",="4/13/2026",="NUR102 - A",
="800002059",="Present",="4/15/2026",="NUR102 - A",
="800001963",="Present",="1/6/2026",="SCI201-A",
="800001963",="Present",="1/13/2026",="SCI201-A",
="800001963",="Present",="1/20/2026",="SCI201-A",
="800001963",="Present",="1/27/2026",="SCI201-A",
="800001963",="Present",="2/3/2026",="SCI201-A",
="800001963",="Present",="2/10/2026",="SCI201-A",
="800001963",="Present",="2/17/2026",="SCI201-A",
="800001963",="Present",="2/24/2026",="SCI201-A",
="800001963",="Present",="3/3/2026",="SCI201-A",
="800001963",="Present",="3/10/2026",="SCI201-A",
="800001963",="Present",="3/17/2026",="SCI201-A",
="800001963",="Present",="3/24/2026",="SCI201-A",
="800001963",="Present",="3/31/2026",="SCI201-A",
="800001963",="Present",="4/7/2026",="SCI201-A",
="800001963",="Present",="4/14/2026",="SCI201-A",
="770062103",="Present",="2/5/2026",="NUR205-L-P1",
="770062103",="Present",="2/12/2026",="NUR205-L-P1",
="770062103",="Present",="2/19/2026",="NUR205-L-P1",
="770062103",="Present",="4/2/2026",="NUR205-L-P1",
="770062103",="Present",="4/9/2026",="NUR205-L-P1",
="800002038",="Present",="1/9/2026",="STAT101-A",
="800002038",="Absent",="1/16/2026",="STAT101-A",
="800002038",="Present",="1/23/2026",="STAT101-A",
="800002038",="Absent",="1/30/2026",="STAT101-A",
="800002038",="Absent",="2/6/2026",="STAT101-A",
="800001543",="Present",="1/8/2026",="PHARM130-A",
="800001543",="Present",="1/15/2026",="PHARM130-A",
="800001543",="Present",="1/22/2026",="PHARM130-A",
="800001543",="Present",="1/29/2026",="PHARM130-A",
="800001543",="Present",="2/5/2026",="PHARM130-A",
="800001543",="Present",="2/12/2026",="PHARM130-A",
="800001543",="Present",="2/19/2026",="PHARM130-A",
="800001543",="Present",="2/26/2026",="PHARM130-A",
="800001543",="Present",="3/5/2026",="PHARM130-A",
="800001543",="Present",="3/12/2026",="PHARM130-A",
="800001543",="Present",="3/19/2026",="PHARM130-A",
="800001543",="Present",="3/26/2026",="PHARM130-A",
="800001543",="Present",="4/2/2026",="PHARM130-A",
="800001543",="Present",="4/9/2026",="PHARM130-A",
="800001543",="Present",="4/16/2026",="PHARM130-A",
="800002064",="Present",="1/5/2026",="NUR100-P",
="800002064",="Present",="1/12/2026",="NUR100-P",
="800002064",="Present",="1/26/2026",="NUR100-P",
="800002064",="Present",="2/2/2026",="NUR100-P",
="800002064",="Present",="2/23/2026",="NUR100-P",
="800002064",="Present",="3/2/2026",="NUR100-P",
="800002064",="Present",="3/9/2026",="NUR100-P",
="800002064",="Present",="3/16/2026",="NUR100-P",
="800002064",="Present",="3/23/2026",="NUR100-P",
="800002064",="Absent",="4/13/2026",="NUR100-P",
="800002064",="Absent",="4/20/2026",="NUR100-P",
="800002064",="Absent",="1/9/2026",="NUR100-L-P1",
="800002064",="Absent",="1/16/2026",="NUR100-L-P1",
="800002064",="Present",="1/23/2026",="NUR100-L-P1",
="800002064",="Present",="1/30/2026",="NUR100-L-P1",
="800002064",="Present",="2/6/2026",="NUR100-L-P1",
="800002064",="Present",="2/13/2026",="NUR100-L-P1",
="800002064",="Present",="2/20/2026",="NUR100-L-P1",
="800002064",="Present",="2/27/2026",="NUR100-L-P1",
="800002064",="Present",="3/6/2026",="NUR100-L-P1",
="800002064",="Present",="3/13/2026",="NUR100-L-P1",
="800002064",="Absent",="3/20/2026",="NUR100-L-P1",
="800002064",="No class",="3/27/2026",="NUR100-L-P1",
="800002064",="Present",="1/8/2026",="AP100-P",
="800002064",="Present",="1/15/2026",="AP100-P",
="800002064",="Present",="1/22/2026",="AP100-P",
="800002064",="Present",="1/29/2026",="AP100-P",
="800002064",="Present",="2/5/2026",="AP100-P",
="800002064",="Present",="2/12/2026",="AP100-P",
="800002064",="Present",="2/19/2026",="AP100-P",
="800002064",="Present",="2/26/2026",="AP100-P",
="800002064",="Present",="3/5/2026",="AP100-P",
="800002064",="Present",="3/12/2026",="AP100-P",
="800002064",="Present",="3/19/2026",="AP100-P",
="800002064",="Present",="3/26/2026",="AP100-P",
="800002064",="Present",="4/2/2026",="AP100-P",
="800002064",="Absent",="4/9/2026",="AP100-P",
="800002064",="Present",="4/16/2026",="AP100-P",
="800002064",="Present",="2/3/2026",="NUR102 - P",
="800002064",="Present",="2/10/2026",="NUR102 - P",
="800002064",="Present",="2/11/2026",="NUR102 - P",
="800002064",="Present",="2/17/2026",="NUR102 - P",
="800002064",="Present",="2/18/2026",="NUR102 - P",
="800002064",="Present",="2/24/2026",="NUR102 - P",
="800002064",="Present",="3/3/2026",="NUR102 - P",
="800002064",="Present",="3/10/2026",="NUR102 - P",
="800002064",="Present",="3/11/2026",="NUR102 - P",
="800002064",="Present",="3/17/2026",="NUR102 - P",
="800002064",="Present",="3/18/2026",="NUR102 - P",
="800002064",="Present",="3/24/2026",="NUR102 - P",
="800002064",="Present",="3/25/2026",="NUR102 - P",
="800002064",="Present",="3/31/2026",="NUR102 - P",
="800002064",="Present",="4/1/2026",="NUR102 - P",
="800002064",="Present",="4/14/2026",="NUR102 - P",
="800002064",="Present",="4/15/2026",="NUR102 - P",
="800002064",="Absent",="2/6/2026",="NUR102-L-P1",
="800002064",="Absent",="2/13/2026",="NUR102-L-P1",
="800002064",="Present",="2/20/2026",="NUR102-L-P1",
="800002064",="Present",="2/27/2026",="NUR102-L-P1",
="800002064",="Present",="3/6/2026",="NUR102-L-P1",
="800002064",="Present",="3/13/2026",="NUR102-L-P1",
="800002064",="Present",="3/20/2026",="NUR102-L-P1",
="800002064",="Present",="3/27/2026",="NUR102-L-P1",
="800002064",="Present",="4/3/2026",="NUR102-L-P1",
="800002064",="Present",="4/10/2026",="NUR102-L-P1",
="800002066",="Absent",="1/9/2026",="COL010 -A",
="800002066",="Tardy/Late",="1/16/2026",="COL010 -A",
="800002066",="Tardy/Late",="1/23/2026",="COL010 -A",
="800002066",="Absent",="1/30/2026",="COL010 -A",
="800002066",="Present",="1/5/2026",="NUR100 -A",
="800002066",="Present",="1/12/2026",="NUR100 -A",
="800002066",="Present",="1/26/2026",="NUR100 -A",
="800002066",="Present",="2/2/2026",="NUR100 -A",
="800002066",="No class",="2/9/2026",="NUR100 -A",
="800002066",="No class",="2/16/2026",="NUR100 -A",
="800002066",="Present",="2/23/2026",="NUR100 -A",
="800002066",="Absent",="3/2/2026",="NUR100 -A",
="800002066",="Present",="3/9/2026",="NUR100 -A",
="800002066",="Present",="3/16/2026",="NUR100 -A",
="800002066",="Present",="3/23/2026",="NUR100 -A",
="800002066",="Absent",="4/13/2026",="NUR100 -A",
="800002066",="Absent",="1/6/2026",="AP100-A",
="800002066",="Present",="1/13/2026",="AP100-A",
="800002066",="Present",="1/20/2026",="AP100-A",
="800002066",="Absent",="1/27/2026",="AP100-A",
="800002066",="Absent",="2/3/2026",="AP100-A",
="800002066",="Absent",="2/10/2026",="AP100-A",
="800002066",="Present",="1/7/2026",="ENG101 -A",
="800002066",="Absent",="1/14/2026",="ENG101 -A",
="800002066",="Present",="1/21/2026",="ENG101 -A",
="800002066",="Absent",="1/28/2026",="ENG101 -A",
="800002066",="Present",="2/4/2026",="ENG101 -A",
="800002066",="Absent",="2/11/2026",="ENG101 -A",
="800002066",="Absent",="2/18/2026",="ENG101 -A",
="800002066",="Present",="1/6/2026",="NUR100-L-A1",
="800002066",="Present",="1/13/2026",="NUR100-L-A1",
="800002066",="Present",="1/20/2026",="NUR100-L-A1",
="800002066",="Present",="2/3/2026",="NUR100-L-A1",
="800002066",="Present",="2/10/2026",="NUR100-L-A1",
="800002066",="Present",="2/17/2026",="NUR100-L-A1",
="800002066",="Present",="2/24/2026",="NUR100-L-A1",
="800002066",="Present",="3/3/2026",="NUR100-L-A1",
="800002066",="Present",="3/10/2026",="NUR100-L-A1",
="800002066",="Present",="3/17/2026",="NUR100-L-A1",
="800002066",="Absent",="3/24/2026",="NUR100-L-A1",
="800002066",="Present",="2/2/2026",="NUR102 - A",
="800002066",="Present",="2/9/2026",="NUR102 - A",
="800002066",="Present",="2/11/2026",="NUR102 - A",
="800002066",="Present",="2/16/2026",="NUR102 - A",
="800002066",="Present",="2/18/2026",="NUR102 - A",
="800002066",="Present",="2/23/2026",="NUR102 - A",
="800002066",="Present",="2/25/2026",="NUR102 - A",
="800002066",="Absent",="3/2/2026",="NUR102 - A",
="800002066",="Present",="3/4/2026",="NUR102 - A",
="800002066",="Present",="3/9/2026",="NUR102 - A",
="800002066",="Present",="3/11/2026",="NUR102 - A",
="800002066",="Present",="3/16/2026",="NUR102 - A",
="800002066",="Absent",="3/18/2026",="NUR102 - A",
="800002066",="Present",="3/23/2026",="NUR102 - A",
="800002066",="Absent",="3/25/2026",="NUR102 - A",
="800002066",="Present",="3/30/2026",="NUR102 - A",
="800002066",="Absent",="4/1/2026",="NUR102 - A",
="800002066",="Present",="2/5/2026",="NUR102-L-A1",
="800002066",="Present",="2/12/2026",="NUR102-L-A1",
="800002066",="Present",="2/19/2026",="NUR102-L-A1",
="800002066",="Present",="2/26/2026",="NUR102-L-A1",
="800002066",="Present",="3/5/2026",="NUR102-L-A1",
="800002066",="Present",="3/12/2026",="NUR102-L-A1",
="800002066",="Present",="3/19/2026",="NUR102-L-A1",
="800002066",="Present",="3/26/2026",="NUR102-L-A1",
="800002066",="Absent",="4/2/2026",="NUR102-L-A1",
="800002066",="Absent",="4/9/2026",="NUR102-L-A1",
="800001415",="Present",="1/9/2026",="STAT101-A",
="800001415",="Present",="1/16/2026",="STAT101-A",
="800001415",="Present",="1/23/2026",="STAT101-A",
="800001415",="Absent",="1/30/2026",="STAT101-A",
="800001415",="Present",="2/6/2026",="STAT101-A",
="800001415",="Present",="2/13/2026",="STAT101-A",
="800001415",="Present",="2/20/2026",="STAT101-A",
="800001415",="Present",="2/27/2026",="STAT101-A",
="800001415",="Present",="3/6/2026",="STAT101-A",
="800001415",="Absent",="3/13/2026",="STAT101-A",
="800001415",="Absent",="3/20/2026",="STAT101-A",
="800001415",="Present",="3/27/2026",="STAT101-A",
="800001415",="Present",="4/3/2026",="STAT101-A",
="800001415",="Present",="4/10/2026",="STAT101-A",
="800001789",="Present",="3/3/2026",="NUR150-P",
="800001789",="Present",="3/9/2026",="NUR150-P",
="800001789",="Present",="3/10/2026",="NUR150-P",
="800001789",="Present",="3/16/2026",="NUR150-P",
="800001789",="Present",="3/17/2026",="NUR150-P",
="800001789",="Present",="3/23/2026",="NUR150-P",
="800001789",="Present",="3/24/2026",="NUR150-P",
="800001789",="Present",="3/30/2026",="NUR150-P",
="800001789",="Present",="3/31/2026",="NUR150-P",
="800001789",="No class",="4/6/2026",="NUR150-P",
="800001789",="No class",="4/7/2026",="NUR150-P",
="800001789",="Present",="4/13/2026",="NUR150-P",
="800001789",="Present",="4/14/2026",="NUR150-P",
="800001789",="Present",="4/20/2026",="NUR150-P",
="800001789",="Present",="4/21/2026",="NUR150-P",
="800001789",="No class",="3/11/2026",="NUR150-L-P1",
="800001789",="Present",="3/18/2026",="NUR150-L-P1",
="800001789",="Present",="3/25/2026",="NUR150-L-P1",
="800001789",="Present",="4/1/2026",="NUR150-L-P1",
="800001789",="Present",="4/8/2026",="NUR150-L-P1",
="800001508",="Absent",="1/5/2026",="PHARM225-A_P",
="800001508",="Present",="1/12/2026",="PHARM225-A_P",
="800001508",="No class",="1/19/2026",="PHARM225-A_P",
="800001508",="Present",="1/26/2026",="PHARM225-A_P",
="800001508",="Present",="2/2/2026",="PHARM225-A_P",
="800001508",="Present",="2/9/2026",="PHARM225-A_P",
="800001508",="Present",="2/16/2026",="PHARM225-A_P",
="800001508",="Absent",="2/23/2026",="PHARM225-A_P",
="800001508",="Present",="3/2/2026",="PHARM225-A_P",
="800001508",="Present",="3/9/2026",="PHARM225-A_P",
="800001508",="Present",="3/16/2026",="PHARM225-A_P",
="800001508",="Present",="3/23/2026",="PHARM225-A_P",
="800001508",="Present",="3/30/2026",="PHARM225-A_P",
="800001508",="Present",="4/6/2026",="PHARM225-A_P",
="800001508",="Present",="4/13/2026",="PHARM225-A_P",
="800001739",="No class",="1/8/2026",="NUR120-L-P1",
="800001739",="Present",="1/15/2026",="NUR120-L-P1",
="800001739",="No class",="1/22/2026",="NUR120-L-P1",
="800001739",="Present",="1/29/2026",="NUR120-L-P1",
="800001739",="Present",="2/5/2026",="NUR120-L-P1",
="800001950",="Present",="1/10/2026",="PSY101 -OL",
="800001950",="Present",="1/11/2026",="PSY101 -OL",
="800001950",="Present",="1/18/2026",="PSY101 -OL",
="800001950",="Present",="1/25/2026",="PSY101 -OL",
="800001950",="Present",="2/1/2026",="PSY101 -OL",
="800001950",="Present",="2/8/2026",="PSY101 -OL",
="800001950",="Present",="2/15/2026",="PSY101 -OL",
="800001950",="Present",="2/22/2026",="PSY101 -OL",
="800001950",="Present",="3/1/2026",="PSY101 -OL",
="800001950",="Present",="3/8/2026",="PSY101 -OL",
="800001950",="Present",="3/15/2026",="PSY101 -OL",
="800001950",="Present",="3/22/2026",="PSY101 -OL",
="800001950",="Present",="3/29/2026",="PSY101 -OL",
="800001950",="Present",="4/5/2026",="PSY101 -OL",
="800001030",="Present",="1/7/2026",="NUR155-P",
="800001030",="Present",="1/13/2026",="NUR155-P",
="800001030",="Present",="1/20/2026",="NUR155-P",
="800001030",="Present",="1/27/2026",="NUR155-P",
="800001030",="Present",="2/3/2026",="NUR155-P",
="800001030",="Present",="2/10/2026",="NUR155-P",
="800001030",="Present",="2/17/2026",="NUR155-P",
="800001030",="Present",="2/24/2026",="NUR155-P",
="800001030",="Present",="3/2/2026",="NUR155-P",
="800001030",="Present",="3/3/2026",="NUR155-P",
="800001030",="Present",="3/4/2026",="NUR155-P",
="800001030",="Present",="3/10/2026",="NUR155-P",
="800001030",="Present",="3/17/2026",="NUR155-P",
="800001030",="Present",="3/24/2026",="NUR155-P",
="800001030",="Present",="3/31/2026",="NUR155-P",
="800001030",="Present",="4/7/2026",="NUR155-P",
="800001030",="Present",="4/14/2026",="NUR155-P",
="800002062",="Present",="2/2/2026",="NUR102 - A",
="800002062",="Present",="2/9/2026",="NUR102 - A",
="800002062",="Present",="2/11/2026",="NUR102 - A",
="800002062",="Present",="2/16/2026",="NUR102 - A",
="800002062",="Present",="2/18/2026",="NUR102 - A",
="800002062",="Present",="2/23/2026",="NUR102 - A",
="800002062",="Present",="2/25/2026",="NUR102 - A",
="800002062",="Present",="3/2/2026",="NUR102 - A",
="800002062",="Present",="3/4/2026",="NUR102 - A",
="800002062",="Present",="3/9/2026",="NUR102 - A",
="800002062",="Present",="3/11/2026",="NUR102 - A",
="800002062",="Present",="3/16/2026",="NUR102 - A",
="800002062",="Present",="3/18/2026",="NUR102 - A",
="800002062",="Present",="3/23/2026",="NUR102 - A",
="800002062",="Present",="3/25/2026",="NUR102 - A",
="800002062",="Present",="3/30/2026",="NUR102 - A",
="800002062",="Present",="4/1/2026",="NUR102 - A",
="800002062",="Present",="4/13/2026",="NUR102 - A",
="800002062",="Present",="4/15/2026",="NUR102 - A",
="800002062",="Absent",="2/5/2026",="NUR102-L-A1",
="800002062",="Present",="2/12/2026",="NUR102-L-A1",
="800002062",="Absent",="2/19/2026",="NUR102-L-A1",
="800002062",="Absent",="2/26/2026",="NUR102-L-A1",
="800002062",="Absent",="3/5/2026",="NUR102-L-A1",
="800002062",="Absent",="3/12/2026",="NUR102-L-A1",
="800002062",="Absent",="3/19/2026",="NUR102-L-A1",
="800002062",="Absent",="3/26/2026",="NUR102-L-A1",
="800002062",="Absent",="4/2/2026",="NUR102-L-A1",
="800002062",="Absent",="4/9/2026",="NUR102-L-A1",
="800001921",="Present",="1/9/2026",="NUR100-L-P1",
="800001921",="Present",="1/16/2026",="NUR100-L-P1",
="800001921",="Present",="1/23/2026",="NUR100-L-P1",
="800001921",="Present",="1/30/2026",="NUR100-L-P1",
="800001921",="Present",="2/6/2026",="NUR100-L-P1",
="800001921",="Present",="2/13/2026",="NUR100-L-P1",
="800001921",="Present",="2/20/2026",="NUR100-L-P1",
="800001921",="Present",="2/27/2026",="NUR100-L-P1",
="800001921",="Present",="3/6/2026",="NUR100-L-P1",
="800001921",="Present",="3/13/2026",="NUR100-L-P1",
="800001921",="Present",="3/20/2026",="NUR100-L-P1",
="800001921",="No class",="3/27/2026",="NUR100-L-P1",
="800002005",="Present",="1/9/2026",="ENG101 -P",
="800002005",="Present",="1/16/2026",="ENG101 -P",
="800002005",="Present",="1/23/2026",="ENG101 -P",
="800002005",="Present",="1/30/2026",="ENG101 -P",
="800002005",="Present",="2/6/2026",="ENG101 -P",
="800002005",="Absent",="2/13/2026",="ENG101 -P",
="800002005",="Present",="2/20/2026",="ENG101 -P",
="800002005",="Present",="2/27/2026",="ENG101 -P",
="800002005",="Absent",="3/6/2026",="ENG101 -P",
="800002005",="Absent",="3/13/2026",="ENG101 -P",
="800002005",="Present",="3/20/2026",="ENG101 -P",
="800002005",="Present",="3/27/2026",="ENG101 -P",
="800002005",="Present",="4/3/2026",="ENG101 -P",
="800002005",="Present",="4/10/2026",="ENG101 -P",
="800001917",="Present",="1/12/2026",="NUR120-L-A1",
="800001917",="No class",="1/19/2026",="NUR120-L-A1",
="800001917",="No class",="1/26/2026",="NUR120-L-A1",
="800001917",="Present",="2/2/2026",="NUR120-L-A1",
="800001917",="Present",="2/16/2026",="NUR120-L-A1",
="800001917",="Present",="2/23/2026",="NUR120-L-A1",
="800000348",="Absent",="1/12/2026",="NUR120-L-A1",
="800000348",="No class",="1/19/2026",="NUR120-L-A1",
="800000348",="No class",="1/26/2026",="NUR120-L-A1",
="800000348",="Present",="2/2/2026",="NUR120-L-A1",
="800000348",="Present",="2/16/2026",="NUR120-L-A1",
="800000348",="Present",="2/23/2026",="NUR120-L-A1",
="800001197",="Present",="1/12/2026",="NUR120-L-A1",
="800001197",="No class",="1/19/2026",="NUR120-L-A1",
="800001197",="No class",="1/26/2026",="NUR120-L-A1",
="800001197",="Present",="2/2/2026",="NUR120-L-A1",
="800001197",="Present",="2/16/2026",="NUR120-L-A1",
="800001197",="Present",="2/23/2026",="NUR120-L-A1",
="800001439",="Present",="1/12/2026",="NUR120-L-A1",
="800001439",="No class",="1/19/2026",="NUR120-L-A1",
="800001439",="No class",="1/26/2026",="NUR120-L-A1",
="800001439",="Present",="2/2/2026",="NUR120-L-A1",
="800001439",="Present",="2/16/2026",="NUR120-L-A1",
="800001439",="Present",="2/23/2026",="NUR120-L-A1",
="800001829",="Present",="1/12/2026",="NUR120-L-A1",
="800001829",="No class",="1/19/2026",="NUR120-L-A1",
="800001829",="No class",="1/26/2026",="NUR120-L-A1",
="800001829",="Present",="2/2/2026",="NUR120-L-A1",
="800001829",="Present",="2/16/2026",="NUR120-L-A1",
="800001829",="Present",="2/23/2026",="NUR120-L-A1",
="800001821",="Present",="1/12/2026",="NUR120-L-A1",
="800001821",="No class",="1/19/2026",="NUR120-L-A1",
="800001821",="No class",="1/26/2026",="NUR120-L-A1",
="800001821",="Present",="2/2/2026",="NUR120-L-A1",
="800001821",="Present",="2/16/2026",="NUR120-L-A1",
="800001821",="Present",="2/23/2026",="NUR120-L-A1",
="800001841",="Present",="1/12/2026",="NUR120-L-A1",
="800001841",="No class",="1/19/2026",="NUR120-L-A1",
="800001841",="No class",="1/26/2026",="NUR120-L-A1",
="800001841",="Present",="2/2/2026",="NUR120-L-A1",
="800001841",="Present",="2/16/2026",="NUR120-L-A1",
="800001841",="Present",="2/23/2026",="NUR120-L-A1",
="800001876",="Present",="1/12/2026",="NUR120-L-A1",
="800001876",="No class",="1/19/2026",="NUR120-L-A1",
="800001876",="No class",="1/26/2026",="NUR120-L-A1",
="800001876",="Present",="2/2/2026",="NUR120-L-A1",
="800001876",="Present",="2/16/2026",="NUR120-L-A1",
="800001876",="Present",="2/23/2026",="NUR120-L-A1",
="800001924",="Present",="1/12/2026",="NUR120-L-A1",
="800001924",="No class",="1/19/2026",="NUR120-L-A1",
="800001924",="No class",="1/26/2026",="NUR120-L-A1",
="800001924",="Present",="2/2/2026",="NUR120-L-A1",
="800001924",="Present",="2/16/2026",="NUR120-L-A1",
="800001924",="Present",="2/23/2026",="NUR120-L-A1",
="800001925",="Present",="1/12/2026",="NUR120-L-A1",
="800001925",="No class",="1/19/2026",="NUR120-L-A1",
="800001925",="No class",="1/26/2026",="NUR120-L-A1",
="800001925",="Present",="2/2/2026",="NUR120-L-A1",
="800001925",="Present",="2/16/2026",="NUR120-L-A1",
="800001925",="Present",="2/23/2026",="NUR120-L-A1",
="800001928",="Present",="1/12/2026",="NUR120-L-A1",
="800001928",="No class",="1/19/2026",="NUR120-L-A1",
="800001928",="No class",="1/26/2026",="NUR120-L-A1",
="800001928",="Present",="2/2/2026",="NUR120-L-A1",
="800001928",="Present",="2/16/2026",="NUR120-L-A1",
="800001928",="Present",="2/23/2026",="NUR120-L-A1",
="800001315",="Present",="1/7/2026",="NUR155-P",
="800001315",="Present",="1/13/2026",="NUR155-P",
="800001315",="Present",="1/20/2026",="NUR155-P",
="800001315",="Present",="1/27/2026",="NUR155-P",
="800001315",="Present",="2/3/2026",="NUR155-P",
="800001315",="Present",="2/10/2026",="NUR155-P",
="800001315",="Present",="2/17/2026",="NUR155-P",
="800001315",="Present",="2/24/2026",="NUR155-P",
="800001315",="Present",="3/2/2026",="NUR155-P",
="800001315",="Present",="3/3/2026",="NUR155-P",
="800001315",="Present",="3/4/2026",="NUR155-P",
="800001315",="Present",="3/10/2026",="NUR155-P",
="800001315",="Absent",="3/17/2026",="NUR155-P",
="800001315",="Present",="3/24/2026",="NUR155-P",
="800001315",="Absent",="3/31/2026",="NUR155-P",
="800001315",="Absent",="4/7/2026",="NUR155-P",
="800001315",="Present",="4/14/2026",="NUR155-P",
="800001315",="Present",="1/30/2026",="NUR145-L-A",
="800001315",="Present",="1/30/2026",="NUR145-L-P",
="800001315",="Present",="1/8/2026",="NUR140-A",
="800001315",="Present",="1/15/2026",="NUR140-A",
="800001315",="Present",="1/22/2026",="NUR140-A",
="800001315",="Present",="1/29/2026",="NUR140-A",
="800001315",="Present",="2/5/2026",="NUR140-A",
="800001315",="Present",="2/12/2026",="NUR140-A",
="800001315",="Present",="2/19/2026",="NUR140-A",
="800001315",="Present",="2/26/2026",="NUR140-A",
="800001315",="Absent",="1/5/2026",="NUR145 - P",
="800001315",="Present",="1/12/2026",="NUR145 - P",
="800001315",="Present",="1/19/2026",="NUR145 - P",
="800001315",="Present",="1/26/2026",="NUR145 - P",
="800001315",="Present",="2/2/2026",="NUR145 - P",
="800001315",="Present",="2/9/2026",="NUR145 - P",
="800001315",="Present",="2/16/2026",="NUR145 - P",
="800001315",="Present",="2/23/2026",="NUR145 - P",
="800001902",="Present",="1/9/2026",="ENG101 -P",
="800001902",="Present",="1/16/2026",="ENG101 -P",
="800001902",="Present",="1/23/2026",="ENG101 -P",
="800001902",="Present",="1/30/2026",="ENG101 -P",
="800001902",="Present",="2/6/2026",="ENG101 -P",
="800001902",="Present",="2/13/2026",="ENG101 -P",
="800001902",="Present",="2/20/2026",="ENG101 -P",
="800001902",="Present",="2/27/2026",="ENG101 -P",
="800001902",="Present",="3/6/2026",="ENG101 -P",
="800001902",="Present",="3/13/2026",="ENG101 -P",
="800001902",="Present",="3/20/2026",="ENG101 -P",
="800001902",="Present",="3/27/2026",="ENG101 -P",
="800001902",="Present",="4/3/2026",="ENG101 -P",
="800001902",="Present",="4/10/2026",="ENG101 -P",
="800001572",="Present",="1/10/2026",="NUT100 -OL II",
="800001572",="Present",="1/17/2026",="NUT100 -OL II",
="800001572",="Present",="1/24/2026",="NUT100 -OL II",
="800001572",="Present",="1/31/2026",="NUT100 -OL II",
="800001572",="Present",="2/7/2026",="NUT100 -OL II",
="800001572",="Present",="2/14/2026",="NUT100 -OL II",
="800001572",="Present",="2/21/2026",="NUT100 -OL II",
="800001572",="Absent",="2/28/2026",="NUT100 -OL II",
="800001572",="Present",="3/7/2026",="NUT100 -OL II",
="800001572",="Present",="3/14/2026",="NUT100 -OL II",
="800001572",="Present",="3/21/2026",="NUT100 -OL II",
="800001572",="Present",="3/28/2026",="NUT100 -OL II",
="800001572",="Present",="4/4/2026",="NUT100 -OL II",
="800001572",="Present",="4/11/2026",="NUT100 -OL II",
="800002051",="Absent",="1/7/2026",="ENG101 -A",
="800002051",="Present",="1/14/2026",="ENG101 -A",
="800002051",="Present",="1/21/2026",="ENG101 -A",
="800002051",="Tardy/Late",="1/28/2026",="ENG101 -A",
="800002051",="Present",="2/4/2026",="ENG101 -A",
="800002051",="Absent",="2/11/2026",="ENG101 -A",
="800002051",="Absent",="2/18/2026",="ENG101 -A",
="800002051",="Present",="2/25/2026",="ENG101 -A",
="800002051",="Present",="3/4/2026",="ENG101 -A",
="800002051",="Present",="1/6/2026",="NUR100-L-A2",
="800002051",="Present",="1/13/2026",="NUR100-L-A2",
="800002051",="Present",="1/20/2026",="NUR100-L-A2",
="800002051",="No class",="1/27/2026",="NUR100-L-A2",
="800002051",="Present",="2/3/2026",="NUR100-L-A2",
="800002051",="Present",="2/10/2026",="NUR100-L-A2",
="800002051",="Present",="2/17/2026",="NUR100-L-A2",
="800002051",="Present",="2/24/2026",="NUR100-L-A2",
="800002051",="Present",="3/3/2026",="NUR100-L-A2",
="800002051",="Present",="3/10/2026",="NUR100-L-A2",
="800002051",="Present",="3/17/2026",="NUR100-L-A2",
="800002051",="Present",="3/24/2026",="NUR100-L-A2",
="800002051",="Present",="3/31/2026",="NUR100-L-A2",
="800002051",="Present",="4/7/2026",="NUR100-L-A2",
="800002051",="Present",="1/5/2026",="NUR100 -A",
="800002051",="Present",="1/12/2026",="NUR100 -A",
="800002051",="Present",="1/26/2026",="NUR100 -A",
="800002051",="Present",="2/2/2026",="NUR100 -A",
="800002051",="No class",="2/9/2026",="NUR100 -A",
="800002051",="Absent",="2/23/2026",="NUR100 -A",
="800002051",="Present",="3/2/2026",="NUR100 -A",
="800002051",="Present",="3/9/2026",="NUR100 -A",
="800002051",="Absent",="1/6/2026",="AP100-A",
="800002051",="Present",="1/13/2026",="AP100-A",
="800002051",="Present",="1/20/2026",="AP100-A",
="800002051",="Present",="1/27/2026",="AP100-A",
="800002051",="Absent",="2/3/2026",="AP100-A",
="800002051",="Present",="2/10/2026",="AP100-A",
="800002051",="Absent",="2/17/2026",="AP100-A",
="800002051",="Present",="2/24/2026",="AP100-A",
="800001701",="Absent",="1/8/2026",="NUR205 -P",
="800001701",="Present",="1/15/2026",="NUR205 -P",
="800001701",="Present",="1/22/2026",="NUR205 -P",
="800001701",="Present",="1/29/2026",="NUR205 -P",
="800001701",="Present",="2/26/2026",="NUR205 -P",
="800001701",="Present",="3/5/2026",="NUR205 -P",
="800001701",="Present",="3/12/2026",="NUR205 -P",
="800001701",="Present",="3/19/2026",="NUR205 -P",
="800001701",="Present",="3/26/2026",="NUR205 -P",
="800001701",="Present",="4/16/2026",="NUR205 -P",
="800001701",="Present",="4/23/2026",="NUR205 -P",
="800001701",="Present",="2/5/2026",="NUR205-L-P1",
="800001701",="Present",="2/12/2026",="NUR205-L-P1",
="800001701",="Present",="2/19/2026",="NUR205-L-P1",
="800001701",="Present",="4/2/2026",="NUR205-L-P1",
="800001701",="Present",="4/9/2026",="NUR205-L-P1",
="800001701",="Present",="1/7/2026",="NUR216 -A",
="800001701",="Present",="1/14/2026",="NUR216 -A",
="800001701",="Present",="1/21/2026",="NUR216 -A",
="800001701",="Present",="1/28/2026",="NUR216 -A",
="800001701",="Absent",="2/4/2026",="NUR216 -A",
="800001701",="No class",="2/11/2026",="NUR216 -A",
="800001701",="No class",="2/18/2026",="NUR216 -A",
="800001701",="Present",="2/25/2026",="NUR216 -A",
="800001701",="Present",="3/4/2026",="NUR216 -A",
="800001701",="Present",="3/11/2026",="NUR216 -A",
="800001701",="Absent",="3/18/2026",="NUR216 -A",
="800001701",="Present",="3/25/2026",="NUR216 -A",
="800001701",="Absent",="4/1/2026",="NUR216 -A",
="800001701",="Present",="4/8/2026",="NUR216 -A",
="800001701",="Present",="4/15/2026",="NUR216 -A",
="800001701",="No class",="1/7/2026",="NUR216-L-A",
="800001701",="No class",="1/14/2026",="NUR216-L-A",
="800001701",="No class",="1/21/2026",="NUR216-L-A",
="800001701",="No class",="1/28/2026",="NUR216-L-A",
="800001701",="Absent",="2/4/2026",="NUR216-L-A",
="800001701",="No class",="2/11/2026",="NUR216-L-A",
="800001701",="No class",="2/18/2026",="NUR216-L-A",
="800001701",="Absent",="2/25/2026",="NUR216-L-A",
="800001701",="Present",="3/4/2026",="NUR216-L-A",
="800001701",="No class",="3/11/2026",="NUR216-L-A",
="800001701",="No class",="3/18/2026",="NUR216-L-A",
="800001701",="Present",="3/25/2026",="NUR216-L-A",
="800001701",="Present",="4/1/2026",="NUR216-L-A",
="800001701",="No class",="4/8/2026",="NUR216-L-A",
="800001701",="No class",="4/15/2026",="NUR216-L-A",
="800001701",="Absent",="1/10/2026",="ENG102 - OL",
="800001701",="Present",="1/18/2026",="ENG102 - OL",
="800001701",="Present",="1/25/2026",="ENG102 - OL",
="800001701",="Present",="2/1/2026",="ENG102 - OL",
="800001701",="Present",="2/8/2026",="ENG102 - OL",
="800001701",="Present",="2/15/2026",="ENG102 - OL",
="800001701",="Absent",="2/22/2026",="ENG102 - OL",
="800001701",="Present",="3/1/2026",="ENG102 - OL",
="800001701",="Present",="3/8/2026",="ENG102 - OL",
="800001701",="Present",="3/15/2026",="ENG102 - OL",
="800001701",="Present",="3/22/2026",="ENG102 - OL",
="800001701",="Present",="3/29/2026",="ENG102 - OL",
="800001701",="Present",="4/5/2026",="ENG102 - OL",
="800001701",="Absent",="1/5/2026",="PHARM225-A_P",
="800001701",="Present",="1/12/2026",="PHARM225-A_P",
="800001701",="No class",="1/19/2026",="PHARM225-A_P",
="800001701",="Present",="1/26/2026",="PHARM225-A_P",
="800001701",="Present",="2/2/2026",="PHARM225-A_P",
="800001701",="Present",="2/9/2026",="PHARM225-A_P",
="800001701",="Present",="2/16/2026",="PHARM225-A_P",
="800001701",="Present",="2/23/2026",="PHARM225-A_P",
="800001701",="Present",="3/2/2026",="PHARM225-A_P",
="800001701",="Present",="3/9/2026",="PHARM225-A_P",
="800001701",="Tardy/Late",="3/16/2026",="PHARM225-A_P",
="800001701",="Absent",="3/23/2026",="PHARM225-A_P",
="800001701",="Present",="3/30/2026",="PHARM225-A_P",
="800001701",="Present",="4/6/2026",="PHARM225-A_P",
="800001701",="Present",="4/13/2026",="PHARM225-A_P",
="800001701",="Present",="1/11/2026",="SOC101 -OL",
="800001701",="Present",="1/18/2026",="SOC101 -OL",
="800001701",="Present",="1/25/2026",="SOC101 -OL",
="800001701",="Absent",="2/1/2026",="SOC101 -OL",
="800001701",="Absent",="2/8/2026",="SOC101 -OL",
="800001701",="Absent",="2/15/2026",="SOC101 -OL",
="800001701",="Present",="2/22/2026",="SOC101 -OL",
="800001701",="Present",="3/1/2026",="SOC101 -OL",
="800001701",="Present",="3/8/2026",="SOC101 -OL",
="800001701",="Present",="3/15/2026",="SOC101 -OL",
="800001701",="Present",="3/22/2026",="SOC101 -OL",
="800001701",="Present",="3/29/2026",="SOC101 -OL",
="800001701",="Absent",="4/5/2026",="SOC101 -OL",
="800001701",="Present",="4/12/2026",="SOC101 -OL",
="800001434",="Present",="1/5/2026",="NUR135-P",
="800001434",="Present",="1/12/2026",="NUR135-P",
="800001434",="Present",="1/19/2026",="NUR135-P",
="800001434",="Present",="1/26/2026",="NUR135-P",
="800001434",="Present",="2/2/2026",="NUR135-P",
="800001434",="Present",="2/9/2026",="NUR135-P",
="800001434",="Present",="2/16/2026",="NUR135-P",
="800001434",="Present",="2/23/2026",="NUR135-P",
="800001434",="Present",="2/23/2026",="NUR135-L-P1",
="800001517",="Present",="3/5/2026",="NUR140-P",
="800001517",="Present",="3/12/2026",="NUR140-P",
="800001517",="Present",="3/19/2026",="NUR140-P",
="800001517",="Present",="3/26/2026",="NUR140-P",
="800001517",="Present",="4/2/2026",="NUR140-P",
="800001517",="Present",="4/9/2026",="NUR140-P",
="800001517",="Present",="4/16/2026",="NUR140-P",
="800001517",="Present",="4/23/2026",="NUR140-P",
="800001598",="Present",="1/8/2026",="NUR140-A",
="800001598",="Present",="1/15/2026",="NUR140-A",
="800001598",="Present",="1/22/2026",="NUR140-A",
="800001598",="Present",="1/29/2026",="NUR140-A",
="800001598",="Present",="2/5/2026",="NUR140-A",
="800001598",="Present",="2/12/2026",="NUR140-A",
="800001598",="Present",="2/19/2026",="NUR140-A",
="800001598",="Present",="2/26/2026",="NUR140-A",
="800001739",="Present",="3/5/2026",="NUR140-P",
="800001739",="Present",="3/12/2026",="NUR140-P",
="800001739",="Present",="3/19/2026",="NUR140-P",
="800001739",="Absent",="3/26/2026",="NUR140-P",
="800001739",="Present",="4/2/2026",="NUR140-P",
="800001739",="Present",="4/9/2026",="NUR140-P",
="800001739",="Present",="4/16/2026",="NUR140-P",
="800001739",="Present",="4/23/2026",="NUR140-P",
="800000722",="Present",="1/8/2026",="NUR400",
="800000722",="Present",="1/13/2026",="NUR400",
="800000722",="Present",="1/15/2026",="NUR400",
="800000722",="Present",="1/20/2026",="NUR400",
="800000722",="Present",="1/27/2026",="NUR400",
="800000722",="Present",="2/3/2026",="NUR400",
="800000722",="Present",="2/10/2026",="NUR400",
="800000722",="Present",="2/17/2026",="NUR400",
="800000722",="Present",="2/24/2026",="NUR400",
="800000722",="Present",="3/3/2026",="NUR400",
="800000722",="Present",="3/10/2026",="NUR400",
="800000722",="Present",="3/17/2026",="NUR400",
="800000722",="Absent",="3/24/2026",="NUR400",
="800000722",="Absent",="1/27/2026",="NUR400-L",
="800000722",="Present",="2/24/2026",="NUR400-L",
="800000722",="Present",="4/7/2026",="NUR400-L",
="800000722",="Present",="4/14/2026",="NUR400-L",
="800001562",="Absent",="1/5/2026",="NUR265 -P",
="800001562",="Present",="1/12/2026",="NUR265 -P",
="800001562",="Present",="1/26/2026",="NUR265 -P",
="800001562",="Present",="2/2/2026",="NUR265 -P",
="800001562",="Present",="2/9/2026",="NUR265 -P",
="800001562",="Present",="2/16/2026",="NUR265 -P",
="800001562",="Present",="2/23/2026",="NUR265 -P",
="800001668",="Present",="1/7/2026",="NUR155-P",
="800001668",="Present",="1/13/2026",="NUR155-P",
="800001668",="Present",="1/20/2026",="NUR155-P",
="800001668",="Present",="1/27/2026",="NUR155-P",
="800001668",="Present",="2/3/2026",="NUR155-P",
="800001668",="Present",="2/10/2026",="NUR155-P",
="800001668",="Present",="2/17/2026",="NUR155-P",
="800001668",="Present",="2/24/2026",="NUR155-P",
="800001668",="Present",="3/2/2026",="NUR155-P",
="800001668",="Present",="3/3/2026",="NUR155-P",
="800001668",="Present",="3/4/2026",="NUR155-P",
="800001668",="Present",="3/10/2026",="NUR155-P",
="800001668",="Present",="3/17/2026",="NUR155-P",
="800001668",="Present",="3/24/2026",="NUR155-P",
="800001668",="Present",="3/31/2026",="NUR155-P",
="800001668",="Present",="4/7/2026",="NUR155-P",
="800001668",="Present",="4/14/2026",="NUR155-P",
="800001987",="Present",="2/5/2026",="NUR102-L-A1",
="800001987",="Present",="2/12/2026",="NUR102-L-A1",
="800001987",="Present",="2/19/2026",="NUR102-L-A1",
="800001987",="Present",="2/26/2026",="NUR102-L-A1",
="800001987",="Present",="3/5/2026",="NUR102-L-A1",
="800001987",="Present",="3/12/2026",="NUR102-L-A1",
="800001987",="Present",="3/19/2026",="NUR102-L-A1",
="800001987",="Present",="3/26/2026",="NUR102-L-A1",
="800001987",="Present",="4/2/2026",="NUR102-L-A1",
="800001987",="Present",="4/9/2026",="NUR102-L-A1",
="800001543",="Present",="1/12/2026",="NUR120-L-A1",
="800001543",="No class",="1/19/2026",="NUR120-L-A1",
="800001543",="No class",="1/26/2026",="NUR120-L-A1",
="800001543",="Present",="2/2/2026",="NUR120-L-A1",
="800001543",="Present",="2/16/2026",="NUR120-L-A1",
="800001543",="Present",="2/23/2026",="NUR120-L-A1",
="800001665",="Absent",="3/5/2026",="NUR140-P",
="800001665",="Present",="3/12/2026",="NUR140-P",
="800001665",="Present",="3/19/2026",="NUR140-P",
="800001665",="Present",="3/26/2026",="NUR140-P",
="800001665",="Present",="4/2/2026",="NUR140-P",
="800001665",="Present",="4/9/2026",="NUR140-P",
="800001665",="Present",="4/16/2026",="NUR140-P",
="800001665",="Present",="4/23/2026",="NUR140-P",
="800000952",="Present",="3/3/2026",="NUR150-P",
="800000952",="Present",="3/9/2026",="NUR150-P",
="800000952",="Present",="3/10/2026",="NUR150-P",
="800000952",="Present",="3/16/2026",="NUR150-P",
="800000952",="Present",="3/17/2026",="NUR150-P",
="800000952",="Present",="3/23/2026",="NUR150-P",
="800000952",="Present",="3/24/2026",="NUR150-P",
="800000952",="Present",="3/30/2026",="NUR150-P",
="800000952",="Present",="3/31/2026",="NUR150-P",
="800000952",="No class",="4/6/2026",="NUR150-P",
="800000952",="No class",="4/7/2026",="NUR150-P",
="800000952",="Present",="4/13/2026",="NUR150-P",
="800000952",="Present",="4/14/2026",="NUR150-P",
="800000952",="Absent",="4/20/2026",="NUR150-P",
="800000952",="Present",="4/21/2026",="NUR150-P",
="800000952",="Present",="1/14/2026",="PHARM130-P",
="800000952",="Present",="1/21/2026",="PHARM130-P",
="800000952",="Present",="1/28/2026",="PHARM130-P",
="800000952",="Present",="2/4/2026",="PHARM130-P",
="800000952",="Present",="2/11/2026",="PHARM130-P",
="800000952",="Present",="2/18/2026",="PHARM130-P",
="800000952",="Absent",="2/25/2026",="PHARM130-P",
="800000952",="Present",="3/4/2026",="PHARM130-P",
="800000952",="Present",="3/11/2026",="PHARM130-P",
="800000952",="Absent",="3/18/2026",="PHARM130-P",
="800000952",="Absent",="3/25/2026",="PHARM130-P",
="800000952",="Present",="4/1/2026",="PHARM130-P",
="800000952",="Present",="4/8/2026",="PHARM130-P",
="800000952",="Absent",="4/15/2026",="PHARM130-P",
="800000952",="No class",="3/11/2026",="NUR150-L-P1",
="800000952",="Present",="3/18/2026",="NUR150-L-P1",
="800000952",="Present",="3/25/2026",="NUR150-L-P1",
="800000952",="Present",="4/1/2026",="NUR150-L-P1",
="800000952",="Present",="4/8/2026",="NUR150-L-P1",
="800001983",="Present",="2/5/2026",="NUR102-L-A1",
="800001983",="Present",="2/12/2026",="NUR102-L-A1",
="800001983",="Absent",="2/19/2026",="NUR102-L-A1",
="800001983",="Absent",="2/26/2026",="NUR102-L-A1",
="800001983",="Present",="3/5/2026",="NUR102-L-A1",
="800001983",="Present",="3/12/2026",="NUR102-L-A1",
="800001983",="Present",="3/19/2026",="NUR102-L-A1",
="800001983",="Absent",="3/26/2026",="NUR102-L-A1",
="800001983",="Present",="4/2/2026",="NUR102-L-A1",
="800001983",="Absent",="4/9/2026",="NUR102-L-A1",
="800001842",="Present",="1/9/2026",="NUR100-L-P1",
="800001842",="Present",="1/16/2026",="NUR100-L-P1",
="800001842",="Present",="1/23/2026",="NUR100-L-P1",
="800001842",="Present",="1/30/2026",="NUR100-L-P1",
="800001842",="Present",="2/6/2026",="NUR100-L-P1",
="800001842",="Present",="2/13/2026",="NUR100-L-P1",
="800001842",="Present",="2/20/2026",="NUR100-L-P1",
="800001842",="Present",="2/27/2026",="NUR100-L-P1",
="800001842",="Present",="3/6/2026",="NUR100-L-P1",
="800001842",="Present",="3/13/2026",="NUR100-L-P1",
="800001842",="Absent excused",="3/20/2026",="NUR100-L-P1",
="800001842",="No class",="3/27/2026",="NUR100-L-P1",
="800001842",="Absent",="1/5/2026",="NUR100-P",
="800001842",="Present",="1/12/2026",="NUR100-P",
="800001842",="Present",="1/26/2026",="NUR100-P",
="800001842",="Present",="2/2/2026",="NUR100-P",
="800001842",="Present",="2/23/2026",="NUR100-P",
="800001842",="Present",="3/2/2026",="NUR100-P",
="800001842",="Present",="3/9/2026",="NUR100-P",
="800001842",="Present",="3/16/2026",="NUR100-P",
="800001842",="Present",="3/23/2026",="NUR100-P",
="800001842",="Present",="4/13/2026",="NUR100-P",
="800001842",="Present",="4/20/2026",="NUR100-P",
="800001842",="Present",="2/4/2026",="PHARM100-P-1",
="800001842",="Present",="2/11/2026",="PHARM100-P-1",
="800001842",="Present",="2/18/2026",="PHARM100-P-1",
="800001842",="Present",="2/25/2026",="PHARM100-P-1",
="800001842",="Present",="3/4/2026",="PHARM100-P-1",
="800001842",="Present",="3/11/2026",="PHARM100-P-1",
="800001842",="Present",="3/18/2026",="PHARM100-P-1",
="800001842",="Present",="3/25/2026",="PHARM100-P-1",
="800001842",="Present",="4/1/2026",="PHARM100-P-1",
="800001842",="Present",="4/8/2026",="PHARM100-P-1",
="800001587",="Absent",="1/7/2026",="NUR155-P",
="800001587",="Present",="1/13/2026",="NUR155-P",
="800001587",="Present",="1/20/2026",="NUR155-P",
="800001587",="Present",="1/27/2026",="NUR155-P",
="800001587",="Present",="2/3/2026",="NUR155-P",
="800001587",="Present",="2/10/2026",="NUR155-P",
="800001587",="Present",="2/17/2026",="NUR155-P",
="800001587",="Present",="2/24/2026",="NUR155-P",
="800001587",="Present",="3/2/2026",="NUR155-P",
="800001587",="Present",="3/3/2026",="NUR155-P",
="800001587",="Present",="3/4/2026",="NUR155-P",
="800001587",="Present",="3/10/2026",="NUR155-P",
="800001587",="Present",="3/17/2026",="NUR155-P",
="800001587",="Present",="3/24/2026",="NUR155-P",
="800001587",="Present",="3/31/2026",="NUR155-P",
="800001587",="Present",="4/7/2026",="NUR155-P",
="800001587",="Present",="4/14/2026",="NUR155-P",
="800001443",="Present",="1/12/2026",="NUR120-L-A1",
="800001443",="No class",="1/19/2026",="NUR120-L-A1",
="800001443",="No class",="1/26/2026",="NUR120-L-A1",
="800001443",="Present",="2/2/2026",="NUR120-L-A1",
="800001443",="Present",="2/16/2026",="NUR120-L-A1",
="800001443",="Present",="2/23/2026",="NUR120-L-A1",
="800001733",="Present",="3/3/2026",="NUR150 -A",
="800001733",="Present",="3/4/2026",="NUR150 -A",
="800001733",="Absent",="3/10/2026",="NUR150 -A",
="800001733",="Present",="3/11/2026",="NUR150 -A",
="800001733",="Present",="3/17/2026",="NUR150 -A",
="800001733",="Present",="3/18/2026",="NUR150 -A",
="800001733",="Present",="3/24/2026",="NUR150 -A",
="800001733",="Present",="3/25/2026",="NUR150 -A",
="800001733",="Present",="3/31/2026",="NUR150 -A",
="800001733",="Present",="4/1/2026",="NUR150 -A",
="800001733",="No class",="4/7/2026",="NUR150 -A",
="800001733",="No class",="4/8/2026",="NUR150 -A",
="800001733",="Present",="4/14/2026",="NUR150 -A",
="800001733",="Present",="4/15/2026",="NUR150 -A",
="800001733",="Present",="4/21/2026",="NUR150 -A",
="800001733",="Present",="3/9/2026",="NUR150 -L-A1",
="800001733",="Present",="3/16/2026",="NUR150 -L-A1",
="800001733",="Present",="3/23/2026",="NUR150 -L-A1",
="800001733",="Present",="3/30/2026",="NUR150 -L-A1",
="800001733",="Present",="4/6/2026",="NUR150 -L-A1",
="800002062",="Present",="1/9/2026",="NUR100-L-P1",
="800002062",="Present",="1/16/2026",="NUR100-L-P1",
="800002062",="Present",="1/23/2026",="NUR100-L-P1",
="800002062",="Present",="1/30/2026",="NUR100-L-P1",
="800002062",="Present",="2/6/2026",="NUR100-L-P1",
="800002062",="Present",="2/13/2026",="NUR100-L-P1",
="800002062",="Present",="2/20/2026",="NUR100-L-P1",
="800002062",="Present",="2/27/2026",="NUR100-L-P1",
="800002062",="Present",="3/6/2026",="NUR100-L-P1",
="800002062",="Present",="3/13/2026",="NUR100-L-P1",
="800002062",="Present",="3/20/2026",="NUR100-L-P1",
="800002062",="No class",="3/27/2026",="NUR100-L-P1",
="800002052",="Present",="1/10/2026",="PSY101 -OL",
="800002052",="Present",="1/18/2026",="PSY101 -OL",
="800002052",="Present",="1/25/2026",="PSY101 -OL",
="800002052",="Absent",="2/1/2026",="PSY101 -OL",
="800002052",="Absent",="2/8/2026",="PSY101 -OL",
="800001955",="Present",="1/10/2026",="PSY101 -OL",
="800001955",="Present",="1/11/2026",="PSY101 -OL",
="800001955",="Present",="1/18/2026",="PSY101 -OL",
="800001955",="Present",="1/25/2026",="PSY101 -OL",
="800001955",="Present",="2/1/2026",="PSY101 -OL",
="800001955",="Present",="2/8/2026",="PSY101 -OL",
="800001955",="Present",="2/15/2026",="PSY101 -OL",
="800001955",="Present",="2/22/2026",="PSY101 -OL",
="800001955",="Present",="3/1/2026",="PSY101 -OL",
="800001955",="Present",="3/8/2026",="PSY101 -OL",
="800001955",="Present",="3/15/2026",="PSY101 -OL",
="800001955",="Present",="3/22/2026",="PSY101 -OL",
="800001955",="Present",="3/29/2026",="PSY101 -OL",
="800001955",="Present",="4/5/2026",="PSY101 -OL",
="800001986",="Present",="1/10/2026",="PSY101 -OL",
="800001986",="Present",="1/11/2026",="PSY101 -OL",
="800001986",="Present",="1/18/2026",="PSY101 -OL",
="800001986",="Present",="1/25/2026",="PSY101 -OL",
="800001986",="Present",="2/1/2026",="PSY101 -OL",
="800001986",="Present",="2/8/2026",="PSY101 -OL",
="800001986",="Present",="2/15/2026",="PSY101 -OL",
="800001986",="Present",="2/22/2026",="PSY101 -OL",
="800001986",="Present",="3/1/2026",="PSY101 -OL",
="800001986",="Present",="3/8/2026",="PSY101 -OL",
="800001986",="Present",="3/15/2026",="PSY101 -OL",
="800001986",="Present",="3/22/2026",="PSY101 -OL",
="800001986",="Present",="3/29/2026",="PSY101 -OL",
="800001986",="Present",="4/5/2026",="PSY101 -OL",
="800002008",="Present",="1/10/2026",="PSY101 -OL",
="800002008",="Present",="1/11/2026",="PSY101 -OL",
="800002008",="Present",="1/18/2026",="PSY101 -OL",
="800002008",="Present",="1/25/2026",="PSY101 -OL",
="800002008",="Present",="2/1/2026",="PSY101 -OL",
="800002008",="Present",="2/8/2026",="PSY101 -OL",
="800002008",="Present",="2/15/2026",="PSY101 -OL",
="800002008",="Present",="2/22/2026",="PSY101 -OL",
="800002008",="Present",="3/1/2026",="PSY101 -OL",
="800002008",="Present",="3/8/2026",="PSY101 -OL",
="800002008",="Present",="3/15/2026",="PSY101 -OL",
="800002008",="Present",="3/22/2026",="PSY101 -OL",
="800002008",="Present",="3/29/2026",="PSY101 -OL",
="800002008",="Present",="4/5/2026",="PSY101 -OL",
="800002044",="Present",="1/10/2026",="PSY101 -OL",
="800002044",="Present",="1/11/2026",="PSY101 -OL",
="800002044",="Present",="1/18/2026",="PSY101 -OL",
="800002044",="Present",="1/25/2026",="PSY101 -OL",
="800002044",="Present",="2/1/2026",="PSY101 -OL",
="800002044",="Absent",="2/8/2026",="PSY101 -OL",
="800002044",="Present",="2/15/2026",="PSY101 -OL",
="800002044",="Present",="2/22/2026",="PSY101 -OL",
="800002044",="Present",="3/1/2026",="PSY101 -OL",
="800002044",="Present",="3/8/2026",="PSY101 -OL",
="800002044",="Present",="3/15/2026",="PSY101 -OL",
="800002044",="Absent",="3/22/2026",="PSY101 -OL",
="800002044",="Present",="3/29/2026",="PSY101 -OL",
="800002044",="Present",="4/5/2026",="PSY101 -OL",
="800002049",="Present",="1/10/2026",="PSY101 -OL",
="800002049",="Present",="1/11/2026",="PSY101 -OL",
="800002049",="Present",="1/18/2026",="PSY101 -OL",
="800002049",="Present",="1/25/2026",="PSY101 -OL",
="800002049",="Present",="2/1/2026",="PSY101 -OL",
="800002049",="Present",="2/8/2026",="PSY101 -OL",
="800002049",="Present",="2/15/2026",="PSY101 -OL",
="800002049",="Present",="2/22/2026",="PSY101 -OL",
="800002049",="Present",="3/1/2026",="PSY101 -OL",
="800002049",="Present",="3/8/2026",="PSY101 -OL",
="800002049",="Present",="3/15/2026",="PSY101 -OL",
="800002049",="Present",="3/22/2026",="PSY101 -OL",
="800002049",="Present",="3/29/2026",="PSY101 -OL",
="800002049",="Present",="4/5/2026",="PSY101 -OL",
="800001955",="Present",="1/10/2026",="COL010 - OL I",
="800001955",="Present",="1/17/2026",="COL010 - OL I",
="800001955",="Present",="1/24/2026",="COL010 - OL I",
="800001955",="Present",="1/31/2026",="COL010 - OL I",
="800002044",="Present",="1/10/2026",="COL010 - OL I",
="800002044",="Present",="1/17/2026",="COL010 - OL I",
="800002044",="Present",="1/24/2026",="COL010 - OL I",
="800002044",="Present",="1/31/2026",="COL010 - OL I",
="800001657",="No class",="1/7/2026",="NUR216-L-A",
="800001657",="No class",="1/14/2026",="NUR216-L-A",
="800001657",="No class",="1/21/2026",="NUR216-L-A",
="800001657",="No class",="1/28/2026",="NUR216-L-A",
="800001657",="Present",="2/4/2026",="NUR216-L-A",
="800001657",="No class",="2/11/2026",="NUR216-L-A",
="800001657",="No class",="2/18/2026",="NUR216-L-A",
="800001657",="Present",="2/25/2026",="NUR216-L-A",
="800001657",="Present",="3/4/2026",="NUR216-L-A",
="800001657",="No class",="3/11/2026",="NUR216-L-A",
="800001657",="No class",="3/18/2026",="NUR216-L-A",
="800001657",="Present",="3/25/2026",="NUR216-L-A",
="800001657",="No class",="4/1/2026",="NUR216-L-A",
="800001657",="No class",="4/8/2026",="NUR216-L-A",
="800001657",="No class",="4/15/2026",="NUR216-L-A",
="800001031",="No class",="1/7/2026",="NUR216-L-A",
="800001031",="No class",="1/14/2026",="NUR216-L-A",
="800001031",="No class",="1/21/2026",="NUR216-L-A",
="800001031",="No class",="1/28/2026",="NUR216-L-A",
="800001031",="Present",="2/4/2026",="NUR216-L-A",
="800001031",="No class",="2/11/2026",="NUR216-L-A",
="800001031",="No class",="2/18/2026",="NUR216-L-A",
="800001031",="Absent",="2/25/2026",="NUR216-L-A",
="800001031",="Present",="3/4/2026",="NUR216-L-A",
="800001031",="No class",="3/11/2026",="NUR216-L-A",
="800001031",="No class",="3/18/2026",="NUR216-L-A",
="800001031",="Absent",="3/25/2026",="NUR216-L-A",
="800001031",="Present",="4/1/2026",="NUR216-L-A",
="800001031",="No class",="4/8/2026",="NUR216-L-A",
="800001031",="No class",="4/15/2026",="NUR216-L-A",
="800001548",="No class",="2/4/2026",="NUR236-L-P1",
="800001548",="No class",="2/11/2026",="NUR236-L-P1",
="800001548",="No class",="2/18/2026",="NUR236-L-P1",
="800001548",="No class",="2/25/2026",="NUR236-L-P1",
="800001548",="No class",="3/4/2026",="NUR236-L-P1",
="800001548",="No class",="3/11/2026",="NUR236-L-P1",
="800001548",="Present",="3/18/2026",="NUR236-L-P1",
="800001548",="Present",="3/25/2026",="NUR236-L-P1",
="800001548",="Present",="4/1/2026",="NUR236-L-P1",
="800001548",="Present",="4/8/2026",="NUR236-L-P1",
="800001548",="No class",="4/15/2026",="NUR236-L-P1",
="800001673",="No class",="2/4/2026",="NUR236-L-P1",
="800001673",="No class",="2/11/2026",="NUR236-L-P1",
="800001673",="No class",="2/18/2026",="NUR236-L-P1",
="800001673",="No class",="2/25/2026",="NUR236-L-P1",
="800001673",="No class",="3/4/2026",="NUR236-L-P1",
="800001673",="No class",="3/11/2026",="NUR236-L-P1",
="800001673",="Present",="3/18/2026",="NUR236-L-P1",
="800001673",="Present",="3/25/2026",="NUR236-L-P1",
="800001673",="Present",="4/1/2026",="NUR236-L-P1",
="800001673",="Present",="4/8/2026",="NUR236-L-P1",
="800001673",="No class",="4/15/2026",="NUR236-L-P1",
="800001403",="Absent",="1/7/2026",="NUR155-P",
="800001403",="Present",="1/13/2026",="NUR155-P",
="800001403",="Present",="1/20/2026",="NUR155-P",
="800001403",="Present",="1/27/2026",="NUR155-P",
="800001403",="Present",="2/3/2026",="NUR155-P",
="800001403",="Present",="2/10/2026",="NUR155-P",
="800001403",="Present",="2/17/2026",="NUR155-P",
="800001403",="Present",="2/24/2026",="NUR155-P",
="800001403",="Present",="3/2/2026",="NUR155-P",
="800001403",="Present",="3/3/2026",="NUR155-P",
="800001403",="Present",="3/4/2026",="NUR155-P",
="800001403",="Present",="3/10/2026",="NUR155-P",
="800001403",="Present",="3/17/2026",="NUR155-P",
="800001403",="Present",="3/24/2026",="NUR155-P",
="800001403",="Present",="3/31/2026",="NUR155-P",
="800001403",="Present",="4/7/2026",="NUR155-P",
="800001403",="Present",="4/14/2026",="NUR155-P",
="800001292",="Present",="1/10/2026",="HUM200 -OL",
="800001292",="Present",="1/11/2026",="HUM200 -OL",
="800001292",="Present",="1/18/2026",="HUM200 -OL",
="800001292",="Present",="1/25/2026",="HUM200 -OL",
="800001292",="Present",="2/1/2026",="HUM200 -OL",
="800001292",="Present",="2/8/2026",="HUM200 -OL",
="800001292",="Present",="2/15/2026",="HUM200 -OL",
="800001292",="Present",="2/22/2026",="HUM200 -OL",
="800001292",="Present",="3/1/2026",="HUM200 -OL",
="800001292",="Present",="3/8/2026",="HUM200 -OL",
="800001292",="Present",="3/15/2026",="HUM200 -OL",
="800001292",="Present",="3/22/2026",="HUM200 -OL",
="800001292",="Present",="3/29/2026",="HUM200 -OL",
="800001292",="Present",="4/5/2026",="HUM200 -OL",
="800001701",="Absent",="1/9/2026",="STAT101-A",
="800001701",="Present",="1/16/2026",="STAT101-A",
="800001701",="Present",="1/23/2026",="STAT101-A",
="800001701",="Absent",="1/30/2026",="STAT101-A",
="800001701",="Present",="2/6/2026",="STAT101-A",
="800001701",="Present",="2/13/2026",="STAT101-A",
="800001701",="Present",="2/20/2026",="STAT101-A",
="800001701",="Absent",="2/27/2026",="STAT101-A",
="800001701",="Present",="3/6/2026",="STAT101-A",
="800001701",="Present",="3/13/2026",="STAT101-A",
="800001701",="Present",="3/20/2026",="STAT101-A",
="800001701",="Absent",="3/27/2026",="STAT101-A",
="800001701",="Present",="4/3/2026",="STAT101-A",
="800001701",="Present",="4/10/2026",="STAT101-A",
="800002059",="No class",="1/7/2026",="ENG101 -A",
="800002059",="Tardy/Late",="1/14/2026",="ENG101 -A",
="800002059",="Present",="1/21/2026",="ENG101 -A",
="800002059",="Present",="1/28/2026",="ENG101 -A",
="800002059",="Present",="2/4/2026",="ENG101 -A",
="800002059",="Present",="2/11/2026",="ENG101 -A",
="800002059",="Present",="2/18/2026",="ENG101 -A",
="800002059",="Present",="2/25/2026",="ENG101 -A",
="800002059",="Present",="3/4/2026",="ENG101 -A",
="800002059",="Present",="3/11/2026",="ENG101 -A",
="800002059",="Present",="3/18/2026",="ENG101 -A",
="800002059",="Present",="3/25/2026",="ENG101 -A",
="800002059",="Present",="4/1/2026",="ENG101 -A",
="800002059",="Present",="4/8/2026",="ENG101 -A",
="800001922",="Present",="2/4/2026",="PHARM100-P-1",
="800001922",="Present",="2/11/2026",="PHARM100-P-1",
="800001922",="Present",="2/18/2026",="PHARM100-P-1",
="800001922",="Present",="2/25/2026",="PHARM100-P-1",
="800001922",="Present",="3/4/2026",="PHARM100-P-1",
="800001922",="Present",="3/11/2026",="PHARM100-P-1",
="800001922",="Present",="3/18/2026",="PHARM100-P-1",
="800001922",="Present",="3/25/2026",="PHARM100-P-1",
="800001922",="Present",="4/1/2026",="PHARM100-P-1",
="800001922",="Present",="4/8/2026",="PHARM100-P-1",
="800001922",="Absent",="1/5/2026",="NUR100-P",
="800001922",="Present",="1/12/2026",="NUR100-P",
="800001922",="Present",="1/26/2026",="NUR100-P",
="800001922",="Present",="2/2/2026",="NUR100-P",
="800001922",="Present",="2/23/2026",="NUR100-P",
="800001922",="Present",="3/2/2026",="NUR100-P",
="800001922",="Absent",="3/9/2026",="NUR100-P",
="800001922",="Present",="3/16/2026",="NUR100-P",
="800001922",="Present",="3/23/2026",="NUR100-P",
="800001922",="Present",="4/13/2026",="NUR100-P",
="800001922",="Absent",="4/20/2026",="NUR100-P",
="800001922",="Absent",="1/9/2026",="NUR100-L-P1",
="800001922",="Absent",="1/16/2026",="NUR100-L-P1",
="800001922",="Present",="1/23/2026",="NUR100-L-P1",
="800001922",="Present",="1/30/2026",="NUR100-L-P1",
="800001922",="Present",="2/6/2026",="NUR100-L-P1",
="800001922",="Present",="2/13/2026",="NUR100-L-P1",
="800001922",="Present",="2/20/2026",="NUR100-L-P1",
="800001922",="Present",="2/27/2026",="NUR100-L-P1",
="800001922",="Present",="3/6/2026",="NUR100-L-P1",
="800001922",="Present",="3/13/2026",="NUR100-L-P1",
="800001922",="Present",="3/20/2026",="NUR100-L-P1",
="800001922",="No class",="3/27/2026",="NUR100-L-P1",
="800001466",="Absent",="1/5/2026",="PHARM225-A_P",
="800001466",="Absent",="1/12/2026",="PHARM225-A_P",
="800001466",="No class",="1/19/2026",="PHARM225-A_P",
="800001466",="Absent",="1/26/2026",="PHARM225-A_P",
="800001466",="Absent",="2/2/2026",="PHARM225-A_P",
="800001466",="Present",="2/9/2026",="PHARM225-A_P",
="800001466",="Present",="2/16/2026",="PHARM225-A_P",
="800001466",="Present",="2/23/2026",="PHARM225-A_P",
="800001466",="Present",="3/2/2026",="PHARM225-A_P",
="800001466",="Present",="3/9/2026",="PHARM225-A_P",
="800001466",="Present",="3/16/2026",="PHARM225-A_P",
="800001466",="Present",="3/23/2026",="PHARM225-A_P",
="800001466",="Present",="3/30/2026",="PHARM225-A_P",
="800001466",="Present",="4/6/2026",="PHARM225-A_P",
="800001466",="Present",="4/13/2026",="PHARM225-A_P",
="800001466",="Absent",="1/5/2026",="PHARM225-B_P",
="800001466",="Absent",="1/12/2026",="PHARM225-B_P",
="800001466",="No class",="1/19/2026",="PHARM225-B_P",
="800001466",="Present",="1/26/2026",="PHARM225-B_P",
="800001466",="Present",="2/2/2026",="PHARM225-B_P",
="800001466",="Present",="2/9/2026",="PHARM225-B_P",
="800001466",="Present",="2/16/2026",="PHARM225-B_P",
="800001466",="Present",="2/23/2026",="PHARM225-B_P",
="800001466",="Present",="3/2/2026",="PHARM225-B_P",
="800001466",="Present",="3/9/2026",="PHARM225-B_P",
="800001466",="Present",="3/16/2026",="PHARM225-B_P",
="800001466",="Absent",="3/23/2026",="PHARM225-B_P",
="800001466",="Present",="3/30/2026",="PHARM225-B_P",
="800001466",="Present",="4/6/2026",="PHARM225-B_P",
="800001466",="Absent",="4/13/2026",="PHARM225-B_P",
="800002049",="Absent",="1/9/2026",="NUR100-L-P1",
="800002049",="Absent",="1/16/2026",="NUR100-L-P1",
="800002049",="Present",="1/23/2026",="NUR100-L-P1",
="800002049",="Absent",="1/30/2026",="NUR100-L-P1",
="800002049",="Present",="2/6/2026",="NUR100-L-P1",
="800002049",="Present",="2/13/2026",="NUR100-L-P1",
="800002049",="Present",="2/20/2026",="NUR100-L-P1",
="800002049",="Present",="2/27/2026",="NUR100-L-P1",
="800002049",="Present",="3/6/2026",="NUR100-L-P1",
="800002049",="Absent",="3/13/2026",="NUR100-L-P1",
="800002049",="Present",="3/20/2026",="NUR100-L-P1",
="800002049",="No class",="3/27/2026",="NUR100-L-P1",
="800001613",="Absent",="1/10/2026",="ENG222-OL",
="800001613",="Present",="1/17/2026",="ENG222-OL",
="800001613",="Present",="1/24/2026",="ENG222-OL",
="800001613",="Present",="1/31/2026",="ENG222-OL",
="800001613",="Present",="2/7/2026",="ENG222-OL",
="800001613",="Present",="2/14/2026",="ENG222-OL",
="800001613",="Present",="2/21/2026",="ENG222-OL",
="800001613",="Present",="2/28/2026",="ENG222-OL",
="800001613",="Present",="3/7/2026",="ENG222-OL",
="800001613",="Present",="3/14/2026",="ENG222-OL",
="800001613",="Present",="3/21/2026",="ENG222-OL",
="800001613",="Present",="3/28/2026",="ENG222-OL",
="800001613",="Present",="4/4/2026",="ENG222-OL",
="800001613",="Present",="4/11/2026",="ENG222-OL",
="800001613",="Present",="4/18/2026",="ENG222-OL",
="800001613",="Absent",="1/9/2026",="MATH 300",
="800001613",="Present",="1/16/2026",="MATH 300",
="800001613",="Present",="1/23/2026",="MATH 300",
="800001613",="Present",="1/30/2026",="MATH 300",
="800001613",="Present",="2/6/2026",="MATH 300",
="800001613",="Present",="2/13/2026",="MATH 300",
="800001613",="Present",="2/20/2026",="MATH 300",
="800001613",="Present",="2/27/2026",="MATH 300",
="800001613",="Present",="3/6/2026",="MATH 300",
="800001613",="Present",="3/13/2026",="MATH 300",
="800001613",="Present",="3/20/2026",="MATH 300",
="800001613",="Present",="3/27/2026",="MATH 300",
="800001613",="Present",="4/3/2026",="MATH 300",
="800001955",="Present",="1/9/2026",="NUR100-L-P1",
="800001955",="Present",="1/16/2026",="NUR100-L-P1",
="800001955",="Present",="1/23/2026",="NUR100-L-P1",
="800001955",="Present",="1/30/2026",="NUR100-L-P1",
="800001955",="Present",="2/6/2026",="NUR100-L-P1",
="800001955",="Present",="2/13/2026",="NUR100-L-P1",
="800001955",="Present",="2/20/2026",="NUR100-L-P1",
="800001955",="Present",="2/27/2026",="NUR100-L-P1",
="800001955",="Present",="3/6/2026",="NUR100-L-P1",
="800001955",="Present",="3/13/2026",="NUR100-L-P1",
="800001955",="Present",="3/20/2026",="NUR100-L-P1",
="800001955",="No class",="3/27/2026",="NUR100-L-P1",
="800001903",="Present",="1/9/2026",="NUR100-L-P1",
="800001903",="Present",="1/16/2026",="NUR100-L-P1",
="800001903",="Present",="1/23/2026",="NUR100-L-P1",
="800001903",="Absent",="1/30/2026",="NUR100-L-P1",
="800001903",="Present",="2/6/2026",="NUR100-L-P1",
="800001903",="Present",="2/13/2026",="NUR100-L-P1",
="800001903",="Present",="2/20/2026",="NUR100-L-P1",
="800001903",="Present",="2/27/2026",="NUR100-L-P1",
="800001903",="Present",="3/6/2026",="NUR100-L-P1",
="800001903",="Present",="3/13/2026",="NUR100-L-P1",
="800001903",="Absent",="3/20/2026",="NUR100-L-P1",
="800001903",="No class",="3/27/2026",="NUR100-L-P1",
="800001943",="Present",="1/9/2026",="NUR100-L-P1",
="800001943",="Present",="1/16/2026",="NUR100-L-P1",
="800001943",="Present",="1/23/2026",="NUR100-L-P1",
="800001943",="Present",="1/30/2026",="NUR100-L-P1",
="800001943",="Present",="2/6/2026",="NUR100-L-P1",
="800001943",="Present",="2/13/2026",="NUR100-L-P1",
="800001943",="Present",="2/20/2026",="NUR100-L-P1",
="800001943",="Present",="2/27/2026",="NUR100-L-P1",
="800001943",="Present",="3/6/2026",="NUR100-L-P1",
="800001943",="Present",="3/13/2026",="NUR100-L-P1",
="800001943",="Present",="3/20/2026",="NUR100-L-P1",
="800001943",="No class",="3/27/2026",="NUR100-L-P1",
="800001983",="Present",="1/9/2026",="NUR100-L-P1",
="800001983",="Present",="1/16/2026",="NUR100-L-P1",
="800001983",="Present",="1/23/2026",="NUR100-L-P1",
="800001983",="Present",="1/30/2026",="NUR100-L-P1",
="800001983",="Present",="2/6/2026",="NUR100-L-P1",
="800001983",="Present",="2/13/2026",="NUR100-L-P1",
="800001983",="Present",="2/20/2026",="NUR100-L-P1",
="800001983",="Present",="2/27/2026",="NUR100-L-P1",
="800001983",="Absent",="3/6/2026",="NUR100-L-P1",
="800001983",="Absent",="3/13/2026",="NUR100-L-P1",
="800001983",="Absent",="3/20/2026",="NUR100-L-P1",
="800001983",="No class",="3/27/2026",="NUR100-L-P1",
="800001986",="Present",="1/9/2026",="NUR100-L-P1",
="800001986",="Present",="1/16/2026",="NUR100-L-P1",
="800001986",="Present",="1/23/2026",="NUR100-L-P1",
="800001986",="Present",="1/30/2026",="NUR100-L-P1",
="800001986",="Present",="2/6/2026",="NUR100-L-P1",
="800001986",="Present",="2/13/2026",="NUR100-L-P1",
="800001986",="Present",="2/20/2026",="NUR100-L-P1",
="800001986",="Present",="2/27/2026",="NUR100-L-P1",
="800001986",="Present",="3/6/2026",="NUR100-L-P1",
="800001986",="Present",="3/13/2026",="NUR100-L-P1",
="800001986",="Present",="3/20/2026",="NUR100-L-P1",
="800001986",="No class",="3/27/2026",="NUR100-L-P1",
="800001987",="Present",="1/9/2026",="NUR100-L-P1",
="800001987",="Present",="1/16/2026",="NUR100-L-P1",
="800001987",="Present",="1/23/2026",="NUR100-L-P1",
="800001987",="Present",="1/30/2026",="NUR100-L-P1",
="800001987",="Present",="2/6/2026",="NUR100-L-P1",
="800001987",="Present",="2/13/2026",="NUR100-L-P1",
="800001987",="Present",="2/20/2026",="NUR100-L-P1",
="800001987",="Present",="2/27/2026",="NUR100-L-P1",
="800001987",="Present",="3/6/2026",="NUR100-L-P1",
="800001987",="Present",="3/13/2026",="NUR100-L-P1",
="800001987",="Present",="3/20/2026",="NUR100-L-P1",
="800001987",="No class",="3/27/2026",="NUR100-L-P1",
="800002008",="Present",="1/9/2026",="NUR100-L-P1",
="800002008",="Present",="1/16/2026",="NUR100-L-P1",
="800002008",="Present",="1/23/2026",="NUR100-L-P1",
="800002008",="Present",="1/30/2026",="NUR100-L-P1",
="800002008",="Present",="2/6/2026",="NUR100-L-P1",
="800002008",="Present",="2/13/2026",="NUR100-L-P1",
="800002008",="Present",="2/20/2026",="NUR100-L-P1",
="800002008",="Present",="2/27/2026",="NUR100-L-P1",
="800002008",="Present",="3/6/2026",="NUR100-L-P1",
="800002008",="Present",="3/13/2026",="NUR100-L-P1",
="800002008",="Present",="3/20/2026",="NUR100-L-P1",
="800002008",="No class",="3/27/2026",="NUR100-L-P1",
="800002023",="Present",="1/9/2026",="NUR100-L-P1",
="800002023",="Present",="1/16/2026",="NUR100-L-P1",
="800002023",="Present",="1/23/2026",="NUR100-L-P1",
="800002023",="Present",="1/30/2026",="NUR100-L-P1",
="800002023",="Present",="2/6/2026",="NUR100-L-P1",
="800002023",="Present",="2/13/2026",="NUR100-L-P1",
="800002023",="Present",="2/20/2026",="NUR100-L-P1",
="800002023",="Present",="2/27/2026",="NUR100-L-P1",
="800002023",="Present",="3/6/2026",="NUR100-L-P1",
="800002023",="Present",="3/13/2026",="NUR100-L-P1",
="800002023",="Present",="3/20/2026",="NUR100-L-P1",
="800002023",="No class",="3/27/2026",="NUR100-L-P1",
="800002026",="Absent",="1/9/2026",="NUR100-L-P1",
="800002026",="Absent",="1/16/2026",="NUR100-L-P1",
="800002026",="Present",="1/23/2026",="NUR100-L-P1",
="800002026",="Present",="1/30/2026",="NUR100-L-P1",
="800002026",="Present",="2/6/2026",="NUR100-L-P1",
="800002026",="Present",="2/13/2026",="NUR100-L-P1",
="800002026",="Present",="2/20/2026",="NUR100-L-P1",
="800002026",="Present",="2/27/2026",="NUR100-L-P1",
="800002026",="Present",="3/6/2026",="NUR100-L-P1",
="800002026",="Present",="3/13/2026",="NUR100-L-P1",
="800002026",="Present",="3/20/2026",="NUR100-L-P1",
="800002026",="No class",="3/27/2026",="NUR100-L-P1",
="800002044",="Present",="1/9/2026",="NUR100-L-P1",
="800002044",="Present",="1/16/2026",="NUR100-L-P1",
="800002044",="Present",="1/23/2026",="NUR100-L-P1",
="800002044",="Present",="1/30/2026",="NUR100-L-P1",
="800002044",="Present",="2/6/2026",="NUR100-L-P1",
="800002044",="Present",="2/13/2026",="NUR100-L-P1",
="800002044",="Present",="2/20/2026",="NUR100-L-P1",
="800002044",="Present",="2/27/2026",="NUR100-L-P1",
="800002044",="Present",="3/6/2026",="NUR100-L-P1",
="800002044",="Absent",="3/13/2026",="NUR100-L-P1",
="800002044",="Present",="3/20/2026",="NUR100-L-P1",
="800002044",="No class",="3/27/2026",="NUR100-L-P1",
="800001867",="Present",="1/8/2026",="NUR125-A",
="800001867",="Absent",="1/13/2026",="NUR125-A",
="800001867",="Present",="1/20/2026",="NUR125-A",
="800001867",="Present",="1/27/2026",="NUR125-A",
="800001867",="Present",="2/3/2026",="NUR125-A",
="800001867",="Present",="2/10/2026",="NUR125-A",
="800001867",="Present",="2/17/2026",="NUR125-A",
="800001867",="Present",="3/10/2026",="NUR125-A",
="800001867",="Present",="3/17/2026",="NUR125-A",
="800001867",="Absent",="3/24/2026",="NUR125-A",
="800001867",="No class",="3/31/2026",="NUR125-A",
="800001867",="Present",="1/13/2026",="NUR125-L-A1",
="800001867",="Present",="1/27/2026",="NUR125-L-A1",
="800001867",="Present",="2/3/2026",="NUR125-L-A1",
="800001867",="Present",="2/5/2026",="NUR125-L-A1",
="800001867",="Present",="2/10/2026",="NUR125-L-A1",
="800001867",="Present",="2/17/2026",="NUR125-L-A1",
="800001867",="Present",="3/10/2026",="NUR125-L-A1",
="800001867",="Present",="3/17/2026",="NUR125-L-A1",
="800001867",="Present",="3/24/2026",="NUR125-L-A1",
="800001852",="Present",="1/8/2026",="NUR125-A",
="800001852",="Present",="1/13/2026",="NUR125-A",
="800001852",="Present",="1/20/2026",="NUR125-A",
="800001852",="Present",="1/27/2026",="NUR125-A",
="800001852",="Present",="2/3/2026",="NUR125-A",
="800001852",="Present",="2/10/2026",="NUR125-A",
="800001852",="Present",="2/17/2026",="NUR125-A",
="800001852",="Present",="3/10/2026",="NUR125-A",
="800001852",="Present",="3/17/2026",="NUR125-A",
="800001852",="Present",="3/24/2026",="NUR125-A",
="800001852",="Present",="3/31/2026",="NUR125-A",
="800001852",="Present",="1/13/2026",="NUR125-L-A1",
="800001852",="Present",="1/27/2026",="NUR125-L-A1",
="800001852",="Present",="2/3/2026",="NUR125-L-A1",
="800001852",="Present",="2/5/2026",="NUR125-L-A1",
="800001852",="Present",="2/10/2026",="NUR125-L-A1",
="800001852",="Present",="2/17/2026",="NUR125-L-A1",
="800001852",="Present",="3/10/2026",="NUR125-L-A1",
="800001852",="Present",="3/17/2026",="NUR125-L-A1",
="800001852",="Present",="3/24/2026",="NUR125-L-A1",
="800001908",="Present",="1/8/2026",="NUR125-A",
="800001908",="Present",="1/13/2026",="NUR125-A",
="800001908",="Present",="1/20/2026",="NUR125-A",
="800001908",="Present",="1/27/2026",="NUR125-A",
="800001908",="Present",="2/3/2026",="NUR125-A",
="800001908",="Present",="2/10/2026",="NUR125-A",
="800001908",="Present",="2/17/2026",="NUR125-A",
="800001908",="Present",="3/10/2026",="NUR125-A",
="800001908",="Present",="3/17/2026",="NUR125-A",
="800001908",="Present",="3/24/2026",="NUR125-A",
="800001908",="Present",="3/31/2026",="NUR125-A",
="800001908",="Present",="1/13/2026",="NUR125-L-A1",
="800001908",="Present",="1/27/2026",="NUR125-L-A1",
="800001908",="Present",="2/3/2026",="NUR125-L-A1",
="800001908",="Present",="2/5/2026",="NUR125-L-A1",
="800001908",="Present",="2/10/2026",="NUR125-L-A1",
="800001908",="Present",="2/17/2026",="NUR125-L-A1",
="800001908",="Present",="3/10/2026",="NUR125-L-A1",
="800001908",="Present",="3/17/2026",="NUR125-L-A1",
="800001908",="Present",="3/24/2026",="NUR125-L-A1",
="800001864",="Present",="1/8/2026",="NUR125-A",
="800001864",="Present",="1/13/2026",="NUR125-A",
="800001864",="Present",="1/20/2026",="NUR125-A",
="800001864",="Present",="1/27/2026",="NUR125-A",
="800001864",="Present",="2/3/2026",="NUR125-A",
="800001864",="Present",="2/10/2026",="NUR125-A",
="800001864",="Present",="2/17/2026",="NUR125-A",
="800001864",="Present",="3/10/2026",="NUR125-A",
="800001864",="Present",="3/17/2026",="NUR125-A",
="800001864",="Present",="3/24/2026",="NUR125-A",
="800001864",="Present",="3/31/2026",="NUR125-A",
="800001864",="Present",="1/13/2026",="NUR125-L-A1",
="800001864",="Present",="1/27/2026",="NUR125-L-A1",
="800001864",="Present",="2/3/2026",="NUR125-L-A1",
="800001864",="Present",="2/5/2026",="NUR125-L-A1",
="800001864",="Present",="2/10/2026",="NUR125-L-A1",
="800001864",="Present",="2/17/2026",="NUR125-L-A1",
="800001864",="Present",="3/10/2026",="NUR125-L-A1",
="800001864",="Present",="3/17/2026",="NUR125-L-A1",
="800001864",="Present",="3/24/2026",="NUR125-L-A1",
="800001934",="Present",="1/8/2026",="NUR125-A",
="800001934",="Present",="1/13/2026",="NUR125-A",
="800001934",="Present",="1/20/2026",="NUR125-A",
="800001934",="Present",="1/27/2026",="NUR125-A",
="800001934",="Present",="2/3/2026",="NUR125-A",
="800001934",="Present",="2/10/2026",="NUR125-A",
="800001934",="Present",="2/17/2026",="NUR125-A",
="800001934",="Present",="3/10/2026",="NUR125-A",
="800001934",="Present",="3/17/2026",="NUR125-A",
="800001934",="Present",="3/24/2026",="NUR125-A",
="800001934",="Absent",="3/31/2026",="NUR125-A",
="800001934",="Present",="1/13/2026",="NUR125-L-A1",
="800001934",="Present",="1/27/2026",="NUR125-L-A1",
="800001934",="Present",="2/3/2026",="NUR125-L-A1",
="800001934",="Present",="2/5/2026",="NUR125-L-A1",
="800001934",="Present",="2/10/2026",="NUR125-L-A1",
="800001934",="Present",="2/17/2026",="NUR125-L-A1",
="800001934",="Present",="3/10/2026",="NUR125-L-A1",
="800001934",="Present",="3/17/2026",="NUR125-L-A1",
="800001934",="Present",="3/24/2026",="NUR125-L-A1",
="800001623",="Absent",="1/8/2026",="PHARM130-A",
="800001623",="Present",="1/15/2026",="PHARM130-A",
="800001623",="Present",="1/22/2026",="PHARM130-A",
="800001623",="Present",="1/29/2026",="PHARM130-A",
="800001623",="Absent",="2/5/2026",="PHARM130-A",
="800001623",="Absent",="2/12/2026",="PHARM130-A",
="800001623",="Present",="2/19/2026",="PHARM130-A",
="800001623",="Present",="2/26/2026",="PHARM130-A",
="800001623",="Present",="3/5/2026",="PHARM130-A",
="800001623",="Present",="3/12/2026",="PHARM130-A",
="800001623",="Present",="3/19/2026",="PHARM130-A",
="800001623",="Present",="3/26/2026",="PHARM130-A",
="800001623",="Present",="4/2/2026",="PHARM130-A",
="800001623",="Absent",="4/9/2026",="PHARM130-A",
="800001623",="Present",="4/16/2026",="PHARM130-A",
="800001623",="Present",="1/5/2026",="NUR135-P",
="800001623",="Present",="1/12/2026",="NUR135-P",
="800001623",="Present",="1/19/2026",="NUR135-P",
="800001623",="Present",="1/26/2026",="NUR135-P",
="800001623",="Present",="2/2/2026",="NUR135-P",
="800001623",="Present",="2/9/2026",="NUR135-P",
="800001623",="Present",="2/16/2026",="NUR135-P",
="800001623",="Present",="2/23/2026",="NUR135-P",
="800001623",="Absent",="1/5/2026",="NUR100 -A",
="800001623",="Present",="1/12/2026",="NUR100 -A",
="800001623",="Present",="1/26/2026",="NUR100 -A",
="800001623",="Absent",="2/2/2026",="NUR100 -A",
="800001623",="No class",="2/9/2026",="NUR100 -A",
="800001623",="No class",="2/16/2026",="NUR100 -A",
="800001623",="Present",="2/23/2026",="NUR100 -A",
="800001623",="Absent",="3/2/2026",="NUR100 -A",
="800001623",="Present",="3/9/2026",="NUR100 -A",
="800001623",="Present",="3/16/2026",="NUR100 -A",
="800001623",="Absent",="3/23/2026",="NUR100 -A",
="800001623",="Present",="4/13/2026",="NUR100 -A",
="800001958",="Present",="2/2/2026",="NUR102 - A",
="800001958",="Present",="2/9/2026",="NUR102 - A",
="800001958",="Present",="2/11/2026",="NUR102 - A",
="800001958",="Present",="2/16/2026",="NUR102 - A",
="800001958",="Present",="2/18/2026",="NUR102 - A",
="800001958",="Present",="2/23/2026",="NUR102 - A",
="800001958",="Present",="2/25/2026",="NUR102 - A",
="800001958",="Present",="3/2/2026",="NUR102 - A",
="800001958",="Present",="3/4/2026",="NUR102 - A",
="800001958",="Present",="3/9/2026",="NUR102 - A",
="800001958",="Present",="3/11/2026",="NUR102 - A",
="800001958",="Present",="3/16/2026",="NUR102 - A",
="800001958",="Present",="3/18/2026",="NUR102 - A",
="800001958",="Present",="3/23/2026",="NUR102 - A",
="800001958",="Present",="3/25/2026",="NUR102 - A",
="800001958",="Present",="3/30/2026",="NUR102 - A",
="800001958",="Present",="4/1/2026",="NUR102 - A",
="800001958",="Present",="4/13/2026",="NUR102 - A",
="800001958",="Present",="4/15/2026",="NUR102 - A",
="800001958",="Present",="2/5/2026",="NUR102-L-A1",
="800001958",="Present",="2/12/2026",="NUR102-L-A1",
="800001958",="Present",="2/19/2026",="NUR102-L-A1",
="800001958",="Present",="2/26/2026",="NUR102-L-A1",
="800001958",="Present",="3/5/2026",="NUR102-L-A1",
="800001958",="Present",="3/12/2026",="NUR102-L-A1",
="800001958",="Present",="3/19/2026",="NUR102-L-A1",
="800001958",="Present",="3/26/2026",="NUR102-L-A1",
="800001958",="Present",="4/2/2026",="NUR102-L-A1",
="800001958",="Present",="4/9/2026",="NUR102-L-A1",
="800001959",="Present",="2/2/2026",="NUR102 - A",
="800001959",="Present",="2/9/2026",="NUR102 - A",
="800001959",="Present",="2/11/2026",="NUR102 - A",
="800001959",="Present",="2/16/2026",="NUR102 - A",
="800001959",="Present",="2/18/2026",="NUR102 - A",
="800001959",="Present",="2/23/2026",="NUR102 - A",
="800001959",="Present",="2/25/2026",="NUR102 - A",
="800001959",="Present",="3/2/2026",="NUR102 - A",
="800001959",="Present",="3/4/2026",="NUR102 - A",
="800001959",="Present",="3/9/2026",="NUR102 - A",
="800001959",="Present",="3/11/2026",="NUR102 - A",
="800001959",="Present",="3/16/2026",="NUR102 - A",
="800001959",="Present",="3/18/2026",="NUR102 - A",
="800001959",="Present",="3/23/2026",="NUR102 - A",
="800001959",="Present",="3/25/2026",="NUR102 - A",
="800001959",="Present",="3/30/2026",="NUR102 - A",
="800001959",="Present",="4/1/2026",="NUR102 - A",
="800001959",="Present",="4/13/2026",="NUR102 - A",
="800001959",="Present",="4/15/2026",="NUR102 - A",
="800001959",="Present",="2/5/2026",="NUR102-L-A1",
="800001959",="Present",="2/12/2026",="NUR102-L-A1",
="800001959",="Present",="2/19/2026",="NUR102-L-A1",
="800001959",="Present",="2/26/2026",="NUR102-L-A1",
="800001959",="Present",="3/5/2026",="NUR102-L-A1",
="800001959",="Present",="3/12/2026",="NUR102-L-A1",
="800001959",="Present",="3/19/2026",="NUR102-L-A1",
="800001959",="Present",="3/26/2026",="NUR102-L-A1",
="800001959",="Present",="4/2/2026",="NUR102-L-A1",
="800001959",="Present",="4/9/2026",="NUR102-L-A1",
="800001909",="Present",="1/15/2026",="NUR125-L-P1",
="800001909",="Present",="1/22/2026",="NUR125-L-P1",
="800001909",="Present",="1/29/2026",="NUR125-L-P1",
="800001909",="Present",="2/5/2026",="NUR125-L-P1",
="800001909",="Present",="2/19/2026",="NUR125-L-P1",
="800001909",="Present",="3/12/2026",="NUR125-L-P1",
="800001909",="Present",="3/19/2026",="NUR125-L-P1",
="800001909",="Present",="3/26/2026",="NUR125-L-P1",
="800001909",="Present",="4/9/2026",="NUR125-L-P1",
="800001909",="Present",="4/16/2026",="NUR125-L-P1",
="800001909",="Absent",="1/8/2026",="NUR125-P",
="800001909",="Present",="1/15/2026",="NUR125-P",
="800001909",="Present",="1/22/2026",="NUR125-P",
="800001909",="Present",="1/29/2026",="NUR125-P",
="800001909",="Present",="2/5/2026",="NUR125-P",
="800001909",="Present",="2/26/2026",="NUR125-P",
="800001909",="Present",="3/5/2026",="NUR125-P",
="800001909",="Present",="3/12/2026",="NUR125-P",
="800001909",="Present",="3/19/2026",="NUR125-P",
="800001909",="Present",="3/26/2026",="NUR125-P",
="800001909",="Present",="4/16/2026",="NUR125-P",
="800001789",="Absent",="1/7/2026",="NUR155-A",
="800001789",="Absent",="1/9/2026",="NUR155-A",
="800001789",="Present",="1/16/2026",="NUR155-A",
="800001789",="Absent",="1/23/2026",="NUR155-A",
="800001789",="Present",="1/30/2026",="NUR155-A",
="800001789",="Present",="2/6/2026",="NUR155-A",
="800001789",="Present",="2/13/2026",="NUR155-A",
="800001789",="Present",="2/20/2026",="NUR155-A",
="800001789",="Present",="2/27/2026",="NUR155-A",
="800001789",="Present",="3/2/2026",="NUR155-A",
="800001789",="Present",="3/3/2026",="NUR155-A",
="800001789",="Present",="3/4/2026",="NUR155-A",
="800001789",="Present",="3/6/2026",="NUR155-A",
="800001789",="Present",="3/13/2026",="NUR155-A",
="800001789",="Present",="3/20/2026",="NUR155-A",
="800001789",="Present",="3/27/2026",="NUR155-A",
="800001789",="No class",="4/3/2026",="NUR155-A",
="800001789",="No class",="4/10/2026",="NUR155-A",
="800001689",="Present",="3/5/2026",="NUR140-P",
="800001689",="Present",="3/12/2026",="NUR140-P",
="800001689",="Present",="3/19/2026",="NUR140-P",
="800001689",="Absent",="3/26/2026",="NUR140-P",
="800001689",="Present",="4/2/2026",="NUR140-P",
="800001689",="Present",="4/9/2026",="NUR140-P",
="800001689",="Absent",="4/16/2026",="NUR140-P",
="800001689",="Present",="4/23/2026",="NUR140-P",
="800001939",="Present",="2/4/2026",="PHARM100-P-1",
="800001939",="Present",="2/11/2026",="PHARM100-P-1",
="800001939",="Present",="2/18/2026",="PHARM100-P-1",
="800001939",="Present",="2/25/2026",="PHARM100-P-1",
="800001939",="Present",="3/4/2026",="PHARM100-P-1",
="800001939",="Present",="3/11/2026",="PHARM100-P-1",
="800001939",="Present",="3/18/2026",="PHARM100-P-1",
="800001939",="Present",="3/25/2026",="PHARM100-P-1",
="800001939",="Present",="4/1/2026",="PHARM100-P-1",
="800001939",="Present",="4/8/2026",="PHARM100-P-1",
="800001623",="Absent",="1/6/2026",="NUR100-L-A1",
="800001623",="Absent",="1/13/2026",="NUR100-L-A1",
="800001623",="Absent",="1/20/2026",="NUR100-L-A1",
="800001623",="No class",="1/27/2026",="NUR100-L-A1",
="800001623",="Absent",="2/3/2026",="NUR100-L-A1",
="800001623",="Present",="2/10/2026",="NUR100-L-A1",
="800001623",="Present",="2/17/2026",="NUR100-L-A1",
="800001623",="Absent",="2/24/2026",="NUR100-L-A1",
="800001623",="Absent",="3/3/2026",="NUR100-L-A1",
="800001623",="Absent",="3/10/2026",="NUR100-L-A1",
="800001623",="Absent",="3/17/2026",="NUR100-L-A1",
="800001623",="Absent",="3/24/2026",="NUR100-L-A1",
="800001623",="Present",="3/31/2026",="NUR100-L-A1",
="800001623",="Present",="4/7/2026",="NUR100-L-A1",
="800001623",="Absent",="4/14/2026",="NUR100-L-A1",
="800001330",="Absent",="1/5/2026",="NUR145 - P",
="800001330",="Absent",="1/12/2026",="NUR145 - P",
="800001330",="Present",="1/19/2026",="NUR145 - P",
="800001330",="Present",="1/26/2026",="NUR145 - P",
="800001330",="Present",="2/2/2026",="NUR145 - P",
="800001330",="Present",="2/9/2026",="NUR145 - P",
="800001330",="Present",="2/16/2026",="NUR145 - P",
="800001330",="Present",="2/23/2026",="NUR145 - P",
="800001330",="No class",="3/11/2026",="NUR150-L-P1",
="800001330",="Present",="3/18/2026",="NUR150-L-P1",
="800001330",="Present",="3/25/2026",="NUR150-L-P1",
="800001330",="Present",="4/1/2026",="NUR150-L-P1",
="800001330",="Present",="1/30/2026",="NUR145-L-P",
="800001330",="Present",="3/3/2026",="NUR150-P",
="800001330",="Present",="3/9/2026",="NUR150-P",
="800001330",="Present",="3/10/2026",="NUR150-P",
="800001330",="Present",="3/16/2026",="NUR150-P",
="800001330",="Present",="3/17/2026",="NUR150-P",
="800002029",="Absent",="1/6/2026",="NUR100-L-A2",
="800002029",="Absent",="1/13/2026",="NUR100-L-A2",
="800002029",="Present",="1/20/2026",="NUR100-L-A2",
="800002029",="No class",="1/27/2026",="NUR100-L-A2",
="800002029",="Present",="2/3/2026",="NUR100-L-A2",
="800002029",="Present",="2/10/2026",="NUR100-L-A2",
="800002029",="Present",="2/17/2026",="NUR100-L-A2",
="800002029",="Present",="2/24/2026",="NUR100-L-A2",
="800002029",="Present",="3/3/2026",="NUR100-L-A2",
="800002029",="Present",="3/10/2026",="NUR100-L-A2",
="800002029",="Present",="3/17/2026",="NUR100-L-A2",
="800002029",="Present",="3/24/2026",="NUR100-L-A2",
="800002029",="Present",="3/31/2026",="NUR100-L-A2",
="800002029",="Present",="4/7/2026",="NUR100-L-A2",
="800001733",="Present",="1/5/2026",="NUR135-P",
="800001733",="Present",="1/12/2026",="NUR135-P",
="800001733",="Present",="1/19/2026",="NUR135-P",
="800001733",="Present",="1/26/2026",="NUR135-P",
="800001733",="Present",="2/2/2026",="NUR135-P",
="800001733",="Present",="2/9/2026",="NUR135-P",
="800001733",="Absent",="2/16/2026",="NUR135-P",
="800001733",="Present",="2/23/2026",="NUR135-P",
="800001733",="Present",="2/23/2026",="NUR135-L-P1",
="800001838",="Present",="1/13/2026",="MCB100 -A",
="800001838",="Present",="1/20/2026",="MCB100 -A",
="800001838",="Present",="1/27/2026",="MCB100 -A",
="800001838",="Present",="2/10/2026",="MCB100 -A",
="800001838",="Present",="2/17/2026",="MCB100 -A",
="800001838",="Present",="2/24/2026",="MCB100 -A",
="800001838",="Present",="3/3/2026",="MCB100 -A",
="800001838",="Present",="3/10/2026",="MCB100 -A",
="800001838",="Present",="3/17/2026",="MCB100 -A",
="800001838",="Present",="3/24/2026",="MCB100 -A",
="800001862",="Present",="1/7/2026",="NUR135-L-P1",
="800001862",="Present",="1/14/2026",="NUR135-L-P1",
="800001862",="Present",="2/23/2026",="NUR135-L-P1",
="800001862",="Present",="1/5/2026",="NUR135-P",
="800001862",="Present",="1/12/2026",="NUR135-P",
="800001862",="Present",="1/19/2026",="NUR135-P",
="800001862",="Present",="1/26/2026",="NUR135-P",
="800001862",="Present",="2/2/2026",="NUR135-P",
="800001862",="Present",="2/9/2026",="NUR135-P",
="800001862",="Present",="2/16/2026",="NUR135-P",
="800001862",="Present",="2/23/2026",="NUR135-P",
="800001892",="Present",="1/5/2026",="NUR135-P",
="800001892",="Present",="1/12/2026",="NUR135-P",
="800001892",="Present",="1/19/2026",="NUR135-P",
="800001892",="Present",="1/26/2026",="NUR135-P",
="800001892",="Present",="2/2/2026",="NUR135-P",
="800001892",="Present",="2/9/2026",="NUR135-P",
="800001892",="Absent",="2/16/2026",="NUR135-P",
="800001892",="Present",="2/23/2026",="NUR135-P",
="800001892",="Present",="2/23/2026",="NUR135-L-P1",
="800001867",="Present",="3/3/2026",="NUR150 -A",
="800001867",="Present",="3/4/2026",="NUR150 -A",
="800001867",="Present",="3/10/2026",="NUR150 -A",
="800001867",="Present",="3/11/2026",="NUR150 -A",
="800001867",="Present",="3/17/2026",="NUR150 -A",
="800001867",="Present",="3/18/2026",="NUR150 -A",
="800001867",="Present",="3/24/2026",="NUR150 -A",
="800001867",="Present",="3/25/2026",="NUR150 -A",
="800001867",="Present",="3/31/2026",="NUR150 -A",
="800001867",="Present",="4/1/2026",="NUR150 -A",
="800001867",="No class",="4/7/2026",="NUR150 -A",
="800001867",="No class",="4/8/2026",="NUR150 -A",
="800001867",="Present",="4/14/2026",="NUR150 -A",
="800001867",="Present",="4/15/2026",="NUR150 -A",
="800001867",="Present",="4/21/2026",="NUR150 -A",
="800001867",="Present",="3/9/2026",="NUR150 -L-A1",
="800001867",="Present",="3/16/2026",="NUR150 -L-A1",
="800001867",="Present",="3/23/2026",="NUR150 -L-A1",
="800001867",="Present",="3/30/2026",="NUR150 -L-A1",
="800001867",="Present",="4/6/2026",="NUR150 -L-A1",
="800001939",="Present",="1/6/2026",="AP100-A",
="800001939",="Absent",="1/13/2026",="AP100-A",
="800001939",="Present",="1/20/2026",="AP100-A",
="800001939",="Present",="1/27/2026",="AP100-A",
="800001939",="Present",="2/3/2026",="AP100-A",
="800001939",="Present",="2/10/2026",="AP100-A",
="800001939",="Present",="2/17/2026",="AP100-A",
="800001939",="Present",="2/24/2026",="AP100-A",
="800001939",="Present",="3/3/2026",="AP100-A",
="800001939",="Absent",="3/10/2026",="AP100-A",
="800001939",="Present",="3/17/2026",="AP100-A",
="800001939",="Present",="3/24/2026",="AP100-A",
="800001939",="Present",="3/31/2026",="AP100-A",
="800001939",="Present",="4/7/2026",="AP100-A",
="800001939",="Present",="4/14/2026",="AP100-A",
="800001939",="Absent",="1/9/2026",="NUR100-L-P1",
="800001939",="Absent",="1/16/2026",="NUR100-L-P1",
="800001939",="Present",="1/23/2026",="NUR100-L-P1",
="800001939",="Present",="1/30/2026",="NUR100-L-P1",
="800001939",="Present",="2/6/2026",="NUR100-L-P1",
="800001939",="Present",="2/13/2026",="NUR100-L-P1",
="800001939",="Present",="2/20/2026",="NUR100-L-P1",
="800001939",="Present",="2/27/2026",="NUR100-L-P1",
="800001939",="Present",="3/6/2026",="NUR100-L-P1",
="800001939",="Present",="3/13/2026",="NUR100-L-P1",
="800001939",="Present",="3/20/2026",="NUR100-L-P1",
="800001939",="No class",="3/27/2026",="NUR100-L-P1",
="800001939",="Absent",="1/5/2026",="NUR100-P",
="800001939",="Absent",="1/12/2026",="NUR100-P",
="800001939",="Present",="1/26/2026",="NUR100-P",
="800001939",="Present",="2/2/2026",="NUR100-P",
="800001939",="Present",="2/23/2026",="NUR100-P",
="800001939",="Present",="3/2/2026",="NUR100-P",
="800001939",="Present",="3/9/2026",="NUR100-P",
="800001939",="Present",="3/16/2026",="NUR100-P",
="800001939",="Present",="3/23/2026",="NUR100-P",
="800001939",="Present",="4/13/2026",="NUR100-P",
="800001939",="Present",="4/20/2026",="NUR100-P",
="800001830",="Present",="1/10/2026",="COL010 - OL I",
="800001830",="Present",="1/17/2026",="COL010 - OL I",
="800001830",="Present",="1/24/2026",="COL010 - OL I",
="800001830",="Present",="1/31/2026",="COL010 - OL I",
="800001998",="Present",="1/10/2026",="COL010 - OL I",
="800001998",="Present",="1/17/2026",="COL010 - OL I",
="800001998",="Present",="1/24/2026",="COL010 - OL I",
="800001998",="Present",="1/31/2026",="COL010 - OL I",
="800001427",="Absent",="1/7/2026",="NUR155-P",
="800001427",="Present",="1/13/2026",="NUR155-P",
="800001427",="Present",="1/20/2026",="NUR155-P",
="800001427",="Present",="1/27/2026",="NUR155-P",
="800001427",="Present",="2/3/2026",="NUR155-P",
="800001427",="Present",="2/10/2026",="NUR155-P",
="800001427",="Present",="2/17/2026",="NUR155-P",
="800001427",="Present",="2/24/2026",="NUR155-P",
="800001427",="Present",="3/2/2026",="NUR155-P",
="800001427",="Present",="3/3/2026",="NUR155-P",
="800001427",="Present",="3/4/2026",="NUR155-P",
="800001427",="Present",="3/10/2026",="NUR155-P",
="800001427",="Present",="3/17/2026",="NUR155-P",
="800001427",="Present",="3/24/2026",="NUR155-P",
="800001427",="Present",="3/31/2026",="NUR155-P",
="800001427",="Present",="4/7/2026",="NUR155-P",
="800001427",="Present",="4/14/2026",="NUR155-P",
="800001198",="Absent",="1/7/2026",="NUR155-P",
="800001198",="Present",="1/13/2026",="NUR155-P",
="800001198",="Present",="1/20/2026",="NUR155-P",
="800001198",="Present",="1/27/2026",="NUR155-P",
="800001198",="Present",="2/3/2026",="NUR155-P",
="800001198",="Present",="2/10/2026",="NUR155-P",
="800001198",="Present",="2/17/2026",="NUR155-P",
="800001198",="Present",="2/24/2026",="NUR155-P",
="800001198",="Present",="3/2/2026",="NUR155-P",
="800001198",="Present",="3/3/2026",="NUR155-P",
="800001198",="Present",="3/4/2026",="NUR155-P",
="800001198",="Present",="3/10/2026",="NUR155-P",
="800001198",="Present",="3/17/2026",="NUR155-P",
="800001198",="Present",="3/24/2026",="NUR155-P",
="800001198",="Present",="3/31/2026",="NUR155-P",
="800001198",="Present",="4/7/2026",="NUR155-P",
="800001198",="Present",="4/14/2026",="NUR155-P",
="800001419",="Absent",="1/7/2026",="NUR155-P",
="800001419",="Present",="1/13/2026",="NUR155-P",
="800001419",="Present",="1/20/2026",="NUR155-P",
="800001419",="Present",="1/27/2026",="NUR155-P",
="800001419",="Present",="2/3/2026",="NUR155-P",
="800001419",="Present",="2/10/2026",="NUR155-P",
="800001419",="Present",="2/17/2026",="NUR155-P",
="800001419",="Present",="2/24/2026",="NUR155-P",
="800001419",="Present",="3/2/2026",="NUR155-P",
="800001419",="Present",="3/3/2026",="NUR155-P",
="800001419",="Present",="3/4/2026",="NUR155-P",
="800001419",="Present",="3/10/2026",="NUR155-P",
="800001419",="Present",="3/17/2026",="NUR155-P",
="800001419",="Present",="3/24/2026",="NUR155-P",
="800001419",="Absent",="3/31/2026",="NUR155-P",
="800001419",="Present",="4/7/2026",="NUR155-P",
="800001419",="Present",="4/14/2026",="NUR155-P",
="800001484",="Absent",="1/8/2026",="PHARM130-A",
="800001484",="Absent",="1/15/2026",="PHARM130-A",
="800001484",="Present",="1/22/2026",="PHARM130-A",
="800001484",="Present",="1/29/2026",="PHARM130-A",
="800001484",="Present",="2/5/2026",="PHARM130-A",
="800001484",="Absent",="2/12/2026",="PHARM130-A",
="800001484",="Absent",="2/19/2026",="PHARM130-A",
="800001484",="Absent",="2/26/2026",="PHARM130-A",
="800001484",="Absent",="3/5/2026",="PHARM130-A",
="800001484",="Absent",="3/12/2026",="PHARM130-A",
="800001484",="Absent",="3/19/2026",="PHARM130-A",
="800001484",="Absent",="3/26/2026",="PHARM130-A",
="800001484",="Absent",="4/2/2026",="PHARM130-A",
="800001484",="Absent",="4/9/2026",="PHARM130-A",
="800001484",="Absent",="4/16/2026",="PHARM130-A",
="800001484",="Absent",="1/5/2026",="NUR120-A",
="800001484",="Present",="1/6/2026",="NUR120-A",
="800001484",="Present",="1/12/2026",="NUR120-A",
="800001484",="Present",="1/13/2026",="NUR120-A",
="800001484",="Present",="1/20/2026",="NUR120-A",
="800001484",="Present",="1/26/2026",="NUR120-A",
="800001484",="Present",="1/27/2026",="NUR120-A",
="800001484",="Present",="2/2/2026",="NUR120-A",
="800001484",="Present",="2/3/2026",="NUR120-A",
="800001484",="No class",="2/9/2026",="NUR120-A",
="800001484",="Present",="2/10/2026",="NUR120-A",
="800001484",="Present",="2/16/2026",="NUR120-A",
="800001484",="Present",="2/17/2026",="NUR120-A",
="800001484",="Present",="2/23/2026",="NUR120-A",
="800001484",="Present",="2/24/2026",="NUR120-A",
="800001484",="Absent",="1/12/2026",="NUR120-L-A1",
="800001484",="No class",="1/19/2026",="NUR120-L-A1",
="800001484",="No class",="1/26/2026",="NUR120-L-A1",
="800001484",="Present",="2/2/2026",="NUR120-L-A1",
="800001484",="Present",="2/16/2026",="NUR120-L-A1",
="800001484",="Present",="2/23/2026",="NUR120-L-A1",
="800001874",="Absent",="1/8/2026",="NUR125-P",
="800001874",="Absent",="1/15/2026",="NUR125-P",
="800001874",="Present",="1/22/2026",="NUR125-P",
="800001874",="Present",="1/29/2026",="NUR125-P",
="800001874",="Present",="2/5/2026",="NUR125-P",
="800001874",="Present",="2/26/2026",="NUR125-P",
="800001874",="Present",="3/5/2026",="NUR125-P",
="800001874",="Present",="3/12/2026",="NUR125-P",
="800001874",="Present",="3/19/2026",="NUR125-P",
="800001874",="Present",="3/26/2026",="NUR125-P",
="800001874",="Present",="4/16/2026",="NUR125-P",
="800001874",="Present",="1/22/2026",="NUR125-L-P1",
="800001874",="Present",="1/29/2026",="NUR125-L-P1",
="800001874",="Present",="2/5/2026",="NUR125-L-P1",
="800001874",="Present",="2/19/2026",="NUR125-L-P1",
="800001874",="Present",="3/12/2026",="NUR125-L-P1",
="800001874",="Present",="3/19/2026",="NUR125-L-P1",
="800001874",="Present",="3/26/2026",="NUR125-L-P1",
="800001874",="Present",="4/9/2026",="NUR125-L-P1",
="800001874",="Present",="4/16/2026",="NUR125-L-P1",
="800001846",="Absent",="1/10/2026",="NUT100 -OL",
="800001846",="Absent",="1/18/2026",="NUT100 -OL",
="800001846",="Present",="1/25/2026",="NUT100 -OL",
="800001846",="Absent",="2/1/2026",="NUT100 -OL",
="800001846",="Present",="2/8/2026",="NUT100 -OL",
="800001846",="Present",="2/15/2026",="NUT100 -OL",
="800001846",="Absent",="2/22/2026",="NUT100 -OL",
="800001846",="Present",="3/1/2026",="NUT100 -OL",
="800001846",="Present",="3/8/2026",="NUT100 -OL",
="800001846",="Absent",="3/15/2026",="NUT100 -OL",
="800001846",="Absent",="3/22/2026",="NUT100 -OL",
="800001846",="Present",="3/29/2026",="NUT100 -OL",
="800001846",="Present",="4/5/2026",="NUT100 -OL",
="800001846",="Present",="4/11/2026",="NUT100 -OL",
="800001846",="Absent",="1/8/2026",="PSY101 -A",
="800001846",="Absent",="1/15/2026",="PSY101 -A",
="800001846",="Present",="1/22/2026",="PSY101 -A",
="800001846",="Present",="1/29/2026",="PSY101 -A",
="800001846",="Present",="2/5/2026",="PSY101 -A",
="800001846",="Present",="2/12/2026",="PSY101 -A",
="800001846",="Present",="2/19/2026",="PSY101 -A",
="800001846",="Present",="2/26/2026",="PSY101 -A",
="800001846",="Present",="3/5/2026",="PSY101 -A",
="800001846",="Present",="3/12/2026",="PSY101 -A",
="800001846",="Present",="3/19/2026",="PSY101 -A",
="800001846",="Present",="3/26/2026",="PSY101 -A",
="800001846",="Present",="4/2/2026",="PSY101 -A",
="800001846",="Present",="4/9/2026",="PSY101 -A",
="800001846",="No class",="1/7/2026",="ENG101 -A",
="800001846",="No class",="1/14/2026",="ENG101 -A",
="800001846",="Absent",="1/21/2026",="ENG101 -A",
="800001846",="Tardy/Late",="1/28/2026",="ENG101 -A",
="800001846",="Present",="2/4/2026",="ENG101 -A",
="800001846",="Present",="2/11/2026",="ENG101 -A",
="800001846",="Present",="2/18/2026",="ENG101 -A",
="800001846",="Tardy/Late",="2/25/2026",="ENG101 -A",
="800001846",="Tardy/Late",="3/4/2026",="ENG101 -A",
="800001846",="Tardy/Late",="3/11/2026",="ENG101 -A",
="800001846",="Tardy/Late",="3/18/2026",="ENG101 -A",
="800001846",="Present",="3/25/2026",="ENG101 -A",
="800001846",="Present",="4/1/2026",="ENG101 -A",
="800001846",="Present",="4/8/2026",="ENG101 -A",
="800001846",="Absent",="1/13/2026",="NUR125-A",
="800001846",="Absent",="1/20/2026",="NUR125-A",
="800001846",="Present",="1/27/2026",="NUR125-A",
="800001846",="Present",="2/3/2026",="NUR125-A",
="800001846",="Present",="2/10/2026",="NUR125-A",
="800001846",="Present",="2/17/2026",="NUR125-A",
="800001846",="Present",="3/10/2026",="NUR125-A",
="800001846",="Present",="3/17/2026",="NUR125-A",
="800001846",="Present",="3/24/2026",="NUR125-A",
="800001846",="Tardy/Late",="3/31/2026",="NUR125-A",
="800001846",="Present",="1/13/2026",="NUR125-L-A1",
="800001846",="Present",="1/27/2026",="NUR125-L-A1",
="800001846",="Present",="2/3/2026",="NUR125-L-A1",
="800001846",="Present",="2/5/2026",="NUR125-L-A1",
="800001846",="Present",="2/10/2026",="NUR125-L-A1",
="800001846",="Present",="2/17/2026",="NUR125-L-A1",
="800001846",="Present",="3/10/2026",="NUR125-L-A1",
="800001846",="Present",="3/17/2026",="NUR125-L-A1",
="800001846",="Present",="3/24/2026",="NUR125-L-A1",
="800001845",="Present",="2/3/2026",="NUR102 - P",
="800001845",="Present",="2/10/2026",="NUR102 - P",
="800001845",="Present",="2/11/2026",="NUR102 - P",
="800001845",="Present",="2/17/2026",="NUR102 - P",
="800001845",="Present",="2/18/2026",="NUR102 - P",
="800001845",="Present",="2/24/2026",="NUR102 - P",
="800001845",="Absent",="3/3/2026",="NUR102 - P",
="800001845",="Present",="3/10/2026",="NUR102 - P",
="800001845",="Present",="3/11/2026",="NUR102 - P",
="800001845",="Present",="3/17/2026",="NUR102 - P",
="800001845",="Present",="3/18/2026",="NUR102 - P",
="800001845",="Present",="3/24/2026",="NUR102 - P",
="800001845",="Present",="3/25/2026",="NUR102 - P",
="800001845",="Present",="3/31/2026",="NUR102 - P",
="800001845",="Absent",="4/1/2026",="NUR102 - P",
="800001845",="Present",="4/14/2026",="NUR102 - P",
="800001845",="Present",="4/15/2026",="NUR102 - P",
="800001845",="Present",="2/6/2026",="NUR102-L-P1",
="800001845",="Present",="2/13/2026",="NUR102-L-P1",
="800001845",="Present",="2/20/2026",="NUR102-L-P1",
="800001845",="Present",="2/27/2026",="NUR102-L-P1",
="800001845",="Present",="3/6/2026",="NUR102-L-P1",
="800001845",="Present",="3/13/2026",="NUR102-L-P1",
="800001845",="Present",="3/20/2026",="NUR102-L-P1",
="800001845",="Present",="3/27/2026",="NUR102-L-P1",
="800001845",="Present",="4/3/2026",="NUR102-L-P1",
="800001845",="Present",="4/10/2026",="NUR102-L-P1",
="800001634",="Absent",="1/5/2026",="NUR100 -A",
="800001634",="Absent",="1/12/2026",="NUR100 -A",
="800001634",="Present",="1/26/2026",="NUR100 -A",
="800001634",="Present",="2/2/2026",="NUR100 -A",
="800001634",="No class",="2/9/2026",="NUR100 -A",
="800001634",="No class",="2/16/2026",="NUR100 -A",
="800001634",="Present",="2/23/2026",="NUR100 -A",
="800001634",="Present",="3/2/2026",="NUR100 -A",
="800001634",="Present",="3/9/2026",="NUR100 -A",
="800001634",="Present",="3/16/2026",="NUR100 -A",
="800001634",="Present",="3/23/2026",="NUR100 -A",
="800001634",="Absent",="4/13/2026",="NUR100 -A",
="800001634",="Absent",="1/8/2026",="PHARM130-A",
="800001634",="Absent",="1/15/2026",="PHARM130-A",
="800001634",="Present",="1/22/2026",="PHARM130-A",
="800001634",="Present",="1/29/2026",="PHARM130-A",
="800001634",="Present",="2/5/2026",="PHARM130-A",
="800001634",="Present",="2/12/2026",="PHARM130-A",
="800001634",="Absent",="2/19/2026",="PHARM130-A",
="800001634",="Present",="2/26/2026",="PHARM130-A",
="800001634",="Present",="3/5/2026",="PHARM130-A",
="800001634",="Present",="3/12/2026",="PHARM130-A",
="800001634",="Present",="3/19/2026",="PHARM130-A",
="800001634",="Present",="3/26/2026",="PHARM130-A",
="800001634",="Absent",="4/2/2026",="PHARM130-A",
="800001634",="Present",="4/9/2026",="PHARM130-A",
="800001634",="Present",="4/16/2026",="PHARM130-A",
="770000323",="Present",="1/24/2026",="NUR255-C-P1",
="770000323",="Present",="1/30/2026",="NUR255-C-P1",
="770000409",="Present",="1/24/2026",="NUR255-C-P1",
="770000409",="Present",="1/30/2026",="NUR255-C-P1",
="800000927",="Absent",="1/24/2026",="NUR255-C-P1",
="800000927",="Present",="1/30/2026",="NUR255-C-P1",
="800000934",="Present",="1/24/2026",="NUR255-C-P1",
="800000934",="Present",="1/30/2026",="NUR255-C-P1",
="800001142",="Present",="1/24/2026",="NUR255-C-P1",
="800001142",="Present",="1/30/2026",="NUR255-C-P1",
="800001292",="Present",="1/24/2026",="NUR255-C-P1",
="800001292",="Present",="1/30/2026",="NUR255-C-P1",
="800001318",="Present",="1/24/2026",="NUR255-C-P1",
="800001318",="Present",="1/30/2026",="NUR255-C-P1",
="800001410",="Present",="1/24/2026",="NUR255-C-P1",
="800001410",="Present",="1/30/2026",="NUR255-C-P1",
="800001917",="No class",="1/8/2026",="NUR120-L-P1",
="800001917",="Absent",="1/15/2026",="NUR120-L-P1",
="800001917",="No class",="1/22/2026",="NUR120-L-P1",
="800001917",="Absent",="1/29/2026",="NUR120-L-P1",
="800001917",="Absent",="2/5/2026",="NUR120-L-P1",
="770000409",="Absent",="1/28/2026",="NUR265-C-P2",
="770000409",="Present",="2/4/2026",="NUR265-C-P2",
="770017870",="Present",="1/28/2026",="NUR265-C-P2",
="770017870",="Present",="2/4/2026",="NUR265-C-P2",
="800000934",="Present",="1/28/2026",="NUR265-C-P2",
="800000934",="Present",="2/4/2026",="NUR265-C-P2",
="800001142",="Present",="1/28/2026",="NUR265-C-P2",
="800001142",="Present",="2/4/2026",="NUR265-C-P2",
="800001196",="Present",="1/28/2026",="NUR265-C-P2",
="800001196",="Present",="2/4/2026",="NUR265-C-P2",
="800001268",="Absent",="1/28/2026",="NUR265-C-P2",
="800001268",="Present",="2/4/2026",="NUR265-C-P2",
="800001292",="Present",="1/28/2026",="NUR265-C-P2",
="800001292",="Present",="2/4/2026",="NUR265-C-P2",
="800001318",="Present",="1/28/2026",="NUR265-C-P2",
="800001318",="Present",="2/4/2026",="NUR265-C-P2",
="800001410",="Present",="1/28/2026",="NUR265-C-P2",
="800001410",="Present",="2/4/2026",="NUR265-C-P2",
="800001562",="Present",="1/28/2026",="NUR265-C-P2",
="800001562",="Present",="2/4/2026",="NUR265-C-P2",
="800001798",="Present",="1/7/2026",="NUR155-A",
="800001798",="Present",="1/9/2026",="NUR155-A",
="800001798",="Absent",="1/23/2026",="NUR155-A",
="800001798",="Present",="1/30/2026",="NUR155-A",
="800001798",="Present",="2/6/2026",="NUR155-A",
="800001798",="Absent",="2/13/2026",="NUR155-A",
="800001798",="No class",="2/20/2026",="NUR155-A",
="800001849",="Absent",="3/31/2026",="NUR100-C-A1",
="800001849",="Absent",="4/7/2026",="NUR100-C-A1",
="800001888",="Present",="3/31/2026",="NUR100-C-A1",
="800001888",="Present",="4/7/2026",="NUR100-C-A1",
="800001950",="Present",="3/31/2026",="NUR100-C-A1",
="800001950",="Present",="4/7/2026",="NUR100-C-A1",
="800001863",="Present",="3/31/2026",="NUR100-C-A1",
="800001863",="Present",="4/7/2026",="NUR100-C-A1",
="800001884",="Present",="3/31/2026",="NUR100-C-A1",
="800001884",="Present",="4/7/2026",="NUR100-C-A1",
="800001954",="Present",="3/31/2026",="NUR100-C-A1",
="800001954",="Present",="4/7/2026",="NUR100-C-A1",
="800001985",="Present",="3/31/2026",="NUR100-C-A1",
="800001985",="Present",="4/7/2026",="NUR100-C-A1",
="800002035",="Present",="2/16/2026",="NUR100-C-A2",
="800002035",="Present",="2/17/2026",="NUR100-C-A2",
="800002020",="Present",="2/16/2026",="NUR100-C-A2",
="800002020",="Present",="2/17/2026",="NUR100-C-A2",
="800002011",="Present",="2/16/2026",="NUR100-C-A2",
="800002011",="Present",="2/17/2026",="NUR100-C-A2",
="800002001",="Present",="2/16/2026",="NUR100-C-A2",
="800002001",="Present",="2/17/2026",="NUR100-C-A2",
="800002042",="Present",="2/16/2026",="NUR100-C-A2",
="800002042",="Present",="2/17/2026",="NUR100-C-A2",
="800002036",="Present",="2/16/2026",="NUR100-C-A2",
="800002036",="Present",="2/17/2026",="NUR100-C-A2",
="800002018",="Present",="2/16/2026",="NUR100-C-A2",
="800002018",="Present",="2/17/2026",="NUR100-C-A2",
="800002021",="Present",="2/16/2026",="NUR100-C-A2",
="800002021",="Present",="2/17/2026",="NUR100-C-A2",
="800001909",="Present",="2/14/2026",="NUR100-C-A3",
="800001909",="Present",="2/21/2026",="NUR100-C-A3",
="800001903",="Present",="2/14/2026",="NUR100-C-A3",
="800001903",="Present",="2/21/2026",="NUR100-C-A3",
="800001921",="Present",="2/14/2026",="NUR100-C-A3",
="800001921",="Present",="2/21/2026",="NUR100-C-A3",
="800001939",="Present",="2/14/2026",="NUR100-C-A3",
="800001939",="Present",="2/21/2026",="NUR100-C-A3",
="800001943",="Absent",="2/14/2026",="NUR100-C-A3",
="800001943",="Absent",="2/21/2026",="NUR100-C-A3",
="800001955",="Present",="2/14/2026",="NUR100-C-A3",
="800001955",="Present",="2/21/2026",="NUR100-C-A3",
="770000737",="Present",="2/14/2026",="NUR100-C-A3",
="770000737",="Present",="2/21/2026",="NUR100-C-A3",
="800001842",="Present",="2/14/2026",="NUR100-C-A3",
="800001842",="Present",="2/21/2026",="NUR100-C-A3",
="800001922",="Present",="2/14/2026",="NUR100-C-A3",
="800001922",="Present",="2/21/2026",="NUR100-C-A3",
="800001845",="Present",="2/14/2026",="NUR100-C-A3",
="800001845",="Present",="2/21/2026",="NUR100-C-A3",
="800002052",="Present",="4/11/2026",="NUR100-C-P2",
="800002053",="Present",="4/4/2026",="NUR100-C-P2",
="800002053",="Present",="4/11/2026",="NUR100-C-P2",
="800002064",="Present",="4/4/2026",="NUR100-C-P2",
="800002064",="Absent",="4/11/2026",="NUR100-C-P2",
="800002062",="Present",="4/4/2026",="NUR100-C-P2",
="800002062",="Absent",="4/11/2026",="NUR100-C-P2",
="800002059",="Present",="4/4/2026",="NUR100-C-P2",
="800002059",="Present",="4/11/2026",="NUR100-C-P2",
="800002008",="Present",="4/4/2026",="NUR100-C-P2",
="800002008",="Present",="4/11/2026",="NUR100-C-P2",
="800002051",="Present",="4/4/2026",="NUR100-C-A4",
="800002051",="Absent",="4/18/2026",="NUR100-C-A4",
="800001987",="Present",="4/4/2026",="NUR100-C-A4",
="800001987",="Present",="4/18/2026",="NUR100-C-A4",
="800001986",="Present",="4/4/2026",="NUR100-C-A4",
="800001986",="Present",="4/18/2026",="NUR100-C-A4",
="800002026",="Present",="4/4/2026",="NUR100-C-A4",
="800002026",="Present",="4/18/2026",="NUR100-C-A4",
="800002049",="Present",="4/4/2026",="NUR100-C-A4",
="800002049",="Present",="4/18/2026",="NUR100-C-A4",
="800002023",="Present",="4/4/2026",="NUR100-C-A4",
="800002023",="Present",="4/18/2026",="NUR100-C-A4",
="800001983",="Present",="4/4/2026",="NUR100-C-A4",
="800001983",="Absent",="4/18/2026",="NUR100-C-A4",
="800002029",="Present",="4/4/2026",="NUR100-C-A4",
="800002029",="Present",="4/18/2026",="NUR100-C-A4",
="800001443",="Present",="2/9/2026",="NUR120-C-A1",
="800001443",="Present",="2/12/2026",="NUR120-C-A1",
="800001443",="Present",="2/16/2026",="NUR120-C-A1",
="800001443",="Present",="2/19/2026",="NUR120-C-A1",
="800001443",="Present",="2/23/2026",="NUR120-C-A1",
="800001443",="Present",="2/26/2026",="NUR120-C-A1",
="800001815",="Present",="2/9/2026",="NUR120-C-A1",
="800001815",="Present",="2/12/2026",="NUR120-C-A1",
="800001815",="Present",="2/16/2026",="NUR120-C-A1",
="800001815",="Present",="2/19/2026",="NUR120-C-A1",
="800001815",="Present",="2/23/2026",="NUR120-C-A1",
="800001815",="Present",="2/26/2026",="NUR120-C-A1",
="800001667",="Present",="2/9/2026",="NUR120-C-A1",
="800001667",="Absent",="2/12/2026",="NUR120-C-A1",
="800001667",="Absent",="2/16/2026",="NUR120-C-A1",
="800001667",="Absent",="2/19/2026",="NUR120-C-A1",
="800001667",="Absent",="2/23/2026",="NUR120-C-A1",
="800001667",="Absent",="2/26/2026",="NUR120-C-A1",
="800001878",="Present",="2/9/2026",="NUR120-C-A1",
="800001878",="Present",="2/12/2026",="NUR120-C-A1",
="800001878",="Present",="2/16/2026",="NUR120-C-A1",
="800001878",="Present",="2/19/2026",="NUR120-C-A1",
="800001878",="Present",="2/23/2026",="NUR120-C-A1",
="800001878",="Present",="2/26/2026",="NUR120-C-A1",
="800001917",="Present",="2/9/2026",="NUR120-C-A1",
="800001917",="Present",="2/12/2026",="NUR120-C-A1",
="800001917",="Present",="2/16/2026",="NUR120-C-A1",
="800001917",="Present",="2/19/2026",="NUR120-C-A1",
="800001917",="Present",="2/23/2026",="NUR120-C-A1",
="800001917",="Present",="2/26/2026",="NUR120-C-A1",
="800001650",="Present",="2/9/2026",="NUR120-C-A1",
="800001650",="Present",="2/12/2026",="NUR120-C-A1",
="800001650",="Present",="2/16/2026",="NUR120-C-A1",
="800001650",="Present",="2/19/2026",="NUR120-C-A1",
="800001650",="Present",="2/23/2026",="NUR120-C-A1",
="800001650",="Present",="2/26/2026",="NUR120-C-A1",
="800001867",="Present",="2/9/2026",="NUR120-C-A1",
="800001867",="Present",="2/12/2026",="NUR120-C-A1",
="800001867",="Present",="2/16/2026",="NUR120-C-A1",
="800001867",="Present",="2/19/2026",="NUR120-C-A1",
="800001867",="Present",="2/23/2026",="NUR120-C-A1",
="800001867",="Present",="2/26/2026",="NUR120-C-A1",
="800001733",="Present",="2/9/2026",="NUR120-C-A1",
="800001733",="Absent",="2/12/2026",="NUR120-C-A1",
="800001733",="Absent",="2/16/2026",="NUR120-C-A1",
="800001733",="Absent",="2/19/2026",="NUR120-C-A1",
="800001733",="Absent",="2/23/2026",="NUR120-C-A1",
="800001733",="Absent",="2/26/2026",="NUR120-C-A1",
="800000348",="Present",="2/9/2026",="NUR120-C-A1",
="800000348",="Present",="2/12/2026",="NUR120-C-A1",
="800000348",="Present",="2/16/2026",="NUR120-C-A1",
="800000348",="Present",="2/19/2026",="NUR120-C-A1",
="800000348",="Absent",="2/23/2026",="NUR120-C-A1",
="800000348",="Absent",="2/26/2026",="NUR120-C-A1",
="800001665",="Present",="2/9/2026",="NUR120-C-A1",
="800001665",="Present",="2/12/2026",="NUR120-C-A1",
="800001665",="Present",="2/16/2026",="NUR120-C-A1",
="800001665",="Present",="2/19/2026",="NUR120-C-A1",
="800001665",="Present",="2/23/2026",="NUR120-C-A1",
="800001665",="Present",="2/26/2026",="NUR120-C-A1",
="800001517",="Present",="2/6/2026",="NUR120-C-A2",
="800001517",="Present",="2/7/2026",="NUR120-C-A2",
="800001517",="Present",="2/13/2026",="NUR120-C-A2",
="800001517",="Present",="2/20/2026",="NUR120-C-A2",
="800001517",="Present",="2/27/2026",="NUR120-C-A2",
="800001517",="Present",="2/28/2026",="NUR120-C-A2",
="800001928",="Present",="2/6/2026",="NUR120-C-A2",
="800001928",="Present",="2/7/2026",="NUR120-C-A2",
="800001928",="Present",="2/13/2026",="NUR120-C-A2",
="800001928",="Present",="2/20/2026",="NUR120-C-A2",
="800001928",="Present",="2/27/2026",="NUR120-C-A2",
="800001928",="Present",="2/28/2026",="NUR120-C-A2",
="800001924",="Present",="2/6/2026",="NUR120-C-A2",
="800001924",="Present",="2/7/2026",="NUR120-C-A2",
="800001924",="Present",="2/13/2026",="NUR120-C-A2",
="800001924",="Present",="2/20/2026",="NUR120-C-A2",
="800001924",="Present",="2/27/2026",="NUR120-C-A2",
="800001924",="Present",="2/28/2026",="NUR120-C-A2",
="800001925",="Present",="2/6/2026",="NUR120-C-A2",
="800001925",="Present",="2/7/2026",="NUR120-C-A2",
="800001925",="Present",="2/13/2026",="NUR120-C-A2",
="800001925",="Present",="2/20/2026",="NUR120-C-A2",
="800001925",="Present",="2/27/2026",="NUR120-C-A2",
="800001925",="Present",="2/28/2026",="NUR120-C-A2",
="800001841",="Present",="2/6/2026",="NUR120-C-A2",
="800001841",="Present",="2/7/2026",="NUR120-C-A2",
="800001841",="Present",="2/13/2026",="NUR120-C-A2",
="800001841",="Present",="2/20/2026",="NUR120-C-A2",
="800001841",="Present",="2/27/2026",="NUR120-C-A2",
="800001841",="Present",="2/28/2026",="NUR120-C-A2",
="800001892",="Present",="2/9/2026",="NUR120-C-P1",
="800001892",="Present",="2/14/2026",="NUR120-C-P1",
="800001892",="Present",="2/16/2026",="NUR120-C-P1",
="800001892",="No class",="2/21/2026",="NUR120-C-P1",
="800001892",="No class",="2/23/2026",="NUR120-C-P1",
="800001934",="No class",="2/9/2026",="NUR120-C-P1",
="800001934",="No class",="2/14/2026",="NUR120-C-P1",
="800001934",="No class",="2/16/2026",="NUR120-C-P1",
="800001934",="No class",="2/21/2026",="NUR120-C-P1",
="800001934",="No class",="2/23/2026",="NUR120-C-P1",
="800001114",="Present",="2/9/2026",="NUR120-C-P1",
="800001114",="Present",="2/14/2026",="NUR120-C-P1",
="800001114",="Present",="2/16/2026",="NUR120-C-P1",
="800001114",="Present",="2/21/2026",="NUR120-C-P1",
="800001114",="Present",="2/23/2026",="NUR120-C-P1",
="800001197",="Present",="2/9/2026",="NUR120-C-P1",
="800001197",="Present",="2/14/2026",="NUR120-C-P1",
="800001197",="Present",="2/16/2026",="NUR120-C-P1",
="800001197",="Absent",="2/21/2026",="NUR120-C-P1",
="800001197",="No class",="2/23/2026",="NUR120-C-P1",
="800001862",="No class",="2/9/2026",="NUR120-C-P1",
="800001862",="Present",="2/14/2026",="NUR120-C-P1",
="800001862",="Present",="2/16/2026",="NUR120-C-P1",
="800001862",="Absent",="2/21/2026",="NUR120-C-P1",
="800001862",="No class",="2/23/2026",="NUR120-C-P1",
="800001905",="No class",="2/9/2026",="NUR120-C-P1",
="800001905",="No class",="2/14/2026",="NUR120-C-P1",
="800001905",="No class",="2/16/2026",="NUR120-C-P1",
="800001905",="Absent",="2/21/2026",="NUR120-C-P1",
="800001905",="No class",="2/23/2026",="NUR120-C-P1",
="800001517",="Present",="2/9/2026",="NUR120-C-P1",
="800001517",="Present",="2/14/2026",="NUR120-C-P1",
="800001517",="Present",="2/16/2026",="NUR120-C-P1",
="800001517",="Present",="2/21/2026",="NUR120-C-P1",
="800001517",="Present",="2/23/2026",="NUR120-C-P1",
="800001572",="Present",="2/7/2026",="NUR120-C-P2",
="800001572",="Present",="2/10/2026",="NUR120-C-P2",
="800001572",="Present",="2/17/2026",="NUR120-C-P2",
="800001572",="Present",="2/21/2026",="NUR120-C-P2",
="800001572",="Present",="2/24/2026",="NUR120-C-P2",
="800001572",="Present",="2/28/2026",="NUR120-C-P2",
="800001724",="Present",="2/7/2026",="NUR120-C-P2",
="800001724",="Present",="2/10/2026",="NUR120-C-P2",
="800001724",="Present",="2/17/2026",="NUR120-C-P2",
="800001724",="Present",="2/21/2026",="NUR120-C-P2",
="800001724",="Present",="2/24/2026",="NUR120-C-P2",
="800001724",="Present",="2/28/2026",="NUR120-C-P2",
="800001714",="Present",="2/7/2026",="NUR120-C-P2",
="800001714",="Present",="2/10/2026",="NUR120-C-P2",
="800001714",="Present",="2/17/2026",="NUR120-C-P2",
="800001714",="Present",="2/21/2026",="NUR120-C-P2",
="800001714",="Present",="2/24/2026",="NUR120-C-P2",
="800001714",="Present",="2/28/2026",="NUR120-C-P2",
="800001739",="Present",="2/7/2026",="NUR120-C-P2",
="800001739",="Present",="2/10/2026",="NUR120-C-P2",
="800001739",="Present",="2/17/2026",="NUR120-C-P2",
="800001739",="Present",="2/21/2026",="NUR120-C-P2",
="800001739",="Present",="2/24/2026",="NUR120-C-P2",
="800001739",="Present",="2/28/2026",="NUR120-C-P2",
="800001821",="Tardy/Late",="2/7/2026",="NUR120-C-P2",
="800001821",="Present",="2/10/2026",="NUR120-C-P2",
="800001821",="Present",="2/17/2026",="NUR120-C-P2",
="800001821",="Present",="2/21/2026",="NUR120-C-P2",
="800001821",="Present",="2/24/2026",="NUR120-C-P2",
="800001821",="Present",="2/28/2026",="NUR120-C-P2",
="800001689",="Present",="2/7/2026",="NUR120-C-P2",
="800001689",="Present",="2/10/2026",="NUR120-C-P2",
="800001689",="Present",="2/17/2026",="NUR120-C-P2",
="800001689",="Present",="2/21/2026",="NUR120-C-P2",
="800001689",="Present",="2/24/2026",="NUR120-C-P2",
="800001689",="Present",="2/28/2026",="NUR120-C-P2",
="800001892",="Present",="2/6/2026",="NUR135-C-A1",
="800001681",="Present",="2/6/2026",="NUR135-C-A1",
="800001802",="Present",="2/6/2026",="NUR135-C-A1",
="800001769",="Present",="2/6/2026",="NUR135-C-A1",
="800001667",="Present",="2/6/2026",="NUR135-C-A1",
="800001739",="Absent",="2/6/2026",="NUR135-C-A1",
="800001862",="Present",="2/6/2026",="NUR135-C-A1",
="800001815",="Present",="2/13/2026",="NUR135-C-A4",
="800001775",="Present",="2/13/2026",="NUR135-C-A4",
="800001735",="Present",="2/13/2026",="NUR135-C-A4",
="800001708",="Present",="2/13/2026",="NUR135-C-A4",
="800001434",="Present",="2/13/2026",="NUR135-C-A4",
="800001729",="Present",="2/13/2026",="NUR135-C-A4",
="800001650",="Present",="2/13/2026",="NUR135-C-A4",
="800001533",="Present",="2/13/2026",="NUR135-C-A4",
="800001563",="Present",="2/20/2026",="NUR135-C-A5",
="800001517",="Absent",="2/20/2026",="NUR135-C-A5",
="800001771",="Present",="2/20/2026",="NUR135-C-A5",
="800001733",="Absent",="2/20/2026",="NUR135-C-A5",
="800001710",="Present",="2/20/2026",="NUR135-C-A5",
="800001665",="Present",="2/20/2026",="NUR135-C-A5",
="800001625",="Tardy/Late",="2/6/2026",="NUR140 -C-A1",
="800001625",="Tardy/Late",="2/7/2026",="NUR140 -C-A1",
="800001443",="Tardy/Late",="2/6/2026",="NUR140 -C-A1",
="800001443",="Tardy/Late",="2/7/2026",="NUR140 -C-A1",
="800001587",="Tardy/Late",="2/6/2026",="NUR140 -C-A1",
="800001587",="Tardy/Late",="2/7/2026",="NUR140 -C-A1",
="800000785",="Tardy/Late",="2/6/2026",="NUR140 -C-A1",
="800000785",="Tardy/Late",="2/7/2026",="NUR140 -C-A1",
="800001505",="Tardy/Late",="2/6/2026",="NUR140 -C-A1",
="800001505",="Tardy/Late",="2/7/2026",="NUR140 -C-A1",
="800001315",="Tardy/Late",="2/6/2026",="NUR140 -C-A1",
="800001315",="Tardy/Late",="2/7/2026",="NUR140 -C-A1",
="800001598",="Absent",="2/6/2026",="NUR140 -C-A1",
="800001598",="Tardy/Late",="2/7/2026",="NUR140 -C-A1",
="800001553",="Absent",="2/6/2026",="NUR140 -C-A1",
="800001553",="Absent",="2/7/2026",="NUR140 -C-A1",
="800001563",="Tardy/Late",="2/6/2026",="NUR140 -C-A1",
="800001563",="Tardy/Late",="2/7/2026",="NUR140 -C-A1",
="800001644",="Present",="2/13/2026",="NUR140 -C-A2",
="800001644",="Present",="2/14/2026",="NUR140 -C-A2",
="800001655",="Present",="2/13/2026",="NUR140 -C-A2",
="800001655",="Present",="2/14/2026",="NUR140 -C-A2",
="800001711",="Present",="2/13/2026",="NUR140 -C-A2",
="800001711",="Present",="2/14/2026",="NUR140 -C-A2",
="800001751",="Present",="2/13/2026",="NUR140 -C-A2",
="800001751",="Present",="2/14/2026",="NUR140 -C-A2",
="800001729",="Present",="2/14/2026",="NUR140 -C-A2",
="800001650",="Present",="2/14/2026",="NUR140 -C-A2",
="800001740",="Present",="2/13/2026",="NUR140 -C-A2",
="800001740",="Present",="2/14/2026",="NUR140 -C-A2",
="800001712",="Present",="2/13/2026",="NUR140 -C-A2",
="800001712",="Present",="2/14/2026",="NUR140 -C-A2",
="800001710",="Present",="2/13/2026",="NUR140 -C-A2",
="800001710",="Present",="2/14/2026",="NUR140 -C-A2",
="800001813",="Present",="2/20/2026",="NUR140 -C-P1",
="800001813",="Present",="2/21/2026",="NUR140 -C-P1",
="800001769",="Present",="2/20/2026",="NUR140 -C-P1",
="800001769",="Present",="2/21/2026",="NUR140 -C-P1",
="800001803",="Present",="2/20/2026",="NUR140 -C-P1",
="800001803",="Present",="2/21/2026",="NUR140 -C-P1",
="800001793",="Present",="2/20/2026",="NUR140 -C-P1",
="800001793",="Present",="2/21/2026",="NUR140 -C-P1",
="800000927",="Present",="2/21/2026",="NUR140 -C-P1",
="800001757",="Present",="2/20/2026",="NUR140 -C-P1",
="800001757",="Present",="2/21/2026",="NUR140 -C-P1",
="800001689",="Present",="4/4/2026",="NUR140 -C-P2",
="800001665",="Absent",="4/4/2026",="NUR140 -C-P2",
="800001643",="Present",="4/3/2026",="NUR140 -C-P2",
="800001643",="Present",="4/4/2026",="NUR140 -C-P2",
="800001633",="Present",="4/3/2026",="NUR140 -C-P2",
="800001633",="Absent",="4/4/2026",="NUR140 -C-P2",
="800001593",="Present",="4/3/2026",="NUR140 -C-P2",
="800001593",="Present",="4/4/2026",="NUR140 -C-P2",
="800001517",="Present",="4/3/2026",="NUR140 -C-P2",
="800001517",="Present",="4/4/2026",="NUR140 -C-P2",
="800001114",="Present",="4/3/2026",="NUR140 -C-P2",
="800001114",="Present",="4/4/2026",="NUR140 -C-P2",
="800001802",="Present",="4/10/2026",="NUR140 -C-P3",
="800001802",="Tardy/Late",="4/11/2026",="NUR140 -C-P3",
="800001798",="Present",="4/10/2026",="NUR140 -C-P3",
="800001798",="Tardy/Late",="4/11/2026",="NUR140 -C-P3",
="800001789",="Present",="4/10/2026",="NUR140 -C-P3",
="800001789",="Tardy/Late",="4/11/2026",="NUR140 -C-P3",
="800001761",="Present",="4/10/2026",="NUR140 -C-P3",
="800001761",="Tardy/Late",="4/11/2026",="NUR140 -C-P3",
="800001739",="Present",="4/10/2026",="NUR140 -C-P3",
="800001739",="Tardy/Late",="4/11/2026",="NUR140 -C-P3",
="800001708",="Present",="4/10/2026",="NUR140 -C-P3",
="800001708",="Tardy/Late",="4/11/2026",="NUR140 -C-P3",
="800001315",="Present",="2/11/2026",="NUR145-C-A1",
="800001330",="Present",="2/11/2026",="NUR145-C-A1",
="800001498",="Present",="2/11/2026",="NUR145-C-A1",
="800001553",="Present",="2/11/2026",="NUR145-C-A1",
="800001580",="Present",="2/11/2026",="NUR145-C-A1",
="800001587",="Present",="2/11/2026",="NUR145-C-A1",
="800001593",="Absent",="2/11/2026",="NUR145-C-A1",
="800001625",="Present",="2/11/2026",="NUR145-C-A1",
="800001655",="Present",="2/18/2026",="NUR145-C-A2",
="800001711",="Present",="2/18/2026",="NUR145-C-A2",
="800001740",="Present",="2/18/2026",="NUR145-C-A2",
="800001712",="Present",="2/18/2026",="NUR145-C-A2",
="800001751",="Present",="2/18/2026",="NUR145-C-A2",
="800001757",="Present",="2/18/2026",="NUR145-C-A2",
="800001761",="Present",="2/18/2026",="NUR145-C-A2",
="800001644",="Present",="2/18/2026",="NUR145-C-A2",
="800001789",="Present",="2/25/2026",="NUR145-C-A3",
="800001793",="Present",="2/25/2026",="NUR145-C-A3",
="800001802",="Absent",="2/25/2026",="NUR145-C-A3",
="800001803",="Present",="2/25/2026",="NUR145-C-A3",
="800001813",="Present",="2/25/2026",="NUR145-C-A3",
="800001778",="Present",="2/25/2026",="NUR145-C-A3",
="800001701",="Present",="2/9/2026",="NUR216-C-P1",
="800001701",="Present",="2/16/2026",="NUR216-C-P1",
="800001701",="Present",="3/30/2026",="NUR216-C-P1",
="800001701",="Present",="4/6/2026",="NUR216-C-P1",
="800001992",="Absent",="3/30/2026",="NUR216-C-P1",
="770062103",="Present",="2/9/2026",="NUR216-C-P1",
="770062103",="Present",="2/16/2026",="NUR216-C-P1",
="770062103",="Present",="3/30/2026",="NUR216-C-P1",
="770062103",="Present",="4/6/2026",="NUR216-C-P1",
="800000754",="Present",="2/9/2026",="NUR216-C-P1",
="800000754",="Present",="2/16/2026",="NUR216-C-P1",
="800000754",="Present",="3/30/2026",="NUR216-C-P1",
="800000754",="Present",="4/6/2026",="NUR216-C-P1",
="800001502",="Present",="2/10/2026",="NUR216-C-P2",
="800001502",="Present",="2/17/2026",="NUR216-C-P2",
="800001502",="Present",="3/31/2026",="NUR216-C-P2",
="800001502",="Present",="4/7/2026",="NUR216-C-P2",
="800001508",="Present",="3/31/2026",="NUR216-C-P2",
="800001508",="Present",="4/7/2026",="NUR216-C-P2",
="800001626",="Present",="2/10/2026",="NUR216-C-P2",
="800001626",="Present",="2/17/2026",="NUR216-C-P2",
="800001626",="Present",="3/31/2026",="NUR216-C-P2",
="800001626",="Present",="4/7/2026",="NUR216-C-P2",
="800001657",="Present",="2/10/2026",="NUR216-C-P2",
="800001657",="Present",="2/17/2026",="NUR216-C-P2",
="800001657",="Present",="3/31/2026",="NUR216-C-P2",
="800001657",="Present",="4/7/2026",="NUR216-C-P2",
="800001529",="Present",="4/9/2026",="NUR245-C-P1",
="800001529",="Present",="4/10/2026",="NUR245-C-P1",
="800001410",="Present",="4/9/2026",="NUR245-C-P1",
="800001410",="Present",="4/10/2026",="NUR245-C-P1",
="800001548",="Present",="4/9/2026",="NUR245-C-P1",
="800001548",="Present",="4/10/2026",="NUR245-C-P1",
="800001031",="Present",="4/9/2026",="NUR245-C-P1",
="800001031",="Present",="4/10/2026",="NUR245-C-P1",
="800001094",="Present",="4/9/2026",="NUR245-C-P1",
="800001094",="Present",="4/10/2026",="NUR245-C-P1",
="800000927",="Present",="4/9/2026",="NUR245-C-P1",
="800000927",="Present",="4/10/2026",="NUR245-C-P1",
="800001739",="Present",="3/26/2026",="NUR150-C-A2",
="800001739",="Present",="3/29/2026",="NUR150-C-A2",
="800001739",="Present",="4/2/2026",="NUR150-C-A2",
="800001739",="Present",="4/5/2026",="NUR150-C-A2",
="800001739",="Present",="4/9/2026",="NUR150-C-A2",
="800001739",="Present",="4/12/2026",="NUR150-C-A2",
="800001821",="Present",="3/26/2026",="NUR150-C-A2",
="800001821",="Present",="3/29/2026",="NUR150-C-A2",
="800001821",="Present",="4/2/2026",="NUR150-C-A2",
="800001821",="Present",="4/5/2026",="NUR150-C-A2",
="800001821",="Present",="4/9/2026",="NUR150-C-A2",
="800001821",="Present",="4/12/2026",="NUR150-C-A2",
="800001917",="Present",="3/26/2026",="NUR150-C-A2",
="800001917",="Present",="3/29/2026",="NUR150-C-A2",
="800001917",="Present",="4/2/2026",="NUR150-C-A2",
="800001917",="Present",="4/5/2026",="NUR150-C-A2",
="800001917",="Present",="4/9/2026",="NUR150-C-A2",
="800001917",="Present",="4/12/2026",="NUR150-C-A2",
="800001689",="Present",="3/26/2026",="NUR150-C-A2",
="800001689",="Present",="3/29/2026",="NUR150-C-A2",
="800001689",="Present",="4/2/2026",="NUR150-C-A2",
="800001689",="Present",="4/5/2026",="NUR150-C-A2",
="800001689",="Present",="4/9/2026",="NUR150-C-A2",
="800001689",="Present",="4/12/2026",="NUR150-C-A2",
="800001443",="Present",="3/6/2026",="NUR150-C-A1",
="800001443",="Present",="3/7/2026",="NUR150-C-A1",
="800001443",="Present",="4/3/2026",="NUR150-C-A1",
="800001443",="Present",="4/4/2026",="NUR150-C-A1",
="800001443",="Present",="4/10/2026",="NUR150-C-A1",
="800001443",="Present",="4/11/2026",="NUR150-C-A1",
="800001815",="Present",="3/6/2026",="NUR150-C-A1",
="800001815",="Present",="3/7/2026",="NUR150-C-A1",
="800001815",="Present",="4/3/2026",="NUR150-C-A1",
="800001815",="Present",="4/4/2026",="NUR150-C-A1",
="800001815",="Present",="4/10/2026",="NUR150-C-A1",
="800001815",="Present",="4/11/2026",="NUR150-C-A1",
="800001867",="Present",="3/6/2026",="NUR150-C-A1",
="800001867",="Present",="3/7/2026",="NUR150-C-A1",
="800001867",="Absent",="4/3/2026",="NUR150-C-A1",
="800001867",="Absent",="4/4/2026",="NUR150-C-A1",
="800001867",="Absent",="4/10/2026",="NUR150-C-A1",
="800001867",="Absent",="4/11/2026",="NUR150-C-A1",
="800001665",="Present",="3/6/2026",="NUR150-C-A1",
="800001665",="Present",="3/7/2026",="NUR150-C-A1",
="800001665",="Present",="4/3/2026",="NUR150-C-A1",
="800001665",="Present",="4/4/2026",="NUR150-C-A1",
="800001665",="Present",="4/10/2026",="NUR150-C-A1",
="800001665",="Present",="4/11/2026",="NUR150-C-A1",
="800001529",="Present",="2/9/2026",="NUR236-C-P1",
="800001529",="Present",="2/10/2026",="NUR236-C-P1",
="800001529",="Present",="2/16/2026",="NUR236-C-P1",
="800001529",="Present",="2/17/2026",="NUR236-C-P1",
="800001529",="Present",="3/30/2026",="NUR236-C-P1",
="800001529",="Present",="3/31/2026",="NUR236-C-P1",
="800001268",="Present",="2/9/2026",="NUR236-C-P1",
="800001268",="Present",="2/10/2026",="NUR236-C-P1",
="800001268",="Present",="2/16/2026",="NUR236-C-P1",
="800001268",="Present",="2/17/2026",="NUR236-C-P1",
="800001268",="Present",="3/30/2026",="NUR236-C-P1",
="800001268",="Present",="3/31/2026",="NUR236-C-P1",
="800001562",="Present",="2/9/2026",="NUR236-C-P1",
="800001562",="Present",="2/10/2026",="NUR236-C-P1",
="800001562",="Present",="2/16/2026",="NUR236-C-P1",
="800001562",="Present",="2/17/2026",="NUR236-C-P1",
="800001562",="Present",="3/30/2026",="NUR236-C-P1",
="800001562",="Present",="3/31/2026",="NUR236-C-P1",
="800001673",="Present",="2/9/2026",="NUR236-C-P1",
="800001673",="Present",="2/10/2026",="NUR236-C-P1",
="800001673",="Present",="2/16/2026",="NUR236-C-P1",
="800001673",="Present",="2/17/2026",="NUR236-C-P1",
="800001673",="Present",="3/30/2026",="NUR236-C-P1",
="800001673",="Present",="3/31/2026",="NUR236-C-P1",
="770017870",="Present",="2/9/2026",="NUR236-C-P1",
="770017870",="Present",="2/10/2026",="NUR236-C-P1",
="770017870",="Present",="2/16/2026",="NUR236-C-P1",
="770017870",="Present",="2/17/2026",="NUR236-C-P1",
="770017870",="Present",="3/30/2026",="NUR236-C-P1",
="770017870",="Present",="3/31/2026",="NUR236-C-P1",
="800001548",="Present",="2/9/2026",="NUR236-C-P1",
="800001548",="Present",="2/10/2026",="NUR236-C-P1",
="800001548",="Present",="2/16/2026",="NUR236-C-P1",
="800001548",="Present",="2/17/2026",="NUR236-C-P1",
="800001548",="Present",="3/30/2026",="NUR236-C-P1",
="800001548",="Present",="3/31/2026",="NUR236-C-P1",
="800001094",="Present",="2/9/2026",="NUR236-C-P1",
="800001094",="Present",="2/10/2026",="NUR236-C-P1",
="800001094",="Present",="2/16/2026",="NUR236-C-P1",
="800001094",="Present",="2/17/2026",="NUR236-C-P1",
="800001094",="Present",="3/30/2026",="NUR236-C-P1",
="800001094",="Present",="3/31/2026",="NUR236-C-P1",
="800001695",="Present",="2/11/2026",="NUR145-C-A1",
="800001605",="Present",="2/18/2026",="NUR145-C-A2",
="800001695",="Tardy/Late",="2/6/2026",="NUR140 -C-A1",
="800001695",="Tardy/Late",="2/7/2026",="NUR140 -C-A1",
="800001605",="Present",="2/13/2026",="NUR140 -C-A2",
="800001605",="Present",="2/14/2026",="NUR140 -C-A2",
="800001643",="Present",="2/6/2026",="NUR120-C-A2",
="800001643",="Present",="2/7/2026",="NUR120-C-A2",
="800001643",="Present",="2/13/2026",="NUR120-C-A2",
="800001643",="Present",="2/20/2026",="NUR120-C-A2",
="800001643",="Present",="2/27/2026",="NUR120-C-A2",
="800001643",="Present",="2/28/2026",="NUR120-C-A2",
="800001940",="Present",="2/7/2026",="NUR120-C-P2",
="800001940",="Present",="2/10/2026",="NUR120-C-P2",
="800001940",="Present",="2/17/2026",="NUR120-C-P2",
="800001940",="Present",="2/21/2026",="NUR120-C-P2",
="800001940",="Present",="2/24/2026",="NUR120-C-P2",
="800001940",="Present",="2/28/2026",="NUR120-C-P2",
="800001268",="Tardy/Late",="2/11/2026",="NUR145-C-A1",
="800001591",="Present",="2/15/2026",="NUR225-C-P1",
="800001591",="Present",="2/19/2026",="NUR225-C-P1",
="800001591",="Present",="2/22/2026",="NUR225-C-P1",
="800001591",="Present",="2/26/2026",="NUR225-C-P1",
="800001591",="Present",="2/28/2026",="NUR225-C-P1",
="800001591",="Present",="3/1/2026",="NUR225-C-P1",
="800001513",="Present",="2/15/2026",="NUR400-C-A1",
="800001513",="Present",="2/19/2026",="NUR400-C-A1",
="800001513",="Present",="2/22/2026",="NUR400-C-A1",
="800001513",="Present",="2/26/2026",="NUR400-C-A1",
="800001513",="Present",="3/1/2026",="NUR400-C-A1",
="800000722",="Present",="2/15/2026",="NUR400-C-A1",
="800000722",="Present",="2/19/2026",="NUR400-C-A1",
="800000722",="Present",="2/22/2026",="NUR400-C-A1",
="800000722",="Present",="2/26/2026",="NUR400-C-A1",
="800000722",="Present",="3/1/2026",="NUR400-C-A1",
="800001368",="Present",="2/15/2026",="NUR216-C-A1",
="800001368",="Present",="2/19/2026",="NUR216-C-A1",
="800001368",="Present",="2/22/2026",="NUR216-C-A1",
="800001368",="Present",="2/26/2026",="NUR216-C-A1",
="800001031",="Present",="2/15/2026",="NUR216-C-A1",
="800001031",="Present",="2/19/2026",="NUR216-C-A1",
="800001031",="Present",="2/22/2026",="NUR216-C-A1",
="800001031",="Present",="2/26/2026",="NUR216-C-A1",
="800000941",="Present",="2/15/2026",="NUR216-C-A1",
="800000941",="Present",="2/19/2026",="NUR216-C-A1",
="800000941",="Present",="2/22/2026",="NUR216-C-A1",
="800000941",="Present",="2/26/2026",="NUR216-C-A1",
="800001892",="Present",="2/7/2026",="NUR120-C-P2",
="800001892",="Present",="2/10/2026",="NUR120-C-P2",
="800001892",="Present",="2/17/2026",="NUR120-C-P2",
="800001862",="No class",="2/10/2026",="NUR120-C-P2",
="800001862",="No class",="2/17/2026",="NUR120-C-P2",
="770000409",="Present",="2/18/2026",="NUR145-C-A2",
="800002042",="Present",="2/5/2026",="NUR102-L-A1",
="800002042",="Present",="2/12/2026",="NUR102-L-A1",
="800002042",="Present",="2/19/2026",="NUR102-L-A1",
="800002042",="Present",="2/26/2026",="NUR102-L-A1",
="800002042",="Present",="3/5/2026",="NUR102-L-A1",
="800002042",="Present",="3/12/2026",="NUR102-L-A1",
="800002042",="Present",="3/19/2026",="NUR102-L-A1",
="800002042",="Present",="3/26/2026",="NUR102-L-A1",
="800002042",="Present",="4/2/2026",="NUR102-L-A1",
="800002042",="Present",="4/9/2026",="NUR102-L-A1",
="800001985",="Present",="2/5/2026",="NUR102-L-A1",
="800001985",="Present",="2/12/2026",="NUR102-L-A1",
="800001985",="Present",="2/19/2026",="NUR102-L-A1",
="800001985",="Present",="2/26/2026",="NUR102-L-A1",
="800001985",="Present",="3/5/2026",="NUR102-L-A1",
="800001985",="Present",="3/12/2026",="NUR102-L-A1",
="800001985",="Present",="3/19/2026",="NUR102-L-A1",
="800001985",="Present",="3/26/2026",="NUR102-L-A1",
="800001985",="Present",="4/2/2026",="NUR102-L-A1",
="800001985",="Present",="4/9/2026",="NUR102-L-A1",
="800001950",="Present",="2/9/2026",="NUR102 - A",
="800001950",="Present",="2/11/2026",="NUR102 - A",
="800001950",="Present",="2/16/2026",="NUR102 - A",
="800001950",="Present",="2/18/2026",="NUR102 - A",
="800001950",="Present",="2/23/2026",="NUR102 - A",
="800001950",="Present",="2/25/2026",="NUR102 - A",
="800001950",="Present",="3/2/2026",="NUR102 - A",
="800001950",="Present",="3/4/2026",="NUR102 - A",
="800001950",="Absent",="3/9/2026",="NUR102 - A",
="800001950",="Present",="3/11/2026",="NUR102 - A",
="800001950",="Present",="3/16/2026",="NUR102 - A",
="800001950",="Present",="3/18/2026",="NUR102 - A",
="800001950",="Present",="3/23/2026",="NUR102 - A",
="800001950",="Present",="3/25/2026",="NUR102 - A",
="800001950",="Present",="3/30/2026",="NUR102 - A",
="800001950",="Present",="4/1/2026",="NUR102 - A",
="800001950",="Present",="4/13/2026",="NUR102 - A",
="800001950",="Present",="4/15/2026",="NUR102 - A",
="800001950",="Present",="2/5/2026",="NUR102-L-A1",
="800001950",="Present",="2/12/2026",="NUR102-L-A1",
="800001950",="Present",="2/19/2026",="NUR102-L-A1",
="800001950",="Present",="2/26/2026",="NUR102-L-A1",
="800001950",="Present",="3/5/2026",="NUR102-L-A1",
="800001950",="Present",="3/12/2026",="NUR102-L-A1",
="800001950",="Present",="3/19/2026",="NUR102-L-A1",
="800001950",="Absent",="3/26/2026",="NUR102-L-A1",
="800001950",="Present",="4/2/2026",="NUR102-L-A1",
="800001950",="Present",="4/9/2026",="NUR102-L-A1",
="800001598",="Present",="2/20/2026",="NUR140 -C-P1",
="800001729",="Present",="2/20/2026",="NUR140 -C-P1",
="800001943",="Present",="4/4/2026",="NUR100-C-P2",
="800001943",="Present",="4/11/2026",="NUR100-C-P2",
="800001650",="Present",="2/20/2026",="NUR140 -C-P1",
="800002010",="Present",="3/31/2026",="NUR100-C-A1",
="800002010",="Present",="4/7/2026",="NUR100-C-A1",
="800001815",="Present",="3/3/2026",="NUR150 -A",
="800001815",="Present",="3/4/2026",="NUR150 -A",
="800001815",="Present",="3/10/2026",="NUR150 -A",
="800001815",="Present",="3/11/2026",="NUR150 -A",
="800001815",="Present",="3/17/2026",="NUR150 -A",
="800001815",="Present",="3/18/2026",="NUR150 -A",
="800001815",="Present",="3/24/2026",="NUR150 -A",
="800001815",="Present",="3/25/2026",="NUR150 -A",
="800001815",="Present",="3/31/2026",="NUR150 -A",
="800001815",="Present",="4/1/2026",="NUR150 -A",
="800001815",="No class",="4/7/2026",="NUR150 -A",
="800001815",="No class",="4/8/2026",="NUR150 -A",
="800001815",="Present",="4/14/2026",="NUR150 -A",
="800001815",="Present",="4/15/2026",="NUR150 -A",
="800001815",="Present",="4/21/2026",="NUR150 -A",
="800001308",="Present",="3/2/2026",="NUR120-A2",
="800001308",="Present",="3/3/2026",="NUR120-A2",
="800001308",="Present",="3/9/2026",="NUR120-A2",
="800001308",="Present",="3/10/2026",="NUR120-A2",
="800001308",="Present",="3/16/2026",="NUR120-A2",
="800001308",="Present",="3/17/2026",="NUR120-A2",
="800001308",="Present",="3/23/2026",="NUR120-A2",
="800001308",="Present",="3/24/2026",="NUR120-A2",
="800001308",="Present",="3/30/2026",="NUR120-A2",
="800001308",="Present",="3/31/2026",="NUR120-A2",
="800001308",="Present",="4/6/2026",="NUR120-A2",
="800001308",="Present",="4/7/2026",="NUR120-A2",
="800001308",="Present",="4/13/2026",="NUR120-A2",
="800001308",="Present",="4/14/2026",="NUR120-A2",
="800001308",="Present",="4/20/2026",="NUR120-A2",
="800001862",="Present",="3/2/2026",="NUR120-A2",
="800001862",="Present",="3/3/2026",="NUR120-A2",
="800001862",="Present",="3/9/2026",="NUR120-A2",
="800001862",="Present",="3/10/2026",="NUR120-A2",
="800001862",="Present",="3/16/2026",="NUR120-A2",
="800001862",="Present",="3/17/2026",="NUR120-A2",
="800001862",="Present",="3/23/2026",="NUR120-A2",
="800001862",="Present",="3/24/2026",="NUR120-A2",
="800001862",="Present",="3/30/2026",="NUR120-A2",
="800001862",="Present",="3/31/2026",="NUR120-A2",
="800001862",="Present",="4/6/2026",="NUR120-A2",
="800001862",="Present",="4/7/2026",="NUR120-A2",
="800001862",="Present",="4/13/2026",="NUR120-A2",
="800001862",="Present",="4/14/2026",="NUR120-A2",
="800001862",="Present",="4/20/2026",="NUR120-A2",
="800001934",="Absent",="3/2/2026",="NUR120-A2",
="800001934",="Present",="3/3/2026",="NUR120-A2",
="800001934",="Present",="3/9/2026",="NUR120-A2",
="800001934",="Present",="3/10/2026",="NUR120-A2",
="800001934",="Present",="3/16/2026",="NUR120-A2",
="800001934",="Present",="3/17/2026",="NUR120-A2",
="800001934",="Present",="3/23/2026",="NUR120-A2",
="800001934",="Present",="3/24/2026",="NUR120-A2",
="800001934",="Present",="3/30/2026",="NUR120-A2",
="800001934",="Present",="3/31/2026",="NUR120-A2",
="800001934",="Present",="4/6/2026",="NUR120-A2",
="800001934",="Present",="4/7/2026",="NUR120-A2",
="800001934",="Present",="4/13/2026",="NUR120-A2",
="800001934",="Present",="4/14/2026",="NUR120-A2",
="800001934",="Present",="4/20/2026",="NUR120-A2",
="800001667",="No class",="2/10/2026",="NUR120-C-P2",
="800001667",="No class",="2/17/2026",="NUR120-C-P2",
="800001667",="Absent",="2/21/2026",="NUR120-C-P2",
="800001308",="Present",="3/2/2026",="NUR120-L-A2",
="800001308",="Present",="3/9/2026",="NUR120-L-A2",
="800001308",="Present",="3/16/2026",="NUR120-L-A2",
="800001308",="Present",="3/23/2026",="NUR120-L-A2",
="800001308",="Present",="3/30/2026",="NUR120-L-A2",
="800001308",="Present",="4/13/2026",="NUR120-L-A2",
="800001308",="Present",="4/20/2026",="NUR120-L-A2",
="800001910",="Absent",="3/2/2026",="NUR120-L-A2",
="800001910",="Present",="3/9/2026",="NUR120-L-A2",
="800001910",="Absent",="3/16/2026",="NUR120-L-A2",
="800001910",="Absent",="3/23/2026",="NUR120-L-A2",
="800001910",="Present",="3/30/2026",="NUR120-L-A2",
="800001910",="No class",="4/13/2026",="NUR120-L-A2",
="800001910",="Present",="4/20/2026",="NUR120-L-A2",
="800001862",="Present",="3/2/2026",="NUR120-L-A2",
="800001862",="Present",="3/9/2026",="NUR120-L-A2",
="800001862",="Present",="3/16/2026",="NUR120-L-A2",
="800001862",="Present",="3/23/2026",="NUR120-L-A2",
="800001862",="Present",="3/30/2026",="NUR120-L-A2",
="800001862",="Present",="4/13/2026",="NUR120-L-A2",
="800001862",="Present",="4/20/2026",="NUR120-L-A2",
="800001934",="Present",="3/2/2026",="NUR120-L-A2",
="800001934",="Present",="3/9/2026",="NUR120-L-A2",
="800001934",="Present",="3/16/2026",="NUR120-L-A2",
="800001934",="Absent",="3/23/2026",="NUR120-L-A2",
="800001934",="Present",="3/30/2026",="NUR120-L-A2",
="800001934",="Present",="4/13/2026",="NUR120-L-A2",
="800001934",="Present",="4/20/2026",="NUR120-L-A2",
="800001593",="Present",="2/25/2026",="NUR145-C-A3",
="800000348",="Present",="3/2/2026",="NUR120-L-A2",
="800000348",="Present",="3/9/2026",="NUR120-L-A2",
="800000348",="Present",="3/16/2026",="NUR120-L-A2",
="800000348",="Present",="3/23/2026",="NUR120-L-A2",
="800000348",="Present",="3/30/2026",="NUR120-L-A2",
="800000348",="Present",="4/13/2026",="NUR120-L-A2",
="800000348",="Present",="4/20/2026",="NUR120-L-A2",
="800000348",="Present",="3/2/2026",="NUR120-A2",
="800000348",="Present",="3/3/2026",="NUR120-A2",
="800000348",="Present",="3/9/2026",="NUR120-A2",
="800000348",="Present",="3/10/2026",="NUR120-A2",
="800000348",="Present",="3/16/2026",="NUR120-A2",
="800000348",="Present",="3/17/2026",="NUR120-A2",
="800000348",="Present",="3/23/2026",="NUR120-A2",
="800000348",="Present",="3/24/2026",="NUR120-A2",
="800000348",="Present",="3/30/2026",="NUR120-A2",
="800000348",="Present",="3/31/2026",="NUR120-A2",
="800000348",="Present",="4/6/2026",="NUR120-A2",
="800000348",="Present",="4/7/2026",="NUR120-A2",
="800000348",="Present",="4/13/2026",="NUR120-A2",
="800000348",="Present",="4/14/2026",="NUR120-A2",
="800000348",="Present",="4/20/2026",="NUR120-A2",
="800001724",="Present",="3/6/2026",="NUR150-C-A1",
="800001724",="Present",="3/7/2026",="NUR150-C-A1",
="800001724",="Present",="4/3/2026",="NUR150-C-A1",
="800001724",="Present",="4/4/2026",="NUR150-C-A1",
="800001724",="Present",="4/10/2026",="NUR150-C-A1",
="800001724",="Present",="4/11/2026",="NUR150-C-A1",
="800001714",="Present",="3/6/2026",="NUR150-C-A1",
="800001714",="Present",="3/7/2026",="NUR150-C-A1",
="800001714",="Present",="4/3/2026",="NUR150-C-A1",
="800001714",="Present",="4/4/2026",="NUR150-C-A1",
="800001714",="Present",="4/10/2026",="NUR150-C-A1",
="800001714",="Present",="4/11/2026",="NUR150-C-A1",
="800001729",="Present",="3/6/2026",="NUR150-C-A1",
="800001729",="Present",="3/7/2026",="NUR150-C-A1",
="800001729",="Present",="4/3/2026",="NUR150-C-A1",
="800001729",="Present",="4/4/2026",="NUR150-C-A1",
="800001729",="Present",="4/10/2026",="NUR150-C-A1",
="800001729",="Present",="4/11/2026",="NUR150-C-A1",
="800001633",="Present",="3/6/2026",="NUR150-C-A1",
="800001633",="Present",="3/7/2026",="NUR150-C-A1",
="800001633",="Present",="4/3/2026",="NUR150-C-A1",
="800001633",="Present",="4/4/2026",="NUR150-C-A1",
="800001633",="Present",="4/10/2026",="NUR150-C-A1",
="800001633",="Present",="4/11/2026",="NUR150-C-A1",
="800001553",="Absent",="4/3/2026",="NUR150-C-A1",
="800001553",="Absent",="4/4/2026",="NUR150-C-A1",
="800001553",="Absent",="4/10/2026",="NUR150-C-A1",
="800001553",="Absent",="4/11/2026",="NUR150-C-A1",
="800001751",="Present",="3/26/2026",="NUR150-C-A2",
="800001751",="Present",="3/29/2026",="NUR150-C-A2",
="800001751",="Present",="4/2/2026",="NUR150-C-A2",
="800001751",="Present",="4/5/2026",="NUR150-C-A2",
="800001751",="Present",="4/9/2026",="NUR150-C-A2",
="800001751",="Present",="4/12/2026",="NUR150-C-A2",
="800001757",="Present",="3/26/2026",="NUR150-C-A2",
="800001757",="Present",="3/29/2026",="NUR150-C-A2",
="800001757",="Present",="4/2/2026",="NUR150-C-A2",
="800001757",="Present",="4/5/2026",="NUR150-C-A2",
="800001757",="Present",="4/9/2026",="NUR150-C-A2",
="800001757",="Present",="4/12/2026",="NUR150-C-A2",
="800001778",="Present",="3/26/2026",="NUR150-C-A2",
="800001778",="Present",="3/29/2026",="NUR150-C-A2",
="800001778",="Present",="4/2/2026",="NUR150-C-A2",
="800001778",="Present",="4/5/2026",="NUR150-C-A2",
="800001778",="Present",="4/9/2026",="NUR150-C-A2",
="800001778",="Present",="4/12/2026",="NUR150-C-A2",
="800001793",="Present",="3/26/2026",="NUR150-C-A2",
="800001793",="Present",="3/29/2026",="NUR150-C-A2",
="800001793",="Present",="4/2/2026",="NUR150-C-A2",
="800001793",="Present",="4/5/2026",="NUR150-C-A2",
="800001793",="Present",="4/9/2026",="NUR150-C-A2",
="800001793",="Present",="4/12/2026",="NUR150-C-A2",
="800001740",="Present",="3/26/2026",="NUR150-C-A2",
="800001740",="Present",="3/29/2026",="NUR150-C-A2",
="800001740",="Present",="4/2/2026",="NUR150-C-A2",
="800001740",="Present",="4/5/2026",="NUR150-C-A2",
="800001740",="Present",="4/9/2026",="NUR150-C-A2",
="800001740",="Present",="4/12/2026",="NUR150-C-A2",
="800001798",="Present",="4/6/2026",="NUR150-C-A3",
="800001798",="Present",="4/7/2026",="NUR150-C-A3",
="800001798",="Present",="4/13/2026",="NUR150-C-A3",
="800001798",="Present",="4/14/2026",="NUR150-C-A3",
="800001798",="Present",="4/20/2026",="NUR150-C-A3",
="800001798",="Present",="4/21/2026",="NUR150-C-A3",
="800001517",="Present",="4/6/2026",="NUR150-C-A3",
="800001517",="Present",="4/7/2026",="NUR150-C-A3",
="800001517",="Present",="4/13/2026",="NUR150-C-A3",
="800001517",="Present",="4/14/2026",="NUR150-C-A3",
="800001517",="Present",="4/20/2026",="NUR150-C-A3",
="800001517",="Present",="4/21/2026",="NUR150-C-A3",
="800001928",="Present",="4/6/2026",="NUR150-C-A3",
="800001928",="Present",="4/7/2026",="NUR150-C-A3",
="800001928",="Present",="4/13/2026",="NUR150-C-A3",
="800001928",="Present",="4/14/2026",="NUR150-C-A3",
="800001928",="Present",="4/20/2026",="NUR150-C-A3",
="800001928",="Present",="4/21/2026",="NUR150-C-A3",
="800001924",="Present",="4/6/2026",="NUR150-C-A3",
="800001924",="Present",="4/7/2026",="NUR150-C-A3",
="800001924",="Present",="4/13/2026",="NUR150-C-A3",
="800001924",="Present",="4/14/2026",="NUR150-C-A3",
="800001924",="Present",="4/20/2026",="NUR150-C-A3",
="800001924",="Present",="4/21/2026",="NUR150-C-A3",
="800001925",="Present",="4/6/2026",="NUR150-C-A3",
="800001925",="Present",="4/7/2026",="NUR150-C-A3",
="800001925",="Present",="4/13/2026",="NUR150-C-A3",
="800001925",="Present",="4/14/2026",="NUR150-C-A3",
="800001925",="Present",="4/20/2026",="NUR150-C-A3",
="800001925",="Present",="4/21/2026",="NUR150-C-A3",
="800001940",="Present",="4/6/2026",="NUR150-C-A3",
="800001940",="Present",="4/7/2026",="NUR150-C-A3",
="800001940",="Present",="4/13/2026",="NUR150-C-A3",
="800001940",="Present",="4/14/2026",="NUR150-C-A3",
="800001841",="Present",="4/6/2026",="NUR150-C-A3",
="800001841",="Present",="4/7/2026",="NUR150-C-A3",
="800001841",="Present",="4/13/2026",="NUR150-C-A3",
="800001841",="Present",="4/14/2026",="NUR150-C-A3",
="800001841",="Present",="4/20/2026",="NUR150-C-A3",
="800001841",="Present",="4/21/2026",="NUR150-C-A3",
="800001434",="Present",="4/6/2026",="NUR150-C-A3",
="800001434",="Present",="4/7/2026",="NUR150-C-A3",
="800001434",="Present",="4/13/2026",="NUR150-C-A3",
="800001434",="Present",="4/14/2026",="NUR150-C-A3",
="800001434",="Present",="4/20/2026",="NUR150-C-A3",
="800001434",="Present",="4/21/2026",="NUR150-C-A3",
="800001563",="Present",="4/6/2026",="NUR150-C-A3",
="800001563",="Present",="4/7/2026",="NUR150-C-A3",
="800001563",="Present",="4/13/2026",="NUR150-C-A3",
="800001563",="Present",="4/14/2026",="NUR150-C-A3",
="800001563",="Present",="4/20/2026",="NUR150-C-A3",
="800001563",="Present",="4/21/2026",="NUR150-C-A3",
="800001695",="Present",="4/6/2026",="NUR150-C-A3",
="800001695",="Present",="4/7/2026",="NUR150-C-A3",
="800001695",="Present",="4/13/2026",="NUR150-C-A3",
="800001695",="Present",="4/14/2026",="NUR150-C-A3",
="800001695",="Present",="4/20/2026",="NUR150-C-A3",
="800001695",="Present",="4/21/2026",="NUR150-C-A3",
="800001775",="Present",="3/30/2026",="NUR150-C-A4",
="800001775",="Present",="4/4/2026",="NUR150-C-A4",
="800001775",="Present",="4/6/2026",="NUR150-C-A4",
="800001775",="Present",="4/11/2026",="NUR150-C-A4",
="800001775",="Absent",="4/13/2026",="NUR150-C-A4",
="800001775",="Absent",="4/18/2026",="NUR150-C-A4",
="800001712",="Absent",="3/30/2026",="NUR150-C-A4",
="800001712",="Absent",="4/4/2026",="NUR150-C-A4",
="800001712",="Absent",="4/6/2026",="NUR150-C-A4",
="800001712",="Absent",="4/11/2026",="NUR150-C-A4",
="800001712",="Absent",="4/13/2026",="NUR150-C-A4",
="800001712",="Absent",="4/18/2026",="NUR150-C-A4",
="800001813",="Present",="3/30/2026",="NUR150-C-A4",
="800001813",="Present",="4/4/2026",="NUR150-C-A4",
="800001813",="Present",="4/6/2026",="NUR150-C-A4",
="800001813",="Present",="4/11/2026",="NUR150-C-A4",
="800001813",="Present",="4/13/2026",="NUR150-C-A4",
="800001813",="Present",="4/18/2026",="NUR150-C-A4",
="800001330",="Present",="3/30/2026",="NUR150-C-A4",
="800001330",="Absent",="4/4/2026",="NUR150-C-A4",
="800000952",="Present",="3/30/2026",="NUR150-C-A4",
="800000952",="Present",="4/4/2026",="NUR150-C-A4",
="800000952",="Present",="4/6/2026",="NUR150-C-A4",
="800000952",="Present",="4/11/2026",="NUR150-C-A4",
="800000952",="Present",="4/13/2026",="NUR150-C-A4",
="800000952",="Absent",="4/18/2026",="NUR150-C-A4",
="800001580",="Present",="3/30/2026",="NUR150-C-A4",
="800001580",="Absent",="4/4/2026",="NUR150-C-A4",
="800001580",="Absent",="4/6/2026",="NUR150-C-A4",
="800001580",="Present",="4/11/2026",="NUR150-C-A4",
="800001580",="Present",="4/13/2026",="NUR150-C-A4",
="800001580",="Present",="4/18/2026",="NUR150-C-A4",
="800001625",="Present",="3/30/2026",="NUR150-C-A4",
="800001625",="Present",="4/4/2026",="NUR150-C-A4",
="800001625",="Present",="4/6/2026",="NUR150-C-A4",
="800001625",="Present",="4/11/2026",="NUR150-C-A4",
="800001625",="Present",="4/13/2026",="NUR150-C-A4",
="800001625",="Present",="4/18/2026",="NUR150-C-A4",
="800001711",="Present",="3/30/2026",="NUR150-C-A4",
="800001711",="Present",="4/4/2026",="NUR150-C-A4",
="800001711",="Present",="4/6/2026",="NUR150-C-A4",
="800001711",="Present",="4/11/2026",="NUR150-C-A4",
="800001711",="Present",="4/13/2026",="NUR150-C-A4",
="800001711",="Present",="4/18/2026",="NUR150-C-A4",
="800001644",="Present",="3/29/2026",="NUR150-C-A5",
="800001644",="Present",="4/2/2026",="NUR150-C-A5",
="800001644",="Present",="4/5/2026",="NUR150-C-A5",
="800001644",="Present",="4/9/2026",="NUR150-C-A5",
="800001644",="Present",="4/12/2026",="NUR150-C-A5",
="800001644",="Present",="4/16/2026",="NUR150-C-A5",
="800001655",="Present",="3/29/2026",="NUR150-C-A5",
="800001655",="Present",="4/2/2026",="NUR150-C-A5",
="800001655",="Present",="4/5/2026",="NUR150-C-A5",
="800001655",="Present",="4/9/2026",="NUR150-C-A5",
="800001655",="Present",="4/12/2026",="NUR150-C-A5",
="800001655",="Present",="4/16/2026",="NUR150-C-A5",
="800001803",="Present",="3/29/2026",="NUR150-C-A5",
="800001803",="Present",="4/2/2026",="NUR150-C-A5",
="800001803",="Present",="4/5/2026",="NUR150-C-A5",
="800001803",="Present",="4/9/2026",="NUR150-C-A5",
="800001803",="Present",="4/12/2026",="NUR150-C-A5",
="800001803",="Present",="4/16/2026",="NUR150-C-A5",
="800001789",="Present",="3/29/2026",="NUR150-C-A5",
="800001789",="Present",="4/2/2026",="NUR150-C-A5",
="800001789",="Present",="4/5/2026",="NUR150-C-A5",
="800001789",="Present",="4/9/2026",="NUR150-C-A5",
="800001789",="Present",="4/12/2026",="NUR150-C-A5",
="800001789",="Present",="4/16/2026",="NUR150-C-A5",
="800001761",="Present",="3/29/2026",="NUR150-C-A5",
="800001761",="Present",="4/2/2026",="NUR150-C-A5",
="800001761",="Present",="4/5/2026",="NUR150-C-A5",
="800001761",="Present",="4/9/2026",="NUR150-C-A5",
="800001761",="Present",="4/12/2026",="NUR150-C-A5",
="800001761",="Present",="4/16/2026",="NUR150-C-A5",
="800001735",="Present",="3/29/2026",="NUR150-C-A5",
="800001735",="Present",="4/2/2026",="NUR150-C-A5",
="800001735",="Present",="4/5/2026",="NUR150-C-A5",
="800001735",="Present",="4/9/2026",="NUR150-C-A5",
="800001735",="Present",="4/12/2026",="NUR150-C-A5",
="800001735",="Present",="4/16/2026",="NUR150-C-A5",
="800001197",="Absent",="3/29/2026",="NUR150-C-A5",
="800001197",="Absent",="4/2/2026",="NUR150-C-A5",
="800001197",="No class",="4/5/2026",="NUR150-C-A5",
="800001197",="No class",="4/9/2026",="NUR150-C-A5",
="800001197",="No class",="4/12/2026",="NUR150-C-A5",
="800001197",="No class",="4/16/2026",="NUR150-C-A5",
="800001708",="Absent",="3/29/2026",="NUR150-C-A5",
="800001708",="Absent",="4/2/2026",="NUR150-C-A5",
="800001708",="No class",="4/5/2026",="NUR150-C-A5",
="800001708",="No class",="4/9/2026",="NUR150-C-A5",
="800001708",="No class",="4/12/2026",="NUR150-C-A5",
="800001708",="No class",="4/16/2026",="NUR150-C-A5",
="800001710",="Present",="3/29/2026",="NUR150-C-A5",
="800001710",="Present",="4/2/2026",="NUR150-C-A5",
="800001710",="Present",="4/5/2026",="NUR150-C-A5",
="800001710",="Absent",="4/9/2026",="NUR150-C-A5",
="800001710",="Present",="4/12/2026",="NUR150-C-A5",
="800001710",="Present",="4/16/2026",="NUR150-C-A5",
="800001892",="Present",="3/3/2026",="NUR150-P",
="800001892",="Present",="3/9/2026",="NUR150-P",
="800001892",="Present",="3/10/2026",="NUR150-P",
="800001892",="Present",="3/16/2026",="NUR150-P",
="800001892",="Present",="3/17/2026",="NUR150-P",
="800001892",="Present",="3/23/2026",="NUR150-P",
="800001892",="Present",="3/24/2026",="NUR150-P",
="800001892",="Present",="3/30/2026",="NUR150-P",
="800001892",="Present",="3/31/2026",="NUR150-P",
="800001892",="No class",="4/6/2026",="NUR150-P",
="800001892",="No class",="4/7/2026",="NUR150-P",
="800001892",="Present",="4/13/2026",="NUR150-P",
="800001892",="Present",="4/14/2026",="NUR150-P",
="800001892",="Present",="4/20/2026",="NUR150-P",
="800001892",="Present",="4/21/2026",="NUR150-P",
="800001892",="No class",="3/11/2026",="NUR150-L-P1",
="800001892",="Present",="3/18/2026",="NUR150-L-P1",
="800001892",="Present",="3/25/2026",="NUR150-L-P1",
="800001892",="Present",="4/1/2026",="NUR150-L-P1",
="800001892",="Present",="4/8/2026",="NUR150-L-P1",
="800001613",="Present",="3/2/2026",="HUM 300",
="800001613",="Present",="3/8/2026",="HUM 300",
="800001613",="Present",="3/9/2026",="HUM 300",
="800001613",="Present",="3/15/2026",="HUM 300",
="800001613",="Present",="3/16/2026",="HUM 300",
="800001613",="Present",="3/22/2026",="HUM 300",
="800001613",="Present",="3/23/2026",="HUM 300",
="800001613",="Present",="3/29/2026",="HUM 300",
="800001613",="Present",="3/30/2026",="HUM 300",
="800001613",="Present",="4/5/2026",="HUM 300",
="800001613",="Present",="4/6/2026",="HUM 300",
="800001613",="Present",="4/12/2026",="HUM 300",
="800001613",="Present",="4/13/2026",="HUM 300",
="800001613",="Present",="4/19/2026",="HUM 300",
="800001613",="Present",="4/20/2026",="HUM 300",
="800000289",="Present",="3/2/2026",="HUM 300",
="800000289",="Present",="3/8/2026",="HUM 300",
="800000289",="Present",="3/9/2026",="HUM 300",
="800000289",="Present",="3/15/2026",="HUM 300",
="800000289",="Present",="3/16/2026",="HUM 300",
="800000289",="Present",="3/22/2026",="HUM 300",
="800000289",="Present",="3/23/2026",="HUM 300",
="800000289",="Present",="3/29/2026",="HUM 300",
="800000289",="Present",="3/30/2026",="HUM 300",
="800000289",="Present",="4/5/2026",="HUM 300",
="800000289",="Present",="4/6/2026",="HUM 300",
="800000289",="Present",="4/12/2026",="HUM 300",
="800000289",="Present",="4/13/2026",="HUM 300",
="800000289",="Present",="4/19/2026",="HUM 300",
="800000289",="Present",="4/20/2026",="HUM 300",
="800000461",="Present",="3/2/2026",="HUM 300",
="800000461",="Present",="3/8/2026",="HUM 300",
="800000461",="Present",="3/9/2026",="HUM 300",
="800000461",="Present",="3/15/2026",="HUM 300",
="800000461",="Present",="3/16/2026",="HUM 300",
="800000461",="Present",="3/22/2026",="HUM 300",
="800000461",="Present",="3/23/2026",="HUM 300",
="800000461",="Present",="3/29/2026",="HUM 300",
="800000461",="Present",="3/30/2026",="HUM 300",
="800000461",="Present",="4/5/2026",="HUM 300",
="800000461",="Present",="4/6/2026",="HUM 300",
="800000461",="Present",="4/12/2026",="HUM 300",
="800000461",="Present",="4/13/2026",="HUM 300",
="800000461",="Present",="4/19/2026",="HUM 300",
="800000461",="Present",="4/20/2026",="HUM 300",
="800001775",="Absent",="3/5/2026",="NUR140-P",
="800001775",="Present",="3/12/2026",="NUR140-P",
="800001775",="Present",="3/19/2026",="NUR140-P",
="800001775",="Present",="3/26/2026",="NUR140-P",
="800001775",="Present",="4/2/2026",="NUR140-P",
="800001775",="Present",="4/9/2026",="NUR140-P",
="800001775",="Present",="4/16/2026",="NUR140-P",
="800001775",="Present",="4/23/2026",="NUR140-P",
="800001778",="Absent",="3/5/2026",="NUR140-P",
="800001778",="Present",="3/12/2026",="NUR140-P",
="800001778",="Present",="3/19/2026",="NUR140-P",
="800001778",="Absent",="3/26/2026",="NUR140-P",
="800001778",="Present",="4/2/2026",="NUR140-P",
="800001778",="Present",="4/9/2026",="NUR140-P",
="800001778",="Present",="4/16/2026",="NUR140-P",
="800001778",="Present",="4/23/2026",="NUR140-P",
="800001775",="Present",="4/10/2026",="NUR140 -C-P3",
="800001892",="Present",="3/26/2026",="NUR150-C-A2",
="800001553",="Present",="2/20/2026",="NUR140 -C-P1",
="800001553",="Present",="2/21/2026",="NUR140 -C-P1",
="800001769",="Present",="3/29/2026",="NUR150-C-A5",
="800001769",="Present",="4/2/2026",="NUR150-C-A5",
="800001769",="Present",="4/5/2026",="NUR150-C-A5",
="800001769",="Present",="4/9/2026",="NUR150-C-A5",
="800001769",="Present",="4/12/2026",="NUR150-C-A5",
="800001769",="Present",="4/16/2026",="NUR150-C-A5",
="800001697",="Present",="3/30/2026",="NUR150-C-A4",
="800001697",="Present",="4/4/2026",="NUR150-C-A4",
="800001697",="Present",="4/6/2026",="NUR150-C-A4",
="800001697",="Present",="4/11/2026",="NUR150-C-A4",
="800001697",="Present",="4/13/2026",="NUR150-C-A4",
="800001697",="Present",="4/18/2026",="NUR150-C-A4",
="800001892",="Present",="4/3/2026",="NUR150-C-A1",
="800001892",="Present",="4/4/2026",="NUR150-C-A1",
="800001892",="Absent",="4/10/2026",="NUR150-C-A1",
="800001892",="Absent",="4/11/2026",="NUR150-C-A1",
="800001553",="Present",="3/29/2026",="NUR150-C-A5",
="800001553",="Present",="4/2/2026",="NUR150-C-A5",
="800001553",="Present",="4/5/2026",="NUR150-C-A5",
="800001553",="Present",="4/9/2026",="NUR150-C-A5",
="800001553",="Present",="4/12/2026",="NUR150-C-A5",
="800001553",="Present",="4/16/2026",="NUR150-C-A5",
="800001862",="Present",="3/28/2026",="NUR120-C-P3",
="800001862",="Present",="3/30/2026",="NUR120-C-P3",
="800001862",="Present",="4/4/2026",="NUR120-C-P3",
="800001862",="Present",="4/6/2026",="NUR120-C-P3",
="800001862",="Present",="4/11/2026",="NUR120-C-P3",
="800001862",="Present",="4/18/2026",="NUR120-C-P3",
="800001934",="Present",="3/28/2026",="NUR120-C-P3",
="800001934",="Present",="3/30/2026",="NUR120-C-P3",
="800001934",="Present",="4/4/2026",="NUR120-C-P3",
="800001934",="Present",="4/6/2026",="NUR120-C-P3",
="800001934",="Present",="4/11/2026",="NUR120-C-P3",
="800001934",="Present",="4/18/2026",="NUR120-C-P3",
="800001308",="Present",="3/28/2026",="NUR120-C-P3",
="800001308",="Present",="3/30/2026",="NUR120-C-P3",
="800001308",="Present",="4/4/2026",="NUR120-C-P3",
="800001308",="Present",="4/6/2026",="NUR120-C-P3",
="800001308",="Present",="4/11/2026",="NUR120-C-P3",
="800001308",="Absent",="4/18/2026",="NUR120-C-P3",
="800000348",="Present",="3/28/2026",="NUR120-C-P3",
="800000348",="Present",="3/30/2026",="NUR120-C-P3",
="800000348",="Present",="4/4/2026",="NUR120-C-P3",
="800000348",="Present",="4/6/2026",="NUR120-C-P3",
="800000348",="Present",="4/11/2026",="NUR120-C-P3",
="800000348",="Present",="4/18/2026",="NUR120-C-P3",
="800002062",="Present",="4/18/2026",="NUR100-C-A4",
="800001775",="Present",="4/17/2026",="NUR140-C-P4",
="800001633",="Present",="4/17/2026",="NUR140-C-P4",
="800001633",="Present",="4/18/2026",="NUR140-C-P4",
="800001665",="Present",="4/17/2026",="NUR140-C-P4",
="800001665",="Present",="4/18/2026",="NUR140-C-P4",
="800001778",="Present",="4/17/2026",="NUR140-C-P4",
="800001778",="Absent",="4/18/2026",="NUR140-C-P4",
